# Blender 5.0.1
# www.blender.org
o frame_inner
v -1.562500 0.012500 0.182322
v -1.532322 0.000000 0.182322
v -1.532322 0.000000 0.200000
v -1.564103 0.017678 0.200000
v -1.548483 0.003661 0.182322
v -1.548765 0.004887 0.194398
v -1.532322 0.000000 0.191161
v -1.548213 0.008839 0.200000
v -1.564348 0.015414 0.194883
v 1.532322 0.000000 0.200000
v 1.532322 0.000000 0.182322
v 1.562500 0.012500 0.182322
v 1.564103 0.017678 0.200000
v 1.532322 0.000000 0.194822
v 1.548765 0.004887 0.194856
v 1.548483 0.003661 0.182322
v 1.564348 0.015414 0.194883
v 1.548213 0.008839 0.200000
v 2.887500 1.337500 0.182322
v 2.900000 1.367678 0.182322
v 2.886415 1.339132 0.200000
v 2.896339 1.351517 0.182322
v 2.894558 1.347967 0.192529
v 2.895989 1.351830 0.194850
v 2.887290 1.338095 0.194865
v 2.900000 2.882323 0.182322
v 2.887500 2.912500 0.182322
v 2.886753 2.886753 0.200000
v 2.896339 2.898484 0.182322
v 2.895098 2.896192 0.192529
v 2.889719 2.902536 0.194808
v 2.896054 2.884813 0.194881
v 1.562500 4.237500 0.182322
v 1.532322 4.250000 0.182322
v 1.547396 4.226566 0.200000
v 1.548483 4.246339 0.182322
v 1.548629 4.242963 0.192529
v 1.538950 4.243205 0.194746
v 1.557669 4.234716 0.194810
v -1.532322 4.250000 0.182322
v -1.562500 4.237500 0.182322
v -1.547396 4.226566 0.200000
v -1.548483 4.246339 0.182322
v -1.548629 4.242963 0.192529
v -1.557669 4.234716 0.194810
v -1.538950 4.243205 0.194746
v -2.887500 2.912500 0.182322
v -2.900000 2.882323 0.182322
v -2.886753 2.886753 0.200000
v -2.896339 2.898484 0.182322
v -2.895098 2.896191 0.192529
v -2.896054 2.884813 0.194881
v -2.889719 2.902535 0.194808
v -2.900000 1.367678 0.182322
v -2.887500 1.337500 0.182322
v -2.886415 1.339132 0.200000
v -2.896339 1.351517 0.182322
v -2.894557 1.347967 0.192529
v -2.887290 1.338095 0.194865
v -2.895989 1.351830 0.194850
v -1.562500 0.012500 -0.182322
v -1.564103 0.017678 -0.200000
v -1.532322 0.000000 -0.200000
v -1.532322 0.000000 -0.182322
v -1.564348 0.015414 -0.194883
v -1.548765 0.004887 -0.194398
v -1.548213 0.008839 -0.200000
v -1.532322 0.000000 -0.191161
v -1.548483 0.003661 -0.182322
v 1.562500 0.012500 -0.182322
v 1.532322 0.000000 -0.182322
v 1.532322 0.000000 -0.200000
v 1.564103 0.017678 -0.200000
v 1.548483 0.003661 -0.182322
v 1.548765 0.004887 -0.194856
v 1.532322 0.000000 -0.194822
v 1.548213 0.008839 -0.200000
v 1.564348 0.015414 -0.194883
v 2.900000 1.367678 -0.182322
v 2.887500 1.337500 -0.182322
v 2.886415 1.339132 -0.200000
v 2.896339 1.351517 -0.182322
v 2.894557 1.347967 -0.192529
v 2.887290 1.338095 -0.194865
v 2.895989 1.351830 -0.194850
v 2.887500 2.912500 -0.182322
v 2.900000 2.882323 -0.182322
v 2.886753 2.886753 -0.200000
v 2.896339 2.898484 -0.182322
v 2.895098 2.896191 -0.192529
v 2.896054 2.884813 -0.194881
v 2.889719 2.902536 -0.194808
v 1.532322 4.250000 -0.182322
v 1.562500 4.237500 -0.182322
v 1.547396 4.226566 -0.200000
v 1.548483 4.246339 -0.182322
v 1.548629 4.242963 -0.192529
v 1.557669 4.234716 -0.194810
v 1.538950 4.243205 -0.194746
v -1.562500 4.237500 -0.182322
v -1.532322 4.250000 -0.182322
v -1.547396 4.226566 -0.200000
v -1.548483 4.246339 -0.182322
v -1.548629 4.242963 -0.192529
v -1.538950 4.243205 -0.194746
v -1.557669 4.234716 -0.194810
v -2.900000 2.882323 -0.182322
v -2.887500 2.912500 -0.182322
v -2.886753 2.886753 -0.200000
v -2.896339 2.898484 -0.182322
v -2.895098 2.896192 -0.192529
v -2.889719 2.902535 -0.194808
v -2.896054 2.884813 -0.194881
v -2.887500 1.337500 -0.182322
v -2.900000 1.367678 -0.182322
v -2.886415 1.339132 -0.200000
v -2.896339 1.351517 -0.182322
v -2.894558 1.347967 -0.192529
v -2.895989 1.351830 -0.194850
v -2.887290 1.338095 -0.194865
v -1.500000 0.000000 0.200000
v -1.482322 0.000000 0.182322
v -1.512500 0.012500 0.182322
v -1.521252 0.017678 0.200000
v -1.491161 0.000000 0.191161
v -1.503016 0.005068 0.194398
v -1.498483 0.003661 0.182322
v -1.517919 0.016856 0.194873
v -1.510626 0.008839 0.200000
v 1.512500 0.012500 0.182322
v 1.482322 0.000000 0.182322
v 1.500000 0.000000 0.200000
v 1.521252 0.017678 0.200000
v 1.498483 0.003661 0.182322
v 1.503016 0.005068 0.194398
v 1.491161 0.000000 0.191161
v 1.510626 0.008839 0.200000
v 1.517918 0.016856 0.194873
v 2.650000 1.167678 0.182322
v 2.637500 1.137500 0.182322
v 2.663586 1.160868 0.200000
v 2.646339 1.151517 0.182322
v 2.651210 1.154881 0.192529
v 2.655277 1.154479 0.194832
v 2.654040 1.163886 0.194875
v 2.637500 2.662500 0.182322
v 2.650000 2.632323 0.182322
v 2.663247 2.663247 0.200000
v 2.646339 2.648484 0.182322
v 2.649557 2.652110 0.192529
v 2.653911 2.649639 0.194850
v 2.647465 2.660281 0.194808
v 1.482322 3.800000 0.182322
v 1.512500 3.787500 0.182322
v 1.502604 3.823434 0.200000
v 1.498483 3.796338 0.182322
v 1.498809 3.801710 0.192529
v 1.505052 3.802568 0.194816
v 1.491247 3.806803 0.194754
v -1.512500 3.787500 0.182322
v -1.482322 3.800000 0.182322
v -1.502604 3.823434 0.200000
v -1.498484 3.796339 0.182322
v -1.498809 3.801711 0.192529
v -1.491247 3.806803 0.194754
v -1.505052 3.802568 0.194816
v -2.650000 2.632323 0.182322
v -2.637500 2.662500 0.182322
v -2.663247 2.663247 0.200000
v -2.646339 2.648484 0.182322
v -2.649557 2.652110 0.192529
v -2.647465 2.660281 0.194808
v -2.653911 2.649640 0.194850
v -2.637500 1.137500 0.182322
v -2.650000 1.167678 0.182322
v -2.663586 1.160868 0.200000
v -2.646339 1.151517 0.182322
v -2.651210 1.154881 0.192529
v -2.654040 1.163886 0.194875
v -2.655277 1.154479 0.194832
v -1.512500 0.012500 -0.182322
v -1.482322 0.000000 -0.182322
v -1.500000 0.000000 -0.200000
v -1.521252 0.017678 -0.200000
v -1.498483 0.003661 -0.182322
v -1.503016 0.005068 -0.194398
v -1.491161 0.000000 -0.191161
v -1.510626 0.008839 -0.200000
v -1.517918 0.016856 -0.194873
v 1.512500 0.012500 -0.182322
v 1.521252 0.017678 -0.200000
v 1.500000 0.000000 -0.200000
v 1.482322 0.000000 -0.182322
v 1.517919 0.016856 -0.194873
v 1.503016 0.005068 -0.194398
v 1.510626 0.008839 -0.200000
v 1.491161 0.000000 -0.191161
v 1.498483 0.003661 -0.182322
v 2.650000 1.167678 -0.182322
v 2.663586 1.160868 -0.200000
v 2.637500 1.137500 -0.182322
v 2.654040 1.163886 -0.194875
v 2.651210 1.154881 -0.192529
v 2.655277 1.154479 -0.194832
v 2.646339 1.151517 -0.182322
v 2.637500 2.662500 -0.182322
v 2.663247 2.663247 -0.200000
v 2.650000 2.632323 -0.182322
v 2.647465 2.660281 -0.194808
v 2.649557 2.652110 -0.192529
v 2.653911 2.649640 -0.194850
v 2.646339 2.648484 -0.182322
v 1.482322 3.800000 -0.182322
v 1.502604 3.823434 -0.200000
v 1.512500 3.787500 -0.182322
v 1.491247 3.806803 -0.194754
v 1.498809 3.801711 -0.192529
v 1.505052 3.802568 -0.194816
v 1.498484 3.796339 -0.182322
v -1.512500 3.787500 -0.182322
v -1.502604 3.823434 -0.200000
v -1.482322 3.800000 -0.182322
v -1.505052 3.802568 -0.194816
v -1.498809 3.801711 -0.192529
v -1.491247 3.806803 -0.194754
v -1.498483 3.796338 -0.182322
v -2.650000 2.632323 -0.182322
v -2.663247 2.663247 -0.200000
v -2.637500 2.662500 -0.182322
v -2.653911 2.649639 -0.194850
v -2.649557 2.652110 -0.192529
v -2.647465 2.660281 -0.194808
v -2.646339 2.648484 -0.182322
v -2.637500 1.137500 -0.182322
v -2.663586 1.160868 -0.200000
v -2.650000 1.167678 -0.182322
v -2.655277 1.154479 -0.194832
v -2.651210 1.154881 -0.192529
v -2.654040 1.163886 -0.194875
v -2.646339 1.151517 -0.182322
v -1.562500 0.012500 -4.817678
v -1.532322 0.000000 -4.817678
v -1.532322 0.000000 -4.800000
v -1.564103 0.017678 -4.800000
v -1.548483 0.003661 -4.817678
v -1.548765 0.004887 -4.805602
v -1.532322 0.000000 -4.808839
v -1.548213 0.008839 -4.800000
v -1.564349 0.015414 -4.805116
v 1.532322 0.000000 -4.800000
v 1.532322 0.000000 -4.817678
v 1.562500 0.012500 -4.817678
v 1.564103 0.017678 -4.800000
v 1.532322 0.000000 -4.805177
v 1.548765 0.004887 -4.805144
v 1.548483 0.003661 -4.817678
v 1.564349 0.015414 -4.805116
v 1.548213 0.008839 -4.800000
v 2.887500 1.337500 -4.817678
v 2.900000 1.367678 -4.817678
v 2.886415 1.339132 -4.800000
v 2.896339 1.351517 -4.817678
v 2.894558 1.347967 -4.807472
v 2.895989 1.351830 -4.805150
v 2.887290 1.338095 -4.805135
v 2.900000 2.882323 -4.817678
v 2.887500 2.912500 -4.817678
v 2.886753 2.886753 -4.800000
v 2.896339 2.898484 -4.817678
v 2.895098 2.896192 -4.807472
v 2.889719 2.902535 -4.805192
v 2.896054 2.884813 -4.805118
v 1.562500 4.237500 -4.817678
v 1.532322 4.250000 -4.817678
v 1.547396 4.226566 -4.800000
v 1.548483 4.246339 -4.817678
v 1.548629 4.242963 -4.807472
v 1.538951 4.243205 -4.805254
v 1.557669 4.234716 -4.805190
v -1.532322 4.250000 -4.817678
v -1.562500 4.237500 -4.817678
v -1.547396 4.226566 -4.800000
v -1.548483 4.246339 -4.817678
v -1.548629 4.242963 -4.807472
v -1.557669 4.234716 -4.805190
v -1.538950 4.243204 -4.805254
v -2.887500 2.912500 -4.817678
v -2.900000 2.882323 -4.817678
v -2.886753 2.886753 -4.800000
v -2.896339 2.898484 -4.817678
v -2.895098 2.896191 -4.807472
v -2.896054 2.884813 -4.805119
v -2.889719 2.902535 -4.805191
v -2.900000 1.367678 -4.817678
v -2.887500 1.337500 -4.817678
v -2.886415 1.339132 -4.800000
v -2.896339 1.351517 -4.817678
v -2.894557 1.347967 -4.807472
v -2.887290 1.338095 -4.805135
v -2.895989 1.351830 -4.805150
v -1.562500 0.012500 -5.182322
v -1.564103 0.017678 -5.200000
v -1.532322 0.000000 -5.200000
v -1.532322 0.000000 -5.182322
v -1.564349 0.015414 -5.194884
v -1.548765 0.004887 -5.194398
v -1.548213 0.008839 -5.200000
v -1.532322 0.000000 -5.191161
v -1.548483 0.003661 -5.182322
v 1.562500 0.012500 -5.182322
v 1.532322 0.000000 -5.182322
v 1.532322 0.000000 -5.200000
v 1.564103 0.017678 -5.200000
v 1.548483 0.003661 -5.182322
v 1.548765 0.004887 -5.194856
v 1.532322 0.000000 -5.194823
v 1.548213 0.008839 -5.200000
v 1.564349 0.015414 -5.194884
v 2.900000 1.367678 -5.182322
v 2.887500 1.337500 -5.182322
v 2.886415 1.339132 -5.200000
v 2.896339 1.351517 -5.182322
v 2.894557 1.347967 -5.192529
v 2.887290 1.338095 -5.194865
v 2.895989 1.351830 -5.194850
v 2.887500 2.912500 -5.182322
v 2.900000 2.882323 -5.182322
v 2.886753 2.886753 -5.200000
v 2.896339 2.898484 -5.182322
v 2.895098 2.896191 -5.192529
v 2.896054 2.884813 -5.194882
v 2.889719 2.902535 -5.194808
v 1.532322 4.250000 -5.182322
v 1.562500 4.237500 -5.182322
v 1.547396 4.226566 -5.200000
v 1.548483 4.246339 -5.182322
v 1.548629 4.242963 -5.192529
v 1.557669 4.234716 -5.194810
v 1.538950 4.243205 -5.194746
v -1.562500 4.237500 -5.182322
v -1.532322 4.250000 -5.182322
v -1.547396 4.226566 -5.200000
v -1.548483 4.246339 -5.182322
v -1.548629 4.242963 -5.192529
v -1.538950 4.243205 -5.194746
v -1.557669 4.234716 -5.194810
v -2.900000 2.882323 -5.182322
v -2.887500 2.912500 -5.182322
v -2.886753 2.886753 -5.200000
v -2.896339 2.898484 -5.182322
v -2.895098 2.896192 -5.192529
v -2.889719 2.902535 -5.194808
v -2.896054 2.884813 -5.194881
v -2.887500 1.337500 -5.182322
v -2.900000 1.367678 -5.182322
v -2.886415 1.339132 -5.200000
v -2.896339 1.351517 -5.182322
v -2.894558 1.347967 -5.192529
v -2.895989 1.351830 -5.194851
v -2.887290 1.338095 -5.194865
v -1.500000 0.000000 -4.800000
v -1.482322 0.000000 -4.817678
v -1.512500 0.012500 -4.817678
v -1.521252 0.017678 -4.800000
v -1.491161 0.000000 -4.808839
v -1.503016 0.005068 -4.805602
v -1.498483 0.003661 -4.817678
v -1.517919 0.016856 -4.805126
v -1.510626 0.008839 -4.800000
v 1.512500 0.012500 -4.817678
v 1.482322 0.000000 -4.817678
v 1.500000 0.000000 -4.800000
v 1.521252 0.017678 -4.800000
v 1.498483 0.003661 -4.817678
v 1.503016 0.005068 -4.805602
v 1.491161 0.000000 -4.808839
v 1.510626 0.008839 -4.800000
v 1.517919 0.016856 -4.805126
v 2.650000 1.167678 -4.817678
v 2.637500 1.137500 -4.817678
v 2.663586 1.160868 -4.800000
v 2.646339 1.151517 -4.817678
v 2.651210 1.154881 -4.807472
v 2.655278 1.154480 -4.805168
v 2.654040 1.163886 -4.805125
v 2.637500 2.662500 -4.817678
v 2.650000 2.632323 -4.817678
v 2.663247 2.663247 -4.800000
v 2.646339 2.648484 -4.817678
v 2.649557 2.652110 -4.807472
v 2.653911 2.649641 -4.805150
v 2.647465 2.660281 -4.805191
v 1.482322 3.800000 -4.817678
v 1.512500 3.787500 -4.817678
v 1.502604 3.823434 -4.800000
v 1.498483 3.796338 -4.817678
v 1.498809 3.801710 -4.807472
v 1.505052 3.802568 -4.805184
v 1.491247 3.806803 -4.805246
v -1.512500 3.787500 -4.817678
v -1.482322 3.800000 -4.817678
v -1.502604 3.823434 -4.800000
v -1.498484 3.796339 -4.817678
v -1.498809 3.801711 -4.807472
v -1.491248 3.806803 -4.805246
v -1.505052 3.802568 -4.805183
v -2.650000 2.632323 -4.817678
v -2.637500 2.662500 -4.817678
v -2.663247 2.663247 -4.800000
v -2.646339 2.648484 -4.817678
v -2.649557 2.652110 -4.807472
v -2.647465 2.660281 -4.805191
v -2.653911 2.649641 -4.805150
v -2.637500 1.137500 -4.817678
v -2.650000 1.167678 -4.817678
v -2.663586 1.160868 -4.800000
v -2.646339 1.151517 -4.817678
v -2.651210 1.154881 -4.807472
v -2.654039 1.163886 -4.805125
v -2.655277 1.154480 -4.805168
v -1.512500 0.012500 -5.182322
v -1.482322 0.000000 -5.182322
v -1.500000 0.000000 -5.200000
v -1.521252 0.017678 -5.200000
v -1.498483 0.003661 -5.182322
v -1.503016 0.005068 -5.194398
v -1.491161 0.000000 -5.191161
v -1.510626 0.008839 -5.200000
v -1.517919 0.016856 -5.194874
v 1.512500 0.012500 -5.182322
v 1.521252 0.017678 -5.200000
v 1.500000 0.000000 -5.200000
v 1.482322 0.000000 -5.182322
v 1.517919 0.016856 -5.194874
v 1.503016 0.005068 -5.194398
v 1.510626 0.008839 -5.200000
v 1.491161 0.000000 -5.191161
v 1.498483 0.003661 -5.182322
v 2.650000 1.167678 -5.182322
v 2.663586 1.160868 -5.200000
v 2.637500 1.137500 -5.182322
v 2.654039 1.163886 -5.194875
v 2.651210 1.154881 -5.192529
v 2.655277 1.154480 -5.194832
v 2.646339 1.151517 -5.182322
v 2.637500 2.662500 -5.182322
v 2.663247 2.663247 -5.200000
v 2.650000 2.632323 -5.182322
v 2.647465 2.660281 -5.194808
v 2.649557 2.652110 -5.192529
v 2.653911 2.649641 -5.194850
v 2.646339 2.648484 -5.182322
v 1.482322 3.800000 -5.182322
v 1.502604 3.823434 -5.200000
v 1.512500 3.787500 -5.182322
v 1.491247 3.806803 -5.194755
v 1.498809 3.801711 -5.192529
v 1.505052 3.802568 -5.194817
v 1.498484 3.796339 -5.182322
v -1.512500 3.787500 -5.182322
v -1.502604 3.823434 -5.200000
v -1.482322 3.800000 -5.182322
v -1.505052 3.802569 -5.194817
v -1.498809 3.801711 -5.192529
v -1.491248 3.806803 -5.194754
v -1.498483 3.796338 -5.182322
v -2.650000 2.632323 -5.182322
v -2.663247 2.663247 -5.200000
v -2.637500 2.662500 -5.182322
v -2.653911 2.649641 -5.194850
v -2.649557 2.652110 -5.192529
v -2.647465 2.660281 -5.194808
v -2.646339 2.648484 -5.182322
v -2.637500 1.137500 -5.182322
v -2.663586 1.160868 -5.200000
v -2.650000 1.167678 -5.182322
v -2.655278 1.154480 -5.194832
v -2.651210 1.154881 -5.192529
v -2.654040 1.163886 -5.194875
v -2.646339 1.151517 -5.182322
v -1.562500 0.012500 -9.817677
v -1.532322 0.000000 -9.817677
v -1.532322 0.000000 -9.800000
v -1.564103 0.017678 -9.800000
v -1.548483 0.003661 -9.817677
v -1.548765 0.004887 -9.805601
v -1.532322 0.000000 -9.808839
v -1.548213 0.008839 -9.800000
v -1.564349 0.015414 -9.805117
v 1.532322 0.000000 -9.800000
v 1.532322 0.000000 -9.817677
v 1.562500 0.012500 -9.817677
v 1.564103 0.017678 -9.800000
v 1.532322 0.000000 -9.805178
v 1.548765 0.004887 -9.805143
v 1.548483 0.003661 -9.817677
v 1.564348 0.015414 -9.805117
v 1.548213 0.008839 -9.800000
v 2.887500 1.337500 -9.817677
v 2.900000 1.367678 -9.817677
v 2.886415 1.339132 -9.800000
v 2.896339 1.351517 -9.817677
v 2.894558 1.347967 -9.807472
v 2.895989 1.351830 -9.805151
v 2.887290 1.338095 -9.805135
v 2.900000 2.882323 -9.817677
v 2.887500 2.912500 -9.817677
v 2.886753 2.886753 -9.800000
v 2.896339 2.898484 -9.817677
v 2.895098 2.896192 -9.807472
v 2.889719 2.902536 -9.805192
v 2.896054 2.884813 -9.805119
v 1.562500 4.237500 -9.817677
v 1.532322 4.250000 -9.817677
v 1.547396 4.226566 -9.800000
v 1.548483 4.246339 -9.817677
v 1.548629 4.242963 -9.807472
v 1.538950 4.243205 -9.805254
v 1.557669 4.234717 -9.805190
v -1.532322 4.250000 -9.817677
v -1.562500 4.237500 -9.817677
v -1.547396 4.226566 -9.800000
v -1.548483 4.246339 -9.817677
v -1.548629 4.242963 -9.807472
v -1.557669 4.234717 -9.805190
v -1.538950 4.243204 -9.805253
v -2.887500 2.912500 -9.817677
v -2.900000 2.882323 -9.817677
v -2.886753 2.886753 -9.800000
v -2.896339 2.898484 -9.817677
v -2.895098 2.896191 -9.807472
v -2.896054 2.884813 -9.805119
v -2.889719 2.902535 -9.805192
v -2.900000 1.367678 -9.817677
v -2.887500 1.337500 -9.817677
v -2.886415 1.339132 -9.800000
v -2.896339 1.351517 -9.817677
v -2.894557 1.347967 -9.807472
v -2.887290 1.338095 -9.805136
v -2.895989 1.351830 -9.805150
v -1.562500 0.012500 -10.182323
v -1.564103 0.017678 -10.200000
v -1.532322 0.000000 -10.200000
v -1.532322 0.000000 -10.182323
v -1.564348 0.015414 -10.194883
v -1.548765 0.004887 -10.194399
v -1.548213 0.008839 -10.200000
v -1.532322 0.000000 -10.191161
v -1.548483 0.003661 -10.182323
v 1.562500 0.012500 -10.182323
v 1.532322 0.000000 -10.182323
v 1.532322 0.000000 -10.200000
v 1.564103 0.017678 -10.200000
v 1.548483 0.003661 -10.182323
v 1.548765 0.004887 -10.194857
v 1.532322 0.000000 -10.194822
v 1.548213 0.008839 -10.200000
v 1.564349 0.015414 -10.194883
v 2.900000 1.367678 -10.182323
v 2.887500 1.337500 -10.182323
v 2.886415 1.339132 -10.200000
v 2.896339 1.351517 -10.182323
v 2.894557 1.347967 -10.192529
v 2.887290 1.338095 -10.194865
v 2.895989 1.351830 -10.194849
v 2.887500 2.912500 -10.182323
v 2.900000 2.882323 -10.182323
v 2.886753 2.886753 -10.200000
v 2.896339 2.898484 -10.182323
v 2.895098 2.896191 -10.192529
v 2.896054 2.884813 -10.194881
v 2.889719 2.902536 -10.194808
v 1.532322 4.250000 -10.182323
v 1.562500 4.237500 -10.182323
v 1.547396 4.226566 -10.200000
v 1.548483 4.246339 -10.182323
v 1.548629 4.242963 -10.192529
v 1.557669 4.234717 -10.194810
v 1.538950 4.243204 -10.194746
v -1.562500 4.237500 -10.182323
v -1.532322 4.250000 -10.182323
v -1.547396 4.226566 -10.200000
v -1.548483 4.246339 -10.182323
v -1.548629 4.242963 -10.192529
v -1.538950 4.243205 -10.194746
v -1.557669 4.234717 -10.194810
v -2.900000 2.882323 -10.182323
v -2.887500 2.912500 -10.182323
v -2.886753 2.886753 -10.200000
v -2.896339 2.898484 -10.182323
v -2.895098 2.896192 -10.192529
v -2.889719 2.902535 -10.194808
v -2.896054 2.884813 -10.194881
v -2.887500 1.337500 -10.182323
v -2.900000 1.367678 -10.182323
v -2.886415 1.339132 -10.200000
v -2.896339 1.351517 -10.182323
v -2.894558 1.347967 -10.192529
v -2.895989 1.351830 -10.194850
v -2.887290 1.338095 -10.194864
v -1.500000 0.000000 -9.800000
v -1.482322 0.000000 -9.817677
v -1.512500 0.012500 -9.817677
v -1.521252 0.017678 -9.800000
v -1.491161 0.000000 -9.808839
v -1.503016 0.005068 -9.805601
v -1.498483 0.003661 -9.817677
v -1.517919 0.016856 -9.805126
v -1.510626 0.008839 -9.800000
v 1.512500 0.012500 -9.817677
v 1.482322 0.000000 -9.817677
v 1.500000 0.000000 -9.800000
v 1.521252 0.017678 -9.800000
v 1.498483 0.003661 -9.817677
v 1.503473 0.005068 -9.805143
v 1.494822 0.000000 -9.805178
v 1.510626 0.008839 -9.800000
v 1.517918 0.016856 -9.805126
v 2.650000 1.167678 -9.817677
v 2.637500 1.137500 -9.817677
v 2.663586 1.160868 -9.800000
v 2.646339 1.151517 -9.817677
v 2.651210 1.154881 -9.807472
v 2.655277 1.154480 -9.805169
v 2.654039 1.163886 -9.805125
v 2.637500 2.662500 -9.817677
v 2.650000 2.632323 -9.817677
v 2.663247 2.663247 -9.800000
v 2.646339 2.648484 -9.817677
v 2.649557 2.652110 -9.807472
v 2.653911 2.649639 -9.805150
v 2.647465 2.660281 -9.805191
v 1.482322 3.800000 -9.817677
v 1.512500 3.787500 -9.817677
v 1.502604 3.823434 -9.800000
v 1.498483 3.796338 -9.817677
v 1.498809 3.801710 -9.807472
v 1.505052 3.802568 -9.805184
v 1.491247 3.806803 -9.805245
v -1.512500 3.787500 -9.817677
v -1.482322 3.800000 -9.817677
v -1.502604 3.823434 -9.800000
v -1.498484 3.796339 -9.817677
v -1.498809 3.801711 -9.807472
v -1.491247 3.806803 -9.805245
v -1.505052 3.802568 -9.805184
v -2.650000 2.632323 -9.817677
v -2.637500 2.662500 -9.817677
v -2.663247 2.663247 -9.800000
v -2.646339 2.648484 -9.817677
v -2.649557 2.652110 -9.807472
v -2.647465 2.660281 -9.805192
v -2.653911 2.649640 -9.805150
v -2.637500 1.137500 -9.817677
v -2.650000 1.167678 -9.817677
v -2.663586 1.160868 -9.800000
v -2.646339 1.151517 -9.817677
v -2.651210 1.154881 -9.807472
v -2.654040 1.163886 -9.805125
v -2.655277 1.154480 -9.805168
v -1.512500 0.012500 -10.182323
v -1.482322 0.000000 -10.182323
v -1.500000 0.000000 -10.200000
v -1.521252 0.017678 -10.200000
v -1.498483 0.003661 -10.182323
v -1.503016 0.005068 -10.194399
v -1.491161 0.000000 -10.191161
v -1.510626 0.008839 -10.200000
v -1.517918 0.016856 -10.194873
v 1.512500 0.012500 -10.182323
v 1.521252 0.017678 -10.200000
v 1.500000 0.000000 -10.200000
v 1.482322 0.000000 -10.182323
v 1.517919 0.016856 -10.194874
v 1.503016 0.005068 -10.194399
v 1.510626 0.008839 -10.200000
v 1.491161 0.000000 -10.191161
v 1.498483 0.003661 -10.182323
v 2.650000 1.167678 -10.182323
v 2.663586 1.160868 -10.200000
v 2.637500 1.137500 -10.182323
v 2.654039 1.163886 -10.194875
v 2.651210 1.154881 -10.192529
v 2.655277 1.154480 -10.194832
v 2.646339 1.151517 -10.182323
v 2.637500 2.662500 -10.182323
v 2.663247 2.663247 -10.200000
v 2.650000 2.632323 -10.182323
v 2.647465 2.660281 -10.194809
v 2.649557 2.652110 -10.192529
v 2.653911 2.649640 -10.194850
v 2.646339 2.648484 -10.182323
v 1.482322 3.800000 -10.182323
v 1.502604 3.823434 -10.200000
v 1.512500 3.787500 -10.182323
v 1.491247 3.806803 -10.194755
v 1.498809 3.801711 -10.192529
v 1.505052 3.802568 -10.194817
v 1.498484 3.796339 -10.182323
v -1.512500 3.787500 -10.182323
v -1.502604 3.823434 -10.200000
v -1.482322 3.800000 -10.182323
v -1.505052 3.802568 -10.194816
v -1.498809 3.801711 -10.192529
v -1.491247 3.806803 -10.194754
v -1.498483 3.796338 -10.182322
v -2.650000 2.632323 -10.182323
v -2.663247 2.663247 -10.200000
v -2.637500 2.662500 -10.182323
v -2.653911 2.649639 -10.194850
v -2.649557 2.652110 -10.192529
v -2.647465 2.660281 -10.194808
v -2.646339 2.648484 -10.182323
v -2.637500 1.137500 -10.182323
v -2.663586 1.160868 -10.200000
v -2.650000 1.167678 -10.182323
v -2.655277 1.154480 -10.194832
v -2.651210 1.154881 -10.192529
v -2.654039 1.163886 -10.194874
v -2.646339 1.151517 -10.182323
v -1.562500 0.012500 -14.817677
v -1.532322 0.000000 -14.817677
v -1.532322 0.000000 -14.800000
v -1.564103 0.017678 -14.800000
v -1.548483 0.003661 -14.817677
v -1.548765 0.004887 -14.805602
v -1.532322 0.000000 -14.808839
v -1.548213 0.008839 -14.800000
v -1.564349 0.015414 -14.805117
v 1.532322 0.000000 -14.800000
v 1.532322 0.000000 -14.817677
v 1.562500 0.012500 -14.817677
v 1.564103 0.017678 -14.800000
v 1.532322 0.000000 -14.805178
v 1.548765 0.004887 -14.805144
v 1.548483 0.003661 -14.817677
v 1.564348 0.015414 -14.805117
v 1.548213 0.008839 -14.800000
v 2.887500 1.337500 -14.817677
v 2.900000 1.367678 -14.817677
v 2.886415 1.339132 -14.800000
v 2.896339 1.351517 -14.817677
v 2.894558 1.347967 -14.807471
v 2.895989 1.351830 -14.805150
v 2.887290 1.338095 -14.805136
v 2.900000 2.882323 -14.817677
v 2.887500 2.912500 -14.817677
v 2.886753 2.886753 -14.800000
v 2.896339 2.898484 -14.817677
v 2.895098 2.896192 -14.807471
v 2.889719 2.902536 -14.805192
v 2.896054 2.884813 -14.805119
v 1.562500 4.237500 -14.817677
v 1.532322 4.250000 -14.817677
v 1.547396 4.226566 -14.800000
v 1.548483 4.246339 -14.817677
v 1.548629 4.242963 -14.807471
v 1.538950 4.243205 -14.805254
v 1.557669 4.234717 -14.805190
v -1.532322 4.250000 -14.817677
v -1.562500 4.237500 -14.817677
v -1.547396 4.226566 -14.800000
v -1.548483 4.246339 -14.817677
v -1.548629 4.242963 -14.807471
v -1.557669 4.234717 -14.805190
v -1.538950 4.243204 -14.805254
v -2.887500 2.912500 -14.817677
v -2.900000 2.882323 -14.817677
v -2.886753 2.886753 -14.800000
v -2.896339 2.898484 -14.817677
v -2.895098 2.896191 -14.807471
v -2.896054 2.884813 -14.805118
v -2.889719 2.902535 -14.805192
v -2.900000 1.367678 -14.817677
v -2.887500 1.337500 -14.817677
v -2.886415 1.339132 -14.800000
v -2.896339 1.351517 -14.817677
v -2.894557 1.347967 -14.807471
v -2.887290 1.338095 -14.805136
v -2.895989 1.351830 -14.805150
v -1.562500 0.012500 -15.182323
v -1.564103 0.017678 -15.200000
v -1.532322 0.000000 -15.200000
v -1.532322 0.000000 -15.182323
v -1.564348 0.015414 -15.194883
v -1.548765 0.004887 -15.194399
v -1.548213 0.008839 -15.200000
v -1.532322 0.000000 -15.191161
v -1.548483 0.003661 -15.182323
v 1.562500 0.012500 -15.182323
v 1.532322 0.000000 -15.182323
v 1.532322 0.000000 -15.200000
v 1.564103 0.017678 -15.200000
v 1.548483 0.003661 -15.182323
v 1.548765 0.004887 -15.194856
v 1.532322 0.000000 -15.194822
v 1.548213 0.008839 -15.200000
v 1.564349 0.015414 -15.194883
v 2.900000 1.367678 -15.182323
v 2.887500 1.337500 -15.182323
v 2.886415 1.339132 -15.200000
v 2.896339 1.351517 -15.182323
v 2.894557 1.347967 -15.192530
v 2.887290 1.338095 -15.194865
v 2.895989 1.351830 -15.194849
v 2.887500 2.912500 -15.182323
v 2.900000 2.882323 -15.182323
v 2.886753 2.886753 -15.200000
v 2.896339 2.898484 -15.182323
v 2.895098 2.896191 -15.192530
v 2.896054 2.884813 -15.194880
v 2.889719 2.902536 -15.194808
v 1.532322 4.250000 -15.182323
v 1.562500 4.237500 -15.182323
v 1.547396 4.226566 -15.200000
v 1.548483 4.246339 -15.182323
v 1.548629 4.242963 -15.192530
v 1.557669 4.234717 -15.194810
v 1.538950 4.243204 -15.194746
v -1.562500 4.237500 -15.182323
v -1.532322 4.250000 -15.182323
v -1.547396 4.226566 -15.200000
v -1.548483 4.246339 -15.182323
v -1.548629 4.242963 -15.192530
v -1.538950 4.243205 -15.194746
v -1.557669 4.234717 -15.194809
v -2.900000 2.882323 -15.182323
v -2.887500 2.912500 -15.182323
v -2.886753 2.886753 -15.200000
v -2.896339 2.898484 -15.182323
v -2.895098 2.896192 -15.192530
v -2.889719 2.902535 -15.194808
v -2.896054 2.884813 -15.194881
v -2.887500 1.337500 -15.182323
v -2.900000 1.367678 -15.182323
v -2.886415 1.339132 -15.200000
v -2.896339 1.351517 -15.182323
v -2.894558 1.347967 -15.192530
v -2.895989 1.351830 -15.194850
v -2.887290 1.338095 -15.194864
v -1.500000 0.000000 -14.800000
v -1.482322 0.000000 -14.817677
v -1.512500 0.012500 -14.817677
v -1.521252 0.017678 -14.800000
v -1.491161 0.000000 -14.808839
v -1.503016 0.005068 -14.805602
v -1.498483 0.003661 -14.817677
v -1.517919 0.016856 -14.805126
v -1.510626 0.008839 -14.800000
v 1.512500 0.012500 -14.817677
v 1.482322 0.000000 -14.817677
v 1.500000 0.000000 -14.800000
v 1.521252 0.017678 -14.800000
v 1.498483 0.003661 -14.817677
v 1.503473 0.005068 -14.805144
v 1.494822 0.000000 -14.805178
v 1.510626 0.008839 -14.800000
v 1.517918 0.016856 -14.805126
v 2.650000 1.167678 -14.817677
v 2.637500 1.137500 -14.817677
v 2.663586 1.160868 -14.800000
v 2.646339 1.151517 -14.817677
v 2.651210 1.154881 -14.807471
v 2.655277 1.154480 -14.805168
v 2.654039 1.163886 -14.805125
v 2.637500 2.662500 -14.817677
v 2.650000 2.632323 -14.817677
v 2.663247 2.663247 -14.800000
v 2.646339 2.648484 -14.817677
v 2.649557 2.652110 -14.807471
v 2.653911 2.649639 -14.805151
v 2.647465 2.660281 -14.805192
v 1.482322 3.800000 -14.817677
v 1.512500 3.787500 -14.817677
v 1.502604 3.823434 -14.800000
v 1.498483 3.796338 -14.817677
v 1.498809 3.801710 -14.807471
v 1.505052 3.802568 -14.805184
v 1.491247 3.806803 -14.805246
v -1.512500 3.787500 -14.817677
v -1.482322 3.800000 -14.817677
v -1.502604 3.823434 -14.800000
v -1.498484 3.796339 -14.817677
v -1.498809 3.801711 -14.807471
v -1.491247 3.806803 -14.805246
v -1.505052 3.802568 -14.805184
v -2.650000 2.632323 -14.817677
v -2.637500 2.662500 -14.817677
v -2.663247 2.663247 -14.800000
v -2.646339 2.648484 -14.817677
v -2.649557 2.652110 -14.807471
v -2.647465 2.660281 -14.805192
v -2.653911 2.649640 -14.805150
v -2.637500 1.137500 -14.817677
v -2.650000 1.167678 -14.817677
v -2.663586 1.160868 -14.800000
v -2.646339 1.151517 -14.817677
v -2.651210 1.154881 -14.807471
v -2.654040 1.163886 -14.805125
v -2.655277 1.154480 -14.805168
v -1.512500 0.012500 -15.182323
v -1.482322 0.000000 -15.182323
v -1.500000 0.000000 -15.200000
v -1.521252 0.017678 -15.200000
v -1.498483 0.003661 -15.182323
v -1.503016 0.005068 -15.194398
v -1.491161 0.000000 -15.191161
v -1.510626 0.008839 -15.200000
v -1.517918 0.016856 -15.194874
v 1.512500 0.012500 -15.182323
v 1.521252 0.017678 -15.200000
v 1.500000 0.000000 -15.200000
v 1.482322 0.000000 -15.182323
v 1.517919 0.016856 -15.194874
v 1.503016 0.005068 -15.194399
v 1.510626 0.008839 -15.200000
v 1.491161 0.000000 -15.191161
v 1.498483 0.003661 -15.182323
v 2.650000 1.167678 -15.182323
v 2.663586 1.160868 -15.200000
v 2.637500 1.137500 -15.182323
v 2.654039 1.163886 -15.194875
v 2.651210 1.154881 -15.192530
v 2.655277 1.154480 -15.194832
v 2.646339 1.151517 -15.182323
v 2.637500 2.662500 -15.182323
v 2.663247 2.663247 -15.200000
v 2.650000 2.632323 -15.182323
v 2.647465 2.660281 -15.194809
v 2.649557 2.652110 -15.192530
v 2.653911 2.649640 -15.194850
v 2.646339 2.648484 -15.182323
v 1.482322 3.800000 -15.182323
v 1.502604 3.823434 -15.200000
v 1.512500 3.787500 -15.182323
v 1.491247 3.806803 -15.194754
v 1.498809 3.801711 -15.192530
v 1.505052 3.802568 -15.194816
v 1.498484 3.796339 -15.182323
v -1.512500 3.787500 -15.182323
v -1.502604 3.823434 -15.200000
v -1.482322 3.800000 -15.182323
v -1.505052 3.802568 -15.194816
v -1.498809 3.801711 -15.192530
v -1.491247 3.806803 -15.194753
v -1.498483 3.796338 -15.182322
v -2.650000 2.632323 -15.182323
v -2.663247 2.663247 -15.200000
v -2.637500 2.662500 -15.182323
v -2.653911 2.649639 -15.194850
v -2.649557 2.652110 -15.192530
v -2.647465 2.660281 -15.194808
v -2.646339 2.648484 -15.182323
v -2.637500 1.137500 -15.182323
v -2.663586 1.160868 -15.200000
v -2.650000 1.167678 -15.182323
v -2.655277 1.154480 -15.194831
v -2.651210 1.154881 -15.192530
v -2.654039 1.163886 -15.194874
v -2.646339 1.151517 -15.182323
v -1.562500 0.012500 -19.817677
v -1.532322 0.000000 -19.817677
v -1.532322 0.000000 -19.799999
v -1.564103 0.017678 -19.799999
v -1.548483 0.003661 -19.817677
v -1.548764 0.004887 -19.805603
v -1.532322 0.000000 -19.808838
v -1.548213 0.008839 -19.799999
v -1.564348 0.015414 -19.805117
v 1.532322 0.000000 -19.799999
v 1.532322 0.000000 -19.817677
v 1.562500 0.012500 -19.817677
v 1.564103 0.017678 -19.799999
v 1.532322 0.000000 -19.805178
v 1.548764 0.004887 -19.805145
v 1.548483 0.003661 -19.817677
v 1.564348 0.015414 -19.805117
v 1.548213 0.008839 -19.799999
v 2.887500 1.337500 -19.817677
v 2.900000 1.367678 -19.817677
v 2.886415 1.339132 -19.799999
v 2.896339 1.351517 -19.817677
v 2.894558 1.347967 -19.807472
v 2.895989 1.351831 -19.805149
v 2.887290 1.338095 -19.805134
v 2.900000 2.882323 -19.817677
v 2.887500 2.912500 -19.817677
v 2.886753 2.886753 -19.799999
v 2.896339 2.898484 -19.817677
v 2.895098 2.896191 -19.807472
v 2.889719 2.902536 -19.805191
v 2.896054 2.884813 -19.805119
v 1.562500 4.237500 -19.817677
v 1.532322 4.250000 -19.817677
v 1.547396 4.226566 -19.799999
v 1.548483 4.246339 -19.817677
v 1.548629 4.242963 -19.807472
v 1.538950 4.243204 -19.805254
v 1.557669 4.234716 -19.805189
v -1.532322 4.250000 -19.817677
v -1.562500 4.237500 -19.817677
v -1.547396 4.226566 -19.799999
v -1.548483 4.246339 -19.817677
v -1.548629 4.242963 -19.807472
v -1.557669 4.234717 -19.805191
v -1.538950 4.243204 -19.805254
v -2.887500 2.912500 -19.817677
v -2.900000 2.882323 -19.817677
v -2.886753 2.886753 -19.799999
v -2.896339 2.898484 -19.817677
v -2.895098 2.896191 -19.807472
v -2.896054 2.884813 -19.805120
v -2.889719 2.902536 -19.805191
v -2.900000 1.367678 -19.817677
v -2.887500 1.337500 -19.817677
v -2.886415 1.339132 -19.799999
v -2.896339 1.351517 -19.817677
v -2.894557 1.347967 -19.807472
v -2.887290 1.338095 -19.805136
v -2.895989 1.351831 -19.805151
v -1.562500 0.012500 -20.182323
v -1.564103 0.017678 -20.200001
v -1.532322 0.000000 -20.200001
v -1.532322 0.000000 -20.182323
v -1.564348 0.015414 -20.194883
v -1.548764 0.004887 -20.194397
v -1.548213 0.008839 -20.200001
v -1.532322 0.000000 -20.191162
v -1.548483 0.003661 -20.182323
v 1.562500 0.012500 -20.182323
v 1.532322 0.000000 -20.182323
v 1.532322 0.000000 -20.200001
v 1.564103 0.017678 -20.200001
v 1.548483 0.003661 -20.182323
v 1.548764 0.004887 -20.194855
v 1.532322 0.000000 -20.194822
v 1.548213 0.008839 -20.200001
v 1.564348 0.015414 -20.194883
v 2.900000 1.367678 -20.182323
v 2.887500 1.337500 -20.182323
v 2.886415 1.339132 -20.200001
v 2.896339 1.351517 -20.182323
v 2.894557 1.347967 -20.192530
v 2.887290 1.338095 -20.194864
v 2.895989 1.351831 -20.194851
v 2.887500 2.912500 -20.182323
v 2.900000 2.882323 -20.182323
v 2.886753 2.886753 -20.200001
v 2.896339 2.898484 -20.182323
v 2.895098 2.896191 -20.192530
v 2.896054 2.884813 -20.194881
v 2.889719 2.902536 -20.194809
v 1.532322 4.250000 -20.182323
v 1.562500 4.237500 -20.182323
v 1.547396 4.226566 -20.200001
v 1.548483 4.246339 -20.182323
v 1.548629 4.242963 -20.192530
v 1.557669 4.234716 -20.194811
v 1.538950 4.243204 -20.194748
v -1.562500 4.237500 -20.182323
v -1.532322 4.250000 -20.182323
v -1.547396 4.226566 -20.200001
v -1.548483 4.246339 -20.182323
v -1.548629 4.242963 -20.192530
v -1.538950 4.243204 -20.194746
v -1.557669 4.234717 -20.194811
v -2.900000 2.882323 -20.182323
v -2.887500 2.912500 -20.182323
v -2.886753 2.886753 -20.200001
v -2.896339 2.898484 -20.182323
v -2.895098 2.896191 -20.192530
v -2.889719 2.902536 -20.194809
v -2.896054 2.884813 -20.194881
v -2.887500 1.337500 -20.182323
v -2.900000 1.367678 -20.182323
v -2.886415 1.339132 -20.200001
v -2.896339 1.351517 -20.182323
v -2.894558 1.347967 -20.192530
v -2.895989 1.351831 -20.194851
v -2.887290 1.338095 -20.194866
v -1.500000 0.000000 -19.799999
v -1.482322 0.000000 -19.817677
v -1.512500 0.012500 -19.817677
v -1.521252 0.017678 -19.799999
v -1.491161 0.000000 -19.808838
v -1.503016 0.005068 -19.805601
v -1.498483 0.003661 -19.817677
v -1.517918 0.016856 -19.805128
v -1.510626 0.008839 -19.799999
v 1.512500 0.012500 -19.817677
v 1.482322 0.000000 -19.817677
v 1.500000 0.000000 -19.799999
v 1.521252 0.017678 -19.799999
v 1.498483 0.003661 -19.817677
v 1.503473 0.005068 -19.805145
v 1.494822 0.000000 -19.805178
v 1.510626 0.008839 -19.799999
v 1.517918 0.016856 -19.805126
v 2.650000 1.167678 -19.817677
v 2.637500 1.137500 -19.817677
v 2.663586 1.160868 -19.799999
v 2.646339 1.151517 -19.817677
v 2.651210 1.154880 -19.807472
v 2.655276 1.154478 -19.805168
v 2.654040 1.163886 -19.805126
v 2.637500 2.662500 -19.817677
v 2.650000 2.632323 -19.817677
v 2.663247 2.663247 -19.799999
v 2.646339 2.648484 -19.817677
v 2.649557 2.652110 -19.807472
v 2.653911 2.649639 -19.805149
v 2.647464 2.660282 -19.805193
v 1.482322 3.800000 -19.817677
v 1.512500 3.787500 -19.817677
v 1.502604 3.823434 -19.799999
v 1.498483 3.796338 -19.817677
v 1.498809 3.801710 -19.807472
v 1.505053 3.802567 -19.805185
v 1.491247 3.806803 -19.805248
v -1.512500 3.787500 -19.817677
v -1.482322 3.800000 -19.817677
v -1.502604 3.823434 -19.799999
v -1.498484 3.796339 -19.817677
v -1.498809 3.801711 -19.807472
v -1.491247 3.806803 -19.805246
v -1.505053 3.802567 -19.805183
v -2.650000 2.632323 -19.817677
v -2.637500 2.662500 -19.817677
v -2.663247 2.663247 -19.799999
v -2.646339 2.648484 -19.817677
v -2.649557 2.652110 -19.807472
v -2.647464 2.660282 -19.805191
v -2.653911 2.649638 -19.805151
v -2.637500 1.137500 -19.817677
v -2.650000 1.167678 -19.817677
v -2.663586 1.160868 -19.799999
v -2.646339 1.151517 -19.817677
v -2.651210 1.154880 -19.807472
v -2.654040 1.163886 -19.805124
v -2.655276 1.154478 -19.805168
v -1.512500 0.012500 -20.182323
v -1.482322 0.000000 -20.182323
v -1.500000 0.000000 -20.200001
v -1.521252 0.017678 -20.200001
v -1.498483 0.003661 -20.182323
v -1.503016 0.005068 -20.194397
v -1.491161 0.000000 -20.191162
v -1.510626 0.008839 -20.200001
v -1.517918 0.016856 -20.194874
v 1.512500 0.012500 -20.182323
v 1.521252 0.017678 -20.200001
v 1.500000 0.000000 -20.200001
v 1.482322 0.000000 -20.182323
v 1.517918 0.016856 -20.194874
v 1.503016 0.005068 -20.194397
v 1.510626 0.008839 -20.200001
v 1.491161 0.000000 -20.191162
v 1.498483 0.003661 -20.182323
v 2.650000 1.167678 -20.182323
v 2.663586 1.160868 -20.200001
v 2.637500 1.137500 -20.182323
v 2.654040 1.163886 -20.194876
v 2.651210 1.154880 -20.192530
v 2.655276 1.154478 -20.194832
v 2.646339 1.151517 -20.182323
v 2.637500 2.662500 -20.182323
v 2.663247 2.663247 -20.200001
v 2.650000 2.632323 -20.182323
v 2.647464 2.660282 -20.194807
v 2.649557 2.652110 -20.192530
v 2.653911 2.649638 -20.194851
v 2.646339 2.648484 -20.182323
v 1.482322 3.800000 -20.182323
v 1.502604 3.823434 -20.200001
v 1.512500 3.787500 -20.182323
v 1.491247 3.806803 -20.194754
v 1.498809 3.801710 -20.192530
v 1.505053 3.802567 -20.194817
v 1.498484 3.796339 -20.182323
v -1.512500 3.787500 -20.182323
v -1.502604 3.823434 -20.200001
v -1.482322 3.800000 -20.182323
v -1.505053 3.802568 -20.194817
v -1.498809 3.801710 -20.192530
v -1.491247 3.806803 -20.194754
v -1.498483 3.796338 -20.182322
v -2.650000 2.632323 -20.182323
v -2.663247 2.663247 -20.200001
v -2.637500 2.662500 -20.182323
v -2.653911 2.649639 -20.194849
v -2.649557 2.652110 -20.192530
v -2.647464 2.660282 -20.194809
v -2.646339 2.648484 -20.182323
v -2.637500 1.137500 -20.182323
v -2.663586 1.160868 -20.200001
v -2.650000 1.167678 -20.182323
v -2.655276 1.154478 -20.194832
v -2.651210 1.154880 -20.192530
v -2.654040 1.163886 -20.194874
v -2.646339 1.151517 -20.182323
v -1.562500 0.012500 -24.817677
v -1.532322 0.000000 -24.817677
v -1.532322 0.000000 -24.799999
v -1.564103 0.017678 -24.799999
v -1.548483 0.003661 -24.817677
v -1.548764 0.004887 -24.805603
v -1.532322 0.000000 -24.808838
v -1.548213 0.008839 -24.799999
v -1.564348 0.015414 -24.805117
v 1.532322 0.000000 -24.799999
v 1.532322 0.000000 -24.817677
v 1.562500 0.012500 -24.817677
v 1.564103 0.017678 -24.799999
v 1.532322 0.000000 -24.805178
v 1.548764 0.004887 -24.805141
v 1.548483 0.003661 -24.817677
v 1.564348 0.015414 -24.805117
v 1.548213 0.008839 -24.799999
v 2.887500 1.337500 -24.817677
v 2.900000 1.367678 -24.817677
v 2.886415 1.339132 -24.799999
v 2.896339 1.351517 -24.817677
v 2.894558 1.347967 -24.807474
v 2.895989 1.351831 -24.805149
v 2.887290 1.338095 -24.805136
v 2.900000 2.882323 -24.817677
v 2.887500 2.912500 -24.817677
v 2.886753 2.886753 -24.799999
v 2.896339 2.898484 -24.817677
v 2.895098 2.896191 -24.807474
v 2.889719 2.902536 -24.805191
v 2.896054 2.884813 -24.805119
v 1.562500 4.237500 -24.817677
v 1.532322 4.250000 -24.817677
v 1.547396 4.226566 -24.799999
v 1.548483 4.246339 -24.817677
v 1.548629 4.242963 -24.807474
v 1.538950 4.243204 -24.805254
v 1.557669 4.234716 -24.805191
v -1.532322 4.250000 -24.817677
v -1.562500 4.237500 -24.817677
v -1.547396 4.226566 -24.799999
v -1.548483 4.246339 -24.817677
v -1.548629 4.242963 -24.807474
v -1.557669 4.234717 -24.805189
v -1.538950 4.243204 -24.805256
v -2.887500 2.912500 -24.817677
v -2.900000 2.882323 -24.817677
v -2.886753 2.886753 -24.799999
v -2.896339 2.898484 -24.817677
v -2.895098 2.896191 -24.807474
v -2.896054 2.884813 -24.805120
v -2.889719 2.902536 -24.805191
v -2.900000 1.367678 -24.817677
v -2.887500 1.337500 -24.817677
v -2.886415 1.339132 -24.799999
v -2.896339 1.351517 -24.817677
v -2.894557 1.347967 -24.807474
v -2.887290 1.338095 -24.805134
v -2.895989 1.351831 -24.805151
v -1.562500 0.012500 -25.182323
v -1.564103 0.017678 -25.200001
v -1.532322 0.000000 -25.200001
v -1.532322 0.000000 -25.182323
v -1.564348 0.015414 -25.194883
v -1.548764 0.004887 -25.194397
v -1.548213 0.008839 -25.200001
v -1.532322 0.000000 -25.191162
v -1.548483 0.003661 -25.182323
v 1.562500 0.012500 -25.182323
v 1.532322 0.000000 -25.182323
v 1.532322 0.000000 -25.200001
v 1.564103 0.017678 -25.200001
v 1.548483 0.003661 -25.182323
v 1.548764 0.004887 -25.194855
v 1.532322 0.000000 -25.194822
v 1.548213 0.008839 -25.200001
v 1.564348 0.015414 -25.194883
v 2.900000 1.367678 -25.182323
v 2.887500 1.337500 -25.182323
v 2.886415 1.339132 -25.200001
v 2.896339 1.351517 -25.182323
v 2.894557 1.347967 -25.192528
v 2.887290 1.338095 -25.194864
v 2.895989 1.351831 -25.194851
v 2.887500 2.912500 -25.182323
v 2.900000 2.882323 -25.182323
v 2.886753 2.886753 -25.200001
v 2.896339 2.898484 -25.182323
v 2.895098 2.896191 -25.192528
v 2.896054 2.884813 -25.194883
v 2.889719 2.902536 -25.194809
v 1.532322 4.250000 -25.182323
v 1.562500 4.237500 -25.182323
v 1.547396 4.226566 -25.200001
v 1.548483 4.246339 -25.182323
v 1.548629 4.242963 -25.192528
v 1.557669 4.234716 -25.194811
v 1.538950 4.243204 -25.194748
v -1.562500 4.237500 -25.182323
v -1.532322 4.250000 -25.182323
v -1.547396 4.226566 -25.200001
v -1.548483 4.246339 -25.182323
v -1.548629 4.242963 -25.192528
v -1.538950 4.243204 -25.194746
v -1.557669 4.234717 -25.194811
v -2.900000 2.882323 -25.182323
v -2.887500 2.912500 -25.182323
v -2.886753 2.886753 -25.200001
v -2.896339 2.898484 -25.182323
v -2.895098 2.896191 -25.192528
v -2.889719 2.902536 -25.194809
v -2.896054 2.884813 -25.194881
v -2.887500 1.337500 -25.182323
v -2.900000 1.367678 -25.182323
v -2.886415 1.339132 -25.200001
v -2.896339 1.351517 -25.182323
v -2.894558 1.347967 -25.192528
v -2.895989 1.351831 -25.194851
v -2.887290 1.338095 -25.194864
v -1.500000 0.000000 -24.799999
v -1.482322 0.000000 -24.817677
v -1.512500 0.012500 -24.817677
v -1.521252 0.017678 -24.799999
v -1.491161 0.000000 -24.808838
v -1.503016 0.005068 -24.805599
v -1.498483 0.003661 -24.817677
v -1.517918 0.016856 -24.805126
v -1.510626 0.008839 -24.799999
v 1.512500 0.012500 -24.817677
v 1.482322 0.000000 -24.817677
v 1.500000 0.000000 -24.799999
v 1.521252 0.017678 -24.799999
v 1.498483 0.003661 -24.817677
v 1.503473 0.005068 -24.805145
v 1.494822 0.000000 -24.805178
v 1.510626 0.008839 -24.799999
v 1.517918 0.016856 -24.805126
v 2.650000 1.167678 -24.817677
v 2.637500 1.137500 -24.817677
v 2.663586 1.160868 -24.799999
v 2.646339 1.151517 -24.817677
v 2.651210 1.154880 -24.807474
v 2.655276 1.154478 -24.805168
v 2.654040 1.163886 -24.805124
v 2.637500 2.662500 -24.817677
v 2.650000 2.632323 -24.817677
v 2.663247 2.663247 -24.799999
v 2.646339 2.648484 -24.817677
v 2.649557 2.652110 -24.807474
v 2.653911 2.649639 -24.805151
v 2.647464 2.660282 -24.805193
v 1.482322 3.800000 -24.817677
v 1.512500 3.787500 -24.817677
v 1.502604 3.823434 -24.799999
v 1.498483 3.796338 -24.817675
v 1.498809 3.801710 -24.807474
v 1.505053 3.802567 -24.805183
v 1.491247 3.806803 -24.805246
v -1.512500 3.787500 -24.817677
v -1.482322 3.800000 -24.817677
v -1.502604 3.823434 -24.799999
v -1.498484 3.796339 -24.817677
v -1.498809 3.801711 -24.807474
v -1.491247 3.806803 -24.805246
v -1.505053 3.802567 -24.805183
v -2.650000 2.632323 -24.817677
v -2.637500 2.662500 -24.817677
v -2.663247 2.663247 -24.799999
v -2.646339 2.648484 -24.817677
v -2.649557 2.652110 -24.807474
v -2.647464 2.660282 -24.805191
v -2.653911 2.649638 -24.805151
v -2.637500 1.137500 -24.817677
v -2.650000 1.167678 -24.817677
v -2.663586 1.160868 -24.799999
v -2.646339 1.151517 -24.817677
v -2.651210 1.154880 -24.807474
v -2.654040 1.163886 -24.805124
v -2.655276 1.154478 -24.805168
v -1.512500 0.012500 -25.182323
v -1.482322 0.000000 -25.182323
v -1.500000 0.000000 -25.200001
v -1.521252 0.017678 -25.200001
v -1.498483 0.003661 -25.182323
v -1.503016 0.005068 -25.194397
v -1.491161 0.000000 -25.191162
v -1.510626 0.008839 -25.200001
v -1.517918 0.016856 -25.194874
v 1.512500 0.012500 -25.182323
v 1.521252 0.017678 -25.200001
v 1.500000 0.000000 -25.200001
v 1.482322 0.000000 -25.182323
v 1.517918 0.016856 -25.194874
v 1.503016 0.005068 -25.194397
v 1.510626 0.008839 -25.200001
v 1.491161 0.000000 -25.191162
v 1.498483 0.003661 -25.182323
v 2.650000 1.167678 -25.182323
v 2.663586 1.160868 -25.200001
v 2.637500 1.137500 -25.182323
v 2.654040 1.163886 -25.194874
v 2.651210 1.154880 -25.192528
v 2.655276 1.154478 -25.194832
v 2.646339 1.151517 -25.182323
v 2.637500 2.662500 -25.182323
v 2.663247 2.663247 -25.200001
v 2.650000 2.632323 -25.182323
v 2.647464 2.660282 -25.194809
v 2.649557 2.652110 -25.192528
v 2.653911 2.649638 -25.194849
v 2.646339 2.648484 -25.182323
v 1.482322 3.800000 -25.182323
v 1.502604 3.823434 -25.200001
v 1.512500 3.787500 -25.182323
v 1.491247 3.806803 -25.194754
v 1.498809 3.801710 -25.192528
v 1.505053 3.802567 -25.194817
v 1.498484 3.796339 -25.182323
v -1.512500 3.787500 -25.182323
v -1.502604 3.823434 -25.200001
v -1.482322 3.800000 -25.182323
v -1.505053 3.802568 -25.194817
v -1.498809 3.801710 -25.192528
v -1.491247 3.806803 -25.194754
v -1.498483 3.796338 -25.182323
v -2.650000 2.632323 -25.182323
v -2.663247 2.663247 -25.200001
v -2.637500 2.662500 -25.182323
v -2.653911 2.649639 -25.194849
v -2.649557 2.652110 -25.192528
v -2.647464 2.660282 -25.194809
v -2.646339 2.648484 -25.182323
v -2.637500 1.137500 -25.182323
v -2.663586 1.160868 -25.200001
v -2.650000 1.167678 -25.182323
v -2.655276 1.154478 -25.194832
v -2.651210 1.154880 -25.192528
v -2.654040 1.163886 -25.194876
v -2.646339 1.151517 -25.182323
v -1.562500 0.012500 -29.817677
v -1.532322 0.000000 -29.817677
v -1.532322 0.000000 -29.799999
v -1.564103 0.017678 -29.799999
v -1.548483 0.003661 -29.817677
v -1.548764 0.004887 -29.805603
v -1.532322 0.000000 -29.808838
v -1.548213 0.008839 -29.799999
v -1.564348 0.015414 -29.805117
v 1.532322 0.000000 -29.799999
v 1.532322 0.000000 -29.817677
v 1.562500 0.012500 -29.817677
v 1.564103 0.017678 -29.799999
v 1.532322 0.000000 -29.805178
v 1.548764 0.004887 -29.805141
v 1.548483 0.003661 -29.817677
v 1.564348 0.015414 -29.805117
v 1.548213 0.008839 -29.799999
v 2.887500 1.337500 -29.817677
v 2.900000 1.367678 -29.817677
v 2.886415 1.339132 -29.799999
v 2.896339 1.351517 -29.817677
v 2.894558 1.347967 -29.807474
v 2.895989 1.351831 -29.805149
v 2.887290 1.338095 -29.805136
v 2.900000 2.882323 -29.817677
v 2.887500 2.912500 -29.817677
v 2.886753 2.886753 -29.799999
v 2.896339 2.898484 -29.817677
v 2.895098 2.896191 -29.807474
v 2.889719 2.902536 -29.805191
v 2.896054 2.884813 -29.805117
v 1.562500 4.237500 -29.817677
v 1.532322 4.250000 -29.817677
v 1.547396 4.226566 -29.799999
v 1.548483 4.246339 -29.817677
v 1.548629 4.242963 -29.807474
v 1.538950 4.243204 -29.805254
v 1.557669 4.234716 -29.805191
v -1.532322 4.250000 -29.817677
v -1.562500 4.237500 -29.817677
v -1.547396 4.226566 -29.799999
v -1.548483 4.246339 -29.817677
v -1.548629 4.242963 -29.807474
v -1.557669 4.234717 -29.805191
v -1.538950 4.243204 -29.805256
v -2.887500 2.912500 -29.817677
v -2.900000 2.882323 -29.817677
v -2.886753 2.886753 -29.799999
v -2.896339 2.898484 -29.817677
v -2.895098 2.896191 -29.807474
v -2.896054 2.884813 -29.805119
v -2.889719 2.902536 -29.805191
v -2.900000 1.367678 -29.817677
v -2.887500 1.337500 -29.817677
v -2.886415 1.339132 -29.799999
v -2.896339 1.351517 -29.817677
v -2.894557 1.347967 -29.807474
v -2.887290 1.338095 -29.805136
v -2.895989 1.351831 -29.805149
v -1.562500 0.012500 -30.182323
v -1.564103 0.017678 -30.200001
v -1.532322 0.000000 -30.200001
v -1.532322 0.000000 -30.182323
v -1.564348 0.015414 -30.194883
v -1.548764 0.004887 -30.194397
v -1.548213 0.008839 -30.200001
v -1.532322 0.000000 -30.191162
v -1.548483 0.003661 -30.182323
v 1.562500 0.012500 -30.182323
v 1.532322 0.000000 -30.182323
v 1.532322 0.000000 -30.200001
v 1.564103 0.017678 -30.200001
v 1.548483 0.003661 -30.182323
v 1.548764 0.004887 -30.194855
v 1.532322 0.000000 -30.194822
v 1.548213 0.008839 -30.200001
v 1.564348 0.015414 -30.194883
v 2.900000 1.367678 -30.182323
v 2.887500 1.337500 -30.182323
v 2.886415 1.339132 -30.200001
v 2.896339 1.351517 -30.182323
v 2.894557 1.347967 -30.192530
v 2.887290 1.338095 -30.194866
v 2.895989 1.351831 -30.194851
v 2.887500 2.912500 -30.182323
v 2.900000 2.882323 -30.182323
v 2.886753 2.886753 -30.200001
v 2.896339 2.898484 -30.182323
v 2.895098 2.896191 -30.192530
v 2.896054 2.884813 -30.194883
v 2.889719 2.902536 -30.194809
v 1.532322 4.250000 -30.182323
v 1.562500 4.237500 -30.182323
v 1.547396 4.226566 -30.200001
v 1.548483 4.246339 -30.182323
v 1.548629 4.242963 -30.192530
v 1.557669 4.234716 -30.194809
v 1.538950 4.243204 -30.194748
v -1.562500 4.237500 -30.182323
v -1.532322 4.250000 -30.182323
v -1.547396 4.226566 -30.200001
v -1.548483 4.246339 -30.182323
v -1.548629 4.242963 -30.192530
v -1.538950 4.243204 -30.194746
v -1.557669 4.234717 -30.194811
v -2.900000 2.882323 -30.182323
v -2.887500 2.912500 -30.182323
v -2.886753 2.886753 -30.200001
v -2.896339 2.898484 -30.182323
v -2.895098 2.896191 -30.192530
v -2.889719 2.902536 -30.194807
v -2.896054 2.884813 -30.194881
v -2.887500 1.337500 -30.182323
v -2.900000 1.367678 -30.182323
v -2.886415 1.339132 -30.200001
v -2.896339 1.351517 -30.182323
v -2.894558 1.347967 -30.192530
v -2.895989 1.351831 -30.194851
v -2.887290 1.338095 -30.194864
v -1.500000 0.000000 -29.799999
v -1.482322 0.000000 -29.817677
v -1.512500 0.012500 -29.817677
v -1.521252 0.017678 -29.799999
v -1.491161 0.000000 -29.808838
v -1.503016 0.005068 -29.805599
v -1.498483 0.003661 -29.817677
v -1.517918 0.016856 -29.805128
v -1.510626 0.008839 -29.799999
v 1.512500 0.012500 -29.817677
v 1.482322 0.000000 -29.817677
v 1.500000 0.000000 -29.799999
v 1.521252 0.017678 -29.799999
v 1.498483 0.003661 -29.817677
v 1.503473 0.005068 -29.805145
v 1.494822 0.000000 -29.805178
v 1.510626 0.008839 -29.799999
v 1.517918 0.016856 -29.805126
v 2.650000 1.167678 -29.817677
v 2.637500 1.137500 -29.817677
v 2.663586 1.160868 -29.799999
v 2.646339 1.151517 -29.817677
v 2.651210 1.154880 -29.807474
v 2.655276 1.154478 -29.805170
v 2.654040 1.163886 -29.805124
v 2.637500 2.662500 -29.817677
v 2.650000 2.632323 -29.817677
v 2.663247 2.663247 -29.799999
v 2.646339 2.648484 -29.817677
v 2.649557 2.652110 -29.807474
v 2.653911 2.649639 -29.805151
v 2.647464 2.660282 -29.805191
v 1.482322 3.800000 -29.817677
v 1.512500 3.787500 -29.817677
v 1.502604 3.823434 -29.799999
v 1.498483 3.796338 -29.817677
v 1.498809 3.801710 -29.807474
v 1.505053 3.802567 -29.805185
v 1.491247 3.806803 -29.805248
v -1.512500 3.787500 -29.817677
v -1.482322 3.800000 -29.817677
v -1.502604 3.823434 -29.799999
v -1.498484 3.796339 -29.817677
v -1.498809 3.801711 -29.807474
v -1.491247 3.806803 -29.805246
v -1.505053 3.802567 -29.805183
v -2.650000 2.632323 -29.817677
v -2.637500 2.662500 -29.817677
v -2.663247 2.663247 -29.799999
v -2.646339 2.648484 -29.817677
v -2.649557 2.652110 -29.807474
v -2.647464 2.660282 -29.805191
v -2.653911 2.649638 -29.805151
v -2.637500 1.137500 -29.817677
v -2.650000 1.167678 -29.817677
v -2.663586 1.160868 -29.799999
v -2.646339 1.151517 -29.817677
v -2.651210 1.154880 -29.807474
v -2.654040 1.163886 -29.805124
v -2.655276 1.154478 -29.805170
v -1.512500 0.012500 -30.182323
v -1.482322 0.000000 -30.182323
v -1.500000 0.000000 -30.200001
v -1.521252 0.017678 -30.200001
v -1.498483 0.003661 -30.182323
v -1.503016 0.005068 -30.194397
v -1.491161 0.000000 -30.191162
v -1.510626 0.008839 -30.200001
v -1.517918 0.016856 -30.194874
v 1.512500 0.012500 -30.182323
v 1.521252 0.017678 -30.200001
v 1.500000 0.000000 -30.200001
v 1.482322 0.000000 -30.182323
v 1.517918 0.016856 -30.194876
v 1.503016 0.005068 -30.194397
v 1.510626 0.008839 -30.200001
v 1.491161 0.000000 -30.191162
v 1.498483 0.003661 -30.182323
v 2.650000 1.167678 -30.182323
v 2.663586 1.160868 -30.200001
v 2.637500 1.137500 -30.182323
v 2.654040 1.163886 -30.194874
v 2.651210 1.154880 -30.192530
v 2.655276 1.154478 -30.194832
v 2.646339 1.151517 -30.182323
v 2.637500 2.662500 -30.182323
v 2.663247 2.663247 -30.200001
v 2.650000 2.632323 -30.182323
v 2.647464 2.660282 -30.194807
v 2.649557 2.652110 -30.192530
v 2.653911 2.649638 -30.194849
v 2.646339 2.648484 -30.182323
v 1.482322 3.800000 -30.182323
v 1.502604 3.823434 -30.200001
v 1.512500 3.787500 -30.182323
v 1.491247 3.806803 -30.194754
v 1.498809 3.801710 -30.192530
v 1.505053 3.802567 -30.194817
v 1.498484 3.796339 -30.182323
v -1.512500 3.787500 -30.182323
v -1.502604 3.823434 -30.200001
v -1.482322 3.800000 -30.182323
v -1.505053 3.802568 -30.194817
v -1.498809 3.801710 -30.192530
v -1.491247 3.806803 -30.194754
v -1.498483 3.796338 -30.182322
v -2.650000 2.632323 -30.182323
v -2.663247 2.663247 -30.200001
v -2.637500 2.662500 -30.182323
v -2.653911 2.649639 -30.194849
v -2.649557 2.652110 -30.192530
v -2.647464 2.660282 -30.194809
v -2.646339 2.648484 -30.182323
v -2.637500 1.137500 -30.182323
v -2.663586 1.160868 -30.200001
v -2.650000 1.167678 -30.182323
v -2.655276 1.154478 -30.194832
v -2.651210 1.154880 -30.192530
v -2.654040 1.163886 -30.194874
v -2.646339 1.151517 -30.182323
v -1.562500 0.012500 -34.817677
v -1.532322 0.000000 -34.817677
v -1.532322 0.000000 -34.799999
v -1.564103 0.017678 -34.799999
v -1.548483 0.003661 -34.817677
v -1.548765 0.004887 -34.805599
v -1.532322 0.000000 -34.808838
v -1.548213 0.008839 -34.799999
v -1.564349 0.015414 -34.805115
v 1.532322 0.000000 -34.799999
v 1.532322 0.000000 -34.817677
v 1.562500 0.012500 -34.817677
v 1.564103 0.017678 -34.799999
v 1.532322 0.000000 -34.805176
v 1.548765 0.004887 -34.805141
v 1.548483 0.003661 -34.817677
v 1.564349 0.015414 -34.805115
v 1.548213 0.008839 -34.799999
v 2.887500 1.337500 -34.817677
v 2.900000 1.367678 -34.817677
v 2.886415 1.339132 -34.799999
v 2.896339 1.351517 -34.817677
v 2.894558 1.347967 -34.807468
v 2.895989 1.351830 -34.805145
v 2.887290 1.338095 -34.805134
v 2.900000 2.882323 -34.817677
v 2.887500 2.912500 -34.817677
v 2.886753 2.886753 -34.799999
v 2.896339 2.898484 -34.817677
v 2.895098 2.896192 -34.807468
v 2.889719 2.902535 -34.805191
v 2.896054 2.884813 -34.805119
v 1.562500 4.237500 -34.817677
v 1.532322 4.250000 -34.817677
v 1.547396 4.226566 -34.799999
v 1.548483 4.246339 -34.817677
v 1.548629 4.242963 -34.807468
v 1.538951 4.243205 -34.805252
v 1.557669 4.234716 -34.805187
v -1.532322 4.250000 -34.817677
v -1.562500 4.237500 -34.817677
v -1.547396 4.226566 -34.799999
v -1.548483 4.246339 -34.817677
v -1.548629 4.242963 -34.807468
v -1.557669 4.234717 -34.805191
v -1.538951 4.243205 -34.805252
v -2.887500 2.912500 -34.817677
v -2.900000 2.882323 -34.817677
v -2.886753 2.886753 -34.799999
v -2.896339 2.898484 -34.817677
v -2.895098 2.896191 -34.807468
v -2.896054 2.884813 -34.805119
v -2.889719 2.902535 -34.805191
v -2.900000 1.367678 -34.817677
v -2.887500 1.337500 -34.817677
v -2.886415 1.339132 -34.799999
v -2.896339 1.351517 -34.817677
v -2.894557 1.347967 -34.807468
v -2.887290 1.338095 -34.805134
v -2.895989 1.351830 -34.805149
v -1.562500 0.012500 -35.182323
v -1.564103 0.017678 -35.200001
v -1.532322 0.000000 -35.200001
v -1.532322 0.000000 -35.182323
v -1.564349 0.015414 -35.194885
v -1.548765 0.004887 -35.194401
v -1.548213 0.008839 -35.200001
v -1.532322 0.000000 -35.191162
v -1.548483 0.003661 -35.182323
v 1.562500 0.012500 -35.182323
v 1.532322 0.000000 -35.182323
v 1.532322 0.000000 -35.200001
v 1.564103 0.017678 -35.200001
v 1.548483 0.003661 -35.182323
v 1.548765 0.004887 -35.194859
v 1.532322 0.000000 -35.194824
v 1.548213 0.008839 -35.200001
v 1.564349 0.015414 -35.194885
v 2.900000 1.367678 -35.182323
v 2.887500 1.337500 -35.182323
v 2.886415 1.339132 -35.200001
v 2.896339 1.351517 -35.182323
v 2.894557 1.347967 -35.192535
v 2.887290 1.338095 -35.194866
v 2.895989 1.351830 -35.194851
v 2.887500 2.912500 -35.182323
v 2.900000 2.882323 -35.182323
v 2.886753 2.886753 -35.200001
v 2.896339 2.898484 -35.182323
v 2.895098 2.896191 -35.192535
v 2.896054 2.884813 -35.194881
v 2.889719 2.902535 -35.194809
v 1.532322 4.250000 -35.182323
v 1.562500 4.237500 -35.182323
v 1.547396 4.226566 -35.200001
v 1.548483 4.246339 -35.182323
v 1.548629 4.242963 -35.192535
v 1.557669 4.234717 -35.194813
v 1.538951 4.243205 -35.194748
v -1.562500 4.237500 -35.182323
v -1.532322 4.250000 -35.182323
v -1.547396 4.226566 -35.200001
v -1.548483 4.246339 -35.182323
v -1.548629 4.242963 -35.192535
v -1.538951 4.243205 -35.194748
v -1.557669 4.234717 -35.194809
v -2.900000 2.882323 -35.182323
v -2.887500 2.912500 -35.182323
v -2.886753 2.886753 -35.200001
v -2.896339 2.898484 -35.182323
v -2.895098 2.896192 -35.192535
v -2.889719 2.902535 -35.194809
v -2.896054 2.884813 -35.194881
v -2.887500 1.337500 -35.182323
v -2.900000 1.367678 -35.182323
v -2.886415 1.339132 -35.200001
v -2.896339 1.351517 -35.182323
v -2.894558 1.347967 -35.192535
v -2.895989 1.351830 -35.194851
v -2.887290 1.338095 -35.194866
v -1.500000 0.000000 -34.799999
v -1.482322 0.000000 -34.817677
v -1.512500 0.012500 -34.817677
v -1.521252 0.017678 -34.799999
v -1.491161 0.000000 -34.808838
v -1.503016 0.005068 -34.805599
v -1.498483 0.003661 -34.817677
v -1.517919 0.016856 -34.805122
v -1.510626 0.008839 -34.799999
v 1.512500 0.012500 -34.817677
v 1.482322 0.000000 -34.817677
v 1.500000 0.000000 -34.799999
v 1.521252 0.017678 -34.799999
v 1.498483 0.003661 -34.817677
v 1.503474 0.005068 -34.805141
v 1.494822 0.000000 -34.805176
v 1.510626 0.008839 -34.799999
v 1.517919 0.016856 -34.805122
v 2.650000 1.167678 -34.817677
v 2.637500 1.137500 -34.817677
v 2.663586 1.160868 -34.799999
v 2.646339 1.151517 -34.817677
v 2.651210 1.154881 -34.807468
v 2.655278 1.154481 -34.805168
v 2.654039 1.163886 -34.805122
v 2.637500 2.662500 -34.817677
v 2.650000 2.632323 -34.817677
v 2.663247 2.663247 -34.799999
v 2.646339 2.648484 -34.817677
v 2.649557 2.652110 -34.807468
v 2.653911 2.649641 -34.805149
v 2.647465 2.660281 -34.805191
v 1.482322 3.800000 -34.817677
v 1.512500 3.787500 -34.817677
v 1.502604 3.823434 -34.799999
v 1.498483 3.796338 -34.817673
v 1.498809 3.801711 -34.807468
v 1.505051 3.802569 -34.805183
v 1.491248 3.806803 -34.805244
v -1.512500 3.787500 -34.817677
v -1.482322 3.800000 -34.817677
v -1.502604 3.823434 -34.799999
v -1.498484 3.796339 -34.817677
v -1.498809 3.801711 -34.807468
v -1.491248 3.806803 -34.805244
v -1.505051 3.802569 -34.805180
v -2.650000 2.632323 -34.817677
v -2.637500 2.662500 -34.817677
v -2.663247 2.663247 -34.799999
v -2.646339 2.648484 -34.817677
v -2.649557 2.652110 -34.807468
v -2.647465 2.660281 -34.805191
v -2.653911 2.649641 -34.805145
v -2.637500 1.137500 -34.817677
v -2.650000 1.167678 -34.817677
v -2.663586 1.160868 -34.799999
v -2.646339 1.151517 -34.817677
v -2.651210 1.154881 -34.807468
v -2.654039 1.163886 -34.805122
v -2.655278 1.154481 -34.805168
v -1.512500 0.012500 -35.182323
v -1.482322 0.000000 -35.182323
v -1.500000 0.000000 -35.200001
v -1.521252 0.017678 -35.200001
v -1.498483 0.003661 -35.182323
v -1.503016 0.005068 -35.194401
v -1.491161 0.000000 -35.191162
v -1.510626 0.008839 -35.200001
v -1.517919 0.016856 -35.194878
v 1.512500 0.012500 -35.182323
v 1.521252 0.017678 -35.200001
v 1.500000 0.000000 -35.200001
v 1.482322 0.000000 -35.182323
v 1.517919 0.016856 -35.194878
v 1.503016 0.005068 -35.194401
v 1.510626 0.008839 -35.200001
v 1.491161 0.000000 -35.191162
v 1.498483 0.003661 -35.182323
v 2.650000 1.167678 -35.182323
v 2.663586 1.160868 -35.200001
v 2.637500 1.137500 -35.182323
v 2.654039 1.163886 -35.194874
v 2.651210 1.154881 -35.192532
v 2.655278 1.154481 -35.194836
v 2.646339 1.151517 -35.182323
v 2.637500 2.662500 -35.182323
v 2.663247 2.663247 -35.200001
v 2.650000 2.632323 -35.182323
v 2.647465 2.660281 -35.194809
v 2.649557 2.652110 -35.192532
v 2.653911 2.649641 -35.194851
v 2.646339 2.648484 -35.182323
v 1.482322 3.800000 -35.182323
v 1.502604 3.823434 -35.200001
v 1.512500 3.787500 -35.182323
v 1.491248 3.806803 -35.194756
v 1.498809 3.801711 -35.192532
v 1.505051 3.802569 -35.194820
v 1.498484 3.796339 -35.182323
v -1.512500 3.787500 -35.182323
v -1.502604 3.823434 -35.200001
v -1.482322 3.800000 -35.182323
v -1.505051 3.802569 -35.194817
v -1.498809 3.801711 -35.192532
v -1.491248 3.806803 -35.194756
v -1.498483 3.796338 -35.182320
v -2.650000 2.632323 -35.182323
v -2.663247 2.663247 -35.200001
v -2.637500 2.662500 -35.182323
v -2.653911 2.649641 -35.194851
v -2.649557 2.652110 -35.192532
v -2.647465 2.660281 -35.194809
v -2.646339 2.648484 -35.182323
v -2.637500 1.137500 -35.182323
v -2.663586 1.160868 -35.200001
v -2.650000 1.167678 -35.182323
v -2.655278 1.154481 -35.194836
v -2.651210 1.154881 -35.192532
v -2.654039 1.163886 -35.194878
v -2.646339 1.151517 -35.182323
v -1.562500 0.012500 -39.817677
v -1.532322 0.000000 -39.817677
v -1.532322 0.000000 -39.799999
v -1.564103 0.017678 -39.799999
v -1.548483 0.003661 -39.817677
v -1.548765 0.004887 -39.805599
v -1.532322 0.000000 -39.808838
v -1.548213 0.008839 -39.799999
v -1.564349 0.015414 -39.805115
v 1.532322 0.000000 -39.799999
v 1.532322 0.000000 -39.817677
v 1.562500 0.012500 -39.817677
v 1.564103 0.017678 -39.799999
v 1.532322 0.000000 -39.805176
v 1.548765 0.004887 -39.805141
v 1.548483 0.003661 -39.817677
v 1.564349 0.015414 -39.805115
v 1.548213 0.008839 -39.799999
v 2.887500 1.337500 -39.817677
v 2.900000 1.367678 -39.817677
v 2.886415 1.339132 -39.799999
v 2.896339 1.351517 -39.817677
v 2.894558 1.347967 -39.807472
v 2.895989 1.351830 -39.805149
v 2.887290 1.338095 -39.805134
v 2.900000 2.882323 -39.817677
v 2.887500 2.912500 -39.817677
v 2.886753 2.886753 -39.799999
v 2.896339 2.898484 -39.817677
v 2.895098 2.896192 -39.807472
v 2.889719 2.902535 -39.805191
v 2.896054 2.884813 -39.805119
v 1.562500 4.237500 -39.817677
v 1.532322 4.250000 -39.817677
v 1.547396 4.226566 -39.799999
v 1.548483 4.246339 -39.817677
v 1.548629 4.242963 -39.807472
v 1.538951 4.243205 -39.805252
v 1.557669 4.234716 -39.805187
v -1.532322 4.250000 -39.817677
v -1.562500 4.237500 -39.817677
v -1.547396 4.226566 -39.799999
v -1.548483 4.246339 -39.817677
v -1.548629 4.242963 -39.807472
v -1.557669 4.234717 -39.805187
v -1.538951 4.243205 -39.805248
v -2.887500 2.912500 -39.817677
v -2.900000 2.882323 -39.817677
v -2.886753 2.886753 -39.799999
v -2.896339 2.898484 -39.817677
v -2.895098 2.896191 -39.807472
v -2.896054 2.884813 -39.805119
v -2.889719 2.902535 -39.805187
v -2.900000 1.367678 -39.817677
v -2.887500 1.337500 -39.817677
v -2.886415 1.339132 -39.799999
v -2.896339 1.351517 -39.817677
v -2.894557 1.347967 -39.807472
v -2.887290 1.338095 -39.805134
v -2.895989 1.351830 -39.805149
v -1.562500 0.012500 -40.182323
v -1.564103 0.017678 -40.200001
v -1.532322 0.000000 -40.200001
v -1.532322 0.000000 -40.182323
v -1.564349 0.015414 -40.194885
v -1.548765 0.004887 -40.194401
v -1.548213 0.008839 -40.200001
v -1.532322 0.000000 -40.191162
v -1.548483 0.003661 -40.182323
v 1.562500 0.012500 -40.182323
v 1.532322 0.000000 -40.182323
v 1.532322 0.000000 -40.200001
v 1.564103 0.017678 -40.200001
v 1.548483 0.003661 -40.182323
v 1.548765 0.004887 -40.194859
v 1.532322 0.000000 -40.194824
v 1.548213 0.008839 -40.200001
v 1.564349 0.015414 -40.194885
v 2.900000 1.367678 -40.182323
v 2.887500 1.337500 -40.182323
v 2.886415 1.339132 -40.200001
v 2.896339 1.351517 -40.182323
v 2.894557 1.347967 -40.192532
v 2.887290 1.338095 -40.194866
v 2.895989 1.351830 -40.194851
v 2.887500 2.912500 -40.182323
v 2.900000 2.882323 -40.182323
v 2.886753 2.886753 -40.200001
v 2.896339 2.898484 -40.182323
v 2.895098 2.896191 -40.192532
v 2.896054 2.884813 -40.194881
v 2.889719 2.902535 -40.194809
v 1.532322 4.250000 -40.182323
v 1.562500 4.237500 -40.182323
v 1.547396 4.226566 -40.200001
v 1.548483 4.246339 -40.182323
v 1.548629 4.242963 -40.192532
v 1.557669 4.234717 -40.194813
v 1.538951 4.243205 -40.194748
v -1.562500 4.237500 -40.182323
v -1.532322 4.250000 -40.182323
v -1.547396 4.226566 -40.200001
v -1.548483 4.246339 -40.182323
v -1.548629 4.242963 -40.192532
v -1.538951 4.243205 -40.194748
v -1.557669 4.234717 -40.194813
v -2.900000 2.882323 -40.182323
v -2.887500 2.912500 -40.182323
v -2.886753 2.886753 -40.200001
v -2.896339 2.898484 -40.182323
v -2.895098 2.896192 -40.192532
v -2.889719 2.902535 -40.194809
v -2.896054 2.884813 -40.194885
v -2.887500 1.337500 -40.182323
v -2.900000 1.367678 -40.182323
v -2.886415 1.339132 -40.200001
v -2.896339 1.351517 -40.182323
v -2.894558 1.347967 -40.192532
v -2.895989 1.351830 -40.194851
v -2.887290 1.338095 -40.194866
v -1.500000 0.000000 -39.799999
v -1.482322 0.000000 -39.817677
v -1.512500 0.012500 -39.817677
v -1.521252 0.017678 -39.799999
v -1.491161 0.000000 -39.808838
v -1.503016 0.005068 -39.805599
v -1.498483 0.003661 -39.817677
v -1.517919 0.016856 -39.805126
v -1.510626 0.008839 -39.799999
v 1.512500 0.012500 -39.817677
v 1.482322 0.000000 -39.817677
v 1.500000 0.000000 -39.799999
v 1.521252 0.017678 -39.799999
v 1.498483 0.003661 -39.817677
v 1.503474 0.005068 -39.805141
v 1.494822 0.000000 -39.805176
v 1.510626 0.008839 -39.799999
v 1.517919 0.016856 -39.805126
v 2.650000 1.167678 -39.817677
v 2.637500 1.137500 -39.817677
v 2.663586 1.160868 -39.799999
v 2.646339 1.151517 -39.817677
v 2.651210 1.154881 -39.807472
v 2.655278 1.154481 -39.805168
v 2.654039 1.163886 -39.805122
v 2.637500 2.662500 -39.817677
v 2.650000 2.632323 -39.817677
v 2.663247 2.663247 -39.799999
v 2.646339 2.648484 -39.817677
v 2.649557 2.652110 -39.807472
v 2.653911 2.649641 -39.805149
v 2.647465 2.660281 -39.805191
v 1.482322 3.800000 -39.817677
v 1.512500 3.787500 -39.817677
v 1.502604 3.823434 -39.799999
v 1.498483 3.796338 -39.817677
v 1.498809 3.801711 -39.807472
v 1.505051 3.802569 -39.805183
v 1.491248 3.806803 -39.805241
v -1.512500 3.787500 -39.817677
v -1.482322 3.800000 -39.817677
v -1.502604 3.823434 -39.799999
v -1.498484 3.796339 -39.817677
v -1.498809 3.801711 -39.807472
v -1.491248 3.806803 -39.805244
v -1.505051 3.802569 -39.805183
v -2.650000 2.632323 -39.817677
v -2.637500 2.662500 -39.817677
v -2.663247 2.663247 -39.799999
v -2.646339 2.648484 -39.817677
v -2.649557 2.652110 -39.807472
v -2.647465 2.660281 -39.805187
v -2.653911 2.649641 -39.805149
v -2.637500 1.137500 -39.817677
v -2.650000 1.167678 -39.817677
v -2.663586 1.160868 -39.799999
v -2.646339 1.151517 -39.817677
v -2.651210 1.154881 -39.807472
v -2.654039 1.163886 -39.805122
v -2.655278 1.154481 -39.805168
v -1.512500 0.012500 -40.182323
v -1.482322 0.000000 -40.182323
v -1.500000 0.000000 -40.200001
v -1.521252 0.017678 -40.200001
v -1.498483 0.003661 -40.182323
v -1.503016 0.005068 -40.194401
v -1.491161 0.000000 -40.191162
v -1.510626 0.008839 -40.200001
v -1.517919 0.016856 -40.194874
v 1.512500 0.012500 -40.182323
v 1.521252 0.017678 -40.200001
v 1.500000 0.000000 -40.200001
v 1.482322 0.000000 -40.182323
v 1.517919 0.016856 -40.194874
v 1.503016 0.005068 -40.194401
v 1.510626 0.008839 -40.200001
v 1.491161 0.000000 -40.191162
v 1.498483 0.003661 -40.182323
v 2.650000 1.167678 -40.182323
v 2.663586 1.160868 -40.200001
v 2.637500 1.137500 -40.182323
v 2.654039 1.163886 -40.194874
v 2.651210 1.154881 -40.192532
v 2.655278 1.154481 -40.194836
v 2.646339 1.151517 -40.182323
v 2.637500 2.662500 -40.182323
v 2.663247 2.663247 -40.200001
v 2.650000 2.632323 -40.182323
v 2.647465 2.660281 -40.194813
v 2.649557 2.652110 -40.192532
v 2.653911 2.649641 -40.194851
v 2.646339 2.648484 -40.182323
v 1.482322 3.800000 -40.182323
v 1.502604 3.823434 -40.200001
v 1.512500 3.787500 -40.182323
v 1.491248 3.806803 -40.194756
v 1.498809 3.801711 -40.192532
v 1.505051 3.802569 -40.194817
v 1.498484 3.796339 -40.182323
v -1.512500 3.787500 -40.182323
v -1.502604 3.823434 -40.200001
v -1.482322 3.800000 -40.182323
v -1.505051 3.802569 -40.194817
v -1.498809 3.801711 -40.192532
v -1.491248 3.806803 -40.194756
v -1.498483 3.796338 -40.182323
v -2.650000 2.632323 -40.182323
v -2.663247 2.663247 -40.200001
v -2.637500 2.662500 -40.182323
v -2.653911 2.649641 -40.194855
v -2.649557 2.652110 -40.192532
v -2.647465 2.660281 -40.194809
v -2.646339 2.648484 -40.182323
v -2.637500 1.137500 -40.182323
v -2.663586 1.160868 -40.200001
v -2.650000 1.167678 -40.182323
v -2.655278 1.154481 -40.194836
v -2.651210 1.154881 -40.192532
v -2.654039 1.163886 -40.194878
v -2.646339 1.151517 -40.182323
v -1.562500 0.012500 -44.817677
v -1.532322 0.000000 -44.817677
v -1.532322 0.000000 -44.799999
v -1.564103 0.017678 -44.799999
v -1.548483 0.003661 -44.817677
v -1.548765 0.004887 -44.805599
v -1.532322 0.000000 -44.808838
v -1.548213 0.008839 -44.799999
v -1.564349 0.015414 -44.805115
v 1.532322 0.000000 -44.799999
v 1.532322 0.000000 -44.817677
v 1.562500 0.012500 -44.817677
v 1.564103 0.017678 -44.799999
v 1.532322 0.000000 -44.805176
v 1.548765 0.004887 -44.805141
v 1.548483 0.003661 -44.817677
v 1.564349 0.015414 -44.805119
v 1.548213 0.008839 -44.799999
v 2.887500 1.337500 -44.817677
v 2.900000 1.367678 -44.817677
v 2.886415 1.339132 -44.799999
v 2.896339 1.351517 -44.817677
v 2.894558 1.347967 -44.807472
v 2.895989 1.351830 -44.805149
v 2.887290 1.338095 -44.805130
v 2.900000 2.882323 -44.817677
v 2.887500 2.912500 -44.817677
v 2.886753 2.886753 -44.799999
v 2.896339 2.898484 -44.817677
v 2.895098 2.896192 -44.807472
v 2.889719 2.902535 -44.805191
v 2.896054 2.884813 -44.805119
v 1.562500 4.237500 -44.817677
v 1.532322 4.250000 -44.817677
v 1.547396 4.226566 -44.799999
v 1.548483 4.246339 -44.817677
v 1.548629 4.242963 -44.807472
v 1.538951 4.243205 -44.805252
v 1.557669 4.234716 -44.805187
v -1.532322 4.250000 -44.817677
v -1.562500 4.237500 -44.817677
v -1.547396 4.226566 -44.799999
v -1.548483 4.246339 -44.817677
v -1.548629 4.242963 -44.807472
v -1.557669 4.234717 -44.805191
v -1.538951 4.243205 -44.805252
v -2.887500 2.912500 -44.817677
v -2.900000 2.882323 -44.817677
v -2.886753 2.886753 -44.799999
v -2.896339 2.898484 -44.817677
v -2.895098 2.896191 -44.807472
v -2.896054 2.884813 -44.805115
v -2.889719 2.902535 -44.805191
v -2.900000 1.367678 -44.817677
v -2.887500 1.337500 -44.817677
v -2.886415 1.339132 -44.799999
v -2.896339 1.351517 -44.817677
v -2.894557 1.347967 -44.807472
v -2.887290 1.338095 -44.805130
v -2.895989 1.351830 -44.805149
v -1.562500 0.012500 -45.182323
v -1.564103 0.017678 -45.200001
v -1.532322 0.000000 -45.200001
v -1.532322 0.000000 -45.182323
v -1.564349 0.015414 -45.194885
v -1.548765 0.004887 -45.194401
v -1.548213 0.008839 -45.200001
v -1.532322 0.000000 -45.191162
v -1.548483 0.003661 -45.182323
v 1.562500 0.012500 -45.182323
v 1.532322 0.000000 -45.182323
v 1.532322 0.000000 -45.200001
v 1.564103 0.017678 -45.200001
v 1.548483 0.003661 -45.182323
v 1.548765 0.004887 -45.194859
v 1.532322 0.000000 -45.194824
v 1.548213 0.008839 -45.200001
v 1.564349 0.015414 -45.194885
v 2.900000 1.367678 -45.182323
v 2.887500 1.337500 -45.182323
v 2.886415 1.339132 -45.200001
v 2.896339 1.351517 -45.182323
v 2.894557 1.347967 -45.192535
v 2.887290 1.338095 -45.194862
v 2.895989 1.351830 -45.194851
v 2.887500 2.912500 -45.182323
v 2.900000 2.882323 -45.182323
v 2.886753 2.886753 -45.200001
v 2.896339 2.898484 -45.182323
v 2.895098 2.896191 -45.192535
v 2.896054 2.884813 -45.194885
v 2.889719 2.902535 -45.194809
v 1.532322 4.250000 -45.182323
v 1.562500 4.237500 -45.182323
v 1.547396 4.226566 -45.200001
v 1.548483 4.246339 -45.182323
v 1.548629 4.242963 -45.192535
v 1.557669 4.234717 -45.194809
v 1.538951 4.243205 -45.194748
v -1.562500 4.237500 -45.182323
v -1.532322 4.250000 -45.182323
v -1.547396 4.226566 -45.200001
v -1.548483 4.246339 -45.182323
v -1.548629 4.242963 -45.192535
v -1.538951 4.243205 -45.194748
v -1.557669 4.234717 -45.194809
v -2.900000 2.882323 -45.182323
v -2.887500 2.912500 -45.182323
v -2.886753 2.886753 -45.200001
v -2.896339 2.898484 -45.182323
v -2.895098 2.896192 -45.192535
v -2.889719 2.902535 -45.194809
v -2.896054 2.884813 -45.194885
v -2.887500 1.337500 -45.182323
v -2.900000 1.367678 -45.182323
v -2.886415 1.339132 -45.200001
v -2.896339 1.351517 -45.182323
v -2.894558 1.347967 -45.192535
v -2.895989 1.351830 -45.194851
v -2.887290 1.338095 -45.194866
v -1.500000 0.000000 -44.799999
v -1.482322 0.000000 -44.817677
v -1.512500 0.012500 -44.817677
v -1.521252 0.017678 -44.799999
v -1.491161 0.000000 -44.808838
v -1.503016 0.005068 -44.805599
v -1.498483 0.003661 -44.817677
v -1.517919 0.016856 -44.805126
v -1.510626 0.008839 -44.799999
v 1.512500 0.012500 -44.817677
v 1.482322 0.000000 -44.817677
v 1.500000 0.000000 -44.799999
v 1.521252 0.017678 -44.799999
v 1.498483 0.003661 -44.817677
v 1.503474 0.005068 -44.805141
v 1.494822 0.000000 -44.805176
v 1.510626 0.008839 -44.799999
v 1.517919 0.016856 -44.805122
v 2.650000 1.167678 -44.817677
v 2.637500 1.137500 -44.817677
v 2.663586 1.160868 -44.799999
v 2.646339 1.151517 -44.817677
v 2.651210 1.154881 -44.807472
v 2.655278 1.154481 -44.805168
v 2.654039 1.163886 -44.805126
v 2.637500 2.662500 -44.817677
v 2.650000 2.632323 -44.817677
v 2.663247 2.663247 -44.799999
v 2.646339 2.648484 -44.817677
v 2.649557 2.652110 -44.807472
v 2.653911 2.649641 -44.805149
v 2.647465 2.660281 -44.805191
v 1.482322 3.800000 -44.817677
v 1.512500 3.787500 -44.817677
v 1.502604 3.823434 -44.799999
v 1.498483 3.796338 -44.817677
v 1.498809 3.801711 -44.807472
v 1.505051 3.802569 -44.805183
v 1.491248 3.806803 -44.805244
v -1.512500 3.787500 -44.817677
v -1.482322 3.800000 -44.817677
v -1.502604 3.823434 -44.799999
v -1.498484 3.796339 -44.817677
v -1.498809 3.801711 -44.807472
v -1.491248 3.806803 -44.805244
v -1.505051 3.802569 -44.805183
v -2.650000 2.632323 -44.817677
v -2.637500 2.662500 -44.817677
v -2.663247 2.663247 -44.799999
v -2.646339 2.648484 -44.817677
v -2.649557 2.652110 -44.807472
v -2.647465 2.660281 -44.805191
v -2.653911 2.649641 -44.805149
v -2.637500 1.137500 -44.817677
v -2.650000 1.167678 -44.817677
v -2.663586 1.160868 -44.799999
v -2.646339 1.151517 -44.817677
v -2.651210 1.154881 -44.807472
v -2.654039 1.163886 -44.805122
v -2.655278 1.154481 -44.805168
v -1.512500 0.012500 -45.182323
v -1.482322 0.000000 -45.182323
v -1.500000 0.000000 -45.200001
v -1.521252 0.017678 -45.200001
v -1.498483 0.003661 -45.182323
v -1.503016 0.005068 -45.194401
v -1.491161 0.000000 -45.191162
v -1.510626 0.008839 -45.200001
v -1.517919 0.016856 -45.194878
v 1.512500 0.012500 -45.182323
v 1.521252 0.017678 -45.200001
v 1.500000 0.000000 -45.200001
v 1.482322 0.000000 -45.182323
v 1.517919 0.016856 -45.194874
v 1.503016 0.005068 -45.194401
v 1.510626 0.008839 -45.200001
v 1.491161 0.000000 -45.191162
v 1.498483 0.003661 -45.182323
v 2.650000 1.167678 -45.182323
v 2.663586 1.160868 -45.200001
v 2.637500 1.137500 -45.182323
v 2.654039 1.163886 -45.194874
v 2.651210 1.154881 -45.192535
v 2.655278 1.154481 -45.194836
v 2.646339 1.151517 -45.182323
v 2.637500 2.662500 -45.182323
v 2.663247 2.663247 -45.200001
v 2.650000 2.632323 -45.182323
v 2.647465 2.660281 -45.194809
v 2.649557 2.652110 -45.192535
v 2.653911 2.649641 -45.194851
v 2.646339 2.648484 -45.182323
v 1.482322 3.800000 -45.182323
v 1.502604 3.823434 -45.200001
v 1.512500 3.787500 -45.182323
v 1.491248 3.806803 -45.194756
v 1.498809 3.801711 -45.192535
v 1.505051 3.802569 -45.194820
v 1.498484 3.796339 -45.182323
v -1.512500 3.787500 -45.182323
v -1.502604 3.823434 -45.200001
v -1.482322 3.800000 -45.182323
v -1.505051 3.802569 -45.194817
v -1.498809 3.801711 -45.192535
v -1.491248 3.806803 -45.194759
v -1.498483 3.796338 -45.182323
v -2.650000 2.632323 -45.182323
v -2.663247 2.663247 -45.200001
v -2.637500 2.662500 -45.182323
v -2.653911 2.649641 -45.194851
v -2.649557 2.652110 -45.192535
v -2.647465 2.660281 -45.194809
v -2.646339 2.648484 -45.182323
v -2.637500 1.137500 -45.182323
v -2.663586 1.160868 -45.200001
v -2.650000 1.167678 -45.182323
v -2.655278 1.154481 -45.194836
v -2.651210 1.154881 -45.192535
v -2.654039 1.163886 -45.194878
v -2.646339 1.151517 -45.182323
v -1.562500 0.012500 -49.817677
v -1.532322 0.000000 -49.817677
v -1.532322 0.000000 -49.799999
v -1.564103 0.017678 -49.799999
v -1.548483 0.003661 -49.817677
v -1.548765 0.004887 -49.805599
v -1.532322 0.000000 -49.808838
v -1.548213 0.008839 -49.799999
v -1.564349 0.015414 -49.805115
v 1.532322 0.000000 -49.799999
v 1.532322 0.000000 -49.817677
v 1.562500 0.012500 -49.817677
v 1.564103 0.017678 -49.799999
v 1.532322 0.000000 -49.805176
v 1.548765 0.004887 -49.805141
v 1.548483 0.003661 -49.817677
v 1.564349 0.015414 -49.805119
v 1.548213 0.008839 -49.799999
v 2.887500 1.337500 -49.817677
v 2.900000 1.367678 -49.817677
v 2.886415 1.339132 -49.799999
v 2.896339 1.351517 -49.817677
v 2.894558 1.347967 -49.807468
v 2.895989 1.351830 -49.805149
v 2.887290 1.338095 -49.805134
v 2.900000 2.882323 -49.817677
v 2.887500 2.912500 -49.817677
v 2.886753 2.886753 -49.799999
v 2.896339 2.898484 -49.817677
v 2.895098 2.896192 -49.807468
v 2.889719 2.902535 -49.805191
v 2.896054 2.884813 -49.805119
v 1.562500 4.237500 -49.817677
v 1.532322 4.250000 -49.817677
v 1.547396 4.226566 -49.799999
v 1.548483 4.246339 -49.817677
v 1.548629 4.242963 -49.807468
v 1.538951 4.243205 -49.805252
v 1.557669 4.234716 -49.805187
v -1.532322 4.250000 -49.817677
v -1.562500 4.237500 -49.817677
v -1.547396 4.226566 -49.799999
v -1.548483 4.246339 -49.817677
v -1.548629 4.242963 -49.807468
v -1.557669 4.234717 -49.805187
v -1.538951 4.243205 -49.805252
v -2.887500 2.912500 -49.817677
v -2.900000 2.882323 -49.817677
v -2.886753 2.886753 -49.799999
v -2.896339 2.898484 -49.817677
v -2.895098 2.896191 -49.807468
v -2.896054 2.884813 -49.805119
v -2.889719 2.902535 -49.805191
v -2.900000 1.367678 -49.817677
v -2.887500 1.337500 -49.817677
v -2.886415 1.339132 -49.799999
v -2.896339 1.351517 -49.817677
v -2.894557 1.347967 -49.807468
v -2.887290 1.338095 -49.805134
v -2.895989 1.351830 -49.805149
v -1.562500 0.012500 -50.182323
v -1.564103 0.017678 -50.200001
v -1.532322 0.000000 -50.200001
v -1.532322 0.000000 -50.182323
v -1.564349 0.015414 -50.194885
v -1.548765 0.004887 -50.194401
v -1.548213 0.008839 -50.200001
v -1.532322 0.000000 -50.191162
v -1.548483 0.003661 -50.182323
v 1.562500 0.012500 -50.182323
v 1.532322 0.000000 -50.182323
v 1.532322 0.000000 -50.200001
v 1.564103 0.017678 -50.200001
v 1.548483 0.003661 -50.182323
v 1.548765 0.004887 -50.194859
v 1.532322 0.000000 -50.194824
v 1.548213 0.008839 -50.200001
v 1.564349 0.015414 -50.194885
v 2.900000 1.367678 -50.182323
v 2.887500 1.337500 -50.182323
v 2.886415 1.339132 -50.200001
v 2.896339 1.351517 -50.182323
v 2.894557 1.347967 -50.192535
v 2.887290 1.338095 -50.194866
v 2.895989 1.351830 -50.194855
v 2.887500 2.912500 -50.182323
v 2.900000 2.882323 -50.182323
v 2.886753 2.886753 -50.200001
v 2.896339 2.898484 -50.182323
v 2.895098 2.896191 -50.192535
v 2.896054 2.884813 -50.194885
v 2.889719 2.902535 -50.194809
v 1.532322 4.250000 -50.182323
v 1.562500 4.237500 -50.182323
v 1.547396 4.226566 -50.200001
v 1.548483 4.246339 -50.182323
v 1.548629 4.242963 -50.192535
v 1.557669 4.234717 -50.194813
v 1.538951 4.243205 -50.194748
v -1.562500 4.237500 -50.182323
v -1.532322 4.250000 -50.182323
v -1.547396 4.226566 -50.200001
v -1.548483 4.246339 -50.182323
v -1.548629 4.242963 -50.192535
v -1.538951 4.243205 -50.194748
v -1.557669 4.234717 -50.194813
v -2.900000 2.882323 -50.182323
v -2.887500 2.912500 -50.182323
v -2.886753 2.886753 -50.200001
v -2.896339 2.898484 -50.182323
v -2.895098 2.896192 -50.192535
v -2.889719 2.902535 -50.194809
v -2.896054 2.884813 -50.194885
v -2.887500 1.337500 -50.182323
v -2.900000 1.367678 -50.182323
v -2.886415 1.339132 -50.200001
v -2.896339 1.351517 -50.182323
v -2.894558 1.347967 -50.192535
v -2.895989 1.351830 -50.194855
v -2.887290 1.338095 -50.194866
v -1.500000 0.000000 -49.799999
v -1.482322 0.000000 -49.817677
v -1.512500 0.012500 -49.817677
v -1.521252 0.017678 -49.799999
v -1.491161 0.000000 -49.808838
v -1.503016 0.005068 -49.805599
v -1.498483 0.003661 -49.817677
v -1.517919 0.016856 -49.805122
v -1.510626 0.008839 -49.799999
v 1.512500 0.012500 -49.817677
v 1.482322 0.000000 -49.817677
v 1.500000 0.000000 -49.799999
v 1.521252 0.017678 -49.799999
v 1.498483 0.003661 -49.817677
v 1.503474 0.005068 -49.805141
v 1.494822 0.000000 -49.805176
v 1.510626 0.008839 -49.799999
v 1.517919 0.016856 -49.805126
v 2.650000 1.167678 -49.817677
v 2.637500 1.137500 -49.817677
v 2.663586 1.160868 -49.799999
v 2.646339 1.151517 -49.817677
v 2.651210 1.154881 -49.807468
v 2.655278 1.154481 -49.805168
v 2.654039 1.163886 -49.805122
v 2.637500 2.662500 -49.817677
v 2.650000 2.632323 -49.817677
v 2.663247 2.663247 -49.799999
v 2.646339 2.648484 -49.817677
v 2.649557 2.652110 -49.807468
v 2.653911 2.649641 -49.805149
v 2.647465 2.660281 -49.805195
v 1.482322 3.800000 -49.817677
v 1.512500 3.787500 -49.817677
v 1.502604 3.823434 -49.799999
v 1.498483 3.796338 -49.817677
v 1.498809 3.801711 -49.807468
v 1.505051 3.802569 -49.805183
v 1.491248 3.806803 -49.805244
v -1.512500 3.787500 -49.817677
v -1.482322 3.800000 -49.817677
v -1.502604 3.823434 -49.799999
v -1.498484 3.796339 -49.817677
v -1.498809 3.801711 -49.807468
v -1.491248 3.806803 -49.805244
v -1.505051 3.802569 -49.805183
v -2.650000 2.632323 -49.817677
v -2.637500 2.662500 -49.817677
v -2.663247 2.663247 -49.799999
v -2.646339 2.648484 -49.817677
v -2.649557 2.652110 -49.807468
v -2.647465 2.660281 -49.805191
v -2.653911 2.649641 -49.805149
v -2.637500 1.137500 -49.817677
v -2.650000 1.167678 -49.817677
v -2.663586 1.160868 -49.799999
v -2.646339 1.151517 -49.817677
v -2.651210 1.154881 -49.807468
v -2.654039 1.163886 -49.805122
v -2.655278 1.154481 -49.805164
v -1.512500 0.012500 -50.182323
v -1.482322 0.000000 -50.182323
v -1.500000 0.000000 -50.200001
v -1.521252 0.017678 -50.200001
v -1.498483 0.003661 -50.182323
v -1.503016 0.005068 -50.194401
v -1.491161 0.000000 -50.191162
v -1.510626 0.008839 -50.200001
v -1.517919 0.016856 -50.194874
v 1.512500 0.012500 -50.182323
v 1.521252 0.017678 -50.200001
v 1.500000 0.000000 -50.200001
v 1.482322 0.000000 -50.182323
v 1.517919 0.016856 -50.194878
v 1.503016 0.005068 -50.194401
v 1.510626 0.008839 -50.200001
v 1.491161 0.000000 -50.191162
v 1.498483 0.003661 -50.182323
v 2.650000 1.167678 -50.182323
v 2.663586 1.160868 -50.200001
v 2.637500 1.137500 -50.182323
v 2.654039 1.163886 -50.194874
v 2.651210 1.154881 -50.192535
v 2.655278 1.154481 -50.194832
v 2.646339 1.151517 -50.182323
v 2.637500 2.662500 -50.182323
v 2.663247 2.663247 -50.200001
v 2.650000 2.632323 -50.182323
v 2.647465 2.660281 -50.194809
v 2.649557 2.652110 -50.192535
v 2.653911 2.649641 -50.194851
v 2.646339 2.648484 -50.182323
v 1.482322 3.800000 -50.182323
v 1.502604 3.823434 -50.200001
v 1.512500 3.787500 -50.182323
v 1.491248 3.806803 -50.194756
v 1.498809 3.801711 -50.192535
v 1.505051 3.802569 -50.194820
v 1.498484 3.796339 -50.182323
v -1.512500 3.787500 -50.182323
v -1.502604 3.823434 -50.200001
v -1.482322 3.800000 -50.182323
v -1.505051 3.802569 -50.194817
v -1.498809 3.801711 -50.192535
v -1.491248 3.806803 -50.194759
v -1.498483 3.796338 -50.182323
v -2.650000 2.632323 -50.182323
v -2.663247 2.663247 -50.200001
v -2.637500 2.662500 -50.182323
v -2.653911 2.649641 -50.194855
v -2.649557 2.652110 -50.192535
v -2.647465 2.660281 -50.194809
v -2.646339 2.648484 -50.182323
v -2.637500 1.137500 -50.182323
v -2.663586 1.160868 -50.200001
v -2.650000 1.167678 -50.182323
v -2.655278 1.154481 -50.194836
v -2.651210 1.154881 -50.192535
v -2.654039 1.163886 -50.194878
v -2.646339 1.151517 -50.182323
v -1.562500 0.012500 -54.817677
v -1.532322 0.000000 -54.817677
v -1.532322 0.000000 -54.799999
v -1.564103 0.017678 -54.799999
v -1.548483 0.003661 -54.817677
v -1.548765 0.004887 -54.805599
v -1.532322 0.000000 -54.808838
v -1.548213 0.008839 -54.799999
v -1.564349 0.015414 -54.805115
v 1.532322 0.000000 -54.799999
v 1.532322 0.000000 -54.817677
v 1.562500 0.012500 -54.817677
v 1.564103 0.017678 -54.799999
v 1.532322 0.000000 -54.805176
v 1.548765 0.004887 -54.805141
v 1.548483 0.003661 -54.817677
v 1.564349 0.015414 -54.805119
v 1.548213 0.008839 -54.799999
v 2.887500 1.337500 -54.817677
v 2.900000 1.367678 -54.817677
v 2.886415 1.339132 -54.799999
v 2.896339 1.351517 -54.817677
v 2.894558 1.347967 -54.807468
v 2.895989 1.351830 -54.805149
v 2.887290 1.338095 -54.805134
v 2.900000 2.882323 -54.817677
v 2.887500 2.912500 -54.817677
v 2.886753 2.886753 -54.799999
v 2.896339 2.898484 -54.817677
v 2.895098 2.896192 -54.807468
v 2.889719 2.902535 -54.805191
v 2.896054 2.884813 -54.805115
v 1.562500 4.237500 -54.817677
v 1.532322 4.250000 -54.817677
v 1.547396 4.226566 -54.799999
v 1.548483 4.246339 -54.817677
v 1.548629 4.242963 -54.807468
v 1.538951 4.243205 -54.805252
v 1.557669 4.234716 -54.805187
v -1.532322 4.250000 -54.817677
v -1.562500 4.237500 -54.817677
v -1.547396 4.226566 -54.799999
v -1.548483 4.246339 -54.817677
v -1.548629 4.242963 -54.807468
v -1.557669 4.234717 -54.805187
v -1.538951 4.243205 -54.805248
v -2.887500 2.912500 -54.817677
v -2.900000 2.882323 -54.817677
v -2.886753 2.886753 -54.799999
v -2.896339 2.898484 -54.817677
v -2.895098 2.896191 -54.807468
v -2.896054 2.884813 -54.805119
v -2.889719 2.902535 -54.805191
v -2.900000 1.367678 -54.817677
v -2.887500 1.337500 -54.817677
v -2.886415 1.339132 -54.799999
v -2.896339 1.351517 -54.817677
v -2.894557 1.347967 -54.807468
v -2.887290 1.338095 -54.805130
v -2.895989 1.351830 -54.805149
v -1.562500 0.012500 -55.182323
v -1.564103 0.017678 -55.200001
v -1.532322 0.000000 -55.200001
v -1.532322 0.000000 -55.182323
v -1.564349 0.015414 -55.194885
v -1.548765 0.004887 -55.194401
v -1.548213 0.008839 -55.200001
v -1.532322 0.000000 -55.191162
v -1.548483 0.003661 -55.182323
v 1.562500 0.012500 -55.182323
v 1.532322 0.000000 -55.182323
v 1.532322 0.000000 -55.200001
v 1.564103 0.017678 -55.200001
v 1.548483 0.003661 -55.182323
v 1.548765 0.004887 -55.194859
v 1.532322 0.000000 -55.194824
v 1.548213 0.008839 -55.200001
v 1.564349 0.015414 -55.194885
v 2.900000 1.367678 -55.182323
v 2.887500 1.337500 -55.182323
v 2.886415 1.339132 -55.200001
v 2.896339 1.351517 -55.182323
v 2.894557 1.347967 -55.192532
v 2.887290 1.338095 -55.194866
v 2.895989 1.351830 -55.194851
v 2.887500 2.912500 -55.182323
v 2.900000 2.882323 -55.182323
v 2.886753 2.886753 -55.200001
v 2.896339 2.898484 -55.182323
v 2.895098 2.896191 -55.192532
v 2.896054 2.884813 -55.194881
v 2.889719 2.902535 -55.194809
v 1.532322 4.250000 -55.182323
v 1.562500 4.237500 -55.182323
v 1.547396 4.226566 -55.200001
v 1.548483 4.246339 -55.182323
v 1.548629 4.242963 -55.192532
v 1.557669 4.234717 -55.194813
v 1.538951 4.243205 -55.194744
v -1.562500 4.237500 -55.182323
v -1.532322 4.250000 -55.182323
v -1.547396 4.226566 -55.200001
v -1.548483 4.246339 -55.182323
v -1.548629 4.242963 -55.192532
v -1.538951 4.243205 -55.194748
v -1.557669 4.234717 -55.194809
v -2.900000 2.882323 -55.182323
v -2.887500 2.912500 -55.182323
v -2.886753 2.886753 -55.200001
v -2.896339 2.898484 -55.182323
v -2.895098 2.896192 -55.192532
v -2.889719 2.902535 -55.194809
v -2.896054 2.884813 -55.194885
v -2.887500 1.337500 -55.182323
v -2.900000 1.367678 -55.182323
v -2.886415 1.339132 -55.200001
v -2.896339 1.351517 -55.182323
v -2.894558 1.347967 -55.192532
v -2.895989 1.351830 -55.194851
v -2.887290 1.338095 -55.194866
v -1.500000 0.000000 -54.799999
v -1.482322 0.000000 -54.817677
v -1.512500 0.012500 -54.817677
v -1.521252 0.017678 -54.799999
v -1.491161 0.000000 -54.808838
v -1.503016 0.005068 -54.805599
v -1.498483 0.003661 -54.817677
v -1.517919 0.016856 -54.805126
v -1.510626 0.008839 -54.799999
v 1.512500 0.012500 -54.817677
v 1.482322 0.000000 -54.817677
v 1.500000 0.000000 -54.799999
v 1.521252 0.017678 -54.799999
v 1.498483 0.003661 -54.817677
v 1.503474 0.005068 -54.805141
v 1.494822 0.000000 -54.805176
v 1.510626 0.008839 -54.799999
v 1.517919 0.016856 -54.805122
v 2.650000 1.167678 -54.817677
v 2.637500 1.137500 -54.817677
v 2.663586 1.160868 -54.799999
v 2.646339 1.151517 -54.817677
v 2.651210 1.154881 -54.807468
v 2.655278 1.154481 -54.805168
v 2.654039 1.163886 -54.805126
v 2.637500 2.662500 -54.817677
v 2.650000 2.632323 -54.817677
v 2.663247 2.663247 -54.799999
v 2.646339 2.648484 -54.817677
v 2.649557 2.652110 -54.807468
v 2.653911 2.649641 -54.805149
v 2.647465 2.660281 -54.805191
v 1.482322 3.800000 -54.817677
v 1.512500 3.787500 -54.817677
v 1.502604 3.823434 -54.799999
v 1.498483 3.796338 -54.817673
v 1.498809 3.801711 -54.807468
v 1.505051 3.802569 -54.805180
v 1.491248 3.806803 -54.805244
v -1.512500 3.787500 -54.817677
v -1.482322 3.800000 -54.817677
v -1.502604 3.823434 -54.799999
v -1.498484 3.796339 -54.817677
v -1.498809 3.801711 -54.807468
v -1.491248 3.806803 -54.805244
v -1.505051 3.802569 -54.805180
v -2.650000 2.632323 -54.817677
v -2.637500 2.662500 -54.817677
v -2.663247 2.663247 -54.799999
v -2.646339 2.648484 -54.817677
v -2.649557 2.652110 -54.807468
v -2.647465 2.660281 -54.805191
v -2.653911 2.649641 -54.805149
v -2.637500 1.137500 -54.817677
v -2.650000 1.167678 -54.817677
v -2.663586 1.160868 -54.799999
v -2.646339 1.151517 -54.817677
v -2.651210 1.154881 -54.807468
v -2.654039 1.163886 -54.805122
v -2.655278 1.154481 -54.805164
v -1.512500 0.012500 -55.182323
v -1.482322 0.000000 -55.182323
v -1.500000 0.000000 -55.200001
v -1.521252 0.017678 -55.200001
v -1.498483 0.003661 -55.182323
v -1.503016 0.005068 -55.194401
v -1.491161 0.000000 -55.191162
v -1.510626 0.008839 -55.200001
v -1.517919 0.016856 -55.194874
v 1.512500 0.012500 -55.182323
v 1.521252 0.017678 -55.200001
v 1.500000 0.000000 -55.200001
v 1.482322 0.000000 -55.182323
v 1.517919 0.016856 -55.194878
v 1.503016 0.005068 -55.194401
v 1.510626 0.008839 -55.200001
v 1.491161 0.000000 -55.191162
v 1.498483 0.003661 -55.182323
v 2.650000 1.167678 -55.182323
v 2.663586 1.160868 -55.200001
v 2.637500 1.137500 -55.182323
v 2.654039 1.163886 -55.194878
v 2.651210 1.154881 -55.192532
v 2.655278 1.154481 -55.194832
v 2.646339 1.151517 -55.182323
v 2.637500 2.662500 -55.182323
v 2.663247 2.663247 -55.200001
v 2.650000 2.632323 -55.182323
v 2.647465 2.660281 -55.194809
v 2.649557 2.652110 -55.192532
v 2.653911 2.649641 -55.194851
v 2.646339 2.648484 -55.182323
v 1.482322 3.800000 -55.182323
v 1.502604 3.823434 -55.200001
v 1.512500 3.787500 -55.182323
v 1.491248 3.806803 -55.194759
v 1.498809 3.801711 -55.192532
v 1.505051 3.802569 -55.194820
v 1.498484 3.796339 -55.182323
v -1.512500 3.787500 -55.182323
v -1.502604 3.823434 -55.200001
v -1.482322 3.800000 -55.182323
v -1.505051 3.802569 -55.194820
v -1.498809 3.801711 -55.192532
v -1.491248 3.806803 -55.194759
v -1.498483 3.796338 -55.182320
v -2.650000 2.632323 -55.182323
v -2.663247 2.663247 -55.200001
v -2.637500 2.662500 -55.182323
v -2.653911 2.649641 -55.194851
v -2.649557 2.652110 -55.192532
v -2.647465 2.660281 -55.194809
v -2.646339 2.648484 -55.182323
v -2.637500 1.137500 -55.182323
v -2.663586 1.160868 -55.200001
v -2.650000 1.167678 -55.182323
v -2.655278 1.154481 -55.194832
v -2.651210 1.154881 -55.192532
v -2.654039 1.163886 -55.194874
v -2.646339 1.151517 -55.182323
v -1.562500 0.012500 -59.817677
v -1.532322 0.000000 -59.817677
v -1.532322 0.000000 -59.799999
v -1.564103 0.017678 -59.799999
v -1.548483 0.003661 -59.817677
v -1.548765 0.004887 -59.805599
v -1.532322 0.000000 -59.808838
v -1.548213 0.008839 -59.799999
v -1.564349 0.015414 -59.805115
v 1.532322 0.000000 -59.799999
v 1.532322 0.000000 -59.817677
v 1.562500 0.012500 -59.817677
v 1.564103 0.017678 -59.799999
v 1.532322 0.000000 -59.805176
v 1.548765 0.004887 -59.805141
v 1.548483 0.003661 -59.817677
v 1.564349 0.015414 -59.805119
v 1.548213 0.008839 -59.799999
v 2.887500 1.337500 -59.817677
v 2.900000 1.367678 -59.817677
v 2.886415 1.339132 -59.799999
v 2.896339 1.351517 -59.817677
v 2.894558 1.347967 -59.807472
v 2.895989 1.351830 -59.805145
v 2.887290 1.338095 -59.805134
v 2.900000 2.882323 -59.817677
v 2.887500 2.912500 -59.817677
v 2.886753 2.886753 -59.799999
v 2.896339 2.898484 -59.817677
v 2.895098 2.896192 -59.807472
v 2.889719 2.902535 -59.805191
v 2.896054 2.884813 -59.805115
v 1.562500 4.237500 -59.817677
v 1.532322 4.250000 -59.817677
v 1.547396 4.226566 -59.799999
v 1.548483 4.246339 -59.817677
v 1.548629 4.242963 -59.807472
v 1.538951 4.243205 -59.805252
v 1.557669 4.234716 -59.805187
v -1.532322 4.250000 -59.817677
v -1.562500 4.237500 -59.817677
v -1.547396 4.226566 -59.799999
v -1.548483 4.246339 -59.817677
v -1.548629 4.242963 -59.807472
v -1.557669 4.234717 -59.805187
v -1.538951 4.243205 -59.805248
v -2.887500 2.912500 -59.817677
v -2.900000 2.882323 -59.817677
v -2.886753 2.886753 -59.799999
v -2.896339 2.898484 -59.817677
v -2.895098 2.896191 -59.807472
v -2.896054 2.884813 -59.805119
v -2.889719 2.902535 -59.805187
v -2.900000 1.367678 -59.817677
v -2.887500 1.337500 -59.817677
v -2.886415 1.339132 -59.799999
v -2.896339 1.351517 -59.817677
v -2.894557 1.347967 -59.807472
v -2.887290 1.338095 -59.805134
v -2.895989 1.351830 -59.805145
v -1.562500 0.012500 -60.182323
v -1.564103 0.017678 -60.200001
v -1.532322 0.000000 -60.200001
v -1.532322 0.000000 -60.182323
v -1.564349 0.015414 -60.194885
v -1.548765 0.004887 -60.194401
v -1.548213 0.008839 -60.200001
v -1.532322 0.000000 -60.191162
v -1.548483 0.003661 -60.182323
v 1.562500 0.012500 -60.182323
v 1.532322 0.000000 -60.182323
v 1.532322 0.000000 -60.200001
v 1.564103 0.017678 -60.200001
v 1.548483 0.003661 -60.182323
v 1.548765 0.004887 -60.194859
v 1.532322 0.000000 -60.194824
v 1.548213 0.008839 -60.200001
v 1.564349 0.015414 -60.194885
v 2.900000 1.367678 -60.182323
v 2.887500 1.337500 -60.182323
v 2.886415 1.339132 -60.200001
v 2.896339 1.351517 -60.182323
v 2.894557 1.347967 -60.192535
v 2.887290 1.338095 -60.194866
v 2.895989 1.351830 -60.194851
v 2.887500 2.912500 -60.182323
v 2.900000 2.882323 -60.182323
v 2.886753 2.886753 -60.200001
v 2.896339 2.898484 -60.182323
v 2.895098 2.896191 -60.192535
v 2.896054 2.884813 -60.194885
v 2.889719 2.902535 -60.194809
v 1.532322 4.250000 -60.182323
v 1.562500 4.237500 -60.182323
v 1.547396 4.226566 -60.200001
v 1.548483 4.246339 -60.182323
v 1.548629 4.242963 -60.192535
v 1.557669 4.234717 -60.194813
v 1.538951 4.243205 -60.194748
v -1.562500 4.237500 -60.182323
v -1.532322 4.250000 -60.182323
v -1.547396 4.226566 -60.200001
v -1.548483 4.246339 -60.182323
v -1.548629 4.242963 -60.192535
v -1.538951 4.243205 -60.194748
v -1.557669 4.234717 -60.194813
v -2.900000 2.882323 -60.182323
v -2.887500 2.912500 -60.182323
v -2.886753 2.886753 -60.200001
v -2.896339 2.898484 -60.182323
v -2.895098 2.896192 -60.192535
v -2.889719 2.902535 -60.194813
v -2.896054 2.884813 -60.194885
v -2.887500 1.337500 -60.182323
v -2.900000 1.367678 -60.182323
v -2.886415 1.339132 -60.200001
v -2.896339 1.351517 -60.182323
v -2.894558 1.347967 -60.192535
v -2.895989 1.351830 -60.194851
v -2.887290 1.338095 -60.194866
v -1.500000 0.000000 -59.799999
v -1.482322 0.000000 -59.817677
v -1.512500 0.012500 -59.817677
v -1.521252 0.017678 -59.799999
v -1.491161 0.000000 -59.808838
v -1.503016 0.005068 -59.805599
v -1.498483 0.003661 -59.817677
v -1.517919 0.016856 -59.805126
v -1.510626 0.008839 -59.799999
v 1.512500 0.012500 -59.817677
v 1.482322 0.000000 -59.817677
v 1.500000 0.000000 -59.799999
v 1.521252 0.017678 -59.799999
v 1.498483 0.003661 -59.817677
v 1.503474 0.005068 -59.805141
v 1.494822 0.000000 -59.805176
v 1.510626 0.008839 -59.799999
v 1.517919 0.016856 -59.805126
v 2.650000 1.167678 -59.817677
v 2.637500 1.137500 -59.817677
v 2.663586 1.160868 -59.799999
v 2.646339 1.151517 -59.817677
v 2.651210 1.154881 -59.807472
v 2.655278 1.154481 -59.805168
v 2.654039 1.163886 -59.805122
v 2.637500 2.662500 -59.817677
v 2.650000 2.632323 -59.817677
v 2.663247 2.663247 -59.799999
v 2.646339 2.648484 -59.817677
v 2.649557 2.652110 -59.807472
v 2.653911 2.649641 -59.805149
v 2.647465 2.660281 -59.805191
v 1.482322 3.800000 -59.817677
v 1.512500 3.787500 -59.817677
v 1.502604 3.823434 -59.799999
v 1.498483 3.796338 -59.817677
v 1.498809 3.801711 -59.807472
v 1.505051 3.802569 -59.805180
v 1.491248 3.806803 -59.805241
v -1.512500 3.787500 -59.817677
v -1.482322 3.800000 -59.817677
v -1.502604 3.823434 -59.799999
v -1.498484 3.796339 -59.817677
v -1.498809 3.801711 -59.807472
v -1.491248 3.806803 -59.805244
v -1.505051 3.802569 -59.805180
v -2.650000 2.632323 -59.817677
v -2.637500 2.662500 -59.817677
v -2.663247 2.663247 -59.799999
v -2.646339 2.648484 -59.817677
v -2.649557 2.652110 -59.807472
v -2.647465 2.660281 -59.805187
v -2.653911 2.649641 -59.805149
v -2.637500 1.137500 -59.817677
v -2.650000 1.167678 -59.817677
v -2.663586 1.160868 -59.799999
v -2.646339 1.151517 -59.817677
v -2.651210 1.154881 -59.807472
v -2.654039 1.163886 -59.805122
v -2.655278 1.154481 -59.805164
v -1.512500 0.012500 -60.182323
v -1.482322 0.000000 -60.182323
v -1.500000 0.000000 -60.200001
v -1.521252 0.017678 -60.200001
v -1.498483 0.003661 -60.182323
v -1.503016 0.005068 -60.194401
v -1.491161 0.000000 -60.191162
v -1.510626 0.008839 -60.200001
v -1.517919 0.016856 -60.194874
v 1.512500 0.012500 -60.182323
v 1.521252 0.017678 -60.200001
v 1.500000 0.000000 -60.200001
v 1.482322 0.000000 -60.182323
v 1.517919 0.016856 -60.194874
v 1.503016 0.005068 -60.194401
v 1.510626 0.008839 -60.200001
v 1.491161 0.000000 -60.191162
v 1.498483 0.003661 -60.182323
v 2.650000 1.167678 -60.182323
v 2.663586 1.160868 -60.200001
v 2.637500 1.137500 -60.182323
v 2.654039 1.163886 -60.194878
v 2.651210 1.154881 -60.192535
v 2.655278 1.154481 -60.194832
v 2.646339 1.151517 -60.182323
v 2.637500 2.662500 -60.182323
v 2.663247 2.663247 -60.200001
v 2.650000 2.632323 -60.182323
v 2.647465 2.660281 -60.194813
v 2.649557 2.652110 -60.192535
v 2.653911 2.649641 -60.194855
v 2.646339 2.648484 -60.182323
v 1.482322 3.800000 -60.182323
v 1.502604 3.823434 -60.200001
v 1.512500 3.787500 -60.182323
v 1.491248 3.806803 -60.194756
v 1.498809 3.801711 -60.192535
v 1.505051 3.802569 -60.194817
v 1.498484 3.796339 -60.182323
v -1.512500 3.787500 -60.182323
v -1.502604 3.823434 -60.200001
v -1.482322 3.800000 -60.182323
v -1.505051 3.802569 -60.194820
v -1.498809 3.801711 -60.192535
v -1.491248 3.806803 -60.194759
v -1.498483 3.796338 -60.182320
v -2.650000 2.632323 -60.182323
v -2.663247 2.663247 -60.200001
v -2.637500 2.662500 -60.182323
v -2.653911 2.649641 -60.194855
v -2.649557 2.652110 -60.192535
v -2.647465 2.660281 -60.194813
v -2.646339 2.648484 -60.182323
v -2.637500 1.137500 -60.182323
v -2.663586 1.160868 -60.200001
v -2.650000 1.167678 -60.182323
v -2.655278 1.154481 -60.194836
v -2.651210 1.154881 -60.192535
v -2.654039 1.163886 -60.194878
v -2.646339 1.151517 -60.182323
v -1.562500 0.012500 -64.817680
v -1.532322 0.000000 -64.817680
v -1.532322 0.000000 -64.800003
v -1.564103 0.017678 -64.800003
v -1.548483 0.003661 -64.817680
v -1.548765 0.004887 -64.805603
v -1.532322 0.000000 -64.808838
v -1.548213 0.008839 -64.800003
v -1.564350 0.015415 -64.805115
v 1.532322 0.000000 -64.800003
v 1.532322 0.000000 -64.817680
v 1.562500 0.012500 -64.817680
v 1.564103 0.017678 -64.800003
v 1.532322 0.000000 -64.805176
v 1.548765 0.004887 -64.805145
v 1.548483 0.003661 -64.817680
v 1.564350 0.015415 -64.805115
v 1.548213 0.008839 -64.800003
v 2.887500 1.337500 -64.817680
v 2.900000 1.367678 -64.817680
v 2.886415 1.339132 -64.800003
v 2.896339 1.351517 -64.817680
v 2.894558 1.347966 -64.807480
v 2.895989 1.351823 -64.805145
v 2.887290 1.338096 -64.805138
v 2.900000 2.882323 -64.817680
v 2.887500 2.912500 -64.817680
v 2.886753 2.886753 -64.800003
v 2.896339 2.898484 -64.817680
v 2.895098 2.896191 -64.807480
v 2.889720 2.902534 -64.805183
v 2.896053 2.884814 -64.805115
v 1.562500 4.237500 -64.817680
v 1.532322 4.250000 -64.817680
v 1.547396 4.226566 -64.800003
v 1.548483 4.246339 -64.817680
v 1.548629 4.242963 -64.807480
v 1.538952 4.243205 -64.805252
v 1.557669 4.234716 -64.805183
v -1.532322 4.250000 -64.817680
v -1.562500 4.237500 -64.817680
v -1.547396 4.226566 -64.800003
v -1.548483 4.246339 -64.817680
v -1.548629 4.242963 -64.807480
v -1.557668 4.234716 -64.805191
v -1.538951 4.243204 -64.805252
v -2.887500 2.912500 -64.817680
v -2.900000 2.882323 -64.817680
v -2.886753 2.886753 -64.800003
v -2.896339 2.898484 -64.817680
v -2.895098 2.896191 -64.807480
v -2.896053 2.884814 -64.805115
v -2.889720 2.902534 -64.805191
v -2.900000 1.367678 -64.817680
v -2.887500 1.337500 -64.817680
v -2.886415 1.339132 -64.800003
v -2.896339 1.351517 -64.817680
v -2.894557 1.347966 -64.807480
v -2.887290 1.338096 -64.805138
v -2.895989 1.351824 -64.805145
v -1.562500 0.012500 -65.182320
v -1.564103 0.017678 -65.199997
v -1.532322 0.000000 -65.199997
v -1.532322 0.000000 -65.182320
v -1.564350 0.015415 -65.194885
v -1.548765 0.004887 -65.194389
v -1.548213 0.008839 -65.199997
v -1.532322 0.000000 -65.191162
v -1.548483 0.003661 -65.182320
v 1.562500 0.012500 -65.182320
v 1.532322 0.000000 -65.182320
v 1.532322 0.000000 -65.199997
v 1.564103 0.017678 -65.199997
v 1.548483 0.003661 -65.182320
v 1.548765 0.004887 -65.194855
v 1.532322 0.000000 -65.194824
v 1.548213 0.008839 -65.199997
v 1.564350 0.015415 -65.194885
v 2.900000 1.367678 -65.182320
v 2.887500 1.337500 -65.182320
v 2.886415 1.339132 -65.199997
v 2.896339 1.351517 -65.182320
v 2.894557 1.347966 -65.192520
v 2.887290 1.338096 -65.194870
v 2.895989 1.351824 -65.194855
v 2.887500 2.912500 -65.182320
v 2.900000 2.882323 -65.182320
v 2.886753 2.886753 -65.199997
v 2.896339 2.898484 -65.182320
v 2.895098 2.896191 -65.192520
v 2.896053 2.884814 -65.194878
v 2.889720 2.902534 -65.194809
v 1.532322 4.250000 -65.182320
v 1.562500 4.237500 -65.182320
v 1.547396 4.226566 -65.199997
v 1.548483 4.246339 -65.182320
v 1.548629 4.242963 -65.192520
v 1.557668 4.234716 -65.194809
v 1.538951 4.243204 -65.194748
v -1.562500 4.237500 -65.182320
v -1.532322 4.250000 -65.182320
v -1.547396 4.226566 -65.199997
v -1.548483 4.246339 -65.182320
v -1.548629 4.242963 -65.192520
v -1.538951 4.243205 -65.194748
v -1.557668 4.234716 -65.194817
v -2.900000 2.882323 -65.182320
v -2.887500 2.912500 -65.182320
v -2.886753 2.886753 -65.199997
v -2.896339 2.898484 -65.182320
v -2.895098 2.896191 -65.192520
v -2.889720 2.902534 -65.194809
v -2.896053 2.884814 -65.194878
v -2.887500 1.337500 -65.182320
v -2.900000 1.367678 -65.182320
v -2.886415 1.339132 -65.199997
v -2.896339 1.351517 -65.182320
v -2.894558 1.347966 -65.192520
v -2.895988 1.351823 -65.194855
v -2.887290 1.338096 -65.194870
v -1.500000 0.000000 -64.800003
v -1.482322 0.000000 -64.817680
v -1.512500 0.012500 -64.817680
v -1.521252 0.017678 -64.800003
v -1.491161 0.000000 -64.808838
v -1.503016 0.005068 -64.805603
v -1.498483 0.003661 -64.817680
v -1.517921 0.016859 -64.805122
v -1.510626 0.008839 -64.800003
v 1.512500 0.012500 -64.817680
v 1.482322 0.000000 -64.817680
v 1.500000 0.000000 -64.800003
v 1.521252 0.017678 -64.800003
v 1.498483 0.003661 -64.817680
v 1.503474 0.005068 -64.805145
v 1.494822 0.000000 -64.805176
v 1.510626 0.008839 -64.800003
v 1.517921 0.016859 -64.805122
v 2.650000 1.167678 -64.817680
v 2.637500 1.137500 -64.817680
v 2.663586 1.160868 -64.800003
v 2.646339 1.151517 -64.817680
v 2.651211 1.154882 -64.807480
v 2.655284 1.154486 -64.805168
v 2.654041 1.163884 -64.805122
v 2.637500 2.662500 -64.817680
v 2.650000 2.632323 -64.817680
v 2.663247 2.663247 -64.800003
v 2.646339 2.648484 -64.817680
v 2.649557 2.652111 -64.807480
v 2.653911 2.649647 -64.805145
v 2.647466 2.660280 -64.805191
v 1.482322 3.800000 -64.817680
v 1.512500 3.787500 -64.817680
v 1.502604 3.823434 -64.800003
v 1.498483 3.796338 -64.817673
v 1.498808 3.801711 -64.807480
v 1.505050 3.802571 -64.805183
v 1.491249 3.806803 -64.805252
v -1.512500 3.787500 -64.817680
v -1.482322 3.800000 -64.817680
v -1.502604 3.823434 -64.800003
v -1.498484 3.796339 -64.817680
v -1.498808 3.801711 -64.807480
v -1.491249 3.806803 -64.805244
v -1.505050 3.802571 -64.805183
v -2.650000 2.632323 -64.817680
v -2.637500 2.662500 -64.817680
v -2.663247 2.663247 -64.800003
v -2.646339 2.648484 -64.817680
v -2.649557 2.652111 -64.807480
v -2.647466 2.660280 -64.805183
v -2.653911 2.649647 -64.805145
v -2.637500 1.137500 -64.817680
v -2.650000 1.167678 -64.817680
v -2.663586 1.160868 -64.800003
v -2.646339 1.151517 -64.817680
v -2.651211 1.154882 -64.807480
v -2.654041 1.163884 -64.805122
v -2.655284 1.154486 -64.805168
v -1.512500 0.012500 -65.182320
v -1.482322 0.000000 -65.182320
v -1.500000 0.000000 -65.199997
v -1.521252 0.017678 -65.199997
v -1.498483 0.003661 -65.182320
v -1.503016 0.005068 -65.194397
v -1.491161 0.000000 -65.191162
v -1.510626 0.008839 -65.199997
v -1.517921 0.016859 -65.194870
v 1.512500 0.012500 -65.182320
v 1.521252 0.017678 -65.199997
v 1.500000 0.000000 -65.199997
v 1.482322 0.000000 -65.182320
v 1.517921 0.016859 -65.194870
v 1.503016 0.005068 -65.194389
v 1.510626 0.008839 -65.199997
v 1.491161 0.000000 -65.191162
v 1.498483 0.003661 -65.182320
v 2.650000 1.167678 -65.182320
v 2.663586 1.160868 -65.199997
v 2.637500 1.137500 -65.182320
v 2.654041 1.163884 -65.194878
v 2.651211 1.154882 -65.192520
v 2.655284 1.154486 -65.194832
v 2.646339 1.151517 -65.182320
v 2.637500 2.662500 -65.182320
v 2.663247 2.663247 -65.199997
v 2.650000 2.632323 -65.182320
v 2.647466 2.660280 -65.194809
v 2.649557 2.652111 -65.192520
v 2.653911 2.649647 -65.194847
v 2.646339 2.648484 -65.182320
v 1.482322 3.800000 -65.182320
v 1.502604 3.823434 -65.199997
v 1.512500 3.787500 -65.182320
v 1.491249 3.806803 -65.194756
v 1.498809 3.801711 -65.192520
v 1.505050 3.802571 -65.194817
v 1.498484 3.796339 -65.182320
v -1.512500 3.787500 -65.182320
v -1.502604 3.823434 -65.199997
v -1.482322 3.800000 -65.182320
v -1.505050 3.802571 -65.194817
v -1.498808 3.801711 -65.192520
v -1.491249 3.806803 -65.194756
v -1.498483 3.796338 -65.182312
v -2.650000 2.632323 -65.182320
v -2.663247 2.663247 -65.199997
v -2.637500 2.662500 -65.182320
v -2.653911 2.649647 -65.194847
v -2.649557 2.652111 -65.192520
v -2.647466 2.660280 -65.194809
v -2.646339 2.648484 -65.182320
v -2.637500 1.137500 -65.182320
v -2.663586 1.160868 -65.199997
v -2.650000 1.167678 -65.182320
v -2.655284 1.154486 -65.194832
v -2.651211 1.154882 -65.192520
v -2.654041 1.163884 -65.194878
v -2.646339 1.151517 -65.182320
v -1.562500 0.012500 -69.817680
v -1.532322 0.000000 -69.817680
v -1.532322 0.000000 -69.800003
v -1.564103 0.017678 -69.800003
v -1.548483 0.003661 -69.817680
v -1.548765 0.004887 -69.805603
v -1.532322 0.000000 -69.808838
v -1.548213 0.008839 -69.800003
v -1.564350 0.015415 -69.805107
v 1.532322 0.000000 -69.800003
v 1.532322 0.000000 -69.817680
v 1.562500 0.012500 -69.817680
v 1.564103 0.017678 -69.800003
v 1.532322 0.000000 -69.805176
v 1.548765 0.004887 -69.805145
v 1.548483 0.003661 -69.817680
v 1.564350 0.015415 -69.805107
v 1.548213 0.008839 -69.800003
v 2.887500 1.337500 -69.817680
v 2.900000 1.367678 -69.817680
v 2.886415 1.339132 -69.800003
v 2.896339 1.351517 -69.817680
v 2.894558 1.347966 -69.807472
v 2.895989 1.351823 -69.805153
v 2.887290 1.338096 -69.805130
v 2.900000 2.882323 -69.817680
v 2.887500 2.912500 -69.817680
v 2.886753 2.886753 -69.800003
v 2.896339 2.898484 -69.817680
v 2.895098 2.896191 -69.807472
v 2.889720 2.902534 -69.805191
v 2.896053 2.884814 -69.805115
v 1.562500 4.237500 -69.817680
v 1.532322 4.250000 -69.817680
v 1.547396 4.226566 -69.800003
v 1.548483 4.246339 -69.817680
v 1.548629 4.242963 -69.807472
v 1.538952 4.243205 -69.805252
v 1.557669 4.234716 -69.805183
v -1.532322 4.250000 -69.817680
v -1.562500 4.237500 -69.817680
v -1.547396 4.226566 -69.800003
v -1.548483 4.246339 -69.817680
v -1.548629 4.242963 -69.807472
v -1.557668 4.234716 -69.805191
v -1.538951 4.243204 -69.805252
v -2.887500 2.912500 -69.817680
v -2.900000 2.882323 -69.817680
v -2.886753 2.886753 -69.800003
v -2.896339 2.898484 -69.817680
v -2.895098 2.896191 -69.807472
v -2.896053 2.884814 -69.805115
v -2.889720 2.902534 -69.805191
v -2.900000 1.367678 -69.817680
v -2.887500 1.337500 -69.817680
v -2.886415 1.339132 -69.800003
v -2.896339 1.351517 -69.817680
v -2.894557 1.347966 -69.807472
v -2.887290 1.338096 -69.805138
v -2.895989 1.351824 -69.805153
v -1.562500 0.012500 -70.182320
v -1.564103 0.017678 -70.199997
v -1.532322 0.000000 -70.199997
v -1.532322 0.000000 -70.182320
v -1.564350 0.015415 -70.194885
v -1.548765 0.004887 -70.194389
v -1.548213 0.008839 -70.199997
v -1.532322 0.000000 -70.191162
v -1.548483 0.003661 -70.182320
v 1.562500 0.012500 -70.182320
v 1.532322 0.000000 -70.182320
v 1.532322 0.000000 -70.199997
v 1.564103 0.017678 -70.199997
v 1.548483 0.003661 -70.182320
v 1.548765 0.004887 -70.194855
v 1.532322 0.000000 -70.194824
v 1.548213 0.008839 -70.199997
v 1.564350 0.015415 -70.194885
v 2.900000 1.367678 -70.182320
v 2.887500 1.337500 -70.182320
v 2.886415 1.339132 -70.199997
v 2.896339 1.351517 -70.182320
v 2.894557 1.347966 -70.192520
v 2.887290 1.338096 -70.194870
v 2.895989 1.351824 -70.194847
v 2.887500 2.912500 -70.182320
v 2.900000 2.882323 -70.182320
v 2.886753 2.886753 -70.199997
v 2.896339 2.898484 -70.182320
v 2.895098 2.896191 -70.192520
v 2.896053 2.884814 -70.194885
v 2.889720 2.902534 -70.194809
v 1.532322 4.250000 -70.182320
v 1.562500 4.237500 -70.182320
v 1.547396 4.226566 -70.199997
v 1.548483 4.246339 -70.182320
v 1.548629 4.242963 -70.192520
v 1.557668 4.234716 -70.194817
v 1.538951 4.243204 -70.194748
v -1.562500 4.237500 -70.182320
v -1.532322 4.250000 -70.182320
v -1.547396 4.226566 -70.199997
v -1.548483 4.246339 -70.182320
v -1.548629 4.242963 -70.192520
v -1.538951 4.243205 -70.194748
v -1.557668 4.234716 -70.194817
v -2.900000 2.882323 -70.182320
v -2.887500 2.912500 -70.182320
v -2.886753 2.886753 -70.199997
v -2.896339 2.898484 -70.182320
v -2.895098 2.896191 -70.192520
v -2.889720 2.902534 -70.194809
v -2.896053 2.884814 -70.194885
v -2.887500 1.337500 -70.182320
v -2.900000 1.367678 -70.182320
v -2.886415 1.339132 -70.199997
v -2.896339 1.351517 -70.182320
v -2.894558 1.347966 -70.192520
v -2.895988 1.351823 -70.194855
v -2.887290 1.338096 -70.194870
v -1.500000 0.000000 -69.800003
v -1.482322 0.000000 -69.817680
v -1.512500 0.012500 -69.817680
v -1.521252 0.017678 -69.800003
v -1.491161 0.000000 -69.808838
v -1.503016 0.005068 -69.805603
v -1.498483 0.003661 -69.817680
v -1.517921 0.016859 -69.805122
v -1.510626 0.008839 -69.800003
v 1.512500 0.012500 -69.817680
v 1.482322 0.000000 -69.817680
v 1.500000 0.000000 -69.800003
v 1.521252 0.017678 -69.800003
v 1.498483 0.003661 -69.817680
v 1.503474 0.005068 -69.805145
v 1.494822 0.000000 -69.805183
v 1.510626 0.008839 -69.800003
v 1.517921 0.016859 -69.805122
v 2.650000 1.167678 -69.817680
v 2.637500 1.137500 -69.817680
v 2.663586 1.160868 -69.800003
v 2.646339 1.151517 -69.817680
v 2.651211 1.154882 -69.807472
v 2.655284 1.154486 -69.805161
v 2.654041 1.163884 -69.805122
v 2.637500 2.662500 -69.817680
v 2.650000 2.632323 -69.817680
v 2.663247 2.663247 -69.800003
v 2.646339 2.648484 -69.817680
v 2.649557 2.652111 -69.807472
v 2.653911 2.649647 -69.805145
v 2.647466 2.660280 -69.805191
v 1.482322 3.800000 -69.817680
v 1.512500 3.787500 -69.817680
v 1.502604 3.823434 -69.800003
v 1.498483 3.796338 -69.817673
v 1.498808 3.801711 -69.807472
v 1.505050 3.802571 -69.805183
v 1.491249 3.806803 -69.805244
v -1.512500 3.787500 -69.817680
v -1.482322 3.800000 -69.817680
v -1.502604 3.823434 -69.800003
v -1.498484 3.796339 -69.817680
v -1.498808 3.801711 -69.807472
v -1.491249 3.806803 -69.805244
v -1.505050 3.802571 -69.805183
v -2.650000 2.632323 -69.817680
v -2.637500 2.662500 -69.817680
v -2.663247 2.663247 -69.800003
v -2.646339 2.648484 -69.817680
v -2.649557 2.652111 -69.807472
v -2.647466 2.660280 -69.805191
v -2.653911 2.649647 -69.805153
v -2.637500 1.137500 -69.817680
v -2.650000 1.167678 -69.817680
v -2.663586 1.160868 -69.800003
v -2.646339 1.151517 -69.817680
v -2.651211 1.154882 -69.807472
v -2.654041 1.163884 -69.805122
v -2.655284 1.154486 -69.805161
v -1.512500 0.012500 -70.182320
v -1.482322 0.000000 -70.182320
v -1.500000 0.000000 -70.199997
v -1.521252 0.017678 -70.199997
v -1.498483 0.003661 -70.182320
v -1.503016 0.005068 -70.194397
v -1.491161 0.000000 -70.191162
v -1.510626 0.008839 -70.199997
v -1.517921 0.016859 -70.194878
v 1.512500 0.012500 -70.182320
v 1.521252 0.017678 -70.199997
v 1.500000 0.000000 -70.199997
v 1.482322 0.000000 -70.182320
v 1.517921 0.016859 -70.194878
v 1.503016 0.005068 -70.194389
v 1.510626 0.008839 -70.199997
v 1.491161 0.000000 -70.191162
v 1.498483 0.003661 -70.182320
v 2.650000 1.167678 -70.182320
v 2.663586 1.160868 -70.199997
v 2.637500 1.137500 -70.182320
v 2.654041 1.163884 -70.194878
v 2.651211 1.154882 -70.192520
v 2.655284 1.154486 -70.194832
v 2.646339 1.151517 -70.182320
v 2.637500 2.662500 -70.182320
v 2.663247 2.663247 -70.199997
v 2.650000 2.632323 -70.182320
v 2.647466 2.660280 -70.194809
v 2.649557 2.652111 -70.192520
v 2.653911 2.649647 -70.194855
v 2.646339 2.648484 -70.182320
v 1.482322 3.800000 -70.182320
v 1.502604 3.823434 -70.199997
v 1.512500 3.787500 -70.182320
v 1.491249 3.806803 -70.194756
v 1.498809 3.801711 -70.192520
v 1.505050 3.802571 -70.194817
v 1.498484 3.796339 -70.182320
v -1.512500 3.787500 -70.182320
v -1.502604 3.823434 -70.199997
v -1.482322 3.800000 -70.182320
v -1.505050 3.802571 -70.194824
v -1.498808 3.801711 -70.192520
v -1.491249 3.806803 -70.194756
v -1.498483 3.796338 -70.182312
v -2.650000 2.632323 -70.182320
v -2.663247 2.663247 -70.199997
v -2.637500 2.662500 -70.182320
v -2.653911 2.649647 -70.194855
v -2.649557 2.652111 -70.192520
v -2.647466 2.660280 -70.194809
v -2.646339 2.648484 -70.182320
v -2.637500 1.137500 -70.182320
v -2.663586 1.160868 -70.199997
v -2.650000 1.167678 -70.182320
v -2.655284 1.154486 -70.194832
v -2.651211 1.154882 -70.192520
v -2.654041 1.163884 -70.194878
v -2.646339 1.151517 -70.182320
vn -0.6930 -0.7203 -0.0310
vn -0.3932 -0.9067 0.1528
vn -0.7052 -0.6830 0.1902
vn 0.0275 -0.9996 -0.0000
vn -0.3551 -0.9337 0.0457
vn 0.0354 -0.9980 -0.0532
vn -0.2849 -0.9586 -0.0000
vn -0.3443 -0.9388 0.0097
vn 0.1485 -0.9491 -0.2779
vn -0.6409 -0.7672 0.0257
vn 0.3515 -0.3189 0.8802
vn -0.0590 -0.1354 0.9890
vn 0.3938 -0.7080 0.5862
vn 0.4341 -0.7523 0.4956
vn -0.1679 0.3900 0.9054
vn 0.3496 -0.9361 0.0380
vn -0.0310 -0.9995 0.0064
vn -0.0402 -0.9982 -0.0442
vn 0.6957 -0.7063 0.1308
vn 0.4528 -0.8549 0.2530
vn 0.3651 -0.9307 -0.0217
vn -0.3526 -0.3311 0.8752
vn 0.6379 -0.7700 0.0085
vn 0.0679 -0.1571 0.9852
vn 0.6898 -0.7240 -0.0020
vn 0.8866 -0.4569 0.0723
vn 0.6616 -0.7176 0.2175
vn 0.7241 -0.2635 0.6373
vn 0.9342 -0.3551 0.0357
vn 0.9994 0.0344 -0.0014
vn -0.1858 -0.3225 0.9281
vn 0.8716 -0.4683 0.1451
vn 0.7504 0.0412 0.6597
vn 0.9990 0.0430 0.0154
vn 0.8076 0.3868 0.4451
vn 0.7242 -0.0488 0.6878
vn 0.6028 0.2820 0.7464
vn 0.9531 0.2940 0.0714
vn 0.7238 0.6898 0.0165
vn 0.1221 -0.2202 0.9678
vn 0.8599 0.1106 0.4983
vn 0.5150 0.4658 0.7196
vn 0.6481 0.7607 0.0357
vn 0.2712 0.7879 0.5528
vn 0.4887 0.4094 0.7704
vn 0.2174 0.5548 0.8031
vn 0.5087 0.8572 0.0801
vn 0.0387 0.9986 0.0351
vn 0.1782 -0.0508 0.9827
vn 0.5230 0.6068 0.5986
vn 0.0405 0.6288 0.7765
vn -0.5087 0.8572 0.0801
vn -0.2174 0.5548 0.8031
vn -0.0387 0.9986 0.0351
vn -0.7357 0.6770 0.0192
vn -0.4431 0.6861 0.5770
vn -0.3333 0.9397 -0.0767
vn 0.1465 0.0602 0.9874
vn 0.0296 0.7655 0.6428
vn -0.4522 0.4999 0.7387
vn -0.9531 0.2940 0.0714
vn -0.6028 0.2820 0.7464
vn -0.7239 0.6897 0.0165
vn -0.9996 -0.0171 0.0237
vn -0.8543 0.1894 0.4840
vn -0.9050 0.4213 -0.0594
vn 0.0681 0.1758 0.9821
vn -0.5814 0.5776 0.5731
vn -0.7545 0.0276 0.6557
vn -0.9342 -0.3551 0.0356
vn -0.7242 -0.2635 0.6373
vn -0.9994 0.0344 -0.0014
vn -0.7497 -0.6587 0.0636
vn -0.8639 -0.4917 0.1090
vn -0.9363 -0.3492 -0.0369
vn -0.1257 0.0928 0.9877
vn -0.8913 -0.3816 0.2449
vn -0.6835 -0.7165 0.1393
vn -0.6966 -0.7047 -0.1348
vn -0.4435 -0.8650 -0.2347
vn -0.3664 -0.9302 0.0209
vn 0.3514 -0.3189 -0.8802
vn -0.6409 -0.7672 -0.0257
vn -0.0590 -0.1354 -0.9890
vn -0.4049 -0.7279 -0.5534
vn -0.4519 -0.7311 -0.5110
vn 0.2159 0.4794 -0.8506
vn -0.3551 -0.9337 -0.0457
vn 0.0354 -0.9980 0.0531
vn 0.6937 -0.7196 0.0306
vn 0.3880 -0.9041 -0.1794
vn 0.7062 -0.6816 -0.1914
vn -0.0310 -0.9995 -0.0064
vn 0.3496 -0.9361 -0.0380
vn -0.0402 -0.9982 0.0442
vn 0.2849 -0.9586 -0.0000
vn 0.3692 -0.9274 0.0610
vn -0.1928 -0.9049 0.3795
vn 0.6379 -0.7701 -0.0084
vn -0.3527 -0.3312 -0.8751
vn 0.0680 -0.1571 -0.9852
vn 0.9342 -0.3551 -0.0356
vn 0.7242 -0.2635 -0.6373
vn 0.9994 0.0344 0.0014
vn 0.7497 -0.6587 -0.0636
vn 0.8639 -0.4917 -0.1090
vn 0.9363 -0.3492 0.0369
vn 0.1257 0.0928 -0.9877
vn 0.8913 -0.3816 -0.2449
vn 0.6835 -0.7165 -0.1393
vn 0.9531 0.2940 -0.0714
vn 0.6028 0.2820 -0.7464
vn 0.7238 0.6898 -0.0165
vn 0.9996 -0.0171 -0.0237
vn 0.8543 0.1894 -0.4840
vn 0.9050 0.4213 0.0594
vn -0.0681 0.1758 -0.9821
vn 0.5813 0.5776 -0.5731
vn 0.7545 0.0276 -0.6557
vn 0.5087 0.8572 -0.0801
vn 0.2174 0.5548 -0.8031
vn 0.0387 0.9986 -0.0351
vn 0.7357 0.6770 -0.0192
vn 0.4431 0.6861 -0.5770
vn 0.3333 0.9397 0.0767
vn -0.1465 0.0602 -0.9874
vn -0.0296 0.7655 -0.6428
vn 0.4522 0.4999 -0.7387
vn -0.6481 0.7607 -0.0357
vn -0.2712 0.7879 -0.5528
vn -0.4887 0.4094 -0.7704
vn -0.2174 0.5548 -0.8031
vn -0.5087 0.8572 -0.0801
vn -0.0387 0.9986 -0.0351
vn -0.1782 -0.0508 -0.9827
vn -0.5230 0.6068 -0.5986
vn -0.0405 0.6288 -0.7765
vn -0.9990 0.0430 -0.0154
vn -0.8076 0.3868 -0.4451
vn -0.7242 -0.0488 -0.6878
vn -0.6028 0.2821 -0.7464
vn -0.9531 0.2940 -0.0714
vn -0.7239 0.6897 -0.0165
vn -0.1221 -0.2202 -0.9678
vn -0.8599 0.1106 -0.4983
vn -0.5150 0.4658 -0.7196
vn -0.6898 -0.7240 0.0020
vn -0.8866 -0.4569 -0.0723
vn -0.6616 -0.7176 -0.2175
vn -0.7241 -0.2635 -0.6373
vn -0.9342 -0.3551 -0.0357
vn -0.9994 0.0344 0.0014
vn 0.1858 -0.3225 -0.9281
vn -0.8716 -0.4683 -0.1451
vn -0.7504 0.0412 -0.6597
vn 0.6034 0.7254 0.3314
vn 0.6847 0.7075 0.1750
vn 0.1114 0.0868 0.9900
vn 0.2616 0.9635 0.0574
vn 0.0926 0.9870 -0.1312
vn -0.0729 0.9938 0.0843
vn 0.6668 0.7441 0.0414
vn 0.3814 0.8901 0.2495
vn 0.3367 0.9399 0.0568
vn 0.6254 -0.3852 0.6787
vn 0.7289 0.6550 0.1993
vn 0.0217 0.0218 0.9995
vn -0.7339 0.6749 0.0775
vn -0.6283 0.7495 0.2086
vn -0.7309 0.6717 0.1207
vn -0.0927 0.9870 -0.1312
vn -0.2616 0.9635 0.0574
vn 0.0729 0.9938 0.0843
vn -0.4521 0.7689 0.4521
vn -0.3518 0.8696 0.3464
vn 0.0353 0.9978 0.0561
vn -0.7289 0.6550 0.1992
vn -0.6253 -0.3851 0.6788
vn -0.0217 0.0218 0.9995
vn -0.9722 -0.1750 0.1556
vn -0.8311 0.1335 0.5398
vn -0.7772 -0.0044 0.6292
vn -0.6080 0.7489 -0.2635
vn -0.8805 0.4520 0.1431
vn -0.8195 0.4611 -0.3403
vn -0.7653 -0.1249 0.6314
vn -0.0371 0.8285 0.5588
vn 0.0037 0.0005 1.0000
vn -0.5815 -0.7687 0.2664
vn -0.6231 -0.2911 0.7259
vn -0.4573 -0.4131 0.7876
vn -0.8522 0.1624 0.4973
vn -0.9654 -0.2577 -0.0403
vn -0.9974 0.0690 0.0196
vn -0.3376 -0.4926 0.8021
vn -0.5454 0.2463 0.8011
vn 0.0780 0.0470 0.9958
vn 0.1455 -0.9447 0.2939
vn -0.2370 -0.5726 0.7848
vn -0.0334 -0.5313 0.8466
vn -0.6828 -0.4228 0.5959
vn -0.5135 -0.8575 -0.0327
vn -0.7512 -0.6593 0.0315
vn 0.1077 -0.5302 0.8410
vn -0.5120 -0.2386 0.8252
vn 0.0229 0.0740 0.9970
vn 0.5135 -0.8575 -0.0327
vn 0.6827 -0.4228 0.5959
vn 0.7512 -0.6593 0.0315
vn 0.0113 -0.9957 -0.0914
vn 0.3575 -0.7348 0.5764
vn 0.3356 -0.9355 -0.1100
vn 0.5120 -0.2385 0.8252
vn -0.1077 -0.5302 0.8410
vn -0.0229 0.0741 0.9970
vn 0.9654 -0.2578 -0.0403
vn 0.8522 0.1624 0.4973
vn 0.9974 0.0690 0.0196
vn 0.7122 -0.6980 -0.0747
vn 0.7997 -0.2835 0.5293
vn 0.9055 -0.4163 -0.0817
vn 0.5454 0.2463 0.8012
vn 0.3376 -0.4926 0.8021
vn -0.0780 0.0470 0.9958
vn 0.5683 0.4387 0.6962
vn 0.4432 -0.2166 0.8698
vn 0.5914 0.4443 0.6730
vn 0.9984 0.0527 -0.0191
vn 0.8020 0.3458 0.4870
vn 0.9223 0.3863 0.0065
vn 0.0371 0.8285 0.5588
vn 0.7653 -0.1248 0.6314
vn -0.0037 0.0005 1.0000
vn 0.7339 0.6749 -0.0775
vn 0.6283 0.7495 -0.2086
vn 0.7309 0.6717 -0.1207
vn 0.0927 0.9870 0.1312
vn 0.2616 0.9635 -0.0574
vn -0.0729 0.9938 -0.0843
vn 0.4521 0.7689 -0.4521
vn 0.3518 0.8696 -0.3464
vn -0.0353 0.9978 -0.0561
vn 0.7289 0.6550 -0.1992
vn 0.6253 -0.3851 -0.6788
vn 0.0217 0.0218 -0.9995
vn -0.6668 0.7441 -0.0414
vn -0.3814 0.8901 -0.2495
vn -0.3367 0.9399 -0.0568
vn -0.6254 -0.3852 -0.6787
vn -0.7289 0.6550 -0.1993
vn -0.0217 0.0218 -0.9995
vn -0.6034 0.7254 -0.3314
vn -0.6847 0.7075 -0.1750
vn -0.1114 0.0868 -0.9900
vn -0.2616 0.9635 -0.0574
vn -0.0926 0.9870 0.1312
vn 0.0729 0.9938 -0.0843
vn -0.9984 0.0527 0.0192
vn -0.8021 0.3458 -0.4870
vn -0.9223 0.3863 -0.0065
vn -0.0371 0.8285 -0.5588
vn -0.7653 -0.1248 -0.6314
vn 0.0037 0.0005 -1.0000
vn -0.5683 0.4387 -0.6962
vn -0.4432 -0.2166 -0.8699
vn -0.5914 0.4443 -0.6730
vn -0.7122 -0.6980 0.0747
vn -0.7997 -0.2835 -0.5293
vn -0.9055 -0.4163 0.0817
vn -0.5454 0.2463 -0.8012
vn -0.3376 -0.4926 -0.8021
vn 0.0779 0.0470 -0.9958
vn -0.9654 -0.2578 0.0403
vn -0.8522 0.1624 -0.4973
vn -0.9974 0.0691 -0.0195
vn -0.0113 -0.9957 0.0915
vn -0.3575 -0.7348 -0.5764
vn -0.3356 -0.9355 0.1100
vn -0.5120 -0.2385 -0.8252
vn 0.1077 -0.5302 -0.8410
vn 0.0229 0.0741 -0.9970
vn -0.5135 -0.8575 0.0327
vn -0.6827 -0.4228 -0.5959
vn -0.7512 -0.6593 -0.0315
vn 0.6828 -0.4228 -0.5959
vn 0.5135 -0.8575 0.0327
vn 0.7512 -0.6593 -0.0315
vn -0.1077 -0.5302 -0.8410
vn 0.5120 -0.2386 -0.8252
vn -0.0230 0.0741 -0.9970
vn -0.1455 -0.9447 -0.2939
vn 0.2370 -0.5726 -0.7848
vn 0.0334 -0.5313 -0.8465
vn 0.8522 0.1624 -0.4973
vn 0.9654 -0.2577 0.0403
vn 0.9974 0.0690 -0.0196
vn 0.3376 -0.4926 -0.8021
vn 0.5454 0.2463 -0.8011
vn -0.0780 0.0470 -0.9958
vn 0.5815 -0.7687 -0.2664
vn 0.6232 -0.2911 -0.7259
vn 0.4572 -0.4131 -0.7876
vn 0.6080 0.7489 0.2635
vn 0.8805 0.4520 -0.1431
vn 0.8195 0.4611 0.3403
vn 0.7653 -0.1249 -0.6314
vn 0.0371 0.8285 -0.5588
vn -0.0037 0.0005 -1.0000
vn 0.9722 -0.1750 -0.1556
vn 0.8311 0.1335 -0.5398
vn 0.7772 -0.0044 -0.6292
vn -0.6834 -0.7221 -0.1075
vn -0.3828 -0.9238 -0.0050
vn -0.7071 -0.7071 -0.0000
vn -0.3618 -0.9286 -0.0823
vn -0.0002 -1.0000 -0.0067
vn -0.3827 -0.9239 -0.0000
vn -0.0000 -1.0000 -0.0000
vn 0.0273 -0.9938 -0.1075
vn 0.3826 -0.9239 -0.0051
vn 0.0001 -1.0000 -0.0000
vn 0.4008 -0.9124 -0.0824
vn 0.7070 -0.7072 -0.0067
vn 0.3827 -0.9239 -0.0000
vn -0.5287 0.8196 0.2207
vn -0.3827 0.9239 -0.0000
vn -0.7071 0.7071 -0.0000
vn -0.2252 0.9595 0.1689
vn -0.0001 1.0000 -0.0000
vn -0.0000 1.0000 -0.0000
vn 0.2057 0.9534 0.2207
vn 0.3827 0.9239 -0.0000
vn 0.0001 1.0000 -0.0000
vn 0.5192 0.8378 0.1689
vn 0.7071 0.7071 -0.0000
vn -0.0000 -0.0000 1.0000
vn -0.0000 -0.0000 -1.0000
vn 0.6675 -0.7421 0.0602
vn 0.6958 -0.6951 0.1808
vn 0.7071 -0.7071 0.0074
vn 0.5760 -0.7498 0.3255
vn -0.0361 0.0387 0.9986
vn 0.6910 -0.6910 0.2119
vn 0.7220 -0.6834 -0.1075
vn 0.9238 -0.3828 -0.0051
vn 0.7071 -0.7071 -0.0000
vn 0.9286 -0.3618 -0.0823
vn 1.0000 -0.0001 -0.0067
vn 0.9239 -0.3826 -0.0000
vn -0.0362 0.0386 -0.9986
vn 0.5761 -0.7499 -0.3252
vn 0.6910 -0.6911 -0.2119
vn 0.6958 -0.6951 -0.1808
vn 0.6676 -0.7422 -0.0598
vn 0.7071 -0.7071 -0.0074
vn -0.9534 0.2057 0.2207
vn -0.9239 0.3826 -0.0000
vn -1.0000 -0.0000 -0.0000
vn -0.8378 0.5192 0.1689
vn -0.9239 0.3827 -0.0000
vn 0.0378 -0.0351 0.9987
vn -0.7494 0.5768 0.3250
vn -0.6911 0.6911 0.2117
vn -0.6951 0.6959 0.1806
vn -0.7420 0.6677 0.0596
vn -0.7070 0.7071 0.0073
vn -0.7420 0.6677 -0.0600
vn -0.6951 0.6959 -0.1806
vn -0.7070 0.7071 -0.0073
vn -0.7493 0.5768 -0.3253
vn 0.0377 -0.0350 -0.9987
vn -0.6911 0.6911 -0.2117
vn 1.0000 0.0015 0.0028
vn 0.8836 -0.3731 0.2828
vn 0.7695 -0.0001 0.6386
vn 0.7681 0.0014 0.6403
vn 0.4163 -0.4773 0.7739
vn -0.0051 -0.0000 1.0000
vn 0.9938 0.0273 -0.1075
vn 0.9239 0.3826 -0.0052
vn 1.0000 -0.0000 -0.0000
vn 0.9125 0.4008 -0.0823
vn 0.7072 0.7070 -0.0067
vn 0.9239 0.3827 -0.0000
vn 0.4193 -0.4773 -0.7723
vn 0.7681 0.0014 -0.6403
vn -0.0051 -0.0000 -1.0000
vn 0.8846 -0.3731 -0.2798
vn 1.0000 0.0015 -0.0029
vn 0.7695 -0.0000 -0.6386
vn -0.8196 -0.5287 0.2207
vn -0.9239 -0.3827 -0.0000
vn -0.9596 -0.2252 0.1689
vn -0.9239 -0.3826 -0.0000
vn 0.0064 0.0024 1.0000
vn -0.4387 -0.3738 0.8172
vn -0.7674 -0.0000 0.6412
vn -0.7683 0.0023 0.6401
vn -0.9074 -0.3024 0.2920
vn -1.0000 -0.0000 0.0049
vn -0.9065 -0.3024 -0.2946
vn -0.7683 0.0022 -0.6401
vn -1.0000 0.0001 -0.0049
vn -0.4363 -0.3738 -0.8185
vn 0.0065 0.0023 -1.0000
vn -0.7674 -0.0000 -0.6412
vn 0.7058 0.7084 0.0035
vn 0.8685 0.3285 0.3713
vn 0.4897 0.4896 0.7214
vn 0.4886 0.4910 0.7213
vn 0.4994 -0.0197 0.8662
vn -0.0022 -0.0023 1.0000
vn 0.6835 0.7220 -0.1075
vn 0.3828 0.9238 -0.0051
vn 0.3618 0.9286 -0.0823
vn 0.0002 1.0000 -0.0067
vn 0.5012 -0.0179 -0.8651
vn 0.4886 0.4910 -0.7213
vn -0.0022 -0.0023 -1.0000
vn 0.8693 0.3293 -0.3687
vn 0.7058 0.7084 -0.0035
vn 0.4897 0.4896 -0.7214
vn -0.2252 -0.9596 0.1689
vn -0.3826 -0.9239 -0.0000
vn -0.5192 -0.8378 0.1689
vn -0.3828 -0.9239 -0.0000
vn 0.0005 0.0037 1.0000
vn 0.0322 -0.5087 0.8604
vn -0.4898 -0.4898 0.7212
vn -0.4913 -0.4880 0.7214
vn -0.3115 -0.8760 0.3683
vn -0.7071 -0.7071 0.0035
vn -0.3106 -0.8750 -0.3714
vn -0.4913 -0.4880 -0.7214
vn -0.7071 -0.7071 -0.0035
vn 0.0344 -0.5065 -0.8616
vn 0.0005 0.0037 -1.0000
vn -0.4898 -0.4898 -0.7212
vn 0.4799 0.7687 0.4230
vn -0.0012 0.6351 0.7724
vn 0.3729 0.2774 0.8854
vn -0.0012 0.0001 1.0000
vn -0.0000 0.6350 0.7725
vn -0.0273 0.9938 -0.1075
vn -0.3826 0.9239 -0.0051
vn -0.4008 0.9125 -0.0823
vn -0.7070 0.7072 -0.0067
vn 0.3011 0.2888 -0.9088
vn -0.0014 0.6350 -0.7725
vn -0.0000 0.0001 -1.0000
vn -0.0012 0.6351 -0.7724
vn 0.4799 0.7697 -0.4210
vn 0.5287 -0.8196 0.2207
vn 0.2252 -0.9596 0.1689
vn 0.3826 -0.9239 -0.0000
vn 0.3008 -0.2886 0.9090
vn -0.0013 -0.6348 0.7727
vn -0.0000 -0.0001 1.0000
vn 0.3730 -0.8148 0.4439
vn -0.0014 -1.0000 -0.0000
vn -0.0000 -0.6349 0.7726
vn 0.4800 -0.7684 -0.4231
vn -0.0013 -0.6349 -0.7726
vn -0.0013 -0.6348 -0.7727
vn 0.3008 -0.2869 -0.9095
vn -0.0000 -0.0001 -1.0000
vn -0.3130 0.8765 0.3658
vn -0.4945 0.4919 0.7165
vn -0.7071 0.7071 -0.0036
vn 0.0300 0.5100 0.8596
vn -0.0037 0.0011 1.0000
vn -0.4931 0.4931 0.7168
vn -0.7220 0.6835 -0.1075
vn -0.9238 0.3828 -0.0051
vn -0.9286 0.3618 -0.0822
vn -1.0000 0.0001 -0.0067
vn -0.0037 0.0011 -1.0000
vn 0.0281 0.5119 -0.8586
vn -0.4931 0.4930 -0.7168
vn -0.4946 0.4919 -0.7165
vn -0.3138 0.8773 -0.3631
vn -0.7071 0.7071 0.0036
vn 0.9534 -0.2057 0.2207
vn 0.8378 -0.5192 0.1689
vn 0.9239 -0.3827 -0.0000
vn 0.5051 0.0145 0.8630
vn 0.4914 -0.4943 0.7171
vn 0.0021 -0.0022 1.0000
vn 0.8713 -0.3304 0.3630
vn 0.7057 -0.7085 -0.0033
vn 0.4930 -0.4931 0.7168
vn 0.7057 -0.7085 0.0033
vn 0.8704 -0.3295 -0.3659
vn 0.4930 -0.4931 -0.7168
vn 0.4914 -0.4943 -0.7171
vn 0.5030 0.0166 -0.8641
vn 0.0021 -0.0022 -1.0000
vn -0.9087 0.3021 0.2883
vn -0.7733 -0.0022 0.6341
vn -1.0000 -0.0000 -0.0029
vn -0.4451 0.3730 0.8141
vn -0.0056 -0.0023 1.0000
vn -0.7748 -0.0000 0.6323
vn -0.9938 -0.0273 -0.1075
vn -0.9239 -0.3826 -0.0051
vn -0.9125 -0.4008 -0.0823
vn -0.7072 -0.7070 -0.0067
vn -0.0056 -0.0023 -1.0000
vn -0.4474 0.3730 -0.8129
vn -0.7748 -0.0000 -0.6323
vn -0.7733 -0.0022 -0.6340
vn -0.9094 0.3022 -0.2858
vn -1.0000 -0.0000 0.0029
vn 0.8196 0.5287 0.2207
vn 0.9596 0.2252 0.1689
vn 0.9239 0.3826 -0.0000
vn 0.4271 0.4786 0.7672
vn 0.7752 -0.0017 0.6317
vn 0.0062 -0.0000 1.0000
vn 0.8863 0.3738 0.2732
vn 1.0000 -0.0016 -0.0046
vn 0.7744 -0.0001 0.6327
vn 1.0000 -0.0016 0.0046
vn 0.8854 0.3738 -0.2764
vn 0.7744 -0.0001 -0.6327
vn 0.7752 -0.0017 -0.6317
vn 0.4241 0.4786 -0.7688
vn 0.0062 -0.0001 -1.0000
vn 0.0362 0.0386 0.9986
vn -0.5761 -0.7499 0.3252
vn -0.6910 -0.6911 0.2119
vn -0.6958 -0.6951 0.1808
vn -0.6676 -0.7422 0.0598
vn -0.7071 -0.7071 0.0074
vn -0.6675 -0.7421 -0.0602
vn -0.6958 -0.6951 -0.1808
vn -0.7071 -0.7071 -0.0074
vn -0.5760 -0.7498 -0.3255
vn 0.0361 0.0387 -0.9986
vn -0.6910 -0.6910 -0.2119
vn 0.7420 0.6677 0.0600
vn 0.6951 0.6959 0.1806
vn 0.7070 0.7071 0.0073
vn 0.7493 0.5768 0.3253
vn -0.0377 -0.0350 0.9987
vn 0.6911 0.6911 0.2117
vn -0.0378 -0.0351 -0.9987
vn 0.7494 0.5768 -0.3250
vn 0.6911 0.6911 -0.2117
vn 0.6951 0.6959 -0.1806
vn 0.7420 0.6677 -0.0596
vn 0.7070 0.7071 -0.0073
vn -0.3932 -0.9067 0.1529
vn 0.0276 -0.9996 -0.0000
vn -0.0590 -0.1355 0.9890
vn 0.4341 -0.7524 0.4955
vn -0.1678 0.3899 0.9054
vn 0.6957 -0.7063 0.1307
vn 0.4528 -0.8549 0.2531
vn -0.3527 -0.3312 0.8752
vn 0.6379 -0.7701 0.0085
vn 0.0679 -0.1572 0.9852
vn 0.8866 -0.4569 0.0722
vn 0.7242 -0.2634 0.6373
vn 0.9342 -0.3551 0.0356
vn -0.1857 -0.3226 0.9282
vn 0.8716 -0.4682 0.1451
vn 0.7503 0.0413 0.6598
vn 0.8076 0.3869 0.4450
vn 0.7242 -0.0487 0.6878
vn 0.6028 0.2821 0.7464
vn 0.7239 0.6898 0.0165
vn 0.1222 -0.2203 0.9677
vn 0.8600 0.1106 0.4983
vn 0.6482 0.7607 0.0357
vn 0.2173 0.5548 0.8031
vn 0.0388 0.9986 0.0351
vn 0.5230 0.6069 0.5985
vn 0.0406 0.6288 0.7765
vn -0.5088 0.8572 0.0800
vn -0.0388 0.9986 0.0351
vn -0.4431 0.6861 0.5769
vn 0.1467 0.0601 0.9874
vn 0.0297 0.7654 0.6428
vn -0.4520 0.4999 0.7388
vn -0.9531 0.2940 0.0715
vn -0.7239 0.6898 0.0165
vn -0.9996 -0.0171 0.0238
vn -0.8543 0.1895 0.4840
vn 0.0681 0.1759 0.9820
vn -0.5813 0.5776 0.5730
vn -0.7545 0.0276 0.6558
vn -0.9342 -0.3550 0.0356
vn -0.9994 0.0344 -0.0013
vn -0.7497 -0.6587 0.0635
vn -0.8639 -0.4917 0.1089
vn -0.1256 0.0929 0.9877
vn -0.8913 -0.3815 0.2450
vn -0.6835 -0.7165 0.1394
vn 0.3515 -0.3189 -0.8802
vn -0.0590 -0.1355 -0.9890
vn -0.4048 -0.7279 -0.5534
vn -0.4519 -0.7312 -0.5110
vn 0.2160 0.4793 -0.8507
vn 0.6938 -0.7196 0.0306
vn 0.3880 -0.9040 -0.1794
vn 0.7062 -0.6816 -0.1915
vn -0.0403 -0.9982 0.0442
vn 0.3692 -0.9273 0.0610
vn 0.6379 -0.7701 -0.0085
vn 0.0679 -0.1571 -0.9852
vn 0.9342 -0.3550 -0.0356
vn 0.9994 0.0344 0.0013
vn 0.7497 -0.6587 -0.0635
vn 0.8639 -0.4917 -0.1089
vn 0.1256 0.0929 -0.9877
vn 0.8913 -0.3815 -0.2450
vn 0.6836 -0.7165 -0.1394
vn 0.6029 0.2820 -0.7464
vn 0.7239 0.6897 -0.0165
vn 0.8543 0.1894 -0.4841
vn -0.0681 0.1759 -0.9821
vn 0.5813 0.5777 -0.5730
vn 0.7545 0.0276 -0.6558
vn 0.2174 0.5549 -0.8030
vn 0.0387 0.9986 -0.0350
vn 0.7357 0.6770 -0.0191
vn 0.3332 0.9397 0.0767
vn -0.1466 0.0601 -0.9874
vn -0.0296 0.7654 -0.6428
vn 0.4521 0.4998 -0.7388
vn -0.6482 0.7606 -0.0357
vn -0.2174 0.5548 -0.8030
vn -0.5230 0.6069 -0.5985
vn -0.0406 0.6289 -0.7765
vn -0.8077 0.3868 -0.4451
vn -0.7242 -0.0487 -0.6879
vn -0.6028 0.2820 -0.7464
vn -0.7239 0.6898 -0.0165
vn -0.8599 0.1105 -0.4983
vn -0.5149 0.4658 -0.7196
vn -0.6616 -0.7176 -0.2176
vn -0.7242 -0.2635 -0.6373
vn -0.9342 -0.3551 -0.0356
vn 0.1860 -0.3226 -0.9281
vn -0.8715 -0.4684 -0.1450
vn -0.7503 0.0410 -0.6598
vn 0.6033 0.7254 0.3314
vn 0.2616 0.9635 0.0573
vn 0.3814 0.8901 0.2496
vn 0.6253 -0.3853 0.6786
vn 0.7289 0.6549 0.1993
vn -0.2616 0.9635 0.0573
vn -0.4522 0.7688 0.4522
vn -0.7289 0.6550 0.1993
vn -0.6252 -0.3852 0.6787
vn -0.9722 -0.1749 0.1556
vn -0.8195 0.4610 -0.3403
vn -0.7653 -0.1249 0.6315
vn -0.0372 0.8285 0.5588
vn 0.0038 0.0005 1.0000
vn -0.5815 -0.7687 0.2663
vn -0.6232 -0.2911 0.7258
vn -0.8522 0.1624 0.4974
vn -0.9974 0.0690 0.0195
vn -0.5453 0.2464 0.8012
vn -0.2370 -0.5727 0.7847
vn -0.0334 -0.5313 0.8465
vn -0.6827 -0.4228 0.5959
vn -0.5120 -0.2385 0.8252
vn 0.0230 0.0741 0.9970
vn 0.6827 -0.4228 0.5960
vn 0.5120 -0.2384 0.8252
vn -0.1077 -0.5301 0.8410
vn -0.0230 0.0741 0.9970
vn 0.8522 0.1624 0.4974
vn 0.9974 0.0691 0.0195
vn 0.7122 -0.6980 -0.0746
vn 0.9055 -0.4163 -0.0816
vn 0.5453 0.2464 0.8012
vn 0.5683 0.4387 0.6961
vn 0.4433 -0.2166 0.8698
vn 0.5914 0.4442 0.6730
vn 0.8021 0.3458 0.4869
vn 0.9223 0.3863 0.0066
vn 0.7653 -0.1248 0.6315
vn -0.0038 0.0006 1.0000
vn 0.7338 0.6749 -0.0775
vn 0.6282 0.7495 -0.2086
vn 0.2616 0.9635 -0.0573
vn 0.4522 0.7688 -0.4522
vn 0.7289 0.6550 -0.1993
vn 0.6252 -0.3852 -0.6788
vn -0.3814 0.8901 -0.2496
vn -0.6253 -0.3852 -0.6786
vn -0.6033 0.7254 -0.3314
vn -0.2616 0.9635 -0.0573
vn -0.9984 0.0527 0.0191
vn -0.8020 0.3458 -0.4870
vn -0.0371 0.8285 -0.5587
vn -0.7653 -0.1249 -0.6314
vn -0.5683 0.4385 -0.6963
vn -0.4431 -0.2168 -0.8698
vn -0.5913 0.4441 -0.6731
vn -0.9055 -0.4164 0.0817
vn -0.5454 0.2464 -0.8012
vn 0.0779 0.0471 -0.9958
vn -0.8522 0.1624 -0.4974
vn -0.0114 -0.9957 0.0914
vn -0.3357 -0.9355 0.1099
vn -0.5120 -0.2384 -0.8252
vn 0.1077 -0.5301 -0.8410
vn -0.5135 -0.8575 0.0326
vn -0.6827 -0.4228 -0.5960
vn -0.7513 -0.6592 -0.0316
vn 0.6827 -0.4228 -0.5959
vn -0.0229 0.0740 -0.9970
vn 0.2370 -0.5727 -0.7848
vn 0.0334 -0.5313 -0.8466
vn 0.8522 0.1624 -0.4974
vn 0.5454 0.2463 -0.8012
vn 0.5815 -0.7687 -0.2665
vn 0.6232 -0.2910 -0.7259
vn 0.4573 -0.4130 -0.7876
vn 0.8805 0.4520 -0.1430
vn 0.8195 0.4610 0.3404
vn 0.0370 0.8285 -0.5587
vn 0.9722 -0.1749 -0.1556
vn 0.8311 0.1335 -0.5399
vn -0.3828 -0.9238 -0.0051
vn -0.7071 -0.7072 -0.0000
vn 0.4008 -0.9125 -0.0823
vn -0.7071 0.7072 -0.0000
vn 0.6675 -0.7421 0.0601
vn 0.6911 -0.6910 0.2120
vn 0.5760 -0.7500 -0.3252
vn 0.6910 -0.6911 -0.2120
vn 0.6675 -0.7422 -0.0598
vn 0.0378 -0.0350 0.9987
vn -0.6951 0.6958 0.1806
vn -0.7071 0.7071 0.0074
vn -0.6951 0.6958 -0.1806
vn -0.7071 0.7071 -0.0073
vn -0.7493 0.5767 -0.3254
vn 0.0378 -0.0351 -0.9987
vn 1.0000 0.0015 0.0029
vn 0.8836 -0.3732 0.2828
vn 0.7681 0.0015 0.6403
vn 0.4162 -0.4773 0.7739
vn -0.0052 -0.0000 1.0000
vn 0.4192 -0.4773 -0.7723
vn -0.0052 -0.0000 -1.0000
vn 0.8846 -0.3732 -0.2797
vn 0.0065 0.0024 1.0000
vn -0.7683 0.0022 -0.6400
vn -1.0000 0.0001 -0.0048
vn -0.4363 -0.3739 -0.8185
vn 0.7059 0.7083 0.0035
vn 0.8685 0.3284 0.3713
vn 0.4897 0.4896 0.7215
vn -0.0022 -0.0022 1.0000
vn -0.0022 -0.0022 -1.0000
vn 0.8693 0.3292 -0.3687
vn 0.7059 0.7083 -0.0035
vn -0.5287 -0.8196 0.2207
vn 0.0323 -0.5086 0.8604
vn -0.4898 -0.4898 0.7213
vn -0.4913 -0.4880 0.7215
vn -0.3116 -0.8759 0.3683
vn -0.7071 -0.7071 0.0034
vn -0.4912 -0.4880 -0.7215
vn -0.7071 -0.7071 -0.0034
vn -0.0000 0.6351 0.7725
vn 0.3011 0.2887 -0.9088
vn 0.3730 0.8149 -0.4437
vn -0.0014 1.0000 -0.0000
vn -0.0000 0.6351 -0.7724
vn 0.5192 -0.8378 0.1689
vn 0.2058 -0.9534 0.2207
vn 0.3008 -0.2885 0.9090
vn 0.3730 -0.8148 0.4438
vn 0.4800 -0.7685 -0.4231
vn -0.0013 -0.6348 -0.7726
vn 0.3007 -0.2869 -0.9095
vn -0.4945 0.4919 0.7166
vn -0.7071 0.7071 -0.0035
vn 0.0301 0.5100 0.8596
vn -0.0036 0.0011 1.0000
vn -0.4931 0.4930 0.7168
vn -0.7221 0.6834 -0.1075
vn -0.7072 0.7071 -0.0000
vn -0.0037 0.0010 -1.0000
vn 0.0282 0.5119 -0.8586
vn -0.7071 0.7071 0.0035
vn 0.8378 -0.5193 0.1689
vn 0.5050 0.0145 0.8630
vn 0.0021 -0.0021 1.0000
vn 0.8713 -0.3304 0.3629
vn 0.7056 -0.7086 -0.0033
vn 0.8704 -0.3294 -0.3659
vn 0.5029 0.0166 -0.8642
vn 0.0021 -0.0021 -1.0000
vn -0.9086 0.3021 0.2883
vn -0.7748 -0.0000 0.6322
vn -0.4473 0.3730 -0.8129
vn -0.7733 -0.0022 -0.6341
vn -0.9094 0.3021 -0.2858
vn 0.8863 0.3739 0.2732
vn 1.0000 -0.0016 -0.0045
vn 1.0000 -0.0016 0.0045
vn 0.8853 0.3739 -0.2764
vn 0.4240 0.4786 -0.7689
vn -0.6910 -0.6911 0.2120
vn -0.6675 -0.7422 0.0598
vn -0.6675 -0.7421 -0.0601
vn -0.6911 -0.6910 -0.2120
vn 0.6951 0.6958 0.1806
vn 0.7070 0.7071 0.0074
vn 0.7493 0.5767 0.3254
vn -0.0378 -0.0350 0.9987
vn 0.6910 0.6911 0.2117
vn -0.0378 -0.0350 -0.9987
vn 0.6911 0.6911 -0.2116
vn 0.6951 0.6958 -0.1806
vn 0.7420 0.6677 -0.0597
vn 0.7071 0.7071 -0.0074
vn -0.3444 -0.9388 0.0097
vn -0.6408 -0.7673 0.0256
vn -0.0590 -0.1356 0.9890
vn 0.3938 -0.7080 0.5863
vn -0.1679 0.3901 0.9053
vn -0.0403 -0.9982 -0.0442
vn -0.3528 -0.3312 0.8751
vn 0.6379 -0.7701 0.0084
vn 0.0680 -0.1573 0.9852
vn 0.7242 -0.2635 0.6373
vn 0.9342 -0.3550 0.0357
vn 0.9994 0.0344 -0.0013
vn -0.1855 -0.3225 0.9282
vn 0.8717 -0.4680 0.1452
vn 0.7503 0.0416 0.6598
vn 0.8077 0.3868 0.4450
vn 0.7242 -0.0487 0.6879
vn 0.9531 0.2940 0.0715
vn 0.1222 -0.2203 0.9678
vn 0.5150 0.4659 0.7196
vn 0.6482 0.7606 0.0357
vn 0.4888 0.4094 0.7704
vn 0.5087 0.8572 0.0800
vn 0.1783 -0.0508 0.9827
vn 0.0407 0.6288 0.7765
vn -0.5088 0.8572 0.0801
vn -0.7357 0.6771 0.0192
vn -0.4431 0.6862 0.5770
vn 0.1467 0.0603 0.9873
vn 0.0297 0.7656 0.6427
vn -0.4520 0.5000 0.7387
vn -0.6028 0.2821 0.7464
vn -0.7238 0.6898 0.0165
vn -0.8543 0.1895 0.4841
vn 0.0681 0.1759 0.9821
vn -0.5814 0.5776 0.5730
vn -0.9342 -0.3551 0.0357
vn -0.7241 -0.2635 0.6373
vn -0.8639 -0.4918 0.1089
vn -0.1256 0.0928 0.9877
vn -0.8912 -0.3818 0.2449
vn -0.6833 -0.7168 0.1392
vn 0.3515 -0.3188 -0.8802
vn -0.6408 -0.7673 -0.0256
vn -0.0590 -0.1356 -0.9890
vn -0.4519 -0.7312 -0.5111
vn 0.3879 -0.9041 -0.1794
vn 0.7062 -0.6817 -0.1914
vn -0.0310 -0.9995 -0.0065
vn 0.2848 -0.9586 -0.0000
vn 0.3691 -0.9274 0.0610
vn -0.1929 -0.9049 0.3795
vn 0.6378 -0.7701 -0.0084
vn -0.3528 -0.3312 -0.8751
vn 0.0680 -0.1573 -0.9852
vn 0.9342 -0.3550 -0.0357
vn 0.7242 -0.2636 -0.6373
vn 0.8639 -0.4918 -0.1090
vn 0.1256 0.0927 -0.9877
vn 0.8913 -0.3815 -0.2449
vn 0.6835 -0.7166 -0.1393
vn 0.9531 0.2940 -0.0715
vn 0.9996 -0.0171 -0.0238
vn 0.5814 0.5776 -0.5730
vn 0.5088 0.8571 -0.0801
vn 0.2175 0.5548 -0.8030
vn 0.0388 0.9986 -0.0351
vn -0.1466 0.0603 -0.9874
vn -0.0297 0.7655 -0.6428
vn 0.4521 0.5000 -0.7387
vn -0.2711 0.7880 -0.5528
vn -0.4887 0.4095 -0.7704
vn -0.1783 -0.0510 -0.9827
vn -0.0406 0.6287 -0.7766
vn -0.7242 -0.0487 -0.6878
vn -0.8599 0.1106 -0.4984
vn -0.5149 0.4659 -0.7196
vn -0.8866 -0.4569 -0.0722
vn -0.9994 0.0344 0.0013
vn 0.1859 -0.3225 -0.9281
vn -0.8715 -0.4684 -0.1451
vn -0.7503 0.0411 -0.6598
vn 0.6034 0.7253 0.3314
vn 0.2615 0.9635 0.0573
vn -0.7466 0.6611 0.0740
vn -0.6308 0.7504 0.1976
vn -0.7367 0.6662 0.1160
vn -0.1679 0.9657 -0.1981
vn -0.2407 0.9704 0.0171
vn 0.0903 0.9949 0.0438
vn -0.4523 0.7687 0.4523
vn -0.3316 0.8581 0.3920
vn 0.0461 0.9958 0.0790
vn -0.7221 0.6613 0.2032
vn -0.6309 -0.3926 0.6692
vn -0.0118 0.0119 0.9999
vn -0.9722 -0.1749 0.1555
vn -0.8312 0.1335 0.5398
vn -0.7773 -0.0044 0.6291
vn -0.6081 0.7489 -0.2636
vn -0.8195 0.4611 -0.3404
vn -0.7654 -0.1247 0.6314
vn 0.0037 0.0006 1.0000
vn -0.6232 -0.2912 0.7258
vn -0.4573 -0.4131 0.7875
vn -0.8522 0.1623 0.4974
vn -0.9654 -0.2578 -0.0403
vn -0.5453 0.2463 0.8012
vn 0.0781 0.0470 0.9958
vn -0.2370 -0.5727 0.7848
vn -0.6827 -0.4228 0.5960
vn 0.1077 -0.5301 0.8410
vn -0.5119 -0.2385 0.8253
vn 0.0229 0.0741 0.9970
vn 0.5134 -0.8575 -0.0327
vn 0.6827 -0.4229 0.5959
vn 0.0114 -0.9957 -0.0914
vn 0.3356 -0.9356 -0.1100
vn 0.5119 -0.2385 0.8253
vn 0.8522 0.1623 0.4974
vn 0.5453 0.2463 0.8012
vn 0.3375 -0.4926 0.8022
vn 0.5683 0.4388 0.6960
vn 0.4434 -0.2164 0.8698
vn 0.5915 0.4444 0.6728
vn 0.9223 0.3864 0.0065
vn 0.0372 0.8284 0.5588
vn 0.7653 -0.1249 0.6315
vn 0.0926 0.9870 0.1312
vn 0.2615 0.9635 -0.0573
vn -0.0730 0.9938 -0.0843
vn 0.3517 0.8696 -0.3464
vn -0.0353 0.9978 -0.0560
vn 0.6254 -0.3852 -0.6787
vn 0.0218 0.0218 -0.9995
vn -0.6253 -0.3853 -0.6786
vn -0.7289 0.6549 -0.1993
vn -0.6034 0.7253 -0.3314
vn -0.2615 0.9635 -0.0573
vn -0.9223 0.3863 -0.0066
vn 0.0038 0.0005 -1.0000
vn -0.5682 0.4388 -0.6961
vn -0.4432 -0.2164 -0.8699
vn -0.5913 0.4445 -0.6729
vn -0.9055 -0.4163 0.0816
vn -0.5454 0.2462 -0.8012
vn -0.3376 -0.4927 -0.8021
vn 0.0780 0.0469 -0.9959
vn -0.9974 0.0690 -0.0196
vn 0.0230 0.0741 -0.9970
vn -0.5134 -0.8575 0.0327
vn -0.6827 -0.4229 -0.5959
vn -0.7512 -0.6593 -0.0314
vn 0.6827 -0.4229 -0.5958
vn 0.7512 -0.6593 -0.0314
vn -0.0230 0.0740 -0.9970
vn -0.1454 -0.9447 -0.2940
vn 0.0335 -0.5312 -0.8466
vn 0.9974 0.0690 -0.0195
vn 0.7653 -0.1248 -0.6314
vn 0.0372 0.8285 -0.5587
vn -0.0000 0.0001 1.0000
vn 0.5759 -0.7500 0.3254
vn -0.0360 0.0385 0.9986
vn 0.6909 -0.6912 0.2118
vn 0.5761 -0.7500 -0.3252
vn 0.6676 -0.7421 -0.0598
vn 0.7072 -0.7070 -0.0074
vn -0.7495 0.5767 0.3250
vn -0.6912 0.6910 0.2116
vn -0.7420 0.6678 0.0596
vn -0.7070 0.7072 0.0073
vn -0.7070 0.7071 -0.0074
vn 0.0377 -0.0349 -0.9987
vn -0.6910 0.6912 -0.2116
vn 0.8836 -0.3731 0.2829
vn 0.7696 -0.0001 0.6386
vn 0.4163 -0.4774 0.7738
vn 0.9124 0.4008 -0.0823
vn 0.4193 -0.4774 -0.7722
vn 1.0000 0.0015 -0.0028
vn 0.7696 -0.0001 -0.6386
vn -0.7683 0.0023 0.6400
vn -1.0000 -0.0000 0.0048
vn 0.0064 0.0023 -1.0000
vn -0.2253 -0.9596 0.1689
vn 0.0323 -0.5087 0.8604
vn -0.4912 -0.4881 0.7215
vn -0.4912 -0.4881 -0.7215
vn 0.0345 -0.5065 -0.8616
vn 0.4799 0.7686 0.4230
vn -0.0012 0.6350 0.7725
vn -0.0000 1.0000 0.0001
vn -0.0000 0.6351 0.7724
vn -0.0014 0.6351 -0.7725
vn 0.3729 0.8149 -0.4437
vn 0.3007 -0.2885 0.9090
vn -0.0014 -1.0000 0.0001
vn -0.0000 -0.6348 0.7726
vn 0.3730 -0.2770 -0.8855
vn -0.0013 -0.0000 -1.0000
vn -0.0000 -0.6348 -0.7727
vn -0.4946 0.4919 0.7165
vn -0.0036 0.0010 1.0000
vn -0.7220 0.6834 -0.1075
vn 0.5051 0.0144 0.8629
vn 0.8703 -0.3295 -0.3660
vn 0.5030 0.0165 -0.8641
vn -0.9094 0.3021 -0.2857
vn 0.8853 0.3738 -0.2764
vn 0.4240 0.4786 -0.7688
vn 0.0061 -0.0001 -1.0000
vn 0.0362 0.0387 0.9986
vn -0.5763 -0.7497 0.3252
vn -0.6912 -0.6909 0.2121
vn -0.6676 -0.7421 -0.0601
vn -0.7071 -0.7070 -0.0074
vn 0.0360 0.0386 -0.9986
vn -0.6911 -0.6910 -0.2119
vn 0.7420 0.6678 0.0600
vn 0.7070 0.7072 0.0073
vn -0.0377 -0.0349 0.9987
vn 0.6910 0.6912 0.2116
vn -0.0377 -0.0349 -0.9987
vn 0.7494 0.5769 -0.3249
vn 0.6910 0.6912 -0.2115
vn 0.3516 -0.3189 0.8802
vn 0.4528 -0.8550 0.2530
vn -0.3527 -0.3311 0.8752
vn 0.0679 -0.1573 0.9852
vn -0.1857 -0.3225 0.9282
vn 0.8716 -0.4682 0.1452
vn 0.8599 0.1106 0.4984
vn 0.5149 0.4659 0.7196
vn 0.2711 0.7880 0.5528
vn 0.4887 0.4096 0.7704
vn 0.1783 -0.0510 0.9827
vn 0.0406 0.6287 0.7766
vn -0.5088 0.8571 0.0801
vn -0.2175 0.5548 0.8030
vn 0.1466 0.0603 0.9874
vn 0.0297 0.7655 0.6428
vn -0.4521 0.5000 0.7387
vn -0.8543 0.1894 0.4841
vn -0.9363 -0.3492 -0.0370
vn -0.6834 -0.7166 0.1392
vn 0.3879 -0.9041 -0.1793
vn 0.0679 -0.1572 -0.9852
vn 0.9363 -0.3491 0.0369
vn -0.0679 0.1759 -0.9821
vn 0.5814 0.5776 -0.5731
vn 0.7546 0.0275 -0.6557
vn 0.2175 0.5548 -0.8031
vn 0.0389 0.9986 -0.0351
vn 0.3333 0.9397 0.0766
vn -0.1465 0.0601 -0.9874
vn -0.0296 0.7654 -0.6429
vn 0.4522 0.4998 -0.7387
vn -0.4887 0.4095 -0.7703
vn -0.1781 -0.0509 -0.9827
vn -0.5229 0.6068 -0.5987
vn -0.9990 0.0431 -0.0154
vn -0.8076 0.3869 -0.4451
vn -0.9531 0.2940 -0.0715
vn -0.8598 0.1106 -0.4984
vn -0.7242 -0.2636 -0.6373
vn -0.8716 -0.4683 -0.1452
vn -0.7503 0.0412 -0.6598
vn 0.6035 0.7252 0.3314
vn 0.6848 0.7073 0.1751
vn 0.1115 0.0868 0.9900
vn 0.3813 0.8901 0.2496
vn -0.7467 0.6610 0.0740
vn -0.6308 0.7503 0.1976
vn -0.4523 0.7686 0.4524
vn -0.3317 0.8580 0.3921
vn 0.0460 0.9958 0.0791
vn -0.6308 -0.3926 0.6693
vn -0.0117 0.0119 0.9999
vn -0.7773 -0.0044 0.6292
vn -0.7653 -0.1247 0.6314
vn -0.0371 0.8285 0.5587
vn -0.5816 -0.7686 0.2664
vn -0.6232 -0.2910 0.7259
vn -0.4573 -0.4130 0.7876
vn -0.3377 -0.4927 0.8020
vn -0.5455 0.2462 0.8011
vn 0.0779 0.0469 0.9959
vn 0.1454 -0.9447 0.2940
vn -0.2371 -0.5725 0.7848
vn -0.0335 -0.5312 0.8466
vn 0.1077 -0.5303 0.8410
vn 0.0230 0.0739 0.9970
vn 0.0113 -0.9957 -0.0915
vn 0.5120 -0.2386 0.8252
vn -0.0229 0.0740 0.9970
vn 0.5682 0.4388 0.6961
vn 0.4432 -0.2164 0.8699
vn 0.5913 0.4445 0.6729
vn 0.8021 0.3458 0.4870
vn 0.0371 0.8285 0.5587
vn 0.7653 -0.1247 0.6314
vn -0.0038 0.0007 1.0000
vn 0.7290 0.6549 -0.1993
vn 0.6251 -0.3854 -0.6787
vn -0.6034 0.7253 -0.3315
vn -0.6848 0.7074 -0.1750
vn -0.1115 0.0868 -0.9900
vn 0.0730 0.9938 -0.0843
vn -0.9224 0.3863 -0.0065
vn -0.0371 0.8286 -0.5586
vn -0.7654 -0.1248 -0.6314
vn 0.0037 0.0007 -1.0000
vn -0.5681 0.4387 -0.6962
vn -0.4431 -0.2165 -0.8700
vn -0.5912 0.4445 -0.6730
vn -0.7997 -0.2834 -0.5293
vn -0.9056 -0.4163 0.0817
vn -0.5454 0.2463 -0.8011
vn -0.3575 -0.7348 -0.5765
vn -0.3357 -0.9355 0.1100
vn -0.5121 -0.2387 -0.8251
vn 0.1077 -0.5304 -0.8409
vn 0.0229 0.0738 -0.9970
vn -0.6828 -0.4228 -0.5959
vn -0.7513 -0.6592 -0.0315
vn 0.6828 -0.4228 -0.5958
vn 0.7513 -0.6593 -0.0315
vn 0.5121 -0.2386 -0.8251
vn 0.2370 -0.5725 -0.7849
vn 0.0334 -0.5312 -0.8466
vn 0.5455 0.2463 -0.8011
vn -0.0779 0.0469 -0.9959
vn 0.6231 -0.2911 -0.7259
vn 0.6080 0.7489 0.2636
vn 0.8194 0.4611 0.3404
vn 0.7654 -0.1250 -0.6313
vn 0.0371 0.8285 -0.5587
vn -0.0035 0.0003 -1.0000
vn 0.7773 -0.0044 -0.6292
vn -0.0000 0.0002 1.0000
vn -0.0000 0.0002 -1.0000
vn 0.6676 -0.7421 0.0601
vn 0.6959 -0.6951 0.1808
vn 0.7072 -0.7070 0.0074
vn -0.0360 0.0386 0.9986
vn 0.6911 -0.6910 0.2119
vn 0.6911 -0.6910 -0.2120
vn 0.0377 -0.0349 0.9987
vn -0.7494 0.5770 0.3249
vn -0.6910 0.6912 0.2116
vn -0.7420 0.6678 -0.0600
vn -0.7070 0.7072 -0.0074
vn -0.7493 0.5767 -0.3253
vn -0.6911 0.6911 -0.2116
vn 0.4897 0.4895 0.7215
vn 0.0322 -0.5087 0.8603
vn -0.4912 -0.4881 0.7214
vn -0.3105 -0.8750 -0.3714
vn -0.4912 -0.4881 -0.7214
vn 0.0345 -0.5064 -0.8616
vn 0.0005 0.0038 -1.0000
vn -0.4898 -0.4898 -0.7213
vn -0.0012 0.6351 0.7725
vn 0.3729 0.2775 0.8854
vn -0.0012 0.0002 1.0000
vn 0.3011 0.2889 -0.9088
vn -0.0014 0.6352 -0.7724
vn -0.0000 0.0003 -1.0000
vn 0.3729 0.8148 -0.4438
vn -0.0000 0.6350 -0.7725
vn -0.0013 -0.6347 0.7727
vn 0.4800 -0.7684 -0.4232
vn -0.0000 -1.0000 -0.0001
vn 0.3730 -0.2771 -0.8855
vn -0.0000 -0.6348 -0.7726
vn -0.3129 0.8765 0.3658
vn -0.4945 0.4920 0.7165
vn 0.0300 0.5100 0.8597
vn 0.0281 0.5120 -0.8585
vn -0.4931 0.4931 -0.7167
vn -0.4945 0.4920 -0.7165
vn -0.3137 0.8773 -0.3631
vn -0.7070 0.7072 0.0036
vn 0.4914 -0.4943 0.7170
vn 0.8713 -0.3303 0.3630
vn 0.7057 -0.7085 0.0032
vn 0.8704 -0.3294 -0.3660
vn 0.4930 -0.4930 -0.7168
vn -0.4450 0.3730 0.8141
vn -0.0055 -0.0022 1.0000
vn -0.7747 -0.0000 0.6323
vn -0.5762 -0.7498 0.3252
vn -0.6911 -0.6910 0.2120
vn -0.6676 -0.7421 0.0598
vn -0.7072 -0.7070 0.0074
vn -0.5761 -0.7498 -0.3255
vn 0.6910 0.6911 0.2116
vn 0.7495 0.5767 -0.3250
vn 0.6912 0.6910 -0.2116
vn 0.7420 0.6678 -0.0596
vn 0.7070 0.7072 -0.0073
vn -0.6929 -0.7204 -0.0310
vn -0.3930 -0.9068 0.1528
vn -0.7051 -0.6832 0.1902
vn -0.3552 -0.9337 0.0457
vn 0.1485 -0.9491 -0.2778
vn -0.6409 -0.7672 0.0258
vn 0.3514 -0.3188 0.8802
vn -0.0589 -0.1353 0.9891
vn 0.3939 -0.7081 0.5860
vn 0.4341 -0.7524 0.4954
vn 0.3497 -0.9361 0.0380
vn -0.0309 -0.9995 0.0064
vn -0.3526 -0.3311 0.8753
vn 0.6380 -0.7700 0.0086
vn 0.0679 -0.1570 0.9853
vn 0.6897 -0.7241 -0.0020
vn 0.8865 -0.4570 0.0722
vn 0.9994 0.0343 -0.0014
vn -0.1860 -0.3225 0.9281
vn 0.8715 -0.4685 0.1450
vn 0.7505 0.0408 0.6596
vn 0.6028 0.2822 0.7463
vn 0.9531 0.2941 0.0714
vn 0.7237 0.6899 0.0164
vn 0.1221 -0.2204 0.9677
vn 0.8599 0.1105 0.4983
vn 0.5150 0.4657 0.7196
vn 0.4887 0.4095 0.7704
vn 0.2174 0.5547 0.8032
vn 0.5088 0.8571 0.0802
vn 0.0389 0.9986 0.0353
vn 0.1783 -0.0511 0.9827
vn 0.5230 0.6067 0.5987
vn 0.0407 0.6287 0.7766
vn -0.0389 0.9986 0.0352
vn -0.7358 0.6769 0.0192
vn -0.4432 0.6861 0.5770
vn -0.3334 0.9397 -0.0766
vn 0.0295 0.7654 0.6428
vn -0.9531 0.2941 0.0715
vn -0.6028 0.2822 0.7464
vn -0.7238 0.6898 0.0164
vn 0.0680 0.1762 0.9820
vn -0.5814 0.5777 0.5729
vn -0.7545 0.0278 0.6557
vn -0.9341 -0.3551 0.0356
vn -0.9994 0.0343 -0.0013
vn -0.7497 -0.6588 0.0635
vn -0.9363 -0.3493 -0.0369
vn -0.1257 0.0927 0.9877
vn -0.8913 -0.3816 0.2448
vn -0.6835 -0.7166 0.1392
vn -0.6967 -0.7046 -0.1348
vn -0.3665 -0.9302 0.0209
vn -0.6409 -0.7672 -0.0258
vn -0.0589 -0.1353 -0.9890
vn -0.4049 -0.7279 -0.5533
vn -0.4520 -0.7312 -0.5110
vn -0.3552 -0.9337 -0.0457
vn 0.0354 -0.9980 0.0532
vn 0.3880 -0.9041 -0.1793
vn -0.0309 -0.9995 -0.0064
vn 0.3497 -0.9361 -0.0380
vn 0.2850 -0.9585 -0.0000
vn 0.3692 -0.9273 0.0609
vn -0.1927 -0.9050 0.3793
vn 0.6380 -0.7700 -0.0086
vn -0.3527 -0.3312 -0.8752
vn 0.0679 -0.1569 -0.9853
vn 0.9994 0.0343 0.0013
vn 0.7496 -0.6588 -0.0636
vn 0.8638 -0.4919 -0.1090
vn 0.9363 -0.3494 0.0369
vn 0.6835 -0.7165 -0.1392
vn 0.9531 0.2941 -0.0714
vn 0.6028 0.2821 -0.7464
vn 0.7238 0.6898 -0.0164
vn 0.9996 -0.0170 -0.0237
vn 0.8543 0.1895 -0.4841
vn -0.0680 0.1758 -0.9821
vn 0.5814 0.5775 -0.5731
vn 0.7545 0.0275 -0.6557
vn 0.4431 0.6861 -0.5769
vn 0.4521 0.4999 -0.7387
vn -0.2711 0.7879 -0.5529
vn -0.5088 0.8571 -0.0801
vn -0.0388 0.9986 -0.0351
vn -0.1782 -0.0507 -0.9827
vn -0.5229 0.6068 -0.5986
vn -0.7242 -0.0488 -0.6879
vn -0.6028 0.2821 -0.7463
vn -0.9531 0.2941 -0.0714
vn -0.7238 0.6898 -0.0165
vn -0.1221 -0.2201 -0.9678
vn -0.8598 0.1107 -0.4984
vn -0.5148 0.4660 -0.7196
vn -0.6897 -0.7241 0.0020
vn -0.8865 -0.4570 -0.0723
vn -0.6615 -0.7177 -0.2175
vn -0.9994 0.0343 0.0013
vn 0.1854 -0.3226 -0.9282
vn -0.8717 -0.4679 -0.1453
vn -0.7503 0.0417 -0.6598
vn 0.6848 0.7074 0.1750
vn 0.0927 0.9870 -0.1311
vn 0.6669 0.7440 0.0414
vn 0.3368 0.9399 0.0568
vn 0.6252 -0.3855 0.6786
vn 0.7290 0.6549 0.1993
vn 0.0218 0.0218 0.9995
vn -0.6307 0.7505 0.1975
vn -0.7366 0.6663 0.1160
vn -0.2408 0.9704 0.0172
vn 0.0903 0.9950 0.0439
vn -0.4524 0.7686 0.4524
vn -0.3319 0.8580 0.3921
vn 0.0459 0.9958 0.0792
vn -0.7219 0.6615 0.2032
vn -0.6309 -0.3923 0.6694
vn -0.8311 0.1336 0.5398
vn -0.6081 0.7489 -0.2635
vn -0.8805 0.4519 0.1431
vn -0.8196 0.4610 -0.3402
vn -0.7653 -0.1248 0.6315
vn -0.0372 0.8284 0.5588
vn -0.6232 -0.2909 0.7259
vn -0.9654 -0.2577 -0.0402
vn -0.9974 0.0691 0.0196
vn -0.3376 -0.4924 0.8023
vn -0.5454 0.2464 0.8011
vn 0.0781 0.0472 0.9958
vn 0.1455 -0.9447 0.2940
vn -0.2370 -0.5725 0.7849
vn -0.0334 -0.5312 0.8466
vn -0.6828 -0.4226 0.5959
vn -0.5137 -0.8574 -0.0326
vn -0.7513 -0.6592 0.0317
vn -0.5120 -0.2387 0.8251
vn 0.0229 0.0739 0.9970
vn 0.6826 -0.4229 0.5960
vn 0.3356 -0.9356 -0.1099
vn -0.1077 -0.5301 0.8411
vn -0.0229 0.0742 0.9970
vn 0.9654 -0.2577 -0.0403
vn 0.9974 0.0691 0.0196
vn 0.7121 -0.6981 -0.0746
vn 0.7996 -0.2836 0.5294
vn 0.9055 -0.4164 -0.0816
vn 0.3376 -0.4924 0.8022
vn -0.0780 0.0473 0.9958
vn 0.5683 0.4390 0.6959
vn 0.4435 -0.2162 0.8698
vn 0.5914 0.4446 0.6727
vn 0.9984 0.0528 -0.0191
vn 0.7653 -0.1247 0.6315
vn -0.0039 0.0007 1.0000
vn 0.7339 0.6748 -0.0775
vn 0.7310 0.6716 -0.1207
vn 0.0927 0.9870 0.1311
vn -0.0729 0.9938 -0.0844
vn 0.4520 0.7690 -0.4520
vn 0.3517 0.8697 -0.3463
vn -0.0354 0.9978 -0.0560
vn 0.6252 -0.3851 -0.6788
vn -0.6669 0.7440 -0.0414
vn -0.3815 0.8901 -0.2495
vn -0.3368 0.9399 -0.0568
vn -0.6252 -0.3851 -0.6788
vn -0.6034 0.7254 -0.3313
vn -0.6847 0.7075 -0.1749
vn -0.0927 0.9870 0.1311
vn -0.9984 0.0528 0.0192
vn -0.8020 0.3459 -0.4870
vn -0.9223 0.3864 -0.0065
vn -0.0370 0.8285 -0.5587
vn -0.7653 -0.1247 -0.6314
vn -0.4431 -0.2168 -0.8699
vn -0.5914 0.4441 -0.6731
vn -0.7121 -0.6981 0.0747
vn -0.7997 -0.2836 -0.5293
vn -0.9055 -0.4164 0.0818
vn -0.5455 0.2465 -0.8010
vn -0.3377 -0.4923 -0.8023
vn 0.0780 0.0474 -0.9958
vn -0.9654 -0.2577 0.0403
vn -0.9974 0.0691 -0.0196
vn -0.0113 -0.9957 0.0916
vn -0.3575 -0.7349 -0.5763
vn -0.3356 -0.9355 0.1102
vn 0.1077 -0.5300 -0.8411
vn 0.0229 0.0742 -0.9970
vn 0.6829 -0.4225 -0.5959
vn 0.5136 -0.8574 0.0326
vn 0.7513 -0.6592 -0.0317
vn -0.1076 -0.5300 -0.8411
vn 0.5120 -0.2384 -0.8252
vn -0.0230 0.0743 -0.9970
vn -0.1453 -0.9446 -0.2943
vn 0.2371 -0.5724 -0.7850
vn 0.0335 -0.5309 -0.8468
vn 0.8523 0.1624 -0.4973
vn 0.9654 -0.2577 0.0402
vn 0.9974 0.0691 -0.0196
vn 0.3377 -0.4925 -0.8021
vn 0.5455 0.2464 -0.8011
vn -0.0780 0.0471 -0.9958
vn 0.5816 -0.7686 -0.2664
vn 0.9722 -0.1749 -0.1557
vn 0.8311 0.1336 -0.5399
vn -0.3618 -0.9286 -0.0824
vn 0.3826 -0.9239 -0.0050
vn 0.7071 0.7072 -0.0000
vn -0.0000 -0.0002 1.0000
vn -0.0000 -0.0002 -1.0000
vn 0.7071 -0.7070 0.0074
vn 0.5760 -0.7499 0.3254
vn 0.6910 -0.6911 0.2118
vn -0.0361 0.0385 -0.9986
vn 0.5761 -0.7500 -0.3250
vn 0.6959 -0.6950 -0.1808
vn 0.6677 -0.7420 -0.0598
vn 0.7072 -0.7069 -0.0074
vn -0.7494 0.5769 0.3249
vn -0.7420 0.6677 0.0597
vn -0.7419 0.6678 -0.0601
vn -0.7493 0.5769 -0.3253
vn 0.7681 0.0014 0.6404
vn 0.4162 -0.4774 0.7739
vn 0.9239 0.3826 -0.0051
vn 0.4192 -0.4774 -0.7723
vn 0.7681 0.0014 -0.6404
vn 0.7696 -0.0000 -0.6386
vn 0.0063 0.0024 1.0000
vn -0.4388 -0.3738 0.8171
vn -0.7675 -0.0000 0.6411
vn -0.9073 -0.3024 0.2921
vn 0.7060 0.7082 0.0036
vn 0.8685 0.3283 0.3713
vn 0.4898 0.4895 0.7215
vn 0.4994 -0.0197 0.8661
vn 0.0001 1.0000 -0.0067
vn 0.3826 0.9239 -0.0000
vn 0.8693 0.3291 -0.3688
vn 0.7059 0.7083 -0.0036
vn 0.4898 0.4895 -0.7215
vn -0.2057 -0.9534 0.2207
vn 0.0005 0.0038 1.0000
vn 0.0320 -0.5087 0.8604
vn -0.4914 -0.4879 0.7215
vn -0.3116 -0.8759 0.3685
vn -0.7072 -0.7070 0.0035
vn -0.3106 -0.8749 -0.3716
vn -0.4913 -0.4879 -0.7215
vn -0.7072 -0.7070 -0.0036
vn 0.0343 -0.5064 -0.8616
vn -0.4898 -0.4897 -0.7213
vn 0.3729 0.2772 0.8855
vn -0.0012 -0.0003 1.0000
vn -0.0000 0.6348 0.7727
vn 0.3011 0.2886 -0.9089
vn -0.0013 0.6349 -0.7726
vn 0.2253 -0.9596 0.1689
vn 0.3009 -0.2888 0.9089
vn -0.0013 -0.6350 0.7725
vn -0.0000 -0.0003 1.0000
vn 0.3729 -0.8148 0.4439
vn 0.4801 -0.7684 -0.4232
vn 0.3729 -0.2770 -0.8856
vn -0.0013 0.0001 -1.0000
vn -0.0000 -0.6347 -0.7728
vn 0.0299 0.5100 0.8596
vn -0.0037 0.0010 1.0000
vn -0.9286 0.3618 -0.0823
vn -0.0036 0.0011 -1.0000
vn 0.0282 0.5120 -0.8585
vn -0.3138 0.8773 -0.3632
vn 0.8712 -0.3304 0.3629
vn 0.4930 -0.4932 0.7167
vn -0.9086 0.3022 0.2883
vn -0.7733 -0.0022 0.6340
vn -0.4453 0.3729 0.8140
vn -0.4474 0.3730 -0.8128
vn -0.7748 -0.0000 -0.6322
vn 0.4272 0.4787 0.7671
vn 0.7753 -0.0017 0.6316
vn 0.8863 0.3738 0.2733
vn 0.8853 0.3737 -0.2765
vn 0.4241 0.4787 -0.7687
vn 0.0361 0.0385 0.9986
vn -0.5761 -0.7500 0.3250
vn -0.6676 -0.7420 -0.0601
vn -0.6959 -0.6950 -0.1808
vn -0.7072 -0.7069 -0.0074
vn -0.5760 -0.7499 -0.3254
vn 0.0360 0.0385 -0.9986
vn -0.6910 -0.6911 -0.2118
vn 0.7420 0.6677 0.0601
vn 0.7492 0.5770 0.3251
vn -0.0377 -0.0347 0.9987
vn 0.6909 0.6913 0.2114
vn 0.6910 0.6912 -0.2116
vn 0.6950 0.6959 -0.1806
vn 0.7419 0.6678 -0.0596
vn 0.7070 0.7072 -0.0074
vn 0.3939 -0.7077 0.5865
vn 0.4342 -0.7520 0.4959
vn -0.1681 0.3906 0.9051
vn 0.6957 -0.7064 0.1308
vn 0.6380 -0.7700 0.0084
vn 0.0680 -0.1571 0.9852
vn 0.8865 -0.4571 0.0721
vn 0.6615 -0.7177 0.2175
vn 0.7242 -0.2633 0.6374
vn -0.1862 -0.3225 0.9281
vn 0.8714 -0.4687 0.1449
vn 0.7505 0.0405 0.6596
vn 0.9990 0.0431 0.0153
vn 0.8077 0.3869 0.4449
vn 0.7243 -0.0487 0.6878
vn 0.6027 0.2824 0.7463
vn 0.9531 0.2942 0.0714
vn 0.1221 -0.2207 0.9677
vn 0.8601 0.1103 0.4981
vn 0.5151 0.4654 0.7197
vn 0.6479 0.7609 0.0355
vn 0.2709 0.7882 0.5526
vn 0.4887 0.4098 0.7702
vn 0.2173 0.5547 0.8032
vn 0.0388 0.9986 0.0352
vn 0.1783 -0.0511 0.9826
vn 0.5231 0.6068 0.5985
vn -0.5089 0.8571 0.0801
vn -0.7359 0.6768 0.0193
vn -0.4432 0.6859 0.5771
vn -0.3336 0.9396 -0.0765
vn 0.1467 0.0602 0.9873
vn -0.4520 0.4999 0.7387
vn -0.9531 0.2941 0.0714
vn -0.6027 0.2822 0.7464
vn -0.7238 0.6899 0.0165
vn -0.8543 0.1896 0.4839
vn 0.0682 0.1763 0.9820
vn -0.5814 0.5779 0.5728
vn -0.7544 0.0281 0.6558
vn -0.9341 -0.3551 0.0357
vn -0.7242 -0.2634 0.6373
vn -0.1256 0.0930 0.9877
vn -0.8914 -0.3814 0.2449
vn -0.6836 -0.7164 0.1394
vn 0.7242 -0.2634 -0.6373
vn 0.7497 -0.6588 -0.0635
vn 0.8639 -0.4918 -0.1089
vn 0.9363 -0.3493 0.0369
vn 0.1257 0.0929 -0.9877
vn 0.6028 0.2822 -0.7463
vn 0.7238 0.6899 -0.0164
vn 0.8543 0.1895 -0.4840
vn -0.0683 0.1759 -0.9820
vn 0.5814 0.5777 -0.5730
vn 0.7544 0.0277 -0.6558
vn 0.5088 0.8572 -0.0800
vn 0.7358 0.6769 -0.0192
vn 0.4432 0.6861 -0.5770
vn 0.3334 0.9397 0.0766
vn -0.1467 0.0603 -0.9873
vn -0.0297 0.7656 -0.6426
vn 0.4520 0.5000 -0.7387
vn -0.6481 0.7607 -0.0356
vn -0.4887 0.4096 -0.7704
vn -0.2173 0.5548 -0.8031
vn -0.5088 0.8572 -0.0801
vn -0.1783 -0.0509 -0.9827
vn -0.0407 0.6287 -0.7765
vn -0.8077 0.3868 -0.4450
vn -0.6028 0.2822 -0.7464
vn -0.7238 0.6898 -0.0164
vn -0.1221 -0.2204 -0.9677
vn -0.5150 0.4657 -0.7196
vn -0.7242 -0.2634 -0.6373
vn -0.9994 0.0343 0.0014
vn 0.1861 -0.3225 -0.9281
vn -0.8715 -0.4686 -0.1450
vn -0.7504 0.0408 -0.6597
vn -0.0729 0.9938 0.0844
vn 0.3815 0.8900 0.2496
vn 0.6254 -0.3851 0.6787
vn 0.7289 0.6550 0.1992
vn 0.0217 0.0219 0.9995
vn -0.9722 -0.1750 0.1554
vn -0.8312 0.1336 0.5397
vn -0.6082 0.7487 -0.2635
vn -0.8806 0.4518 0.1431
vn -0.8197 0.4609 -0.3401
vn -0.7652 -0.1246 0.6316
vn -0.0372 0.8284 0.5590
vn 0.0040 0.0007 1.0000
vn -0.5814 -0.7688 0.2663
vn -0.6232 -0.2911 0.7259
vn -0.8522 0.1623 0.4975
vn -0.9654 -0.2578 -0.0402
vn -0.3376 -0.4922 0.8023
vn -0.5453 0.2465 0.8012
vn 0.0781 0.0474 0.9958
vn 0.1456 -0.9447 0.2937
vn -0.2370 -0.5728 0.7847
vn -0.0333 -0.5314 0.8465
vn -0.6825 -0.4230 0.5960
vn -0.5134 -0.8575 -0.0327
vn -0.7512 -0.6594 0.0314
vn 0.1077 -0.5299 0.8412
vn -0.5119 -0.2383 0.8253
vn 0.0230 0.0743 0.9970
vn 0.6826 -0.4229 0.5961
vn 0.0115 -0.9958 -0.0913
vn 0.3358 -0.9355 -0.1098
vn 0.5119 -0.2384 0.8253
vn -0.1077 -0.5299 0.8412
vn -0.0230 0.0743 0.9970
vn 0.8522 0.1623 0.4975
vn 0.7996 -0.2836 0.5293
vn 0.9056 -0.4163 -0.0816
vn 0.5452 0.2465 0.8013
vn 0.3376 -0.4923 0.8023
vn -0.0781 0.0474 0.9958
vn 0.5684 0.4395 0.6955
vn 0.4438 -0.2155 0.8698
vn 0.5916 0.4451 0.6723
vn 0.0372 0.8284 0.5590
vn 0.7652 -0.1246 0.6316
vn -0.0040 0.0007 1.0000
vn 0.4519 0.7691 -0.4519
vn 0.3516 0.8698 -0.3462
vn -0.0355 0.9978 -0.0559
vn -0.0372 0.8284 -0.5588
vn -0.7652 -0.1248 -0.6315
vn 0.0038 0.0006 -1.0000
vn -0.5683 0.4390 -0.6959
vn -0.4435 -0.2161 -0.8698
vn -0.5914 0.4446 -0.6727
vn -0.7996 -0.2836 -0.5293
vn -0.5453 0.2465 -0.8011
vn -0.3376 -0.4924 -0.8022
vn 0.0780 0.0473 -0.9958
vn -0.8522 0.1623 -0.4973
vn -0.0115 -0.9957 0.0915
vn -0.5119 -0.2382 -0.8253
vn 0.1077 -0.5299 -0.8412
vn 0.0229 0.0744 -0.9970
vn -0.1077 -0.5300 -0.8411
vn 0.5120 -0.2384 -0.8253
vn -0.0230 0.0742 -0.9970
vn 0.8522 0.1623 -0.4974
vn 0.9654 -0.2578 0.0402
vn 0.3376 -0.4925 -0.8022
vn 0.5453 0.2464 -0.8012
vn 0.5813 -0.7689 -0.2662
vn 0.6231 -0.2914 -0.7258
vn 0.4573 -0.4133 -0.7875
vn 0.6081 0.7489 0.2635
vn 0.8805 0.4519 -0.1431
vn 0.8196 0.4610 0.3402
vn 0.7653 -0.1246 -0.6315
vn 0.0371 0.8284 -0.5589
vn -0.0039 0.0006 -1.0000
vn 0.9722 -0.1749 -0.1555
vn 0.8311 0.1336 -0.5398
vn 0.7773 -0.0043 -0.6292
vn -0.0000 -0.0004 1.0000
vn -0.0000 0.0006 1.0000
vn -0.0000 0.0003 1.0000
vn -0.0000 -0.0004 -1.0000
vn -0.0000 0.0006 -1.0000
vn 0.6675 -0.7422 0.0601
vn 0.5758 -0.7501 0.3253
vn -0.0361 0.0385 0.9986
vn 0.6908 -0.6913 0.2118
vn -0.0361 0.0386 -0.9986
vn 0.5763 -0.7498 -0.3251
vn 0.6912 -0.6909 -0.2120
vn 0.6957 -0.6953 -0.1808
vn 0.6674 -0.7423 -0.0598
vn 0.7070 -0.7072 -0.0074
vn -0.6950 0.6959 0.1806
vn -0.7419 0.6678 0.0596
vn -0.7070 0.7072 0.0074
vn -0.7420 0.6677 -0.0601
vn -0.9073 -0.3024 0.2920
vn -0.9065 -0.3025 -0.2947
vn -1.0000 -0.0000 -0.0048
vn -0.4365 -0.3737 -0.8184
vn -0.7674 -0.0000 -0.6411
vn 0.7058 0.7084 0.0034
vn 0.4897 0.4897 0.7214
vn 0.4885 0.4911 0.7212
vn 0.4994 -0.0196 0.8661
vn -0.0022 -0.0021 1.0000
vn 0.5012 -0.0178 -0.8651
vn 0.4886 0.4911 -0.7212
vn -0.0022 -0.0021 -1.0000
vn 0.0321 -0.5086 0.8604
vn -0.4898 -0.4897 0.7213
vn -0.3115 -0.8759 0.3684
vn -0.3106 -0.8750 -0.3715
vn -0.4913 -0.4880 -0.7215
vn -0.7072 -0.7070 -0.0035
vn 0.4800 0.7686 0.4230
vn 0.3728 0.2774 0.8855
vn -0.0012 -0.0001 1.0000
vn -0.0000 0.6349 0.7726
vn 0.3011 0.2885 -0.9089
vn -0.0013 0.6348 -0.7727
vn -0.0012 0.6350 -0.7725
vn 0.4799 0.7697 -0.4211
vn 0.3008 -0.2889 0.9089
vn -0.0013 -0.6351 0.7724
vn 0.3729 -0.8148 0.4438
vn -0.0014 -1.0000 -0.0001
vn -0.0000 -0.6350 0.7725
vn 0.3729 -0.2769 -0.8856
vn -0.0013 0.0002 -1.0000
vn -0.0000 -0.6346 -0.7728
vn -0.3129 0.8766 0.3657
vn -0.7070 0.7072 -0.0036
vn -0.0036 0.0010 -1.0000
vn -0.4944 0.4921 -0.7165
vn -0.3136 0.8774 -0.3630
vn -0.7069 0.7073 0.0037
vn 0.4914 -0.4942 0.7171
vn 0.4914 -0.4944 -0.7170
vn 0.0021 -0.0023 -1.0000
vn 0.8853 0.3738 -0.2765
vn 0.7753 -0.0017 -0.6316
vn 0.0361 0.0384 0.9986
vn -0.5759 -0.7501 0.3250
vn -0.6908 -0.6913 0.2117
vn -0.6675 -0.7422 -0.0601
vn -0.6958 -0.6952 -0.1807
vn -0.7071 -0.7071 -0.0073
vn 0.0361 0.0386 -0.9986
vn -0.6909 -0.6912 -0.2119
vn 0.7071 0.7071 0.0074
vn 0.7494 0.5767 0.3253
vn -0.0378 -0.0351 0.9987
vn 0.6912 0.6910 0.2117
vn 0.8716 -0.4684 0.1449
vn 0.7504 0.0410 0.6597
vn 0.9990 0.0430 0.0153
vn 0.6028 0.2822 0.7464
vn 0.7239 0.6897 0.0165
vn 0.1221 -0.2208 0.9676
vn 0.5152 0.4653 0.7197
vn 0.1783 -0.0509 0.9827
vn 0.5231 0.6069 0.5984
vn -0.4432 0.6860 0.5771
vn -0.3335 0.9396 -0.0765
vn 0.1466 0.0602 0.9874
vn 0.0295 0.7655 0.6427
vn -0.4521 0.4999 0.7387
vn -0.9996 -0.0172 0.0238
vn 0.0683 0.1761 0.9820
vn -0.7544 0.0277 0.6558
vn -0.7242 -0.2633 0.6373
vn -0.7498 -0.6586 0.0635
vn -0.8640 -0.4916 0.1088
vn -0.9364 -0.3491 -0.0369
vn -0.1257 0.0931 0.9877
vn -0.8915 -0.3812 0.2449
vn -0.6838 -0.7162 0.1394
vn 0.7241 -0.2636 -0.6373
vn 0.9363 -0.3492 0.0370
vn 0.8912 -0.3817 -0.2449
vn 0.6834 -0.7167 -0.1392
vn 0.9532 0.2939 -0.0714
vn 0.6029 0.2820 -0.7463
vn -0.0681 0.1754 -0.9821
vn 0.5815 0.5771 -0.5734
vn 0.7545 0.0270 -0.6557
vn -0.1466 0.0602 -0.9874
vn -0.0294 0.7654 -0.6429
vn -0.6483 0.7606 -0.0358
vn -0.2712 0.7879 -0.5529
vn -0.4888 0.4093 -0.7704
vn -0.1782 -0.0509 -0.9827
vn -0.5229 0.6067 -0.5987
vn -0.9532 0.2939 -0.0714
vn -0.7239 0.6897 -0.0166
vn -0.1222 -0.2198 -0.9679
vn -0.8598 0.1109 -0.4985
vn -0.5147 0.4662 -0.7195
vn 0.1851 -0.3226 -0.9283
vn -0.8719 -0.4676 -0.1453
vn -0.7502 0.0423 -0.6599
vn 0.7290 0.6549 0.1992
vn 0.0219 0.0219 0.9995
vn -0.6308 0.7504 0.1975
vn -0.7220 0.6615 0.2031
vn -0.6083 0.7487 -0.2635
vn -0.8806 0.4516 0.1431
vn -0.8197 0.4608 -0.3402
vn -0.7653 -0.1250 0.6314
vn -0.0371 0.8283 0.5590
vn 0.0038 0.0003 1.0000
vn -0.5814 -0.7689 0.2661
vn -0.6232 -0.2913 0.7258
vn -0.4573 -0.4133 0.7874
vn -0.3376 -0.4923 0.8023
vn -0.5452 0.2465 0.8013
vn 0.0782 0.0474 0.9958
vn 0.1456 -0.9448 0.2937
vn -0.0333 -0.5314 0.8464
vn -0.6827 -0.4226 0.5960
vn -0.5136 -0.8574 -0.0326
vn 0.1076 -0.5301 0.8411
vn 0.0230 0.0742 0.9970
vn 0.7123 -0.6979 -0.0746
vn 0.7997 -0.2834 0.5293
vn 0.9056 -0.4162 -0.0815
vn 0.5682 0.4396 0.6956
vn 0.4435 -0.2154 0.8700
vn 0.5913 0.4454 0.6723
vn 0.8020 0.3457 0.4870
vn 0.0371 0.8283 0.5590
vn 0.7653 -0.1250 0.6314
vn -0.0038 0.0003 1.0000
vn -0.6254 -0.3848 -0.6788
vn -0.7287 0.6551 -0.1993
vn -0.0215 0.0218 -0.9995
vn -0.0372 0.8285 -0.5587
vn -0.5913 0.4441 -0.6732
vn -0.7996 -0.2836 -0.5294
vn -0.5455 0.2466 -0.8010
vn -0.3378 -0.4923 -0.8022
vn 0.0779 0.0475 -0.9958
vn -0.8523 0.1624 -0.4973
vn 0.1077 -0.5300 -0.8412
vn 0.0229 0.0743 -0.9970
vn -0.1077 -0.5301 -0.8411
vn 0.5120 -0.2385 -0.8252
vn -0.1452 -0.9446 -0.2945
vn 0.2371 -0.5722 -0.7850
vn 0.0335 -0.5308 -0.8468
vn 0.3378 -0.4924 -0.8022
vn 0.5455 0.2465 -0.8011
vn -0.0780 0.0472 -0.9958
vn 0.8195 0.4610 0.3403
vn -0.0000 -0.0007 1.0000
vn -0.0000 -0.0007 -1.0000
vn 0.6957 -0.6952 0.1807
vn 0.7071 -0.7071 0.0073
vn 0.5762 -0.7497 0.3255
vn -0.0360 0.0387 0.9986
vn 0.6912 -0.6909 0.2120
vn -0.0361 0.0384 -0.9986
vn 0.5759 -0.7501 -0.3250
vn 0.6908 -0.6913 -0.2117
vn 0.6960 -0.6949 -0.1808
vn 0.6678 -0.7420 -0.0598
vn 0.7073 -0.7068 -0.0074
vn -0.6912 0.6909 0.2117
vn -0.6949 0.6961 0.1806
vn -0.7418 0.6680 0.0596
vn -0.7068 0.7074 0.0074
vn -0.7494 0.5766 -0.3255
vn 0.0379 -0.0351 -0.9987
vn -0.6912 0.6910 -0.2117
vn 0.8836 -0.3732 0.2829
vn 0.4886 0.4908 0.7214
vn 0.4994 -0.0198 0.8661
vn -0.0023 -0.0024 1.0000
vn 0.5012 -0.0181 -0.8651
vn 0.4886 0.4908 -0.7214
vn -0.0023 -0.0025 -1.0000
vn 0.8692 0.3294 -0.3687
vn 0.7058 0.7084 -0.0034
vn 0.4897 0.4898 -0.7213
vn 0.0006 0.0035 1.0000
vn 0.0321 -0.5088 0.8603
vn -0.4897 -0.4900 0.7212
vn -0.3105 -0.8750 -0.3715
vn 0.0343 -0.5066 -0.8615
vn 0.0005 0.0035 -1.0000
vn -0.4898 -0.4899 -0.7212
vn 0.4800 0.7685 0.4231
vn 0.3728 0.2773 0.8855
vn -0.0012 -0.0002 1.0000
vn 0.3011 0.2887 -0.9089
vn -0.0012 0.6352 -0.7724
vn 0.4799 0.7698 -0.4209
vn -0.0000 1.0000 0.0002
vn -0.0013 -0.0001 1.0000
vn 0.3729 -0.2793 0.8849
vn 0.3729 -0.8147 0.4440
vn -0.0013 -0.6350 -0.7725
vn 0.3008 -0.2871 -0.9094
vn 0.0299 0.5101 0.8596
vn -0.4931 0.4931 0.7167
vn -0.0036 0.0007 -1.0000
vn 0.0281 0.5116 -0.8587
vn -0.4931 0.4927 -0.7170
vn -0.4946 0.4920 -0.7165
vn 0.5051 0.0143 0.8629
vn 0.4914 -0.4945 0.7170
vn 0.0021 -0.0024 1.0000
vn 0.8712 -0.3305 0.3629
vn 0.7056 -0.7086 -0.0034
vn 0.4930 -0.4933 0.7167
vn 0.7058 -0.7084 0.0032
vn 0.8704 -0.3293 -0.3660
vn 0.4931 -0.4929 -0.7169
vn -0.4452 0.3730 0.8141
vn -0.0056 -0.0022 -1.0000
vn 0.0361 0.0386 0.9986
vn -0.5763 -0.7498 0.3251
vn -0.6912 -0.6909 0.2120
vn -0.6677 -0.7420 -0.0601
vn -0.7073 -0.7069 -0.0074
vn -0.5759 -0.7500 -0.3254
vn 0.6951 0.6959 0.1805
vn 0.7070 0.7072 0.0074
vn 0.6912 0.6909 0.2116
vn 0.6912 0.6909 -0.2117
vn -0.6931 -0.7201 -0.0310
vn -0.3933 -0.9066 0.1529
vn -0.7054 -0.6828 0.1903
vn 0.0277 -0.9996 -0.0000
vn -0.3550 -0.9337 0.0457
vn 0.0356 -0.9980 -0.0532
vn -0.2847 -0.9586 -0.0000
vn -0.3441 -0.9389 0.0098
vn 0.1487 -0.9490 -0.2779
vn -0.6408 -0.7673 0.0257
vn 0.3939 -0.7076 0.5866
vn 0.4343 -0.7519 0.4960
vn -0.1682 0.3907 0.9050
vn 0.4529 -0.8549 0.2531
vn 0.3652 -0.9307 -0.0217
vn 0.6378 -0.7701 0.0083
vn 0.0680 -0.1574 0.9852
vn 0.9341 -0.3552 0.0356
vn 0.9994 0.0343 -0.0013
vn -0.1852 -0.3226 0.9282
vn 0.8719 -0.4677 0.1453
vn 0.7501 0.0421 0.6599
vn 0.8076 0.3868 0.4452
vn 0.7242 -0.0488 0.6879
vn 0.1220 -0.2200 0.9678
vn 0.8598 0.1107 0.4985
vn 0.5148 0.4661 0.7196
vn 0.2174 0.5550 0.8030
vn 0.5086 0.8573 0.0800
vn 0.0387 0.9986 0.0349
vn 0.1782 -0.0512 0.9827
vn 0.5230 0.6065 0.5988
vn 0.0407 0.6285 0.7767
vn -0.5087 0.8572 0.0800
vn -0.2174 0.5549 0.8030
vn -0.0387 0.9986 0.0350
vn -0.7358 0.6770 0.0191
vn -0.4432 0.6860 0.5770
vn 0.1464 0.0599 0.9874
vn 0.0294 0.7651 0.6432
vn -0.4523 0.4997 0.7387
vn 0.0679 0.1757 0.9821
vn -0.5814 0.5774 0.5733
vn -0.7546 0.0273 0.6556
vn -0.7241 -0.2636 0.6373
vn -0.9994 0.0343 -0.0014
vn -0.9363 -0.3491 -0.0369
vn -0.1257 0.0929 0.9877
vn -0.8915 -0.3809 0.2451
vn -0.6839 -0.7161 0.1395
vn -0.4436 -0.8649 -0.2347
vn 0.3516 -0.3188 -0.8802
vn -0.6407 -0.7674 -0.0256
vn -0.0590 -0.1358 -0.9890
vn -0.4049 -0.7277 -0.5536
vn -0.4520 -0.7310 -0.5113
vn 0.2162 0.4796 -0.8504
vn -0.3550 -0.9337 -0.0457
vn 0.0356 -0.9980 0.0531
vn 0.6939 -0.7195 0.0305
vn 0.3882 -0.9040 -0.1794
vn 0.7064 -0.6815 -0.1915
vn -0.1928 -0.9048 0.3796
vn 0.0680 -0.1572 -0.9852
vn 0.7241 -0.2639 -0.6372
vn 0.9994 0.0343 0.0014
vn 0.8638 -0.4919 -0.1091
vn 0.1258 0.0929 -0.9877
vn 0.8918 -0.3802 -0.2452
vn 0.6844 -0.7156 -0.1395
vn 0.6030 0.2818 -0.7463
vn 0.7239 0.6898 -0.0165
vn 0.9996 -0.0170 -0.0236
vn 0.8542 0.1894 -0.4842
vn 0.9049 0.4214 0.0594
vn -0.0676 0.1756 -0.9821
vn 0.5813 0.5774 -0.5733
vn 0.7547 0.0273 -0.6555
vn 0.2176 0.5548 -0.8030
vn 0.7356 0.6772 -0.0191
vn 0.3332 0.9397 0.0768
vn -0.1461 0.0604 -0.9874
vn 0.4524 0.5000 -0.7385
vn -0.6483 0.7605 -0.0360
vn -0.2714 0.7877 -0.5531
vn -0.4888 0.4091 -0.7706
vn -0.2176 0.5549 -0.8030
vn -0.5087 0.8572 -0.0800
vn -0.0387 0.9986 -0.0350
vn -0.1778 -0.0509 -0.9828
vn -0.5227 0.6066 -0.5990
vn -0.0402 0.6288 -0.7766
vn -0.9990 0.0429 -0.0155
vn -0.8075 0.3867 -0.4453
vn -0.7241 -0.0489 -0.6879
vn -0.6029 0.2819 -0.7463
vn -0.9531 0.2941 -0.0715
vn -0.1219 -0.2198 -0.9679
vn -0.8596 0.1108 -0.4989
vn -0.5146 0.4662 -0.7196
vn -0.8866 -0.4568 -0.0724
vn -0.7241 -0.2639 -0.6372
vn -0.8715 -0.4683 -0.1456
vn -0.7502 0.0412 -0.6599
vn 0.6034 0.7252 0.3315
vn 0.6848 0.7074 0.1751
vn 0.1115 0.0867 0.9900
vn -0.0730 0.9938 0.0843
vn 0.6253 -0.3854 0.6786
vn 0.7290 0.6549 0.1994
vn -0.7465 0.6613 0.0740
vn -0.6306 0.7505 0.1976
vn -0.7365 0.6664 0.1161
vn -0.1679 0.9657 -0.1982
vn -0.2407 0.9705 0.0171
vn -0.4519 0.7691 0.4520
vn -0.3312 0.8585 0.3916
vn 0.0464 0.9958 0.0787
vn -0.7221 0.6613 0.2033
vn -0.0118 0.0117 0.9999
vn -0.8312 0.1333 0.5398
vn -0.7773 -0.0045 0.6292
vn -0.6080 0.7489 -0.2636
vn -0.8194 0.4611 -0.3405
vn -0.7654 -0.1250 0.6312
vn -0.0369 0.8286 0.5587
vn 0.0035 0.0003 1.0000
vn -0.5813 -0.7688 0.2664
vn -0.6230 -0.2913 0.7259
vn -0.4572 -0.4133 0.7875
vn -0.8522 0.1625 0.4973
vn -0.3378 -0.4921 0.8023
vn -0.5453 0.2469 0.8010
vn 0.0780 0.0477 0.9958
vn 0.1453 -0.9447 0.2941
vn -0.2369 -0.5724 0.7850
vn -0.0334 -0.5311 0.8467
vn -0.6828 -0.4227 0.5959
vn -0.5137 -0.8574 -0.0325
vn 0.1077 -0.5304 0.8409
vn -0.5121 -0.2387 0.8251
vn 0.0229 0.0737 0.9970
vn 0.5135 -0.8575 -0.0326
vn 0.6828 -0.4226 0.5960
vn 0.7513 -0.6592 0.0316
vn 0.0114 -0.9957 -0.0915
vn 0.3576 -0.7349 0.5763
vn 0.3357 -0.9355 -0.1100
vn 0.5121 -0.2389 0.8250
vn -0.1078 -0.5305 0.8408
vn -0.0229 0.0734 0.9970
vn 0.9653 -0.2580 -0.0403
vn 0.8521 0.1622 0.4976
vn 0.9974 0.0689 0.0194
vn 0.7997 -0.2835 0.5292
vn 0.5454 0.2462 0.8012
vn 0.3374 -0.4927 0.8021
vn -0.0780 0.0468 0.9959
vn 0.5681 0.4380 0.6967
vn 0.4427 -0.2175 0.8699
vn 0.5912 0.4437 0.6736
vn 0.8020 0.3458 0.4871
vn 0.0369 0.8286 0.5587
vn 0.7654 -0.1250 0.6313
vn -0.0035 0.0004 1.0000
vn 0.6282 0.7495 -0.2087
vn 0.7309 0.6717 -0.1208
vn 0.0926 0.9870 0.1313
vn 0.2614 0.9635 -0.0572
vn -0.0730 0.9938 -0.0842
vn 0.3517 0.8697 -0.3464
vn 0.7290 0.6549 -0.1994
vn 0.6253 -0.3854 -0.6786
vn -0.6253 -0.3854 -0.6786
vn -0.7290 0.6549 -0.1994
vn -0.6034 0.7252 -0.3315
vn -0.6848 0.7074 -0.1751
vn -0.9984 0.0526 0.0191
vn -0.8021 0.3458 -0.4869
vn -0.0374 0.8285 -0.5587
vn -0.7652 -0.1251 -0.6315
vn 0.0037 0.0004 -1.0000
vn -0.5684 0.4385 -0.6962
vn -0.4433 -0.2167 -0.8698
vn -0.5913 0.4440 -0.6732
vn -0.7996 -0.2835 -0.5293
vn -0.5453 0.2469 -0.8010
vn -0.3377 -0.4921 -0.8024
vn 0.0780 0.0476 -0.9958
vn -0.9654 -0.2578 0.0404
vn -0.8523 0.1623 -0.4973
vn -0.9974 0.0690 -0.0195
vn -0.0114 -0.9957 0.0915
vn -0.3576 -0.7349 -0.5763
vn 0.1078 -0.5303 -0.8409
vn 0.0229 0.0737 -0.9970
vn 0.6829 -0.4226 -0.5958
vn 0.5136 -0.8574 0.0327
vn 0.7514 -0.6591 -0.0316
vn -0.1077 -0.5304 -0.8409
vn 0.5121 -0.2387 -0.8251
vn -0.0229 0.0737 -0.9970
vn -0.1453 -0.9446 -0.2944
vn 0.0334 -0.5309 -0.8468
vn 0.8522 0.1625 -0.4973
vn 0.3377 -0.4926 -0.8021
vn 0.5454 0.2465 -0.8011
vn -0.0779 0.0471 -0.9959
vn 0.5812 -0.7689 -0.2664
vn 0.6229 -0.2915 -0.7259
vn 0.4571 -0.4134 -0.7875
vn 0.7651 -0.1254 -0.6315
vn 0.0372 0.8284 -0.5589
vn -0.0038 0.0001 -1.0000
vn 0.8312 0.1335 -0.5398
vn 0.7773 -0.0045 -0.6292
vn 0.6674 -0.7423 0.0601
vn 0.6956 -0.6953 0.1808
vn 0.7070 -0.7072 0.0074
vn 0.5760 -0.7499 0.3255
vn 0.6910 -0.6911 0.2119
vn 0.6910 -0.6910 -0.2120
vn 0.6957 -0.6952 -0.1809
vn -0.7494 0.5768 0.3251
vn -0.6910 0.6912 0.2117
vn -0.7071 0.7071 0.0073
vn -0.7419 0.6678 -0.0600
vn -0.6950 0.6959 -0.1807
vn -0.7491 0.5770 -0.3254
vn 0.0377 -0.0346 -0.9987
vn -0.6907 0.6915 -0.2116
vn 0.8836 -0.3732 0.2827
vn 0.7696 -0.0000 0.6386
vn 0.7679 0.0014 0.6405
vn 0.4160 -0.4772 0.7741
vn -0.0054 -0.0000 1.0000
vn 0.8846 -0.3731 -0.2797
vn -0.4385 -0.3739 0.8172
vn -0.7673 -0.0000 0.6413
vn -0.7684 0.0022 -0.6400
vn -0.4364 -0.3738 -0.8184
vn -0.7675 -0.0000 -0.6411
vn 0.8685 0.3284 0.3712
vn 0.4886 0.4911 0.7212
vn 0.4994 -0.0196 0.8662
vn -0.0021 -0.0020 1.0000
vn 0.5012 -0.0177 -0.8651
vn -0.0021 -0.0020 -1.0000
vn 0.8693 0.3291 -0.3687
vn 0.7060 0.7082 -0.0036
vn 0.4897 0.4895 -0.7215
vn -0.7071 -0.7071 0.0001
vn 0.0005 0.0035 1.0000
vn 0.0322 -0.5088 0.8603
vn -0.4911 -0.4882 0.7214
vn -0.3114 -0.8760 0.3682
vn -0.7069 -0.7073 0.0033
vn -0.3105 -0.8750 -0.3713
vn -0.4911 -0.4882 -0.7215
vn -0.7070 -0.7072 -0.0034
vn 0.0345 -0.5065 -0.8615
vn 0.0004 0.0035 -1.0000
vn -0.4899 -0.4899 -0.7211
vn 0.4798 0.7688 0.4228
vn -0.0012 0.6352 0.7723
vn -0.0000 1.0000 -0.0002
vn 0.3730 0.2772 0.8855
vn 0.3010 0.2889 -0.9088
vn 0.3730 0.8148 -0.4439
vn -0.0014 1.0000 -0.0003
vn -0.0000 0.6349 -0.7726
vn 0.3007 -0.2883 0.9091
vn -0.0013 -0.6346 0.7729
vn 0.3730 -0.8149 0.4437
vn -0.0014 -1.0000 -0.0002
vn 0.3730 -0.2772 -0.8855
vn -0.0013 -0.0002 -1.0000
vn -0.0000 -0.6350 -0.7725
vn 0.0280 0.5119 -0.8586
vn -0.3137 0.8774 -0.3631
vn 0.5048 0.0147 0.8631
vn 0.4914 -0.4940 0.7173
vn 0.0020 -0.0018 1.0000
vn 0.8714 -0.3302 0.3629
vn 0.7058 -0.7084 -0.0033
vn 0.4931 -0.4929 0.7169
vn 0.4915 -0.4938 -0.7174
vn 0.5030 0.0170 -0.8641
vn 0.0020 -0.0015 -1.0000
vn 0.4269 0.4783 0.7674
vn 0.7751 -0.0017 0.6318
vn 0.0061 -0.0000 1.0000
vn 0.8863 0.3740 0.2732
vn 0.7743 -0.0001 0.6328
vn 0.7743 -0.0001 -0.6328
vn 0.4241 0.4785 -0.7689
vn 0.0063 -0.0001 -1.0000
vn -0.6910 -0.6910 0.2120
vn -0.6955 -0.6954 0.1809
vn -0.6674 -0.7423 0.0598
vn -0.7069 -0.7073 0.0074
vn -0.6674 -0.7423 -0.0601
vn -0.6957 -0.6952 -0.1808
vn -0.7070 -0.7072 -0.0074
vn -0.5762 -0.7497 -0.3256
vn 0.0360 0.0387 -0.9986
vn -0.6912 -0.6908 -0.2121
vn 0.7492 0.5769 0.3255
vn -0.0378 -0.0349 0.9987
vn 0.6908 0.6913 0.2117
vn -0.0375 -0.0346 -0.9987
vn 0.7491 0.5773 -0.3250
vn 0.6906 0.6916 -0.2115
vn 0.6951 0.6958 -0.1807
vn 0.6956 -0.7064 0.1307
vn 0.4528 -0.8550 0.2531
vn 0.3650 -0.9307 -0.0217
vn -0.1854 -0.3226 0.9282
vn 0.8718 -0.4679 0.1451
vn 0.7503 0.0418 0.6598
vn 0.9990 0.0431 0.0154
vn 0.6027 0.2822 0.7464
vn 0.1223 -0.2199 0.9678
vn 0.8599 0.1109 0.4982
vn 0.5148 0.4662 0.7195
vn 0.6479 0.7609 0.0354
vn 0.2709 0.7882 0.5525
vn 0.4887 0.4099 0.7702
vn 0.2172 0.5550 0.8030
vn 0.5086 0.8573 0.0799
vn 0.0386 0.9986 0.0349
vn 0.1784 -0.0511 0.9826
vn 0.5232 0.6067 0.5985
vn 0.0409 0.6286 0.7766
vn -0.2172 0.5548 0.8031
vn -0.7359 0.6768 0.0192
vn -0.4433 0.6860 0.5769
vn 0.1471 0.0600 0.9873
vn 0.0299 0.7654 0.6428
vn -0.4517 0.4998 0.7390
vn -0.9532 0.2939 0.0714
vn -0.9996 -0.0172 0.0237
vn -0.8544 0.1894 0.4839
vn -0.9050 0.4213 -0.0593
vn 0.0683 0.1758 0.9820
vn -0.5815 0.5774 0.5732
vn -0.7544 0.0274 0.6558
vn -0.7500 -0.6584 0.0635
vn -0.8641 -0.4914 0.1089
vn -0.9365 -0.3488 -0.0370
vn -0.1255 0.0930 0.9877
vn -0.8912 -0.3817 0.2449
vn -0.6834 -0.7166 0.1394
vn 0.7498 -0.6586 -0.0635
vn 0.8640 -0.4916 -0.1090
vn 0.9364 -0.3490 0.0369
vn 0.8915 -0.3809 -0.2451
vn 0.6839 -0.7161 -0.1395
vn -0.0679 0.1757 -0.9821
vn 0.5814 0.5774 -0.5733
vn 0.7546 0.0273 -0.6556
vn 0.2174 0.5548 -0.8030
vn 0.7357 0.6771 -0.0192
vn -0.2174 0.5550 -0.8030
vn -0.5086 0.8573 -0.0800
vn -0.0387 0.9986 -0.0349
vn -0.1782 -0.0512 -0.9827
vn -0.5230 0.6065 -0.5988
vn -0.0407 0.6285 -0.7767
vn -0.9990 0.0432 -0.0154
vn -0.8075 0.3871 -0.4451
vn -0.7242 -0.0486 -0.6879
vn -0.1222 -0.2201 -0.9678
vn -0.8866 -0.4568 -0.0723
vn -0.7241 -0.2636 -0.6373
vn 0.1858 -0.3225 -0.9282
vn -0.8716 -0.4682 -0.1453
vn -0.7502 0.0414 -0.6599
vn 0.6256 -0.3847 0.6787
vn 0.7287 0.6552 0.1991
vn -0.7220 0.6614 0.2031
vn -0.6310 -0.3923 0.6692
vn -0.8312 0.1334 0.5397
vn -0.6084 0.7486 -0.2636
vn -0.8807 0.4515 0.1432
vn -0.8198 0.4607 -0.3402
vn -0.0370 0.8284 0.5589
vn 0.0038 0.0004 1.0000
vn -0.5812 -0.7690 0.2661
vn -0.6231 -0.2915 0.7258
vn -0.4572 -0.4134 0.7874
vn -0.8521 0.1623 0.4975
vn -0.3376 -0.4920 0.8025
vn -0.5451 0.2469 0.8012
vn 0.0782 0.0478 0.9958
vn 0.1456 -0.9448 0.2935
vn -0.2368 -0.5730 0.7846
vn -0.0334 -0.5316 0.8464
vn -0.6828 -0.4225 0.5961
vn -0.5136 -0.8574 -0.0325
vn -0.7513 -0.6592 0.0318
vn 0.1077 -0.5301 0.8411
vn -0.5118 -0.2382 0.8254
vn 0.5135 -0.8574 -0.0326
vn 0.6827 -0.4226 0.5961
vn 0.3575 -0.7347 0.5765
vn 0.3357 -0.9356 -0.1097
vn -0.0229 0.0739 0.9970
vn 0.9653 -0.2579 -0.0403
vn 0.8522 0.1622 0.4975
vn 0.9974 0.0690 0.0195
vn 0.7124 -0.6978 -0.0746
vn 0.7998 -0.2832 0.5293
vn 0.9057 -0.4160 -0.0814
vn 0.5449 0.2466 0.8014
vn 0.3375 -0.4923 0.8023
vn -0.0782 0.0474 0.9958
vn 0.4434 -0.2162 0.8699
vn 0.5914 0.4447 0.6727
vn 0.9984 0.0527 -0.0190
vn 0.0370 0.8284 0.5589
vn -0.0038 0.0005 1.0000
vn 0.6284 0.7494 -0.2087
vn 0.7310 0.6716 -0.1208
vn -0.6256 -0.3847 -0.6787
vn -0.7287 0.6552 -0.1992
vn -0.0217 0.0219 -0.9995
vn -0.5682 0.4390 -0.6960
vn -0.4433 -0.2161 -0.8699
vn -0.5913 0.4447 -0.6728
vn -0.7122 -0.6980 0.0746
vn -0.5452 0.2467 -0.8012
vn -0.5121 -0.2388 -0.8251
vn 0.1078 -0.5306 -0.8407
vn 0.0229 0.0735 -0.9970
vn -0.5136 -0.8574 0.0326
vn -0.6829 -0.4226 -0.5959
vn -0.7514 -0.6591 -0.0316
vn 0.5138 -0.8573 0.0325
vn 0.7514 -0.6591 -0.0318
vn 0.2370 -0.5724 -0.7850
vn 0.8521 0.1624 -0.4975
vn 0.9653 -0.2579 0.0403
vn 0.3375 -0.4927 -0.8021
vn 0.5455 0.2462 -0.8012
vn -0.0780 0.0468 -0.9959
vn 0.6231 -0.2913 -0.7259
vn 0.6082 0.7488 0.2635
vn 0.8806 0.4518 -0.1431
vn 0.8196 0.4609 0.3402
vn 0.7651 -0.1253 -0.6316
vn 0.6674 -0.7422 0.0601
vn 0.6957 -0.6952 0.1808
vn 0.7070 -0.7071 0.0074
vn 0.5762 -0.7497 0.3256
vn -0.0361 0.0387 -0.9986
vn 0.5764 -0.7496 -0.3254
vn 0.6914 -0.6906 -0.2122
vn 0.0376 -0.0348 0.9987
vn -0.7493 0.5771 0.3248
vn -0.6908 0.6914 0.2115
vn -0.7421 0.6676 -0.0601
vn -0.6952 0.6957 -0.1807
vn -0.7071 0.7070 -0.0074
vn -0.7494 0.5766 -0.3254
vn 0.8686 0.3283 0.3713
vn 0.4898 0.4894 0.7215
vn 0.5012 -0.0178 -0.8652
vn 0.4886 0.4910 -0.7212
vn -0.0021 -0.0022 -1.0000
vn 0.8693 0.3290 -0.3688
vn 0.4898 0.4894 -0.7215
vn -0.3115 -0.8759 0.3683
vn -0.3106 -0.8750 -0.3713
vn -0.7071 -0.7071 -0.0033
vn 0.0346 -0.5062 -0.8617
vn 0.0006 0.0040 -1.0000
vn -0.4897 -0.4896 -0.7215
vn -0.0014 1.0000 0.0003
vn 0.3731 0.8139 0.4454
vn 0.3731 0.2776 0.8853
vn -0.0012 0.0005 1.0000
vn -0.0000 0.6354 0.7722
vn 0.4798 0.7698 -0.4209
vn 0.2057 -0.9534 0.2207
vn 0.3006 -0.2886 0.9090
vn -0.0012 -0.6349 0.7726
vn 0.4800 -0.7696 0.4210
vn -0.0000 -0.6349 -0.7726
vn -0.3131 0.8764 0.3658
vn -0.4946 0.4918 0.7166
vn -0.7072 0.7070 -0.0035
vn 0.0302 0.5101 0.8596
vn 0.0283 0.5119 -0.8586
vn 0.5050 0.0144 0.8630
vn 0.4915 -0.4943 0.7170
vn 0.0022 -0.0022 1.0000
vn 0.8713 -0.3305 0.3629
vn 0.7055 -0.7087 -0.0033
vn 0.4929 -0.4933 0.7168
vn 0.4914 -0.4941 -0.7172
vn 0.5030 0.0167 -0.8641
vn 0.0020 -0.0019 -1.0000
vn -0.0054 -0.0023 -1.0000
vn -0.4471 0.3731 -0.8130
vn -0.7746 -0.0000 -0.6324
vn -0.9095 0.3021 -0.2857
vn -1.0000 -0.0000 0.0030
vn 0.4271 0.4785 0.7672
vn 0.0063 -0.0000 1.0000
vn 0.8863 0.3739 0.2733
vn 0.8853 0.3740 -0.2763
vn 0.7751 -0.0017 -0.6318
vn 0.4239 0.4784 -0.7691
vn 0.0361 0.0387 0.9986
vn -0.5764 -0.7496 0.3254
vn -0.6914 -0.6906 0.2122
vn -0.6957 -0.6952 0.1809
vn -0.6956 -0.6953 -0.1808
vn -0.5763 -0.7495 -0.3257
vn 0.0359 0.0387 -0.9986
vn -0.6914 -0.6907 -0.2121
vn 0.7492 0.5769 0.3253
vn -0.0377 -0.0348 0.9987
vn 0.6909 0.6913 0.2116
vn -0.0377 -0.0351 -0.9987
vn 0.7496 0.5766 -0.3250
vn 0.6912 0.6909 -0.2116
vn 0.6952 0.6957 -0.1807
vn 0.7421 0.6676 -0.0596
vn 0.7072 0.7070 -0.0074
vn -0.7053 -0.6828 0.1903
vn 0.4527 -0.8550 0.2530
vn 0.6380 -0.7700 0.0085
vn 0.0680 -0.1572 0.9852
vn -0.1853 -0.3226 0.9282
vn 0.7504 0.0417 0.6597
vn -0.5086 0.8573 0.0800
vn -0.2172 0.5549 0.8030
vn -0.4432 0.6860 0.5769
vn -0.3335 0.9396 -0.0766
vn 0.0296 0.7653 0.6430
vn -0.4521 0.4998 0.7388
vn -0.9050 0.4212 -0.0593
vn 0.0684 0.1755 0.9821
vn -0.5814 0.5773 0.5733
vn -0.7544 0.0271 0.6559
vn -0.8641 -0.4914 0.1090
vn -0.1254 0.0931 0.9877
vn -0.8914 -0.3812 0.2450
vn -0.6836 -0.7163 0.1396
vn 0.7064 -0.6814 -0.1915
vn 0.7240 -0.2639 -0.6373
vn 0.8638 -0.4918 -0.1091
vn 0.1259 0.0927 -0.9877
vn 0.8916 -0.3807 -0.2451
vn 0.6842 -0.7159 -0.1393
vn -0.0678 0.1755 -0.9821
vn 0.7546 0.0272 -0.6556
vn 0.7354 0.6773 -0.0190
vn 0.4429 0.6863 -0.5769
vn 0.3330 0.9398 0.0770
vn -0.1460 0.0602 -0.9874
vn -0.0293 0.7652 -0.6432
vn 0.4526 0.4997 -0.7385
vn -0.8075 0.3869 -0.4453
vn -0.7241 -0.0487 -0.6879
vn -0.1221 -0.2199 -0.9679
vn -0.8596 0.1107 -0.4988
vn -0.5147 0.4661 -0.7196
vn -0.7240 -0.2639 -0.6373
vn 0.1862 -0.3224 -0.9281
vn -0.8714 -0.4684 -0.1456
vn -0.7502 0.0411 -0.6599
vn -0.9722 -0.1748 0.1555
vn -0.7773 -0.0043 0.6291
vn -0.0372 0.8285 0.5587
vn 0.1456 -0.9448 0.2936
vn -0.2369 -0.5728 0.7847
vn -0.0334 -0.5315 0.8464
vn -0.5119 -0.2384 0.8253
vn 0.6827 -0.4227 0.5960
vn 0.5451 0.2468 0.8012
vn 0.3376 -0.4920 0.8025
vn -0.0782 0.0478 0.9958
vn -0.9984 0.0528 0.0193
vn -0.8020 0.3460 -0.4870
vn -0.9223 0.3865 -0.0064
vn -0.0372 0.8287 -0.5584
vn -0.7654 -0.1252 -0.6313
vn 0.0034 0.0003 -1.0000
vn -0.5681 0.4377 -0.6969
vn -0.4426 -0.2176 -0.8699
vn -0.5911 0.4434 -0.6738
vn -0.7119 -0.6983 0.0748
vn -0.7995 -0.2838 -0.5294
vn -0.9054 -0.4166 0.0820
vn -0.5457 0.2469 -0.8008
vn -0.3379 -0.4922 -0.8022
vn 0.0778 0.0475 -0.9958
vn -0.9654 -0.2577 0.0404
vn -0.8524 0.1625 -0.4971
vn -0.0112 -0.9957 0.0917
vn -0.3574 -0.7349 -0.5763
vn -0.3355 -0.9356 0.1103
vn -0.5123 -0.2392 -0.8248
vn 0.1078 -0.5309 -0.8406
vn 0.0228 0.0730 -0.9971
vn -0.6829 -0.4227 -0.5958
vn 0.6831 -0.4224 -0.5957
vn -0.1077 -0.5305 -0.8408
vn 0.5121 -0.2385 -0.8251
vn -0.0229 0.0738 -0.9970
vn -0.1453 -0.9446 -0.2942
vn 0.2368 -0.5726 -0.7849
vn 0.0334 -0.5310 -0.8467
vn 0.8523 0.1626 -0.4972
vn 0.3378 -0.4927 -0.8019
vn 0.5458 0.2465 -0.8009
vn -0.0777 0.0469 -0.9959
vn 0.5813 -0.7687 -0.2667
vn 0.6229 -0.2912 -0.7261
vn 0.4571 -0.4132 -0.7876
vn 0.6081 0.7488 0.2636
vn 0.8805 0.4519 -0.1430
vn 0.7653 -0.1254 -0.6313
vn 0.0370 0.8286 -0.5587
vn -0.0035 -0.0000 -1.0000
vn 0.9722 -0.1747 -0.1557
vn 0.7772 -0.0042 -0.6293
vn 0.5763 -0.7497 0.3254
vn -0.0358 0.0384 0.9986
vn 0.6913 -0.6908 0.2118
vn -0.0363 0.0385 -0.9986
vn 0.5758 -0.7502 -0.3250
vn 0.6907 -0.6914 -0.2119
vn 0.6956 -0.6954 -0.1808
vn 0.6673 -0.7424 -0.0598
vn 0.7069 -0.7073 -0.0073
vn -0.6953 0.6956 0.1807
vn -0.7422 0.6675 0.0596
vn -0.7073 0.7069 0.0073
vn -0.7420 0.6678 -0.0601
vn -0.6951 0.6959 -0.1807
vn -0.7492 0.5769 -0.3253
vn 0.0376 -0.0347 -0.9987
vn -0.6909 0.6913 -0.2115
vn 0.4192 -0.4772 -0.7723
vn 0.7682 0.0014 -0.6402
vn -0.0050 -0.0000 -1.0000
vn -1.0000 0.0001 0.0048
vn 0.5013 -0.0178 -0.8651
vn 0.4885 0.4911 -0.7212
vn 0.8693 0.3292 -0.3688
vn 0.4898 0.4896 -0.7214
vn -0.3105 -0.8751 -0.3713
vn 0.0345 -0.5062 -0.8617
vn 0.0004 0.0040 -1.0000
vn -0.4899 -0.4895 -0.7214
vn 0.4798 0.7687 0.4229
vn 0.3730 0.2774 0.8854
vn 0.3010 0.2892 -0.9087
vn -0.0014 0.6354 -0.7722
vn -0.0014 1.0000 -0.0002
vn 0.3007 -0.2884 0.9091
vn -0.0013 -0.6347 0.7728
vn -0.0015 -1.0000 -0.0005
vn 0.3731 -0.8138 -0.4456
vn -0.0000 -0.6345 -0.7729
vn 0.3731 -0.2773 -0.8854
vn -0.0013 -0.0005 -1.0000
vn -0.0000 -0.6352 -0.7724
vn -0.3128 0.8766 0.3657
vn -0.4944 0.4921 0.7165
vn -0.7069 0.7073 -0.0036
vn 0.0299 0.5099 0.8597
vn -0.0037 0.0009 1.0000
vn -0.4931 0.4929 0.7169
vn 0.5051 0.0147 0.8630
vn 0.4914 -0.4941 0.7172
vn 0.0021 -0.0018 1.0000
vn 0.8713 -0.3302 0.3631
vn 0.7058 -0.7084 -0.0032
vn 0.4931 -0.4928 0.7169
vn -0.9087 0.3020 0.2882
vn -1.0000 -0.0000 -0.0030
vn -0.4448 0.3731 0.8142
vn -0.0054 -0.0023 1.0000
vn -0.7746 -0.0000 0.6324
vn 0.0360 0.0385 0.9986
vn -0.5760 -0.7500 0.3252
vn -0.6910 -0.6910 0.2119
vn -0.6673 -0.7423 -0.0601
vn -0.7069 -0.7073 -0.0074
vn -0.5761 -0.7497 -0.3256
vn -0.6912 -0.6909 -0.2120
vn 0.7419 0.6678 0.0600
vn 0.6950 0.6959 0.1806
vn 0.7494 0.5766 0.3254
vn -0.0377 -0.0350 -0.9987
vn 0.7494 0.5768 -0.3251
vn 0.6910 0.6912 -0.2117
vn 0.6953 0.6956 -0.1807
vn 0.7422 0.6675 -0.0596
vn 0.7073 0.7069 -0.0074
vn 0.8866 -0.4568 0.0723
vn 0.7241 -0.2636 0.6373
vn 0.8717 -0.4681 0.1454
vn 0.7502 0.0416 0.6599
vn 0.1220 -0.2202 0.9678
vn 0.8598 0.1105 0.4986
vn 0.5148 0.4658 0.7197
vn -0.2174 0.5548 0.8030
vn -0.7357 0.6771 0.0191
vn 0.1465 0.0605 0.9874
vn 0.0298 0.7657 0.6425
vn -0.4521 0.5002 0.7386
vn -0.9531 0.2939 0.0715
vn -0.6029 0.2819 0.7464
vn -0.8640 -0.4916 0.1090
vn -0.9364 -0.3490 -0.0369
vn 0.9341 -0.3552 -0.0356
vn 0.7240 -0.2638 -0.6373
vn 0.1258 0.0931 -0.9877
vn 0.6845 -0.7155 -0.1396
vn 0.7546 0.0272 -0.6557
vn 0.7355 0.6773 -0.0190
vn 0.4430 0.6862 -0.5769
vn 0.3330 0.9398 0.0769
vn -0.6484 0.7604 -0.0360
vn -0.2714 0.7876 -0.5531
vn -0.4888 0.4090 -0.7706
vn -0.1779 -0.0509 -0.9827
vn -0.5228 0.6066 -0.5989
vn -0.0404 0.6287 -0.7766
vn -0.7241 -0.0488 -0.6880
vn -0.6029 0.2818 -0.7464
vn -0.1220 -0.2201 -0.9678
vn -0.8596 0.1105 -0.4988
vn -0.5148 0.4658 -0.7197
vn -0.8866 -0.4569 -0.0724
vn -0.7240 -0.2637 -0.6373
vn -0.9341 -0.3552 -0.0356
vn -0.8716 -0.4681 -0.1454
vn -0.7501 0.0415 -0.6600
vn 0.6028 0.7259 0.3312
vn 0.6842 0.7080 0.1747
vn 0.1111 0.0869 0.9900
vn -0.8312 0.1334 0.5398
vn -0.6081 0.7488 -0.2636
vn -0.8196 0.4609 -0.3404
vn -0.5817 -0.7684 0.2668
vn -0.6232 -0.2905 0.7261
vn -0.4573 -0.4127 0.7878
vn -0.3378 -0.4925 0.8021
vn -0.5457 0.2465 0.8009
vn 0.0778 0.0471 0.9959
vn 0.1453 -0.9446 0.2942
vn -0.2370 -0.5724 0.7850
vn -0.0334 -0.5309 0.8467
vn -0.6829 -0.4225 0.5959
vn -0.7514 -0.6591 0.0318
vn -0.5121 -0.2386 0.8251
vn 0.5136 -0.8574 -0.0326
vn 0.6829 -0.4226 0.5959
vn 0.7513 -0.6591 0.0317
vn 0.5121 -0.2387 0.8251
vn -0.1077 -0.5304 0.8409
vn -0.0229 0.0737 0.9970
vn 0.9654 -0.2578 -0.0404
vn 0.8523 0.1623 0.4973
vn 0.7123 -0.6979 -0.0747
vn 0.7997 -0.2833 0.5294
vn 0.9056 -0.4162 -0.0816
vn 0.5453 0.2469 0.8010
vn 0.3377 -0.4921 0.8023
vn -0.0780 0.0476 0.9958
vn 0.4433 -0.2165 0.8698
vn 0.5913 0.4443 0.6730
vn 0.8020 0.3459 0.4869
vn 0.0372 0.8284 0.5589
vn 0.7651 -0.1254 0.6315
vn -0.0038 0.0001 1.0000
vn -0.7290 0.6548 -0.1993
vn -0.6031 0.7256 -0.3314
vn -0.6845 0.7077 -0.1749
vn -0.1113 0.0869 -0.9900
vn -0.8019 0.3459 -0.4871
vn -0.0370 0.8289 -0.5582
vn -0.7657 -0.1248 -0.6310
vn 0.0032 0.0006 -1.0000
vn -0.5679 0.4370 -0.6975
vn -0.4420 -0.2186 -0.8700
vn -0.5908 0.4428 -0.6744
vn 0.8522 0.1625 -0.4974
vn 0.9654 -0.2578 0.0403
vn 0.3376 -0.4928 -0.8020
vn 0.5457 0.2462 -0.8010
vn -0.0778 0.0467 -0.9959
vn 0.5816 -0.7685 -0.2668
vn 0.6231 -0.2907 -0.7261
vn 0.4572 -0.4128 -0.7877
vn 0.7653 -0.1254 -0.6314
vn 0.0370 0.8286 -0.5586
vn 0.7771 -0.0042 -0.6293
vn -0.0000 -0.0013 1.0000
vn -0.0000 -0.0006 1.0000
vn -0.0000 -0.0013 -1.0000
vn -0.0000 -0.0006 -1.0000
vn 0.6676 -0.7421 0.0602
vn 0.5762 -0.7498 0.3253
vn -0.0359 0.0385 0.9986
vn 0.6912 -0.6910 0.2118
vn 0.0378 -0.0352 0.9987
vn -0.7496 0.5766 0.3250
vn -0.7421 0.6676 -0.0600
vn -0.7072 0.7070 -0.0073
vn 0.0378 -0.0348 -0.9987
vn -0.6908 0.6914 -0.2117
vn 0.4190 -0.4771 -0.7725
vn 0.7680 0.0015 -0.6404
vn 0.8846 -0.3733 -0.2796
vn 0.7695 -0.0001 -0.6386
vn 0.5012 -0.0176 -0.8651
vn 0.4886 0.4912 -0.7211
vn -0.0021 -0.0019 -1.0000
vn 0.8694 0.3289 -0.3688
vn 0.7061 0.7081 -0.0037
vn 0.4898 0.4892 -0.7216
vn 0.0004 0.0030 1.0000
vn 0.0320 -0.5092 0.8600
vn -0.4898 -0.4905 0.7208
vn -0.4913 -0.4879 0.7215
vn -0.3115 -0.8759 0.3685
vn -0.7072 -0.7070 0.0036
vn 0.0004 0.0038 -1.0000
vn -0.4899 -0.4897 -0.7213
vn 0.4798 0.7688 0.4227
vn -0.0012 0.6353 0.7722
vn -0.0000 1.0000 -0.0004
vn 0.3730 0.2771 0.8855
vn -0.0014 0.6352 -0.7723
vn -0.0012 0.6354 -0.7721
vn 0.4798 0.7699 -0.4207
vn -0.0000 1.0000 0.0005
vn -0.0000 -0.6351 0.7725
vn -0.3130 0.8765 0.3657
vn 0.0301 0.5099 0.8597
vn -0.0036 0.0009 1.0000
vn -0.4947 0.4917 -0.7166
vn -0.3139 0.8772 -0.3632
vn -0.7072 0.7070 0.0034
vn 0.5051 0.0146 0.8630
vn 0.0021 -0.0019 1.0000
vn -0.4471 0.3732 -0.8129
vn -0.7747 -0.0000 -0.6323
vn -0.7732 -0.0022 -0.6341
vn -0.6674 -0.7422 -0.0601
vn -0.5759 -0.7499 -0.3254
vn -0.6910 -0.6911 -0.2119
vn 0.7421 0.6676 0.0600
vn 0.6953 0.6957 0.1807
vn 0.7072 0.7070 0.0074
vn 0.7491 0.5770 0.3254
vn 0.6907 0.6914 0.2116
vn -0.1849 -0.3226 0.9283
vn 0.8720 -0.4673 0.1455
vn 0.7500 0.0427 0.6600
vn 0.9990 0.0432 0.0154
vn 0.8075 0.3871 0.4451
vn 0.7242 -0.0486 0.6879
vn 0.1221 -0.2203 0.9678
vn 0.8599 0.1105 0.4984
vn 0.5149 0.4657 0.7197
vn -0.7356 0.6771 0.0191
vn -0.4432 0.6862 0.5769
vn -0.3332 0.9397 -0.0767
vn 0.1467 0.0606 0.9873
vn 0.0299 0.7657 0.6425
vn -0.4519 0.5002 0.7387
vn 0.0679 0.1753 0.9822
vn -0.5815 0.5769 0.5736
vn -0.7546 0.0268 0.6556
vn -0.8917 -0.3804 0.2452
vn -0.6842 -0.7158 0.1397
vn -0.0679 0.1753 -0.9822
vn 0.5815 0.5769 -0.5736
vn 0.7546 0.0268 -0.6556
vn 0.5088 0.8571 -0.0802
vn 0.2176 0.5547 -0.8031
vn 0.0388 0.9986 -0.0352
vn -0.1464 0.0601 -0.9874
vn -0.0297 0.7654 -0.6428
vn 0.4523 0.4999 -0.7386
vn -0.6480 0.7608 -0.0357
vn -0.4887 0.4096 -0.7703
vn -0.1780 -0.0512 -0.9827
vn -0.5229 0.6065 -0.5989
vn -0.0405 0.6286 -0.7767
vn -0.1221 -0.2203 -0.9678
vn -0.8598 0.1105 -0.4985
vn -0.5150 0.4657 -0.7197
vn 0.1849 -0.3226 -0.9283
vn -0.8720 -0.4673 -0.1455
vn -0.7500 0.0427 -0.6600
vn 0.7287 0.6552 0.1992
vn -0.7217 0.6617 0.2031
vn -0.6313 -0.3918 0.6693
vn -0.0116 0.0118 0.9999
vn -0.8311 0.1335 0.5399
vn -0.7772 -0.0043 0.6292
vn -0.7654 -0.1254 0.6312
vn -0.0371 0.8286 0.5587
vn 0.0034 0.0001 1.0000
vn -0.3378 -0.4921 0.8024
vn -0.5454 0.2469 0.8010
vn -0.2371 -0.5724 0.7849
vn -0.5137 -0.8574 -0.0324
vn 0.7513 -0.6592 0.0315
vn 0.5121 -0.2388 0.8251
vn -0.1078 -0.5304 0.8409
vn 0.3377 -0.4921 0.8024
vn -0.8020 0.3458 -0.4871
vn -0.0369 0.8286 -0.5587
vn -0.7655 -0.1250 -0.6312
vn 0.0035 0.0004 -1.0000
vn -0.5680 0.4382 -0.6966
vn -0.4427 -0.2171 -0.8700
vn -0.5910 0.4440 -0.6735
vn -0.3576 -0.7348 -0.5763
vn -0.3357 -0.9356 0.1099
vn 0.1078 -0.5300 -0.8411
vn 0.0230 0.0742 -0.9970
vn 0.6828 -0.4227 -0.5960
vn 0.5134 -0.8575 0.0327
vn 0.7513 -0.6593 -0.0314
vn -0.1077 -0.5298 -0.8412
vn 0.5119 -0.2381 -0.8254
vn -0.0230 0.0744 -0.9970
vn -0.1455 -0.9447 -0.2940
vn 0.2370 -0.5727 -0.7847
vn 0.5817 -0.7685 -0.2667
vn 0.6232 -0.2908 -0.7260
vn 0.4573 -0.4128 -0.7877
vn 0.8196 0.4609 0.3404
vn 0.7654 -0.1254 -0.6312
vn 0.0371 0.8286 -0.5586
vn -0.0034 0.0001 -1.0000
vn 0.7772 -0.0043 -0.6292
vn 0.6675 -0.7422 0.0602
vn 0.5757 -0.7503 0.3251
vn -0.0360 0.0383 0.9986
vn 0.6907 -0.6915 0.2115
vn 0.6954 -0.6955 -0.1808
vn 0.6672 -0.7425 -0.0598
vn 0.7067 -0.7074 -0.0074
vn -0.7490 0.5773 -0.3253
vn -0.6905 0.6917 -0.2116
vn 0.7682 0.0014 0.6402
vn 0.4163 -0.4772 0.7739
vn -0.0050 -0.0000 1.0000
vn -0.9066 -0.3024 -0.2945
vn -1.0000 0.0001 -0.0047
vn -0.4361 -0.3739 -0.8185
vn -0.7673 -0.0000 -0.6413
vn 0.7061 0.7081 0.0037
vn 0.8686 0.3281 0.3713
vn 0.4898 0.4892 0.7216
vn 0.8694 0.3288 -0.3688
vn 0.7062 0.7080 -0.0037
vn 0.4899 0.4891 -0.7217
vn 0.0004 0.0037 1.0000
vn -0.4912 -0.4880 0.7215
vn 0.0345 -0.5063 -0.8617
vn -0.4899 -0.4896 -0.7213
vn -0.0014 1.0000 0.0001
vn 0.3731 0.8140 0.4452
vn 0.3731 0.2778 0.8852
vn -0.0012 0.0008 1.0000
vn -0.0000 0.6356 0.7721
vn -0.0014 0.6349 -0.7726
vn 0.3729 0.8148 -0.4439
vn -0.0014 1.0000 -0.0001
vn -0.0013 -0.6348 0.7726
vn 0.3730 -0.8148 0.4437
vn 0.4799 -0.7687 -0.4229
vn -0.0012 -0.6350 -0.7725
vn -0.0000 -1.0000 0.0003
vn 0.3732 -0.2767 -0.8855
vn -0.0000 -0.6347 -0.7727
vn -0.4930 0.4930 0.7168
vn -0.4946 0.4919 -0.7166
vn -0.7072 0.7070 0.0035
vn 0.5049 0.0144 0.8631
vn 0.4913 -0.4943 0.7171
vn 0.0020 -0.0022 1.0000
vn 0.4913 -0.4942 -0.7172
vn 0.5028 0.0166 -0.8643
vn 0.0020 -0.0020 -1.0000
vn 0.4240 0.4787 -0.7688
vn 0.0361 0.0383 0.9986
vn -0.5757 -0.7503 0.3250
vn -0.6907 -0.6915 0.2117
vn -0.6954 -0.6955 0.1809
vn -0.6672 -0.7425 0.0598
vn -0.7067 -0.7074 0.0074
vn -0.6672 -0.7424 -0.0601
vn -0.6955 -0.6954 -0.1808
vn -0.7068 -0.7074 -0.0074
vn -0.5764 -0.7494 -0.3257
vn 0.0359 0.0388 -0.9986
vn -0.6914 -0.6906 -0.2122
vn 0.6951 0.6959 0.1807
vn 0.7492 0.5770 0.3252
vn -0.0376 -0.0346 0.9987
vn 0.6908 0.6914 0.2115
vn -0.0376 -0.0348 -0.9987
vn 0.7493 0.5771 -0.3248
vn 0.6908 0.6914 -0.2115
vn 0.6952 0.6957 -0.1806
vn 0.8866 -0.4569 0.0721
vn 0.7242 -0.2632 0.6374
vn 0.9341 -0.3551 0.0357
vn -0.1840 -0.3227 0.9284
vn 0.8725 -0.4666 0.1452
vn 0.7500 0.0435 0.6600
vn 0.9989 0.0434 0.0153
vn 0.8075 0.3873 0.4449
vn 0.7242 -0.0483 0.6878
vn 0.1224 -0.2200 0.9678
vn 0.8600 0.1108 0.4981
vn 0.5150 0.4660 0.7194
vn 0.6477 0.7611 0.0353
vn 0.2707 0.7884 0.5524
vn 0.4886 0.4102 0.7701
vn 0.1784 -0.0515 0.9826
vn 0.5232 0.6065 0.5987
vn 0.0409 0.6284 0.7768
vn -0.2172 0.5550 0.8030
vn -0.9996 -0.0173 0.0237
vn -0.8544 0.1893 0.4839
vn -0.9051 0.4211 -0.0593
vn 0.0683 0.1755 0.9821
vn -0.5816 0.5769 0.5735
vn -0.7544 0.0270 0.6558
vn -0.7242 -0.2632 0.6374
vn -0.8641 -0.4914 0.1088
vn -0.1255 0.0932 0.9877
vn -0.8913 -0.3817 0.2449
vn -0.6834 -0.7166 0.1395
vn 0.9996 -0.0168 -0.0238
vn 0.8542 0.1895 -0.4842
vn 0.9049 0.4215 0.0594
vn -0.0678 0.1751 -0.9822
vn 0.5814 0.5770 -0.5737
vn 0.7546 0.0267 -0.6556
vn 0.5087 0.8572 -0.0800
vn 0.2176 0.5549 -0.8030
vn -0.6483 0.7605 -0.0359
vn -0.2712 0.7878 -0.5530
vn -0.4887 0.4092 -0.7705
vn -0.9990 0.0428 -0.0154
vn -0.8076 0.3867 -0.4452
vn -0.6028 0.2818 -0.7464
vn -0.1219 -0.2206 -0.9677
vn -0.8598 0.1101 -0.4985
vn -0.5150 0.4654 -0.7199
vn 0.1855 -0.3225 -0.9282
vn -0.8718 -0.4677 -0.1457
vn -0.7500 0.0422 -0.6600
vn 0.0461 0.9958 0.0791
vn -0.9723 -0.1749 0.1554
vn -0.8312 0.1335 0.5397
vn -0.6084 0.7485 -0.2636
vn -0.8808 0.4514 0.1432
vn -0.8199 0.4606 -0.3402
vn -0.5810 -0.7692 0.2660
vn -0.6230 -0.2918 0.7258
vn -0.4571 -0.4138 0.7873
vn -0.2369 -0.5730 0.7845
vn -0.6826 -0.4227 0.5962
vn -0.5134 -0.8575 -0.0326
vn -0.7512 -0.6593 0.0316
vn 0.1077 -0.5297 0.8413
vn -0.5118 -0.2380 0.8255
vn 0.0230 0.0746 0.9969
vn 0.6825 -0.4228 0.5961
vn 0.7512 -0.6593 0.0314
vn 0.3576 -0.7348 0.5764
vn 0.5119 -0.2386 0.8253
vn -0.0230 0.0739 0.9970
vn 0.5684 0.4400 0.6952
vn 0.4441 -0.2149 0.8698
vn 0.5915 0.4456 0.6720
vn 0.9984 0.0526 -0.0190
vn 0.8022 0.3457 0.4869
vn 0.9224 0.3862 0.0066
vn 0.0373 0.8282 0.5592
vn 0.7650 -0.1253 0.6317
vn -0.0041 0.0002 1.0000
vn -0.7288 0.6552 -0.1991
vn 0.0729 0.9938 -0.0844
vn -0.8019 0.3460 -0.4871
vn -0.9223 0.3865 -0.0065
vn -0.0367 0.8288 -0.5584
vn -0.7656 -0.1250 -0.6310
vn 0.0032 0.0004 -1.0000
vn -0.5682 0.4361 -0.6978
vn -0.4419 -0.2200 -0.8697
vn -0.5912 0.4415 -0.6749
vn -0.7119 -0.6982 0.0748
vn -0.7996 -0.2838 -0.5292
vn -0.9054 -0.4166 0.0819
vn -0.5454 0.2464 -0.8011
vn 0.0779 0.0470 -0.9959
vn -0.9653 -0.2579 0.0403
vn -0.3574 -0.7349 -0.5764
vn 0.1078 -0.5309 -0.8405
vn 0.0228 0.0731 -0.9971
vn -0.5137 -0.8574 0.0326
vn -0.6831 -0.4225 -0.5957
vn 0.6829 -0.4227 -0.5958
vn 0.5135 -0.8575 0.0328
vn 0.5120 -0.2383 -0.8253
vn -0.1454 -0.9446 -0.2941
vn 0.3375 -0.4931 -0.8018
vn 0.5455 0.2460 -0.8012
vn -0.0778 0.0464 -0.9959
vn 0.5817 -0.7684 -0.2668
vn 0.6233 -0.2907 -0.7260
vn 0.4573 -0.4126 -0.7878
vn 0.7654 -0.1243 -0.6314
vn 0.0369 0.8289 -0.5582
vn -0.0000 0.0007 1.0000
vn -0.0000 0.0007 -1.0000
vn 0.6677 -0.7420 0.0602
vn 0.6959 -0.6950 0.1808
vn 0.7073 -0.7069 0.0074
vn 0.5759 -0.7500 0.3252
vn -0.0360 0.0384 0.9986
vn 0.6909 -0.6913 0.2117
vn 0.6960 -0.6949 -0.1809
vn 0.6679 -0.7419 -0.0598
vn 0.7074 -0.7068 -0.0074
vn 0.0374 -0.0343 0.9987
vn -0.7490 0.5776 0.3247
vn -0.6904 0.6919 0.2113
vn -0.6952 0.6957 0.1806
vn -0.7421 0.6676 0.0596
vn -0.7072 0.7070 0.0074
vn -0.6953 0.6957 -0.1806
vn -0.7072 0.7070 -0.0074
vn -0.7490 0.5774 -0.3251
vn 0.0376 -0.0344 -0.9987
vn -0.6906 0.6917 -0.2114
vn 0.8836 -0.3733 0.2827
vn 0.7695 -0.0000 0.6386
vn 0.7680 0.0014 0.6404
vn 0.4161 -0.4771 0.7741
vn -0.9066 -0.3023 -0.2945
vn -0.4361 -0.3740 -0.8185
vn 0.0063 0.0023 -1.0000
vn 0.0004 0.0040 1.0000
vn 0.0323 -0.5084 0.8605
vn -0.4899 -0.4895 0.7214
vn -0.4913 -0.4878 0.7216
vn -0.3117 -0.8758 0.3685
vn -0.7073 -0.7069 0.0036
vn -0.3109 -0.8748 -0.3715
vn -0.4915 -0.4878 -0.7215
vn -0.7074 -0.7068 -0.0036
vn 0.3731 0.8141 0.4450
vn -0.0000 0.6353 0.7723
vn 0.3731 0.2775 0.8853
vn -0.0012 0.0004 1.0000
vn 0.3010 0.2890 -0.9088
vn -0.0000 0.0004 -1.0000
vn 0.3730 0.8148 -0.4438
vn 0.3731 -0.2772 -0.8854
vn -0.0013 -0.0004 -1.0000
vn -0.0000 -0.6351 -0.7725
vn -0.4945 0.4920 0.7166
vn 0.0302 0.5102 0.8595
vn -0.0037 0.0013 1.0000
vn -0.4931 0.4933 0.7166
vn -0.4946 0.4917 -0.7166
vn -0.3140 0.8772 -0.3632
vn 0.5048 0.0143 0.8631
vn 0.4914 -0.4944 0.7170
vn 0.8714 -0.3303 0.3629
vn 0.7055 -0.7087 0.0034
vn 0.8704 -0.3295 -0.3658
vn 0.4929 -0.4932 -0.7168
vn 0.4914 -0.4942 -0.7171
vn 0.5027 0.0165 -0.8643
vn -0.7732 -0.0022 0.6342
vn -1.0000 -0.0000 -0.0028
vn -0.4451 0.3731 0.8141
vn -0.0058 -0.0023 1.0000
vn -0.7749 -0.0000 0.6321
vn -0.6677 -0.7420 -0.0602
vn -0.5762 -0.7496 -0.3256
vn 0.7421 0.6676 0.0601
vn 0.6952 0.6957 0.1807
vn 0.7491 0.5772 0.3252
vn -0.0375 -0.0344 0.9987
vn 0.6907 0.6916 0.2114
vn -0.0373 -0.0342 -0.9987
vn 0.7490 0.5776 -0.3247
vn 0.6904 0.6919 -0.2113
vn -0.6924 -0.7208 -0.0311
vn -0.3924 -0.9070 0.1528
vn -0.7046 -0.6836 0.1902
vn 0.0274 -0.9996 -0.0000
vn -0.3553 -0.9336 0.0457
vn 0.0353 -0.9980 -0.0531
vn -0.2850 -0.9585 -0.0000
vn -0.3445 -0.9387 0.0097
vn 0.1484 -0.9491 -0.2780
vn -0.6406 -0.7674 0.0256
vn 0.3517 -0.3189 0.8801
vn -0.0591 -0.1358 0.9890
vn 0.3937 -0.7081 0.5862
vn 0.4340 -0.7524 0.4955
vn -0.1677 0.3897 0.9055
vn 0.3498 -0.9360 0.0380
vn -0.0307 -0.9995 0.0064
vn -0.0400 -0.9982 -0.0442
vn 0.6959 -0.7062 0.1308
vn 0.4530 -0.8548 0.2531
vn 0.3653 -0.9306 -0.0217
vn -0.3527 -0.3313 0.8751
vn 0.6898 -0.7240 -0.0019
vn 0.8865 -0.4571 0.0719
vn 0.6616 -0.7176 0.2176
vn 0.7243 -0.2626 0.6375
vn 0.9343 -0.3547 0.0356
vn 0.9994 0.0347 -0.0013
vn -0.1856 -0.3226 0.9282
vn 0.8717 -0.4684 0.1440
vn 0.7506 0.0409 0.6595
vn 0.9990 0.0428 0.0152
vn 0.8081 0.3865 0.4446
vn 0.7241 -0.0489 0.6879
vn 0.6025 0.2826 0.7465
vn 0.9530 0.2945 0.0713
vn 0.7236 0.6900 0.0163
vn 0.1226 -0.2204 0.9677
vn 0.8607 0.1105 0.4970
vn 0.5155 0.4656 0.7194
vn 0.6483 0.7606 0.0355
vn 0.2714 0.7881 0.5525
vn 0.4887 0.4093 0.7704
vn 0.2170 0.5552 0.8029
vn 0.5084 0.8574 0.0798
vn 0.0385 0.9987 0.0346
vn 0.1792 -0.0511 0.9825
vn 0.5239 0.6069 0.5976
vn 0.0417 0.6287 0.7766
vn -0.5085 0.8573 0.0798
vn -0.2170 0.5552 0.8029
vn -0.0385 0.9987 0.0347
vn -0.7356 0.6771 0.0192
vn -0.4430 0.6864 0.5767
vn -0.3331 0.9398 -0.0768
vn 0.1474 0.0598 0.9873
vn 0.0300 0.7654 0.6428
vn -0.4514 0.4997 0.7393
vn -0.9530 0.2945 0.0714
vn -0.6026 0.2826 0.7464
vn -0.7236 0.6900 0.0163
vn -0.9996 -0.0169 0.0239
vn -0.8543 0.1897 0.4839
vn -0.9049 0.4215 -0.0593
vn 0.0690 0.1764 0.9819
vn -0.5810 0.5784 0.5726
vn -0.7539 0.0284 0.6564
vn -0.9343 -0.3547 0.0356
vn -0.7243 -0.2625 0.6375
vn -0.9994 0.0347 -0.0013
vn -0.7495 -0.6589 0.0636
vn -0.8638 -0.4919 0.1086
vn -0.9362 -0.3496 -0.0370
vn -0.1251 0.0939 0.9877
vn -0.6841 -0.7158 0.1402
vn 0.3514 -0.3187 -0.8803
vn -0.6409 -0.7672 -0.0262
vn -0.0588 -0.1351 -0.9891
vn -0.4044 -0.7291 -0.5522
vn -0.4514 -0.7323 -0.5098
vn 0.2149 0.4773 -0.8521
vn -0.3553 -0.9336 -0.0457
vn 0.0353 -0.9980 0.0532
vn 0.6934 -0.7199 0.0306
vn 0.3874 -0.9043 -0.1794
vn 0.7058 -0.6820 -0.1915
vn -0.0308 -0.9995 -0.0064
vn 0.3498 -0.9361 -0.0380
vn -0.0401 -0.9982 0.0442
vn 0.2847 -0.9586 -0.0000
vn 0.3690 -0.9274 0.0611
vn -0.1931 -0.9047 0.3797
vn 0.6377 -0.7702 -0.0084
vn -0.3530 -0.3313 -0.8750
vn 0.0679 -0.1576 -0.9852
vn 0.9343 -0.3547 -0.0356
vn 0.7244 -0.2626 -0.6374
vn 0.9994 0.0347 0.0013
vn 0.7495 -0.6589 -0.0636
vn 0.8638 -0.4920 -0.1086
vn 0.9362 -0.3496 0.0370
vn 0.1249 0.0939 -0.9877
vn 0.8913 -0.3814 -0.2451
vn 0.6836 -0.7163 -0.1402
vn 0.9530 0.2945 -0.0714
vn 0.6026 0.2826 -0.7464
vn 0.7236 0.6900 -0.0163
vn 0.9996 -0.0169 -0.0238
vn 0.8544 0.1897 -0.4838
vn -0.0686 0.1753 -0.9821
vn 0.5817 0.5767 -0.5737
vn 0.7542 0.0268 -0.6561
vn 0.5085 0.8573 -0.0798
vn 0.2170 0.5552 -0.8029
vn 0.0385 0.9987 -0.0347
vn 0.7356 0.6771 -0.0192
vn 0.4430 0.6864 -0.5767
vn 0.3331 0.9398 0.0768
vn -0.1474 0.0598 -0.9873
vn -0.0300 0.7654 -0.6428
vn 0.4514 0.4997 -0.7393
vn -0.6485 0.7604 -0.0357
vn -0.2717 0.7879 -0.5527
vn -0.4889 0.4089 -0.7706
vn -0.2170 0.5552 -0.8029
vn -0.5084 0.8574 -0.0798
vn -0.0385 0.9987 -0.0346
vn -0.1792 -0.0511 -0.9825
vn -0.5239 0.6069 -0.5976
vn -0.0417 0.6287 -0.7766
vn -0.9990 0.0429 -0.0154
vn -0.8079 0.3865 -0.4449
vn -0.7241 -0.0488 -0.6879
vn -0.6025 0.2827 -0.7464
vn -0.9530 0.2946 -0.0714
vn -0.7235 0.6901 -0.0163
vn -0.1223 -0.2204 -0.9677
vn -0.8603 0.1106 -0.4977
vn -0.5151 0.4657 -0.7196
vn -0.6900 -0.7238 0.0019
vn -0.8867 -0.4567 -0.0719
vn -0.6618 -0.7173 -0.2177
vn -0.7243 -0.2627 -0.6375
vn 0.1850 -0.3228 -0.9282
vn -0.8719 -0.4681 -0.1440
vn -0.7507 0.0412 -0.6594
vn 0.6031 0.7256 0.3314
vn 0.6845 0.7077 0.1749
vn 0.1113 0.0869 0.9900
vn 0.2619 0.9634 0.0577
vn 0.0929 0.9870 -0.1309
vn -0.0726 0.9938 0.0846
vn 0.6670 0.7439 0.0415
vn 0.3816 0.8900 0.2496
vn 0.3370 0.9398 0.0568
vn 0.6257 -0.3848 0.6786
vn 0.7287 0.6551 0.1993
vn 0.0216 0.0217 0.9995
vn -0.7462 0.6616 0.0741
vn -0.6302 0.7509 0.1976
vn -0.7362 0.6667 0.1162
vn -0.1680 0.9657 -0.1981
vn -0.2409 0.9704 0.0173
vn 0.0902 0.9950 0.0440
vn -0.4520 0.7687 0.4525
vn -0.3313 0.8582 0.3921
vn 0.0462 0.9958 0.0790
vn -0.7221 0.6612 0.2034
vn -0.6309 -0.3929 0.6690
vn -0.0117 0.0117 0.9999
vn -0.9722 -0.1751 0.1552
vn -0.8313 0.1336 0.5396
vn -0.6080 0.7490 -0.2634
vn -0.8803 0.4522 0.1431
vn -0.8195 0.4612 -0.3402
vn -0.7652 -0.1238 0.6318
vn -0.0369 0.8284 0.5589
vn 0.0043 0.0017 1.0000
vn -0.5816 -0.7687 0.2661
vn -0.6238 -0.2908 0.7255
vn -0.4575 -0.4129 0.7875
vn -0.8517 0.1625 0.4981
vn -0.9653 -0.2578 -0.0403
vn -0.9974 0.0691 0.0195
vn -0.3369 -0.4924 0.8026
vn -0.5443 0.2463 0.8019
vn 0.0786 0.0471 0.9958
vn 0.1457 -0.9448 0.2934
vn -0.2371 -0.5728 0.7846
vn -0.0333 -0.5316 0.8463
vn -0.6823 -0.4228 0.5964
vn -0.5135 -0.8575 -0.0324
vn 0.1078 -0.5299 0.8412
vn 0.0231 0.0740 0.9970
vn 0.5133 -0.8576 -0.0327
vn 0.6824 -0.4228 0.5964
vn 0.7512 -0.6594 0.0314
vn 0.0113 -0.9957 -0.0920
vn 0.3574 -0.7355 0.5756
vn 0.3355 -0.9355 -0.1106
vn 0.5115 -0.2375 0.8258
vn -0.1078 -0.5293 0.8415
vn -0.0231 0.0750 0.9969
vn 0.8517 0.1625 0.4982
vn 0.7120 -0.6982 -0.0744
vn 0.7998 -0.2841 0.5288
vn 0.9054 -0.4166 -0.0815
vn 0.5435 0.2472 0.8022
vn 0.3369 -0.4916 0.8030
vn -0.0789 0.0482 0.9957
vn 0.5692 0.4379 0.6959
vn 0.4439 -0.2181 0.8691
vn 0.5924 0.4422 0.6734
vn 0.9984 0.0530 -0.0191
vn 0.8020 0.3460 0.4868
vn 0.9222 0.3866 0.0067
vn 0.0368 0.8287 0.5585
vn 0.7654 -0.1227 0.6317
vn -0.0043 0.0028 1.0000
vn 0.6282 0.7496 -0.2087
vn 0.7308 0.6718 -0.1208
vn 0.0928 0.9870 0.1311
vn 0.2617 0.9634 -0.0575
vn -0.0728 0.9938 -0.0844
vn 0.4520 0.7689 -0.4522
vn 0.3516 0.8697 -0.3464
vn 0.7295 0.6542 -0.1996
vn 0.6246 -0.3868 -0.6784
vn 0.0221 0.0218 -0.9995
vn -0.6668 0.7440 -0.0415
vn -0.3814 0.8901 -0.2494
vn -0.6248 -0.3860 -0.6787
vn -0.7291 0.6546 -0.1996
vn -0.0218 0.0216 -0.9995
vn -0.6030 0.7259 -0.3309
vn -0.6844 0.7079 -0.1745
vn -0.1114 0.0870 -0.9900
vn -0.2619 0.9634 -0.0576
vn -0.0929 0.9870 0.1309
vn 0.0726 0.9938 -0.0845
vn -0.9984 0.0530 0.0191
vn -0.8020 0.3460 -0.4868
vn -0.9222 0.3866 -0.0067
vn -0.0368 0.8287 -0.5584
vn -0.7655 -0.1228 -0.6317
vn 0.0043 0.0028 -1.0000
vn -0.5692 0.4379 -0.6959
vn -0.4439 -0.2181 -0.8691
vn -0.5924 0.4423 -0.6734
vn -0.7120 -0.6982 0.0746
vn -0.7996 -0.2840 -0.5291
vn -0.9054 -0.4166 0.0817
vn -0.5444 0.2464 -0.8018
vn -0.3372 -0.4927 -0.8022
vn 0.0782 0.0469 -0.9958
vn -0.8520 0.1624 -0.4978
vn -0.0113 -0.9957 0.0918
vn -0.3574 -0.7353 -0.5758
vn -0.3356 -0.9355 0.1104
vn -0.5116 -0.2375 -0.8258
vn 0.1078 -0.5293 -0.8416
vn 0.0231 0.0750 -0.9969
vn -0.5133 -0.8576 0.0327
vn -0.6824 -0.4228 -0.5963
vn -0.7512 -0.6594 -0.0314
vn 0.6824 -0.4229 -0.5962
vn 0.5132 -0.8577 0.0330
vn 0.7511 -0.6594 -0.0311
vn -0.1077 -0.5291 -0.8417
vn 0.5115 -0.2373 -0.8258
vn -0.0231 0.0752 -0.9969
vn -0.1452 -0.9445 -0.2946
vn 0.2373 -0.5722 -0.7850
vn 0.0334 -0.5305 -0.8470
vn 0.8520 0.1624 -0.4978
vn 0.9974 0.0691 -0.0195
vn 0.3371 -0.4931 -0.8020
vn 0.5445 0.2459 -0.8019
vn -0.0782 0.0463 -0.9959
vn 0.5816 -0.7687 -0.2661
vn 0.6235 -0.2911 -0.7256
vn 0.4575 -0.4129 -0.7875
vn 0.6080 0.7490 0.2634
vn 0.8803 0.4522 -0.1431
vn 0.8195 0.4612 0.3402
vn 0.7653 -0.1239 -0.6317
vn 0.0369 0.8285 -0.5588
vn -0.0043 0.0017 -1.0000
vn 0.9722 -0.1751 -0.1552
vn 0.8313 0.1336 -0.5396
vn 0.7773 -0.0044 -0.6291
vn -0.0000 0.0013 1.0000
vn -0.0000 0.0014 -1.0000
vn -0.0000 0.0013 -1.0000
vn 0.6678 -0.7419 0.0602
vn 0.6961 -0.6948 0.1809
vn 0.7074 -0.7068 0.0074
vn 0.5747 -0.7510 0.3250
vn -0.0363 0.0381 0.9986
vn 0.6898 -0.6924 0.2114
vn -0.0360 0.0387 -0.9986
vn 0.5760 -0.7498 -0.3255
vn 0.6911 -0.6909 -0.2122
vn 0.6961 -0.6948 -0.1809
vn 0.6680 -0.7418 -0.0598
vn 0.7075 -0.7067 -0.0074
vn 0.0378 -0.0349 0.9987
vn -0.7492 0.5770 0.3252
vn -0.6907 0.6914 0.2118
vn -0.6951 0.6959 0.1807
vn -0.6950 0.6960 -0.1806
vn -0.7069 0.7072 -0.0074
vn -0.7496 0.5762 -0.3255
vn 0.0379 -0.0354 -0.9987
vn -0.6915 0.6906 -0.2118
vn 0.8835 -0.3735 0.2827
vn 0.7694 -0.0001 0.6388
vn 0.7679 0.0015 0.6405
vn 0.4159 -0.4768 0.7744
vn 0.4188 -0.4771 -0.7726
vn 0.7678 0.0014 -0.6407
vn -0.0055 -0.0000 -1.0000
vn -0.4383 -0.3742 0.8173
vn -0.7681 0.0023 0.6403
vn -0.9074 -0.3023 0.2920
vn -0.4359 -0.3740 -0.8186
vn 0.0067 0.0023 -1.0000
vn -0.7672 -0.0000 -0.6415
vn 0.8688 0.3281 0.3709
vn 0.4896 0.4896 0.7215
vn 0.4884 0.4914 0.7211
vn 0.4986 -0.0191 0.8666
vn -0.0022 -0.0015 1.0000
vn 0.5010 -0.0178 -0.8653
vn 0.4885 0.4911 -0.7213
vn 0.8694 0.3288 -0.3687
vn 0.7062 0.7080 -0.0036
vn 0.4898 0.4891 -0.7217
vn -0.3826 -0.9239 -0.0001
vn 0.0005 0.0039 1.0000
vn 0.0325 -0.5084 0.8605
vn -0.4898 -0.4895 0.7214
vn -0.4909 -0.4884 0.7214
vn -0.3113 -0.8762 0.3680
vn -0.7068 -0.7075 0.0031
vn -0.7070 -0.7072 -0.0033
vn 0.0347 -0.5064 -0.8616
vn 0.4798 0.7691 0.4224
vn -0.0012 0.6356 0.7720
vn -0.0000 1.0000 -0.0008
vn 0.3731 0.2770 0.8855
vn 0.3008 0.2886 -0.9090
vn 0.3731 0.8148 -0.4437
vn -0.0012 0.0003 1.0000
vn 0.3730 -0.2788 0.8850
vn -0.0000 -0.6345 0.7729
vn 0.3730 -0.8149 0.4436
vn -0.0014 -1.0000 -0.0003
vn -0.0000 -0.6351 0.7724
vn 0.4799 -0.7686 -0.4230
vn -0.0000 -1.0000 0.0001
vn -0.3129 0.8765 0.3657
vn -0.4944 0.4920 0.7166
vn 0.0302 0.5099 0.8597
vn -0.4931 0.4929 0.7168
vn -1.0000 0.0002 -0.0067
vn -0.0035 0.0013 -1.0000
vn 0.0288 0.5120 -0.8585
vn -0.4929 0.4933 -0.7168
vn -0.4946 0.4918 -0.7166
vn -0.3140 0.8773 -0.3630
vn 0.5047 0.0141 0.8632
vn 0.4915 -0.4945 0.7169
vn 0.0023 -0.0025 1.0000
vn 0.8714 -0.3300 0.3629
vn 0.7058 -0.7085 -0.0031
vn 0.4929 -0.4928 0.7171
vn 0.7062 -0.7080 0.0029
vn 0.8706 -0.3287 -0.3661
vn 0.4932 -0.4923 -0.7172
vn 0.4913 -0.4948 -0.7168
vn 0.5028 0.0160 -0.8643
vn 0.0022 -0.0028 -1.0000
vn -0.7731 -0.0022 0.6343
vn -0.4446 0.3733 0.8142
vn -0.0060 -0.0023 -1.0000
vn -0.4474 0.3731 -0.8128
vn -0.7749 -0.0000 -0.6320
vn -0.7731 -0.0022 -0.6343
vn -0.9094 0.3021 -0.2859
vn -1.0000 -0.0000 0.0027
vn 0.4267 0.4781 0.7677
vn 0.7751 -0.0017 0.6319
vn 0.8863 0.3741 0.2731
vn 0.7743 -0.0001 0.6329
vn 0.8853 0.3739 -0.2765
vn 0.4241 0.4784 -0.7689
vn 0.0065 -0.0000 -1.0000
vn 0.0364 0.0382 0.9986
vn -0.5747 -0.7511 0.3248
vn -0.6897 -0.6925 0.2115
vn -0.6961 -0.6948 0.1808
vn -0.6679 -0.7418 0.0598
vn -0.7075 -0.7067 0.0074
vn -0.6679 -0.7419 -0.0602
vn -0.6961 -0.6948 -0.1810
vn -0.7074 -0.7067 -0.0074
vn -0.5757 -0.7500 -0.3256
vn 0.0360 0.0384 -0.9986
vn 0.7418 0.6679 0.0600
vn 0.6949 0.6960 0.1807
vn 0.7068 0.7073 0.0073
vn 0.7493 0.5766 0.3258
vn -0.0379 -0.0352 0.9987
vn 0.6910 0.6911 0.2120
vn 0.6949 0.6961 -0.1806
vn 0.7418 0.6680 -0.0596
vn 0.7068 0.7074 -0.0073
vn -0.3931 -0.9067 0.1529
vn -0.7052 -0.6830 0.1904
vn -0.6411 -0.7671 0.0262
vn 0.3513 -0.3190 0.8802
vn -0.0589 -0.1348 0.9891
vn 0.4339 -0.7524 0.4955
vn 0.6959 -0.7061 0.1308
vn 0.4531 -0.8547 0.2532
vn -0.3521 -0.3313 0.8754
vn 0.6384 -0.7697 0.0092
vn 0.0677 -0.1561 0.9854
vn 0.6903 -0.7236 -0.0019
vn 0.8869 -0.4563 0.0723
vn 0.6621 -0.7171 0.2178
vn 0.9342 -0.3549 0.0356
vn 0.9994 0.0345 -0.0013
vn -0.1857 -0.3227 0.9281
vn 0.8716 -0.4684 0.1448
vn 0.6027 0.2823 0.7464
vn 0.9530 0.2945 0.0714
vn 0.7235 0.6901 0.0163
vn 0.1223 -0.2203 0.9677
vn 0.8600 0.1105 0.4981
vn 0.5150 0.4657 0.7197
vn 0.4886 0.4098 0.7703
vn 0.2173 0.5551 0.8029
vn 0.5086 0.8573 0.0798
vn 0.0386 0.9987 0.0347
vn 0.1787 -0.0504 0.9826
vn 0.5235 0.6071 0.5979
vn 0.0411 0.6290 0.7763
vn -0.5086 0.8573 0.0799
vn -0.2174 0.5551 0.8029
vn -0.0386 0.9986 0.0348
vn -0.7357 0.6770 0.0191
vn -0.4432 0.6861 0.5769
vn 0.0298 0.7655 0.6428
vn -0.4519 0.4999 0.7388
vn -0.9530 0.2944 0.0714
vn -0.6028 0.2823 0.7463
vn -0.7236 0.6900 0.0164
vn -0.9996 -0.0170 0.0238
vn -0.9049 0.4214 -0.0594
vn 0.0684 0.1763 0.9820
vn -0.5809 0.5784 0.5726
vn -0.7542 0.0283 0.6560
vn -0.9342 -0.3549 0.0356
vn -0.9994 0.0345 -0.0014
vn -0.1254 0.0932 0.9877
vn -0.8918 -0.3802 0.2453
vn -0.6845 -0.7154 0.1400
vn 0.9342 -0.3549 -0.0356
vn 0.7243 -0.2630 -0.6374
vn 0.9994 0.0346 0.0013
vn 0.8638 -0.4920 -0.1087
vn 0.1250 0.0937 -0.9877
vn 0.8916 -0.3807 -0.2452
vn 0.6841 -0.7158 -0.1402
vn 0.6026 0.2825 -0.7464
vn 0.9996 -0.0169 -0.0239
vn 0.8543 0.1897 -0.4839
vn 0.9049 0.4215 0.0593
vn -0.0690 0.1763 -0.9819
vn 0.5810 0.5784 -0.5726
vn 0.7539 0.0283 -0.6563
vn 0.7357 0.6771 -0.0193
vn 0.4430 0.6863 -0.5768
vn -0.1478 0.0595 -0.9872
vn -0.0305 0.7656 -0.6426
vn 0.4510 0.4997 -0.7395
vn -0.9990 0.0429 -0.0152
vn -0.8079 0.3867 -0.4447
vn -0.1225 -0.2207 -0.9676
vn -0.8604 0.1104 -0.4975
vn -0.5154 0.4654 -0.7196
vn -0.6903 -0.7235 0.0019
vn -0.8869 -0.4564 -0.0719
vn -0.6621 -0.7171 -0.2177
vn -0.7242 -0.2628 -0.6376
vn -0.7506 0.0412 -0.6595
vn 0.6034 0.7252 0.3316
vn 0.7287 0.6551 0.1994
vn -0.7464 0.6614 0.0741
vn -0.6305 0.7506 0.1976
vn -0.7364 0.6665 0.1162
vn -0.1680 0.9657 -0.1982
vn -0.2407 0.9704 0.0172
vn 0.0903 0.9949 0.0439
vn -0.4533 0.7676 0.4531
vn -0.3329 0.8572 0.3929
vn 0.0451 0.9958 0.0798
vn -0.7221 0.6612 0.2035
vn -0.9723 -0.1747 0.1555
vn -0.8312 0.1341 0.5396
vn -0.7771 -0.0041 0.6294
vn -0.6081 0.7489 -0.2633
vn -0.8196 0.4611 -0.3400
vn -0.7649 -0.1246 0.6320
vn -0.0372 0.8284 0.5589
vn 0.0043 0.0010 1.0000
vn -0.5814 -0.7687 0.2664
vn -0.6234 -0.2910 0.7258
vn -0.4572 -0.4130 0.7876
vn -0.8519 0.1625 0.4978
vn -0.9653 -0.2579 -0.0403
vn -0.3372 -0.4926 0.8023
vn -0.5448 0.2464 0.8015
vn 0.0782 0.0468 0.9958
vn 0.1457 -0.9449 0.2933
vn -0.2367 -0.5731 0.7845
vn -0.0333 -0.5317 0.8463
vn -0.6827 -0.4226 0.5961
vn 0.1078 -0.5300 0.8412
vn -0.5119 -0.2381 0.8254
vn 0.5133 -0.8576 -0.0328
vn 0.6826 -0.4229 0.5959
vn 0.7512 -0.6593 0.0313
vn 0.0112 -0.9957 -0.0919
vn 0.3574 -0.7352 0.5759
vn 0.3355 -0.9355 -0.1105
vn 0.5118 -0.2378 0.8255
vn -0.1078 -0.5297 0.8413
vn -0.0230 0.0746 0.9969
vn 0.7120 -0.6982 -0.0746
vn 0.7995 -0.2838 0.5293
vn 0.9054 -0.4166 -0.0818
vn 0.5449 0.2464 0.8015
vn 0.3375 -0.4929 0.8020
vn -0.0779 0.0467 0.9959
vn 0.5680 0.4414 0.6947
vn 0.4443 -0.2129 0.8702
vn 0.5910 0.4474 0.6713
vn 0.8022 0.3459 0.4866
vn 0.9223 0.3864 0.0066
vn 0.0371 0.8287 0.5585
vn 0.7651 -0.1235 0.6319
vn -0.0043 0.0021 1.0000
vn 0.7335 0.6753 -0.0776
vn 0.6278 0.7498 -0.2087
vn 0.7306 0.6720 -0.1209
vn 0.7290 0.6548 -0.1995
vn 0.6253 -0.3857 -0.6784
vn 0.0217 0.0217 -0.9995
vn -0.3814 0.8902 -0.2493
vn -0.7287 0.6552 -0.1995
vn -0.0214 0.0215 -0.9995
vn -0.6033 0.7255 -0.3310
vn -0.6847 0.7076 -0.1747
vn -0.1116 0.0869 -0.9899
vn -0.0368 0.8287 -0.5585
vn -0.7654 -0.1227 -0.6317
vn -0.5924 0.4422 -0.6734
vn -0.7998 -0.2840 -0.5288
vn -0.5444 0.2459 -0.8020
vn -0.3368 -0.4929 -0.8023
vn 0.0785 0.0465 -0.9958
vn -0.9653 -0.2580 0.0403
vn -0.8517 0.1622 -0.4982
vn -0.9974 0.0689 -0.0195
vn -0.5132 -0.8577 0.0328
vn -0.6823 -0.4230 -0.5963
vn -0.7511 -0.6594 -0.0313
vn 0.6823 -0.4225 -0.5966
vn 0.5132 -0.8577 0.0327
vn 0.7512 -0.6594 -0.0313
vn -0.1078 -0.5284 -0.8421
vn 0.5114 -0.2369 -0.8260
vn -0.0233 0.0759 -0.9968
vn 0.2377 -0.5722 -0.7849
vn 0.8518 0.1622 -0.4982
vn 0.9653 -0.2580 0.0403
vn 0.9974 0.0689 -0.0195
vn 0.3369 -0.4923 -0.8026
vn 0.5443 0.2463 -0.8019
vn -0.0786 0.0471 -0.9958
vn 0.6238 -0.2908 -0.7255
vn 0.4574 -0.4129 -0.7876
vn 0.7652 -0.1238 -0.6318
vn 0.0369 0.8284 -0.5589
vn 0.6957 -0.6952 0.1811
vn 0.5765 -0.7490 0.3266
vn -0.0361 0.0392 0.9986
vn 0.6919 -0.6899 0.2129
vn 0.0376 -0.0346 0.9987
vn -0.7493 0.5769 0.3252
vn -0.6907 0.6914 0.2117
vn -0.6950 0.6959 0.1808
vn -0.6952 0.6958 -0.1807
vn -0.7489 0.5772 -0.3256
vn 0.0377 -0.0347 -0.9987
vn -0.6905 0.6917 -0.2118
vn 0.7694 -0.0001 0.6387
vn -0.0048 -0.0000 1.0000
vn 0.4193 -0.4771 -0.7723
vn -0.0048 -0.0001 -1.0000
vn 0.8845 -0.3732 -0.2798
vn 0.7694 -0.0001 -0.6387
vn -0.9066 -0.3023 -0.2946
vn -0.7681 0.0022 -0.6403
vn -0.4359 -0.3742 -0.8185
vn 0.7059 0.7083 0.0037
vn 0.8687 0.3281 0.3712
vn 0.4896 0.4894 0.7216
vn 0.4886 0.4909 0.7213
vn 0.4990 -0.0197 0.8664
vn -0.0021 -0.0023 1.0000
vn 0.5008 -0.0178 -0.8654
vn -0.0020 -0.0022 -1.0000
vn 0.8694 0.3290 -0.3686
vn 0.4896 0.4894 -0.7216
vn 0.0005 0.0033 1.0000
vn 0.0325 -0.5089 0.8602
vn -0.4897 -0.4901 0.7211
vn -0.3104 -0.8752 -0.3712
vn -0.4909 -0.4884 -0.7214
vn -0.7068 -0.7074 -0.0032
vn 0.0347 -0.5068 -0.8614
vn 0.0005 0.0032 -1.0000
vn -0.4897 -0.4902 -0.7210
vn 0.4798 0.7690 0.4225
vn -0.0012 0.6354 0.7722
vn -0.0000 1.0000 -0.0005
vn 0.3731 0.2771 0.8854
vn -0.0012 -0.0000 1.0000
vn 0.3008 0.2885 -0.9090
vn 0.3731 0.8148 -0.4438
vn -0.0000 0.6348 -0.7726
vn -0.0013 0.0001 1.0000
vn 0.3732 -0.2787 0.8849
vn -0.0000 -0.6347 0.7728
vn 0.3731 -0.8149 0.4436
vn 0.3732 -0.2763 -0.8857
vn -0.0013 0.0006 -1.0000
vn -0.0000 -0.6343 -0.7731
vn -0.3129 0.8766 0.3656
vn -0.4944 0.4921 0.7166
vn -0.7069 0.7073 -0.0037
vn 0.0302 0.5103 0.8595
vn -0.0037 0.0015 1.0000
vn -0.4931 0.4934 0.7165
vn 0.5048 0.0142 0.8631
vn 0.4913 -0.4945 0.7170
vn 0.0022 -0.0024 1.0000
vn 0.8714 -0.3299 0.3630
vn 0.7059 -0.7083 -0.0031
vn 0.4931 -0.4927 0.7170
vn 0.7061 -0.7082 0.0031
vn 0.8707 -0.3287 -0.3658
vn 0.4931 -0.4925 -0.7171
vn 0.4912 -0.4938 -0.7175
vn 0.5022 0.0169 -0.8646
vn 0.0019 -0.0016 -1.0000
vn -0.9087 0.3021 0.2882
vn -0.4446 0.3731 0.8143
vn -0.0052 -0.0023 1.0000
vn -0.7745 -0.0000 0.6326
vn -0.0057 -0.0023 -1.0000
vn -0.4469 0.3733 -0.8130
vn -0.9095 0.3020 -0.2857
vn -1.0000 -0.0000 0.0028
vn 0.4271 0.4784 0.7672
vn 0.0065 -0.0000 1.0000
vn 0.8853 0.3741 -0.2763
vn 0.7743 -0.0001 -0.6329
vn 0.7751 -0.0017 -0.6319
vn 0.4237 0.4782 -0.7693
vn 0.0366 0.0389 0.9986
vn -0.5754 -0.7502 0.3257
vn -0.6906 -0.6913 0.2124
vn -0.6675 -0.7422 0.0597
vn -0.7071 -0.7071 0.0073
vn -0.6678 -0.7419 -0.0602
vn -0.6960 -0.6949 -0.1810
vn -0.7073 -0.7068 -0.0074
vn -0.5759 -0.7498 -0.3257
vn -0.6911 -0.6909 -0.2121
vn 0.6949 0.6960 0.1808
vn 0.7069 0.7073 0.0074
vn 0.7491 0.5769 0.3256
vn -0.0376 -0.0347 0.9987
vn 0.6906 0.6915 0.2117
vn -0.0378 -0.0349 -0.9987
vn 0.7492 0.5770 -0.3252
vn 0.6907 0.6914 -0.2118
vn 0.6951 0.6959 -0.1807
vn -0.6966 -0.7047 0.1348
vn -0.3664 -0.9302 -0.0209
vn -0.4435 -0.8650 0.2347
vn -0.1264 -0.9855 -0.1134
vn -0.4327 -0.8640 0.2575
vn -0.3866 -0.9222 0.0125
vn -0.4049 -0.7279 0.5534
vn 0.2159 0.4794 0.8506
vn -0.4519 -0.7311 0.5111
vn -0.7707 -0.4766 0.4229
vn -0.4288 -0.8494 0.3077
vn -0.1003 0.1998 0.9747
vn -0.1928 -0.9049 -0.3795
vn 0.3692 -0.9274 -0.0610
vn 0.3952 -0.9185 0.0112
vn 0.4448 -0.8494 0.2842
vn 0.1139 -0.9887 -0.0978
vn 0.6937 -0.7196 -0.0306
vn 0.7062 -0.6816 0.1914
vn 0.3880 -0.9041 0.1793
vn 0.0852 0.2250 0.9706
vn 0.4327 -0.8316 0.3482
vn 0.7800 -0.4549 0.4296
vn 0.7497 -0.6587 0.0635
vn 0.9363 -0.3492 -0.0369
vn 0.8639 -0.4917 0.1090
vn 0.8822 0.1404 0.4494
vn 0.8066 -0.5782 0.1226
vn 0.8866 -0.4585 -0.0608
vn 0.1257 0.0928 0.9877
vn 0.6835 -0.7166 0.1392
vn 0.8913 -0.3816 0.2449
vn 0.9996 -0.0171 0.0237
vn 0.9050 0.4213 -0.0593
vn 0.8543 0.1895 0.4841
vn 0.3441 0.7579 0.5543
vn 0.7989 0.3689 0.4751
vn 0.8193 0.5653 -0.0960
vn -0.0681 0.1759 0.9821
vn 0.7545 0.0276 0.6557
vn 0.5814 0.5776 0.5731
vn 0.7357 0.6770 0.0192
vn 0.3333 0.9397 -0.0767
vn 0.4431 0.6861 0.5770
vn -0.2930 0.7258 0.6224
vn 0.2477 0.7918 0.5583
vn 0.1036 0.9875 -0.1189
vn -0.1465 0.0602 0.9874
vn 0.4522 0.4999 0.7387
vn -0.0296 0.7654 0.6428
vn -0.1036 0.9875 -0.1189
vn -0.2477 0.7918 0.5583
vn 0.2930 0.7258 0.6224
vn -0.6481 0.7607 0.0357
vn -0.4888 0.4094 0.7704
vn -0.2712 0.7879 0.5528
vn -0.1782 -0.0508 0.9827
vn -0.0405 0.6288 0.7765
vn -0.5230 0.6068 0.5986
vn -0.8193 0.5653 -0.0959
vn -0.7988 0.3689 0.4751
vn -0.3441 0.7579 0.5543
vn -0.9990 0.0430 0.0154
vn -0.7242 -0.0488 0.6879
vn -0.8076 0.3868 0.4451
vn -0.1222 -0.2203 0.9678
vn -0.5150 0.4658 0.7196
vn -0.8599 0.1106 0.4983
vn -0.8866 -0.4586 -0.0608
vn -0.8065 -0.5783 0.1226
vn -0.8822 0.1403 0.4494
vn -0.6898 -0.7240 -0.0020
vn -0.6616 -0.7176 0.2176
vn -0.8866 -0.4569 0.0723
vn 0.1859 -0.3225 0.9281
vn -0.7504 0.0412 0.6597
vn -0.8715 -0.4683 0.1451
vn -0.6930 -0.7203 0.0310
vn -0.7052 -0.6830 -0.1902
vn -0.3932 -0.9067 -0.1528
vn -0.1003 0.1998 -0.9747
vn -0.4288 -0.8494 -0.3077
vn -0.7707 -0.4766 -0.4230
vn 0.1485 -0.9491 0.2779
vn -0.3443 -0.9388 -0.0097
vn -0.3866 -0.9222 -0.0125
vn -0.4327 -0.8640 -0.2575
vn -0.1264 -0.9855 0.1134
vn 0.6957 -0.7063 -0.1308
vn 0.3651 -0.9307 0.0217
vn 0.4529 -0.8549 -0.2530
vn 0.1139 -0.9887 0.0978
vn 0.4448 -0.8494 -0.2841
vn 0.3952 -0.9185 -0.0112
vn 0.3938 -0.7080 -0.5862
vn -0.1679 0.3900 -0.9054
vn 0.4341 -0.7523 -0.4956
vn 0.7801 -0.4550 -0.4295
vn 0.4327 -0.8316 -0.3482
vn 0.0851 0.2249 -0.9707
vn 0.8866 -0.4586 0.0608
vn 0.8065 -0.5783 -0.1226
vn 0.8822 0.1403 -0.4494
vn 0.6898 -0.7240 0.0020
vn 0.6616 -0.7176 -0.2176
vn 0.8866 -0.4569 -0.0723
vn -0.1859 -0.3225 -0.9281
vn 0.7504 0.0412 -0.6597
vn 0.8715 -0.4683 -0.1451
vn 0.8193 0.5652 0.0960
vn 0.7989 0.3689 -0.4751
vn 0.3442 0.7579 -0.5543
vn 0.9990 0.0430 -0.0154
vn 0.7242 -0.0488 -0.6879
vn 0.8076 0.3868 -0.4451
vn 0.1221 -0.2203 -0.9678
vn 0.5149 0.4658 -0.7196
vn 0.8599 0.1106 -0.4983
vn 0.1036 0.9875 0.1189
vn 0.2477 0.7918 -0.5583
vn -0.2930 0.7258 -0.6224
vn 0.6481 0.7607 -0.0357
vn 0.4888 0.4094 -0.7704
vn 0.2712 0.7879 -0.5528
vn 0.1782 -0.0508 -0.9827
vn 0.0405 0.6288 -0.7765
vn 0.5230 0.6068 -0.5986
vn -0.7357 0.6770 -0.0192
vn -0.3333 0.9397 0.0767
vn -0.4431 0.6861 -0.5770
vn 0.2930 0.7258 -0.6224
vn -0.2477 0.7918 -0.5583
vn -0.1036 0.9875 0.1189
vn 0.1465 0.0602 -0.9874
vn -0.4522 0.4999 -0.7387
vn 0.0296 0.7654 -0.6428
vn -0.9996 -0.0171 -0.0237
vn -0.9050 0.4213 0.0593
vn -0.8543 0.1895 -0.4841
vn -0.3440 0.7579 -0.5542
vn -0.7988 0.3690 -0.4751
vn -0.8192 0.5654 0.0960
vn 0.0681 0.1759 -0.9821
vn -0.7545 0.0276 -0.6557
vn -0.5814 0.5776 -0.5731
vn -0.7497 -0.6587 -0.0635
vn -0.9363 -0.3492 0.0369
vn -0.8639 -0.4917 -0.1090
vn -0.8822 0.1404 -0.4494
vn -0.8066 -0.5782 -0.1226
vn -0.8866 -0.4585 0.0608
vn -0.1257 0.0928 -0.9877
vn -0.6835 -0.7166 -0.1392
vn -0.8913 -0.3816 -0.2449
vn 0.4521 0.7689 0.4521
vn -0.0353 0.9978 0.0561
vn 0.3518 0.8696 0.3464
vn 0.5362 0.8438 -0.0232
vn 0.5988 0.7869 0.1492
vn 0.0431 0.9984 0.0362
vn 0.7338 0.6749 0.0775
vn 0.7309 0.6717 0.1208
vn 0.6282 0.7495 0.2086
vn -0.2061 0.1520 0.9667
vn 0.5193 0.8150 0.2571
vn 0.6581 0.7359 0.1596
vn -0.6668 0.7441 0.0414
vn -0.3367 0.9399 0.0568
vn -0.3814 0.8901 0.2496
vn -0.0431 0.9984 0.0362
vn -0.5988 0.7869 0.1492
vn -0.5362 0.8438 -0.0232
vn -0.6034 0.7254 0.3314
vn -0.1114 0.0868 0.9900
vn -0.6847 0.7075 0.1750
vn -0.6581 0.7359 0.1596
vn -0.5193 0.8150 0.2571
vn 0.2062 0.1520 0.9666
vn -0.9984 0.0527 -0.0191
vn -0.9223 0.3864 0.0065
vn -0.8020 0.3458 0.4870
vn -0.5683 0.4387 0.6962
vn -0.5914 0.4443 0.6730
vn -0.4432 -0.2166 0.8698
vn -0.7410 0.1184 0.6610
vn -0.8142 0.2110 0.5409
vn -0.8936 0.4470 0.0401
vn -0.7122 -0.6980 -0.0747
vn -0.9055 -0.4163 -0.0817
vn -0.7997 -0.2835 0.5293
vn -0.5938 -0.4247 0.6834
vn -0.4708 -0.6877 0.5526
vn -0.2730 -0.9604 0.0556
vn -0.7181 -0.5362 0.4436
vn -0.8478 -0.4192 0.3249
vn -0.9095 -0.1416 0.3908
vn -0.0113 -0.9957 -0.0915
vn -0.3357 -0.9355 -0.1100
vn -0.3575 -0.7348 0.5764
vn -0.1416 -0.6581 0.7395
vn 0.0516 -0.7872 0.6146
vn 0.4113 -0.9110 0.0317
vn -0.1488 -0.8571 0.4933
vn -0.3140 -0.8711 0.3775
vn -0.5037 -0.7366 0.4513
vn -0.4113 -0.9109 0.0318
vn -0.0515 -0.7872 0.6146
vn 0.1416 -0.6581 0.7395
vn -0.1454 -0.9447 0.2940
vn 0.0334 -0.5313 0.8466
vn 0.2370 -0.5726 0.7848
vn 0.5038 -0.7366 0.4513
vn 0.3140 -0.8712 0.3775
vn 0.1488 -0.8571 0.4932
vn 0.2729 -0.9604 0.0556
vn 0.4709 -0.6877 0.5525
vn 0.5938 -0.4247 0.6834
vn 0.5815 -0.7687 0.2664
vn 0.4573 -0.4131 0.7875
vn 0.6232 -0.2911 0.7259
vn 0.9095 -0.1415 0.3909
vn 0.8477 -0.4192 0.3249
vn 0.7181 -0.5362 0.4437
vn 0.6081 0.7489 -0.2635
vn 0.8196 0.4610 -0.3403
vn 0.8805 0.4520 0.1431
vn 0.9722 -0.1749 0.1556
vn 0.7773 -0.0044 0.6292
vn 0.8311 0.1335 0.5398
vn 0.8936 0.4470 0.0401
vn 0.8142 0.2110 0.5409
vn 0.7410 0.1185 0.6610
vn 0.6668 0.7441 -0.0414
vn 0.3367 0.9399 -0.0568
vn 0.3814 0.8901 -0.2496
vn 0.0431 0.9984 -0.0362
vn 0.5988 0.7869 -0.1492
vn 0.5362 0.8438 0.0232
vn 0.6034 0.7254 -0.3314
vn 0.1114 0.0868 -0.9900
vn 0.6847 0.7075 -0.1750
vn 0.6581 0.7359 -0.1596
vn 0.5193 0.8150 -0.2571
vn -0.2062 0.1520 -0.9666
vn -0.7338 0.6749 -0.0775
vn -0.7309 0.6717 -0.1208
vn -0.6282 0.7495 -0.2086
vn 0.2061 0.1520 -0.9667
vn -0.5193 0.8150 -0.2571
vn -0.6581 0.7359 -0.1596
vn -0.4521 0.7689 -0.4521
vn 0.0353 0.9978 -0.0561
vn -0.3518 0.8696 -0.3464
vn -0.5362 0.8438 0.0232
vn -0.5988 0.7869 -0.1492
vn -0.0431 0.9984 -0.0362
vn -0.9722 -0.1749 -0.1556
vn -0.7772 -0.0044 -0.6292
vn -0.8311 0.1335 -0.5398
vn -0.8936 0.4470 -0.0401
vn -0.8142 0.2110 -0.5409
vn -0.7410 0.1185 -0.6610
vn -0.6080 0.7489 0.2635
vn -0.8195 0.4610 0.3403
vn -0.8805 0.4520 -0.1431
vn -0.5815 -0.7687 -0.2664
vn -0.4573 -0.4131 -0.7876
vn -0.6232 -0.2911 -0.7259
vn -0.9095 -0.1415 -0.3909
vn -0.8477 -0.4192 -0.3250
vn -0.7180 -0.5362 -0.4437
vn -0.2729 -0.9604 -0.0556
vn -0.4709 -0.6878 -0.5525
vn -0.5938 -0.4248 -0.6834
vn 0.1455 -0.9447 -0.2939
vn -0.0334 -0.5312 -0.8466
vn -0.2370 -0.5726 -0.7848
vn -0.5038 -0.7365 -0.4513
vn -0.3141 -0.8711 -0.3775
vn -0.1488 -0.8571 -0.4932
vn 0.4113 -0.9109 -0.0318
vn 0.0515 -0.7871 -0.6146
vn -0.1416 -0.6581 -0.7395
vn 0.1417 -0.6581 -0.7395
vn -0.0515 -0.7871 -0.6146
vn -0.4112 -0.9110 -0.0317
vn 0.1488 -0.8571 -0.4932
vn 0.3140 -0.8712 -0.3774
vn 0.5038 -0.7366 -0.4512
vn 0.0113 -0.9957 0.0914
vn 0.3356 -0.9356 0.1100
vn 0.3575 -0.7348 -0.5764
vn 0.5938 -0.4247 -0.6834
vn 0.4708 -0.6877 -0.5526
vn 0.2730 -0.9604 -0.0556
vn 0.7181 -0.5362 -0.4436
vn 0.8477 -0.4193 -0.3249
vn 0.9095 -0.1416 -0.3908
vn 0.7122 -0.6980 0.0747
vn 0.9055 -0.4163 0.0817
vn 0.7997 -0.2835 -0.5293
vn 0.5683 0.4387 -0.6962
vn 0.5914 0.4443 -0.6730
vn 0.4432 -0.2166 -0.8698
vn 0.7410 0.1184 -0.6610
vn 0.8142 0.2110 -0.5409
vn 0.8936 0.4470 -0.0401
vn 0.9984 0.0527 0.0191
vn 0.9223 0.3864 -0.0065
vn 0.8020 0.3458 -0.4870
vn -0.7070 -0.7072 0.0067
vn -0.4008 -0.9124 0.0824
vn -0.3826 -0.9239 0.0051
vn -0.0001 -1.0000 -0.0000
vn -0.0273 -0.9938 0.1075
vn 0.0002 -1.0000 0.0067
vn 0.3618 -0.9286 0.0823
vn 0.3828 -0.9238 0.0050
vn 0.6834 -0.7221 0.1075
vn -0.5192 0.8378 -0.1689
vn -0.2057 0.9534 -0.2207
vn 0.2252 0.9595 -0.1689
vn 0.5287 0.8196 -0.2207
vn 0.7069 -0.7073 -0.0074
vn 0.6972 -0.6974 0.1659
vn 0.7871 -0.6153 0.0442
vn 0.7004 -0.7011 0.1338
vn 0.0382 -0.0383 0.9985
vn 0.8696 0.4890 0.0679
vn 0.7072 -0.7070 0.0067
vn 0.9125 -0.4008 0.0823
vn 0.9239 -0.3826 0.0051
vn 0.9938 -0.0273 0.1075
vn 0.8691 0.4895 -0.0706
vn 0.0383 -0.0383 -0.9985
vn 0.7004 -0.7011 -0.1338
vn 0.7871 -0.6152 -0.0450
vn 0.6972 -0.6974 -0.1659
vn 0.7069 -0.7073 0.0074
vn -0.9596 0.2252 -0.1689
vn -0.8196 0.5287 -0.2207
vn 0.4885 0.8697 0.0709
vn -0.0322 0.0320 0.9990
vn -0.7010 0.7003 0.1348
vn -0.6153 0.7870 0.0449
vn -0.6974 0.6972 0.1660
vn -0.7073 0.7069 -0.0072
vn -0.7073 0.7069 0.0072
vn -0.6974 0.6972 -0.1660
vn -0.6154 0.7870 -0.0440
vn -0.7010 0.7003 -0.1348
vn -0.0322 0.0321 -0.9990
vn 0.4879 0.8703 -0.0678
vn 0.9094 0.3022 0.2858
vn 1.0000 -0.0000 -0.0029
vn 0.7733 -0.0022 0.6340
vn 0.4474 0.3730 0.8129
vn 0.7748 -0.0000 0.6323
vn 0.0056 -0.0023 1.0000
vn 1.0000 0.0001 0.0067
vn 0.9286 0.3618 0.0822
vn 0.9238 0.3828 0.0051
vn 0.7220 0.6835 0.1075
vn 0.0056 -0.0023 -1.0000
vn 0.7747 -0.0000 -0.6323
vn 0.4451 0.3730 -0.8141
vn 0.7733 -0.0022 -0.6340
vn 1.0000 -0.0000 0.0029
vn 0.9087 0.3021 -0.2882
vn -0.8378 -0.5192 -0.1689
vn -0.9534 -0.2057 -0.2207
vn -0.4241 0.4786 0.7688
vn -0.0062 -0.0001 1.0000
vn -0.7752 -0.0017 0.6317
vn -0.8854 0.3738 0.2764
vn -0.7744 -0.0001 0.6327
vn -1.0000 -0.0016 -0.0046
vn -1.0000 -0.0016 0.0045
vn -0.7744 -0.0001 -0.6327
vn -0.8863 0.3738 -0.2732
vn -0.7752 -0.0017 -0.6317
vn -0.0062 -0.0000 -1.0000
vn -0.4271 0.4786 -0.7672
vn 0.3138 0.8773 0.3631
vn 0.7071 0.7071 -0.0036
vn 0.4946 0.4919 0.7165
vn -0.0281 0.5119 0.8586
vn 0.4931 0.4930 0.7168
vn 0.0037 0.0011 1.0000
vn 0.7070 0.7072 0.0067
vn 0.4008 0.9125 0.0823
vn 0.3826 0.9239 0.0051
vn 0.0273 0.9938 0.1075
vn 0.0037 0.0011 -1.0000
vn 0.4931 0.4931 -0.7168
vn -0.0300 0.5100 -0.8596
vn 0.4946 0.4919 -0.7165
vn 0.7071 0.7071 0.0036
vn 0.3130 0.8765 -0.3658
vn -0.2058 -0.9534 -0.2207
vn -0.5287 -0.8196 -0.2207
vn -0.5030 0.0166 0.8641
vn -0.0021 -0.0022 1.0000
vn -0.4914 -0.4943 0.7171
vn -0.8704 -0.3295 0.3660
vn -0.4930 -0.4931 0.7168
vn -0.7057 -0.7085 -0.0033
vn -0.7057 -0.7085 0.0033
vn -0.4930 -0.4931 -0.7168
vn -0.8713 -0.3304 -0.3630
vn -0.4914 -0.4943 -0.7171
vn -0.5051 0.0145 -0.8630
vn 0.0014 1.0000 -0.0000
vn -0.3729 0.8149 0.4438
vn 0.0014 0.6350 0.7725
vn -0.3011 0.2888 0.9088
vn -0.0002 1.0000 0.0067
vn -0.3618 0.9286 0.0823
vn -0.3828 0.9238 0.0051
vn -0.6835 0.7220 0.1075
vn 0.0012 0.0001 -1.0000
vn -0.3729 0.2774 -0.8854
vn -0.3729 0.8140 -0.4453
vn 0.5192 -0.8378 -0.1689
vn 0.2058 -0.9534 -0.2207
vn 0.0013 -0.0001 1.0000
vn -0.0000 -0.6348 0.7727
vn -0.3730 -0.2771 0.8855
vn 0.0013 -0.6349 0.7726
vn -0.4800 -0.7685 0.4231
vn 0.0014 -1.0000 -0.0000
vn -0.3730 -0.8148 -0.4439
vn -0.3730 -0.2791 -0.8849
vn 0.0013 -0.0001 -1.0000
vn -0.7059 0.7083 0.0035
vn -0.4897 0.4896 0.7214
vn -0.8693 0.3293 0.3687
vn -0.4886 0.4910 0.7213
vn 0.0022 -0.0023 1.0000
vn -0.5012 -0.0179 0.8651
vn -0.7072 0.7070 0.0067
vn -0.9125 0.4008 0.0823
vn -0.9239 0.3826 0.0052
vn -0.9938 0.0273 0.1075
vn -0.4994 -0.0197 -0.8661
vn 0.0022 -0.0023 -1.0000
vn -0.4886 0.4910 -0.7213
vn -0.8685 0.3285 -0.3713
vn -0.4897 0.4896 -0.7214
vn -0.7058 0.7084 -0.0035
vn 0.9596 -0.2252 -0.1689
vn 0.8196 -0.5287 -0.2207
vn -0.0005 0.0037 1.0000
vn 0.4898 -0.4898 0.7213
vn -0.0344 -0.5065 0.8616
vn 0.4913 -0.4880 0.7214
vn 0.7071 -0.7071 0.0035
vn 0.3106 -0.8750 0.3714
vn 0.3115 -0.8760 -0.3683
vn 0.7071 -0.7071 -0.0035
vn 0.4913 -0.4880 -0.7214
vn -0.0322 -0.5087 -0.8604
vn 0.4898 -0.4898 -0.7213
vn -0.0005 0.0037 -1.0000
vn -1.0000 0.0015 0.0029
vn -0.7695 -0.0000 0.6386
vn -0.8846 -0.3731 0.2798
vn -0.7681 0.0014 0.6403
vn 0.0051 -0.0000 1.0000
vn -0.4193 -0.4773 0.7723
vn -1.0000 -0.0001 0.0067
vn -0.9286 -0.3618 0.0823
vn -0.9238 -0.3828 0.0051
vn -0.7220 -0.6834 0.1075
vn -0.4163 -0.4773 -0.7739
vn 0.0051 -0.0000 -1.0000
vn -0.7681 0.0014 -0.6403
vn -0.8836 -0.3731 -0.2829
vn -0.7695 -0.0001 -0.6386
vn -1.0000 0.0015 -0.0029
vn 0.8378 0.5192 -0.1689
vn 0.9534 0.2057 -0.2207
vn -0.0064 0.0023 1.0000
vn 0.7674 -0.0000 0.6412
vn 0.4363 -0.3738 0.8185
vn 0.7683 0.0022 0.6401
vn 1.0000 0.0001 0.0049
vn 0.9065 -0.3024 0.2946
vn 0.9073 -0.3024 -0.2920
vn 1.0000 -0.0000 -0.0049
vn 0.7683 0.0023 -0.6401
vn 0.4387 -0.3738 -0.8172
vn 0.7674 -0.0000 -0.6412
vn -0.0065 0.0024 -1.0000
vn -0.8691 0.4895 0.0706
vn -0.0383 -0.0383 0.9985
vn -0.7004 -0.7011 0.1338
vn -0.7871 -0.6152 0.0450
vn -0.6972 -0.6974 0.1659
vn -0.6972 -0.6974 -0.1659
vn -0.7871 -0.6153 -0.0442
vn -0.7004 -0.7011 -0.1338
vn -0.0382 -0.0383 -0.9985
vn -0.8696 0.4890 -0.0679
vn 0.7073 0.7069 -0.0072
vn 0.6974 0.6972 0.1660
vn 0.6154 0.7870 0.0440
vn 0.7010 0.7003 0.1348
vn 0.0322 0.0321 0.9990
vn -0.4879 0.8703 0.0678
vn -0.4885 0.8697 -0.0709
vn 0.0322 0.0320 -0.9990
vn 0.7010 0.7003 -0.1348
vn 0.6153 0.7870 -0.0449
vn 0.6974 0.6972 -0.1660
vn 0.7073 0.7069 0.0072
vn -0.3866 -0.9221 0.0125
vn -0.4048 -0.7279 0.5534
vn -0.4519 -0.7312 0.5110
vn -0.1003 0.1997 0.9747
vn -0.1927 -0.9049 -0.3795
vn 0.3692 -0.9273 -0.0610
vn 0.7062 -0.6816 0.1915
vn 0.0851 0.2248 0.9707
vn 0.7800 -0.4550 0.4296
vn 0.9363 -0.3492 -0.0370
vn 0.8639 -0.4917 0.1089
vn 0.8822 0.1403 0.4494
vn 0.8065 -0.5783 0.1226
vn 0.8866 -0.4586 -0.0607
vn 0.1256 0.0929 0.9877
vn 0.6835 -0.7165 0.1394
vn 0.8913 -0.3815 0.2450
vn 0.3440 0.7579 0.5543
vn 0.7988 0.3690 0.4751
vn 0.8192 0.5654 -0.0959
vn -0.0682 0.1758 0.9821
vn 0.7544 0.0276 0.6558
vn 0.5813 0.5777 0.5730
vn -0.1466 0.0601 0.9874
vn 0.4521 0.4999 0.7388
vn -0.0297 0.7654 0.6428
vn -0.1035 0.9875 -0.1189
vn -0.2477 0.7919 0.5582
vn 0.2931 0.7258 0.6224
vn -0.4887 0.4094 0.7704
vn -0.2712 0.7880 0.5528
vn -0.1783 -0.0508 0.9827
vn -0.0406 0.6288 0.7765
vn -0.5230 0.6069 0.5985
vn -0.8193 0.5652 -0.0959
vn -0.7989 0.3688 0.4751
vn -0.8077 0.3868 0.4451
vn -0.1221 -0.2203 0.9678
vn -0.8600 0.1106 0.4982
vn -0.8866 -0.4586 -0.0607
vn -0.8065 -0.5784 0.1226
vn -0.8822 0.1402 0.4495
vn -0.8866 -0.4569 0.0722
vn 0.1858 -0.3226 0.9281
vn -0.8716 -0.4683 0.1450
vn -0.1003 0.1997 -0.9747
vn -0.7707 -0.4766 -0.4229
vn 0.4528 -0.8549 -0.2530
vn 0.7801 -0.4550 -0.4296
vn 0.0851 0.2248 -0.9707
vn 0.8866 -0.4586 0.0607
vn 0.8822 0.1403 -0.4495
vn -0.1859 -0.3226 -0.9281
vn 0.8715 -0.4684 -0.1451
vn 0.8193 0.5653 0.0960
vn 0.7988 0.3689 -0.4751
vn 0.3441 0.7579 -0.5543
vn 0.9990 0.0430 -0.0155
vn 0.8076 0.3869 -0.4451
vn 0.5150 0.4658 -0.7196
vn 0.8599 0.1105 -0.4984
vn 0.1037 0.9875 0.1189
vn 0.2478 0.7918 -0.5582
vn -0.2929 0.7258 -0.6224
vn 0.6482 0.7607 -0.0357
vn 0.0406 0.6288 -0.7765
vn 0.5230 0.6068 -0.5985
vn 0.2929 0.7258 -0.6224
vn -0.2478 0.7918 -0.5582
vn 0.1466 0.0601 -0.9874
vn -0.4521 0.4998 -0.7388
vn 0.0297 0.7654 -0.6428
vn -0.9050 0.4213 0.0594
vn -0.8543 0.1894 -0.4840
vn -0.3440 0.7579 -0.5543
vn -0.7988 0.3689 -0.4751
vn -0.8193 0.5653 0.0960
vn -0.7544 0.0276 -0.6558
vn -0.5813 0.5776 -0.5731
vn -0.9363 -0.3492 0.0370
vn -0.8639 -0.4917 -0.1089
vn -0.8822 0.1403 -0.4495
vn -0.8066 -0.5783 -0.1226
vn -0.8866 -0.4586 0.0607
vn -0.1257 0.0929 -0.9877
vn -0.6835 -0.7165 -0.1393
vn -0.8913 -0.3815 -0.2450
vn 0.4522 0.7688 0.4522
vn -0.0352 0.9978 0.0560
vn 0.3519 0.8696 0.3464
vn 0.5988 0.7869 0.1493
vn 0.7339 0.6749 0.0775
vn 0.6283 0.7495 0.2086
vn -0.2060 0.1520 0.9667
vn 0.5192 0.8151 0.2571
vn 0.6580 0.7359 0.1595
vn -0.6033 0.7254 0.3314
vn -0.1115 0.0867 0.9900
vn -0.6580 0.7359 0.1595
vn 0.2061 0.1521 0.9666
vn -0.9223 0.3863 0.0066
vn -0.8021 0.3458 0.4870
vn -0.5683 0.4388 0.6961
vn -0.5914 0.4443 0.6729
vn -0.4433 -0.2165 0.8698
vn -0.7411 0.1183 0.6609
vn -0.8143 0.2110 0.5408
vn -0.8937 0.4469 0.0401
vn -0.5938 -0.4248 0.6834
vn -0.4708 -0.6878 0.5525
vn -0.2729 -0.9604 0.0556
vn -0.8478 -0.4193 0.3248
vn -0.0113 -0.9957 -0.0914
vn -0.3356 -0.9356 -0.1100
vn -0.1417 -0.6581 0.7395
vn 0.0515 -0.7872 0.6146
vn 0.4112 -0.9110 0.0317
vn -0.1489 -0.8571 0.4931
vn -0.3141 -0.8712 0.3773
vn -0.5038 -0.7366 0.4512
vn -0.4113 -0.9110 0.0318
vn -0.1455 -0.9447 0.2939
vn 0.0334 -0.5313 0.8465
vn 0.2370 -0.5727 0.7848
vn 0.5038 -0.7367 0.4511
vn 0.3141 -0.8713 0.3771
vn 0.1488 -0.8572 0.4930
vn 0.2729 -0.9604 0.0557
vn 0.4708 -0.6878 0.5526
vn 0.5937 -0.4247 0.6835
vn 0.5815 -0.7687 0.2663
vn 0.6232 -0.2911 0.7258
vn 0.9095 -0.1415 0.3908
vn 0.8478 -0.4192 0.3247
vn 0.7182 -0.5362 0.4435
vn 0.9722 -0.1749 0.1555
vn 0.7773 -0.0044 0.6291
vn 0.8312 0.1335 0.5398
vn 0.8937 0.4469 0.0401
vn 0.8143 0.2110 0.5408
vn 0.7410 0.1184 0.6610
vn 0.6033 0.7254 -0.3314
vn 0.1115 0.0867 -0.9900
vn 0.6581 0.7358 -0.1596
vn -0.2061 0.1521 -0.9666
vn -0.6283 0.7495 -0.2086
vn 0.2060 0.1520 -0.9667
vn -0.6581 0.7358 -0.1596
vn -0.4522 0.7688 -0.4522
vn 0.0352 0.9978 -0.0560
vn -0.3519 0.8696 -0.3464
vn -0.5988 0.7869 -0.1493
vn -0.9722 -0.1749 -0.1555
vn -0.7773 -0.0044 -0.6292
vn -0.8936 0.4470 -0.0402
vn -0.8141 0.2111 -0.5409
vn -0.6080 0.7489 0.2636
vn -0.8805 0.4520 -0.1430
vn -0.4572 -0.4130 -0.7876
vn -0.9095 -0.1414 -0.3910
vn -0.7181 -0.5361 -0.4437
vn -0.2728 -0.9605 -0.0557
vn -0.4707 -0.6878 -0.5525
vn -0.5937 -0.4248 -0.6835
vn -0.0334 -0.5313 -0.8465
vn -0.2370 -0.5727 -0.7848
vn -0.3141 -0.8712 -0.3773
vn 0.4113 -0.9109 -0.0317
vn 0.0516 -0.7872 -0.6145
vn -0.1416 -0.6582 -0.7394
vn 0.1417 -0.6582 -0.7394
vn -0.0515 -0.7872 -0.6145
vn 0.1488 -0.8570 -0.4933
vn 0.3141 -0.8711 -0.3776
vn 0.5038 -0.7365 -0.4514
vn 0.3356 -0.9355 0.1100
vn 0.5937 -0.4248 -0.6834
vn 0.4708 -0.6878 -0.5525
vn 0.2729 -0.9604 -0.0555
vn 0.7181 -0.5362 -0.4437
vn 0.8477 -0.4192 -0.3250
vn 0.9095 -0.1416 -0.3909
vn 0.7121 -0.6981 0.0747
vn 0.9055 -0.4164 0.0817
vn 0.5682 0.4385 -0.6963
vn 0.5913 0.4441 -0.6731
vn 0.4431 -0.2169 -0.8699
vn 0.7409 0.1184 -0.6610
vn 0.8937 0.4469 -0.0401
vn 0.9223 0.3863 -0.0065
vn -0.4008 -0.9125 0.0823
vn 0.3828 -0.9238 0.0051
vn 0.7071 -0.7072 -0.0000
vn 0.0382 -0.0382 -0.9985
vn 0.7004 -0.7010 -0.1338
vn -0.0323 0.0321 0.9990
vn -0.6153 0.7870 0.0450
vn -0.6153 0.7871 -0.0440
vn -0.7010 0.7003 -0.1349
vn -0.0322 0.0320 -0.9990
vn 0.9094 0.3021 0.2857
vn 0.4473 0.3730 0.8129
vn 0.7747 -0.0000 0.6323
vn 0.7072 0.7071 -0.0000
vn 0.7220 0.6834 0.1075
vn 0.4450 0.3730 -0.8141
vn 0.7733 -0.0022 -0.6341
vn -0.8378 -0.5193 -0.1689
vn -0.8853 0.3738 0.2764
vn -1.0000 -0.0016 -0.0045
vn -0.0282 0.5119 0.8586
vn 0.4931 0.4931 0.7168
vn 0.0036 0.0010 -1.0000
vn 0.4931 0.4930 -0.7168
vn 0.4946 0.4919 -0.7166
vn 0.7071 0.7071 0.0035
vn -0.5192 -0.8378 -0.1689
vn -0.5030 0.0165 0.8642
vn -0.8704 -0.3294 0.3659
vn -0.8713 -0.3303 -0.3629
vn -0.0021 -0.0021 -1.0000
vn -0.5050 0.0145 -0.8630
vn -0.3729 0.8149 0.4437
vn -0.3011 0.2887 0.9088
vn -0.3730 0.2774 -0.8854
vn 0.0012 0.6350 -0.7725
vn -0.4798 0.7687 -0.4230
vn 0.5287 -0.8196 -0.2207
vn 0.2252 -0.9596 -0.1689
vn 0.0013 -0.0000 1.0000
vn -0.3730 -0.2770 0.8855
vn -0.3730 -0.8148 -0.4438
vn 0.0013 -0.0000 -1.0000
vn -0.7058 0.7084 0.0035
vn -0.8693 0.3292 0.3687
vn -0.5012 -0.0179 0.8652
vn -0.4994 -0.0197 -0.8662
vn 0.0022 -0.0022 -1.0000
vn -0.8685 0.3284 -0.3712
vn -0.0345 -0.5064 0.8616
vn 0.7072 -0.7071 0.0035
vn 0.3116 -0.8759 -0.3683
vn 0.7071 -0.7071 -0.0034
vn 0.4912 -0.4880 -0.7215
vn -0.8846 -0.3731 0.2797
vn 0.0052 -0.0000 1.0000
vn -0.4192 -0.4773 0.7723
vn -0.4162 -0.4773 -0.7739
vn 0.0052 -0.0000 -1.0000
vn -0.7681 0.0014 -0.6404
vn -0.8836 -0.3732 -0.2828
vn -0.7696 -0.0001 -0.6386
vn -1.0000 0.0015 -0.0028
vn -0.0065 0.0023 1.0000
vn 0.4362 -0.3739 0.8185
vn 1.0000 0.0001 0.0048
vn 0.9074 -0.3024 -0.2920
vn 1.0000 -0.0000 -0.0048
vn 0.4387 -0.3739 -0.8172
vn -0.0064 0.0024 -1.0000
vn -0.0382 -0.0382 0.9985
vn -0.7004 -0.7011 0.1339
vn -0.0382 -0.0382 -0.9985
vn 0.7073 0.7069 -0.0073
vn 0.6975 0.6971 0.1660
vn 0.6153 0.7870 0.0440
vn 0.0322 0.0320 0.9990
vn 0.0323 0.0321 -0.9990
vn 0.7010 0.7003 -0.1347
vn 0.6153 0.7870 -0.0450
vn 0.2159 0.4793 0.8507
vn -0.4519 -0.7312 0.5111
vn -0.7707 -0.4765 0.4229
vn -0.4289 -0.8494 0.3077
vn -0.1928 -0.9049 -0.3796
vn 0.3691 -0.9274 -0.0610
vn 0.7062 -0.6817 0.1915
vn 0.3879 -0.9041 0.1793
vn 0.0850 0.2251 0.9706
vn 0.4328 -0.8314 0.3484
vn 0.7801 -0.4547 0.4297
vn 0.9363 -0.3493 -0.0369
vn 0.8639 -0.4918 0.1089
vn 0.8822 0.1405 0.4494
vn 0.8067 -0.5782 0.1226
vn 0.8866 -0.4585 -0.0607
vn 0.1256 0.0930 0.9877
vn 0.9996 -0.0171 0.0238
vn 0.9050 0.4213 -0.0594
vn 0.8543 0.1895 0.4840
vn 0.3442 0.7579 0.5542
vn 0.7989 0.3688 0.4751
vn -0.0682 0.1759 0.9821
vn 0.5813 0.5776 0.5730
vn 0.4431 0.6862 0.5770
vn 0.2478 0.7918 0.5582
vn -0.1466 0.0603 0.9874
vn 0.4521 0.4999 0.7387
vn -0.0297 0.7656 0.6427
vn -0.2477 0.7918 0.5582
vn -0.4888 0.4094 0.7703
vn -0.1783 -0.0510 0.9827
vn -0.0407 0.6287 0.7766
vn -0.5231 0.6068 0.5985
vn -0.8194 0.5652 -0.0960
vn -0.3442 0.7579 0.5542
vn -0.9990 0.0430 0.0155
vn -0.7242 -0.0487 0.6879
vn -0.8076 0.3869 0.4451
vn -0.8866 -0.4585 -0.0608
vn -0.8066 -0.5783 0.1226
vn -0.8822 0.1403 0.4495
vn -0.6899 -0.7239 -0.0020
vn -0.6617 -0.7175 0.2175
vn 0.1856 -0.3226 0.9282
vn -0.7503 0.0415 0.6598
vn -0.8717 -0.4681 0.1451
vn -0.7052 -0.6831 -0.1902
vn -0.3931 -0.9067 -0.1528
vn -0.1002 0.1999 -0.9747
vn -0.4289 -0.8493 -0.3078
vn -0.7708 -0.4764 -0.4230
vn -0.3444 -0.9388 -0.0097
vn -0.1264 -0.9855 0.1135
vn 0.4528 -0.8549 -0.2531
vn 0.3938 -0.7080 -0.5863
vn -0.1679 0.3901 -0.9054
vn 0.7801 -0.4548 -0.4296
vn 0.4328 -0.8315 -0.3483
vn 0.0851 0.2250 -0.9706
vn 0.8866 -0.4585 0.0607
vn 0.8066 -0.5783 -0.1227
vn 0.6617 -0.7176 -0.2175
vn -0.1857 -0.3227 -0.9281
vn 0.7503 0.0415 -0.6598
vn 0.8717 -0.4681 -0.1452
vn 0.8194 0.5651 0.0960
vn 0.7989 0.3688 -0.4751
vn 0.3443 0.7578 -0.5543
vn 0.7242 -0.0487 -0.6879
vn 0.1222 -0.2202 -0.9678
vn 0.5149 0.4659 -0.7196
vn 0.8599 0.1107 -0.4984
vn 0.1035 0.9875 0.1190
vn 0.2476 0.7919 -0.5582
vn -0.2931 0.7258 -0.6224
vn 0.4887 0.4095 -0.7704
vn 0.2711 0.7880 -0.5528
vn 0.1782 -0.0509 -0.9827
vn 0.0406 0.6287 -0.7766
vn -0.7358 0.6770 -0.0192
vn -0.1036 0.9875 0.1190
vn -0.4521 0.4999 -0.7387
vn 0.0297 0.7655 -0.6428
vn -0.3442 0.7579 -0.5542
vn -0.7989 0.3689 -0.4751
vn -0.7545 0.0276 -0.6558
vn -0.5813 0.5776 -0.5730
vn -0.8866 -0.4585 0.0607
vn -0.1256 0.0929 -0.9877
vn -0.6836 -0.7165 -0.1393
vn -0.8914 -0.3814 -0.2450
vn -0.0353 0.9978 0.0560
vn 0.3518 0.8696 0.3463
vn 0.0432 0.9984 0.0362
vn 0.6283 0.7495 0.2087
vn 0.6580 0.7359 0.1596
vn -0.6600 0.7502 0.0402
vn -0.3312 0.9417 0.0596
vn -0.3889 0.8888 0.2424
vn -0.1212 0.9926 0.0048
vn -0.6695 0.7267 0.1535
vn -0.6548 0.7555 0.0211
vn -0.6080 0.7310 0.3096
vn -0.0968 0.0808 0.9920
vn -0.6395 0.7535 0.1525
vn -0.6621 0.7331 0.1556
vn -0.5261 0.8150 0.2426
vn 0.1984 0.1594 0.9671
vn -0.9984 0.0528 -0.0191
vn -0.5684 0.4386 0.6961
vn -0.5914 0.4442 0.6730
vn -0.4433 -0.2167 0.8698
vn -0.7410 0.1186 0.6610
vn -0.8142 0.2111 0.5409
vn -0.7122 -0.6980 -0.0746
vn -0.9055 -0.4164 -0.0817
vn -0.7183 -0.5362 0.4434
vn -0.8479 -0.4193 0.3246
vn -0.9096 -0.1417 0.3906
vn -0.1489 -0.8571 0.4932
vn -0.4112 -0.9110 0.0318
vn -0.0514 -0.7872 0.6146
vn 0.1417 -0.6581 0.7394
vn -0.1454 -0.9447 0.2938
vn 0.5039 -0.7364 0.4515
vn 0.3142 -0.8710 0.3776
vn 0.1490 -0.8569 0.4934
vn 0.5938 -0.4248 0.6834
vn 0.4573 -0.4131 0.7876
vn 0.6080 0.7489 -0.2635
vn 0.8195 0.4611 -0.3403
vn 0.7772 -0.0044 0.6292
vn 0.8311 0.1336 0.5398
vn 0.8143 0.2112 0.5407
vn 0.7411 0.1186 0.6608
vn 0.0432 0.9984 -0.0362
vn 0.5988 0.7868 -0.1493
vn 0.6034 0.7253 -0.3314
vn 0.6580 0.7359 -0.1596
vn 0.5192 0.8150 -0.2572
vn -0.6283 0.7495 -0.2087
vn -0.5192 0.8151 -0.2571
vn -0.6580 0.7359 -0.1596
vn 0.0353 0.9978 -0.0560
vn -0.3518 0.8696 -0.3463
vn -0.0432 0.9984 -0.0362
vn -0.6081 0.7489 0.2635
vn -0.5815 -0.7687 -0.2663
vn -0.6232 -0.2912 -0.7259
vn -0.9095 -0.1417 -0.3908
vn -0.8477 -0.4194 -0.3248
vn -0.7180 -0.5363 -0.4436
vn -0.4708 -0.6878 -0.5525
vn -0.5937 -0.4248 -0.6834
vn 0.1454 -0.9447 -0.2939
vn -0.5038 -0.7368 -0.4509
vn -0.3140 -0.8714 -0.3769
vn -0.1488 -0.8573 -0.4928
vn 0.4112 -0.9110 -0.0319
vn 0.0515 -0.7871 -0.6147
vn -0.1416 -0.6580 -0.7395
vn -0.0515 -0.7872 -0.6146
vn 0.1489 -0.8570 -0.4934
vn 0.3141 -0.8710 -0.3777
vn 0.0113 -0.9957 0.0915
vn 0.3356 -0.9356 0.1101
vn 0.3574 -0.7349 -0.5764
vn 0.5938 -0.4248 -0.6834
vn 0.7182 -0.5361 -0.4436
vn 0.8478 -0.4192 -0.3249
vn 0.9095 -0.1415 -0.3908
vn 0.5682 0.4388 -0.6961
vn 0.5914 0.4445 -0.6729
vn 0.4433 -0.2164 -0.8699
vn 0.7410 0.1183 -0.6610
vn 0.8142 0.2109 -0.5409
vn 0.8937 0.4469 -0.0402
vn 0.6972 -0.6974 0.1660
vn 0.7871 -0.6152 0.0442
vn 0.7005 -0.7010 0.1339
vn 0.0382 -0.0382 0.9985
vn 0.8696 0.4890 0.0680
vn 0.7870 -0.6152 -0.0450
vn -0.7010 0.7004 0.1348
vn -0.7073 0.7068 0.0072
vn -0.6975 0.6971 -0.1660
vn -0.6153 0.7870 -0.0440
vn 0.0055 -0.0023 1.0000
vn 0.0055 -0.0023 -1.0000
vn 0.9086 0.3021 -0.2883
vn -0.4240 0.4786 0.7688
vn -0.8863 0.3738 -0.2733
vn 0.7071 0.7071 -0.0035
vn 0.0036 0.0010 1.0000
vn 0.0036 0.0011 -1.0000
vn 0.4945 0.4919 -0.7165
vn -0.2057 -0.9534 -0.2207
vn -0.5030 0.0165 0.8641
vn -0.4914 -0.4944 0.7170
vn -0.8704 -0.3294 0.3660
vn -0.4930 -0.4930 0.7169
vn -0.7057 -0.7085 -0.0032
vn -0.4914 -0.4942 -0.7171
vn 0.0014 1.0000 -0.0001
vn -0.3730 0.8149 0.4437
vn 0.0014 0.6349 0.7726
vn -0.3011 0.2887 0.9089
vn 0.0012 -0.0000 -1.0000
vn -0.3729 0.2773 -0.8855
vn -0.0000 1.0000 -0.0001
vn -0.4799 0.7686 -0.4230
vn 0.3828 -0.9239 -0.0000
vn 0.0013 -0.6349 -0.7726
vn -0.3008 -0.2886 -0.9090
vn -0.7059 0.7084 0.0035
vn -0.9124 0.4008 0.0823
vn -0.7059 0.7083 -0.0035
vn 0.4912 -0.4881 0.7214
vn 0.7071 -0.7071 0.0034
vn 0.3105 -0.8750 0.3714
vn 0.3115 -0.8759 -0.3683
vn 0.7072 -0.7071 -0.0034
vn 0.4913 -0.4880 -0.7215
vn 0.4388 -0.3738 -0.8172
vn 0.7674 -0.0000 -0.6411
vn -0.0383 -0.0384 0.9985
vn -0.7003 -0.7012 0.1338
vn -0.7870 -0.6153 0.0450
vn -0.6971 -0.6975 0.1659
vn -0.7068 -0.7073 -0.0074
vn 0.7073 0.7068 -0.0072
vn 0.0323 0.0320 -0.9990
vn 0.7011 0.7002 -0.1349
vn -0.3663 -0.9302 -0.0209
vn -0.1264 -0.9855 -0.1135
vn -0.4289 -0.8493 0.3077
vn 0.4448 -0.8494 0.2841
vn 0.7062 -0.6817 0.1914
vn 0.0851 0.2252 0.9706
vn 0.4329 -0.8314 0.3484
vn 0.7802 -0.4547 0.4297
vn 0.6836 -0.7165 0.1393
vn 0.8914 -0.3814 0.2450
vn 0.3443 0.7578 0.5542
vn 0.7989 0.3687 0.4751
vn 0.8194 0.5652 -0.0959
vn 0.7545 0.0276 0.6558
vn 0.7358 0.6770 0.0192
vn -0.2929 0.7258 0.6224
vn 0.2478 0.7918 0.5583
vn 0.1036 0.9875 -0.1190
vn -0.1465 0.0600 0.9874
vn 0.4521 0.4998 0.7388
vn -0.0296 0.7654 0.6429
vn -0.1035 0.9875 -0.1190
vn -0.2476 0.7919 0.5582
vn -0.4887 0.4095 0.7704
vn -0.2711 0.7880 0.5528
vn -0.1782 -0.0509 0.9827
vn -0.0406 0.6287 0.7766
vn -0.8194 0.5651 -0.0960
vn -0.7990 0.3687 0.4751
vn -0.3444 0.7578 0.5543
vn -0.1222 -0.2202 0.9678
vn -0.8066 -0.5782 0.1227
vn -0.8822 0.1404 0.4495
vn -0.6616 -0.7176 0.2175
vn 0.1857 -0.3226 0.9281
vn -0.7503 0.0414 0.6598
vn -0.8716 -0.4682 0.1451
vn -0.1679 0.3901 -0.9053
vn 0.8066 -0.5782 -0.1227
vn -0.1860 -0.3227 -0.9281
vn 0.7503 0.0411 -0.6598
vn 0.8715 -0.4684 -0.1452
vn 0.7989 0.3687 -0.4752
vn 0.3443 0.7578 -0.5542
vn 0.8076 0.3869 -0.4452
vn 0.1220 -0.2202 -0.9678
vn 0.5149 0.4658 -0.7197
vn 0.8598 0.1106 -0.4984
vn 0.6480 0.7608 -0.0356
vn 0.4887 0.4096 -0.7703
vn 0.2710 0.7880 -0.5528
vn 0.1781 -0.0509 -0.9827
vn 0.5229 0.6068 -0.5987
vn -0.2478 0.7918 -0.5583
vn 0.1464 0.0601 -0.9874
vn -0.4522 0.4998 -0.7387
vn 0.0295 0.7654 -0.6429
vn -0.8543 0.1894 -0.4841
vn -0.3443 0.7578 -0.5542
vn -0.7989 0.3687 -0.4751
vn -0.8194 0.5651 0.0960
vn 0.0680 0.1759 -0.9820
vn -0.7545 0.0277 -0.6557
vn -0.5813 0.5778 -0.5730
vn -0.7498 -0.6587 -0.0635
vn -0.8822 0.1404 -0.4495
vn -0.8913 -0.3814 -0.2450
vn 0.7339 0.6748 0.0775
vn 0.7309 0.6717 0.1207
vn -0.2060 0.1521 0.9667
vn 0.5191 0.8151 0.2570
vn 0.6579 0.7360 0.1595
vn -0.1211 0.9926 0.0048
vn -0.6695 0.7268 0.1535
vn -0.6547 0.7556 0.0211
vn -0.6082 0.7309 0.3097
vn -0.0970 0.0808 0.9920
vn -0.6396 0.7534 0.1525
vn -0.6620 0.7332 0.1555
vn -0.5260 0.8152 0.2425
vn 0.1985 0.1595 0.9670
vn -0.5683 0.4386 0.6962
vn -0.5914 0.4441 0.6730
vn -0.4432 -0.2167 0.8698
vn -0.7410 0.1182 0.6610
vn -0.8143 0.2109 0.5409
vn -0.7996 -0.2835 0.5293
vn -0.5937 -0.4250 0.6833
vn -0.4706 -0.6880 0.5525
vn -0.2727 -0.9605 0.0554
vn -0.7182 -0.5360 0.4437
vn -0.8478 -0.4190 0.3251
vn -0.9095 -0.1414 0.3909
vn -0.3574 -0.7348 0.5764
vn -0.1417 -0.6580 0.7395
vn 0.0515 -0.7871 0.6147
vn 0.4112 -0.9110 0.0318
vn -0.1489 -0.8570 0.4934
vn -0.3140 -0.8710 0.3777
vn -0.5038 -0.7365 0.4514
vn -0.4113 -0.9110 0.0319
vn -0.0515 -0.7871 0.6147
vn 0.1417 -0.6581 0.7395
vn -0.1454 -0.9447 0.2939
vn 0.0335 -0.5312 0.8466
vn 0.2371 -0.5726 0.7848
vn 0.5039 -0.7363 0.4516
vn 0.3141 -0.8709 0.3779
vn 0.1489 -0.8569 0.4936
vn 0.4708 -0.6878 0.5525
vn 0.5816 -0.7686 0.2664
vn 0.4573 -0.4130 0.7876
vn 0.6232 -0.2910 0.7259
vn 0.8478 -0.4191 0.3249
vn 0.7182 -0.5362 0.4436
vn 0.7772 -0.0043 0.6292
vn 0.8143 0.2108 0.5408
vn 0.7410 0.1182 0.6610
vn 0.6035 0.7252 -0.3314
vn 0.1115 0.0868 -0.9900
vn 0.6848 0.7074 -0.1750
vn 0.6580 0.7360 -0.1595
vn 0.5192 0.8151 -0.2571
vn -0.2062 0.1521 -0.9666
vn -0.8311 0.1336 -0.5398
vn -0.8141 0.2110 -0.5410
vn -0.7409 0.1184 -0.6611
vn -0.5814 -0.7688 -0.2663
vn -0.4572 -0.4132 -0.7876
vn -0.6231 -0.2913 -0.7259
vn -0.9095 -0.1418 -0.3909
vn -0.8476 -0.4194 -0.3249
vn -0.7179 -0.5364 -0.4437
vn 0.1454 -0.9447 -0.2940
vn -0.2370 -0.5725 -0.7849
vn -0.5038 -0.7364 -0.4516
vn -0.3140 -0.8710 -0.3779
vn -0.1488 -0.8569 -0.4935
vn 0.4113 -0.9110 -0.0317
vn 0.0516 -0.7872 -0.6146
vn 0.1415 -0.6581 -0.7395
vn -0.0517 -0.7871 -0.6146
vn -0.4113 -0.9109 -0.0317
vn 0.1488 -0.8570 -0.4934
vn 0.3140 -0.8711 -0.3777
vn 0.5037 -0.7365 -0.4514
vn 0.4708 -0.6878 -0.5526
vn 0.7182 -0.5361 -0.4437
vn 0.8477 -0.4191 -0.3251
vn 0.9095 -0.1415 -0.3910
vn 0.9056 -0.4163 0.0817
vn 0.7997 -0.2834 -0.5293
vn 0.5681 0.4386 -0.6964
vn 0.5911 0.4443 -0.6731
vn 0.4430 -0.2167 -0.8700
vn 0.7408 0.1182 -0.6612
vn 0.8140 0.2108 -0.5412
vn 0.8937 0.4469 -0.0403
vn 0.9984 0.0526 0.0191
vn 0.9224 0.3862 -0.0065
vn 0.8020 0.3457 -0.4870
vn 0.7068 -0.7073 -0.0074
vn 0.6971 -0.6975 0.1659
vn 0.7003 -0.7012 0.1338
vn 0.0383 -0.0384 0.9985
vn 0.8697 0.4890 0.0679
vn 0.7870 -0.6153 -0.0450
vn 0.6971 -0.6975 -0.1659
vn 0.7068 -0.7073 0.0074
vn -0.0323 0.0320 0.9990
vn -0.7011 0.7002 0.1349
vn -0.7011 0.7002 -0.1349
vn -0.0323 0.0321 -0.9990
vn 0.9094 0.3021 0.2858
vn 0.7733 -0.0022 0.6341
vn 0.7748 -0.0000 0.6322
vn 0.7748 -0.0000 -0.6322
vn -0.8853 0.3738 0.2765
vn -0.0300 0.5100 -0.8597
vn 0.4945 0.4920 -0.7165
vn 0.7071 0.7072 0.0036
vn 0.3129 0.8765 -0.3658
vn -0.4930 -0.4930 0.7168
vn -0.4930 -0.4930 -0.7168
vn -0.8713 -0.3303 -0.3630
vn -0.3011 0.2886 0.9089
vn 0.0012 0.6351 -0.7725
vn 0.0014 -1.0000 0.0001
vn 0.0013 -0.6348 -0.7727
vn -0.3008 -0.2885 -0.9090
vn -0.4897 0.4895 0.7215
vn -0.8685 0.3284 -0.3713
vn -0.4897 0.4896 -0.7215
vn -0.0322 -0.5087 -0.8603
vn 0.4898 -0.4899 -0.7212
vn -0.0005 0.0036 -1.0000
vn -0.7068 -0.7074 0.0074
vn -0.6971 -0.6975 -0.1659
vn -0.7870 -0.6154 -0.0442
vn -0.7004 -0.7010 -0.1339
vn 0.6153 0.7871 0.0440
vn 0.7011 0.7002 0.1349
vn 0.0323 0.0321 0.9990
vn 0.0324 0.0320 -0.9990
vn 0.7012 0.7001 -0.1348
vn -0.6967 -0.7046 0.1348
vn -0.3665 -0.9302 -0.0209
vn -0.4436 -0.8650 0.2347
vn -0.4049 -0.7279 0.5533
vn -0.4520 -0.7312 0.5110
vn -0.7709 -0.4763 0.4230
vn -0.4291 -0.8491 0.3079
vn -0.1003 0.2001 0.9746
vn -0.1927 -0.9050 -0.3794
vn 0.0852 0.2251 0.9706
vn 0.4328 -0.8315 0.3483
vn 0.7801 -0.4548 0.4297
vn 0.8066 -0.5783 0.1226
vn 0.1258 0.0930 0.9877
vn 0.6836 -0.7164 0.1393
vn 0.8914 -0.3813 0.2449
vn 0.7990 0.3688 0.4751
vn 0.8194 0.5652 -0.0960
vn -0.0682 0.1760 0.9820
vn 0.7545 0.0277 0.6558
vn 0.5814 0.5777 0.5729
vn 0.7359 0.6769 0.0192
vn 0.3335 0.9396 -0.0766
vn 0.4432 0.6860 0.5770
vn -0.2930 0.7259 0.6223
vn 0.2476 0.7920 0.5581
vn 0.1035 0.9875 -0.1191
vn 0.4521 0.5000 0.7387
vn -0.0296 0.7656 0.6426
vn -0.2477 0.7919 0.5581
vn 0.2930 0.7259 0.6223
vn -0.1782 -0.0511 0.9827
vn -0.5230 0.6067 0.5987
vn -0.3442 0.7578 0.5542
vn -0.1220 -0.2203 0.9678
vn -0.5149 0.4658 0.7197
vn -0.8866 -0.4585 -0.0607
vn 0.1862 -0.3226 0.9280
vn -0.7505 0.0405 0.6597
vn -0.8713 -0.4688 0.1450
vn -0.1003 0.1999 -0.9747
vn -0.7708 -0.4765 -0.4230
vn -0.3866 -0.9221 -0.0125
vn -0.1265 -0.9855 0.1134
vn 0.3939 -0.7081 -0.5860
vn -0.1678 0.3899 -0.9054
vn 0.4341 -0.7524 -0.4954
vn 0.4328 -0.8315 -0.3482
vn 0.0851 0.2251 -0.9706
vn 0.6616 -0.7176 -0.2175
vn -0.1858 -0.3226 -0.9281
vn 0.7504 0.0413 -0.6597
vn 0.8716 -0.4683 -0.1451
vn 0.7989 0.3687 -0.4751
vn 0.1221 -0.2201 -0.9678
vn 0.5148 0.4660 -0.7196
vn 0.8598 0.1108 -0.4984
vn -0.2930 0.7257 -0.6225
vn 0.6482 0.7606 -0.0357
vn 0.2713 0.7879 -0.5528
vn 0.1783 -0.0506 -0.9827
vn 0.0406 0.6290 -0.7764
vn 0.5230 0.6070 -0.5983
vn 0.2931 0.7258 -0.6224
vn -0.2476 0.7919 -0.5583
vn -0.1035 0.9875 0.1190
vn 0.0296 0.7655 -0.6428
vn -0.9996 -0.0170 -0.0237
vn -0.7989 0.3688 -0.4751
vn -0.8194 0.5652 0.0960
vn 0.0680 0.1758 -0.9821
vn -0.7545 0.0275 -0.6557
vn -0.5814 0.5775 -0.5731
vn -0.7496 -0.6588 -0.0636
vn -0.9363 -0.3493 0.0369
vn -0.8638 -0.4919 -0.1090
vn -0.8822 0.1405 -0.4495
vn -0.8066 -0.5782 -0.1227
vn -0.8867 -0.4584 0.0607
vn -0.1258 0.0927 -0.9877
vn -0.6834 -0.7167 -0.1391
vn -0.8913 -0.3817 -0.2449
vn 0.4520 0.7690 0.4520
vn -0.0354 0.9978 0.0560
vn 0.3517 0.8697 0.3462
vn 0.5363 0.8437 -0.0232
vn 0.5989 0.7868 0.1492
vn -0.2062 0.1521 0.9666
vn 0.5191 0.8152 0.2570
vn 0.6579 0.7360 0.1594
vn -0.6601 0.7501 0.0403
vn -0.3313 0.9417 0.0596
vn -0.3890 0.8888 0.2424
vn -0.1210 0.9926 0.0048
vn -0.6694 0.7269 0.1534
vn -0.6081 0.7311 0.3095
vn -0.0969 0.0808 0.9920
vn -0.6395 0.7535 0.1524
vn -0.6622 0.7330 0.1556
vn -0.5262 0.8150 0.2426
vn 0.1984 0.1595 0.9671
vn -0.9223 0.3863 0.0065
vn -0.5683 0.4390 0.6959
vn -0.5915 0.4446 0.6727
vn -0.4435 -0.2161 0.8698
vn -0.7411 0.1182 0.6609
vn -0.7121 -0.6981 -0.0747
vn -0.7997 -0.2836 0.5292
vn -0.5939 -0.4248 0.6833
vn -0.4709 -0.6877 0.5525
vn -0.7183 -0.5360 0.4435
vn -0.8479 -0.4189 0.3249
vn -0.9095 -0.1414 0.3908
vn -0.3575 -0.7348 0.5765
vn -0.1417 -0.6584 0.7393
vn 0.0516 -0.7873 0.6144
vn 0.4114 -0.9109 0.0314
vn -0.1489 -0.8568 0.4937
vn -0.3141 -0.8708 0.3781
vn -0.5038 -0.7363 0.4517
vn -0.4111 -0.9110 0.0319
vn -0.0514 -0.7871 0.6147
vn 0.3141 -0.8712 0.3772
vn 0.1489 -0.8572 0.4930
vn 0.2731 -0.9604 0.0557
vn 0.4709 -0.6877 0.5526
vn 0.5939 -0.4246 0.6834
vn 0.5814 -0.7688 0.2663
vn 0.6232 -0.2912 0.7259
vn 0.9095 -0.1413 0.3909
vn 0.8479 -0.4190 0.3249
vn 0.7183 -0.5360 0.4436
vn 0.8196 0.4610 -0.3402
vn 0.8805 0.4519 0.1431
vn 0.7773 -0.0043 0.6291
vn 0.8937 0.4470 0.0400
vn 0.8144 0.2108 0.5406
vn 0.7411 0.1181 0.6609
vn 0.6669 0.7440 -0.0414
vn 0.3368 0.9399 -0.0568
vn 0.3815 0.8901 -0.2495
vn 0.6034 0.7254 -0.3313
vn 0.6847 0.7075 -0.1749
vn 0.6580 0.7359 -0.1595
vn 0.5192 0.8151 -0.2570
vn -0.7339 0.6748 -0.0775
vn -0.7310 0.6717 -0.1207
vn 0.2061 0.1521 -0.9667
vn -0.5193 0.8150 -0.2570
vn -0.6581 0.7358 -0.1595
vn -0.4520 0.7690 -0.4520
vn 0.0354 0.9978 -0.0560
vn -0.3518 0.8697 -0.3462
vn -0.8937 0.4470 -0.0402
vn -0.8143 0.2107 -0.5409
vn -0.7410 0.1181 -0.6611
vn -0.8195 0.4611 0.3403
vn -0.5816 -0.7686 -0.2665
vn -0.4573 -0.4129 -0.7877
vn -0.6232 -0.2908 -0.7260
vn -0.9094 -0.1411 -0.3912
vn -0.8478 -0.4187 -0.3254
vn -0.7182 -0.5358 -0.4439
vn -0.2726 -0.9605 -0.0554
vn -0.4707 -0.6880 -0.5524
vn -0.5936 -0.4251 -0.6833
vn 0.1453 -0.9446 -0.2942
vn -0.0334 -0.5310 -0.8467
vn -0.2371 -0.5724 -0.7850
vn -0.5037 -0.7369 -0.4508
vn -0.3139 -0.8714 -0.3769
vn -0.1486 -0.8574 -0.4928
vn 0.0516 -0.7871 -0.6147
vn -0.1415 -0.6581 -0.7395
vn 0.1415 -0.6582 -0.7394
vn -0.0517 -0.7872 -0.6145
vn -0.4114 -0.9109 -0.0315
vn 0.1487 -0.8574 -0.4928
vn 0.3139 -0.8715 -0.3769
vn 0.5036 -0.7370 -0.4508
vn 0.5938 -0.4249 -0.6833
vn 0.4707 -0.6879 -0.5525
vn 0.2728 -0.9605 -0.0554
vn 0.7182 -0.5359 -0.4438
vn 0.8477 -0.4190 -0.3253
vn 0.9095 -0.1414 -0.3910
vn 0.7996 -0.2836 -0.5294
vn 0.5914 0.4441 -0.6731
vn 0.4431 -0.2168 -0.8699
vn 0.7410 0.1178 -0.6611
vn 0.8142 0.2106 -0.5410
vn 0.9984 0.0528 0.0192
vn 0.8020 0.3459 -0.4870
vn -0.3826 -0.9239 0.0050
vn 0.3618 -0.9286 0.0824
vn 0.7002 -0.7013 0.1338
vn 0.0383 -0.0385 0.9985
vn 0.8697 0.4889 0.0679
vn 0.8691 0.4896 -0.0705
vn 0.0382 -0.0381 -0.9985
vn 0.7006 -0.7009 -0.1338
vn 0.7870 -0.6154 -0.0450
vn 0.7068 -0.7074 0.0074
vn -0.6154 0.7870 0.0449
vn -0.6975 0.6971 0.1659
vn -0.7073 0.7068 -0.0073
vn -0.7074 0.7068 0.0073
vn -0.6975 0.6971 -0.1659
vn -0.0321 0.0320 -0.9990
vn 0.4880 0.8702 -0.0678
vn 0.4474 0.3730 0.8128
vn 0.9286 0.3618 0.0823
vn 0.4452 0.3730 -0.8141
vn -0.4240 0.4787 0.7688
vn -0.0061 -0.0001 1.0000
vn -0.7752 -0.0017 0.6318
vn 0.3137 0.8774 0.3631
vn 0.7070 0.7072 -0.0036
vn 0.4945 0.4920 0.7165
vn 0.0036 0.0011 1.0000
vn 0.0036 0.0012 -1.0000
vn 0.4931 0.4931 -0.7167
vn -0.0300 0.5101 -0.8596
vn -0.2253 -0.9596 -0.1689
vn -0.5032 0.0165 0.8640
vn -0.8703 -0.3296 0.3660
vn -0.4930 -0.4932 0.7167
vn -0.7056 -0.7086 -0.0033
vn -0.7055 -0.7087 0.0034
vn -0.4930 -0.4933 -0.7167
vn -0.8712 -0.3306 -0.3629
vn -0.0020 -0.0021 -1.0000
vn -0.5051 0.0145 -0.8629
vn -0.0000 0.6352 0.7724
vn 0.0014 0.6352 0.7724
vn -0.3011 0.2890 0.9088
vn -0.0001 1.0000 0.0067
vn -0.3826 0.9239 -0.0000
vn 0.0012 0.0003 -1.0000
vn -0.0000 0.6352 -0.7724
vn -0.3729 0.2776 -0.8854
vn -0.0000 0.6351 -0.7725
vn 0.2057 -0.9534 -0.2207
vn -0.3729 -0.2772 0.8855
vn -0.4801 -0.7684 0.4232
vn -0.3729 -0.8148 -0.4439
vn 0.0013 -0.6350 -0.7725
vn -0.3008 -0.2888 -0.9089
vn -0.4897 0.4897 0.7214
vn -0.8692 0.3293 0.3687
vn -0.9239 0.3826 0.0051
vn -0.8685 0.3283 -0.3713
vn -0.4898 0.4895 -0.7215
vn 0.4898 -0.4898 0.7212
vn 0.4913 -0.4879 0.7215
vn 0.7072 -0.7070 0.0036
vn 0.3106 -0.8749 0.3715
vn 0.4912 -0.4881 -0.7214
vn -0.0322 -0.5086 -0.8604
vn -1.0000 0.0015 0.0028
vn -0.7696 -0.0001 0.6385
vn -0.8846 -0.3730 0.2798
vn -0.4193 -0.4775 0.7721
vn -0.4162 -0.4774 -0.7739
vn -0.0066 0.0023 1.0000
vn 0.7673 -0.0000 0.6412
vn 0.7683 0.0022 0.6400
vn 0.9073 -0.3025 -0.2921
vn 0.7684 0.0023 -0.6400
vn 0.4389 -0.3738 -0.8171
vn -0.8691 0.4896 0.0705
vn -0.0382 -0.0383 0.9985
vn -0.7870 -0.6154 0.0450
vn -0.6972 -0.6974 -0.1660
vn -0.7004 -0.7011 -0.1339
vn 0.7074 0.7067 -0.0073
vn 0.6976 0.6970 0.1659
vn 0.6155 0.7869 0.0440
vn 0.7010 0.7003 0.1349
vn 0.0321 0.0319 0.9990
vn -0.4880 0.8702 0.0678
vn 0.6154 0.7870 -0.0449
vn 0.6975 0.6971 -0.1659
vn 0.7073 0.7068 0.0073
vn 0.2846 -0.9586 -0.0000
vn -0.1930 -0.9048 -0.3796
vn 0.3689 -0.9275 -0.0609
vn 0.3953 -0.9185 0.0112
vn 0.4448 -0.8493 0.2842
vn 0.6938 -0.7195 -0.0305
vn 0.7063 -0.6815 0.1915
vn 0.3881 -0.9040 0.1794
vn 0.0851 0.2250 0.9706
vn 0.4327 -0.8316 0.3483
vn 0.7801 -0.4549 0.4296
vn 0.8822 0.1405 0.4495
vn 0.8866 -0.4584 -0.0607
vn 0.1258 0.0931 0.9877
vn 0.6838 -0.7162 0.1394
vn 0.8915 -0.3812 0.2448
vn 0.3443 0.7579 0.5541
vn 0.7990 0.3688 0.4750
vn 0.8193 0.5652 -0.0959
vn -0.0683 0.1762 0.9820
vn 0.7543 0.0279 0.6559
vn 0.5813 0.5779 0.5728
vn 0.7359 0.6768 0.0193
vn 0.3335 0.9396 -0.0765
vn -0.2929 0.7259 0.6223
vn 0.2477 0.7919 0.5581
vn -0.1467 0.0599 0.9874
vn 0.4521 0.4997 0.7389
vn -0.0295 0.7653 0.6430
vn -0.6479 0.7609 0.0355
vn -0.4887 0.4098 0.7702
vn -0.2709 0.7882 0.5526
vn -0.1784 -0.0508 0.9827
vn -0.0407 0.6288 0.7765
vn -0.7989 0.3689 0.4750
vn -0.3441 0.7579 0.5542
vn -0.9990 0.0431 0.0155
vn -0.7243 -0.0486 0.6878
vn -0.8077 0.3869 0.4450
vn -0.1220 -0.2206 0.9677
vn -0.5151 0.4655 0.7197
vn -0.8600 0.1103 0.4982
vn -0.8066 -0.5782 0.1226
vn -0.6897 -0.7241 -0.0020
vn -0.8865 -0.4570 0.0722
vn 0.1864 -0.3226 0.9280
vn -0.7506 0.0402 0.6595
vn -0.8713 -0.4690 0.1448
vn 0.8866 -0.4569 -0.0722
vn 0.7504 0.0409 -0.6597
vn 0.8715 -0.4685 -0.1449
vn 0.8194 0.5652 0.0960
vn 0.7989 0.3688 -0.4750
vn 0.3443 0.7579 -0.5542
vn 0.8077 0.3869 -0.4450
vn 0.1221 -0.2205 -0.9677
vn 0.5150 0.4656 -0.7197
vn 0.8600 0.1105 -0.4982
vn 0.1035 0.9875 0.1189
vn 0.2477 0.7919 -0.5582
vn 0.4888 0.4095 -0.7704
vn 0.2712 0.7880 -0.5528
vn 0.1784 -0.0507 -0.9827
vn 0.0407 0.6289 -0.7764
vn 0.5231 0.6069 -0.5983
vn -0.7359 0.6769 -0.0192
vn -0.3335 0.9396 0.0766
vn -0.4432 0.6860 -0.5770
vn -0.2477 0.7919 -0.5582
vn 0.1466 0.0603 -0.9874
vn -0.4521 0.5000 -0.7387
vn 0.0296 0.7656 -0.6426
vn -0.8543 0.1895 -0.4840
vn -0.7990 0.3687 -0.4751
vn 0.0682 0.1760 -0.9820
vn -0.7545 0.0277 -0.6558
vn -0.5814 0.5777 -0.5729
vn -0.8639 -0.4918 -0.1089
vn -0.1258 0.0929 -0.9877
vn -0.8913 -0.3816 -0.2448
vn 0.3518 0.8697 0.3464
vn 0.7338 0.6749 0.0776
vn -0.2061 0.1521 0.9666
vn 0.5192 0.8150 0.2571
vn -0.9984 0.0527 -0.0190
vn -0.8021 0.3458 0.4869
vn -0.5685 0.4395 0.6955
vn -0.5916 0.4451 0.6723
vn -0.4438 -0.2155 0.8698
vn -0.7413 0.1184 0.6606
vn -0.8145 0.2112 0.5404
vn -0.8936 0.4470 0.0399
vn -0.7996 -0.2836 0.5293
vn -0.5939 -0.4245 0.6834
vn -0.4710 -0.6876 0.5526
vn -0.2732 -0.9603 0.0558
vn -0.7183 -0.5361 0.4434
vn -0.8479 -0.4191 0.3247
vn -0.9096 -0.1415 0.3907
vn -0.0114 -0.9958 -0.0913
vn -0.3357 -0.9356 -0.1099
vn -0.1420 -0.6581 0.7394
vn 0.0512 -0.7872 0.6146
vn 0.4110 -0.9111 0.0318
vn -0.1490 -0.8571 0.4932
vn -0.3142 -0.8711 0.3774
vn -0.5039 -0.7365 0.4512
vn -0.4110 -0.9111 0.0322
vn -0.0512 -0.7870 0.6148
vn 0.1418 -0.6579 0.7396
vn -0.1456 -0.9448 0.2937
vn 0.0334 -0.5314 0.8465
vn 0.2371 -0.5727 0.7847
vn 0.5038 -0.7369 0.4508
vn 0.3141 -0.8714 0.3767
vn 0.1488 -0.8574 0.4927
vn 0.2732 -0.9603 0.0559
vn 0.4711 -0.6875 0.5526
vn 0.5940 -0.4245 0.6834
vn 0.5814 -0.7689 0.2661
vn 0.4573 -0.4133 0.7874
vn 0.6232 -0.2913 0.7258
vn 0.9096 -0.1412 0.3907
vn 0.8481 -0.4188 0.3247
vn 0.7185 -0.5358 0.4434
vn 0.6082 0.7488 -0.2634
vn 0.8197 0.4609 -0.3401
vn 0.8806 0.4518 0.1431
vn 0.9722 -0.1750 0.1554
vn 0.8312 0.1336 0.5397
vn 0.8936 0.4471 0.0399
vn 0.8145 0.2112 0.5404
vn 0.7413 0.1185 0.6607
vn -0.4519 0.7691 -0.4519
vn 0.0355 0.9978 -0.0559
vn -0.3516 0.8698 -0.3461
vn -0.9722 -0.1750 -0.1556
vn -0.7773 -0.0044 -0.6291
vn -0.8311 0.1336 -0.5399
vn -0.8143 0.2109 -0.5407
vn -0.7412 0.1182 -0.6608
vn -0.8196 0.4610 0.3402
vn -0.8805 0.4519 -0.1431
vn -0.4573 -0.4131 -0.7875
vn -0.6232 -0.2912 -0.7258
vn -0.9095 -0.1413 -0.3909
vn -0.8478 -0.4190 -0.3250
vn -0.7183 -0.5360 -0.4437
vn -0.2730 -0.9604 -0.0557
vn -0.4709 -0.6877 -0.5526
vn -0.5939 -0.4246 -0.6834
vn -0.1487 -0.8573 -0.4928
vn 0.4112 -0.9110 -0.0318
vn 0.0515 -0.7872 -0.6146
vn 0.1487 -0.8573 -0.4928
vn 0.3140 -0.8714 -0.3769
vn 0.5037 -0.7369 -0.4509
vn 0.0114 -0.9957 0.0914
vn 0.3357 -0.9355 0.1099
vn 0.5939 -0.4246 -0.6833
vn 0.4710 -0.6876 -0.5526
vn 0.2731 -0.9604 -0.0557
vn 0.7182 -0.5361 -0.4435
vn 0.8478 -0.4191 -0.3248
vn 0.9096 -0.1415 -0.3908
vn 0.7122 -0.6980 0.0746
vn 0.9056 -0.4163 0.0816
vn 0.7996 -0.2834 -0.5294
vn 0.5683 0.4390 -0.6959
vn 0.5914 0.4446 -0.6727
vn 0.4435 -0.2162 -0.8698
vn 0.7411 0.1181 -0.6609
vn 0.8144 0.2108 -0.5407
vn 0.9984 0.0528 0.0191
vn 0.9223 0.3864 -0.0066
vn 0.8021 0.3458 -0.4870
vn 0.7068 -0.7074 -0.0074
vn 0.7870 -0.6154 0.0442
vn 0.7005 -0.7010 0.1338
vn 0.8696 0.4891 0.0679
vn 0.0381 -0.0380 -0.9985
vn 0.7006 -0.7009 -0.1339
vn -0.7010 0.7003 0.1349
vn -0.6974 0.6972 -0.1659
vn -0.7012 0.7001 -0.1349
vn -0.0323 0.0320 -0.9990
vn 0.4879 0.8702 -0.0678
vn 0.0056 -0.0022 -1.0000
vn -0.4241 0.4787 0.7687
vn -0.7753 -0.0017 0.6316
vn -0.8863 0.3737 -0.2733
vn -0.4271 0.4787 -0.7671
vn 0.3137 0.8773 0.3632
vn -0.0280 0.5118 0.8587
vn 0.4932 0.4929 0.7169
vn 0.0037 0.0009 1.0000
vn 0.4944 0.4922 -0.7165
vn 0.7069 0.7073 0.0037
vn 0.3128 0.8766 -0.3657
vn -0.0020 -0.0021 1.0000
vn -0.8703 -0.3297 0.3659
vn -0.4930 -0.4933 0.7167
vn -0.7055 -0.7087 -0.0034
vn 0.0014 1.0000 0.0001
vn -0.3728 0.8148 0.4439
vn -0.3012 0.2889 0.9088
vn 0.0012 0.0004 -1.0000
vn -0.0000 0.6353 -0.7723
vn -0.3729 0.2777 -0.8853
vn 0.0013 0.0001 1.0000
vn -0.3729 -0.2769 0.8856
vn 0.0013 -0.6347 0.7727
vn -0.0000 -1.0000 0.0002
vn -0.4801 -0.7683 0.4233
vn -0.7060 0.7082 0.0036
vn -0.4898 0.4895 0.7215
vn -0.8693 0.3291 0.3688
vn -0.4886 0.4911 0.7212
vn 0.0022 -0.0021 1.0000
vn -0.5012 -0.0177 0.8651
vn -0.4994 -0.0196 -0.8661
vn 0.0022 -0.0021 -1.0000
vn -0.4886 0.4911 -0.7212
vn 0.4913 -0.4880 0.7215
vn 0.3106 -0.8750 0.3715
vn 0.7683 0.0023 -0.6400
vn -0.7005 -0.7010 -0.1338
vn -0.8696 0.4891 -0.0679
vn 0.6974 0.6972 0.1659
vn 0.0321 0.0320 0.9990
vn 0.7011 0.7001 -0.1349
vn 0.6154 0.7869 -0.0449
vn 0.7074 0.7068 0.0073
vn 0.7498 -0.6586 0.0635
vn 0.9364 -0.3490 -0.0369
vn 0.8640 -0.4915 0.1089
vn 0.9996 -0.0172 0.0238
vn 0.3442 0.7579 0.5541
vn 0.7989 0.3689 0.4750
vn 0.8193 0.5653 -0.0959
vn -0.0684 0.1759 0.9820
vn 0.7543 0.0276 0.6559
vn -0.6480 0.7608 0.0356
vn -0.4887 0.4096 0.7703
vn -0.2710 0.7881 0.5527
vn -0.1783 -0.0504 0.9827
vn -0.0405 0.6291 0.7763
vn -0.5230 0.6071 0.5983
vn -0.9990 0.0431 0.0154
vn -0.1221 -0.2207 0.9677
vn -0.5152 0.4654 0.7197
vn -0.8601 0.1103 0.4981
vn -0.6615 -0.7177 0.2175
vn -0.8865 -0.4571 0.0721
vn -0.7504 0.0410 0.6597
vn -0.8716 -0.4684 0.1448
vn 0.8866 -0.4584 0.0607
vn 0.8821 0.1404 -0.4496
vn 0.6899 -0.7239 0.0020
vn 0.6617 -0.7175 -0.2175
vn 0.8866 -0.4568 -0.0723
vn -0.1854 -0.3227 -0.9282
vn 0.7503 0.0417 -0.6597
vn 0.8717 -0.4680 -0.1451
vn 0.9990 0.0429 -0.0154
vn 0.1223 -0.2199 -0.9678
vn 0.5148 0.4662 -0.7195
vn 0.8599 0.1109 -0.4983
vn 0.6482 0.7606 -0.0358
vn 0.4888 0.4093 -0.7704
vn 0.2713 0.7878 -0.5529
vn 0.1781 -0.0510 -0.9827
vn 0.5230 0.6067 -0.5986
vn 0.1464 0.0604 -0.9874
vn -0.4522 0.5000 -0.7386
vn -0.8542 0.1895 -0.4841
vn -0.3440 0.7580 -0.5542
vn -0.7988 0.3691 -0.4751
vn -0.8192 0.5654 0.0961
vn 0.0679 0.1754 -0.9822
vn -0.7546 0.0269 -0.6556
vn -0.5816 0.5770 -0.5734
vn -0.1258 0.0926 -0.9877
vn -0.6832 -0.7169 -0.1390
vn -0.8912 -0.3820 -0.2448
vn 0.4523 0.7686 0.4523
vn -0.0351 0.9978 0.0562
vn 0.3520 0.8694 0.3466
vn 0.7309 0.6718 0.1207
vn 0.6282 0.7495 0.2087
vn 0.5193 0.8150 0.2572
vn 0.6581 0.7359 0.1595
vn -0.6694 0.7268 0.1534
vn -0.6622 0.7330 0.1555
vn -0.5682 0.4396 0.6956
vn -0.5913 0.4454 0.6723
vn -0.4435 -0.2154 0.8700
vn -0.8144 0.2109 0.5407
vn -0.8936 0.4470 0.0400
vn -0.7123 -0.6979 -0.0746
vn -0.9056 -0.4162 -0.0816
vn -0.7997 -0.2834 0.5293
vn -0.7184 -0.5360 0.4434
vn -0.8480 -0.4190 0.3246
vn -0.9096 -0.1413 0.3906
vn -0.0115 -0.9958 -0.0914
vn -0.3357 -0.9355 -0.1099
vn -0.3575 -0.7347 0.5765
vn -0.1418 -0.6583 0.7393
vn 0.0514 -0.7873 0.6145
vn 0.4112 -0.9110 0.0316
vn -0.1488 -0.8571 0.4932
vn -0.3141 -0.8711 0.3774
vn -0.1456 -0.9448 0.2936
vn 0.0334 -0.5315 0.8464
vn 0.2370 -0.5728 0.7847
vn 0.2734 -0.9603 0.0560
vn 0.4712 -0.6874 0.5527
vn 0.5940 -0.4243 0.6834
vn 0.6083 0.7487 -0.2635
vn 0.8197 0.4607 -0.3402
vn 0.8806 0.4516 0.1431
vn 0.8312 0.1335 0.5397
vn 0.8936 0.4470 0.0400
vn 0.8144 0.2109 0.5407
vn 0.7411 0.1183 0.6609
vn 0.3814 0.8901 -0.2495
vn -0.6282 0.7496 -0.2086
vn 0.2059 0.1519 -0.9667
vn -0.5195 0.8148 -0.2571
vn -0.6583 0.7356 -0.1597
vn 0.0353 0.9978 -0.0562
vn -0.9722 -0.1749 -0.1557
vn -0.8937 0.4469 -0.0402
vn -0.8142 0.2106 -0.5410
vn -0.7410 0.1179 -0.6611
vn -0.8196 0.4610 0.3403
vn -0.8805 0.4519 -0.1430
vn -0.5819 -0.7683 -0.2667
vn -0.4574 -0.4125 -0.7878
vn -0.6233 -0.2905 -0.7260
vn -0.9094 -0.1416 -0.3911
vn -0.8475 -0.4194 -0.3254
vn -0.7178 -0.5364 -0.4439
vn -0.2731 -0.9604 -0.0557
vn -0.4708 -0.6876 -0.5527
vn -0.5938 -0.4246 -0.6834
vn 0.1454 -0.9447 -0.2941
vn -0.0334 -0.5311 -0.8467
vn -0.2371 -0.5725 -0.7849
vn 0.5939 -0.4247 -0.6833
vn 0.2730 -0.9604 -0.0555
vn 0.7183 -0.5357 -0.4439
vn 0.8478 -0.4188 -0.3254
vn 0.9095 -0.1411 -0.3911
vn 0.9984 0.0527 0.0192
vn 0.8692 0.4894 -0.0706
vn 0.0383 -0.0385 -0.9985
vn 0.7002 -0.7013 -0.1338
vn 0.4886 0.8696 0.0708
vn -0.6155 0.7869 0.0449
vn -0.6976 0.6970 0.1659
vn -0.7075 0.7067 -0.0073
vn 0.0056 -0.0022 1.0000
vn 0.4945 0.4919 0.7165
vn -0.0280 0.5120 0.8586
vn 0.4931 0.4931 0.7167
vn 0.0037 0.0010 -1.0000
vn -0.0299 0.5100 -0.8597
vn 0.3129 0.8765 -0.3659
vn -0.5031 0.0165 0.8641
vn -0.8703 -0.3295 0.3660
vn -0.7056 -0.7086 0.0034
vn -0.4930 -0.4932 -0.7167
vn -0.8712 -0.3305 -0.3630
vn -0.4914 -0.4941 -0.7172
vn -0.0020 -0.0019 -1.0000
vn -0.5051 0.0147 -0.8629
vn -0.3728 0.8149 0.4438
vn 0.0014 0.6352 0.7723
vn -0.0000 0.0004 1.0000
vn -0.3012 0.2891 0.9087
vn 0.0012 -0.0002 -1.0000
vn -0.0000 0.6348 -0.7727
vn -0.3729 0.2772 -0.8855
vn -0.3729 0.8141 -0.4452
vn -0.3009 -0.2872 0.9094
vn 0.0013 -0.6350 0.7725
vn -0.3729 -0.2789 -0.8850
vn 0.0013 0.0003 -1.0000
vn -0.4886 0.4908 0.7214
vn -0.5012 -0.0180 0.8651
vn -0.4995 -0.0197 -0.8661
vn -0.4886 0.4910 -0.7212
vn -0.0005 0.0038 1.0000
vn 0.4898 -0.4897 0.7213
vn -0.0344 -0.5064 0.8616
vn 0.7070 -0.7072 -0.0033
vn 0.4898 -0.4897 -0.7213
vn -0.0005 0.0038 -1.0000
vn -0.7696 -0.0000 0.6386
vn -0.7681 0.0014 0.6404
vn -0.4192 -0.4774 0.7723
vn -0.7005 -0.7010 0.1338
vn -0.6972 -0.6975 0.1659
vn -0.7001 -0.7014 -0.1337
vn -0.0384 -0.0386 -0.9985
vn 0.7072 0.7070 -0.0073
vn 0.6974 0.6973 0.1659
vn 0.0322 0.0319 0.9990
vn 0.6974 0.6972 -0.1659
vn 0.7073 0.7069 0.0073
vn -0.4436 -0.8649 0.2347
vn -0.1267 -0.9854 -0.1133
vn -0.4330 -0.8638 0.2576
vn -0.3869 -0.9220 0.0126
vn -0.4049 -0.7277 0.5536
vn 0.2161 0.4797 0.8504
vn -0.4520 -0.7310 0.5113
vn -0.7706 -0.4768 0.4229
vn -0.4287 -0.8495 0.3075
vn -0.1003 0.1995 0.9747
vn 0.2845 -0.9587 -0.0000
vn -0.1932 -0.9047 -0.3797
vn 0.3688 -0.9275 -0.0610
vn 0.3954 -0.9185 0.0112
vn 0.4449 -0.8493 0.2842
vn 0.1141 -0.9887 -0.0977
vn 0.6939 -0.7195 -0.0306
vn 0.7064 -0.6815 0.1915
vn 0.0850 0.2252 0.9706
vn 0.4328 -0.8314 0.3485
vn 0.7802 -0.4546 0.4297
vn 0.9364 -0.3491 -0.0369
vn 0.8822 0.1401 0.4495
vn 0.8064 -0.5785 0.1226
vn 0.8865 -0.4588 -0.0608
vn 0.6834 -0.7166 0.1393
vn 0.8912 -0.3817 0.2450
vn 0.8542 0.1894 0.4841
vn 0.3443 0.7578 0.5543
vn 0.7989 0.3687 0.4752
vn 0.8194 0.5651 -0.0960
vn -0.0679 0.1756 0.9821
vn 0.7545 0.0273 0.6557
vn 0.5814 0.5773 0.5733
vn 0.3334 0.9397 -0.0766
vn -0.1465 0.0601 0.9874
vn -0.0297 0.7655 0.6428
vn -0.2478 0.7918 0.5583
vn -0.6480 0.7608 0.0357
vn -0.2711 0.7880 0.5529
vn -0.1780 -0.0512 0.9827
vn -0.0405 0.6286 0.7767
vn -0.5229 0.6066 0.5989
vn -0.7989 0.3687 0.4752
vn -0.3443 0.7579 0.5542
vn -0.7241 -0.0488 0.6879
vn -0.8076 0.3868 0.4452
vn -0.1220 -0.2200 0.9679
vn -0.5147 0.4661 0.7196
vn -0.8597 0.1108 0.4986
vn -0.8065 -0.5783 0.1227
vn 0.1861 -0.3225 0.9281
vn -0.7503 0.0410 0.6598
vn -0.8715 -0.4685 0.1452
vn -0.6931 -0.7201 0.0310
vn -0.7054 -0.6828 -0.1902
vn -0.3933 -0.9066 -0.1529
vn -0.1003 0.1994 -0.9748
vn -0.4286 -0.8496 -0.3074
vn -0.7705 -0.4770 -0.4228
vn 0.1487 -0.9490 0.2779
vn -0.3441 -0.9389 -0.0097
vn -0.3869 -0.9220 -0.0126
vn -0.4330 -0.8638 -0.2576
vn -0.1268 -0.9854 0.1133
vn 0.3652 -0.9307 0.0217
vn 0.4529 -0.8549 -0.2531
vn 0.1140 -0.9887 0.0977
vn 0.4449 -0.8493 -0.2842
vn 0.3953 -0.9185 -0.0112
vn 0.3938 -0.7079 -0.5864
vn -0.1680 0.3902 -0.9053
vn 0.4341 -0.7522 -0.4957
vn 0.7800 -0.4551 -0.4295
vn 0.4326 -0.8316 -0.3481
vn 0.8867 -0.4584 0.0608
vn 0.8067 -0.5781 -0.1228
vn 0.8821 0.1405 -0.4495
vn 0.6896 -0.7242 0.0020
vn 0.6614 -0.7178 -0.2176
vn 0.8864 -0.4572 -0.0725
vn -0.1864 -0.3225 -0.9280
vn 0.7503 0.0407 -0.6598
vn 0.8713 -0.4687 -0.1454
vn 0.8195 0.5650 0.0960
vn 0.7989 0.3686 -0.4753
vn 0.3444 0.7577 -0.5543
vn 0.9990 0.0429 -0.0155
vn 0.7241 -0.0489 -0.6880
vn 0.8075 0.3868 -0.4454
vn 0.1219 -0.2198 -0.9679
vn 0.5146 0.4662 -0.7196
vn 0.8596 0.1108 -0.4989
vn 0.2476 0.7918 -0.5584
vn -0.2931 0.7257 -0.6225
vn 0.6484 0.7604 -0.0360
vn 0.4889 0.4089 -0.7706
vn 0.2714 0.7877 -0.5531
vn 0.1779 -0.0509 -0.9827
vn 0.0403 0.6287 -0.7766
vn 0.5227 0.6066 -0.5989
vn -0.7356 0.6772 -0.0190
vn -0.3331 0.9398 0.0769
vn -0.4430 0.6862 -0.5769
vn 0.2930 0.7257 -0.6226
vn -0.2477 0.7917 -0.5584
vn 0.1460 0.0601 -0.9875
vn -0.4526 0.4997 -0.7385
vn 0.0292 0.7652 -0.6432
vn -0.9996 -0.0170 -0.0236
vn -0.9049 0.4214 0.0594
vn -0.8542 0.1895 -0.4842
vn -0.7989 0.3687 -0.4753
vn -0.8194 0.5651 0.0961
vn 0.0676 0.1756 -0.9821
vn -0.7547 0.0273 -0.6555
vn -0.5814 0.5774 -0.5733
vn -0.8638 -0.4918 -0.1091
vn -0.8066 -0.5783 -0.1228
vn -0.6839 -0.7162 -0.1393
vn -0.8915 -0.3809 -0.2452
vn 0.5989 0.7868 0.1493
vn 0.0432 0.9984 0.0363
vn 0.7336 0.6752 0.0775
vn 0.7307 0.6720 0.1208
vn 0.6280 0.7497 0.2087
vn -0.2059 0.1518 0.9667
vn 0.5196 0.8147 0.2573
vn 0.6583 0.7356 0.1598
vn -0.6600 0.7501 0.0402
vn -0.3889 0.8888 0.2425
vn -0.1214 0.9926 0.0049
vn -0.6697 0.7266 0.1536
vn -0.6550 0.7554 0.0211
vn -0.6081 0.7309 0.3097
vn -0.0970 0.0807 0.9920
vn -0.6625 0.7327 0.1558
vn -0.5267 0.8146 0.2429
vn 0.1983 0.1591 0.9671
vn -0.8020 0.3458 0.4871
vn -0.5681 0.4378 0.6968
vn -0.5912 0.4434 0.6737
vn -0.4427 -0.2177 0.8699
vn -0.7407 0.1185 0.6613
vn -0.8140 0.2108 0.5413
vn -0.8937 0.4469 0.0402
vn -0.9056 -0.4163 -0.0817
vn -0.7997 -0.2834 0.5294
vn -0.5935 -0.4252 0.6833
vn -0.4705 -0.6882 0.5523
vn -0.2724 -0.9606 0.0552
vn -0.7178 -0.5363 0.4439
vn -0.8475 -0.4195 0.3254
vn -0.9093 -0.1417 0.3912
vn -0.0115 -0.9958 -0.0913
vn -0.3357 -0.9356 -0.1097
vn -0.3576 -0.7345 0.5768
vn -0.1416 -0.6580 0.7396
vn 0.0517 -0.7870 0.6147
vn 0.4114 -0.9109 0.0317
vn -0.1487 -0.8572 0.4930
vn -0.3139 -0.8713 0.3773
vn -0.5036 -0.7368 0.4510
vn -0.4113 -0.9109 0.0320
vn -0.0516 -0.7871 0.6147
vn 0.1414 -0.6580 0.7396
vn -0.1453 -0.9446 0.2942
vn 0.0334 -0.5309 0.8468
vn 0.2372 -0.5724 0.7849
vn 0.5038 -0.7365 0.4514
vn 0.3141 -0.8711 0.3775
vn 0.1488 -0.8570 0.4933
vn 0.2733 -0.9603 0.0561
vn 0.4711 -0.6873 0.5528
vn 0.5937 -0.4244 0.6836
vn 0.4572 -0.4132 0.7876
vn 0.6231 -0.2912 0.7259
vn 0.9095 -0.1410 0.3911
vn 0.8480 -0.4186 0.3251
vn 0.7184 -0.5358 0.4437
vn 0.6081 0.7489 -0.2636
vn 0.8195 0.4610 -0.3404
vn 0.9722 -0.1750 0.1555
vn 0.7772 -0.0045 0.6292
vn 0.8312 0.1333 0.5398
vn 0.8937 0.4468 0.0403
vn 0.8140 0.2106 0.5413
vn 0.7406 0.1181 0.6615
vn 0.5989 0.7868 -0.1493
vn 0.6034 0.7252 -0.3315
vn 0.1116 0.0867 -0.9900
vn 0.6848 0.7074 -0.1751
vn 0.5194 0.8149 -0.2571
vn -0.2059 0.1519 -0.9667
vn -0.7336 0.6752 -0.0775
vn -0.7306 0.6720 -0.1209
vn -0.6280 0.7497 -0.2087
vn 0.2059 0.1518 -0.9667
vn -0.5196 0.8147 -0.2573
vn -0.6583 0.7356 -0.1598
vn -0.3518 0.8697 -0.3464
vn -0.5363 0.8437 0.0232
vn -0.5989 0.7868 -0.1493
vn -0.0432 0.9984 -0.0363
vn -0.8938 0.4467 -0.0403
vn -0.8143 0.2109 -0.5408
vn -0.7412 0.1180 -0.6609
vn -0.5813 -0.7688 -0.2664
vn -0.4571 -0.4132 -0.7876
vn -0.6230 -0.2913 -0.7259
vn -0.9094 -0.1420 -0.3910
vn -0.8474 -0.4197 -0.3251
vn -0.7177 -0.5366 -0.4438
vn -0.2729 -0.9604 -0.0557
vn -0.4708 -0.6877 -0.5526
vn -0.5937 -0.4247 -0.6835
vn -0.0334 -0.5309 -0.8468
vn -0.2372 -0.5724 -0.7849
vn -0.5038 -0.7365 -0.4514
vn -0.1488 -0.8570 -0.4933
vn 0.4113 -0.9109 -0.0319
vn 0.0516 -0.7871 -0.6146
vn -0.1415 -0.6580 -0.7396
vn 0.1413 -0.6580 -0.7396
vn -0.0520 -0.7871 -0.6147
vn -0.4115 -0.9109 -0.0318
vn 0.1487 -0.8572 -0.4930
vn 0.3139 -0.8713 -0.3772
vn 0.5036 -0.7368 -0.4510
vn 0.0112 -0.9957 0.0916
vn 0.3355 -0.9356 0.1102
vn 0.3574 -0.7350 -0.5762
vn 0.5935 -0.4252 -0.6833
vn 0.4705 -0.6882 -0.5523
vn 0.2724 -0.9606 -0.0552
vn 0.7178 -0.5363 -0.4439
vn 0.8475 -0.4194 -0.3254
vn 0.9093 -0.1417 -0.3912
vn 0.7997 -0.2834 -0.5294
vn 0.5683 0.4385 -0.6962
vn 0.5914 0.4440 -0.6732
vn 0.4433 -0.2168 -0.8698
vn 0.7412 0.1187 -0.6607
vn 0.8143 0.2113 -0.5406
vn 0.8937 0.4470 -0.0401
vn 0.9223 0.3863 -0.0066
vn 0.7070 -0.7071 -0.0074
vn 0.6973 -0.6973 0.1660
vn 0.7872 -0.6151 0.0442
vn 0.7004 -0.7011 0.1339
vn 0.8697 0.4889 0.0680
vn 0.8692 0.4895 -0.0706
vn 0.7005 -0.7010 -0.1339
vn 0.7871 -0.6151 -0.0450
vn 0.6972 -0.6974 -0.1660
vn 0.7069 -0.7072 0.0074
vn -0.7009 0.7004 0.1347
vn -0.6975 0.6971 0.1660
vn -0.7074 0.7068 0.0072
vn -0.6975 0.6971 -0.1661
vn 0.4877 0.8703 -0.0679
vn 1.0000 -0.0000 -0.0028
vn 0.7732 -0.0022 0.6342
vn 0.4474 0.3731 0.8128
vn 0.7749 -0.0000 0.6321
vn 0.0058 -0.0023 1.0000
vn 0.7748 -0.0000 -0.6323
vn -0.4241 0.4785 0.7689
vn -0.0063 -0.0001 1.0000
vn -0.8853 0.3739 0.2764
vn -0.7743 -0.0001 0.6328
vn -0.0061 -0.0000 -1.0000
vn -0.4270 0.4786 -0.7672
vn 0.3139 0.8773 0.3632
vn 0.7072 0.7070 -0.0035
vn 0.4946 0.4918 0.7166
vn -0.0283 0.5119 0.8586
vn 0.0036 0.0008 -1.0000
vn 0.4931 0.4928 -0.7170
vn -0.0301 0.5098 -0.8598
vn -0.5030 0.0167 0.8641
vn -0.4914 -0.4942 0.7172
vn -0.8704 -0.3292 0.3660
vn -0.4931 -0.4928 0.7169
vn -0.7058 -0.7084 -0.0032
vn -0.4930 -0.4930 -0.7169
vn -0.4914 -0.4939 -0.7174
vn -0.0019 -0.0017 -1.0000
vn -0.5048 0.0148 -0.8631
vn 0.0014 0.6351 0.7724
vn -0.3010 0.2889 0.9088
vn 0.0012 -0.0001 -1.0000
vn -0.3730 0.2772 -0.8855
vn 0.0012 0.6352 -0.7724
vn -0.4798 0.7687 -0.4229
vn 0.7071 -0.7071 0.0001
vn 0.0013 -0.0006 1.0000
vn -0.0000 -0.6352 0.7723
vn -0.3730 -0.2774 0.8854
vn 0.0013 -0.6347 0.7728
vn -0.4800 -0.7684 0.4233
vn -0.3007 -0.2885 -0.9090
vn -0.4885 0.4911 0.7212
vn -0.5013 -0.0178 0.8651
vn -0.4885 0.4911 -0.7212
vn -0.7060 0.7082 -0.0036
vn -0.0004 0.0034 1.0000
vn 0.4898 -0.4900 0.7211
vn -0.0345 -0.5067 0.8615
vn 0.4911 -0.4882 0.7215
vn 0.7070 -0.7073 0.0034
vn 0.3113 -0.8761 -0.3682
vn 0.7069 -0.7073 -0.0032
vn 0.4911 -0.4883 -0.7214
vn -0.0322 -0.5088 -0.8603
vn 0.4897 -0.4900 -0.7212
vn -0.0005 0.0035 -1.0000
vn -0.8836 -0.3731 -0.2828
vn -0.0063 0.0023 1.0000
vn 0.4361 -0.3740 0.8185
vn 0.9066 -0.3023 0.2945
vn 0.4385 -0.3739 -0.8172
vn 0.7673 -0.0000 -0.6413
vn -0.8692 0.4895 0.0706
vn -0.7005 -0.7010 0.1339
vn -0.7872 -0.6151 0.0450
vn -0.6973 -0.6973 0.1660
vn -0.8697 0.4889 -0.0680
vn 0.6974 0.6972 0.1661
vn 0.6152 0.7871 0.0440
vn 0.7010 0.7003 0.1347
vn -0.4883 0.8698 -0.0710
vn 0.6976 0.6970 -0.1661
vn 0.7074 0.7067 0.0073
vn 0.7499 -0.6585 0.0635
vn 0.9364 -0.3489 -0.0369
vn 0.8822 0.1404 0.4495
vn 0.1255 0.0927 0.9878
vn 0.6828 -0.7172 0.1392
vn 0.8909 -0.3824 0.2449
vn 0.9996 -0.0172 0.0237
vn 0.8543 0.1894 0.4840
vn -0.0682 0.1757 0.9821
vn 0.5815 0.5773 0.5732
vn 0.7360 0.6767 0.0193
vn 0.3337 0.9396 -0.0765
vn 0.4433 0.6859 0.5770
vn -0.2929 0.7258 0.6225
vn 0.2478 0.7917 0.5583
vn 0.1037 0.9875 -0.1187
vn -0.1468 0.0599 0.9873
vn 0.4519 0.4998 0.7389
vn -0.0297 0.7654 0.6429
vn -0.2479 0.7919 0.5581
vn 0.2929 0.7258 0.6224
vn -0.6480 0.7608 0.0355
vn -0.4887 0.4097 0.7703
vn -0.2711 0.7881 0.5526
vn -0.1785 -0.0512 0.9826
vn -0.0411 0.6286 0.7766
vn -0.5234 0.6068 0.5982
vn -0.8192 0.5654 -0.0959
vn -0.7989 0.3691 0.4750
vn -0.3439 0.7580 0.5542
vn -0.8077 0.3868 0.4450
vn -0.8601 0.1106 0.4980
vn -0.6896 -0.7242 -0.0020
vn -0.6614 -0.7178 0.2176
vn -0.8864 -0.4572 0.0722
vn 0.8866 -0.4585 0.0608
vn 0.8822 0.1404 -0.4495
vn 0.8864 -0.4572 -0.0723
vn -0.1861 -0.3225 -0.9281
vn 0.7503 0.0410 -0.6598
vn 0.8715 -0.4685 -0.1452
vn 0.7989 0.3688 -0.4752
vn 0.7241 -0.0488 -0.6879
vn 0.8076 0.3868 -0.4452
vn 0.1221 -0.2199 -0.9678
vn 0.5148 0.4661 -0.7196
vn 0.8598 0.1108 -0.4985
vn 0.2477 0.7918 -0.5582
vn 0.6483 0.7605 -0.0358
vn 0.4888 0.4092 -0.7705
vn 0.1782 -0.0512 -0.9827
vn 0.0406 0.6285 -0.7767
vn 0.5230 0.6066 -0.5988
vn -0.3334 0.9397 0.0766
vn 0.1465 0.0601 -0.9874
vn -0.8542 0.1894 -0.4842
vn 0.0681 0.1754 -0.9821
vn -0.7545 0.0271 -0.6558
vn -0.5814 0.5773 -0.5733
vn -0.9363 -0.3491 0.0369
vn -0.8821 0.1407 -0.4495
vn -0.8068 -0.5780 -0.1227
vn -0.8867 -0.4583 0.0607
vn -0.1256 0.0927 -0.9877
vn -0.6833 -0.7167 -0.1392
vn -0.8912 -0.3817 -0.2450
vn 0.7337 0.6750 0.0775
vn 0.7308 0.6718 0.1208
vn 0.6282 0.7496 0.2086
vn -0.2061 0.1517 0.9667
vn 0.5197 0.8146 0.2574
vn 0.6584 0.7354 0.1599
vn -0.6083 0.7307 0.3098
vn -0.0972 0.0807 0.9920
vn -0.6398 0.7532 0.1526
vn -0.6623 0.7329 0.1557
vn -0.5263 0.8149 0.2428
vn 0.1985 0.1593 0.9671
vn -0.9224 0.3863 0.0066
vn -0.8020 0.3457 0.4870
vn -0.5682 0.4393 0.6958
vn -0.5913 0.4450 0.6726
vn -0.4434 -0.2159 0.8699
vn -0.7410 0.1185 0.6610
vn -0.8143 0.2110 0.5407
vn -0.8937 0.4469 0.0399
vn -0.7997 -0.2833 0.5293
vn -0.5937 -0.4248 0.6834
vn -0.2728 -0.9605 0.0556
vn -0.7177 -0.5371 0.4432
vn -0.8476 -0.4202 0.3242
vn -0.9095 -0.1425 0.3904
vn -0.0115 -0.9958 -0.0911
vn -0.3358 -0.9356 -0.1096
vn -0.3576 -0.7346 0.5766
vn -0.1417 -0.6583 0.7393
vn 0.0515 -0.7873 0.6144
vn 0.4113 -0.9110 0.0316
vn -0.1490 -0.8575 0.4924
vn -0.3140 -0.8717 0.3762
vn -0.5038 -0.7371 0.4504
vn -0.0516 -0.7872 0.6146
vn 0.0334 -0.5314 0.8464
vn 0.2369 -0.5728 0.7847
vn 0.5036 -0.7374 0.4501
vn 0.3138 -0.8719 0.3758
vn 0.1486 -0.8578 0.4921
vn 0.4710 -0.6876 0.5526
vn 0.5938 -0.4245 0.6835
vn 0.5811 -0.7692 0.2658
vn 0.4572 -0.4137 0.7873
vn 0.6231 -0.2919 0.7256
vn 0.9096 -0.1420 0.3904
vn 0.8479 -0.4197 0.3240
vn 0.7181 -0.5366 0.4431
vn 0.8198 0.4607 -0.3402
vn 0.8807 0.4516 0.1432
vn 0.9722 -0.1750 0.1553
vn 0.8312 0.1334 0.5397
vn 0.8938 0.4468 0.0399
vn 0.8143 0.2107 0.5408
vn 0.7409 0.1181 0.6611
vn 0.3815 0.8900 -0.2496
vn -0.7337 0.6750 -0.0775
vn -0.7308 0.6718 -0.1208
vn -0.6282 0.7496 -0.2087
vn 0.2061 0.1520 -0.9666
vn -0.8938 0.4467 -0.0402
vn -0.6082 0.7488 0.2635
vn -0.8197 0.4609 0.3402
vn -0.8806 0.4518 -0.1431
vn -0.4572 -0.4131 -0.7876
vn -0.6231 -0.2913 -0.7258
vn -0.8477 -0.4195 -0.3248
vn -0.7180 -0.5363 -0.4437
vn -0.4707 -0.6878 -0.5526
vn -0.2370 -0.5724 -0.7850
vn -0.5038 -0.7365 -0.4515
vn -0.3139 -0.8711 -0.3777
vn -0.1487 -0.8570 -0.4934
vn 0.4116 -0.9108 -0.0314
vn 0.0519 -0.7873 -0.6144
vn -0.1413 -0.6582 -0.7394
vn 0.1413 -0.6584 -0.7392
vn -0.0519 -0.7874 -0.6143
vn -0.4116 -0.9108 -0.0311
vn 0.5037 -0.7366 -0.4514
vn 0.3575 -0.7347 -0.5765
vn 0.5937 -0.4247 -0.6835
vn 0.2730 -0.9604 -0.0557
vn 0.7183 -0.5360 -0.4437
vn 0.8479 -0.4189 -0.3250
vn 0.9094 -0.1414 -0.3911
vn 0.7998 -0.2834 -0.5292
vn 0.5682 0.4390 -0.6960
vn 0.5913 0.4447 -0.6728
vn 0.4433 -0.2161 -0.8699
vn 0.7411 0.1188 -0.6608
vn 0.8937 0.4470 -0.0400
vn 0.7007 -0.7007 0.1340
vn 0.0380 -0.0379 0.9986
vn 0.0383 -0.0384 -0.9985
vn 0.7003 -0.7012 -0.1338
vn -0.0324 0.0320 0.9990
vn -0.7012 0.7001 0.1348
vn -0.7072 0.7069 -0.0073
vn -0.7007 0.7006 -0.1348
vn -0.0319 0.0319 -0.9990
vn 0.0036 0.0013 -1.0000
vn 0.4930 0.4933 -0.7166
vn -0.0301 0.5102 -0.8595
vn -0.4914 -0.4942 0.7171
vn -0.7054 -0.7088 0.0033
vn -0.4928 -0.4933 -0.7168
vn -0.8712 -0.3305 -0.3629
vn -0.4915 -0.4941 -0.7171
vn -0.0022 -0.0020 -1.0000
vn -0.5050 0.0146 -0.8630
vn -0.4798 0.7698 0.4210
vn 0.0012 0.6350 0.7725
vn 0.0014 0.6348 0.7727
vn -0.3009 0.2884 0.9090
vn 0.0012 -0.0004 -1.0000
vn -0.0000 0.6346 -0.7728
vn -0.3730 0.2769 -0.8855
vn -0.3730 0.8140 -0.4453
vn 0.2253 -0.9596 -0.1689
vn 0.0013 -0.0004 1.0000
vn -0.3731 -0.2772 0.8854
vn -0.3731 -0.8138 0.4455
vn 0.0015 -1.0000 0.0003
vn -0.8694 0.3291 0.3686
vn -0.4885 0.4910 0.7213
vn -0.5010 -0.0178 0.8653
vn -0.4994 -0.0195 -0.8662
vn 0.0021 -0.0020 -1.0000
vn -0.4886 0.4912 -0.7212
vn -0.4897 0.4895 -0.7215
vn -0.7059 0.7083 -0.0036
vn -0.0006 0.0040 1.0000
vn 0.4897 -0.4895 0.7215
vn -0.0346 -0.5062 0.8617
vn 0.3106 -0.8750 0.3713
vn -0.0322 -0.5089 -0.8602
vn 0.4897 -0.4901 -0.7211
vn -0.0005 0.0034 -1.0000
vn -0.4163 -0.4772 -0.7739
vn 0.0050 -0.0000 -1.0000
vn -0.7682 0.0014 -0.6402
vn 0.4361 -0.3739 0.8185
vn 0.7684 0.0022 0.6400
vn 1.0000 0.0001 0.0047
vn 0.9066 -0.3024 0.2945
vn 0.9074 -0.3023 -0.2920
vn 0.4385 -0.3740 -0.8172
vn -0.0063 0.0024 -1.0000
vn -0.0381 -0.0380 0.9985
vn -0.7006 -0.7008 0.1339
vn -0.6972 -0.6974 0.1660
vn -0.4879 0.8702 0.0678
vn -0.4884 0.8697 -0.0709
vn 0.0321 0.0320 -0.9990
vn 0.7009 0.7004 -0.1349
vn 0.6151 0.7872 -0.0449
vn 0.6973 0.6973 -0.1660
vn 0.7072 0.7070 0.0073
vn 0.4450 -0.8493 0.2842
vn 0.6938 -0.7195 -0.0306
vn 0.3880 -0.9040 0.1794
vn 0.0850 0.2254 0.9705
vn 0.4329 -0.8313 0.3486
vn 0.1255 0.0929 0.9877
vn 0.6831 -0.7169 0.1393
vn 0.8911 -0.3819 0.2450
vn -0.1036 0.9875 -0.1188
vn -0.2479 0.7917 0.5583
vn 0.2929 0.7258 0.6225
vn -0.2711 0.7880 0.5527
vn -0.5231 0.6067 0.5985
vn -0.8193 0.5652 -0.0960
vn -0.7989 0.3690 0.4750
vn -0.9989 0.0432 0.0154
vn -0.7242 -0.0485 0.6879
vn -0.8075 0.3871 0.4450
vn -0.1224 -0.2200 0.9678
vn -0.5150 0.4660 0.7194
vn -0.8600 0.1109 0.4981
vn -0.6895 -0.7243 -0.0020
vn -0.6613 -0.7179 0.2176
vn -0.8864 -0.4573 0.0722
vn 0.1857 -0.3227 0.9281
vn -0.7504 0.0411 0.6597
vn -0.8716 -0.4683 0.1449
vn 0.7800 -0.4550 -0.4295
vn 0.8066 -0.5783 -0.1228
vn 0.6897 -0.7241 0.0020
vn 0.6615 -0.7177 -0.2175
vn 0.8865 -0.4570 -0.0725
vn 0.7502 0.0409 -0.6600
vn 0.8713 -0.4686 -0.1455
vn 0.7989 0.3687 -0.4753
vn 0.7241 -0.0488 -0.6880
vn 0.8075 0.3869 -0.4453
vn 0.1221 -0.2199 -0.9679
vn 0.5147 0.4661 -0.7196
vn 0.8596 0.1107 -0.4988
vn 0.2477 0.7918 -0.5584
vn 0.6485 0.7604 -0.0361
vn 0.4889 0.4088 -0.7706
vn 0.2715 0.7876 -0.5532
vn 0.1777 -0.0509 -0.9828
vn 0.0401 0.6288 -0.7766
vn 0.5227 0.6067 -0.5990
vn -0.3441 0.7580 -0.5542
vn -0.7987 0.3690 -0.4752
vn -0.8193 0.5653 0.0961
vn 0.0678 0.1755 -0.9821
vn -0.7546 0.0272 -0.6556
vn -0.5813 0.5774 -0.5733
vn -0.7496 -0.6588 -0.0635
vn -0.8638 -0.4920 -0.1091
vn -0.8821 0.1407 -0.4496
vn -0.8067 -0.5780 -0.1228
vn -0.8867 -0.4583 0.0608
vn 0.5364 0.8436 -0.0232
vn 0.5990 0.7867 0.1493
vn 0.0434 0.9984 0.0363
vn -0.6624 0.7328 0.1558
vn -0.5265 0.8148 0.2428
vn 0.1983 0.1592 0.9671
vn -0.9224 0.3862 0.0066
vn -0.8021 0.3457 0.4870
vn -0.4434 -0.2158 0.8700
vn -0.7410 0.1173 0.6612
vn -0.8143 0.2102 0.5410
vn -0.8939 0.4465 0.0401
vn -0.5938 -0.4248 0.6833
vn -0.9096 -0.1425 0.3904
vn -0.0115 -0.9958 -0.0912
vn -0.3575 -0.7347 0.5766
vn -0.1417 -0.6585 0.7391
vn 0.0515 -0.7874 0.6142
vn 0.4113 -0.9109 0.0313
vn -0.1488 -0.8573 0.4928
vn -0.3140 -0.8715 0.3768
vn -0.5037 -0.7369 0.4508
vn -0.4112 -0.9110 0.0320
vn 0.1416 -0.6580 0.7396
vn 0.4711 -0.6875 0.5527
vn 0.5812 -0.7690 0.2661
vn 0.4572 -0.4135 0.7874
vn 0.6231 -0.2915 0.7258
vn 0.9095 -0.1425 0.3904
vn 0.8476 -0.4202 0.3241
vn 0.7177 -0.5371 0.4432
vn 0.9723 -0.1749 0.1553
vn 0.8938 0.4466 0.0399
vn 0.8144 0.2105 0.5408
vn 0.7409 0.1178 0.6612
vn 0.0433 0.9984 -0.0363
vn 0.5990 0.7867 -0.1493
vn 0.5364 0.8437 0.0232
vn -0.4525 0.7684 -0.4526
vn 0.0349 0.9978 -0.0564
vn -0.3523 0.8692 -0.3469
vn -0.0431 0.9984 -0.0363
vn -0.9722 -0.1749 -0.1558
vn -0.7772 -0.0044 -0.6293
vn -0.8937 0.4469 -0.0405
vn -0.8139 0.2110 -0.5414
vn -0.7408 0.1184 -0.6612
vn -0.8195 0.4610 0.3404
vn -0.5817 -0.7684 -0.2669
vn -0.4572 -0.4126 -0.7878
vn -0.6231 -0.2907 -0.7261
vn -0.9092 -0.1417 -0.3915
vn -0.8472 -0.4195 -0.3260
vn -0.7175 -0.5364 -0.4444
vn -0.2722 -0.9606 -0.0551
vn -0.4703 -0.6882 -0.5524
vn -0.5934 -0.4252 -0.6834
vn 0.1451 -0.9445 -0.2946
vn -0.0335 -0.5307 -0.8469
vn -0.2372 -0.5721 -0.7851
vn -0.5039 -0.7356 -0.4527
vn -0.3142 -0.8703 -0.3793
vn -0.1489 -0.8563 -0.4946
vn 0.4115 -0.9109 -0.0316
vn 0.0518 -0.7872 -0.6146
vn -0.1413 -0.6581 -0.7395
vn 0.1413 -0.6584 -0.7393
vn -0.0521 -0.7874 -0.6143
vn -0.4117 -0.9108 -0.0310
vn 0.1492 -0.8562 -0.4947
vn 0.3141 -0.8703 -0.3794
vn 0.5040 -0.7356 -0.4527
vn 0.3574 -0.7348 -0.5765
vn 0.5933 -0.4256 -0.6833
vn 0.4701 -0.6885 -0.5522
vn 0.2719 -0.9608 -0.0548
vn 0.7176 -0.5361 -0.4445
vn 0.8472 -0.4193 -0.3262
vn 0.9092 -0.1415 -0.3917
vn 0.7121 -0.6981 0.0748
vn 0.9055 -0.4164 0.0818
vn 0.5681 0.4377 -0.6969
vn 0.5911 0.4434 -0.6738
vn 0.4426 -0.2177 -0.8699
vn 0.7409 0.1188 -0.6611
vn 0.8140 0.2112 -0.5412
vn 0.8936 0.4470 -0.0403
vn 0.9223 0.3865 -0.0065
vn 0.8019 0.3460 -0.4870
vn 0.7067 -0.7075 -0.0074
vn 0.6970 -0.6977 0.1660
vn 0.7869 -0.6155 0.0442
vn 0.7001 -0.7013 0.1340
vn 0.0381 -0.0384 0.9985
vn 0.8697 0.4888 0.0680
vn 0.0382 -0.0380 -0.9985
vn 0.7007 -0.7008 -0.1338
vn 0.7872 -0.6151 -0.0450
vn 0.6974 -0.6973 -0.1660
vn -0.7010 0.7004 0.1347
vn -0.6151 0.7872 0.0449
vn -0.6973 0.6973 0.1660
vn -0.7071 0.7070 -0.0073
vn -0.7011 0.7001 -0.1350
vn 0.4878 0.8703 -0.0679
vn 0.0054 -0.0023 -1.0000
vn 0.7746 -0.0000 -0.6324
vn 0.4448 0.3731 -0.8142
vn 1.0000 -0.0000 0.0030
vn 0.9087 0.3020 -0.2882
vn -0.0283 0.5118 0.8586
vn 0.4931 0.4929 0.7169
vn 0.0036 0.0009 1.0000
vn 0.7070 0.7072 0.0036
vn -0.5030 0.0169 0.8641
vn -0.0020 -0.0017 1.0000
vn -0.4914 -0.4940 0.7173
vn -0.7056 -0.7087 0.0034
vn -0.4929 -0.4933 -0.7167
vn -0.8713 -0.3305 -0.3629
vn -0.4913 -0.4942 -0.7172
vn -0.0020 -0.0020 -1.0000
vn -0.5048 0.0145 -0.8631
vn 0.0012 0.6354 -0.7721
vn -0.4798 0.7689 -0.4226
vn 0.0013 -0.0003 1.0000
vn -0.3730 -0.2772 0.8855
vn -0.4800 -0.7696 -0.4211
vn 0.0012 -0.6348 -0.7727
vn 0.0013 -0.6351 -0.7724
vn -0.3006 -0.2888 -0.9090
vn -0.8693 0.3292 0.3688
vn -0.4885 0.4911 -0.7213
vn -0.4898 0.4896 -0.7214
vn -0.0005 0.0035 1.0000
vn 0.4898 -0.4900 0.7212
vn -0.0344 -0.5066 0.8615
vn 0.4911 -0.4882 0.7214
vn 0.3104 -0.8751 0.3714
vn 0.4897 -0.4899 -0.7212
vn -0.8846 -0.3732 0.2797
vn -0.7682 0.0014 0.6402
vn 0.0050 -0.0000 1.0000
vn -0.4192 -0.4772 0.7723
vn -0.8693 0.4893 0.0707
vn -0.7002 -0.7013 0.1339
vn -0.7070 -0.7071 0.0074
vn -0.6973 -0.6973 -0.1660
vn -0.7872 -0.6151 -0.0442
vn 0.6152 0.7871 -0.0449
vn 0.6974 0.6972 -0.1661
vn 0.7072 0.7069 0.0073
vn 0.9363 -0.3491 -0.0369
vn 0.8066 -0.5782 0.1227
vn 0.1256 0.0927 0.9877
vn 0.6833 -0.7167 0.1392
vn 0.3438 0.7581 0.5542
vn 0.7987 0.3693 0.4751
vn 0.8191 0.5656 -0.0961
vn 0.7546 0.0273 0.6556
vn -0.1465 0.0605 0.9874
vn 0.4521 0.5001 0.7386
vn -0.0297 0.7657 0.6425
vn -0.6483 0.7606 0.0358
vn -0.4888 0.4092 0.7705
vn -0.2713 0.7878 0.5529
vn -0.1782 -0.0512 0.9827
vn -0.0406 0.6285 0.7767
vn -0.5230 0.6066 0.5988
vn -0.8193 0.5653 -0.0960
vn -0.7988 0.3690 0.4751
vn -0.3440 0.7579 0.5542
vn -0.1219 -0.2202 0.9678
vn -0.5148 0.4658 0.7197
vn -0.8598 0.1106 0.4986
vn -0.8864 -0.4572 0.0723
vn 0.8821 0.1405 -0.4497
vn 0.8864 -0.4571 -0.0724
vn -0.1860 -0.3225 -0.9281
vn 0.7502 0.0412 -0.6599
vn 0.8715 -0.4684 -0.1453
vn 0.8193 0.5652 0.0961
vn 0.7988 0.3689 -0.4752
vn 0.1220 -0.2201 -0.9678
vn 0.5148 0.4658 -0.7197
vn 0.8597 0.1105 -0.4988
vn 0.6486 0.7603 -0.0361
vn 0.4889 0.4087 -0.7707
vn 0.2716 0.7875 -0.5532
vn -0.7356 0.6772 -0.0191
vn -0.3332 0.9397 0.0768
vn -0.2476 0.7917 -0.5584
vn 0.1461 0.0607 -0.9874
vn -0.4524 0.5002 -0.7384
vn 0.0296 0.7657 -0.6425
vn -0.3438 0.7580 -0.5542
vn -0.7986 0.3693 -0.4752
vn -0.8191 0.5655 0.0961
vn -0.7545 0.0272 -0.6557
vn -0.8821 0.1408 -0.4496
vn -0.8068 -0.5779 -0.1227
vn -0.8868 -0.4582 0.0607
vn -0.6840 -0.7161 -0.1394
vn -0.6080 0.7311 0.3096
vn -0.6394 0.7536 0.1524
vn -0.5680 0.4382 0.6966
vn -0.5911 0.4440 0.6734
vn -0.4427 -0.2171 0.8700
vn -0.7406 0.1178 0.6615
vn -0.8141 0.2102 0.5413
vn -0.8938 0.4466 0.0402
vn -0.7120 -0.6982 -0.0748
vn -0.9054 -0.4166 -0.0820
vn -0.7996 -0.2837 0.5293
vn -0.5936 -0.4251 0.6834
vn -0.4706 -0.6879 0.5525
vn -0.2725 -0.9606 0.0553
vn -0.7178 -0.5362 0.4442
vn -0.8474 -0.4192 0.3259
vn -0.9092 -0.1414 0.3915
vn -0.0114 -0.9957 -0.0914
vn -0.1415 -0.6584 0.7392
vn 0.0518 -0.7873 0.6143
vn 0.4116 -0.9108 0.0312
vn -0.1486 -0.8574 0.4927
vn -0.3138 -0.8715 0.3768
vn -0.5036 -0.7371 0.4507
vn -0.4115 -0.9109 0.0319
vn -0.0518 -0.7870 0.6148
vn 0.1414 -0.6579 0.7397
vn 0.2370 -0.5724 0.7850
vn 0.5035 -0.7376 0.4500
vn 0.3136 -0.8720 0.3759
vn 0.1484 -0.8578 0.4920
vn 0.4708 -0.6877 0.5526
vn 0.5811 -0.7690 0.2662
vn 0.4571 -0.4136 0.7874
vn 0.6229 -0.2917 0.7259
vn 0.9094 -0.1420 0.3910
vn 0.8474 -0.4197 0.3251
vn 0.7177 -0.5366 0.4438
vn 0.6081 0.7488 -0.2635
vn 0.8938 0.4467 0.0401
vn 0.8144 0.2107 0.5407
vn 0.6028 0.7259 -0.3312
vn 0.1112 0.0868 -0.9900
vn 0.6842 0.7081 -0.1747
vn -0.7307 0.6720 -0.1208
vn -0.8311 0.1333 -0.5400
vn -0.8937 0.4468 -0.0406
vn -0.8136 0.2104 -0.5420
vn -0.7404 0.1181 -0.6618
vn -0.6080 0.7489 0.2638
vn -0.8194 0.4611 0.3406
vn 0.5935 -0.4250 -0.6835
vn 0.2727 -0.9605 -0.0555
vn 0.7178 -0.5362 -0.4441
vn 0.8475 -0.4192 -0.3256
vn 0.9093 -0.1416 -0.3914
vn 0.5912 0.4434 -0.6738
vn 0.7408 0.1187 -0.6611
vn 0.6970 -0.6976 0.1659
vn 0.0381 -0.0382 0.9985
vn 0.8691 0.4896 -0.0706
vn 0.0380 -0.0376 -0.9986
vn 0.7010 -0.7004 -0.1341
vn 0.6971 -0.6975 -0.1660
vn -0.6974 0.6972 -0.1661
vn -0.6152 0.7871 -0.0440
vn -0.7010 0.7003 -0.1347
vn 0.4448 0.3732 -0.8142
vn 0.7732 -0.0022 -0.6341
vn 0.3138 0.8774 0.3631
vn -0.0283 0.5118 0.8587
vn 0.4930 0.4931 -0.7168
vn -0.0301 0.5100 -0.8596
vn 0.4945 0.4921 -0.7165
vn 0.7070 0.7072 0.0037
vn 0.3129 0.8766 -0.3657
vn -0.4931 -0.4931 0.7168
vn -0.3730 0.8140 -0.4454
vn 0.0014 1.0000 -0.0002
vn -0.4800 -0.7696 -0.4210
vn 0.0012 -0.6349 -0.7726
vn 0.0021 -0.0020 1.0000
vn -0.4994 -0.0196 -0.8662
vn -0.8685 0.3286 -0.3712
vn -0.4896 0.4898 -0.7214
vn -0.7057 0.7085 -0.0035
vn 0.3114 -0.8760 -0.3682
vn 0.4912 -0.4882 -0.7214
vn 0.4897 -0.4900 -0.7211
vn -0.4161 -0.4771 -0.7741
vn -0.7680 0.0014 -0.6404
vn -0.8836 -0.3733 -0.2827
vn -0.7695 -0.0000 -0.6386
vn -0.8692 0.4894 0.0706
vn -0.7870 -0.6152 0.0450
vn -0.6971 -0.6975 0.1660
vn -0.7067 -0.7075 0.0074
vn -0.6970 -0.6976 -0.1660
vn -0.7869 -0.6154 -0.0442
vn -0.7011 -0.7003 -0.1341
vn -0.0379 -0.0375 -0.9986
vn -0.8696 0.4891 -0.0680
vn 0.7074 0.7068 -0.0072
vn 0.6975 0.6971 0.1661
vn 0.7012 0.7001 0.1349
vn -0.4877 0.8703 0.0679
vn 0.0320 0.0320 -0.9990
vn 0.7008 0.7005 -0.1348
vn 0.6975 0.6971 -0.1660
vn 0.8542 0.1894 0.4842
vn -0.0681 0.1751 0.9822
vn 0.7545 0.0266 0.6557
vn 0.5815 0.5769 0.5736
vn -0.2929 0.7257 0.6226
vn 0.2478 0.7917 0.5584
vn -0.1036 0.9875 -0.1191
vn -0.2478 0.7919 0.5581
vn 0.2930 0.7258 0.6223
vn -0.2714 0.7878 0.5529
vn -0.1783 -0.0513 0.9826
vn -0.0408 0.6285 0.7767
vn -0.5232 0.6066 0.5986
vn -0.8864 -0.4573 0.0723
vn 0.1853 -0.3228 0.9282
vn -0.7503 0.0420 0.6598
vn -0.8718 -0.4677 0.1453
vn -0.1853 -0.3226 -0.9282
vn 0.7502 0.0421 -0.6599
vn 0.8718 -0.4677 -0.1453
vn 0.8196 0.5649 0.0959
vn 0.7990 0.3685 -0.4752
vn 0.3445 0.7577 -0.5543
vn 0.8598 0.1106 -0.4986
vn 0.1034 0.9875 0.1192
vn 0.2475 0.7920 -0.5581
vn -0.2931 0.7259 -0.6222
vn 0.2712 0.7878 -0.5529
vn 0.1780 -0.0511 -0.9827
vn 0.0405 0.6286 -0.7767
vn 0.5228 0.6065 -0.5990
vn -0.4432 0.6861 -0.5770
vn 0.2929 0.7257 -0.6226
vn -0.2478 0.7916 -0.5585
vn -0.1037 0.9875 0.1187
vn 0.1463 0.0599 -0.9874
vn -0.4523 0.4996 -0.7388
vn 0.0293 0.7651 -0.6432
vn -0.3437 0.7581 -0.5541
vn -0.7987 0.3694 -0.4751
vn -0.8191 0.5656 0.0961
vn 0.0681 0.1751 -0.9822
vn -0.7545 0.0266 -0.6557
vn -0.5815 0.5769 -0.5736
vn 0.7310 0.6716 0.1208
vn 0.6284 0.7494 0.2087
vn 0.6585 0.7354 0.1599
vn -0.3888 0.8889 0.2424
vn -0.1215 0.9926 0.0049
vn -0.6698 0.7265 0.1536
vn -0.6551 0.7553 0.0212
vn -0.9984 0.0527 -0.0192
vn -0.9224 0.3863 0.0065
vn -0.8020 0.3457 0.4871
vn -0.7407 0.1173 0.6615
vn -0.8140 0.2101 0.5415
vn -0.8939 0.4465 0.0403
vn -0.7120 -0.6982 -0.0747
vn -0.9054 -0.4165 -0.0818
vn -0.5936 -0.4251 0.6833
vn -0.4706 -0.6880 0.5524
vn -0.7178 -0.5363 0.4440
vn -0.9094 -0.1418 0.3911
vn -0.1419 -0.6578 0.7397
vn 0.0512 -0.7869 0.6150
vn 0.4110 -0.9111 0.0322
vn -0.1486 -0.8575 0.4926
vn -0.3139 -0.8715 0.3767
vn -0.4112 -0.9110 0.0322
vn -0.0515 -0.7870 0.6148
vn 0.1414 -0.6578 0.7398
vn 0.5036 -0.7370 0.4507
vn 0.3139 -0.8716 0.3766
vn 0.1486 -0.8575 0.4926
vn 0.6230 -0.2913 0.7259
vn 0.6082 0.7488 -0.2635
vn 0.8197 0.4609 -0.3402
vn 0.8937 0.4470 0.0401
vn 0.8143 0.2113 0.5406
vn 0.7411 0.1188 0.6608
vn 0.0434 0.9984 -0.0363
vn 0.5364 0.8436 0.0232
vn -0.7772 -0.0043 -0.6292
vn -0.8312 0.1334 -0.5398
vn -0.8140 0.2108 -0.5413
vn -0.7407 0.1186 -0.6613
vn -0.6081 0.7488 0.2636
vn -0.8195 0.4609 0.3404
vn 0.1455 -0.9447 -0.2938
vn -0.2370 -0.5728 -0.7847
vn -0.5038 -0.7369 -0.4507
vn -0.3140 -0.8716 -0.3765
vn -0.1488 -0.8574 -0.4927
vn 0.4113 -0.9110 -0.0322
vn 0.0517 -0.7870 -0.6148
vn -0.1415 -0.6579 -0.7397
vn 0.1414 -0.6583 -0.7394
vn -0.0516 -0.7874 -0.6143
vn -0.4112 -0.9110 -0.0316
vn 0.1489 -0.8574 -0.4927
vn 0.3141 -0.8716 -0.3765
vn 0.5037 -0.7370 -0.4507
vn 0.3575 -0.7350 -0.5761
vn 0.5936 -0.4251 -0.6833
vn 0.4706 -0.6880 -0.5524
vn 0.2725 -0.9606 -0.0553
vn 0.7178 -0.5364 -0.4440
vn 0.9094 -0.1418 -0.3911
vn 0.7120 -0.6982 0.0747
vn 0.9054 -0.4165 0.0818
vn 0.7996 -0.2837 -0.5293
vn 0.5680 0.4382 -0.6966
vn 0.5911 0.4440 -0.6734
vn 0.4427 -0.2171 -0.8700
vn 0.7407 0.1173 -0.6615
vn 0.8140 0.2101 -0.5415
vn 0.8938 0.4466 -0.0403
vn 0.9224 0.3863 -0.0065
vn 0.8020 0.3457 -0.4871
vn -0.0000 -0.0008 1.0000
vn -0.0000 -0.0008 -1.0000
vn 0.7011 -0.7003 0.1342
vn 0.0378 -0.0374 0.9986
vn 0.8695 0.4892 0.0680
vn 0.4884 0.8697 0.0710
vn -0.0327 0.0322 0.9989
vn -0.7014 0.6998 0.1349
vn -0.7014 0.6999 -0.1349
vn -0.0326 0.0321 -0.9990
vn 0.9095 0.3021 0.2857
vn 1.0000 -0.0000 -0.0030
vn 0.4471 0.3731 0.8129
vn 0.7746 -0.0000 0.6324
vn 0.0054 -0.0023 1.0000
vn -0.7743 -0.0001 -0.6328
vn -0.8863 0.3739 -0.2733
vn -0.7753 -0.0017 -0.6316
vn -0.0063 -0.0000 -1.0000
vn -0.4271 0.4785 -0.7672
vn 0.0036 0.0016 -1.0000
vn 0.4930 0.4936 -0.7165
vn -0.0301 0.5104 -0.8594
vn -0.5028 0.0164 0.8643
vn -0.0020 -0.0023 1.0000
vn -0.4913 -0.4944 0.7171
vn -0.4930 -0.4932 0.7168
vn -0.7056 -0.7086 -0.0034
vn -0.4798 0.7697 0.4210
vn 0.0012 0.6350 0.7726
vn 0.0012 0.6352 -0.7723
vn -0.4799 0.7687 -0.4229
vn -0.4800 -0.7685 0.4230
vn 0.0014 -1.0000 -0.0005
vn -0.0000 -0.6344 -0.7730
vn -0.3732 -0.8146 -0.4441
vn 0.0013 -0.6352 -0.7723
vn -0.0000 -0.0005 -1.0000
vn -0.3005 -0.2888 -0.9090
vn -0.7061 0.7081 0.0037
vn -0.4898 0.4892 0.7216
vn -0.8694 0.3289 0.3688
vn -0.4885 0.4910 -0.7213
vn -0.4897 0.4897 -0.7214
vn -0.0004 0.0037 1.0000
vn 0.4899 -0.4897 0.7213
vn 0.7069 -0.7073 -0.0034
vn 0.4911 -0.4882 -0.7215
vn -0.0323 -0.5085 -0.8605
vn 0.4898 -0.4896 -0.7214
vn -0.0004 0.0039 -1.0000
vn 1.0000 0.0001 -0.0048
vn 0.4388 -0.3738 -0.8171
vn 0.7675 -0.0000 -0.6411
vn -0.8692 0.4894 0.0707
vn -0.0381 -0.0380 0.9986
vn -0.7006 -0.7009 0.1340
vn -0.7873 -0.6149 0.0450
vn -0.6974 -0.6972 0.1660
vn 0.7011 0.7001 0.1350
vn -0.4878 0.8703 0.0679
vn 0.0325 0.0321 -0.9990
vn 0.7013 0.7000 -0.1349
vn 0.7071 0.7070 0.0073
vn -0.1003 0.1996 0.9747
vn 0.8641 -0.4915 0.1089
vn 0.8822 0.1403 0.4495
vn 0.8065 -0.5784 0.1225
vn 0.8865 -0.4586 -0.0607
vn 0.9996 -0.0174 0.0238
vn 0.9051 0.4211 -0.0593
vn 0.8543 0.1893 0.4840
vn -0.0684 0.1751 0.9822
vn 0.7544 0.0266 0.6559
vn 0.5816 0.5768 0.5736
vn -0.2478 0.7920 0.5580
vn 0.2929 0.7259 0.6222
vn -0.6477 0.7611 0.0353
vn -0.4885 0.4102 0.7701
vn -0.2707 0.7884 0.5524
vn -0.1785 -0.0516 0.9826
vn -0.0411 0.6283 0.7768
vn -0.5235 0.6065 0.5984
vn -0.9989 0.0433 0.0154
vn -0.8076 0.3870 0.4450
vn -0.1219 -0.2208 0.9677
vn -0.5152 0.4653 0.7198
vn -0.8601 0.1101 0.4980
vn -0.8865 -0.4586 -0.0607
vn -0.8065 -0.5784 0.1225
vn -0.8864 -0.4572 0.0721
vn 0.1844 -0.3227 0.9284
vn -0.7502 0.0430 0.6598
vn -0.8723 -0.4670 0.1450
vn 0.7800 -0.4550 -0.4296
vn 0.4326 -0.8316 -0.3482
vn 0.8066 -0.5782 -0.1228
vn -0.1856 -0.3226 -0.9282
vn 0.7501 0.0419 -0.6600
vn 0.8717 -0.4679 -0.1456
vn 0.9990 0.0428 -0.0155
vn 0.8076 0.3867 -0.4453
vn 0.1035 0.9875 0.1191
vn 0.2475 0.7919 -0.5582
vn 0.1779 -0.0516 -0.9827
vn 0.0405 0.6282 -0.7770
vn 0.5228 0.6062 -0.5994
vn 0.2930 0.7255 -0.6227
vn -0.2477 0.7916 -0.5586
vn -0.1036 0.9875 0.1187
vn 0.1462 0.0604 -0.9874
vn -0.4524 0.4999 -0.7385
vn -0.9996 -0.0168 -0.0237
vn -0.9049 0.4215 0.0594
vn -0.3437 0.7581 -0.5542
vn -0.7987 0.3693 -0.4751
vn 0.0680 0.1752 -0.9822
vn -0.7545 0.0269 -0.6557
vn -0.5814 0.5770 -0.5736
vn -0.3888 0.8888 0.2424
vn -0.9223 0.3864 0.0066
vn -0.8020 0.3459 0.4870
vn -0.5685 0.4384 0.6962
vn -0.5916 0.4437 0.6732
vn -0.4433 -0.2172 0.8697
vn -0.7410 0.1177 0.6612
vn -0.8144 0.2104 0.5408
vn -0.8938 0.4466 0.0399
vn -0.5939 -0.4245 0.6835
vn -0.4711 -0.6875 0.5527
vn -0.2732 -0.9603 0.0559
vn -0.3577 -0.7347 0.5765
vn -0.1418 -0.6581 0.7395
vn 0.0513 -0.7872 0.6146
vn 0.4110 -0.9111 0.0321
vn -0.1488 -0.8582 0.4913
vn -0.3140 -0.8724 0.3747
vn -0.5036 -0.7379 0.4494
vn -0.4109 -0.9111 0.0327
vn -0.0513 -0.7868 0.6151
vn 0.1417 -0.6576 0.7399
vn 0.2371 -0.5728 0.7846
vn 0.3141 -0.8719 0.3757
vn 0.1487 -0.8578 0.4920
vn 0.2735 -0.9602 0.0562
vn 0.4712 -0.6873 0.5528
vn 0.5940 -0.4242 0.6836
vn 0.5815 -0.7688 0.2661
vn 0.4574 -0.4131 0.7875
vn 0.6233 -0.2913 0.7257
vn 0.9096 -0.1423 0.3903
vn 0.8478 -0.4199 0.3238
vn 0.7180 -0.5368 0.4431
vn 0.6084 0.7487 -0.2634
vn 0.8198 0.4607 -0.3399
vn 0.8312 0.1338 0.5396
vn 0.8939 0.4464 0.0399
vn 0.8148 0.2104 0.5402
vn 0.7414 0.1174 0.6608
vn -0.6580 0.7359 -0.1595
vn -0.8311 0.1332 -0.5399
vn -0.8936 0.4470 -0.0404
vn -0.8136 0.2107 -0.5419
vn -0.7403 0.1186 -0.6617
vn -0.5818 -0.7683 -0.2667
vn -0.4573 -0.4126 -0.7878
vn -0.6233 -0.2907 -0.7260
vn -0.9094 -0.1407 -0.3914
vn -0.8479 -0.4184 -0.3255
vn -0.7184 -0.5354 -0.4440
vn -0.2724 -0.9606 -0.0553
vn -0.4704 -0.6882 -0.5524
vn -0.5933 -0.4253 -0.6835
vn -0.2371 -0.5722 -0.7851
vn -0.5037 -0.7361 -0.4521
vn -0.3139 -0.8707 -0.3786
vn -0.1487 -0.8566 -0.4941
vn 0.4117 -0.9108 -0.0314
vn 0.0520 -0.7872 -0.6145
vn -0.1413 -0.6582 -0.7395
vn 0.1411 -0.6585 -0.7392
vn -0.0520 -0.7875 -0.6141
vn -0.4116 -0.9108 -0.0310
vn 0.1491 -0.8566 -0.4940
vn 0.3142 -0.8708 -0.3783
vn 0.5039 -0.7361 -0.4520
vn 0.0111 -0.9957 0.0917
vn 0.3354 -0.9356 0.1104
vn 0.3574 -0.7351 -0.5760
vn 0.5933 -0.4253 -0.6834
vn 0.4704 -0.6882 -0.5523
vn 0.7184 -0.5354 -0.4442
vn 0.8479 -0.4185 -0.3256
vn 0.9094 -0.1408 -0.3915
vn 0.6996 -0.7019 0.1337
vn 0.0385 -0.0390 0.9985
vn 0.8697 0.4888 0.0679
vn 0.7006 -0.7008 -0.1339
vn 0.7869 -0.6154 -0.0450
vn 0.6970 -0.6976 -0.1659
vn 0.7067 -0.7075 0.0074
vn -0.0325 0.0321 0.9990
vn -0.7013 0.7000 0.1349
vn -0.6152 0.7871 0.0449
vn -0.6972 0.6974 -0.1660
vn -0.6151 0.7872 -0.0440
vn -0.7018 0.6994 -0.1351
vn -0.0329 0.0322 -0.9989
vn 0.4471 0.3732 0.8129
vn 0.0054 -0.0022 -1.0000
vn -0.8863 0.3740 -0.2732
vn -0.7751 -0.0017 -0.6318
vn -0.4269 0.4783 -0.7674
vn -0.0283 0.5116 0.8587
vn 0.4931 0.4927 0.7170
vn 0.0036 0.0007 1.0000
vn 0.4947 0.4918 -0.7166
vn 0.7072 0.7070 0.0034
vn 0.3131 0.8764 -0.3658
vn -0.5028 0.0164 0.8642
vn -0.4798 0.7697 0.4211
vn 0.0012 0.6349 0.7726
vn 0.0014 0.6343 0.7731
vn -0.3009 0.2879 0.9092
vn -0.3731 -0.8137 0.4458
vn -0.0000 -0.6343 0.7731
vn 0.0015 -1.0000 0.0007
vn -0.4800 -0.7697 -0.4209
vn 0.0012 -0.6350 -0.7725
vn 0.0013 -0.6347 -0.7728
vn -0.3006 -0.2883 -0.9091
vn -0.4886 0.4907 0.7215
vn -0.5009 -0.0181 0.8653
vn -0.4991 -0.0196 -0.8663
vn -0.8686 0.3282 -0.3712
vn -0.4898 0.4894 -0.7215
vn -0.0005 0.0040 1.0000
vn 0.4898 -0.4895 0.7214
vn -0.0347 -0.5062 0.8617
vn 0.4914 -0.4877 0.7216
vn 0.7074 -0.7068 0.0037
vn 0.3109 -0.8748 0.3716
vn 0.3118 -0.8758 -0.3684
vn 0.7073 -0.7069 -0.0036
vn 0.4913 -0.4878 -0.7215
vn -0.0325 -0.5084 -0.8605
vn 0.4898 -0.4895 -0.7215
vn -0.0005 0.0040 -1.0000
vn -0.7696 -0.0001 0.6386
vn -0.8846 -0.3732 0.2796
vn -0.7679 0.0014 0.6405
vn 0.0054 -0.0000 1.0000
vn -0.4190 -0.4772 0.7725
vn -0.8692 0.4893 0.0706
vn -0.0385 -0.0388 0.9985
vn -0.6999 -0.7016 0.1337
vn -0.7871 -0.6151 0.0450
vn -0.7069 -0.7072 -0.0074
vn 0.6973 0.6973 0.1660
vn 0.6152 0.7872 0.0440
vn 0.7007 0.7006 0.1348
vn 0.0319 0.0319 0.9990
vn 0.7012 0.7000 -0.1350
vn -0.6969 -0.7044 0.1348
vn -0.3667 -0.9301 -0.0208
vn -0.4438 -0.8648 0.2348
vn -0.1263 -0.9855 -0.1135
vn -0.4326 -0.8640 0.2575
vn -0.3865 -0.9222 0.0125
vn -0.4045 -0.7283 0.5531
vn 0.2155 0.4786 0.8512
vn -0.4516 -0.7316 0.5107
vn -0.7707 -0.4766 0.4230
vn -0.1002 0.1996 0.9747
vn -0.1930 -0.9047 -0.3798
vn 0.3690 -0.9274 -0.0611
vn 0.3951 -0.9186 0.0111
vn 0.4446 -0.8494 0.2842
vn 0.1137 -0.9887 -0.0978
vn 0.6933 -0.7200 -0.0306
vn 0.7058 -0.6820 0.1914
vn 0.3874 -0.9043 0.1794
vn 0.0849 0.2250 0.9707
vn 0.7494 -0.6591 0.0636
vn 0.9361 -0.3497 -0.0369
vn 0.8638 -0.4921 0.1085
vn 0.8821 0.1406 0.4496
vn 0.8067 -0.5782 0.1222
vn 0.1253 0.0940 0.9877
vn 0.6841 -0.7158 0.1401
vn 0.8915 -0.3809 0.2451
vn 0.9996 -0.0169 0.0239
vn 0.9049 0.4215 -0.0593
vn 0.8544 0.1897 0.4837
vn 0.3447 0.7574 0.5545
vn 0.7994 0.3681 0.4749
vn 0.8198 0.5647 -0.0956
vn -0.0693 0.1768 0.9818
vn 0.7537 0.0287 0.6566
vn 0.5810 0.5785 0.5725
vn 0.7357 0.6771 0.0193
vn 0.3332 0.9397 -0.0767
vn 0.4430 0.6863 0.5768
vn -0.2927 0.7258 0.6225
vn 0.2480 0.7918 0.5582
vn 0.1037 0.9875 -0.1186
vn -0.1477 0.0595 0.9872
vn 0.4510 0.4996 0.7396
vn -0.0305 0.7656 0.6426
vn -0.1039 0.9875 -0.1183
vn -0.2481 0.7916 0.5584
vn 0.2928 0.7256 0.6227
vn -0.6483 0.7605 0.0357
vn -0.2716 0.7879 0.5527
vn -0.1788 -0.0503 0.9826
vn -0.0412 0.6292 0.7761
vn -0.5236 0.6074 0.5974
vn -0.8196 0.5648 -0.0957
vn -0.7992 0.3684 0.4750
vn -0.3446 0.7576 0.5544
vn -0.9990 0.0428 0.0153
vn -0.7241 -0.0488 0.6880
vn -0.8079 0.3866 0.4447
vn -0.1225 -0.2207 0.9676
vn -0.5154 0.4654 0.7195
vn -0.8604 0.1105 0.4975
vn -0.8865 -0.4587 -0.0608
vn -0.8066 -0.5784 0.1221
vn -0.8821 0.1403 0.4496
vn -0.6898 -0.7240 -0.0019
vn -0.6616 -0.7176 0.2177
vn -0.8865 -0.4571 0.0719
vn 0.1858 -0.3227 0.9281
vn -0.7506 0.0406 0.6596
vn -0.8716 -0.4686 0.1440
vn -0.6924 -0.7208 0.0312
vn -0.7046 -0.6837 -0.1902
vn -0.3924 -0.9071 -0.1526
vn -0.1002 0.2000 -0.9746
vn -0.4293 -0.8490 -0.3080
vn -0.7709 -0.4760 -0.4232
vn -0.2854 -0.9584 -0.0000
vn 0.1480 -0.9492 0.2778
vn -0.3449 -0.9386 -0.0097
vn -0.3865 -0.9222 -0.0125
vn -0.4326 -0.8641 -0.2574
vn -0.1263 -0.9855 0.1134
vn 0.6959 -0.7062 -0.1308
vn 0.3653 -0.9306 0.0217
vn 0.4531 -0.8548 -0.2532
vn 0.1137 -0.9887 0.0978
vn 0.4447 -0.8494 -0.2841
vn 0.3951 -0.9186 -0.0111
vn 0.3937 -0.7081 -0.5862
vn -0.1677 0.3897 -0.9055
vn 0.4340 -0.7524 -0.4955
vn 0.7801 -0.4548 -0.4297
vn 0.4327 -0.8315 -0.3483
vn 0.0850 0.2248 -0.9707
vn 0.8865 -0.4587 0.0608
vn 0.8066 -0.5784 -0.1222
vn 0.8822 0.1402 -0.4495
vn 0.6900 -0.7238 0.0019
vn 0.6618 -0.7173 -0.2177
vn 0.8867 -0.4568 -0.0719
vn -0.1858 -0.3227 -0.9281
vn 0.7508 0.0404 -0.6593
vn 0.8716 -0.4687 -0.1439
vn 0.8196 0.5648 0.0957
vn 0.7992 0.3682 -0.4750
vn 0.3446 0.7576 -0.5544
vn 0.8079 0.3865 -0.4449
vn 0.1223 -0.2204 -0.9677
vn 0.5151 0.4657 -0.7195
vn 0.8603 0.1106 -0.4977
vn 0.1039 0.9875 0.1183
vn 0.2481 0.7916 -0.5584
vn -0.2928 0.7256 -0.6227
vn 0.6483 0.7605 -0.0357
vn 0.2716 0.7879 -0.5527
vn 0.1788 -0.0503 -0.9826
vn 0.0412 0.6292 -0.7761
vn 0.5236 0.6074 -0.5974
vn -0.7356 0.6772 -0.0193
vn -0.3331 0.9398 0.0767
vn -0.4429 0.6864 -0.5768
vn 0.2927 0.7257 -0.6226
vn -0.2480 0.7917 -0.5582
vn -0.1038 0.9875 0.1185
vn 0.1478 0.0595 -0.9872
vn -0.4510 0.4997 -0.7395
vn 0.0305 0.7656 -0.6426
vn -0.9996 -0.0169 -0.0238
vn -0.8544 0.1898 -0.4838
vn -0.3447 0.7575 -0.5544
vn -0.7992 0.3681 -0.4751
vn -0.8197 0.5648 0.0957
vn 0.0686 0.1753 -0.9821
vn -0.7542 0.0267 -0.6561
vn -0.5817 0.5766 -0.5737
vn -0.7494 -0.6591 -0.0636
vn -0.9361 -0.3497 0.0370
vn -0.8638 -0.4921 -0.1086
vn -0.8822 0.1406 -0.4495
vn -0.8067 -0.5781 -0.1222
vn -0.1251 0.0938 -0.9877
vn -0.6836 -0.7163 -0.1401
vn -0.8913 -0.3814 -0.2451
vn 0.4520 0.7689 0.4522
vn 0.3516 0.8697 0.3463
vn 0.5988 0.7868 0.1493
vn 0.7335 0.6753 0.0776
vn 0.7305 0.6721 0.1209
vn 0.6278 0.7498 0.2087
vn -0.2057 0.1514 0.9668
vn 0.5201 0.8144 0.2575
vn 0.6587 0.7352 0.1601
vn -0.6602 0.7500 0.0403
vn -0.3314 0.9416 0.0597
vn -0.1210 0.9926 0.0047
vn -0.6693 0.7269 0.1536
vn -0.6546 0.7557 0.0211
vn -0.0970 0.0809 0.9920
vn -0.6395 0.7536 0.1524
vn -0.6628 0.7323 0.1562
vn -0.5270 0.8144 0.2430
vn 0.1980 0.1588 0.9672
vn -0.9984 0.0530 -0.0191
vn -0.9222 0.3865 0.0067
vn -0.8021 0.3460 0.4868
vn -0.5691 0.4384 0.6957
vn -0.5923 0.4428 0.6731
vn -0.4440 -0.2175 0.8692
vn -0.7414 0.1202 0.6602
vn -0.8146 0.2125 0.5397
vn -0.8937 0.4470 0.0394
vn -0.7119 -0.6983 -0.0745
vn -0.9054 -0.4167 -0.0817
vn -0.7998 -0.2841 0.5288
vn -0.5930 -0.4260 0.6833
vn -0.4704 -0.6886 0.5519
vn -0.2718 -0.9608 0.0554
vn -0.7187 -0.5367 0.4422
vn -0.8486 -0.4195 0.3223
vn -0.9099 -0.1421 0.3898
vn -0.0116 -0.9958 -0.0911
vn -0.3358 -0.9356 -0.1095
vn -0.3576 -0.7345 0.5767
vn -0.1421 -0.6580 0.7395
vn 0.0508 -0.7870 0.6148
vn 0.4111 -0.9110 0.0322
vn -0.3143 -0.8713 0.3769
vn -0.5038 -0.7367 0.4510
vn -0.4110 -0.9110 0.0327
vn -0.0513 -0.7870 0.6148
vn 0.1416 -0.6577 0.7398
vn -0.1452 -0.9446 0.2943
vn 0.0334 -0.5307 0.8469
vn 0.2372 -0.5723 0.7850
vn 0.5035 -0.7386 0.4483
vn 0.3138 -0.8732 0.3729
vn 0.1486 -0.8589 0.4901
vn 0.2717 -0.9608 0.0555
vn 0.4702 -0.6888 0.5518
vn 0.5929 -0.4260 0.6833
vn 0.5819 -0.7686 0.2659
vn 0.4577 -0.4126 0.7875
vn 0.6240 -0.2908 0.7253
vn 0.9101 -0.1430 0.3890
vn 0.8485 -0.4207 0.3210
vn 0.7185 -0.5375 0.4414
vn 0.6080 0.7490 -0.2634
vn 0.8195 0.4612 -0.3402
vn 0.8803 0.4522 0.1431
vn 0.9722 -0.1751 0.1552
vn 0.8313 0.1335 0.5396
vn 0.8938 0.4467 0.0395
vn 0.8147 0.2120 0.5398
vn 0.7413 0.1195 0.6604
vn 0.6670 0.7439 -0.0415
vn 0.3370 0.9398 -0.0568
vn 0.3816 0.8900 -0.2497
vn 0.5987 0.7869 -0.1493
vn 0.5360 0.8439 0.0232
vn 0.6031 0.7256 -0.3314
vn 0.6845 0.7077 -0.1749
vn 0.6578 0.7361 -0.1595
vn 0.5190 0.8152 -0.2571
vn -0.7342 0.6745 -0.0775
vn -0.7312 0.6714 -0.1207
vn -0.6284 0.7494 -0.2086
vn 0.2060 0.1525 -0.9666
vn -0.5185 0.8157 -0.2565
vn -0.6575 0.7365 -0.1590
vn -0.4520 0.7689 -0.4522
vn 0.0353 0.9978 -0.0563
vn -0.5361 0.8439 0.0232
vn -0.5987 0.7870 -0.1491
vn -0.0430 0.9984 -0.0361
vn -0.9722 -0.1751 -0.1552
vn -0.7773 -0.0045 -0.6291
vn -0.8313 0.1335 -0.5396
vn -0.8938 0.4468 -0.0394
vn -0.8147 0.2120 -0.5398
vn -0.7414 0.1195 -0.6604
vn -0.6080 0.7490 0.2634
vn -0.8195 0.4612 0.3402
vn -0.8803 0.4522 -0.1431
vn -0.5815 -0.7688 -0.2660
vn -0.4574 -0.4131 -0.7875
vn -0.6234 -0.2913 -0.7256
vn -0.9097 -0.1418 -0.3904
vn -0.8481 -0.4197 -0.3235
vn -0.7183 -0.5366 -0.4429
vn -0.2728 -0.9604 -0.0561
vn -0.5936 -0.4246 -0.6836
vn 0.1453 -0.9447 -0.2940
vn -0.2372 -0.5725 -0.7849
vn -0.5036 -0.7381 -0.4489
vn -0.3140 -0.8727 -0.3738
vn -0.1488 -0.8585 -0.4908
vn 0.4110 -0.9110 -0.0327
vn 0.0513 -0.7870 -0.6148
vn -0.1417 -0.6578 -0.7398
vn 0.1414 -0.6576 -0.7400
vn -0.0516 -0.7869 -0.6149
vn -0.4109 -0.9111 -0.0329
vn 0.1486 -0.8589 -0.4902
vn 0.3138 -0.8732 -0.3728
vn 0.5035 -0.7386 -0.4483
vn 0.0112 -0.9957 0.0920
vn 0.3355 -0.9355 0.1107
vn 0.3573 -0.7358 -0.5753
vn 0.4704 -0.6883 -0.5522
vn 0.2721 -0.9607 -0.0556
vn 0.7188 -0.5356 -0.4433
vn 0.8484 -0.4186 -0.3241
vn 0.9097 -0.1409 -0.3907
vn 0.7119 -0.6983 0.0745
vn 0.9054 -0.4167 0.0817
vn 0.7995 -0.2842 -0.5291
vn 0.5691 0.4384 -0.6957
vn 0.5924 0.4429 -0.6730
vn 0.4440 -0.2175 -0.8692
vn 0.7415 0.1202 -0.6601
vn 0.8146 0.2125 -0.5397
vn 0.8937 0.4470 -0.0393
vn 0.9984 0.0530 0.0191
vn 0.9222 0.3865 -0.0067
vn 0.8021 0.3460 -0.4868
vn -0.0000 -0.0014 -1.0000
vn 0.6970 -0.6976 0.1660
vn 0.7011 -0.7003 0.1340
vn 0.0380 -0.0376 0.9986
vn 0.8696 0.4891 0.0680
vn 0.8693 0.4892 -0.0708
vn 0.7003 -0.7011 -0.1340
vn 0.6970 -0.6976 -0.1661
vn 0.4882 0.8698 0.0710
vn -0.0326 0.0321 0.9990
vn -0.6975 0.6970 0.1661
vn -0.7074 0.7068 -0.0073
vn -0.7072 0.7070 0.0073
vn -0.6973 0.6973 -0.1660
vn -0.6152 0.7872 -0.0440
vn -0.7016 0.6997 -0.1351
vn 0.9095 0.3020 0.2857
vn 0.7731 -0.0022 0.6343
vn 0.4469 0.3733 0.8130
vn 0.7747 -0.0000 0.6324
vn 1.0000 0.0002 0.0067
vn 0.0060 -0.0023 -1.0000
vn 0.7749 -0.0000 -0.6321
vn 0.4451 0.3731 -0.8140
vn 0.7731 -0.0022 -0.6342
vn 1.0000 -0.0000 0.0028
vn -0.4237 0.4782 0.7693
vn -0.7751 -0.0017 0.6319
vn -0.8853 0.3741 0.2763
vn -0.7743 -0.0001 0.6329
vn -0.0065 -0.0000 -1.0000
vn -0.4271 0.4784 -0.7672
vn 0.3142 0.8772 0.3631
vn 0.7072 0.7070 -0.0034
vn 0.4945 0.4917 0.7167
vn -0.0289 0.5116 0.8588
vn 0.4930 0.4927 0.7171
vn 0.0037 0.0008 1.0000
vn 0.0037 0.0012 -1.0000
vn -0.0302 0.5101 -0.8596
vn 0.4944 0.4920 -0.7166
vn -0.5027 0.0164 0.8643
vn -0.8706 -0.3288 0.3660
vn -0.4931 -0.4924 0.7172
vn -0.7061 -0.7081 -0.0030
vn -0.7062 -0.7080 0.0029
vn -0.4932 -0.4923 -0.7172
vn -0.8715 -0.3296 -0.3631
vn -0.4913 -0.4948 -0.7168
vn -0.0022 -0.0028 -1.0000
vn -0.5049 0.0139 -0.8631
vn 0.0014 1.0000 0.0006
vn -0.0000 0.6346 0.7729
vn -0.3731 0.8146 0.4440
vn -0.3008 0.2884 0.9090
vn -0.3731 0.2769 -0.8855
vn 0.0012 0.6356 -0.7720
vn -0.0000 1.0000 0.0008
vn -0.4798 0.7691 -0.4224
vn 0.3828 -0.9238 -0.0000
vn 0.3827 -0.9239 -0.0001
vn -0.3007 -0.2872 0.9094
vn -0.0000 -0.0005 1.0000
vn 0.0013 -0.6352 0.7724
vn 0.0013 -0.6346 0.7728
vn 0.0014 -1.0000 -0.0001
vn -0.3732 -0.8147 -0.4438
vn -0.8694 0.3291 0.3687
vn -0.4884 0.4912 0.7212
vn 0.0022 -0.0019 1.0000
vn -0.5010 -0.0176 0.8653
vn -0.4990 -0.0194 -0.8664
vn -0.4886 0.4912 -0.7211
vn -0.8687 0.3279 -0.3713
vn -0.4897 0.4890 -0.7218
vn -0.7061 0.7081 -0.0038
vn -0.0006 0.0044 1.0000
vn 0.4896 -0.4891 0.7218
vn -0.0351 -0.5058 0.8619
vn 0.4911 -0.4883 0.7214
vn 0.7069 -0.7073 0.0032
vn 0.3106 -0.8751 0.3711
vn 0.3115 -0.8760 -0.3681
vn 0.4911 -0.4882 -0.7214
vn -0.0324 -0.5085 -0.8604
vn -0.7694 -0.0001 0.6388
vn -0.8845 -0.3734 0.2796
vn -0.4189 -0.4768 0.7728
vn -0.4159 -0.4771 -0.7742
vn 0.0056 -0.0000 -1.0000
vn -0.7678 0.0015 -0.6407
vn -1.0000 0.0015 -0.0027
vn 0.7673 -0.0000 0.6413
vn 0.4359 -0.3742 0.8185
vn 0.7681 0.0022 0.6403
vn 0.9066 -0.3023 0.2946
vn 0.4383 -0.3740 -0.8173
vn 0.7672 -0.0000 -0.6415
vn -0.0067 0.0024 -1.0000
vn -0.8691 0.4896 0.0706
vn -0.0380 -0.0376 0.9986
vn -0.7012 -0.7003 0.1340
vn -0.7870 -0.6152 0.0451
vn -0.7066 -0.7076 0.0074
vn -0.6969 -0.6977 -0.1661
vn -0.7006 -0.7008 -0.1341
vn -0.0381 -0.0380 -0.9986
vn -0.8697 0.4888 -0.0681
vn 0.7076 0.7066 -0.0072
vn 0.6977 0.6969 0.1661
vn 0.7016 0.6997 0.1350
vn 0.0328 0.0322 0.9989
vn -0.4876 0.8704 0.0680
vn 0.0326 0.0320 -0.9990
vn 0.7015 0.6997 -0.1351
vn 0.6150 0.7873 -0.0449
vn 0.6971 0.6975 -0.1660
vn -0.4438 -0.8648 0.2349
vn -0.4515 -0.7316 0.5108
vn -0.7702 -0.4778 0.4225
vn -0.4279 -0.8503 0.3064
vn -0.1004 0.1978 0.9751
vn 0.6935 -0.7198 -0.0307
vn 0.7060 -0.6818 0.1916
vn 0.3876 -0.9042 0.1794
vn 0.0853 0.2231 0.9710
vn 0.4319 -0.8324 0.3471
vn 0.7796 -0.4560 0.4294
vn 0.7496 -0.6588 0.0636
vn 0.9363 -0.3494 -0.0369
vn 0.8638 -0.4919 0.1089
vn 0.8822 0.1403 0.4496
vn 0.8065 -0.5784 0.1226
vn 0.8865 -0.4586 -0.0608
vn 0.1252 0.0927 0.9878
vn 0.6829 -0.7171 0.1396
vn 0.8910 -0.3822 0.2451
vn 0.9996 -0.0170 0.0237
vn 0.9049 0.4214 -0.0593
vn 0.3450 0.7573 0.5545
vn 0.7992 0.3679 0.4752
vn 0.8198 0.5645 -0.0958
vn -0.0684 0.1763 0.9820
vn 0.7542 0.0283 0.6561
vn 0.5809 0.5784 0.5727
vn 0.7357 0.6770 0.0193
vn 0.3334 0.9397 -0.0765
vn -0.2929 0.7256 0.6226
vn -0.1471 0.0593 0.9873
vn 0.4516 0.4994 0.7394
vn -0.0302 0.7652 0.6431
vn -0.1038 0.9875 -0.1182
vn -0.2479 0.7915 0.5587
vn 0.2929 0.7254 0.6229
vn -0.6483 0.7605 0.0358
vn -0.4888 0.4091 0.7705
vn -0.1783 -0.0496 0.9827
vn -0.0406 0.6296 0.7759
vn -0.5232 0.6075 0.5976
vn -0.8198 0.5646 -0.0958
vn -0.7992 0.3681 0.4752
vn -0.3449 0.7574 0.5544
vn -0.7241 -0.0487 0.6879
vn -0.1223 -0.2203 0.9677
vn -0.5150 0.4657 0.7196
vn -0.8600 0.1105 0.4981
vn -0.8864 -0.4589 -0.0608
vn -0.8063 -0.5786 0.1225
vn -0.8822 0.1400 0.4495
vn -0.6896 -0.7242 -0.0019
vn -0.6613 -0.7178 0.2177
vn 0.1861 -0.3227 0.9280
vn -0.8715 -0.4685 0.1450
vn 0.8068 -0.5781 -0.1223
vn 0.8821 0.1406 -0.4495
vn 0.6898 -0.7240 0.0019
vn 0.6616 -0.7176 -0.2177
vn 0.8865 -0.4570 -0.0720
vn -0.1854 -0.3228 -0.9281
vn 0.7505 0.0411 -0.6596
vn 0.8718 -0.4682 -0.1444
vn 0.7992 0.3684 -0.4750
vn 0.9990 0.0429 -0.0153
vn 0.8079 0.3867 -0.4447
vn 0.1225 -0.2207 -0.9676
vn 0.5154 0.4654 -0.7196
vn 0.8604 0.1105 -0.4975
vn 0.2480 0.7916 -0.5584
vn 0.6485 0.7603 -0.0357
vn 0.4889 0.4089 -0.7705
vn 0.2717 0.7879 -0.5527
vn 0.1792 -0.0503 -0.9825
vn 0.0415 0.6291 -0.7762
vn 0.5239 0.6074 -0.5972
vn -0.9996 -0.0169 -0.0239
vn -0.9049 0.4215 0.0593
vn -0.8543 0.1897 -0.4839
vn -0.7992 0.3683 -0.4750
vn 0.0690 0.1763 -0.9819
vn -0.7538 0.0283 -0.6564
vn -0.5811 0.5783 -0.5726
vn -0.8821 0.1404 -0.4496
vn -0.8066 -0.5784 -0.1222
vn -0.8865 -0.4587 0.0608
vn -0.1250 0.0936 -0.9877
vn -0.6830 -0.7169 -0.1399
vn -0.8910 -0.3822 -0.2450
vn 0.5359 0.8440 -0.0232
vn 0.5986 0.7870 0.1493
vn 0.0429 0.9984 0.0361
vn 0.7306 0.6720 0.1210
vn -0.2057 0.1520 0.9667
vn 0.6578 0.7361 0.1595
vn -0.3891 0.8887 0.2425
vn -0.1208 0.9927 0.0048
vn -0.6693 0.7270 0.1535
vn -0.6545 0.7558 0.0210
vn -0.0967 0.0808 0.9920
vn -0.6394 0.7536 0.1525
vn -0.6623 0.7328 0.1559
vn -0.5265 0.8148 0.2427
vn 0.1981 0.1591 0.9672
vn -0.8022 0.3459 0.4866
vn -0.5684 0.4400 0.6952
vn -0.5915 0.4454 0.6721
vn -0.4442 -0.2148 0.8698
vn -0.7416 0.1179 0.6604
vn -0.8150 0.2110 0.5396
vn -0.8941 0.4462 0.0397
vn -0.7119 -0.6983 -0.0746
vn -0.9054 -0.4166 -0.0818
vn -0.7998 -0.2838 0.5290
vn -0.5929 -0.4258 0.6835
vn -0.4703 -0.6885 0.5521
vn -0.2719 -0.9607 0.0553
vn -0.7183 -0.5362 0.4433
vn -0.8481 -0.4192 0.3241
vn -0.0117 -0.9958 -0.0908
vn -0.3358 -0.9356 -0.1091
vn -0.3577 -0.7342 0.5771
vn 0.0516 -0.7872 0.6145
vn 0.4116 -0.9108 0.0315
vn -0.1490 -0.8569 0.4935
vn -0.3142 -0.8710 0.3776
vn -0.5038 -0.7364 0.4515
vn -0.4117 -0.9108 0.0316
vn -0.0519 -0.7873 0.6143
vn 0.1412 -0.6583 0.7394
vn 0.0334 -0.5311 0.8467
vn 0.5038 -0.7369 0.4509
vn 0.3140 -0.8715 0.3766
vn 0.2722 -0.9606 0.0555
vn 0.4703 -0.6882 0.5525
vn 0.5933 -0.4251 0.6836
vn 0.4572 -0.4131 0.7876
vn 0.6231 -0.2913 0.7259
vn 0.9093 -0.1408 0.3916
vn 0.8478 -0.4187 0.3255
vn 0.7182 -0.5356 0.4442
vn 0.6081 0.7489 -0.2634
vn 0.8196 0.4610 -0.3400
vn 0.9722 -0.1747 0.1556
vn 0.7772 -0.0041 0.6293
vn 0.8312 0.1341 0.5396
vn 0.8942 0.4460 0.0398
vn 0.8151 0.2105 0.5398
vn 0.7415 0.1172 0.6606
vn 0.3816 0.8900 -0.2496
vn 0.0429 0.9984 -0.0361
vn 0.5986 0.7870 -0.1493
vn 0.5359 0.8440 0.0232
vn 0.6034 0.7252 -0.3316
vn 0.6582 0.7357 -0.1598
vn 0.5196 0.8148 -0.2572
vn -0.2057 0.1517 -0.9668
vn -0.7339 0.6749 -0.0775
vn -0.7309 0.6717 -0.1209
vn -0.6281 0.7497 -0.2085
vn 0.2056 0.1520 -0.9668
vn -0.5193 0.8151 -0.2568
vn -0.5358 0.8440 0.0232
vn -0.5984 0.7872 -0.1491
vn -0.0428 0.9984 -0.0360
vn -0.8938 0.4467 -0.0395
vn -0.7413 0.1195 -0.6604
vn -0.6236 -0.2910 -0.7255
vn -0.9099 -0.1421 -0.3898
vn -0.8486 -0.4195 -0.3223
vn -0.7187 -0.5367 -0.4421
vn -0.2718 -0.9608 -0.0554
vn -0.4704 -0.6886 -0.5519
vn -0.5929 -0.4260 -0.6834
vn -0.0333 -0.5312 -0.8466
vn -0.2371 -0.5727 -0.7847
vn -0.5038 -0.7376 -0.4496
vn -0.3142 -0.8723 -0.3747
vn -0.1489 -0.8581 -0.4915
vn -0.0509 -0.7874 -0.6144
vn -0.4106 -0.9112 -0.0326
vn 0.1484 -0.8598 -0.4886
vn 0.3138 -0.8741 -0.3707
vn 0.5032 -0.7397 -0.4469
vn 0.3575 -0.7359 -0.5750
vn 0.5933 -0.4253 -0.6835
vn 0.4708 -0.6881 -0.5522
vn 0.2725 -0.9605 -0.0559
vn 0.7187 -0.5367 -0.4422
vn 0.8486 -0.4195 -0.3223
vn 0.9099 -0.1421 -0.3898
vn 0.7998 -0.2841 -0.5288
vn 0.5923 0.4428 -0.6731
vn 0.7414 0.1202 -0.6602
vn 0.8937 0.4470 -0.0394
vn 0.7066 -0.7076 -0.0073
vn 0.6969 -0.6977 0.1662
vn 0.7870 -0.6153 0.0442
vn 0.7006 -0.7008 0.1339
vn 0.0383 -0.0382 0.9985
vn 0.8698 0.4887 0.0682
vn 0.8694 0.4891 -0.0707
vn 0.0385 -0.0388 -0.9985
vn 0.6999 -0.7016 -0.1338
vn 0.6970 -0.6975 -0.1661
vn 0.7067 -0.7074 0.0074
vn 0.4881 0.8699 0.0712
vn -0.0322 0.0321 0.9990
vn -0.7011 0.7001 0.1351
vn -0.6978 0.6967 0.1662
vn -0.7077 0.7065 -0.0073
vn -0.6973 0.6973 -0.1661
vn -0.7016 0.6997 -0.1350
vn -0.0328 0.0322 -0.9989
vn 0.4876 0.8704 -0.0680
vn 0.7732 -0.0022 0.6341
vn 0.4469 0.3732 0.8130
vn 0.7745 -0.0000 0.6326
vn 0.0053 -0.0023 1.0000
vn 0.0052 -0.0023 -1.0000
vn 0.7745 -0.0000 -0.6326
vn 0.4446 0.3731 -0.8143
vn -1.0000 -0.0016 0.0046
vn -0.7743 -0.0001 -0.6329
vn -0.8863 0.3741 -0.2731
vn -0.7751 -0.0017 -0.6319
vn -0.4267 0.4781 -0.7677
vn 0.3140 0.8773 0.3630
vn -0.0288 0.5119 0.8585
vn 0.4929 0.4932 0.7168
vn 0.0035 0.0012 1.0000
vn 0.0035 0.0013 -1.0000
vn 0.4929 0.4933 -0.7168
vn -0.0306 0.5101 -0.8595
vn 0.3132 0.8765 -0.3656
vn -0.8706 -0.3287 0.3661
vn -0.4932 -0.4922 0.7173
vn -0.7062 -0.7080 -0.0029
vn 0.0012 0.6353 -0.7722
vn -0.0000 1.0000 0.0004
vn -0.3006 -0.2871 0.9095
vn 0.0013 -0.6352 0.7723
vn 0.0013 -0.6348 0.7727
vn -0.4799 -0.7686 0.4231
vn -0.7062 0.7080 0.0037
vn -0.4899 0.4891 0.7217
vn -0.8695 0.3287 0.3687
vn -0.4885 0.4907 0.7215
vn -0.4990 -0.0197 -0.8664
vn 0.0020 -0.0022 -1.0000
vn -0.4896 0.4894 -0.7216
vn -0.0005 0.0039 1.0000
vn 0.4909 -0.4884 0.7214
vn 0.7068 -0.7075 0.0032
vn 0.3103 -0.8752 0.3711
vn 0.3114 -0.8761 -0.3681
vn 0.7068 -0.7074 -0.0033
vn 0.4908 -0.4883 -0.7216
vn -0.0326 -0.5091 -0.8601
vn 0.4898 -0.4903 -0.7209
vn -0.0004 0.0030 -1.0000
vn -0.7694 -0.0001 0.6387
vn -0.8845 -0.3732 0.2798
vn 0.0048 -0.0001 1.0000
vn -0.4193 -0.4771 0.7723
vn -0.4159 -0.4768 -0.7744
vn -0.7679 0.0015 -0.6405
vn -0.8835 -0.3734 -0.2827
vn -0.7694 -0.0001 -0.6387
vn -0.0067 0.0023 1.0000
vn 0.7672 -0.0000 0.6415
vn 0.4359 -0.3740 0.8186
vn 0.7681 0.0023 -0.6403
vn 0.4383 -0.3742 -0.8173
vn -0.0384 -0.0381 0.9985
vn -0.7009 -0.7006 0.1337
vn -0.7873 -0.6149 0.0451
vn -0.6974 -0.6972 0.1662
vn -0.6999 -0.7016 -0.1338
vn -0.0384 -0.0388 -0.9985
vn -0.8698 0.4886 -0.0681
vn 0.7078 0.7064 -0.0072
vn 0.6979 0.6967 0.1662
vn 0.6156 0.7868 0.0440
vn 0.7011 0.7002 0.1351
vn 0.0323 0.0320 0.9990
vn -0.4875 0.8705 0.0681
vn 0.7012 0.7001 -0.1349
vn 0.6974 0.6971 -0.1661
s 0
f 1//1 6//2 9//3
f 7//4 5//5 2//6
f 3//7 6//8 7//9
f 9//10 8//11 4//12
f 10//13 15//14 18//15
f 16//16 14//17 11//18
f 12//19 15//20 16//21
f 18//22 17//23 13//24
f 19//25 23//26 25//27
f 24//28 22//29 20//30
f 21//31 23//32 24//33
f 26//34 30//35 32//36
f 31//37 29//38 27//39
f 28//40 30//41 31//42
f 33//43 37//44 39//45
f 38//46 36//47 34//48
f 35//49 37//50 38//51
f 43//52 46//53 40//54
f 41//55 44//56 43//57
f 42//58 44//59 45//60
f 50//61 53//62 47//63
f 48//64 51//65 50//66
f 49//67 51//68 52//69
f 57//70 60//71 54//72
f 55//73 58//74 57//75
f 56//76 58//77 59//78
f 61//79 66//80 69//81
f 67//82 65//83 62//84
f 63//85 66//86 67//87
f 69//88 68//4 64//89
f 70//90 75//91 78//92
f 76//93 74//94 71//95
f 72//96 75//97 76//98
f 78//99 77//100 73//101
f 82//102 85//103 79//104
f 80//105 83//106 82//107
f 81//108 83//109 84//110
f 89//111 92//112 86//113
f 87//114 90//115 89//116
f 88//117 90//118 91//119
f 96//120 99//121 93//122
f 94//123 97//124 96//125
f 95//126 97//127 98//128
f 100//129 104//130 106//131
f 105//132 103//133 101//134
f 102//135 104//136 105//137
f 107//138 111//139 113//140
f 112//141 110//142 108//143
f 109//144 111//145 112//146
f 114//147 118//148 120//149
f 119//150 117//151 115//152
f 116//153 118//154 119//155
f 121//156 126//157 129//158
f 127//159 125//160 122//161
f 123//162 126//163 127//164
f 129//165 128//166 124//167
f 130//168 135//169 138//170
f 136//171 134//172 131//173
f 132//174 135//175 136//176
f 138//177 137//178 133//179
f 139//180 143//181 145//182
f 140//183 143//184 142//185
f 145//186 144//187 141//188
f 146//189 150//190 152//191
f 151//192 149//193 147//194
f 152//195 151//196 148//197
f 153//198 157//199 159//200
f 158//201 156//202 154//203
f 159//204 158//205 155//206
f 163//207 166//208 160//209
f 161//210 164//211 163//212
f 166//213 165//214 162//215
f 170//216 173//217 167//218
f 168//219 171//220 170//221
f 173//222 172//223 169//224
f 174//225 178//226 180//227
f 175//228 178//229 177//230
f 180//231 179//232 176//233
f 181//234 186//235 189//236
f 187//237 185//238 182//239
f 183//240 186//241 187//242
f 189//243 188//244 184//245
f 190//246 195//247 198//248
f 196//249 194//250 191//251
f 192//252 195//253 196//254
f 198//255 197//256 193//257
f 199//258 203//259 205//260
f 204//261 202//262 200//263
f 201//264 203//265 204//266
f 206//267 210//268 212//269
f 211//270 209//271 207//272
f 212//273 211//274 208//275
f 213//276 217//277 219//278
f 218//279 216//280 214//281
f 219//282 218//283 215//284
f 223//285 226//286 220//287
f 225//288 223//289 221//290
f 222//291 224//292 225//293
f 230//294 233//295 227//296
f 232//297 230//298 228//299
f 229//300 231//301 232//302
f 234//303 238//304 240//305
f 239//306 237//307 235//308
f 236//309 238//310 239//311
f 61//312 5//313 1//314
f 69//315 2//316 5//317
f 11//318 7//318 2//318
f 14//318 3//318 7//318
f 71//319 16//320 11//321
f 74//322 12//323 16//324
f 63//318 76//318 68//318
f 68//318 71//318 64//318
f 190//325 134//326 130//327
f 198//328 131//329 134//326
f 132//330 125//330 121//330
f 136//330 122//330 125//330
f 182//331 127//332 122//333
f 185//334 123//335 127//332
f 193//330 187//330 182//330
f 197//330 183//330 187//330
f 3//336 129//336 8//336
f 8//336 124//336 4//336
f 133//336 18//336 13//336
f 137//336 10//336 18//336
f 72//337 196//337 77//337
f 77//337 191//337 73//337
f 184//337 67//337 62//337
f 188//337 63//337 67//337
f 19//338 17//339 12//340
f 25//341 13//342 17//343
f 80//344 22//345 19//346
f 82//347 20//348 22//349
f 73//350 84//351 78//352
f 78//353 80//354 70//355
f 199//356 142//357 139//358
f 205//359 140//327 142//360
f 133//361 144//362 138//363
f 138//364 140//365 130//366
f 201//367 194//368 190//369
f 204//370 191//371 194//372
f 20//373 32//374 24//375
f 24//376 28//377 21//378
f 87//379 29//380 26//381
f 89//382 27//383 29//384
f 88//385 85//386 81//387
f 91//388 79//389 85//390
f 206//391 149//392 146//314
f 212//393 147//358 149//394
f 141//395 151//396 145//397
f 145//398 147//399 139//400
f 208//401 202//402 199//403
f 211//404 200//405 202//406
f 27//407 39//408 31//409
f 31//410 35//411 28//412
f 94//413 36//414 33//335
f 96//415 34//416 36//332
f 95//417 92//418 88//419
f 98//420 86//421 92//422
f 153//318 219//423 156//424
f 219//425 154//314 156//426
f 148//427 158//428 152//429
f 152//430 154//431 146//432
f 215//433 209//434 206//435
f 218//436 207//437 209//438
f 40//439 38//440 34//330
f 46//441 35//442 38//443
f 101//444 43//445 40//330
f 103//446 41//447 43//326
f 102//448 99//449 95//450
f 99//451 101//452 93//330
f 220//453 163//324 160//346
f 226//454 161//318 163//455
f 162//456 159//457 155//458
f 165//459 153//460 159//461
f 222//462 216//463 213//318
f 216//464 221//465 214//466
f 47//467 45//468 41//469
f 53//470 42//471 45//472
f 108//473 50//474 47//327
f 110//475 48//476 50//360
f 102//477 112//478 106//479
f 106//480 108//481 100//482
f 227//483 170//349 167//381
f 233//484 168//346 170//485
f 169//486 166//487 162//488
f 172//489 160//490 166//491
f 220//492 232//493 223//494
f 223//495 228//496 221//497
f 54//498 52//499 48//500
f 60//501 49//502 52//503
f 115//504 57//505 54//358
f 117//506 55//507 57//392
f 109//508 119//509 113//510
f 113//511 115//512 107//513
f 234//514 177//384 174//335
f 240//515 175//381 177//516
f 176//517 173//518 169//519
f 179//520 167//521 173//522
f 227//523 239//524 230//525
f 230//526 235//527 228//528
f 4//529 59//530 9//531
f 9//532 55//533 1//534
f 114//535 65//536 61//537
f 120//538 62//539 65//540
f 174//541 128//542 123//543
f 180//544 124//545 128//546
f 184//547 237//548 189//549
f 189//550 234//551 181//552
f 114//314 1//314 55//314
f 64//318 11//318 2//318
f 3//330 132//330 121//330
f 4//336 176//336 56//336
f 13//336 141//336 133//336
f 70//346 19//346 12//346
f 21//336 148//336 141//336
f 79//381 26//381 20//381
f 28//336 155//336 148//336
f 86//335 33//335 27//335
f 42//336 155//336 35//336
f 93//330 40//330 34//330
f 49//336 162//336 42//336
f 100//327 47//327 41//327
f 56//336 169//336 49//336
f 107//358 54//358 48//358
f 72//330 183//330 192//330
f 62//337 235//337 184//337
f 73//337 200//337 81//337
f 81//337 207//337 88//337
f 88//337 214//337 95//337
f 95//337 221//337 102//337
f 109//337 221//337 228//337
f 116//337 228//337 235//337
f 193//330 122//330 131//330
f 123//335 234//335 174//335
f 140//327 190//327 130//327
f 208//358 139//358 147//358
f 215//314 146//314 154//314
f 222//318 153//318 161//318
f 229//346 160//346 168//346
f 236//381 167//381 175//381
f 241//1 246//553 249//3
f 247//554 245//5 242//6
f 243//7 246//8 247//9
f 249//10 248//11 244//555
f 250//13 255//556 258//557
f 256//16 254//17 251//18
f 252//558 255//559 256//21
f 258//560 257//561 253//562
f 259//25 263//563 265//27
f 264//564 262//565 260//30
f 261//566 263//567 264//568
f 266//34 270//569 272//570
f 271//571 269//38 267//572
f 268//573 270//574 271//42
f 273//575 277//44 279//45
f 278//576 276//47 274//577
f 275//49 277//578 278//579
f 283//580 286//53 280//581
f 281//55 284//582 283//57
f 282//583 284//584 285//585
f 290//586 293//62 287//587
f 288//588 291//589 290//66
f 289//590 291//591 292//592
f 297//593 300//71 294//594
f 295//595 298//596 297//75
f 296//597 298//598 299//599
f 301//79 306//80 309//81
f 307//600 305//83 302//601
f 303//602 306//603 307//604
f 309//88 308//554 304//89
f 310//605 315//606 318//607
f 316//93 314//94 311//608
f 312//96 315//609 316//98
f 318//610 317//100 313//611
f 322//612 325//103 319//613
f 320//614 323//615 322//107
f 321//616 323//617 324//618
f 329//111 332//619 326//620
f 327//114 330//621 329//116
f 328//622 330//623 331//624
f 336//120 339//625 333//626
f 334//627 337//124 336//628
f 335//629 337//630 338//631
f 340//632 344//130 346//131
f 345//633 343//133 341//134
f 342//135 344//634 345//635
f 347//138 351//636 353//637
f 352//638 350//142 348//639
f 349//144 351//640 352//641
f 354//147 358//148 360//642
f 359//643 357//644 355//152
f 356//645 358//646 359//647
f 361//648 366//157 369//158
f 367//649 365//160 362//161
f 363//162 366//650 367//164
f 369//651 368//652 364//167
f 370//168 375//169 378//170
f 376//171 374//653 371//173
f 372//654 375//175 376//176
f 378//655 377//656 373//179
f 379//657 383//181 385//182
f 380//183 383//184 382//658
f 385//659 384//660 381//661
f 386//662 390//663 392//191
f 391//664 389//193 387//665
f 392//195 391//666 388//197
f 393//198 397//667 399//668
f 398//669 396//202 394//203
f 399//204 398//670 395//671
f 403//207 406//672 400//209
f 401//210 404//211 403//212
f 406//673 405//674 402//675
f 410//216 413//676 407//677
f 408//678 411//220 410//679
f 413//680 412//223 409//224
f 414//681 418//682 420//683
f 415//228 418//684 417//685
f 420//231 419//686 416//687
f 421//688 426//689 429//236
f 427//237 425//690 422//239
f 423//691 426//241 427//242
f 429//692 428//693 424//245
f 430//246 435//694 438//248
f 436//695 434//250 431//251
f 432//696 435//253 436//254
f 438//697 437//256 433//257
f 439//698 443//699 445//260
f 444//700 442//701 440//263
f 441//702 443//703 444//704
f 446//267 450//268 452//705
f 451//706 449//271 447//707
f 452//273 451//708 448//275
f 453//709 457//277 459//710
f 458//711 456//712 454//281
f 459//713 458//714 455//715
f 463//716 466//286 460//287
f 465//288 463//289 461//717
f 462//291 464//718 465//719
f 470//720 473//295 467//296
f 472//297 470//721 468//299
f 469//722 471//723 472//724
f 474//303 478//725 480//726
f 479//306 477//727 475//308
f 476//728 478//729 479//311
f 301//312 245//730 241//731
f 309//315 242//316 245//317
f 251//318 247//318 242//318
f 254//318 243//318 247//318
f 311//319 256//320 251//321
f 314//732 252//323 256//324
f 303//318 316//318 308//318
f 308//318 311//318 304//318
f 430//325 374//326 370//733
f 438//328 371//329 374//326
f 372//330 365//330 361//330
f 376//330 362//330 365//330
f 422//331 367//332 362//333
f 425//334 363//335 367//332
f 433//330 427//330 422//330
f 437//330 423//330 427//330
f 243//336 369//336 248//336
f 248//336 364//336 244//336
f 373//336 258//336 253//336
f 377//336 250//336 258//336
f 312//337 436//337 317//337
f 317//337 431//337 313//337
f 424//337 307//337 302//337
f 428//337 303//337 307//337
f 259//734 257//339 252//340
f 265//341 253//342 257//735
f 320//344 262//345 259//346
f 322//347 260//348 262//349
f 313//350 324//736 318//737
f 318//353 320//738 310//355
f 439//356 382//357 379//358
f 445//359 380//327 382//360
f 373//739 384//362 378//363
f 378//740 380//365 370//741
f 441//367 434//742 430//743
f 444//744 431//745 434//372
f 260//746 272//747 264//375
f 264//748 268//749 261//750
f 327//379 269//380 266//381
f 329//382 267//383 269//384
f 328//751 325//386 321//752
f 331//753 319//389 325//390
f 446//391 389//392 386//314
f 452//393 387//358 389//394
f 381//754 391//396 385//397
f 385//398 387//399 379//400
f 448//401 442//755 439//756
f 451//757 440//405 442//406
f 267//758 279//759 271//760
f 271//410 275//411 268//761
f 334//413 276//414 273//335
f 336//415 274//416 276//332
f 335//417 332//418 328//762
f 338//763 326//764 332//422
f 393//318 459//423 396//424
f 396//317 455//765 394//314
f 388//427 398//766 392//767
f 392//768 394//769 386//770
f 455//433 449//771 446//772
f 458//436 447//437 449//438
f 280//439 278//440 274//330
f 286//441 275//442 278//773
f 341//444 283//445 280//330
f 343//446 281//447 283//326
f 342//774 339//449 335//337
f 345//775 333//776 339//777
f 400//346 466//778 403//324
f 403//324 462//779 401//321
f 402//780 399//457 395//336
f 405//781 393//460 399//461
f 462//782 456//463 453//318
f 456//783 461//784 454//466
f 287//467 285//785 281//786
f 293//787 282//788 285//789
f 348//790 290//474 287//791
f 350//475 288//476 290//357
f 342//792 352//793 346//479
f 346//480 348//481 340//794
f 467//483 410//349 407//381
f 473//795 408//346 410//485
f 409//796 406//487 402//797
f 412//798 400//799 406//491
f 460//492 472//800 463//494
f 463//495 468//801 461//802
f 294//803 292//499 288//500
f 300//501 289//502 292//804
f 355//504 297//505 294//358
f 357//506 295//507 297//392
f 349//508 359//805 353//510
f 353//806 355//807 347//513
f 474//514 417//384 414//335
f 480//515 415//381 417//516
f 416//517 413//518 409//519
f 419//808 407//809 413//522
f 467//810 479//811 470//525
f 470//526 475//812 468//528
f 244//529 299//530 249//813
f 249//532 295//814 241//534
f 354//815 305//536 301//537
f 360//538 302//539 305//816
f 414//541 368//817 363//818
f 420//819 364//820 368//821
f 424//822 477//548 429//823
f 429//824 474//825 421//826
f 295//314 301//314 241//314
f 304//318 251//318 242//318
f 243//318 372//318 361//318
f 244//336 416//336 296//336
f 253//336 381//336 373//336
f 252//346 320//346 259//346
f 261//336 388//336 381//336
f 319//381 266//381 260//381
f 268//336 395//336 388//336
f 326//335 273//335 267//335
f 282//336 395//336 275//336
f 333//330 280//330 274//330
f 289//336 402//336 282//336
f 340//327 287//327 281//327
f 296//336 409//336 289//336
f 347//358 294//358 288//358
f 312//330 423//330 432//330
f 302//337 475//337 424//337
f 313//337 440//337 321//337
f 321//337 447//337 328//337
f 328//337 454//337 335//337
f 335//337 461//337 342//337
f 349//337 461//337 468//337
f 356//337 468//337 475//337
f 433//330 362//330 371//330
f 421//335 414//335 363//335
f 441//327 370//327 380//327
f 448//358 379//358 387//358
f 455//314 386//314 394//314
f 462//318 393//318 401//318
f 469//346 400//346 408//346
f 476//381 407//381 415//381
f 481//1 486//553 489//3
f 487//554 485//5 482//6
f 483//7 486//827 487//9
f 489//828 488//11 484//829
f 490//830 495//14 498//831
f 496//16 494//17 491//832
f 492//558 495//559 496//21
f 498//833 497//834 493//835
f 499//25 503//563 505//27
f 504//836 502//837 500//838
f 501//839 503//840 504//841
f 506//34 510//842 512//843
f 511//571 509//844 507//39
f 508//845 510//41 511//846
f 513//847 517//44 519//848
f 518//576 516//849 514//48
f 515//850 517//578 518//851
f 523//852 526//53 520//581
f 521//853 524//854 523//57
f 522//855 524//856 525//857
f 530//61 533//858 527//859
f 528//588 531//860 530//66
f 529//861 531//862 532//592
f 537//863 540//864 534//594
f 535//73 538//865 537//75
f 536//866 538//867 539//868
f 541//79 546//80 549//81
f 547//869 545//870 542//871
f 543//602 546//872 547//604
f 549//88 548//4 544//89
f 550//90 555//873 558//874
f 556//875 554//94 551//95
f 552//876 555//877 556//878
f 558//879 557//880 553//881
f 562//882 565//883 559//613
f 560//105 563//884 562//107
f 561//885 563//886 564//887
f 569//888 572//112 566//620
f 567//889 570//621 569//116
f 568//622 570//890 571//119
f 576//891 579//892 573//893
f 574//123 577//124 576//125
f 575//894 577//895 578//896
f 580//129 584//897 586//898
f 585//132 583//133 581//134
f 582//899 584//136 585//900
f 587//138 591//139 593//901
f 592//638 590//142 588//143
f 589//144 591//902 592//903
f 594//147 598//904 600//149
f 599//643 597//151 595//905
f 596//906 598//907 599//908
f 601//909 606//157 609//158
f 607//910 605//160 602//161
f 603//162 606//650 607//164
f 609//651 608//652 604//167
f 610//911 615//912 618//913
f 616//914 614//915 611//916
f 612//917 615//918 616//919
f 618//920 617//921 613//922
f 619//923 623//924 625//925
f 620//926 623//184 622//927
f 625//928 624//187 621//929
f 626//662 630//930 632//931
f 631//932 629//933 627//194
f 632//195 631//934 628//935
f 633//198 637//936 639//200
f 638//937 636//202 634//203
f 639//938 638//939 635//940
f 643//941 646//942 640//209
f 641//943 644//211 643//944
f 646//945 645//674 642//675
f 650//216 653//946 647//218
f 648//219 651//220 650//221
f 653//947 652//948 649//224
f 654//949 658//950 660//951
f 655//228 658//684 657//952
f 660//953 659//954 656//687
f 661//688 666//235 669//236
f 667//955 665//956 662//957
f 663//240 666//958 667//959
f 669//243 668//960 664//961
f 670//246 675//694 678//248
f 676//962 674//963 671//251
f 672//964 675//253 676//254
f 678//965 677//256 673//257
f 679//698 683//259 685//966
f 684//261 682//262 680//967
f 681//968 683//969 684//970
f 686//267 690//268 692//971
f 691//972 689//973 687//974
f 692//273 691//708 688//975
f 693//709 697//277 699//278
f 698//279 696//712 694//976
f 699//977 698//978 695//979
f 703//980 706//286 700//981
f 705//288 703//289 701//982
f 702//983 704//292 705//984
f 710//720 713//295 707//985
f 712//297 710//721 708//299
f 709//300 711//301 712//302
f 714//303 718//304 720//305
f 719//986 717//987 715//308
f 716//309 718//310 719//311
f 541//312 485//730 481//314
f 549//315 482//316 485//317
f 491//318 487//318 482//318
f 494//318 483//318 487//318
f 551//319 496//320 491//321
f 554//732 492//323 496//324
f 543//318 556//318 548//318
f 548//318 551//318 544//318
f 670//325 614//326 610//327
f 678//328 611//329 614//326
f 601//330 616//330 605//330
f 605//330 611//330 602//330
f 662//331 607//332 602//333
f 665//334 603//335 607//332
f 673//330 667//330 662//330
f 677//330 663//330 667//330
f 483//336 609//336 488//336
f 488//336 604//336 484//336
f 613//336 498//336 493//336
f 617//988 490//988 498//988
f 552//337 676//337 557//337
f 557//337 671//337 553//337
f 664//337 547//337 542//337
f 668//450 543//450 547//450
f 499//734 497//339 492//340
f 505//989 493//990 497//991
f 560//344 502//345 499//346
f 562//347 500//348 502//349
f 553//350 564//992 558//352
f 558//353 560//993 550//994
f 679//356 622//360 619//358
f 685//359 620//327 622//360
f 613//361 624//995 618//996
f 618//364 620//997 610//998
f 681//367 674//368 670//999
f 684//370 671//1000 674//1001
f 500//746 512//1002 504//1003
f 504//748 508//1004 501//378
f 567//379 509//380 506//381
f 569//1005 507//383 509//384
f 568//1006 565//386 561//387
f 571//388 559//1007 565//1008
f 686//391 629//392 626//314
f 692//393 627//358 629//392
f 621//754 631//396 625//397
f 625//1009 627//399 619//1010
f 688//401 682//402 679//756
f 691//757 680//1011 682//406
f 507//407 519//408 511//409
f 511//410 515//411 508//761
f 574//413 516//414 513//335
f 576//415 514//416 516//332
f 575//417 572//418 568//762
f 578//420 566//764 572//422
f 633//318 699//1012 636//424
f 636//317 695//765 634//314
f 628//427 638//1013 632//767
f 632//1014 634//431 626//770
f 695//433 689//1015 686//772
f 698//1016 687//437 689//438
f 520//1017 518//1018 514//1019
f 526//441 515//442 518//1020
f 581//444 523//445 520//330
f 583//446 521//447 523//326
f 582//448 579//1021 575//450
f 585//1022 573//776 579//777
f 640//346 706//778 643//324
f 706//454 641//318 643//455
f 642//1023 639//457 635//336
f 645//459 633//1024 639//1025
f 702//782 696//463 693//318
f 705//1026 694//1027 696//1028
f 527//467 525//1029 521//469
f 533//470 522//1030 525//789
f 588//1031 530//474 527//327
f 590//475 528//476 530//360
f 582//792 592//793 586//479
f 586//480 588//481 580//482
f 707//483 650//349 647//381
f 713//484 648//346 650//485
f 649//1032 646//487 642//488
f 652//489 640//490 646//491
f 700//492 712//1033 703//494
f 703//495 708//1034 701//497
f 534//803 532//499 528//500
f 540//501 529//502 532//503
f 595//504 537//505 534//358
f 597//506 535//507 537//392
f 589//508 599//805 593//510
f 593//511 595//1035 587//513
f 714//514 657//384 654//335
f 720//515 655//381 657//516
f 656//517 653//518 649//519
f 659//520 647//521 653//522
f 707//523 719//1036 710//525
f 710//526 715//1037 708//1038
f 484//1039 539//1040 489//1041
f 489//532 535//814 481//534
f 594//1042 545//536 541//1043
f 600//538 542//1044 545//1045
f 654//1046 608//542 603//1047
f 660//544 604//1048 608//1049
f 664//1050 717//1051 669//1052
f 669//824 714//551 661//826
f 594//314 481//314 535//314
f 544//318 491//318 482//318
f 483//330 612//330 601//330
f 484//336 656//336 536//336
f 493//336 621//336 613//336
f 550//346 499//346 492//346
f 501//336 628//336 621//336
f 559//381 506//381 500//381
f 508//336 635//336 628//336
f 566//335 513//335 507//335
f 522//336 635//336 515//336
f 573//330 520//330 514//330
f 529//336 642//336 522//336
f 580//327 527//327 521//327
f 536//336 649//336 529//336
f 587//358 534//358 528//358
f 552//330 663//330 672//330
f 542//337 715//337 664//337
f 553//337 680//337 561//337
f 561//337 687//337 568//337
f 568//337 694//337 575//337
f 575//337 701//337 582//337
f 589//337 701//337 708//337
f 596//337 708//337 715//337
f 673//330 602//330 611//330
f 661//335 654//335 603//335
f 681//327 610//327 620//327
f 688//358 619//358 627//358
f 695//314 626//314 634//314
f 702//318 633//318 641//318
f 709//346 640//346 648//346
f 716//381 647//381 655//381
f 721//1 726//2 729//3
f 727//554 725//5 722//6
f 723//7 726//827 727//9
f 729//828 728//1053 724//829
f 730//13 735//14 738//831
f 736//16 734//17 731//832
f 732//19 735//1054 736//21
f 738//1055 737//834 733//1056
f 739//25 743//563 745//27
f 744//836 742//29 740//838
f 741//1057 743//1058 744//568
f 746//34 750//35 752//570
f 751//571 749//844 747//39
f 748//40 750//1059 751//1060
f 753//43 757//1061 759//1062
f 758//46 756//47 754//48
f 755//1063 757//50 758//1064
f 763//1065 766//1066 760//581
f 761//55 764//56 763//57
f 762//1067 764//1068 765//1069
f 770//61 773//62 767//63
f 768//588 771//1070 770//66
f 769//861 771//591 772//69
f 777//863 780//864 774//594
f 775//73 778//865 777//1071
f 776//76 778//77 779//1072
f 781//79 786//80 789//81
f 787//869 785//870 782//871
f 783//602 786//872 787//604
f 789//88 788//4 784//89
f 790//90 795//1073 798//874
f 796//93 794//94 791//95
f 792//876 795//877 796//878
f 798//879 797//880 793//1074
f 802//882 805//883 799//613
f 800//105 803//106 802//1075
f 801//885 803//617 804//887
f 809//888 812//112 806//620
f 807//114 810//621 809//116
f 808//1076 810//1077 811//1078
f 816//891 819//1079 813//1080
f 814//123 817//124 816//1081
f 815//1082 817//1083 818//1084
f 820//129 824//897 826//1085
f 825//132 823//133 821//134
f 822//1086 824//1087 825//137
f 827//1088 831//1089 833//637
f 832//638 830//1090 828//143
f 829//144 831//1091 832//903
f 834//147 838//904 840//149
f 839//1092 837//644 835//905
f 836//906 838//1093 839//1094
f 841//1095 846//1096 849//1097
f 847//910 845//160 842//161
f 843//162 846//1098 847//164
f 849//651 848//652 844//167
f 850//1099 855//1100 858//913
f 856//914 854//915 851//916
f 852//1101 855//1102 856//1103
f 858//920 857//1104 853//1105
f 859//657 863//181 865//1106
f 860//183 863//184 862//185
f 865//1107 864//1108 861//929
f 866//1109 870//1110 872//1111
f 871//192 869//193 867//194
f 872//1112 871//1113 868//1114
f 873//1115 877//1116 879//1117
f 878//669 876//202 874//203
f 879//1118 878//205 875//1119
f 883//941 886//942 880//209
f 881//1120 884//211 883//212
f 886//1121 885//214 882//1122
f 890//216 893//676 887//218
f 888//219 891//220 890//221
f 893//222 892//223 889//224
f 894//1123 898//1124 900//1125
f 895//228 898//1126 897//230
f 900//1127 899//1128 896//1129
f 901//688 906//235 909//236
f 907//955 905//956 902//957
f 903//240 906//241 907//959
f 909//1130 908//1131 904//961
f 910//246 915//694 918//248
f 916//962 914//963 911//251
f 912//1132 915//1133 916//1134
f 918//965 917//256 913//1135
f 919//698 923//259 925//1136
f 924//1137 922//1138 920//1139
f 921//1140 923//1141 924//1142
f 926//267 930//1143 932//1144
f 931//1145 929//271 927//272
f 932//273 931//274 928//975
f 933//709 937//1146 939//1147
f 938//1148 936//1149 934//1150
f 939//282 938//1151 935//1152
f 943//1153 946//286 940//1154
f 945//288 943//1155 941//717
f 942//983 944//1156 945//1157
f 950//294 953//295 947//985
f 952//297 950//1158 948//1159
f 949//722 951//1160 952//724
f 954//1161 958//304 960//1162
f 959//1163 957//1164 955//1165
f 956//728 958//310 959//1166
f 781//312 725//730 721//314
f 789//315 722//316 725//317
f 731//318 727//318 722//318
f 734//318 723//318 727//318
f 791//319 736//320 731//321
f 794//732 732//323 736//324
f 783//318 796//318 788//318
f 788//318 791//318 784//318
f 910//325 854//326 850//327
f 918//328 851//329 854//326
f 841//330 856//330 845//330
f 845//330 851//330 842//330
f 902//331 847//332 842//333
f 905//334 843//335 847//332
f 913//330 907//330 902//330
f 917//330 903//330 907//330
f 723//336 849//336 728//336
f 728//336 844//336 724//336
f 853//1167 738//1167 733//1167
f 857//336 730//336 738//336
f 792//337 916//337 797//337
f 797//337 911//337 793//337
f 904//1168 787//1168 782//1168
f 908//337 783//337 787//337
f 739//1169 737//1170 732//1171
f 745//341 733//1172 737//1173
f 800//344 742//345 739//346
f 802//347 740//348 742//349
f 793//350 804//351 798//1174
f 798//353 800//738 790//355
f 919//356 862//360 859//358
f 925//359 860//327 862//360
f 853//1175 864//1176 858//1177
f 858//364 860//997 850//998
f 921//1178 914//368 910//1179
f 924//1180 911//371 914//1181
f 740//746 752//747 744//375
f 744//376 748//749 741//750
f 807//379 749//380 746//381
f 809//1005 747//383 749//384
f 808//1006 805//386 801//387
f 811//388 799//1007 805//1008
f 926//391 869//392 866//314
f 932//393 867//358 869//392
f 861//754 871//396 865//397
f 865//1009 867//399 859//1010
f 928//401 922//402 919//756
f 931//757 920//1011 922//406
f 747//758 759//759 751//1182
f 751//410 755//411 748//761
f 814//413 756//414 753//335
f 816//415 754//416 756//332
f 815//417 812//418 808//762
f 818//420 806//764 812//422
f 873//318 939//1012 876//424
f 876//317 935//765 874//314
f 868//427 878//1183 872//429
f 872//1184 874//431 866//770
f 935//1185 929//1186 926//772
f 938//1187 927//1188 929//1189
f 760//1017 758//1190 754//330
f 766//1191 755//1192 758//1020
f 821//444 763//445 760//330
f 823//446 761//447 763//326
f 822//1193 819//1194 815//1195
f 825//1196 813//776 819//1197
f 880//346 946//778 883//324
f 946//454 881//318 883//455
f 882//780 879//1198 875//988
f 885//459 873//460 879//461
f 942//1199 936//464 933//1200
f 945//1201 934//1027 936//1202
f 767//1203 765//1204 761//469
f 773//1205 762//1030 765//789
f 828//1031 770//474 767//327
f 830//475 768//476 770//360
f 822//477 832//1206 826//1207
f 826//1208 828//1209 820//1210
f 947//483 890//349 887//381
f 953//484 888//346 890//485
f 889//1032 886//1211 882//488
f 892//1212 880//490 886//491
f 940//1213 952//1214 943//1215
f 943//495 948//496 941//802
f 774//498 772//499 768//500
f 780//1216 769//1217 772//1218
f 835//504 777//505 774//358
f 837//506 775//507 777//392
f 829//508 839//805 833//510
f 833//511 835//1035 827//513
f 954//514 897//384 894//335
f 960//515 895//381 897//516
f 896//517 893//518 889//519
f 899//520 887//521 893//522
f 947//523 959//1036 950//525
f 950//526 955//1037 948//1038
f 724//529 779//1219 729//1220
f 729//532 775//1221 721//1222
f 834//1042 785//536 781//1043
f 840//1223 782//1044 785//1045
f 894//541 848//542 843//818
f 900//544 844//1048 848//1224
f 904//547 957//1225 909//1226
f 909//550 954//1227 901//1228
f 834//314 721//314 775//314
f 784//318 731//318 722//318
f 723//330 852//330 841//330
f 724//336 896//336 776//336
f 733//336 861//336 853//336
f 790//346 739//346 732//346
f 741//336 868//336 861//336
f 799//381 746//381 740//381
f 748//336 875//336 868//336
f 806//335 753//335 747//335
f 762//336 875//336 755//336
f 813//330 760//330 754//330
f 769//336 882//336 762//336
f 820//327 767//327 761//327
f 776//336 889//336 769//336
f 827//358 774//358 768//358
f 792//330 903//330 912//330
f 782//450 955//450 904//450
f 793//337 920//337 801//337
f 801//337 927//337 808//337
f 808//337 934//337 815//337
f 815//337 941//337 822//337
f 829//337 941//337 948//337
f 836//337 948//337 955//337
f 913//330 842//330 851//330
f 901//335 894//335 843//335
f 921//327 850//327 860//327
f 928//358 859//358 867//358
f 935//314 866//314 874//314
f 942//318 873//318 881//318
f 949//346 880//346 888//346
f 956//381 887//381 895//381
f 961//1229 966//1230 969//1231
f 967//4 965//1232 962//6
f 963//7 966//8 967//1233
f 969//1234 968//1235 964//1236
f 970//1237 975//1238 978//557
f 976//1239 974//1240 971//18
f 972//19 975//1054 976//21
f 978//1241 977//1242 973//1243
f 979//1244 983//1245 985//27
f 984//564 982//29 980//1246
f 981//1247 983//1248 984//1249
f 986//34 990//842 992//570
f 991//1250 989//1251 987//1252
f 988//1253 990//1254 991//1255
f 993//43 997//1061 999//1256
f 998//1257 996//1258 994//1259
f 995//1260 997//1261 998//1262
f 1003//1065 1006//53 1000//1263
f 1001//1264 1004//1265 1003//1266
f 1002//58 1004//1267 1005//60
f 1010//1268 1013//1269 1007//1270
f 1008//64 1011//589 1010//66
f 1009//1271 1011//1272 1012//1273
f 1017//1274 1020//71 1014//1275
f 1015//1276 1018//865 1017//1277
f 1016//1278 1018//1279 1019//1280
f 1021//1281 1026//80 1029//1282
f 1027//869 1025//1283 1022//1284
f 1023//1285 1026//1286 1027//604
f 1029//1287 1028//4 1024//1288
f 1030//90 1035//1289 1038//92
f 1036//1290 1034//1291 1031//95
f 1032//1292 1035//1293 1036//1294
f 1038//1295 1037//1296 1033//1297
f 1042//102 1045//103 1039//1298
f 1040//1299 1043//1300 1042//1301
f 1041//108 1043//109 1044//1302
f 1049//1303 1052//1304 1046//1305
f 1047//1306 1050//1307 1049//116
f 1048//1308 1050//1309 1051//1310
f 1056//891 1059//121 1053//893
f 1054//123 1057//1311 1056//125
f 1055//894 1057//127 1058//1312
f 1060//632 1064//1313 1066//131
f 1065//132 1063//1314 1061//1315
f 1062//1316 1064//1317 1065//137
f 1067//138 1071//636 1073//1318
f 1072//1319 1070//1320 1068//1321
f 1069//1322 1071//1323 1072//1324
f 1074//1325 1078//1326 1080//1327
f 1079//643 1077//151 1075//1328
f 1076//1329 1078//1330 1079//1331
f 1081//909 1086//1332 1089//1097
f 1087//159 1085//1333 1082//161
f 1083//1334 1086//650 1087//1335
f 1089//1336 1088//1337 1084//1338
f 1090//911 1095//1339 1098//1340
f 1096//914 1094//1341 1091//1342
f 1092//1343 1095//1344 1096//1345
f 1098//1346 1097//1347 1093//1105
f 1099//923 1103//1348 1105//1106
f 1100//1349 1103//1350 1102//1351
f 1105//1352 1104//1353 1101//661
f 1106//189 1110//1354 1112//191
f 1111//664 1109//1355 1107//1356
f 1112//1357 1111//1358 1108//1359
f 1113//1360 1117//1361 1119//1362
f 1118//1363 1116//1364 1114//1365
f 1119//1118 1118//1366 1115//1367
f 1123//207 1126//1368 1120//209
f 1121//943 1124//211 1123//1369
f 1126//213 1125//1370 1122//1371
f 1130//1372 1133//946 1127//1373
f 1128//1374 1131//1375 1130//1376
f 1133//680 1132//1377 1129//1378
f 1134//1379 1138//1380 1140//1381
f 1135//1382 1138//684 1137//685
f 1140//231 1139//1383 1136//1384
f 1141//1385 1146//235 1149//1386
f 1147//1387 1145//238 1142//1388
f 1143//1389 1146//1390 1147//1391
f 1149//692 1148//1392 1144//245
f 1150//1393 1155//1394 1158//1395
f 1156//1396 1154//250 1151//251
f 1152//1397 1155//1398 1156//1134
f 1158//255 1157//1399 1153//257
f 1159//1400 1163//1401 1165//1402
f 1164//1403 1162//1404 1160//1139
f 1161//702 1163//1405 1164//1406
f 1166//1407 1170//1408 1172//1409
f 1171//1410 1169//1411 1167//1412
f 1172//1413 1171//708 1168//1414
f 1173//1415 1177//1416 1179//1417
f 1178//711 1176//1418 1174//1419
f 1179//282 1178//283 1175//284
f 1183//1420 1186//1421 1180//1422
f 1185//1423 1183//1424 1181//1425
f 1182//1426 1184//1427 1185//1428
f 1190//1429 1193//1430 1187//1431
f 1192//1432 1190//1433 1188//1434
f 1189//1435 1191//1160 1192//724
f 1194//303 1198//725 1200//305
f 1199//986 1197//987 1195//308
f 1196//1436 1198//1437 1199//311
f 1021//312 965//730 961//731
f 1029//1438 962//316 965//317
f 971//318 967//318 962//318
f 974//318 963//318 967//318
f 1031//319 976//1439 971//321
f 1034//732 972//323 976//324
f 1023//318 1036//318 1028//318
f 1028//318 1031//318 1024//318
f 1150//325 1094//326 1090//733
f 1158//328 1091//329 1094//326
f 1081//330 1096//330 1085//330
f 1085//330 1091//330 1082//330
f 1142//331 1087//332 1082//333
f 1145//334 1083//1440 1087//332
f 1153//330 1147//330 1142//330
f 1157//330 1143//330 1147//330
f 963//336 1089//336 968//336
f 968//336 1084//336 964//336
f 1093//336 978//336 973//336
f 1097//1441 970//1441 978//1441
f 1032//337 1156//337 1037//337
f 1037//337 1151//337 1033//337
f 1144//337 1027//337 1022//337
f 1148//1442 1023//1442 1027//1442
f 979//1169 977//339 972//1443
f 985//1444 973//990 977//1445
f 1040//344 982//345 979//346
f 1042//347 980//348 982//349
f 1033//1446 1044//1447 1038//352
f 1038//1448 1040//1449 1030//1450
f 1159//356 1102//357 1099//358
f 1165//359 1100//327 1102//360
f 1093//1175 1104//1451 1098//1177
f 1098//740 1100//1452 1090//741
f 1161//1453 1154//368 1150//1179
f 1164//1454 1151//1000 1154//1001
f 980//746 992//1002 984//375
f 984//1455 988//1456 981//750
f 1047//379 989//1457 986//381
f 1049//382 987//383 989//384
f 1048//1458 1045//1459 1041//752
f 1051//388 1039//1007 1045//1460
f 1166//391 1109//392 1106//314
f 1172//393 1107//358 1109//392
f 1101//1461 1111//1462 1105//1463
f 1105//398 1107//1464 1099//400
f 1168//401 1162//402 1159//756
f 1171//404 1160//1011 1162//406
f 987//1465 999//1466 991//1467
f 991//410 995//1468 988//761
f 1054//413 996//414 993//335
f 1056//415 994//1469 996//1470
f 1055//417 1052//418 1048//419
f 1058//1471 1046//1472 1052//1473
f 1173//1474 1116//424 1113//318
f 1116//317 1175//765 1114//314
f 1108//1475 1118//1476 1112//767
f 1112//1477 1114//1478 1106//1479
f 1175//1480 1169//1481 1166//1482
f 1178//1483 1167//1188 1169//1484
f 1000//1017 998//1018 994//1019
f 1006//1485 995//1486 998//1487
f 1061//444 1003//445 1000//329
f 1063//446 1001//447 1003//326
f 1062//1488 1059//1489 1055//466
f 1059//451 1061//452 1053//1019
f 1120//346 1186//778 1123//324
f 1186//1490 1121//318 1123//455
f 1122//1491 1119//1492 1115//1493
f 1125//1494 1113//460 1119//461
f 1182//1495 1176//463 1173//318
f 1185//1496 1174//1497 1176//1498
f 1007//467 1005//1029 1001//786
f 1013//1499 1002//1500 1005//789
f 1068//473 1010//474 1007//327
f 1070//1501 1008//476 1010//360
f 1062//1502 1072//1503 1066//1207
f 1066//480 1068//1504 1060//794
f 1187//483 1130//349 1127//381
f 1193//484 1128//346 1130//485
f 1129//486 1126//487 1122//797
f 1132//1505 1120//799 1126//1506
f 1180//492 1192//1214 1183//494
f 1183//495 1188//496 1181//802
f 1014//1507 1012//1508 1008//500
f 1020//1509 1009//502 1012//804
f 1075//504 1017//505 1014//358
f 1077//506 1015//507 1017//392
f 1069//508 1079//1510 1073//1511
f 1073//511 1075//512 1067//513
f 1194//514 1137//384 1134//335
f 1200//515 1135//381 1137//516
f 1136//1512 1133//1513 1129//519
f 1139//1514 1127//809 1133//522
f 1187//810 1199//1515 1190//525
f 1190//526 1195//1516 1188//528
f 964//1517 1019//1518 969//531
f 969//532 1015//1221 961//1222
f 1074//1519 1025//1520 1021//1521
f 1080//1522 1022//1523 1025//1524
f 1134//1525 1088//542 1083//818
f 1140//1526 1084//1527 1088//1528
f 1144//1050 1197//1051 1149//1529
f 1149//1530 1194//1531 1141//1532
f 1074//314 961//314 1015//314
f 1024//318 971//318 962//318
f 963//318 1092//318 1081//318
f 964//336 1136//336 1016//336
f 973//336 1101//336 1093//336
f 1030//346 979//346 972//346
f 981//336 1108//336 1101//336
f 1039//381 986//381 980//381
f 988//336 1115//336 1108//336
f 1046//335 993//335 987//335
f 1002//336 1115//336 995//336
f 1053//330 1000//330 994//330
f 1009//336 1122//336 1002//336
f 1060//327 1007//327 1001//327
f 1016//336 1129//336 1009//336
f 1067//358 1014//358 1008//358
f 1032//330 1143//330 1152//330
f 1022//337 1195//337 1144//337
f 1033//337 1160//337 1041//337
f 1041//337 1167//337 1048//337
f 1048//337 1174//337 1055//337
f 1055//337 1181//337 1062//337
f 1069//337 1181//337 1188//337
f 1076//337 1188//337 1195//337
f 1153//330 1082//330 1091//330
f 1141//335 1134//335 1083//335
f 1161//327 1090//327 1100//327
f 1168//358 1099//358 1107//358
f 1175//314 1106//314 1114//314
f 1182//318 1113//318 1121//318
f 1189//346 1120//346 1128//346
f 1196//381 1127//381 1135//381
f 1201//1229 1206//1230 1209//1231
f 1207//4 1205//1232 1202//6
f 1203//7 1206//8 1207//1233
f 1209//1234 1208//1235 1204//1236
f 1210//1533 1215//1534 1218//1535
f 1216//1239 1214//1240 1211//18
f 1212//1536 1215//559 1216//21
f 1218//560 1217//1537 1213//1538
f 1219//1244 1223//1539 1225//1540
f 1224//1541 1222//29 1220//1246
f 1221//1542 1223//1543 1224//1544
f 1226//1545 1230//1546 1232//1547
f 1231//1548 1229//1549 1227//1252
f 1228//1550 1230//1551 1231//1552
f 1233//1553 1237//1554 1239//1555
f 1238//1556 1236//1258 1234//1557
f 1235//1558 1237//1559 1238//1262
f 1243//1560 1246//53 1240//581
f 1241//1561 1244//1562 1243//1563
f 1242//1564 1244//856 1245//1565
f 1250//1566 1253//1567 1247//1568
f 1248//588 1251//1569 1250//66
f 1249//1570 1251//1571 1252//1572
f 1257//1573 1260//1574 1254//1275
f 1255//595 1258//596 1257//75
f 1256//1575 1258//1576 1259//1577
f 1261//1281 1266//80 1269//1282
f 1267//869 1265//1283 1262//1284
f 1263//1285 1266//1286 1267//604
f 1269//1287 1268//4 1264//1288
f 1270//90 1275//1289 1278//92
f 1276//1290 1274//1291 1271//95
f 1272//1292 1275//1293 1276//1294
f 1278//1295 1277//1296 1273//1297
f 1282//102 1285//1578 1279//1298
f 1280//1579 1283//1580 1282//1581
f 1281//1582 1283//109 1284//110
f 1289//1303 1292//1583 1286//1584
f 1287//889 1290//1585 1289//116
f 1288//1586 1290//1587 1291//1588
f 1296//1589 1299//121 1293//893
f 1294//1590 1297//1591 1296//1592
f 1295//1593 1297//1594 1298//1595
f 1300//1596 1304//897 1306//1597
f 1305//1598 1303//1599 1301//1315
f 1302//1600 1304//136 1305//1601
f 1307//138 1311//1602 1313//901
f 1312//1603 1310//1320 1308//1604
f 1309//1605 1311//640 1312//1606
f 1314//147 1318//904 1320//149
f 1319//1607 1317//151 1315//1608
f 1316//1609 1318//1610 1319//1611
f 1321//648 1326//157 1329//158
f 1327//159 1325//1333 1322//1612
f 1323//1334 1326//1613 1327//1335
f 1329//1614 1328//1615 1324//1616
f 1330//911 1335//1339 1338//1340
f 1336//914 1334//1341 1331//1342
f 1332//1343 1335//1344 1336//1345
f 1338//1346 1337//1347 1333//1105
f 1339//1617 1343//1618 1345//925
f 1340//1619 1343//1620 1342//1621
f 1345//1622 1344//1623 1341//1624
f 1346//1625 1350//1626 1352//931
f 1351//1627 1349//1628 1347//194
f 1352//1629 1351//1630 1348//1631
f 1353//1632 1357//1633 1359//1634
f 1358//1635 1356//1636 1354//1637
f 1359//1638 1358//1639 1355//1640
f 1363//941 1366//1641 1360//209
f 1361//1642 1364//211 1363//1643
f 1366//1644 1365//1645 1362//1646
f 1370//216 1373//1647 1367//218
f 1368//678 1371//1648 1370//1649
f 1373//1650 1372//1651 1369//1652
f 1374//1653 1378//1654 1380//1655
f 1375//228 1378//684 1377//685
f 1380//1656 1379//1657 1376//1658
f 1381//1385 1386//235 1389//1386
f 1387//1387 1385//238 1382//1388
f 1383//1659 1386//1660 1387//1661
f 1389//692 1388//1392 1384//245
f 1390//1393 1395//1394 1398//1395
f 1396//1396 1394//250 1391//251
f 1392//1397 1395//1398 1396//1134
f 1398//255 1397//1399 1393//257
f 1399//698 1403//259 1405//260
f 1404//1662 1402//1663 1400//1664
f 1401//1665 1403//1666 1404//1667
f 1406//1407 1410//1668 1412//705
f 1411//1669 1409//1670 1407//1671
f 1412//1413 1411//1672 1408//1414
f 1413//1673 1417//277 1419//1147
f 1418//1674 1416//1675 1414//1676
f 1419//282 1418//714 1415//284
f 1423//716 1426//286 1420//287
f 1425//1677 1423//1678 1421//1679
f 1422//291 1424//292 1425//1157
f 1430//1680 1433//1681 1427//1431
f 1432//1682 1430//1683 1428//1434
f 1429//1684 1431//1685 1432//1686
f 1434//1687 1438//1688 1440//1689
f 1439//1690 1437//1691 1435//1692
f 1436//1693 1438//1694 1439//1695
f 1261//312 1205//730 1201//731
f 1269//1438 1202//316 1205//317
f 1211//318 1207//318 1202//318
f 1214//318 1203//318 1207//318
f 1271//319 1216//1439 1211//321
f 1274//732 1212//323 1216//324
f 1263//318 1276//318 1268//318
f 1268//318 1271//318 1264//318
f 1390//325 1334//326 1330//733
f 1398//328 1331//329 1334//326
f 1321//330 1336//330 1325//330
f 1325//330 1331//330 1322//330
f 1382//331 1327//332 1322//333
f 1385//334 1323//1440 1327//332
f 1393//330 1387//330 1382//330
f 1397//330 1383//330 1387//330
f 1203//1696 1329//1696 1208//1696
f 1208//1697 1324//1697 1204//1697
f 1333//1698 1218//1698 1213//1698
f 1337//1696 1210//1696 1218//1696
f 1272//1699 1396//1699 1277//1699
f 1277//1700 1391//1700 1273//1700
f 1384//1195 1267//1195 1262//1195
f 1388//1699 1263//1699 1267//1699
f 1219//1701 1217//339 1212//340
f 1225//1702 1213//1703 1217//1704
f 1280//344 1222//345 1219//346
f 1282//347 1220//348 1222//349
f 1273//1705 1284//1706 1278//1707
f 1278//1708 1280//1709 1270//1710
f 1399//356 1342//357 1339//358
f 1405//359 1340//327 1342//360
f 1333//1175 1344//1451 1338//1177
f 1338//1711 1340//1712 1330//1713
f 1401//1714 1394//368 1390//1179
f 1404//370 1391//371 1394//1181
f 1220//746 1232//1002 1224//375
f 1224//1455 1228//1456 1221//750
f 1287//379 1229//1457 1226//381
f 1289//382 1227//383 1229//384
f 1288//751 1285//386 1281//387
f 1291//388 1279//389 1285//390
f 1406//391 1349//392 1346//314
f 1412//393 1347//358 1349//392
f 1341//754 1351//396 1345//397
f 1345//1009 1347//1715 1339//1010
f 1408//1716 1402//755 1399//1717
f 1411//1718 1400//1011 1402//1719
f 1227//1720 1239//408 1231//1721
f 1231//1722 1235//1723 1228//1724
f 1294//413 1236//414 1233//335
f 1296//415 1234//1469 1236//1470
f 1295//1725 1292//1726 1288//1727
f 1298//763 1286//764 1292//1473
f 1353//318 1419//1012 1356//424
f 1419//425 1354//314 1356//317
f 1348//1475 1358//1728 1352//1729
f 1352//768 1354//1730 1346//432
f 1415//1731 1409//1732 1406//1733
f 1418//436 1407//437 1409//1189
f 1240//1734 1238//440 1234//330
f 1246//1735 1235//1736 1238//1737
f 1301//444 1243//445 1240//329
f 1303//446 1241//447 1243//326
f 1302//1738 1299//1739 1295//1442
f 1299//1740 1301//1741 1293//330
f 1360//346 1426//778 1363//324
f 1426//1490 1361//318 1363//455
f 1362//1742 1359//1743 1355//1696
f 1365//1744 1353//1745 1359//1746
f 1422//1495 1416//783 1413//1200
f 1425//1747 1414//1748 1416//1749
f 1247//1750 1245//1204 1241//1751
f 1253//1205 1242//1030 1245//789
f 1308//473 1250//474 1247//327
f 1310//1501 1248//476 1250//360
f 1302//1752 1312//793 1306//479
f 1306//1753 1308//1754 1300//1755
f 1427//483 1370//349 1367//381
f 1433//484 1368//346 1370//485
f 1369//486 1366//1756 1362//797
f 1372//1212 1360//490 1366//491
f 1420//492 1432//1214 1423//494
f 1423//1757 1428//1034 1421//1758
f 1254//1507 1252//1508 1248//500
f 1260//1509 1249//502 1252//804
f 1315//504 1257//505 1254//358
f 1317//506 1255//507 1257//392
f 1309//508 1319//1510 1313//1511
f 1313//511 1315//512 1307//513
f 1434//514 1377//384 1374//335
f 1440//515 1375//381 1377//516
f 1376//1512 1373//1513 1369//519
f 1379//1514 1367//809 1373//522
f 1427//810 1439//1759 1430//525
f 1430//1760 1435//1516 1428//528
f 1204//1761 1259//1762 1209//1763
f 1209//532 1255//1221 1201//1222
f 1314//1764 1265//1765 1261//1766
f 1320//1522 1262//1767 1265//1768
f 1374//1525 1328//817 1323//1769
f 1380//1770 1324//1771 1328//1772
f 1384//1050 1437//1051 1389//1529
f 1389//1530 1434//1531 1381//1532
f 1314//314 1201//314 1255//314
f 1264//318 1211//318 1202//318
f 1203//318 1332//318 1321//318
f 1204//336 1376//336 1256//336
f 1213//988 1341//988 1333//988
f 1270//346 1219//346 1212//346
f 1221//336 1348//336 1341//336
f 1279//381 1226//381 1220//381
f 1228//336 1355//336 1348//336
f 1286//335 1233//335 1227//335
f 1242//336 1355//336 1235//336
f 1293//330 1240//330 1234//330
f 1249//336 1362//336 1242//336
f 1300//327 1247//327 1241//327
f 1256//336 1369//336 1249//336
f 1307//358 1254//358 1248//358
f 1272//330 1383//330 1392//330
f 1262//337 1435//337 1384//337
f 1273//337 1400//337 1281//337
f 1281//337 1407//337 1288//337
f 1288//337 1414//337 1295//337
f 1295//337 1421//337 1302//337
f 1309//337 1421//337 1428//337
f 1316//337 1428//337 1435//337
f 1393//330 1322//330 1331//330
f 1381//335 1374//335 1323//335
f 1401//327 1330//327 1340//327
f 1408//358 1339//358 1347//358
f 1415//314 1346//314 1354//314
f 1422//318 1353//318 1361//318
f 1429//346 1360//346 1368//346
f 1436//381 1367//381 1375//381
f 1441//1229 1446//1230 1449//1231
f 1447//4 1445//1232 1442//6
f 1443//7 1446//8 1447//1233
f 1449//1234 1448//1235 1444//1236
f 1450//1533 1455//1534 1458//1535
f 1456//1239 1454//1240 1451//18
f 1452//1536 1455//559 1456//21
f 1458//560 1457//1537 1453//1538
f 1459//1244 1463//1539 1465//1540
f 1464//1541 1462//29 1460//1246
f 1461//31 1463//1773 1464//1774
f 1466//1775 1470//1546 1472//1547
f 1471//1776 1469//38 1467//1777
f 1468//1778 1470//1551 1471//1779
f 1473//1553 1477//1554 1479//1555
f 1478//1556 1476//1258 1474//1557
f 1475//1780 1477//1781 1478//851
f 1483//1560 1486//53 1480//1263
f 1481//1561 1484//1782 1483//1783
f 1482//1784 1484//1785 1485//1786
f 1490//61 1493//858 1487//63
f 1488//1787 1491//589 1490//66
f 1489//1788 1491//1272 1492//1789
f 1497//863 1500//1790 1494//1275
f 1495//1791 1498//1792 1497//1793
f 1496//1794 1498//1795 1499//1796
f 1501//1281 1506//80 1509//1282
f 1507//869 1505//1283 1502//1284
f 1503//1285 1506//1286 1507//604
f 1509//1287 1508//4 1504//1288
f 1510//90 1515//1289 1518//92
f 1516//1290 1514//1291 1511//95
f 1512//1292 1515//1293 1516//1294
f 1518//1295 1517//1296 1513//1297
f 1522//102 1525//1797 1519//1298
f 1520//614 1523//106 1522//1798
f 1521//108 1523//1799 1524//1800
f 1529//1801 1532//1802 1526//620
f 1527//889 1530//1307 1529//116
f 1528//1803 1530//1804 1531//1805
f 1536//891 1539//121 1533//893
f 1534//627 1537//1311 1536//125
f 1535//1806 1537//1807 1538//1084
f 1540//1808 1544//1809 1546//1810
f 1545//132 1543//1314 1541//1315
f 1542//1811 1544//1812 1545//900
f 1547//138 1551//139 1553//1318
f 1552//638 1550//1813 1548//1814
f 1549//1815 1551//1816 1552//1817
f 1554//147 1558//148 1560//149
f 1559//643 1557//151 1555//1328
f 1556//1818 1558//1819 1559//1820
f 1561//648 1566//157 1569//158
f 1567//159 1565//1333 1562//1612
f 1563//1334 1566//650 1567//164
f 1569//1336 1568//1821 1564//1822
f 1570//1099 1575//1823 1578//913
f 1576//914 1574//1341 1571//1342
f 1572//1343 1575//1344 1576//1345
f 1578//1824 1577//1347 1573//1105
f 1579//1617 1583//924 1585//925
f 1580//1825 1583//1826 1582//1827
f 1585//1828 1584//1829 1581//1830
f 1586//1831 1590//1832 1592//1833
f 1591//1627 1589//1628 1587//194
f 1592//1834 1591//1835 1588//1836
f 1593//1837 1597//936 1599//1838
f 1598//1839 1596//1840 1594//1365
f 1599//1841 1598//670 1595//1842
f 1603//941 1606//1641 1600//209
f 1601//1642 1604//211 1603//1643
f 1606//1644 1605//1645 1602//1646
f 1610//216 1613//1647 1607//218
f 1608//1843 1611//1844 1610//1845
f 1613//1650 1612//1651 1609//1652
f 1614//1846 1618//1847 1620//1848
f 1615//228 1618//1849 1617//685
f 1620//1850 1619//1851 1616//1852
f 1621//1385 1626//235 1629//1386
f 1627//1387 1625//238 1622//1388
f 1623//240 1626//241 1627//242
f 1629//692 1628//1392 1624//245
f 1630//246 1635//247 1638//1395
f 1636//1853 1634//1854 1631//1855
f 1632//1397 1635//1398 1636//1134
f 1638//255 1637//1399 1633//257
f 1639//258 1643//699 1645//260
f 1644//1856 1642//262 1640//263
f 1641//702 1643//1405 1644//1857
f 1646//1407 1650//1858 1652//1409
f 1651//1859 1649//1860 1647//1861
f 1652//1413 1651//1862 1648//1414
f 1653//1415 1657//1416 1659//1417
f 1658//711 1656//1863 1654//1864
f 1659//282 1658//283 1655//284
f 1663//1420 1666//1421 1660//1422
f 1665//1865 1663//1866 1661//290
f 1662//1867 1664//1868 1665//1869
f 1670//1429 1673//1430 1667//1431
f 1672//1870 1670//1871 1668//1872
f 1669//300 1671//1160 1672//724
f 1674//1687 1678//1688 1680//1873
f 1679//986 1677//987 1675//308
f 1676//1436 1678//1437 1679//311
f 1501//312 1445//730 1441//731
f 1509//1438 1442//316 1445//317
f 1451//318 1447//318 1442//318
f 1454//318 1443//318 1447//318
f 1511//319 1456//1439 1451//321
f 1514//732 1452//323 1456//324
f 1503//318 1516//318 1508//318
f 1508//318 1511//318 1504//318
f 1630//325 1574//326 1570//733
f 1638//328 1571//329 1574//326
f 1561//330 1576//330 1565//330
f 1565//330 1571//330 1562//330
f 1622//331 1567//332 1562//333
f 1625//334 1563//1440 1567//332
f 1633//330 1627//330 1622//330
f 1637//330 1623//330 1627//330
f 1443//1874 1569//1874 1448//1874
f 1448//1697 1564//1697 1444//1697
f 1573//1698 1458//1698 1453//1698
f 1577//1696 1450//1696 1458//1696
f 1512//1875 1636//1875 1517//1875
f 1517//1700 1631//1700 1513//1700
f 1624//1195 1507//1195 1502//1195
f 1628//1699 1503//1699 1507//1699
f 1459//1701 1457//1876 1452//1877
f 1465//1878 1453//1879 1457//1880
f 1520//344 1462//345 1459//346
f 1522//347 1460//348 1462//349
f 1513//1881 1524//1882 1518//1883
f 1518//1884 1520//1885 1510//1886
f 1639//356 1582//357 1579//358
f 1645//359 1580//327 1582//360
f 1573//361 1584//995 1578//1887
f 1578//1888 1580//1889 1570//1890
f 1641//1453 1634//368 1630//1179
f 1644//1891 1631//1892 1634//1893
f 1460//746 1472//1894 1464//375
f 1464//376 1468//377 1461//378
f 1527//379 1469//1457 1466//381
f 1529//382 1467//383 1469//384
f 1528//751 1525//386 1521//387
f 1531//388 1519//389 1525//390
f 1646//391 1589//392 1586//314
f 1652//393 1587//358 1589//392
f 1581//754 1591//396 1585//397
f 1585//1009 1587//1715 1579//1010
f 1648//1716 1642//755 1639//1717
f 1651//1718 1640//1011 1642//1719
f 1467//1720 1479//408 1471//1721
f 1471//1895 1475//1896 1468//1897
f 1534//413 1476//414 1473//335
f 1536//415 1474//1469 1476//1470
f 1535//1898 1532//1899 1528//1900
f 1538//1901 1526//1902 1532//1903
f 1653//1474 1596//424 1593//318
f 1596//317 1655//765 1594//314
f 1588//1904 1598//1905 1592//1906
f 1592//430 1594//431 1586//770
f 1655//1907 1649//1732 1646//435
f 1658//1908 1647//1909 1649//1910
f 1480//1911 1478//1018 1474//1019
f 1486//1912 1475//1913 1478//1487
f 1541//444 1483//445 1480//329
f 1543//446 1481//447 1483//326
f 1542//1914 1539//1489 1535//466
f 1539//1915 1541//1916 1533//1917
f 1600//346 1666//778 1603//324
f 1666//1490 1601//318 1603//455
f 1595//1918 1605//1919 1599//461
f 1605//1920 1593//1024 1599//1025
f 1662//1495 1656//463 1653//318
f 1656//1921 1661//1922 1654//1442
f 1487//1203 1485//468 1481//786
f 1493//1923 1482//471 1485//1924
f 1548//473 1490//474 1487//327
f 1550//1501 1488//476 1490//360
f 1542//1925 1552//1926 1546//1927
f 1546//1928 1548//1209 1540//482
f 1667//483 1610//349 1607//381
f 1673//795 1608//346 1610//485
f 1609//1929 1606//1930 1602//1931
f 1612//1932 1600//1933 1606//1934
f 1660//1935 1672//1936 1663//1937
f 1663//1757 1668//1034 1661//1758
f 1494//803 1492//499 1488//500
f 1500//1938 1489//502 1492//804
f 1555//504 1497//505 1494//358
f 1557//506 1495//507 1497//392
f 1549//1939 1559//1510 1553//1511
f 1553//511 1555//512 1547//513
f 1674//514 1617//384 1614//335
f 1680//515 1615//381 1617//516
f 1616//1512 1613//1513 1609//519
f 1619//1514 1607//809 1613//522
f 1667//810 1679//1515 1670//525
f 1670//526 1675//1516 1668//528
f 1444//1940 1499//1941 1449//1942
f 1449//532 1495//1221 1441//1222
f 1554//1943 1505//1520 1501//1944
f 1560//1945 1502//1767 1505//1768
f 1614//1525 1568//1946 1563//1947
f 1620//1770 1564//1771 1568//1948
f 1624//547 1677//1225 1629//1949
f 1629//1530 1674//1531 1621//1532
f 1554//314 1441//314 1495//314
f 1504//318 1451//318 1442//318
f 1443//318 1572//318 1561//318
f 1444//336 1616//336 1496//336
f 1453//336 1581//336 1573//336
f 1510//346 1459//346 1452//346
f 1461//336 1588//336 1581//336
f 1519//381 1466//381 1460//381
f 1468//336 1595//336 1588//336
f 1526//335 1473//335 1467//335
f 1482//336 1595//336 1475//336
f 1533//330 1480//330 1474//330
f 1489//336 1602//336 1482//336
f 1540//327 1487//327 1481//327
f 1496//336 1609//336 1489//336
f 1547//358 1494//358 1488//358
f 1512//330 1623//330 1632//330
f 1502//337 1675//337 1624//337
f 1513//450 1640//450 1521//450
f 1521//337 1647//337 1528//337
f 1528//337 1654//337 1535//337
f 1535//337 1661//337 1542//337
f 1549//337 1661//337 1668//337
f 1556//337 1668//337 1675//337
f 1633//330 1562//330 1571//330
f 1621//335 1614//335 1563//335
f 1641//327 1570//327 1580//327
f 1648//358 1579//358 1587//358
f 1655//314 1586//314 1594//314
f 1662//318 1593//318 1601//318
f 1669//346 1600//346 1608//346
f 1676//381 1607//381 1615//381
f 1681//1950 1686//1951 1689//1952
f 1687//1953 1685//1954 1682//1955
f 1683//1956 1686//1957 1687//1958
f 1689//1959 1688//11 1684//829
f 1690//1960 1695//1961 1698//1962
f 1696//16 1694//17 1691//18
f 1692//19 1695//1963 1696//1964
f 1698//833 1697//1965 1693//1966
f 1699//25 1703//26 1705//27
f 1704//28 1702//1967 1700//1968
f 1701//1969 1703//1970 1704//1971
f 1706//34 1710//1972 1712//1973
f 1711//37 1709//1251 1707//39
f 1708//1974 1710//1975 1711//1976
f 1713//575 1717//44 1719//45
f 1718//1977 1716//1978 1714//1979
f 1715//1980 1717//1981 1718//1982
f 1723//1983 1726//1984 1720//1985
f 1721//1986 1724//1987 1723//1266
f 1722//1988 1724//1989 1725//1990
f 1730//1268 1733//858 1727//859
f 1728//64 1731//1070 1730//66
f 1729//1991 1731//1992 1732//1993
f 1737//70 1740//1994 1734//1995
f 1735//1791 1738//74 1737//1996
f 1736//1997 1738//1998 1739//1999
f 1741//1281 1746//2000 1749//1282
f 1747//2001 1745//2002 1742//2003
f 1743//2004 1746//2005 1747//2006
f 1749//2007 1748//1953 1744//2008
f 1750//2009 1755//2010 1758//2011
f 1756//875 1754//94 1751//608
f 1752//96 1755//609 1756//2012
f 1758//99 1757//880 1753//2013
f 1762//102 1765//2014 1759//2015
f 1760//614 1763//2016 1762//107
f 1761//2017 1763//2018 1764//2019
f 1769//888 1772//2020 1766//2021
f 1767//2022 1770//2023 1769//2024
f 1768//2025 1770//2026 1771//2027
f 1776//120 1779//2028 1773//122
f 1774//2029 1777//124 1776//2030
f 1775//2031 1777//127 1778//2032
f 1780//2033 1784//2034 1786//2035
f 1785//2036 1783//2037 1781//2038
f 1782//2039 1784//2040 1785//2041
f 1787//2042 1791//2043 1793//2044
f 1792//2045 1790//2046 1788//1321
f 1789//2047 1791//2048 1792//2049
f 1794//147 1798//2050 1800//149
f 1799//2051 1797//644 1795//1328
f 1796//1609 1798//2052 1799//2053
f 1801//2054 1806//2055 1809//2056
f 1807//910 1805//160 1802//2057
f 1803//1334 1806//650 1807//1335
f 1809//2058 1808//2059 1804//167
f 1810//2060 1815//2061 1818//2062
f 1816//2063 1814//2064 1811//916
f 1812//2065 1815//2066 1816//2067
f 1818//2068 1817//921 1813//2069
f 1819//180 1823//2070 1825//2071
f 1820//2072 1823//184 1822//2073
f 1825//2074 1824//2075 1821//2076
f 1826//2077 1830//2078 1832//2079
f 1831//2080 1829//193 1827//194
f 1832//2081 1831//2082 1828//2083
f 1833//2084 1837//2085 1839//2086
f 1838//2087 1836//2088 1834//1365
f 1839//2089 1838//2090 1835//2091
f 1843//2092 1846//2093 1840//2094
f 1841//2095 1844//2096 1843//2097
f 1846//2098 1845//2099 1842//2100
f 1850//2101 1853//2102 1847//2103
f 1848//219 1851//2104 1850//221
f 1853//2105 1852//2106 1849//2107
f 1854//2108 1858//2109 1860//2110
f 1855//228 1858//2111 1857//685
f 1860//2112 1859//2113 1856//2114
f 1861//688 1866//2115 1869//2116
f 1867//2117 1865//2118 1862//2119
f 1863//240 1866//2120 1867//959
f 1869//2121 1868//2122 1864//245
f 1870//246 1875//694 1878//248
f 1876//2123 1874//2124 1871//251
f 1872//2125 1875//2126 1876//1134
f 1878//965 1877//256 1873//1135
f 1879//2127 1883//2128 1885//1136
f 1884//2129 1882//2130 1880//2131
f 1881//2132 1883//2133 1884//2134
f 1886//1407 1890//2135 1892//269
f 1891//2136 1889//2137 1887//2138
f 1892//2139 1891//2140 1888//2141
f 1893//2142 1897//2143 1899//1147
f 1898//1148 1896//2144 1894//2145
f 1899//977 1898//714 1895//1152
f 1903//2146 1906//2147 1900//2148
f 1905//2149 1903//2150 1901//2151
f 1902//2152 1904//1427 1905//2153
f 1910//2154 1913//295 1907//296
f 1912//2155 1910//2156 1908//2157
f 1909//2158 1911//2159 1912//2160
f 1914//303 1918//725 1920//305
f 1919//2161 1917//2162 1915//2163
f 1916//309 1918//2164 1919//2165
f 1741//312 1685//730 1681//731
f 1749//1438 1682//316 1685//317
f 1691//318 1687//318 1682//318
f 1694//318 1683//318 1687//318
f 1751//319 1696//1439 1691//321
f 1754//732 1692//323 1696//324
f 1743//318 1756//318 1748//318
f 1748//318 1751//318 1744//318
f 1870//325 1814//326 1810//733
f 1878//328 1811//329 1814//326
f 1801//330 1816//330 1805//330
f 1805//330 1811//330 1802//330
f 1862//331 1807//332 1802//333
f 1865//334 1803//1440 1807//332
f 1873//330 1867//330 1862//330
f 1877//330 1863//330 1867//330
f 1683//336 1809//336 1688//336
f 1688//1697 1804//1697 1684//1697
f 1813//1698 1698//1698 1693//1698
f 1817//1696 1690//1696 1698//1696
f 1752//337 1876//337 1757//337
f 1757//1700 1871//1700 1753//1700
f 1864//1195 1747//1195 1742//1195
f 1868//1699 1743//1699 1747//1699
f 1699//2166 1697//2167 1692//2168
f 1705//2169 1693//1172 1697//2170
f 1760//344 1702//345 1699//346
f 1762//347 1700//348 1702//349
f 1753//1705 1764//351 1758//2171
f 1758//2172 1760//738 1750//355
f 1879//356 1822//357 1819//358
f 1885//359 1820//327 1822//360
f 1813//361 1824//2173 1818//2174
f 1818//740 1820//365 1810//2175
f 1881//2176 1874//2177 1870//1179
f 1884//2178 1871//2179 1874//2180
f 1700//373 1712//2181 1704//2182
f 1704//2183 1708//2184 1701//2185
f 1767//379 1709//1457 1706//381
f 1769//382 1707//383 1709//384
f 1768//751 1765//1459 1761//752
f 1771//2186 1759//389 1765//1460
f 1886//391 1829//392 1826//314
f 1892//393 1827//358 1829//392
f 1821//754 1831//2187 1825//2188
f 1825//398 1827//399 1819//1010
f 1888//401 1882//2189 1879//1717
f 1891//2190 1880//1011 1882//2191
f 1707//407 1719//2192 1711//409
f 1711//2193 1715//2194 1708//2195
f 1774//413 1716//414 1713//335
f 1776//415 1714//1469 1716//1470
f 1775//2196 1772//1726 1768//2197
f 1778//2198 1766//2199 1772//2200
f 1833//318 1899//1012 1836//424
f 1899//425 1834//2201 1836//317
f 1828//2202 1838//2203 1832//1906
f 1832//2204 1834//2205 1826//2206
f 1895//2207 1889//2208 1886//2209
f 1898//2210 1887//2211 1889//2212
f 1720//2213 1718//2214 1714//2215
f 1726//2216 1715//1736 1718//1737
f 1781//444 1723//445 1720//329
f 1783//446 1721//447 1723//326
f 1782//2217 1779//1194 1775//1168
f 1785//2218 1773//2219 1779//2220
f 1840//346 1906//778 1843//324
f 1906//454 1841//318 1843//455
f 1842//2221 1839//2222 1835//1167
f 1845//2223 1833//2224 1839//1746
f 1902//782 1896//783 1893//1200
f 1905//2225 1894//2226 1896//2227
f 1727//1203 1725//468 1721//786
f 1733//1499 1722//1500 1725//789
f 1788//473 1730//474 1727//327
f 1790//1501 1728//476 1730//360
f 1782//792 1792//2228 1786//479
f 1786//1208 1788//2229 1780//1210
f 1907//483 1850//349 1847//381
f 1913//795 1848//346 1850//485
f 1849//2230 1846//2231 1842//2232
f 1852//2233 1840//2234 1846//2235
f 1900//1935 1912//1936 1903//1937
f 1903//2236 1908//2237 1901//2238
f 1734//803 1732//1508 1728//500
f 1740//501 1729//502 1732//804
f 1795//504 1737//505 1734//358
f 1797//506 1735//507 1737//392
f 1789//508 1799//509 1793//510
f 1793//511 1795//807 1787//513
f 1914//514 1857//384 1854//335
f 1920//515 1855//381 1857//516
f 1856//2239 1853//2240 1849//2241
f 1859//2242 1847//809 1853//2243
f 1907//810 1919//811 1910//2244
f 1910//1760 1915//2245 1908//2246
f 1684//1940 1739//530 1689//2247
f 1689//2248 1735//2249 1681//2250
f 1794//2251 1745//2252 1741//2253
f 1800//2254 1742//2255 1745//2256
f 1854//541 1808//542 1803//1047
f 1860//2257 1804//2258 1808//2259
f 1864//2260 1917//2261 1869//2262
f 1869//2263 1914//551 1861//826
f 1794//314 1681//314 1735//314
f 1744//318 1691//318 1682//318
f 1683//318 1812//318 1801//318
f 1684//336 1856//336 1736//336
f 1693//336 1821//336 1813//336
f 1750//346 1699//346 1692//346
f 1701//336 1828//336 1821//336
f 1759//381 1706//381 1700//381
f 1708//336 1835//336 1828//336
f 1766//335 1713//335 1707//335
f 1722//336 1835//336 1715//336
f 1773//330 1720//330 1714//330
f 1729//336 1842//336 1722//336
f 1780//327 1727//327 1721//327
f 1736//336 1849//336 1729//336
f 1787//358 1734//358 1728//358
f 1752//330 1863//330 1872//330
f 1742//1168 1915//1168 1864//1168
f 1753//466 1880//466 1761//466
f 1761//337 1887//337 1768//337
f 1768//337 1894//337 1775//337
f 1775//337 1901//337 1782//337
f 1789//337 1901//337 1908//337
f 1796//337 1908//337 1915//337
f 1873//330 1802//330 1811//330
f 1861//335 1854//335 1803//335
f 1881//327 1810//327 1820//327
f 1888//358 1819//358 1827//358
f 1895//314 1826//314 1834//314
f 1902//318 1833//318 1841//318
f 1909//346 1840//346 1848//346
f 1916//381 1847//381 1855//381
f 1921//1950 1926//1951 1929//1952
f 1927//1953 1925//1954 1922//1955
f 1923//1956 1926//1957 1927//1958
f 1929//1959 1928//11 1924//829
f 1930//1960 1935//1961 1938//1962
f 1936//16 1934//17 1931//18
f 1932//2264 1935//2265 1936//2266
f 1938//833 1937//1965 1933//1966
f 1939//25 1943//563 1945//27
f 1944//564 1942//29 1940//1968
f 1941//2267 1943//2268 1944//2269
f 1946//2270 1950//569 1952//1547
f 1951//2271 1949//1549 1947//39
f 1948//2272 1950//2273 1951//2274
f 1953//2275 1957//2276 1959//2277
f 1958//2278 1956//2279 1954//2280
f 1955//2281 1957//2282 1958//2283
f 1963//1983 1966//2284 1960//54
f 1961//2285 1964//2286 1963//1783
f 1962//2287 1964//2288 1965//2289
f 1970//2290 1973//858 1967//63
f 1968//2291 1971//2292 1970//2293
f 1969//2294 1971//2295 1972//2296
f 1977//593 1980//1574 1974//1995
f 1975//2297 1978//2298 1977//2299
f 1976//2300 1978//2301 1979//2302
f 1981//1281 1986//2000 1989//1282
f 1987//2001 1985//2002 1982//2003
f 1983//2004 1986//2005 1987//2006
f 1989//2007 1988//1953 1984//2008
f 1990//2009 1995//2010 1998//2011
f 1996//875 1994//94 1991//608
f 1992//96 1995//609 1996//2012
f 1998//99 1997//880 1993//2013
f 2002//102 2005//1797 1999//2015
f 2000//2303 2003//2304 2002//2305
f 2001//1582 2003//2306 2004//2307
f 2009//888 2012//1802 2006//113
f 2007//114 2010//621 2009//116
f 2008//2308 2010//2309 2011//2310
f 2016//120 2019//2311 2013//122
f 2014//2312 2017//124 2016//125
f 2015//1082 2017//895 2018//1312
f 2020//129 2024//897 2026//131
f 2025//2313 2023//2314 2021//2315
f 2022//2316 2024//2317 2025//2318
f 2027//2319 2031//2320 2033//2321
f 2032//141 2030//2046 2028//1321
f 2029//2322 2031//1323 2032//903
f 2034//147 2038//2323 2040//149
f 2039//2324 2037//151 2035//1328
f 2036//2325 2038//2326 2039//2327
f 2041//2054 2046//2055 2049//2056
f 2047//910 2045//160 2042//2057
f 2043//1334 2046//1613 2047//1335
f 2049//2328 2048//2329 2044//1616
f 2050//911 2055//912 2058//913
f 2056//2063 2054//2064 2051//916
f 2052//2065 2055//2066 2056//2067
f 2058//2330 2057//2331 2053//1105
f 2059//1617 2063//2332 2065//925
f 2060//2333 2063//2334 2062//2335
f 2065//1828 2064//2336 2061//2337
f 2066//2338 2070//2339 2072//2340
f 2071//2341 2069//933 2067//194
f 2072//2342 2071//2343 2068//2344
f 2073//2345 2077//2346 2079//2347
f 2078//2348 2076//2349 2074//2350
f 2079//2351 2078//2352 2075//1842
f 2083//2353 2086//2354 2080//2094
f 2081//1642 2084//2355 2083//2356
f 2086//945 2085//214 2082//2357
f 2090//2358 2093//2359 2087//2360
f 2088//2361 2091//2362 2090//2363
f 2093//2364 2092//2365 2089//2366
f 2094//1379 2098//2367 2100//2368
f 2095//2369 2098//1849 2097//685
f 2100//2370 2099//1851 2096//2371
f 2101//1385 2106//2372 2109//2373
f 2107//2117 2105//2118 2102//2119
f 2103//240 2106//2120 2107//959
f 2109//692 2108//960 2104//245
f 2110//246 2115//694 2118//248
f 2116//2374 2114//2375 2111//2376
f 2112//2125 2115//2126 2116//1134
f 2118//965 2117//256 2113//1135
f 2119//2127 2123//2128 2125//1136
f 2124//2129 2122//2130 2120//2131
f 2121//2377 2123//2378 2124//2379
f 2126//2380 2130//2135 2132//269
f 2131//2381 2129//1670 2127//1671
f 2132//2139 2131//2140 2128//2141
f 2133//2142 2137//1146 2139//1147
f 2138//2382 2136//2383 2134//2384
f 2139//2385 2138//2386 2135//2387
f 2143//1420 2146//2388 2140//2389
f 2145//2149 2143//2150 2141//2151
f 2142//1426 2144//2390 2145//2153
f 2150//2391 2153//2392 2147//985
f 2152//2393 2150//2394 2148//2395
f 2149//2158 2151//2396 2152//2160
f 2154//2397 2158//2398 2160//2399
f 2159//2400 2157//1691 2155//2163
f 2156//309 2158//2164 2159//311
f 1981//312 1925//730 1921//731
f 1989//1438 1922//316 1925//317
f 1931//318 1927//318 1922//318
f 1934//318 1923//318 1927//318
f 1991//319 1936//1439 1931//321
f 1994//732 1932//323 1936//324
f 1983//318 1996//318 1988//318
f 1988//318 1991//318 1984//318
f 2110//325 2054//326 2050//733
f 2118//328 2051//329 2054//326
f 2041//330 2056//330 2045//330
f 2045//330 2051//330 2042//330
f 2102//331 2047//332 2042//333
f 2105//334 2043//1440 2047//332
f 2113//330 2107//330 2102//330
f 2117//330 2103//330 2107//330
f 1923//1874 2049//1874 1928//1874
f 1928//336 2044//336 1924//336
f 2053//336 1938//336 1933//336
f 2057//1696 1930//1696 1938//1696
f 1992//1875 2116//1875 1997//1875
f 1997//337 2111//337 1993//337
f 2104//337 1987//337 1982//337
f 2108//1699 1983//1699 1987//1699
f 1939//2401 1937//2402 1932//2403
f 1945//2404 1933//1879 1937//1880
f 2000//344 1942//345 1939//346
f 2002//347 1940//348 1942//349
f 1993//2405 2004//2406 1998//2407
f 1998//2172 2000//738 1990//355
f 2119//356 2062//357 2059//358
f 2125//359 2060//327 2062//360
f 2053//2408 2064//2409 2058//2410
f 2058//1711 2060//1712 2050//998
f 2121//2411 2114//2412 2110//2413
f 2124//2414 2111//1000 2114//1181
f 1940//373 1952//374 1944//1003
f 1944//1455 1948//749 1941//750
f 2007//379 1949//1457 1946//381
f 2009//382 1947//383 1949//384
f 2008//751 2005//1459 2001//752
f 2011//2186 1999//389 2005//1460
f 2126//391 2069//392 2066//314
f 2132//393 2067//358 2069//392
f 2061//754 2071//2187 2065//2188
f 2065//398 2067//399 2059//1010
f 2128//401 2122//2189 2119//1717
f 2131//2190 2120//1011 2122//2191
f 1947//1465 1959//2415 1951//2416
f 1951//2193 1955//2194 1948//2195
f 2014//413 1956//414 1953//335
f 2016//415 1954//1469 1956//1470
f 2015//2417 2012//2418 2008//2419
f 2018//2420 2006//2199 2012//2421
f 2133//1474 2076//424 2073//318
f 2076//317 2135//765 2074//314
f 2068//2202 2078//2203 2072//1906
f 2072//768 2074//2422 2066//432
f 2135//2423 2129//1186 2126//2424
f 2138//2425 2127//2426 2129//2427
f 1954//2428 1966//2429 1958//1487
f 1966//2430 1955//2431 1958//2432
f 2021//444 1963//445 1960//329
f 2023//446 1961//447 1963//326
f 2022//2217 2019//1194 2015//1195
f 2019//1915 2021//2433 2013//1019
f 2080//346 2146//778 2083//324
f 2083//455 2142//2434 2081//318
f 2082//2435 2079//1492 2075//1441
f 2079//2436 2081//2437 2073//318
f 2142//1199 2136//464 2133//1200
f 2145//1201 2134//2226 2136//2438
f 1967//2439 1965//2440 1961//2441
f 1973//2442 1962//471 1965//472
f 2028//473 1970//474 1967//327
f 2030//1501 1968//476 1970//360
f 2022//1752 2032//2443 2026//479
f 2026//480 2028//481 2020//482
f 2147//483 2090//349 2087//381
f 2153//795 2088//346 2090//485
f 2089//2444 2086//2445 2082//2446
f 2092//2447 2080//2448 2086//2449
f 2140//1935 2152//1936 2143//1937
f 2143//2450 2148//2451 2141//2452
f 1974//803 1972//1508 1968//500
f 1980//501 1969//502 1972//804
f 2035//504 1977//505 1974//358
f 2037//506 1975//507 1977//392
f 2029//2453 2039//2454 2033//2455
f 2033//511 2035//2456 2027//2457
f 2154//514 2097//384 2094//335
f 2160//515 2095//381 2097//516
f 2096//2458 2093//1513 2089//2459
f 2099//2460 2087//809 2093//2243
f 2147//523 2159//2461 2150//2244
f 2150//2462 2155//2463 2148//1038
f 1924//2464 1979//2465 1929//2466
f 1929//2467 1975//814 1921//534
f 2034//2251 1985//2468 1981//2253
f 2040//2469 1982//2470 1985//2471
f 2094//1525 2048//542 2043//818
f 2100//2472 2044//2473 2048//2474
f 2104//2475 2157//2476 2109//2477
f 2109//2478 2154//2479 2101//2480
f 2034//314 1921//314 1975//314
f 1984//318 1931//318 1922//318
f 1923//318 2052//318 2041//318
f 1924//458 2096//458 1976//458
f 1933//336 2061//336 2053//336
f 1990//346 1939//346 1932//346
f 1941//336 2068//336 2061//336
f 1999//381 1946//381 1940//381
f 1948//336 2075//336 2068//336
f 2006//335 1953//335 1947//335
f 1962//336 2075//336 1955//336
f 2013//330 1960//330 1954//330
f 1969//336 2082//336 1962//336
f 2020//327 1967//327 1961//327
f 1976//336 2089//336 1969//336
f 2027//358 1974//358 1968//358
f 1992//330 2103//330 2112//330
f 1982//337 2155//337 2104//337
f 1993//337 2120//337 2001//337
f 2001//337 2127//337 2008//337
f 2008//337 2134//337 2015//337
f 2015//337 2141//337 2022//337
f 2029//337 2141//337 2148//337
f 2036//337 2148//337 2155//337
f 2113//330 2042//330 2051//330
f 2101//335 2094//335 2043//335
f 2121//327 2050//327 2060//327
f 2128//358 2059//358 2067//358
f 2135//314 2066//314 2074//314
f 2142//318 2073//318 2081//318
f 2149//346 2080//346 2088//346
f 2156//381 2087//381 2095//381
f 2161//1950 2166//1951 2169//2481
f 2167//1953 2165//1954 2162//1955
f 2163//1956 2166//1957 2167//1958
f 2169//1959 2168//11 2164//829
f 2170//1960 2175//1961 2178//1962
f 2176//16 2174//17 2171//18
f 2172//2264 2175//2482 2176//2266
f 2178//560 2177//2483 2173//2484
f 2179//1244 2183//1245 2185//1540
f 2184//564 2182//29 2180//1968
f 2181//2485 2183//2268 2184//2486
f 2186//2270 2190//569 2192//1547
f 2191//2271 2189//1549 2187//39
f 2188//2272 2190//2273 2191//2274
f 2193//2275 2197//2276 2199//2277
f 2198//2278 2196//2279 2194//2280
f 2195//2281 2197//2282 2198//2283
f 2203//2487 2206//2488 2200//1985
f 2201//2285 2204//2489 2203//2490
f 2202//583 2204//2491 2205//2492
f 2210//61 2213//858 2207//859
f 2208//1787 2211//1070 2210//2493
f 2209//2494 2211//2495 2212//2496
f 2217//593 2220//1574 2214//1995
f 2215//2297 2218//2497 2217//2299
f 2216//2498 2218//2499 2219//2500
f 2221//1281 2226//2000 2229//1282
f 2227//2001 2225//2002 2222//2003
f 2223//2004 2226//2005 2227//2006
f 2229//2007 2228//1953 2224//2008
f 2230//2009 2235//2010 2238//2501
f 2236//875 2234//94 2231//608
f 2232//96 2235//609 2236//2012
f 2238//99 2237//880 2233//2013
f 2242//102 2245//2502 2239//2015
f 2240//614 2243//2503 2242//107
f 2241//2504 2243//2505 2244//2506
f 2249//888 2252//2020 2246//2021
f 2247//1306 2250//2023 2249//2024
f 2248//2507 2250//2026 2251//2508
f 2256//120 2259//2028 2253//893
f 2254//2509 2257//2510 2256//2511
f 2255//2512 2257//2513 2258//2514
f 2260//2033 2264//2034 2266//2035
f 2265//2036 2263//2037 2261//2038
f 2262//2039 2264//2040 2265//2041
f 2267//138 2271//2515 2273//2516
f 2272//2045 2270//2046 2268//1321
f 2269//2517 2271//2518 2272//2519
f 2274//147 2278//2050 2280//149
f 2279//2520 2277//644 2275//1328
f 2276//2521 2278//2522 2279//2523
f 2281//2054 2286//2055 2289//2056
f 2287//910 2285//160 2282//2057
f 2283//1334 2286//1613 2287//1335
f 2289//2328 2288//2329 2284//1616
f 2290//2060 2295//2061 2298//2062
f 2296//2063 2294//2064 2291//916
f 2292//2065 2295//2066 2296//2067
f 2298//2068 2297//921 2293//2069
f 2299//2524 2303//1348 2305//2525
f 2300//2333 2303//2334 2302//2335
f 2305//928 2304//2526 2301//929
f 2306//2338 2310//2339 2312//2340
f 2311//1627 2309//933 2307//194
f 2312//2342 2311//2343 2308//2344
f 2313//2527 2317//2528 2319//2529
f 2318//2348 2316//2349 2314//2350
f 2319//2351 2318//2530 2315//940
f 2323//2353 2326//2531 2320//2094
f 2321//1642 2324//2355 2323//2356
f 2326//945 2325//214 2322//2357
f 2330//2358 2333//2359 2327//2360
f 2328//678 2331//220 2330//1649
f 2333//2532 2332//2533 2329//2534
f 2334//1379 2338//2367 2340//2368
f 2335//2369 2338//1849 2337//685
f 2340//2370 2339//1851 2336//2371
f 2341//688 2346//2115 2349//2116
f 2347//2117 2345//2118 2342//2119
f 2343//240 2346//2120 2347//959
f 2349//2121 2348//2122 2344//245
f 2350//246 2355//694 2358//248
f 2356//2374 2354//2375 2351//2376
f 2352//2125 2355//2126 2356//1134
f 2358//965 2357//256 2353//1135
f 2359//2535 2363//2536 2365//2537
f 2364//2538 2362//2539 2360//2540
f 2361//2541 2363//2542 2364//2543
f 2366//2544 2370//2545 2372//2546
f 2371//2547 2369//2548 2367//2549
f 2372//2550 2371//2551 2368//275
f 2373//2552 2377//2553 2379//2554
f 2378//2555 2376//2556 2374//2557
f 2379//282 2378//2558 2375//1152
f 2383//2559 2386//2388 2380//2389
f 2385//2560 2383//2561 2381//2562
f 2382//2563 2384//2564 2385//2565
f 2390//2566 2393//295 2387//1431
f 2392//2567 2390//2568 2388//2569
f 2389//2570 2391//2571 2392//2572
f 2394//2573 2398//2574 2400//726
f 2399//2575 2397//2576 2395//2577
f 2396//2578 2398//1694 2399//2579
f 2221//312 2165//730 2161//731
f 2229//1438 2162//316 2165//317
f 2171//318 2167//318 2162//318
f 2174//318 2163//318 2167//318
f 2231//319 2176//1439 2171//321
f 2234//732 2172//323 2176//324
f 2223//318 2236//318 2228//318
f 2228//318 2231//318 2224//318
f 2350//325 2294//326 2290//733
f 2358//328 2291//329 2294//326
f 2281//330 2296//330 2285//330
f 2285//330 2291//330 2282//330
f 2342//331 2287//332 2282//333
f 2345//334 2283//1440 2287//332
f 2353//330 2347//330 2342//330
f 2357//330 2343//330 2347//330
f 2163//336 2289//336 2168//336
f 2168//336 2284//336 2164//336
f 2293//336 2178//336 2173//336
f 2297//1696 2170//1696 2178//1696
f 2232//337 2356//337 2237//337
f 2237//337 2351//337 2233//337
f 2344//337 2227//337 2222//337
f 2348//1699 2223//1699 2227//1699
f 2179//338 2177//339 2172//1443
f 2185//2580 2173//2581 2177//2582
f 2240//344 2182//345 2179//346
f 2242//347 2180//348 2182//349
f 2233//2583 2244//2584 2238//2585
f 2238//2586 2240//2587 2230//2588
f 2359//356 2302//357 2299//358
f 2365//359 2300//327 2302//360
f 2293//361 2304//2173 2298//2174
f 2298//2589 2300//2590 2290//2591
f 2361//2592 2354//2593 2350//1179
f 2364//2594 2351//2595 2354//2596
f 2180//373 2192//374 2184//1003
f 2184//1455 2188//749 2181//750
f 2247//379 2189//1457 2186//381
f 2249//382 2187//383 2189//384
f 2248//2597 2245//2598 2241//2599
f 2251//753 2239//389 2245//390
f 2366//391 2309//392 2306//314
f 2372//393 2307//358 2309//392
f 2301//395 2311//1462 2305//1463
f 2305//398 2307//1715 2299//2600
f 2368//401 2362//2189 2359//1717
f 2371//2190 2360//1011 2362//2191
f 2187//1465 2199//2415 2191//2416
f 2191//2193 2195//2194 2188//2195
f 2254//413 2196//414 2193//335
f 2256//415 2194//1469 2196//1470
f 2255//2601 2252//2602 2248//1727
f 2258//2603 2246//764 2252//2604
f 2373//1474 2316//424 2313//318
f 2316//317 2375//765 2314//314
f 2308//2202 2318//2203 2312//1906
f 2312//2204 2314//2205 2306//2206
f 2375//2605 2369//2208 2366//2209
f 2378//2606 2367//2607 2369//2608
f 2200//2609 2198//1190 2194//330
f 2206//2610 2195//442 2198//773
f 2261//444 2203//445 2200//329
f 2263//446 2201//447 2203//326
f 2262//2611 2259//2612 2255//1700
f 2265//2218 2253//2613 2259//2220
f 2320//346 2386//778 2323//324
f 2323//455 2382//2434 2321//318
f 2322//2614 2319//2615 2315//988
f 2325//781 2313//1024 2319//1025
f 2373//2616 2385//2617 2376//2618
f 2385//2619 2374//2620 2376//2621
f 2207//2622 2205//2623 2201//2624
f 2213//2625 2202//2626 2205//2627
f 2268//473 2210//474 2207//327
f 2270//1501 2208//476 2210//360
f 2262//792 2272//2228 2266//479
f 2266//1208 2268//2229 2260//1210
f 2387//483 2330//349 2327//381
f 2393//795 2328//346 2330//485
f 2329//2628 2326//2629 2322//2630
f 2332//2631 2320//2632 2326//2633
f 2380//1935 2392//1936 2383//1937
f 2383//2450 2388//2451 2381//2452
f 2214//2634 2212//1508 2208//2635
f 2220//2636 2209//2637 2212//2638
f 2275//504 2217//505 2214//358
f 2277//506 2215//507 2217//392
f 2269//2453 2279//2454 2273//2455
f 2273//511 2275//2456 2267//2457
f 2394//514 2337//384 2334//335
f 2400//515 2335//381 2337//516
f 2336//2458 2333//1513 2329//2459
f 2339//2460 2327//809 2333//2243
f 2387//810 2399//811 2390//2244
f 2390//1760 2395//2245 2388//2246
f 2164//2639 2219//2640 2169//2641
f 2169//2467 2215//814 2161//534
f 2274//2642 2225//2468 2221//2643
f 2280//2644 2222//1044 2225//2645
f 2334//2646 2288//2647 2283//1947
f 2340//2648 2284//820 2288//1772
f 2344//2649 2397//2650 2349//2651
f 2349//2652 2394//2653 2341//2654
f 2215//314 2221//314 2161//314
f 2224//318 2171//318 2162//318
f 2163//330 2292//330 2281//330
f 2164//988 2336//988 2216//988
f 2173//336 2301//336 2293//336
f 2230//346 2179//346 2172//346
f 2181//336 2308//336 2301//336
f 2239//381 2186//381 2180//381
f 2188//336 2315//336 2308//336
f 2246//335 2193//335 2187//335
f 2202//336 2315//336 2195//336
f 2253//330 2200//330 2194//330
f 2209//336 2322//336 2202//336
f 2260//327 2207//327 2201//327
f 2216//336 2329//336 2209//336
f 2267//358 2214//358 2208//358
f 2232//330 2343//330 2352//330
f 2222//337 2395//337 2344//337
f 2233//337 2360//337 2241//337
f 2241//337 2367//337 2248//337
f 2248//337 2374//337 2255//337
f 2255//337 2381//337 2262//337
f 2269//337 2381//337 2388//337
f 2276//337 2388//337 2395//337
f 2353//330 2282//330 2291//330
f 2341//335 2334//335 2283//335
f 2361//327 2290//327 2300//327
f 2368//358 2299//358 2307//358
f 2375//314 2306//314 2314//314
f 2382//318 2313//318 2321//318
f 2389//346 2320//346 2328//346
f 2396//381 2327//381 2335//381
f 2401//1950 2406//1951 2409//1952
f 2407//1953 2405//1954 2402//1955
f 2403//1956 2406//1957 2407//1958
f 2409//1959 2408//11 2404//829
f 2410//1960 2415//1961 2418//1962
f 2416//16 2414//17 2411//18
f 2412//2264 2415//2482 2416//2266
f 2418//560 2417//1537 2413//2484
f 2419//25 2423//2655 2425//27
f 2424//2656 2422//29 2420//1968
f 2421//1057 2423//2657 2424//2658
f 2426//34 2430//1972 2432//1973
f 2431//37 2429//1251 2427//39
f 2428//2659 2430//2660 2431//2661
f 2433//575 2437//44 2439//45
f 2438//1977 2436//1978 2434//1979
f 2435//1980 2437//1981 2438//1982
f 2443//52 2446//2662 2440//54
f 2441//2663 2444//56 2443//57
f 2442//2664 2444//2665 2445//2666
f 2450//2667 2453//2668 2447//63
f 2448//64 2451//1070 2450//66
f 2449//1991 2451//1992 2452//1993
f 2457//70 2460//1994 2454//1995
f 2455//1791 2458//2669 2457//2670
f 2456//1997 2458//1998 2459//1999
f 2461//1281 2466//2000 2469//1282
f 2467//2001 2465//2002 2462//2003
f 2463//2004 2466//2005 2467//2006
f 2469//2007 2468//1953 2464//2008
f 2470//2009 2475//2010 2478//2011
f 2476//875 2474//94 2471//608
f 2472//96 2475//609 2476//2012
f 2478//99 2477//880 2473//2013
f 2482//2671 2485//2672 2479//1298
f 2480//614 2483//2503 2482//107
f 2481//2673 2483//2018 2484//2674
f 2489//888 2492//2020 2486//2021
f 2487//1306 2490//2023 2489//2024
f 2488//2507 2490//2026 2491//2675
f 2496//120 2499//2028 2493//893
f 2494//2676 2497//2677 2496//2678
f 2495//2031 2497//127 2498//2032
f 2500//2679 2504//2680 2506//2681
f 2505//2036 2503//2037 2501//2038
f 2502//2682 2504//2683 2505//2684
f 2507//138 2511//2515 2513//2685
f 2512//2686 2510//2046 2508//1321
f 2509//2687 2511//2688 2512//2689
f 2514//147 2518//2690 2520//149
f 2519//2691 2517//2692 2515//1328
f 2516//153 2518//2693 2519//2694
f 2521//2695 2526//2696 2529//2697
f 2527//910 2525//160 2522//2057
f 2523//1334 2526//650 2527//1335
f 2529//2058 2528//2059 2524//167
f 2530//911 2535//912 2538//913
f 2536//2063 2534//2064 2531//916
f 2532//2065 2535//2066 2536//2067
f 2538//2330 2537//2331 2533//1105
f 2539//657 2543//2698 2545//182
f 2540//2699 2543//1620 2542//2700
f 2545//2074 2544//2075 2541//2076
f 2546//2701 2550//2702 2552//2703
f 2551//2080 2549//193 2547//194
f 2552//2704 2551//2705 2548//2706
f 2553//2707 2557//2708 2559//2709
f 2558//2710 2556//2088 2554//2711
f 2559//1118 2558//2712 2555//206
f 2563//2713 2566//2714 2560//2715
f 2561//2095 2564//211 2563//2097
f 2566//2716 2565//2717 2562//2718
f 2570//2719 2573//2720 2567//2360
f 2568//2721 2571//2722 2570//2723
f 2573//2724 2572//2725 2569//2726
f 2574//681 2578//2727 2580//2728
f 2575//228 2578//2729 2577//685
f 2580//2730 2579//2731 2576//2732
f 2581//1385 2586//2372 2589//2373
f 2587//2117 2585//2118 2582//2119
f 2583//240 2586//2120 2587//959
f 2589//692 2588//960 2584//245
f 2590//246 2595//694 2598//248
f 2596//2123 2594//2733 2591//251
f 2592//2734 2595//2735 2596//2736
f 2598//965 2597//256 2593//1135
f 2599//2535 2603//2737 2605//2537
f 2604//2738 2602//2739 2600//2740
f 2601//2741 2603//2742 2604//2743
f 2606//2544 2610//2545 2612//2546
f 2611//2547 2609//2548 2607//2549
f 2612//2550 2611//2551 2608//275
f 2613//2552 2617//2553 2619//2554
f 2618//2555 2616//2556 2614//2557
f 2619//282 2618//2558 2615//1152
f 2623//2559 2626//2388 2620//2389
f 2625//2560 2623//2561 2621//2562
f 2622//2563 2624//2564 2625//2565
f 2630//2744 2633//2745 2627//296
f 2632//2746 2630//2747 2628//2748
f 2629//2749 2631//2750 2632//2751
f 2634//2573 2638//2574 2640//726
f 2639//2752 2637//2753 2635//2577
f 2636//2578 2638//1694 2639//2754
f 2461//312 2405//730 2401//731
f 2469//1438 2402//316 2405//317
f 2411//318 2407//318 2402//318
f 2414//318 2403//318 2407//318
f 2471//319 2416//1439 2411//321
f 2474//732 2412//323 2416//324
f 2463//318 2476//318 2468//318
f 2468//318 2471//318 2464//318
f 2590//325 2534//326 2530//733
f 2598//328 2531//329 2534//326
f 2521//330 2536//330 2525//330
f 2525//330 2531//330 2522//330
f 2582//331 2527//332 2522//333
f 2585//334 2523//1440 2527//332
f 2593//330 2587//330 2582//330
f 2597//330 2583//330 2587//330
f 2403//336 2529//336 2408//336
f 2408//2755 2524//2755 2404//2755
f 2533//2756 2418//2756 2413//2756
f 2537//336 2410//336 2418//336
f 2472//337 2596//337 2477//337
f 2477//2757 2591//2757 2473//2757
f 2584//2758 2467//2758 2462//2758
f 2588//337 2463//337 2467//337
f 2419//2759 2417//339 2412//1171
f 2425//2760 2413//2761 2417//2762
f 2480//344 2422//345 2419//346
f 2482//347 2420//348 2422//349
f 2473//2405 2484//2406 2478//2407
f 2478//2172 2480//738 2470//355
f 2599//356 2542//357 2539//358
f 2605//359 2540//327 2542//360
f 2533//2763 2544//2764 2538//1887
f 2538//1711 2540//1712 2530//998
f 2601//2765 2594//2412 2590//2766
f 2604//2178 2591//2767 2594//2768
f 2420//373 2432//374 2424//1003
f 2424//1455 2428//749 2421//750
f 2487//379 2429//1457 2426//381
f 2489//382 2427//383 2429//384
f 2488//2769 2485//2770 2481//752
f 2491//2771 2479//1007 2485//2772
f 2606//391 2549//392 2546//314
f 2612//393 2547//358 2549//392
f 2541//754 2551//2187 2545//2188
f 2545//398 2547//399 2539//1010
f 2608//401 2602//2189 2599//1717
f 2611//2190 2600//1011 2602//2191
f 2427//407 2439//2192 2431//409
f 2431//2193 2435//2194 2428//2195
f 2494//413 2436//414 2433//335
f 2496//415 2434//1469 2436//1470
f 2495//2773 2492//2774 2488//2775
f 2498//2776 2486//2777 2492//2778
f 2613//1474 2556//424 2553//318
f 2556//317 2615//765 2554//314
f 2548//2779 2558//2780 2552//2781
f 2552//2782 2554//2783 2546//2784
f 2615//2605 2609//2208 2606//2209
f 2618//1187 2607//2785 2609//2786
f 2440//2787 2438//2788 2434//2789
f 2446//2790 2435//1913 2438//1487
f 2501//444 2443//445 2440//329
f 2503//446 2441//447 2443//326
f 2502//2217 2499//2791 2495//1195
f 2499//2792 2501//2793 2493//2794
f 2560//346 2626//778 2563//324
f 2563//455 2622//2434 2561//318
f 2562//1023 2559//457 2555//336
f 2565//2223 2553//2224 2559//2795
f 2613//2616 2625//2617 2616//2618
f 2625//2619 2614//2620 2616//2621
f 2447//2796 2445//1204 2441//1751
f 2453//2797 2442//2798 2445//2627
f 2508//473 2450//474 2447//327
f 2510//1501 2448//476 2450//360
f 2502//1752 2512//2443 2506//479
f 2506//2799 2508//2800 2500//2801
f 2627//483 2570//349 2567//381
f 2633//795 2568//346 2570//485
f 2569//2802 2566//2629 2562//2803
f 2572//1212 2560//490 2566//491
f 2620//1935 2632//1936 2623//1937
f 2623//2450 2628//2451 2621//2452
f 2454//803 2452//1508 2448//500
f 2460//501 2449//502 2452//804
f 2515//504 2457//505 2454//358
f 2517//506 2455//507 2457//392
f 2509//508 2519//2804 2513//2805
f 2513//2806 2515//2456 2507//513
f 2634//514 2577//384 2574//335
f 2640//515 2575//381 2577//516
f 2576//2458 2573//1513 2569//2459
f 2579//2460 2567//809 2573//2243
f 2627//523 2639//2461 2630//2244
f 2630//2462 2635//2463 2628//1038
f 2404//2464 2459//2465 2409//2466
f 2409//2467 2455//814 2401//534
f 2514//2807 2465//2252 2461//2253
f 2520//2808 2462//1523 2465//2809
f 2574//2810 2528//2811 2523//2812
f 2580//2813 2524//1527 2528//2814
f 2584//2475 2637//2476 2589//2477
f 2589//1530 2634//1531 2581//1228
f 2514//314 2401//314 2455//314
f 2464//318 2411//318 2402//318
f 2403//318 2532//318 2521//318
f 2404//336 2576//336 2456//336
f 2413//336 2541//336 2533//336
f 2412//346 2480//346 2419//346
f 2421//336 2548//336 2541//336
f 2479//381 2426//381 2420//381
f 2428//336 2555//336 2548//336
f 2486//335 2433//335 2427//335
f 2442//336 2555//336 2435//336
f 2493//330 2440//330 2434//330
f 2449//336 2562//336 2442//336
f 2500//327 2447//327 2441//327
f 2456//336 2569//336 2449//336
f 2507//358 2454//358 2448//358
f 2472//330 2583//330 2592//330
f 2462//337 2635//337 2584//337
f 2473//1442 2600//1442 2481//1442
f 2481//337 2607//337 2488//337
f 2488//337 2614//337 2495//337
f 2495//337 2621//337 2502//337
f 2509//337 2621//337 2628//337
f 2516//337 2628//337 2635//337
f 2593//330 2522//330 2531//330
f 2581//335 2574//335 2523//335
f 2601//327 2530//327 2540//327
f 2608//358 2539//358 2547//358
f 2615//314 2546//314 2554//314
f 2622//318 2553//318 2561//318
f 2629//346 2560//346 2568//346
f 2636//381 2567//381 2575//381
f 2641//1950 2646//1951 2649//2481
f 2647//1953 2645//1954 2642//1955
f 2643//1956 2646//1957 2647//1958
f 2649//1959 2648//11 2644//829
f 2650//1960 2655//1961 2658//1962
f 2656//16 2654//17 2651//18
f 2652//2264 2655//2482 2656//2266
f 2658//560 2657//1537 2653//2484
f 2659//25 2663//2655 2665//27
f 2664//2656 2662//29 2660//1968
f 2661//2815 2663//2816 2664//2817
f 2666//2818 2670//2819 2672//2820
f 2671//37 2669//1251 2667//39
f 2668//2821 2670//2822 2671//2823
f 2673//575 2677//44 2679//45
f 2678//1977 2676//1978 2674//1979
f 2675//1980 2677//1981 2678//1982
f 2683//1983 2686//53 2680//1985
f 2681//2824 2684//2825 2683//2826
f 2682//2827 2684//2828 2685//2829
f 2690//2667 2693//2668 2687//63
f 2688//64 2691//1070 2690//66
f 2689//2830 2691//2831 2692//2832
f 2697//70 2700//1994 2694//1995
f 2695//1791 2698//2669 2697//2670
f 2696//2300 2698//2833 2699//2834
f 2701//1281 2706//2000 2709//1282
f 2707//2001 2705//2002 2702//2003
f 2703//2004 2706//2005 2707//2006
f 2709//2007 2708//1953 2704//2008
f 2710//2009 2715//2010 2718//2011
f 2716//875 2714//94 2711//608
f 2712//96 2715//609 2716//2012
f 2718//99 2717//880 2713//2013
f 2722//102 2725//1797 2719//2015
f 2720//2303 2723//2304 2722//2305
f 2721//1582 2723//2306 2724//2307
f 2729//888 2732//1802 2726//113
f 2727//114 2730//621 2729//116
f 2728//2835 2730//2836 2731//2837
f 2736//2838 2739//2839 2733//2840
f 2734//2312 2737//124 2736//628
f 2735//2841 2737//2842 2738//2843
f 2740//2844 2744//1313 2746//2845
f 2745//2313 2743//2314 2741//2315
f 2742//2846 2744//2847 2745//2848
f 2747//2319 2751//2320 2753//2321
f 2752//141 2750//2046 2748//1321
f 2749//2849 2751//2850 2752//2851
f 2754//147 2758//2323 2760//149
f 2759//2324 2757//151 2755//1328
f 2756//2852 2758//2853 2759//2854
f 2761//2695 2766//2696 2769//2697
f 2767//910 2765//160 2762//2057
f 2763//1334 2766//1613 2767//1335
f 2769//2328 2768//2855 2764//1616
f 2770//2060 2775//2061 2778//2062
f 2776//2063 2774//2064 2771//916
f 2772//2065 2775//2066 2776//2067
f 2778//2856 2777//2857 2773//2858
f 2779//657 2783//2859 2785//2860
f 2780//2699 2783//1620 2782//2700
f 2785//2861 2784//2862 2781//2863
f 2786//2077 2790//2078 2792//2079
f 2791//192 2789//193 2787//194
f 2792//2864 2791//2865 2788//2083
f 2793//2084 2797//2866 2799//2086
f 2798//2348 2796//2867 2794//2350
f 2799//204 2798//2712 2795//1119
f 2803//941 2806//2531 2800//2868
f 2801//2095 2804//2096 2803//2097
f 2806//2869 2805//2870 2802//2718
f 2810//2719 2813//2720 2807//2360
f 2808//2721 2811//2722 2810//2723
f 2813//2724 2812//2871 2809//2726
f 2814//681 2818//2727 2820//227
f 2815//228 2818//2729 2817//685
f 2820//2730 2819//2731 2816//2732
f 2821//1385 2826//2372 2829//1386
f 2827//2117 2825//2118 2822//2119
f 2823//240 2826//2120 2827//959
f 2829//692 2828//960 2824//245
f 2830//246 2835//694 2838//248
f 2836//2123 2834//2733 2831//251
f 2832//2734 2835//2735 2836//2736
f 2838//965 2837//256 2833//1135
f 2839//698 2843//2872 2845//966
f 2844//2873 2842//2874 2840//2875
f 2841//2876 2843//2877 2844//2878
f 2846//1407 2850//1668 2852//705
f 2851//2136 2849//2137 2847//2138
f 2852//2139 2851//2140 2848//2141
f 2853//709 2857//2879 2859//2880
f 2858//1674 2856//2881 2854//2882
f 2859//977 2858//714 2855//1152
f 2863//2883 2866//2884 2860//2885
f 2865//2886 2863//2887 2861//2888
f 2862//2889 2864//2890 2865//1157
f 2870//294 2873//295 2867//296
f 2872//2155 2870//1433 2868//2157
f 2869//2891 2871//2892 2872//2893
f 2874//2573 2878//2398 2880//2894
f 2879//2895 2877//2896 2875//2897
f 2876//728 2878//729 2879//2898
f 2701//312 2645//730 2641//731
f 2709//1438 2642//316 2645//317
f 2651//318 2647//318 2642//318
f 2654//318 2643//318 2647//318
f 2711//319 2656//1439 2651//321
f 2714//732 2652//323 2656//324
f 2703//318 2716//318 2708//318
f 2708//318 2711//318 2704//318
f 2830//325 2774//326 2770//733
f 2838//328 2771//329 2774//326
f 2761//330 2776//330 2765//330
f 2765//330 2771//330 2762//330
f 2822//331 2767//332 2762//333
f 2825//334 2763//1440 2767//332
f 2833//330 2827//330 2822//330
f 2837//330 2823//330 2827//330
f 2643//336 2769//336 2648//336
f 2648//336 2764//336 2644//336
f 2773//2756 2658//2756 2653//2756
f 2777//336 2650//336 2658//336
f 2712//337 2836//337 2717//337
f 2717//337 2831//337 2713//337
f 2824//2758 2707//2758 2702//2758
f 2828//337 2703//337 2707//337
f 2659//2899 2657//2402 2652//340
f 2665//2900 2653//2901 2657//2902
f 2720//344 2662//345 2659//346
f 2722//347 2660//348 2662//349
f 2713//2405 2724//2406 2718//2407
f 2718//2903 2720//2904 2710//2905
f 2839//356 2782//357 2779//358
f 2845//359 2780//327 2782//360
f 2773//361 2784//2173 2778//2174
f 2778//2589 2780//2590 2770//2591
f 2841//367 2834//742 2830//743
f 2844//2906 2831//2179 2834//2907
f 2660//746 2672//747 2664//375
f 2664//2908 2668//2909 2661//2910
f 2727//379 2669//1457 2666//381
f 2729//382 2667//383 2669//384
f 2728//751 2725//1459 2721//752
f 2731//2186 2719//389 2725//1460
f 2846//391 2789//392 2786//314
f 2852//393 2787//358 2789//392
f 2781//395 2791//1462 2785//1463
f 2785//398 2787//1715 2779//2600
f 2848//2911 2842//2189 2839//2912
f 2851//2913 2840//405 2842//2914
f 2667//2915 2679//2916 2671//2917
f 2671//2193 2675//2194 2668//2195
f 2734//413 2676//414 2673//335
f 2736//415 2674//1469 2676//1470
f 2735//2196 2732//1726 2728//2197
f 2738//2918 2726//2919 2732//2920
f 2793//318 2859//1012 2796//424
f 2859//425 2794//2201 2796//317
f 2788//2921 2798//766 2792//429
f 2792//2922 2794//769 2786//432
f 2855//2605 2849//2208 2846//2209
f 2858//2923 2847//2785 2849//2924
f 2674//2925 2686//2926 2678//443
f 2686//2927 2675//2928 2678//2929
f 2741//444 2683//445 2680//329
f 2743//446 2681//447 2683//326
f 2742//774 2739//2930 2735//466
f 2745//2931 2733//2932 2739//1197
f 2800//346 2866//778 2803//324
f 2866//454 2801//318 2803//455
f 2802//1023 2799//2933 2795//458
f 2805//2934 2793//1745 2799//1746
f 2862//2935 2856//2936 2853//2937
f 2865//2938 2854//1497 2856//2939
f 2687//2796 2685//1204 2681//1751
f 2693//787 2682//1030 2685//2940
f 2748//473 2690//474 2687//327
f 2750//1501 2688//476 2690//360
f 2742//792 2752//2228 2746//479
f 2746//2941 2748//1504 2740//2942
f 2867//483 2810//349 2807//381
f 2873//795 2808//346 2810//485
f 2809//2943 2806//2944 2802//2945
f 2812//798 2800//1933 2806//491
f 2860//492 2872//800 2863//1215
f 2863//2946 2868//2947 2861//2948
f 2694//803 2692//1508 2688//500
f 2700//501 2689//502 2692//804
f 2755//504 2697//505 2694//358
f 2757//506 2695//507 2697//392
f 2749//2453 2759//2454 2753//2455
f 2753//511 2755//2456 2747//2457
f 2874//514 2817//384 2814//335
f 2880//515 2815//381 2817//516
f 2816//2458 2813//1513 2809//2459
f 2819//2460 2807//809 2813//2243
f 2867//523 2879//524 2870//525
f 2870//526 2875//2949 2868//1038
f 2644//2950 2699//2951 2649//2952
f 2649//2953 2695//2954 2641//2955
f 2754//2956 2705//2957 2701//2958
f 2760//2959 2702//2960 2705//2961
f 2814//1525 2768//2962 2763//818
f 2820//2963 2764//2964 2768//2965
f 2824//2966 2877//2967 2829//2968
f 2829//2969 2874//2479 2821//2480
f 2754//314 2641//314 2695//314
f 2704//318 2651//318 2642//318
f 2643//318 2772//318 2761//318
f 2644//458 2816//458 2696//458
f 2653//1167 2781//1167 2773//1167
f 2710//346 2659//346 2652//346
f 2661//336 2788//336 2781//336
f 2719//381 2666//381 2660//381
f 2668//336 2795//336 2788//336
f 2726//335 2673//335 2667//335
f 2682//336 2795//336 2675//336
f 2733//330 2680//330 2674//330
f 2689//336 2802//336 2682//336
f 2740//327 2687//327 2681//327
f 2696//336 2809//336 2689//336
f 2747//358 2694//358 2688//358
f 2712//330 2823//330 2832//330
f 2702//337 2875//337 2824//337
f 2713//466 2840//466 2721//466
f 2721//337 2847//337 2728//337
f 2728//337 2854//337 2735//337
f 2735//337 2861//337 2742//337
f 2749//337 2861//337 2868//337
f 2756//337 2868//337 2875//337
f 2833//330 2762//330 2771//330
f 2821//335 2814//335 2763//335
f 2841//327 2770//327 2780//327
f 2848//358 2779//358 2787//358
f 2855//314 2786//314 2794//314
f 2862//318 2793//318 2801//318
f 2869//346 2800//346 2808//346
f 2876//381 2807//381 2815//381
f 2881//1950 2886//1951 2889//1952
f 2887//1953 2885//1954 2882//1955
f 2883//1956 2886//1957 2887//1958
f 2889//1959 2888//11 2884//829
f 2890//1960 2895//1961 2898//1962
f 2896//16 2894//17 2891//18
f 2892//2264 2895//2482 2896//2266
f 2898//560 2897//1537 2893//2484
f 2899//25 2903//2970 2905//27
f 2904//2971 2902//2972 2900//1968
f 2901//2973 2903//2974 2904//2975
f 2906//2976 2910//2977 2912//2978
f 2911//2271 2909//1549 2907//39
f 2908//2979 2910//2980 2911//2981
f 2913//2982 2917//2983 2919//2984
f 2918//2278 2916//2279 2914//2280
f 2915//2985 2917//2986 2918//2987
f 2923//2487 2926//2988 2920//1985
f 2921//2285 2924//2286 2923//1783
f 2922//2287 2924//2288 2925//2289
f 2930//2290 2933//858 2927//63
f 2928//2989 2931//2990 2930//2991
f 2929//2992 2931//2993 2932//2994
f 2937//1274 2940//2995 2934//1275
f 2935//2297 2938//2996 2937//2299
f 2936//2997 2938//2998 2939//2999
f 2941//1281 2946//2000 2949//1282
f 2947//2001 2945//2002 2942//2003
f 2943//2004 2946//2005 2947//2006
f 2949//2007 2948//1953 2944//2008
f 2950//2009 2955//2010 2958//2011
f 2956//875 2954//94 2951//608
f 2952//96 2955//609 2956//2012
f 2958//99 2957//880 2953//2013
f 2962//102 2965//2502 2959//2015
f 2960//614 2963//2016 2962//107
f 2961//2017 2963//2018 2964//2019
f 2969//888 2972//2020 2966//2021
f 2967//3000 2970//3001 2969//3002
f 2968//3003 2970//3004 2971//3005
f 2976//3006 2979//3007 2973//626
f 2974//2676 2977//2677 2976//2678
f 2975//2031 2977//127 2978//2032
f 2980//3008 2984//3009 2986//3010
f 2985//2036 2983//2037 2981//2038
f 2982//2682 2984//2683 2985//2684
f 2987//3011 2991//3012 2993//2044
f 2992//3013 2990//1090 2988//143
f 2989//3014 2991//3015 2992//3016
f 2994//147 2998//2050 3000//149
f 2999//2520 2997//644 2995//1328
f 2996//3017 2998//3018 2999//3019
f 3001//2695 3006//2696 3009//2697
f 3007//159 3005//1333 3002//1612
f 3003//162 3006//650 3007//164
f 3009//2328 3008//2855 3004//1616
f 3010//911 3015//912 3018//913
f 3016//2063 3014//2064 3011//916
f 3012//1101 3015//918 3016//3020
f 3018//2330 3017//2331 3013//1105
f 3019//3021 3023//3022 3025//2525
f 3020//3023 3023//3024 3022//3025
f 3025//1828 3024//2336 3021//2337
f 3026//3026 3030//3027 3032//3028
f 3031//2341 3029//933 3027//194
f 3032//2342 3031//2343 3028//2344
f 3033//2345 3037//3029 3039//2347
f 3038//3030 3036//3031 3034//3032
f 3039//3033 3038//3034 3035//3035
f 3043//941 3046//3036 3040//3037
f 3041//1642 3044//3038 3043//2356
f 3046//3039 3045//214 3042//3040
f 3050//2358 3053//2359 3047//2360
f 3048//1843 3051//1844 3050//1845
f 3053//2364 3052//2365 3049//2366
f 3054//3041 3058//3042 3060//3043
f 3055//3044 3058//3045 3057//3046
f 3060//3047 3059//3048 3056//3049
f 3061//1385 3066//2372 3069//2373
f 3067//1387 3065//238 3062//1388
f 3063//240 3066//2120 3067//959
f 3069//692 3068//960 3064//245
f 3070//246 3075//694 3078//248
f 3076//2374 3074//3050 3071//2376
f 3072//2734 3075//2735 3076//2736
f 3078//255 3077//1399 3073//3051
f 3079//1400 3083//3052 3085//3053
f 3084//3054 3082//3055 3080//3056
f 3081//3057 3083//3058 3084//3059
f 3086//3060 3090//3061 3092//3062
f 3091//3063 3089//973 3087//3064
f 3092//3065 3091//274 3088//2141
f 3093//2552 3097//3066 3099//2554
f 3098//2555 3096//3067 3094//3068
f 3099//3069 3098//3070 3095//2387
f 3103//3071 3106//3072 3100//2885
f 3105//1677 3103//3073 3101//1425
f 3102//3074 3104//718 3105//1157
f 3110//2744 3113//2745 3107//296
f 3112//3075 3110//3076 3108//3077
f 3109//3078 3111//3079 3112//3080
f 3114//2573 3118//2574 3120//726
f 3119//3081 3117//3082 3115//1502
f 3116//2578 3118//1694 3119//2754
f 2941//312 2885//730 2881//731
f 2949//1438 2882//316 2885//317
f 2891//318 2887//318 2882//318
f 2894//318 2883//318 2887//318
f 2951//319 2896//1439 2891//321
f 2954//732 2892//323 2896//324
f 2943//318 2956//318 2948//318
f 2948//318 2951//318 2944//318
f 3070//325 3014//326 3010//733
f 3078//328 3011//329 3014//326
f 3001//330 3016//330 3005//330
f 3005//330 3011//330 3002//330
f 3062//331 3007//332 3002//333
f 3065//334 3003//1440 3007//332
f 3073//330 3067//330 3062//330
f 3077//330 3063//330 3067//330
f 2883//336 3009//336 2888//336
f 2888//2755 3004//2755 2884//2755
f 3013//2756 2898//2756 2893//2756
f 3017//3083 2890//3083 2898//3083
f 2952//337 3076//337 2957//337
f 2957//2757 3071//2757 2953//2757
f 3064//2758 2947//2758 2942//2758
f 3068//3084 2943//3084 2947//3084
f 2899//3085 2897//3086 2892//3087
f 2905//3088 2893//3089 2897//3090
f 2960//344 2902//345 2899//346
f 2962//347 2900//348 2902//349
f 2953//2405 2964//2406 2958//2407
f 2958//3091 2960//3092 2950//3093
f 3079//356 3022//357 3019//358
f 3085//359 3020//327 3022//360
f 3013//3094 3024//3095 3018//3096
f 3018//3097 3020//3098 3010//3099
f 3081//2411 3074//3100 3070//3101
f 3084//3102 3071//3103 3074//3104
f 2900//373 2912//3105 2904//3106
f 2904//3107 2908//3108 2901//750
f 2967//379 2909//1457 2906//381
f 2969//382 2907//383 2909//384
f 2968//2597 2965//2598 2961//2599
f 2971//753 2959//389 2965//390
f 3086//391 3029//392 3026//314
f 3092//393 3027//358 3029//392
f 3021//754 3031//2187 3025//2188
f 3025//398 3027//399 3019//1010
f 3088//3109 3082//402 3079//756
f 3091//3110 3080//3111 3082//406
f 2907//407 2919//2192 2911//409
f 2911//2193 2915//2194 2908//2195
f 2974//413 2916//414 2913//335
f 2976//415 2914//1469 2916//1470
f 2975//2417 2972//2418 2968//2419
f 2978//1471 2966//2199 2972//2421
f 3093//1474 3036//424 3033//318
f 3036//317 3095//765 3034//314
f 3028//3112 3038//3113 3032//3114
f 3032//3115 3034//3116 3026//3117
f 3095//3118 3089//3119 3086//3120
f 3098//2425 3087//2426 3089//2427
f 2914//2219 2926//3121 2918//3122
f 2926//3123 2915//3124 2918//3122
f 2981//444 2923//445 2920//329
f 2983//446 2921//447 2923//326
f 2982//3125 2979//2791 2975//3126
f 2985//3127 2973//2613 2979//2220
f 3040//346 3106//778 3043//324
f 3106//454 3041//318 3043//455
f 3042//2435 3039//1492 3035//1493
f 3039//2436 3041//2437 3033//318
f 3093//2616 3105//2617 3096//2618
f 3105//3128 3094//3129 3096//3130
f 2927//2796 2925//3131 2921//1751
f 2933//3132 2922//3133 2925//3134
f 2988//473 2930//474 2927//327
f 2990//1501 2928//476 2930//360
f 2982//477 2992//2443 2986//1207
f 2986//3135 2988//3136 2980//2801
f 3107//483 3050//349 3047//381
f 3113//795 3048//346 3050//485
f 3049//3137 3046//3138 3042//1931
f 3052//3139 3040//799 3046//491
f 3100//3140 3112//3141 3103//3142
f 3103//3143 3108//3144 3101//802
f 2934//803 2932//3145 2928//3146
f 2940//3147 2929//3148 2932//3149
f 2995//504 2937//505 2934//358
f 2997//506 2935//507 2937//392
f 2989//2453 2999//2454 2993//2455
f 2993//511 2995//2456 2987//2457
f 3114//514 3057//384 3054//335
f 3120//515 3055//381 3057//516
f 3056//2458 3053//1513 3049//2459
f 3059//2460 3047//809 3053//2243
f 3107//523 3119//2461 3110//2244
f 3110//2462 3115//2463 3108//1038
f 2884//2464 2939//2465 2889//2466
f 2889//2467 2935//814 2881//534
f 2994//3150 2945//1520 2941//1944
f 3000//3151 2942//2255 2945//2256
f 3054//3152 3008//3153 3003//2812
f 3060//3154 3004//3155 3008//3156
f 3064//3157 3117//3158 3069//3159
f 3069//2478 3114//2479 3061//2480
f 2994//314 2881//314 2935//314
f 2944//318 2891//318 2882//318
f 2883//330 3012//330 3001//330
f 2884//336 3056//336 2936//336
f 2893//336 3021//336 3013//336
f 2950//346 2899//346 2892//346
f 2901//336 3028//336 3021//336
f 2959//381 2906//381 2900//381
f 2908//336 3035//336 3028//336
f 2966//335 2913//335 2907//335
f 2922//336 3035//336 2915//336
f 2973//330 2920//330 2914//330
f 2929//336 3042//336 2922//336
f 2980//327 2927//327 2921//327
f 2936//336 3049//336 2929//336
f 2987//358 2934//358 2928//358
f 2952//330 3063//330 3072//330
f 2942//337 3115//337 3064//337
f 2953//337 3080//337 2961//337
f 2961//337 3087//337 2968//337
f 2968//337 3094//337 2975//337
f 2975//337 3101//337 2982//337
f 2989//337 3101//337 3108//337
f 2996//337 3108//337 3115//337
f 3073//330 3002//330 3011//330
f 3061//335 3054//335 3003//335
f 3081//327 3010//327 3020//327
f 3088//358 3019//358 3027//358
f 3095//314 3026//314 3034//314
f 3102//318 3033//318 3041//318
f 3109//346 3040//346 3048//346
f 3116//381 3047//381 3055//381
f 3121//3160 3126//3161 3129//3162
f 3127//3163 3125//3164 3122//3165
f 3123//3166 3126//3167 3127//3168
f 3129//3169 3128//3170 3124//3171
f 3130//3172 3135//3173 3138//3174
f 3136//3175 3134//3176 3131//3177
f 3132//3178 3135//3179 3136//3180
f 3138//3181 3137//23 3133//562
f 3139//3182 3143//3183 3145//3184
f 3144//3185 3142//3186 3140//3187
f 3141//3188 3143//3189 3144//3190
f 3146//3191 3150//3192 3152//3193
f 3151//3194 3149//3195 3147//3196
f 3148//3197 3150//3198 3151//3199
f 3153//3200 3157//3201 3159//3202
f 3158//3203 3156//3204 3154//3205
f 3155//3206 3157//3207 3158//3208
f 3163//3209 3166//3210 3160//3211
f 3161//3212 3164//3213 3163//3214
f 3162//3215 3164//3216 3165//3217
f 3170//3218 3173//3219 3167//3220
f 3168//3221 3171//3222 3170//3223
f 3169//3224 3171//3225 3172//3226
f 3177//3227 3180//3228 3174//3229
f 3175//3230 3178//3231 3177//3232
f 3176//3233 3178//1998 3179//3234
f 3181//1281 3186//80 3189//81
f 3187//3235 3185//3236 3182//3237
f 3183//3238 3186//3239 3187//3240
f 3189//3241 3188//3163 3184//3242
f 3190//3243 3195//3244 3198//3245
f 3196//3246 3194//3247 3191//3248
f 3192//3249 3195//3250 3196//3251
f 3198//3252 3197//3253 3193//3254
f 3202//3255 3205//3256 3199//3257
f 3200//3258 3203//3259 3202//3260
f 3201//3261 3203//3262 3204//3263
f 3209//3264 3212//3265 3206//3266
f 3207//3267 3210//3268 3209//3002
f 3208//3269 3210//3270 3211//3271
f 3216//3272 3219//3273 3213//3274
f 3214//3275 3217//3276 3216//3277
f 3215//3278 3217//3279 3218//3280
f 3220//3281 3224//3282 3226//3283
f 3225//3284 3223//3285 3221//3286
f 3222//3287 3224//3288 3225//3289
f 3227//3290 3231//3291 3233//3292
f 3232//3293 3230//3294 3228//3295
f 3229//3296 3231//3297 3232//3298
f 3234//3299 3238//3300 3240//3301
f 3239//3302 3237//644 3235//1328
f 3236//3303 3238//3304 3239//3305
f 3241//3306 3246//3307 3249//3308
f 3247//3309 3245//3310 3242//3311
f 3243//3312 3246//3313 3247//3314
f 3249//3315 3248//3316 3244//3317
f 3250//3318 3255//3319 3258//3320
f 3256//3321 3254//3322 3251//3323
f 3252//3324 3255//3325 3256//3326
f 3258//3327 3257//3328 3253//3329
f 3259//3330 3263//3331 3265//925
f 3260//3332 3263//3333 3262//3334
f 3265//3335 3264//3336 3261//3337
f 3266//3338 3270//3339 3272//3340
f 3271//3341 3269//3342 3267//3343
f 3272//3344 3271//3345 3268//3346
f 3273//3347 3277//3348 3279//3349
f 3278//3350 3276//3351 3274//3032
f 3279//3352 3278//939 3275//3353
f 3283//3354 3286//3355 3280//3356
f 3281//3357 3284//3358 3283//3359
f 3286//3360 3285//3361 3282//3362
f 3290//2358 3293//3363 3287//677
f 3288//3364 3291//3365 3290//3366
f 3293//3367 3292//3368 3289//3369
f 3294//3370 3298//3371 3300//3372
f 3295//3373 3298//3374 3297//3375
f 3300//3376 3299//3377 3296//3378
f 3301//688 3306//3379 3309//3380
f 3307//3381 3305//3382 3302//3383
f 3303//3384 3306//3385 3307//1391
f 3309//3386 3308//3387 3304//3388
f 3310//3389 3315//3390 3318//1395
f 3316//3391 3314//3392 3311//3393
f 3312//3394 3315//3395 3316//3396
f 3318//3397 3317//3398 3313//3399
f 3319//3400 3323//3401 3325//3402
f 3324//3403 3322//3404 3320//3405
f 3321//3406 3323//3407 3324//3408
f 3326//3409 3330//3410 3332//3411
f 3331//3412 3329//3413 3327//3414
f 3332//273 3331//3415 3328//275
f 3333//3416 3337//3417 3339//3418
f 3338//3419 3336//3420 3334//3421
f 3339//3422 3338//3423 3335//3424
f 3343//3425 3346//3426 3340//3427
f 3345//3428 3343//3429 3341//3430
f 3342//3431 3344//3432 3345//3433
f 3350//3434 3353//2745 3347//3435
f 3352//3436 3350//3437 3348//3438
f 3349//3439 3351//3440 3352//3441
f 3354//3442 3358//3443 3360//3444
f 3359//3445 3357//3446 3355//3447
f 3356//3448 3358//3449 3359//3450
f 3181//312 3125//730 3121//731
f 3189//315 3122//316 3125//317
f 3131//318 3127//318 3122//318
f 3134//318 3123//318 3127//318
f 3191//319 3136//320 3131//321
f 3194//732 3132//323 3136//324
f 3183//318 3196//318 3188//318
f 3188//318 3191//318 3184//318
f 3310//325 3254//326 3250//733
f 3318//328 3251//329 3254//326
f 3241//330 3256//330 3245//330
f 3245//330 3251//330 3242//330
f 3302//331 3247//332 3242//333
f 3305//334 3243//335 3247//332
f 3313//330 3307//330 3302//330
f 3317//330 3303//330 3307//330
f 3123//336 3249//336 3128//336
f 3128//3451 3244//3451 3124//3451
f 3253//1697 3138//1697 3133//1697
f 3257//3083 3130//3083 3138//3083
f 3192//3452 3316//3452 3197//3452
f 3197//3453 3311//3453 3193//3453
f 3304//1700 3187//1700 3182//1700
f 3308//3084 3183//3084 3187//3084
f 3139//3454 3137//3455 3132//3456
f 3145//3457 3133//3458 3137//3459
f 3200//344 3142//345 3139//346
f 3202//347 3140//348 3142//349
f 3193//3460 3204//3461 3198//3462
f 3198//3463 3200//3464 3190//3465
f 3319//356 3262//357 3259//358
f 3325//359 3260//327 3262//360
f 3253//3466 3264//3467 3258//3468
f 3258//3469 3260//997 3250//998
f 3321//2176 3314//3470 3310//3471
f 3324//3472 3311//3473 3314//3474
f 3140//746 3152//3475 3144//3476
f 3144//3477 3148//3478 3141//750
f 3207//379 3149//1457 3146//381
f 3209//382 3147//383 3149//384
f 3208//3479 3205//3480 3201//3481
f 3211//2771 3199//1007 3205//1008
f 3326//391 3269//392 3266//314
f 3332//393 3267//358 3269//394
f 3261//395 3271//3482 3265//2188
f 3265//3483 3267//3484 3259//400
f 3328//401 3322//402 3319//756
f 3331//3485 3320//3486 3322//3487
f 3147//407 3159//3488 3151//3489
f 3151//3490 3155//3491 3148//3492
f 3214//413 3156//414 3153//335
f 3216//415 3154//416 3156//332
f 3215//3493 3212//3494 3208//1727
f 3218//3495 3206//3496 3212//3497
f 3273//318 3339//1012 3276//3498
f 3339//425 3274//2201 3276//317
f 3268//3499 3278//3500 3272//3501
f 3272//3502 3274//3503 3266//3504
f 3335//2605 3329//2208 3326//3505
f 3338//3506 3327//1188 3329//1484
f 3160//3507 3158//3508 3154//3509
f 3166//3510 3155//1736 3158//1737
f 3221//444 3163//445 3160//330
f 3223//446 3161//447 3163//326
f 3222//3511 3219//449 3215//450
f 3225//3512 3213//2932 3219//2220
f 3280//346 3346//778 3283//324
f 3346//454 3281//318 3283//455
f 3275//3513 3285//3514 3279//3515
f 3285//3516 3273//3517 3279//3518
f 3342//3519 3336//463 3333//3520
f 3345//2938 3334//1497 3336//1498
f 3167//3521 3165//3522 3161//1751
f 3173//3523 3162//1500 3165//3524
f 3228//1031 3170//474 3167//327
f 3230//1501 3168//3525 3170//360
f 3222//3526 3232//3527 3226//3528
f 3226//3529 3228//3530 3220//482
f 3347//483 3290//349 3287//381
f 3353//484 3288//346 3290//485
f 3289//3531 3286//3532 3282//3533
f 3292//3534 3280//3535 3286//3536
f 3340//3537 3352//3538 3343//3539
f 3343//3540 3348//3541 3341//3542
f 3174//2634 3172//3543 3168//500
f 3180//3544 3169//502 3172//2638
f 3235//504 3177//505 3174//358
f 3237//506 3175//507 3177//392
f 3229//3545 3239//3546 3233//3547
f 3233//3548 3235//3549 3227//3550
f 3354//514 3297//384 3294//335
f 3360//515 3295//381 3297//516
f 3296//3551 3293//3552 3289//2241
f 3299//3553 3287//521 3293//3554
f 3347//810 3359//3555 3350//2244
f 3350//1760 3355//3556 3348//3557
f 3124//3558 3179//3559 3129//3560
f 3129//3561 3175//3562 3121//3563
f 3234//3564 3185//3565 3181//3566
f 3240//3567 3182//3568 3185//1768
f 3294//3569 3248//3570 3243//3571
f 3300//3572 3244//3573 3248//3574
f 3304//547 3357//2476 3309//1949
f 3309//3575 3354//3576 3301//3577
f 3234//314 3121//314 3175//314
f 3184//318 3131//318 3122//318
f 3123//318 3252//318 3241//318
f 3124//988 3296//988 3176//988
f 3133//336 3261//336 3253//336
f 3190//346 3139//346 3132//346
f 3141//336 3268//336 3261//336
f 3199//381 3146//381 3140//381
f 3148//336 3275//336 3268//336
f 3206//335 3153//335 3147//335
f 3162//336 3275//336 3155//336
f 3213//330 3160//330 3154//330
f 3169//336 3282//336 3162//336
f 3220//327 3167//327 3161//327
f 3176//336 3289//336 3169//336
f 3227//358 3174//358 3168//358
f 3192//330 3303//330 3312//330
f 3182//337 3355//337 3304//337
f 3193//337 3320//337 3201//337
f 3201//337 3327//337 3208//337
f 3208//337 3334//337 3215//337
f 3215//337 3341//337 3222//337
f 3229//337 3341//337 3348//337
f 3236//337 3348//337 3355//337
f 3313//330 3242//330 3251//330
f 3301//335 3294//335 3243//335
f 3321//327 3250//327 3260//327
f 3328//358 3259//358 3267//358
f 3335//314 3266//314 3274//314
f 3342//318 3273//318 3281//318
f 3349//346 3280//346 3288//346
f 3356//381 3287//381 3295//381
f 3361//1 3366//3578 3369//3579
f 3367//3163 3365//3164 3362//3165
f 3363//3166 3366//827 3367//3168
f 3369//3580 3368//3581 3364//3582
f 3370//3172 3375//3583 3378//3174
f 3376//3175 3374//3176 3371//3177
f 3372//3584 3375//3585 3376//3180
f 3378//3586 3377//3587 3373//3588
f 3379//3589 3383//3590 3385//3591
f 3384//28 3382//3592 3380//3593
f 3381//3594 3383//3595 3384//1774
f 3386//2270 3390//569 3392//843
f 3391//3596 3389//3597 3387//3598
f 3388//3599 3390//3600 3391//3601
f 3393//2275 3397//1554 3399//3602
f 3398//3603 3396//3604 3394//3605
f 3395//3606 3397//3607 3398//3608
f 3403//3609 3406//3610 3400//3611
f 3401//3612 3404//3613 3403//57
f 3402//855 3404//3614 3405//3615
f 3410//3616 3413//3617 3407//3618
f 3408//3619 3411//860 3410//3620
f 3409//3621 3411//3622 3412//3623
f 3417//3624 3420//71 3414//3625
f 3415//595 3418//865 3417//75
f 3416//3626 3418//3627 3419//3628
f 3421//1281 3426//80 3429//81
f 3427//3235 3425//3236 3422//3237
f 3423//3238 3426//3239 3427//3240
f 3429//3241 3428//3163 3424//3242
f 3430//3243 3435//3244 3438//3245
f 3436//3246 3434//3247 3431//3248
f 3432//3249 3435//3250 3436//3251
f 3438//3252 3437//3253 3433//3254
f 3442//3629 3445//3630 3439//3631
f 3440//3258 3443//3632 3442//3260
f 3441//3633 3443//3634 3444//3635
f 3449//3264 3452//3636 3446//3266
f 3447//3637 3450//3638 3449//3639
f 3448//3640 3450//3641 3451//3642
f 3456//3272 3459//3273 3453//3274
f 3454//3643 3457//3644 3456//628
f 3455//3645 3457//3646 3458//3647
f 3460//3281 3464//3282 3466//3283
f 3465//3284 3463//3285 3461//3286
f 3462//3287 3464//3288 3465//3289
f 3467//3648 3471//3649 3473//1318
f 3472//3293 3470//3294 3468//3295
f 3469//3650 3471//3651 3472//3652
f 3474//3653 3478//3654 3480//3655
f 3479//3656 3477//644 3475//1328
f 3476//3303 3478//3304 3479//3657
f 3481//3658 3486//1096 3489//1097
f 3487//3309 3485//3310 3482//3311
f 3483//3312 3486//3313 3487//3314
f 3489//3315 3488//3659 3484//3317
f 3490//3660 3495//3661 3498//3662
f 3496//3663 3494//3664 3491//3665
f 3492//3666 3495//3667 3496//3668
f 3498//3669 3497//3328 3493//3329
f 3499//3670 3503//3671 3505//3672
f 3500//3673 3503//184 3502//3674
f 3505//3675 3504//3676 3501//3677
f 3506//3678 3510//3679 3512//3680
f 3511//3681 3509//3682 3507//665
f 3512//3683 3511//3684 3508//3685
f 3513//3686 3517//3687 3519//3688
f 3518//3689 3516//2349 3514//1365
f 3519//3690 3518//3691 3515//1640
f 3523//3692 3526//3693 3520//3694
f 3521//3695 3524//3696 3523//3697
f 3526//3698 3525//3699 3522//3700
f 3530//2719 3533//676 3527//2360
f 3528//3701 3531//3702 3530//3703
f 3533//3704 3532//3705 3529//3706
f 3534//3707 3538//3708 3540//3709
f 3535//228 3538//3710 3537//3711
f 3540//3712 3539//3713 3536//3714
f 3541//3715 3546//3716 3549//3717
f 3547//3381 3545//3382 3542//3383
f 3543//3384 3546//3385 3547//1391
f 3549//3718 3548//3719 3544//3720
f 3550//3389 3555//3721 3558//1395
f 3556//1853 3554//3722 3551//3723
f 3552//3724 3555//3725 3556//3726
f 3558//3397 3557//3398 3553//3399
f 3559//3400 3563//3401 3565//3402
f 3564//3727 3562//3728 3560//3405
f 3561//3406 3563//3407 3564//3729
f 3566//3409 3570//3730 3572//3411
f 3571//3731 3569//3732 3567//3733
f 3572//3734 3571//3735 3568//3736
f 3573//3416 3577//3417 3579//3418
f 3578//3419 3576//3420 3574//3421
f 3579//3737 3578//3738 3575//3739
f 3583//3740 3586//3741 3580//3742
f 3585//3743 3583//3744 3581//3745
f 3582//3431 3584//3746 3585//3433
f 3590//3747 3593//3748 3587//3749
f 3592//3750 3590//3751 3588//3752
f 3589//3439 3591//3753 3592//3754
f 3594//3442 3598//3443 3600//3444
f 3599//3755 3597//3756 3595//3447
f 3596//3448 3598//3449 3599//3450
f 3421//312 3365//730 3361//731
f 3429//315 3362//316 3365//317
f 3371//318 3367//318 3362//318
f 3374//318 3363//318 3367//318
f 3431//319 3376//320 3371//321
f 3434//732 3372//323 3376//324
f 3423//318 3436//318 3428//318
f 3428//318 3431//318 3424//318
f 3550//325 3494//326 3490//733
f 3558//328 3491//329 3494//326
f 3481//330 3496//330 3485//330
f 3485//330 3491//330 3482//330
f 3542//331 3487//332 3482//333
f 3545//334 3483//335 3487//332
f 3553//330 3547//330 3542//330
f 3557//330 3543//330 3547//330
f 3363//336 3489//336 3368//336
f 3368//336 3484//336 3364//336
f 3493//1697 3378//1697 3373//1697
f 3497//336 3370//336 3378//336
f 3432//337 3556//337 3437//337
f 3437//337 3551//337 3433//337
f 3544//1700 3427//1700 3422//1700
f 3548//337 3423//337 3427//337
f 3379//1701 3377//3757 3372//340
f 3385//3758 3373//3759 3377//3760
f 3440//344 3382//345 3379//346
f 3442//347 3380//348 3382//349
f 3433//3460 3444//3461 3438//3462
f 3438//3463 3440//3464 3430//3465
f 3559//356 3502//357 3499//358
f 3565//359 3500//327 3502//360
f 3493//3761 3504//3762 3498//3763
f 3498//3764 3500//997 3490//1713
f 3561//2765 3554//3765 3550//743
f 3564//3766 3551//3767 3554//3768
f 3380//746 3392//1894 3384//3769
f 3384//2908 3388//2909 3381//3770
f 3447//379 3389//1457 3386//381
f 3449//382 3387//383 3389//384
f 3448//3771 3445//2598 3441//3772
f 3451//3773 3439//389 3445//3774
f 3566//391 3509//392 3506//314
f 3572//393 3507//358 3509//394
f 3501//395 3511//3482 3505//2188
f 3505//3483 3507//3484 3499//400
f 3568//3775 3562//3776 3559//403
f 3571//3777 3560//1011 3562//2914
f 3387//3778 3399//3779 3391//3780
f 3391//3781 3395//3782 3388//3783
f 3454//413 3396//414 3393//335
f 3456//415 3394//416 3396//332
f 3455//3784 3452//418 3448//3785
f 3458//3786 3446//1472 3452//3787
f 3513//318 3579//1012 3516//3498
f 3579//425 3514//2201 3516//317
f 3508//3788 3518//3789 3512//3790
f 3512//3502 3514//3503 3506//3504
f 3575//3791 3569//3792 3566//3793
f 3578//3794 3567//3795 3569//3796
f 3400//3797 3398//3798 3394//3799
f 3406//3800 3395//3801 3398//1737
f 3461//444 3403//445 3400//330
f 3463//446 3401//447 3403//326
f 3462//3802 3459//2930 3455//466
f 3465//3803 3453//2613 3459//3804
f 3520//346 3586//778 3523//324
f 3586//454 3521//318 3523//455
f 3515//3805 3525//3806 3519//3807
f 3525//3808 3513//2224 3519//1746
f 3582//3519 3576//783 3573//318
f 3585//3809 3574//3810 3576//3811
f 3407//3812 3405//3813 3401//3814
f 3413//3815 3402//3816 3405//3817
f 3468//1031 3410//474 3407//327
f 3470//1501 3408//3525 3410//360
f 3462//3526 3472//3527 3466//3528
f 3466//3529 3468//3530 3460//482
f 3587//483 3530//349 3527//381
f 3593//484 3528//346 3530//485
f 3529//3818 3526//3819 3522//3820
f 3532//3821 3520//3822 3526//3823
f 3580//3824 3592//3825 3583//3826
f 3583//3827 3588//3828 3581//3829
f 3414//3830 3412//499 3408//2635
f 3420//3831 3409//3832 3412//3833
f 3475//504 3417//505 3414//358
f 3477//506 3415//507 3417//392
f 3469//3834 3479//3835 3473//2455
f 3473//3548 3475//3836 3467//3837
f 3594//514 3537//384 3534//335
f 3600//515 3535//381 3537//516
f 3536//3838 3533//1513 3529//3839
f 3539//2460 3527//809 3533//2243
f 3587//523 3599//3840 3590//3841
f 3590//3842 3595//3843 3588//1038
f 3364//3844 3419//3845 3369//3846
f 3369//2467 3415//3847 3361//3848
f 3474//3849 3425//3850 3421//3851
f 3480//3852 3422//1523 3425//3853
f 3534//3569 3488//3854 3483//3855
f 3540//3856 3484//3857 3488//3858
f 3544//3859 3597//3860 3549//3861
f 3549//3862 3594//1227 3541//1228
f 3474//314 3361//314 3415//314
f 3424//318 3371//318 3362//318
f 3363//318 3492//318 3481//318
f 3364//458 3536//458 3416//458
f 3373//336 3501//336 3493//336
f 3430//346 3379//346 3372//346
f 3381//336 3508//336 3501//336
f 3439//381 3386//381 3380//381
f 3388//336 3515//336 3508//336
f 3446//335 3393//335 3387//335
f 3402//336 3515//336 3395//336
f 3453//330 3400//330 3394//330
f 3409//336 3522//336 3402//336
f 3460//327 3407//327 3401//327
f 3416//336 3529//336 3409//336
f 3467//358 3414//358 3408//358
f 3432//330 3543//330 3552//330
f 3422//337 3595//337 3544//337
f 3433//337 3560//337 3441//337
f 3441//337 3567//337 3448//337
f 3448//337 3574//337 3455//337
f 3455//337 3581//337 3462//337
f 3469//337 3581//337 3588//337
f 3476//337 3588//337 3595//337
f 3553//330 3482//330 3491//330
f 3541//335 3534//335 3483//335
f 3561//327 3490//327 3500//327
f 3568//358 3499//358 3507//358
f 3575//314 3506//314 3514//314
f 3582//318 3513//318 3521//318
f 3589//346 3520//346 3528//346
f 3596//381 3527//381 3535//381
f 1//3863 5//3864 6//3865
f 7//3866 6//3867 5//3868
f 3//3869 8//3870 6//3871
f 9//3872 6//3873 8//3874
f 10//96 14//3875 15//3876
f 16//3877 15//3878 14//3879
f 12//3880 17//3881 15//3882
f 18//3883 15//3884 17//3885
f 19//3886 22//3887 23//3888
f 24//3889 23//3890 22//3891
f 21//3892 25//3893 23//3894
f 26//3895 29//3896 30//3897
f 31//3898 30//3899 29//3900
f 28//3901 32//3902 30//3903
f 33//3904 36//3905 37//3906
f 38//3907 37//3908 36//3909
f 35//3910 39//3911 37//3912
f 43//3913 44//3914 46//3915
f 41//3916 45//3917 44//3918
f 42//3919 46//3920 44//3921
f 50//3922 51//3923 53//3924
f 48//3925 52//3926 51//3927
f 49//3928 53//3929 51//3930
f 57//3931 58//3932 60//3933
f 55//3934 59//3935 58//3936
f 56//3937 60//3938 58//3939
f 61//3940 65//3941 66//3942
f 67//3943 66//3944 65//3945
f 63//7 68//3946 66//3947
f 69//3948 66//3949 68//3950
f 70//3951 74//3952 75//3953
f 76//3954 75//3955 74//3956
f 72//3957 77//3958 75//3959
f 78//3960 75//3961 77//3962
f 82//3963 83//3964 85//3965
f 80//3966 84//3967 83//3968
f 81//3969 85//3970 83//3971
f 89//3972 90//3973 92//3974
f 87//3975 91//3976 90//3977
f 88//3978 92//3979 90//3980
f 96//3981 97//3982 99//3983
f 94//3984 98//3985 97//3986
f 95//3987 99//3988 97//3989
f 100//3990 103//3991 104//3992
f 105//3993 104//3994 103//3995
f 102//3996 106//3997 104//3998
f 107//3999 110//4000 111//4001
f 112//4002 111//4003 110//4004
f 109//4005 113//4006 111//4007
f 114//4008 117//4009 118//4010
f 119//4011 118//4012 117//4013
f 116//4014 120//4015 118//4016
f 121//4017 125//4018 126//4019
f 127//4020 126//4021 125//4022
f 123//4023 128//4024 126//4025
f 129//4026 126//4027 128//4028
f 130//4029 134//4030 135//4031
f 136//4032 135//4033 134//4034
f 132//4035 137//4036 135//4037
f 138//4038 135//4039 137//4040
f 139//4041 142//4042 143//4043
f 140//4044 144//4045 143//4046
f 145//4047 143//4048 144//4049
f 146//4050 149//4051 150//4052
f 151//4053 150//4054 149//4055
f 152//4056 150//4057 151//4058
f 153//4059 156//4060 157//4061
f 158//4062 157//4063 156//4064
f 159//4065 157//4066 158//4067
f 163//4068 164//4069 166//4070
f 161//4071 165//4072 164//4073
f 166//4074 164//4075 165//4076
f 170//4077 171//4078 173//4079
f 168//4080 172//4081 171//4082
f 173//4083 171//4084 172//4085
f 174//4086 177//4087 178//4088
f 175//4089 179//4090 178//4091
f 180//4092 178//4093 179//4094
f 181//4095 185//4096 186//4097
f 187//4098 186//4099 185//4100
f 183//4101 188//4102 186//4103
f 189//4104 186//4105 188//4106
f 190//4107 194//4108 195//4109
f 196//4110 195//4111 194//4112
f 192//4113 197//4114 195//4115
f 198//4116 195//4117 197//4118
f 199//4119 202//4120 203//4121
f 204//4122 203//4123 202//4124
f 201//4125 205//4126 203//4127
f 206//4128 209//4129 210//4130
f 211//4131 210//4132 209//4133
f 212//4134 210//4135 211//4136
f 213//4137 216//4138 217//4139
f 218//4140 217//4141 216//4142
f 219//4143 217//4144 218//4145
f 223//4146 224//4147 226//4148
f 225//4149 224//4150 223//4151
f 222//4152 226//4153 224//4154
f 230//4155 231//4156 233//4157
f 232//4158 231//4159 230//4160
f 229//4161 233//4162 231//4163
f 234//4164 237//4165 238//4166
f 239//4167 238//4168 237//4169
f 236//4170 240//4171 238//4172
f 61//4173 69//317 5//4174
f 69//4175 64//4176 2//4177
f 11//318 14//318 7//318
f 14//318 10//318 3//318
f 71//4178 74//324 16//4179
f 74//4180 70//346 12//4181
f 63//318 72//318 76//318
f 68//318 76//318 71//318
f 190//327 198//326 134//4182
f 198//326 193//329 131//4183
f 132//330 136//330 125//330
f 136//330 131//330 122//330
f 182//333 185//332 127//4184
f 185//332 181//335 123//4185
f 193//330 197//330 187//330
f 197//330 192//330 183//330
f 3//336 121//336 129//336
f 8//336 129//336 124//336
f 133//336 137//336 18//336
f 137//336 132//336 10//336
f 72//337 192//337 196//337
f 77//337 196//337 191//337
f 184//337 188//337 67//337
f 188//337 183//337 63//337
f 19//4186 25//4187 17//4188
f 25//4189 21//4190 13//4191
f 80//4192 82//485 22//4193
f 82//4194 79//381 20//4195
f 73//4196 81//4197 84//4198
f 78//4199 84//4200 80//4201
f 199//358 205//357 142//4202
f 205//360 201//327 140//4203
f 133//4204 141//4205 144//4206
f 138//4207 144//4208 140//4209
f 201//4210 204//4211 194//4212
f 204//4213 200//4214 191//4215
f 20//4216 26//4217 32//4218
f 24//4219 32//4220 28//4221
f 87//4222 89//384 29//4223
f 89//4224 86//335 27//4225
f 88//4226 91//4227 85//4228
f 91//4229 87//4230 79//4231
f 206//314 212//392 149//4232
f 212//394 208//358 147//4233
f 141//4234 148//4235 151//4236
f 145//4237 151//4238 147//4239
f 208//4240 211//4241 202//4242
f 211//4243 207//4244 200//4245
f 27//4246 33//4247 39//4248
f 31//4249 39//4250 35//4251
f 94//4252 96//332 36//4253
f 96//4254 93//330 34//4255
f 95//4256 98//4257 92//4258
f 98//4259 94//4260 86//4261
f 153//4262 213//4176 219//317
f 219//317 215//314 154//4263
f 148//4264 155//4265 158//4266
f 152//4267 158//4268 154//4269
f 215//4270 218//4271 209//4272
f 218//4273 214//2419 207//4274
f 40//4275 46//1020 38//4276
f 46//4277 42//988 35//4278
f 101//4279 103//326 43//4280
f 103//4281 100//327 41//4282
f 102//4283 105//1197 99//4284
f 99//4285 105//777 101//4275
f 220//346 226//324 163//4286
f 226//324 222//321 161//4287
f 162//4288 165//4289 159//4290
f 165//4291 161//318 153//4292
f 222//4293 225//2438 216//4294
f 216//4295 225//1028 221//4296
f 47//4297 53//4298 45//4299
f 53//4300 49//4301 42//4302
f 108//4303 110//360 50//4304
f 110//4305 107//358 48//4306
f 102//4307 109//4308 112//4309
f 106//4310 112//4311 108//4312
f 227//381 233//349 170//4313
f 233//485 229//346 168//4314
f 169//4315 172//4316 166//4317
f 172//4318 168//4319 160//4320
f 220//4321 229//4322 232//4323
f 223//4324 232//4325 228//4326
f 54//4327 60//4328 52//4329
f 60//4330 56//4331 49//4332
f 115//4333 117//394 57//4334
f 117//4335 114//314 55//4336
f 109//4337 116//4338 119//4339
f 113//4340 119//4341 115//4342
f 234//335 240//384 177//4343
f 240//516 236//381 175//4344
f 176//4345 179//4346 173//4347
f 179//4348 175//4349 167//4350
f 227//4351 236//4352 239//4353
f 230//4354 239//4355 235//4356
f 4//4357 56//4358 59//4359
f 9//4360 59//4361 55//2643
f 114//2250 120//4362 65//4363
f 120//4364 116//4365 62//4366
f 174//4367 180//4368 128//4369
f 180//4370 176//4371 124//4372
f 184//4373 235//4374 237//4375
f 189//4376 237//4377 234//4378
f 114//314 61//314 1//314
f 64//318 71//318 11//318
f 3//318 10//318 132//318
f 4//336 124//336 176//336
f 13//336 21//336 141//336
f 70//346 80//346 19//346
f 21//336 28//336 148//336
f 79//381 87//381 26//381
f 28//336 35//336 155//336
f 86//335 94//335 33//335
f 42//336 162//336 155//336
f 93//330 101//330 40//330
f 49//336 169//336 162//336
f 100//327 108//327 47//327
f 56//336 176//336 169//336
f 107//358 115//358 54//358
f 72//318 63//318 183//318
f 62//337 116//337 235//337
f 73//337 191//337 200//337
f 81//337 200//337 207//337
f 88//337 207//337 214//337
f 95//337 214//337 221//337
f 109//337 102//337 221//337
f 116//337 109//337 228//337
f 193//330 182//330 122//330
f 123//335 181//335 234//335
f 140//327 201//327 190//327
f 208//358 199//358 139//358
f 215//314 206//314 146//314
f 222//318 213//318 153//318
f 229//346 220//346 160//346
f 236//381 227//381 167//381
f 241//3863 245//3864 246//3865
f 247//3866 246//3867 245//4379
f 243//4380 248//3870 246//4381
f 249//3872 246//3873 248//4382
f 250//96 254//4383 255//4384
f 256//3877 255//3878 254//3879
f 252//3880 257//4385 255//3882
f 258//4386 255//3884 257//4387
f 259//3886 262//4388 263//4389
f 264//4390 263//4391 262//4392
f 261//4393 265//4394 263//4395
f 266//3895 269//3896 270//3897
f 271//4396 270//4397 269//4398
f 268//4399 272//4400 270//4401
f 273//3904 276//3905 277//3906
f 278//3907 277//3908 276//3909
f 275//4402 279//4403 277//4404
f 283//4405 284//4406 286//4407
f 281//3916 285//4408 284//4409
f 282//4410 286//4411 284//4412
f 290//4413 291//4414 293//3924
f 288//3925 292//3926 291//4415
f 289//4416 293//3929 291//4417
f 297//4418 298//4419 300//4420
f 295//3934 299//3935 298//4421
f 296//4422 300//3938 298//4423
f 301//3940 305//3941 306//3942
f 307//4424 306//3944 305//4425
f 303//7 308//3946 306//3947
f 309//3948 306//3949 308//3950
f 310//3951 314//3952 315//4426
f 316//3954 315//3955 314//3956
f 312//3957 317//3958 315//3959
f 318//4427 315//3961 317//4428
f 322//4429 323//3964 325//4430
f 320//3966 324//3967 323//3968
f 321//4431 325//3970 323//4432
f 329//4433 330//4434 332//4435
f 327//4436 331//3976 330//4437
f 328//3978 332//4438 330//4439
f 336//4440 337//4441 339//4442
f 334//4443 338//3985 337//3986
f 335//3987 339//4444 337//4445
f 340//3990 343//3991 344//3992
f 345//4446 344//4447 343//3995
f 342//4448 346//4449 344//4450
f 347//3999 350//4451 351//4452
f 352//4453 351//4454 350//4455
f 349//4005 353//4456 351//4457
f 354//4008 357//4458 358//4459
f 359//4460 358//4461 357//4462
f 356//4463 360//4464 358//4465
f 361//4466 365//4467 366//4468
f 367//4020 366//4469 365//4022
f 363//4470 368//4024 366//4471
f 369//4472 366//4473 368//4474
f 370//4029 374//4030 375//4031
f 376//4032 375//4033 374//4034
f 372//4475 377//4476 375//4037
f 378//4477 375//4039 377//4478
f 379//4041 382//4479 383//4480
f 380//4481 384//4482 383//4483
f 385//4484 383//4485 384//4486
f 386//4050 389//4051 390//4052
f 391//4487 390//4488 389//4489
f 392//4056 390//4490 391//4058
f 393//4491 396//4492 397//4061
f 398//4493 397//4494 396//4495
f 399//4496 397//4497 398//4498
f 403//4499 404//4069 406//4070
f 401//4500 405//4501 404//4502
f 406//4503 404//4504 405//4505
f 410//4506 411//4507 413//4508
f 408//4509 412//4081 411//4510
f 413//4511 411//4512 412//4513
f 414//4086 417//4087 418//4088
f 415//4514 419//4515 418//4516
f 420//4517 418//4518 419//4519
f 421//4095 425//4096 426//4097
f 427//4098 426//4099 425//4100
f 423//4520 428//4521 426//4103
f 429//4522 426//4105 428//4523
f 430//4107 434//4108 435//4524
f 436//4525 435//4111 434//4526
f 432//4527 437//4528 435//4529
f 438//4116 435//4530 437//4118
f 439//4531 442//4532 443//4121
f 444//4533 443//4534 442//4124
f 441//4535 445//4126 443//4536
f 446//4128 449//4537 450//4130
f 451//4538 450//4132 449//4539
f 452//4540 450//4541 451//4542
f 453//4137 456//4543 457//4544
f 458//4140 457//4545 456//4142
f 459//4546 457//4547 458//4548
f 463//4549 464//4550 466//4148
f 465//4551 464//4552 463//4553
f 462//4152 466//4554 464//4154
f 470//4555 471//4556 473//4557
f 472//4558 471//4559 470//4560
f 469//4561 473//4562 471//4163
f 474//4563 477//4564 478//4565
f 479//4566 478//4168 477//4567
f 476//4170 480//4568 478//4172
f 301//4173 309//317 245//4569
f 309//4175 304//4176 242//4177
f 251//318 254//318 247//318
f 254//318 250//318 243//318
f 311//4178 314//324 256//4179
f 314//4570 310//4571 252//4181
f 303//318 312//318 316//318
f 308//318 316//318 311//318
f 430//327 438//326 374//4182
f 438//326 433//329 371//4183
f 372//330 376//330 365//330
f 376//330 371//330 362//330
f 422//333 425//332 367//4184
f 425//332 421//1440 363//4185
f 433//330 437//330 427//330
f 437//330 432//330 423//330
f 243//336 361//336 369//336
f 248//336 369//336 364//336
f 373//336 377//336 258//336
f 377//336 372//336 250//336
f 312//337 432//337 436//337
f 317//337 436//337 431//337
f 424//337 428//337 307//337
f 428//337 423//337 303//337
f 259//4186 265//4187 257//4188
f 265//4189 261//4190 253//4191
f 320//4192 322//485 262//4193
f 322//4194 319//381 260//4195
f 313//4196 321//4572 324//4573
f 318//4199 324//4200 320//4201
f 439//358 445//357 382//4202
f 445//360 441//327 380//4203
f 373//4204 381//4574 384//4206
f 378//4575 384//4208 380//4209
f 441//2591 444//4211 434//4576
f 444//4577 440//4578 431//4215
f 260//4579 266//4217 272//4218
f 264//4580 272//4581 268//4221
f 327//4222 329//516 269//4223
f 329//4224 326//4582 267//4583
f 328//4226 331//4227 325//4584
f 331//4585 327//4230 319//4231
f 446//314 452//392 389//4586
f 452//394 448//358 387//4233
f 381//4234 388//4235 391//4236
f 385//4587 391//4238 387//4588
f 448//4240 451//4241 442//4242
f 451//4243 447//4244 440//4245
f 267//4246 273//4247 279//4248
f 271//4589 279//4590 275//4251
f 334//4252 336//332 276//4253
f 336//4254 333//330 274//4255
f 335//4591 338//4592 332//4258
f 338//4593 334//4594 326//4261
f 393//4262 453//4176 459//317
f 396//4595 459//317 455//314
f 388//4596 395//4265 398//4266
f 392//4597 398//4268 394//4269
f 455//4270 458//4271 449//4598
f 458//4273 454//4599 447//4600
f 280//4275 286//773 278//4601
f 286//4277 282//336 275//4602
f 341//4279 343//326 283//4280
f 343//4281 340//327 281//4282
f 342//4283 345//1197 339//4603
f 345//4604 341//330 333//4605
f 400//4606 460//346 466//324
f 403//4607 466//455 462//318
f 402//4608 405//1025 399//4609
f 405//4291 401//318 393//4292
f 462//4293 465//2438 456//4610
f 456//4295 465//1028 461//4611
f 287//4612 293//4298 285//4613
f 293//4300 289//4301 282//4614
f 348//4303 350//360 290//4304
f 350//4305 347//358 288//4306
f 342//4615 349//4616 352//4309
f 346//4617 352//4311 348//4312
f 467//381 473//349 410//4313
f 473//485 469//346 408//4314
f 409//4315 412//4316 406//4618
f 412//4318 408//4619 400//4320
f 460//4620 469//4621 472//4622
f 463//4324 472//4325 468//4326
f 294//4327 300//4328 292//4623
f 300//4330 296//4624 289//4625
f 355//4333 357//394 297//4334
f 357//4335 354//314 295//4336
f 349//4626 356//4627 359//4628
f 353//4629 359//4630 355//4631
f 474//335 480//384 417//4343
f 480//516 476//381 415//4344
f 416//4632 419//4346 413//4633
f 419//4348 415//4634 407//4350
f 467//4635 476//4636 479//4353
f 470//4637 479//4355 475//4638
f 244//4357 296//4639 299//4640
f 249//4360 299//4361 295//2643
f 354//2250 360//4362 305//4363
f 360//4364 356//4641 302//4366
f 414//4642 420//4643 368//4644
f 420//4370 416//4645 364//4372
f 424//4373 475//4646 477//4647
f 429//4648 477//4377 474//4378
f 295//314 354//314 301//314
f 304//318 311//318 251//318
f 243//330 250//330 372//330
f 244//336 364//336 416//336
f 253//336 261//336 381//336
f 252//346 310//346 320//346
f 261//336 268//336 388//336
f 319//381 327//381 266//381
f 268//336 275//336 395//336
f 326//335 334//335 273//335
f 282//336 402//336 395//336
f 333//330 341//330 280//330
f 289//336 409//336 402//336
f 340//327 348//327 287//327
f 296//336 416//336 409//336
f 347//358 355//358 294//358
f 312//318 303//318 423//318
f 302//337 356//337 475//337
f 313//337 431//337 440//337
f 321//337 440//337 447//337
f 328//337 447//337 454//337
f 335//337 454//337 461//337
f 349//337 342//337 461//337
f 356//337 349//337 468//337
f 433//330 422//330 362//330
f 421//335 474//335 414//335
f 441//327 430//327 370//327
f 448//358 439//358 379//358
f 455//314 446//314 386//314
f 462//318 453//318 393//318
f 469//346 460//346 400//346
f 476//381 467//381 407//381
f 481//3863 485//3864 486//3865
f 487//3866 486//3867 485//3868
f 483//4380 488//4649 486//4650
f 489//4651 486//4652 488//3874
f 490//876 494//4653 495//4654
f 496//3877 495//3878 494//3879
f 492//3880 497//4655 495//4656
f 498//4657 495//4658 497//4659
f 499//3886 502//4660 503//4661
f 504//4662 503//4663 502//4664
f 501//4665 505//4394 503//4395
f 506//4666 509//4667 510//4668
f 511//4669 510//4670 509//3900
f 508//4671 512//4400 510//4672
f 513//3904 516//3905 517//4673
f 518//3907 517//4674 516//3909
f 515//4675 519//4676 517//4677
f 523//3913 524//4678 526//3915
f 521//3916 525//4679 524//4409
f 522//4680 526//4681 524//4682
f 530//4683 531//4414 533//4684
f 528//4685 532//4686 531//4687
f 529//3928 533//3929 531//3930
f 537//4688 538//4689 540//4690
f 535//4691 539//4692 538//4421
f 536//4693 540//4694 538//4695
f 541//3940 545//4696 546//4697
f 547//4698 546//4699 545//4700
f 543//7 548//3946 546//4701
f 549//3948 546//3949 548//4702
f 550//3951 554//3952 555//4703
f 556//3954 555//3955 554//3956
f 552//4704 557//4705 555//3959
f 558//4706 555//4707 557//4708
f 562//4709 563//4710 565//4430
f 560//3966 564//4711 563//3968
f 561//4712 565//4713 563//4714
f 569//4715 570//4716 572//4717
f 567//4436 571//4718 570//4437
f 568//4719 572//4720 570//4721
f 576//4722 577//4723 579//4724
f 574//3984 578//4725 577//4726
f 575//4727 579//4728 577//3989
f 580//4729 583//3991 584//3992
f 585//4446 584//4447 583//4730
f 582//3996 586//4731 584//4732
f 587//3999 590//4000 591//4001
f 592//4733 591//4734 590//4455
f 589//4005 593//4735 591//4736
f 594//4008 597//4009 598//4459
f 599//4011 598//4461 597//4737
f 596//4738 600//4739 598//4740
f 601//4017 605//4741 606//4742
f 607//4020 606//4469 605//4743
f 603//4023 608//4024 606//4744
f 609//4026 606//4473 608//4745
f 610//4746 614//4747 615//4748
f 616//4749 615//4750 614//4751
f 612//4752 617//4753 615//4754
f 618//4755 615//4756 617//4757
f 619//4758 622//4042 623//4043
f 620//4759 624//4760 623//4761
f 625//4762 623//4763 624//4049
f 626//4764 629//4765 630//4052
f 631//4487 630//4488 629//4489
f 632//4766 630//4767 631//4768
f 633//4059 636//4492 637//4061
f 638//4493 637//4494 636//4495
f 639//4769 637//4497 638//4498
f 643//4770 644//4771 646//4772
f 641//4773 645//4501 644//4502
f 646//4774 644//4775 645//4776
f 650//4077 651//4078 653//4777
f 648//4509 652//4778 651//4082
f 653//4511 651//4512 652//4513
f 654//4779 657//4780 658//4088
f 655//4089 659//4781 658//4782
f 660//4092 658//4783 659//4784
f 661//4095 665//4096 666//4097
f 667//4785 666//4786 665//4100
f 663//4787 668//4521 666//4103
f 669//4788 666//4789 668//4106
f 670//4107 674//4108 675//4790
f 676//4110 675//4791 674//4792
f 672//4113 677//4793 675//4794
f 678//4116 675//4530 677//4795
f 679//4119 682//4532 683//4121
f 684//4533 683//4123 682//4124
f 681//4796 685//4126 683//4127
f 686//4797 689//4129 690//4798
f 691//4799 690//4800 689//4801
f 692//4134 690//4802 691//4803
f 693//4804 696//4138 697//4544
f 698//4805 697//4806 696//4807
f 699//4808 697//4809 698//4810
f 703//4146 704//4811 706//4148
f 705//4812 704//4813 703//4553
f 702//4814 706//4815 704//4816
f 710//4817 711//4556 713//4557
f 712//4818 711//4819 710//4820
f 709//4161 713//4162 711//4163
f 714//4821 717//4822 718//4823
f 719//4824 718//4825 717//4826
f 716//4170 720//4568 718//4172
f 541//4173 549//317 485//4569
f 549//4175 544//4176 482//4177
f 491//318 494//318 487//318
f 494//318 490//318 483//318
f 551//4178 554//324 496//4179
f 554//4570 550//346 492//4181
f 543//318 552//318 556//318
f 548//318 556//318 551//318
f 670//327 678//326 614//4182
f 678//326 673//329 611//4183
f 601//330 612//330 616//330
f 605//330 616//330 611//330
f 662//333 665//332 607//4184
f 665//332 661//335 603//4185
f 673//330 677//330 667//330
f 677//330 672//330 663//330
f 483//458 601//458 609//458
f 488//458 609//458 604//458
f 613//336 617//336 498//336
f 617//336 612//336 490//336
f 552//466 672//466 676//466
f 557//466 676//466 671//466
f 664//337 668//337 547//337
f 668//337 663//337 543//337
f 499//4186 505//4827 497//4828
f 505//4829 501//4830 493//4831
f 560//4192 562//485 502//4193
f 562//4194 559//381 500//4195
f 553//4196 561//4197 564//4198
f 558//4832 564//4200 560//4201
f 679//358 685//357 622//4202
f 685//360 681//327 620//4203
f 613//4204 621//4205 624//4833
f 618//4207 624//4208 620//4209
f 681//4834 684//4835 674//4836
f 684//4213 680//4578 671//4215
f 500//4216 506//4217 512//4218
f 504//4580 512//4581 508//4837
f 567//4222 569//384 509//4223
f 569//4224 566//335 507//4583
f 568//4838 571//4227 565//4228
f 571//4229 567//4230 559//4839
f 686//314 692//392 629//4232
f 692//394 688//358 627//4233
f 621//4840 628//4235 631//4236
f 625//4587 631//4238 627//4588
f 688//4240 691//4241 682//4841
f 691//4243 687//4244 680//4245
f 507//4246 513//4842 519//4248
f 511//4589 519//4250 515//4843
f 574//4252 576//332 516//4253
f 576//4254 573//330 514//4255
f 575//4844 578//4257 572//4258
f 578//4845 574//4260 566//4261
f 633//4846 693//318 699//424
f 636//4595 699//317 695//314
f 628//4847 635//4265 638//4848
f 632//4849 638//4850 634//4851
f 695//4270 698//4271 689//4598
f 698//4852 694//4599 687//4600
f 520//4853 526//1020 518//4854
f 526//4855 522//336 515//4856
f 581//4279 583//326 523//4280
f 583//4281 580//327 521//4282
f 582//4857 585//2220 579//4858
f 585//4604 581//4859 573//4860
f 640//4606 700//346 706//4861
f 706//324 702//321 641//4287
f 642//4288 645//461 639//4290
f 645//4291 641//318 633//4292
f 702//4293 705//1202 696//4294
f 705//4862 701//466 694//4863
f 527//4864 533//4298 525//4299
f 533//4300 529//2446 522//4302
f 588//4303 590//360 530//4865
f 590//4305 587//358 528//4306
f 582//4615 589//4616 592//4309
f 586//4310 592//4311 588//4866
f 707//381 713//485 650//4313
f 713//485 709//346 648//4314
f 649//4315 652//4316 646//4317
f 652//4867 648//4868 640//4869
f 700//4870 709//4871 712//4872
f 703//4324 712//4325 708//4326
f 534//4327 540//4328 532//4329
f 540//4330 536//4331 529//4625
f 595//4333 597//394 537//4334
f 597//4335 594//314 535//4336
f 589//4626 596//4627 599//4339
f 593//4629 599//4341 595//4342
f 714//335 720//384 657//4343
f 720//384 716//381 655//4344
f 656//4632 659//4346 653//4347
f 659//4348 655//4349 647//4350
f 707//4351 716//4636 719//4353
f 710//4873 719//4874 715//4638
f 484//4357 536//4875 539//4876
f 489//4877 539//4878 535//4879
f 594//2250 600//4362 545//4363
f 600//4364 596//4365 542//4366
f 654//4880 660//4643 608//4644
f 660//4370 656//4645 604//4372
f 664//4373 715//4881 717//4882
f 669//4376 717//4377 714//4378
f 594//314 541//314 481//314
f 544//318 551//318 491//318
f 483//330 490//330 612//330
f 484//336 604//336 656//336
f 493//336 501//336 621//336
f 550//346 560//346 499//346
f 501//336 508//336 628//336
f 559//381 567//381 506//381
f 508//336 515//336 635//336
f 566//335 574//335 513//335
f 522//336 642//336 635//336
f 573//330 581//330 520//330
f 529//336 649//336 642//336
f 580//327 588//327 527//327
f 536//336 656//336 649//336
f 587//358 595//358 534//358
f 552//318 543//318 663//318
f 542//337 596//337 715//337
f 553//337 671//337 680//337
f 561//337 680//337 687//337
f 568//337 687//337 694//337
f 575//337 694//337 701//337
f 589//337 582//337 701//337
f 596//337 589//337 708//337
f 673//330 662//330 602//330
f 661//335 714//335 654//335
f 681//327 670//327 610//327
f 688//358 679//358 619//358
f 695//314 686//314 626//314
f 702//318 693//318 633//318
f 709//346 700//346 640//346
f 716//381 707//381 647//381
f 721//3863 725//4883 726//3865
f 727//4884 726//3867 725//3868
f 723//3869 728//3870 726//4381
f 729//4651 726//4885 728//3874
f 730//876 734//3875 735//4654
f 736//3877 735//4886 734//3879
f 732//3880 737//4887 735//4656
f 738//4888 735//4889 737//4890
f 739//3886 742//3887 743//4389
f 744//3889 743//3890 742//4664
f 741//4393 745//4891 743//4892
f 746//3895 749//3896 750//3897
f 751//4893 750//4894 749//4895
f 748//3901 752//4896 750//4672
f 753//4897 756//3905 757//3906
f 758//4898 757//4899 756//4900
f 755//4901 759//4902 757//4903
f 763//4904 764//4905 766//4407
f 761//3916 765//4906 764//4907
f 762//4908 766//4909 764//3921
f 770//4910 771//4911 773//4912
f 768//4685 772//4686 771//4687
f 769//4913 773//3929 771//3930
f 777//4688 778//4914 780//4915
f 775//3934 779//4916 778//3936
f 776//4917 780//4918 778//4919
f 781//3940 785//4696 786//4697
f 787//4698 786//4699 785//4700
f 783//7 788//3946 786//4701
f 789//3948 786//3949 788//4702
f 790//3951 794//3952 795//4426
f 796//3954 795//3955 794//3956
f 792//3957 797//4920 795//3959
f 798//4706 795//4707 797//4708
f 802//4709 803//4921 805//4430
f 800//3966 804//4711 803//3968
f 801//4922 805//4923 803//4924
f 809//4715 810//4925 812//4926
f 807//4436 811//4718 810//4927
f 808//4928 812//4929 810//4930
f 816//4722 817//4723 819//4724
f 814//4931 818//4932 817//4933
f 815//4934 819//3988 817//4935
f 820//3990 823//3991 824//3992
f 825//4446 824//4936 823//3995
f 822//4937 826//4938 824//4939
f 827//3999 830//4451 831//4940
f 832//4941 831//4942 830//4943
f 829//4944 833//4945 831//4946
f 834//4947 837//4009 838//4459
f 839//4948 838//4012 837//4013
f 836//4738 840//4464 838//4949
f 841//4017 845//4741 846//4019
f 847//4020 846//4021 845//4022
f 843//4950 848//4951 846//4744
f 849//4952 846//4953 848//4954
f 850//4746 854//4747 855//4748
f 856//4955 855//4956 854//4957
f 852//4958 857//4959 855//4960
f 858//4961 855//4962 857//4963
f 859//4041 862//4479 863//4480
f 860//4964 864//4965 863//4966
f 865//4967 863//4968 864//4486
f 866//4050 869//4051 870//4969
f 871//4970 870//4971 869//4972
f 872//4973 870//4974 871//4975
f 873//4059 876//4492 877//4976
f 878//4977 877//4978 876//4979
f 879//4980 877//4981 878//4982
f 883//4983 884//4984 886//4985
f 881//4986 885//4987 884//4988
f 886//4989 884//4990 885//4991
f 890//4077 891//4992 893//4777
f 888//4993 892//4994 891//4995
f 893//4083 891//4996 892//4997
f 894//4779 897//4780 898//4088
f 895//4089 899//4998 898//4782
f 900//4517 898//4999 899//5000
f 901//4095 905//4096 906//4097
f 907//4098 906//4099 905//4100
f 903//5001 908//5002 906//5003
f 909//5004 906//5005 908//5006
f 910//4107 914//4108 915//4790
f 916//4110 915//4791 914//4792
f 912//4113 917//4793 915//4794
f 918//4116 915//4530 917//4795
f 919//4119 922//4120 923//5007
f 924//4533 923//5008 922//5009
f 921//4535 925//4126 923//4536
f 926//5010 929//5011 930//5012
f 931//5013 930//5014 929//5015
f 932//4134 930//4802 931//4803
f 933//5016 936//4138 937//5017
f 938//5018 937//5019 936//5020
f 939//5021 937//5022 938//4145
f 943//5023 944//5024 946//5025
f 945//5026 944//5027 943//5028
f 942//4814 946//4815 944//4154
f 950//4155 951//5029 953//4557
f 952//5030 951//5031 950//5032
f 949//4561 953//5033 951//5034
f 954//5035 957//5036 958//5037
f 959//5038 958//5039 957//5040
f 956//5041 960//5042 958//5043
f 781//4173 789//317 725//4569
f 789//4175 784//4176 722//4177
f 731//318 734//318 727//318
f 734//318 730//318 723//318
f 791//4178 794//324 736//4179
f 794//4570 790//346 732//4181
f 783//318 792//318 796//318
f 788//318 796//318 791//318
f 910//327 918//326 854//4182
f 918//326 913//329 851//4183
f 841//330 852//330 856//330
f 845//330 856//330 851//330
f 902//333 905//332 847//4184
f 905//332 901//335 843//4185
f 913//330 917//330 907//330
f 917//330 912//330 903//330
f 723//988 841//988 849//988
f 728//458 849//458 844//458
f 853//336 857//336 738//336
f 857//1167 852//1167 730//1167
f 792//450 912//450 916//450
f 797//466 916//466 911//466
f 904//337 908//337 787//337
f 908//1168 903//1168 783//1168
f 739//5044 745//5045 737//4188
f 745//5046 741//5047 733//5048
f 800//4192 802//485 742//4193
f 802//4194 799//381 740//4195
f 793//4196 801//4197 804//4198
f 798//5049 804//5050 800//5051
f 919//358 925//357 862//4202
f 925//360 921//327 860//4203
f 853//4204 861//5052 864//5053
f 858//4207 864//4208 860//4209
f 921//4210 924//4211 914//4576
f 924//5054 920//5055 911//4215
f 740//5056 746//4217 752//5057
f 744//4580 752//5058 748//4221
f 807//4222 809//384 749//4223
f 809//4224 806//335 747//4583
f 808//4226 811//5059 805//4228
f 811//4585 807//4230 799//4839
f 926//314 932//392 869//4232
f 932//394 928//358 867//4233
f 861//4234 868//4235 871//4236
f 865//5060 871//4238 867//4588
f 928//4240 931//4241 922//4841
f 931//4243 927//4244 920//4245
f 747//4246 753//4842 759//4248
f 751//4589 759//4250 755//4843
f 814//4252 816//332 756//4253
f 816//4254 813//330 754//4255
f 815//4591 818//4592 812//5061
f 818//5062 814//5063 806//5064
f 873//4846 933//318 939//424
f 876//4595 939//317 935//314
f 868//4847 875//4265 878//4848
f 872//4849 878//5065 874//4851
f 935//4270 938//5066 929//5067
f 938//4273 934//4599 927//4600
f 760//4275 766//773 758//4276
f 766//4855 762//458 755//5068
f 821//4279 823//326 763//4280
f 823//4281 820//327 761//4282
f 822//4857 825//2220 819//4858
f 825//5069 821//330 813//4860
f 880//4606 940//346 946//4861
f 946//324 942//321 881//4287
f 882//4288 885//1025 879//4290
f 885//4291 881//318 873//4292
f 942//5070 945//2227 936//4610
f 945//5071 941//450 934//5072
f 767//4297 773//5073 765//4613
f 773//4300 769//2446 762//4302
f 828//4303 830//360 770//4865
f 830//4305 827//358 768//4306
f 822//4307 829//4616 832//4309
f 826//5074 832//5075 828//4866
f 947//381 953//485 890//4313
f 953//485 949//346 888//4314
f 889//4315 892//4316 886//4317
f 892//4867 888//4868 880//4869
f 940//4870 949//4621 952//4622
f 943//5076 952//5077 948//5078
f 774//4327 780//4328 772//4329
f 780//4330 776//4331 769//4625
f 835//4333 837//394 777//4334
f 837//4335 834//314 775//4336
f 829//4626 836//4627 839//4339
f 833//4629 839//4341 835//4342
f 954//335 960//384 897//4343
f 960//384 956//381 895//4344
f 896//4632 899//4346 893//4347
f 899//4348 895//4349 887//4350
f 947//4351 956//4636 959//4353
f 950//4873 959//4874 955//4638
f 724//4357 776//4358 779//4359
f 729//4877 779//4878 775//4879
f 834//5079 840//5080 785//5081
f 840//5082 836//4641 782//4366
f 894//4367 900//4368 848//5083
f 900//5084 896//5085 844//4372
f 904//4373 955//5086 957//5087
f 909//4376 957//4377 954//4378
f 834//314 781//314 721//314
f 784//318 791//318 731//318
f 723//330 730//330 852//330
f 724//336 844//336 896//336
f 733//336 741//336 861//336
f 790//346 800//346 739//346
f 741//336 748//336 868//336
f 799//381 807//381 746//381
f 748//336 755//336 875//336
f 806//335 814//335 753//335
f 762//336 882//336 875//336
f 813//330 821//330 760//330
f 769//336 889//336 882//336
f 820//327 828//327 767//327
f 776//336 896//336 889//336
f 827//358 835//358 774//358
f 792//318 783//318 903//318
f 782//337 836//337 955//337
f 793//450 911//450 920//450
f 801//337 920//337 927//337
f 808//337 927//337 934//337
f 815//337 934//337 941//337
f 829//337 822//337 941//337
f 836//337 829//337 948//337
f 913//330 902//330 842//330
f 901//335 954//335 894//335
f 921//327 910//327 850//327
f 928//358 919//358 859//358
f 935//314 926//314 866//314
f 942//318 933//318 873//318
f 949//346 940//346 880//346
f 956//381 947//381 887//381
f 961//5088 965//5089 966//5090
f 967//3866 966//3867 965//3868
f 963//5091 968//4649 966//5092
f 969//5093 966//5094 968//5095
f 970//1292 974//5096 975//4384
f 976//3877 975//4886 974//3879
f 972//3880 977//3881 975//3882
f 978//5097 975//5098 977//5099
f 979//3886 982//3887 983//4389
f 984//4390 983//5100 982//4392
f 981//5101 985//5102 983//5103
f 986//3895 989//4667 990//4668
f 991//4893 990//5104 989//5105
f 988//5106 992//5107 990//5108
f 993//5109 996//5110 997//5111
f 998//5112 997//5113 996//5114
f 995//4675 999//5115 997//5116
f 1003//4904 1004//5117 1006//5118
f 1001//3916 1005//4906 1004//3918
f 1002//5119 1006//4909 1004//5120
f 1010//4683 1011//4911 1013//5121
f 1008//4685 1012//4686 1011//3927
f 1009//5122 1013//5123 1011//3930
f 1017//5124 1018//4914 1020//3933
f 1015//3934 1019//4916 1018//4421
f 1016//5125 1020//5126 1018//5127
f 1021//3940 1025//3941 1026//4697
f 1027//5128 1026//4699 1025//5129
f 1023//7 1028//3946 1026//3947
f 1029//5130 1026//3949 1028//5131
f 1030//3951 1034//3952 1035//3953
f 1036//3954 1035//3955 1034//3956
f 1032//5132 1037//5133 1035//5134
f 1038//4706 1035//5135 1037//5136
f 1042//4709 1043//4710 1045//4430
f 1040//3966 1044//5137 1043//3968
f 1041//5138 1045//5139 1043//5140
f 1049//4715 1050//5141 1052//4926
f 1047//4436 1051//3976 1050//3977
f 1048//5142 1052//5143 1050//5144
f 1056//3981 1057//3982 1059//5145
f 1054//5146 1058//3985 1057//5147
f 1055//5148 1059//5149 1057//5150
f 1060//4729 1063//3991 1064//3992
f 1065//5151 1064//5152 1063//5153
f 1062//3996 1066//3997 1064//5154
f 1067//5155 1070//4451 1071//4001
f 1072//4941 1071//5156 1070//5157
f 1069//5158 1073//5159 1071//5160
f 1074//5161 1077//5162 1078//5163
f 1079//5164 1078//5165 1077//5166
f 1076//5167 1080//5168 1078//5169
f 1081//5170 1085//5171 1086//5172
f 1087//5173 1086//5174 1085//4743
f 1083//4950 1088//4951 1086//4471
f 1089//5175 1086//5176 1088//5177
f 1090//5178 1094//5179 1095//5180
f 1096//5181 1095//5182 1094//4957
f 1092//5183 1097//5184 1095//5185
f 1098//5186 1095//5187 1097//5188
f 1099//4758 1102//5189 1103//4480
f 1100//5190 1104//5191 1103//5192
f 1105//5193 1103//4485 1104//4049
f 1106//5194 1109//4765 1110//5195
f 1111//5196 1110//5197 1109//4055
f 1112//5198 1110//5199 1111//5200
f 1113//4059 1116//4492 1117//5201
f 1118//5202 1117//5203 1116//5204
f 1119//5205 1117//5206 1118//5207
f 1123//5208 1124//5209 1126//4985
f 1121//4986 1125//4501 1124//4988
f 1126//4503 1124//5210 1125//5211
f 1130//5212 1131//5213 1133//5214
f 1128//5215 1132//4081 1131//5216
f 1133//5217 1131//5218 1132//5219
f 1134//4086 1137//5220 1138//5221
f 1135//4514 1139//5222 1138//4782
f 1140//5223 1138//5224 1139//5225
f 1141//5226 1145//5227 1146//5228
f 1147//4098 1146//4099 1145//4100
f 1143//5229 1148//5002 1146//5230
f 1149//5231 1146//5232 1148//4523
f 1150//5233 1154//5234 1155//4524
f 1156//5235 1155//5236 1154//5237
f 1152//5238 1157//5239 1155//5240
f 1158//4116 1155//4117 1157//4795
f 1159//4119 1162//4120 1163//4121
f 1164//5241 1163//5242 1162//5243
f 1161//4125 1165//5244 1163//4536
f 1166//5245 1169//5246 1170//5247
f 1171//5248 1170//5249 1169//5250
f 1172//5251 1170//5252 1171//5253
f 1173//5254 1176//5255 1177//5256
f 1178//5257 1177//5258 1176//5259
f 1179//4143 1177//5260 1178//5261
f 1183//5262 1184//5263 1186//5264
f 1185//5265 1184//5266 1183//5267
f 1182//4814 1186//4153 1184//4154
f 1190//5268 1191//5269 1193//5270
f 1192//5271 1191//5272 1190//5273
f 1189//4561 1193//4562 1191//5274
f 1194//4563 1197//5275 1198//5276
f 1199//5277 1198//5278 1197//4826
f 1196//5279 1200//4171 1198//5280
f 1021//4173 1029//317 965//4569
f 1029//5281 1024//4176 962//4177
f 971//318 974//318 967//318
f 974//318 970//318 963//318
f 1031//4178 1034//324 976//5282
f 1034//4570 1030//4571 972//4181
f 1023//318 1032//318 1036//318
f 1028//318 1036//318 1031//318
f 1150//733 1158//326 1094//4182
f 1158//326 1153//329 1091//4183
f 1081//330 1092//330 1096//330
f 1085//330 1096//330 1091//330
f 1142//333 1145//332 1087//4184
f 1145//332 1141//1440 1083//4185
f 1153//330 1157//330 1147//330
f 1157//330 1152//330 1143//330
f 963//336 1081//336 1089//336
f 968//336 1089//336 1084//336
f 1093//336 1097//336 978//336
f 1097//336 1092//336 970//336
f 1032//337 1152//337 1156//337
f 1037//337 1156//337 1151//337
f 1144//337 1148//337 1027//337
f 1148//337 1143//337 1023//337
f 979//1710 985//4827 977//4828
f 985//5283 981//5284 973//5285
f 1040//4192 1042//485 982//4193
f 1042//4194 1039//381 980//4195
f 1033//5286 1041//5287 1044//5288
f 1038//5289 1044//5050 1040//5290
f 1159//358 1165//357 1102//4202
f 1165//360 1161//327 1100//4203
f 1093//4204 1101//4205 1104//4206
f 1098//5291 1104//5292 1100//5293
f 1161//5294 1164//5295 1154//4212
f 1164//4577 1160//5296 1151//5297
f 980//4216 986//4217 992//4218
f 984//5298 992//5058 988//4221
f 1047//4222 1049//384 989//5299
f 1049//4224 1046//335 987//4225
f 1048//4226 1051//5059 1045//5300
f 1051//4585 1047//4230 1039//4839
f 1166//314 1172//392 1109//4232
f 1172//394 1168//358 1107//4233
f 1101//5301 1108//5302 1111//5303
f 1105//4237 1111//4238 1107//4239
f 1168//4240 1171//4241 1162//4841
f 1171//4243 1167//4244 1160//4245
f 987//5304 993//5305 999//5306
f 991//4589 999//4590 995//5307
f 1054//4252 1056//332 996//4253
f 1056//4254 1053//333 994//4255
f 1055//5308 1058//5309 1052//5310
f 1058//4259 1054//4594 1046//4261
f 1173//318 1179//424 1116//5311
f 1116//4595 1179//317 1175//314
f 1108//5312 1115//4265 1118//4848
f 1112//5313 1118//5314 1114//5315
f 1175//5316 1178//5317 1169//5318
f 1178//4852 1174//5319 1167//5320
f 1000//4853 1006//5321 998//4601
f 1006//5322 1002//1698 995//5323
f 1061//5324 1063//5325 1003//4280
f 1063//4281 1060//327 1001//4282
f 1062//5326 1065//5327 1059//5328
f 1059//4285 1065//5329 1061//4275
f 1120//4606 1180//346 1186//324
f 1186//455 1182//318 1121//5330
f 1122//4288 1125//461 1119//5331
f 1125//4291 1121//3520 1113//5332
f 1182//5070 1185//2438 1176//5333
f 1185//5334 1181//1442 1174//5335
f 1007//4612 1013//5336 1005//5337
f 1013//4300 1009//4301 1002//4302
f 1068//4303 1070//360 1010//4304
f 1070//5338 1067//358 1008//4306
f 1062//4307 1069//4616 1072//4309
f 1066//5339 1072//5340 1068//4866
f 1187//381 1193//485 1130//4313
f 1193//485 1189//346 1128//4314
f 1129//4315 1132//5341 1126//4317
f 1132//5342 1128//5343 1120//5344
f 1180//4321 1189//4621 1192//5345
f 1183//5346 1192//4325 1188//4326
f 1014//5347 1020//5348 1012//5349
f 1020//4330 1016//4624 1009//5350
f 1075//4333 1077//394 1017//4334
f 1077//4335 1074//314 1015//4336
f 1069//5351 1076//4627 1079//4628
f 1073//4340 1079//4341 1075//4342
f 1194//335 1200//384 1137//4343
f 1200//516 1196//381 1135//4344
f 1136//5352 1139//5353 1133//4347
f 1139//5354 1135//4634 1127//4350
f 1187//5355 1196//4636 1199//5356
f 1190//5357 1199//4874 1195//4638
f 964//5358 1016//5359 1019//4359
f 969//5360 1019//4878 1015//2958
f 1074//2250 1080//5361 1025//4363
f 1080//5362 1076//4641 1022//4366
f 1134//5363 1140//5364 1088//5365
f 1140//5366 1136//5367 1084//5368
f 1144//4373 1195//4374 1197//4375
f 1149//5369 1197//5370 1194//5371
f 1074//314 1021//314 961//314
f 1024//318 1031//318 971//318
f 963//330 970//330 1092//330
f 964//336 1084//336 1136//336
f 973//336 981//336 1101//336
f 1030//346 1040//346 979//346
f 981//336 988//336 1108//336
f 1039//381 1047//381 986//381
f 988//336 995//336 1115//336
f 1046//335 1054//335 993//335
f 1002//336 1122//336 1115//336
f 1053//330 1061//330 1000//330
f 1009//336 1129//336 1122//336
f 1060//327 1068//327 1007//327
f 1016//336 1136//336 1129//336
f 1067//358 1075//358 1014//358
f 1032//318 1023//318 1143//318
f 1022//337 1076//337 1195//337
f 1033//337 1151//337 1160//337
f 1041//337 1160//337 1167//337
f 1048//337 1167//337 1174//337
f 1055//337 1174//337 1181//337
f 1069//337 1062//337 1181//337
f 1076//337 1069//337 1188//337
f 1153//330 1142//330 1082//330
f 1141//335 1194//335 1134//335
f 1161//327 1150//327 1090//327
f 1168//358 1159//358 1099//358
f 1175//314 1166//314 1106//314
f 1182//318 1173//318 1113//318
f 1189//346 1180//346 1120//346
f 1196//381 1187//381 1127//381
f 1201//5088 1205//5089 1206//5090
f 1207//3866 1206//3867 1205//3868
f 1203//5091 1208//4649 1206//5092
f 1209//5093 1206//5094 1208//5095
f 1210//5372 1214//5373 1215//5374
f 1216//5375 1215//5376 1214//3879
f 1212//5377 1217//5378 1215//5379
f 1218//5380 1215//5381 1217//5382
f 1219//3886 1222//3887 1223//4389
f 1224//5383 1223//3890 1222//5384
f 1221//5385 1225//5386 1223//5387
f 1226//4666 1229//4667 1230//4668
f 1231//5388 1230//5389 1229//5390
f 1228//5391 1232//5392 1230//5393
f 1233//5394 1236//5395 1237//5111
f 1238//5396 1237//5397 1236//4900
f 1235//5398 1239//5399 1237//5400
f 1243//4405 1244//4905 1246//3915
f 1241//5401 1245//5402 1244//5403
f 1242//5404 1246//5405 1244//4412
f 1250//3922 1251//5406 1253//5407
f 1248//5408 1252//5409 1251//5410
f 1249//5411 1253//5412 1251//5413
f 1257//5124 1258//5414 1260//3933
f 1255//5415 1259//4916 1258//5416
f 1256//5417 1260//5418 1258//5419
f 1261//3940 1265//3941 1266//4697
f 1267//5128 1266//4699 1265//5129
f 1263//7 1268//3946 1266//3947
f 1269//5130 1266//3949 1268//5131
f 1270//3951 1274//3952 1275//3953
f 1276//3954 1275//3955 1274//3956
f 1272//5132 1277//5133 1275//5134
f 1278//4706 1275//5135 1277//5136
f 1282//4709 1283//3964 1285//4430
f 1280//3966 1284//5137 1283//5420
f 1281//4431 1285//5421 1283//5422
f 1289//5423 1290//5424 1292//5425
f 1287//3975 1291//4718 1290//5426
f 1288//5427 1292//5428 1290//5429
f 1296//5430 1297//5431 1299//3983
f 1294//3984 1298//5432 1297//5433
f 1295//5434 1299//5435 1297//5436
f 1300//5437 1303//5438 1304//5439
f 1305//3993 1304//5440 1303//5153
f 1302//5441 1306//5442 1304//5443
f 1307//3999 1310//4451 1311//5444
f 1312//4941 1311//5445 1310//5157
f 1309//5446 1313//5447 1311//5448
f 1314//4008 1317//4009 1318//5449
f 1319//5164 1318//4012 1317//5166
f 1316//5450 1320//4015 1318//5451
f 1321//4017 1325//4741 1326//5452
f 1327//4020 1326//4469 1325//4022
f 1323//5453 1328//4024 1326//4744
f 1329//5454 1326//5455 1328//4474
f 1330//5178 1334//5179 1335//5180
f 1336//5181 1335//5182 1334//4957
f 1332//5183 1337//5184 1335//5185
f 1338//5186 1335//5187 1337//5188
f 1339//5456 1342//4479 1343//5457
f 1340//5458 1344//5459 1343//5460
f 1345//5461 1343//5462 1344//5463
f 1346//5194 1349//4765 1350//5464
f 1351//5465 1350//5466 1349//5467
f 1352//5468 1350//5469 1351//5470
f 1353//5471 1356//5472 1357//5201
f 1358//5473 1357//5474 1356//5475
f 1359//5476 1357//5477 1358//5478
f 1363//5479 1364//5480 1366//5481
f 1361//5482 1365//5483 1364//5484
f 1366//5485 1364//5486 1365//5487
f 1370//5488 1371//5489 1373//5490
f 1368//5491 1372//5492 1371//5493
f 1373//5494 1371//5495 1372//5496
f 1374//5497 1377//5498 1378//5499
f 1375//5500 1379//4515 1378//5501
f 1380//5502 1378//5503 1379//5504
f 1381//5226 1385//5227 1386//5228
f 1387//4098 1386//4099 1385//4100
f 1383//5229 1388//5002 1386//5230
f 1389//5231 1386//5232 1388//4523
f 1390//5233 1394//5234 1395//4524
f 1396//5235 1395//5236 1394//5237
f 1392//5505 1397//5506 1395//5507
f 1398//4116 1395//4117 1397//4795
f 1399//5508 1402//5509 1403//5510
f 1404//4122 1403//5511 1402//5512
f 1401//4796 1405//5513 1403//5514
f 1406//5010 1409//5515 1410//5516
f 1411//5517 1410//5518 1409//5519
f 1412//5520 1410//5521 1411//5522
f 1413//4804 1416//4138 1417//4139
f 1418//4805 1417//4806 1416//5523
f 1419//5524 1417//5525 1418//4145
f 1423//4146 1424//4147 1426//4148
f 1425//5526 1424//5527 1423//5528
f 1422//5529 1426//5530 1424//4154
f 1430//5531 1431//5532 1433//5533
f 1432//5534 1431//5535 1430//5536
f 1429//5537 1433//5538 1431//5539
f 1434//5540 1437//5541 1438//5542
f 1439//5543 1438//5544 1437//4567
f 1436//5545 1440//5546 1438//5547
f 1261//4173 1269//317 1205//4569
f 1269//5281 1264//4176 1202//4177
f 1211//318 1214//318 1207//318
f 1214//318 1210//318 1203//318
f 1271//4178 1274//324 1216//5282
f 1274//4570 1270//4571 1212//4181
f 1263//318 1272//318 1276//318
f 1268//318 1276//318 1271//318
f 1390//733 1398//326 1334//4182
f 1398//326 1393//329 1331//4183
f 1321//330 1332//330 1336//330
f 1325//330 1336//330 1331//330
f 1382//333 1385//332 1327//4184
f 1385//332 1381//1440 1323//4185
f 1393//330 1397//330 1387//330
f 1397//330 1392//330 1383//330
f 1203//1167 1321//1167 1329//1167
f 1208//336 1329//336 1324//336
f 1333//336 1337//336 1218//336
f 1337//336 1332//336 1210//336
f 1272//1168 1392//1168 1396//1168
f 1277//337 1396//337 1391//337
f 1384//337 1388//337 1267//337
f 1388//337 1383//337 1263//337
f 1219//5548 1225//5045 1217//5549
f 1225//5550 1221//4830 1213//5551
f 1280//4192 1282//485 1222//4193
f 1282//4194 1279//381 1220//4195
f 1273//5286 1281//5552 1284//5553
f 1278//5049 1284//5050 1280//5290
f 1399//358 1405//357 1342//4202
f 1405//360 1401//327 1340//4203
f 1333//4204 1341//4205 1344//5554
f 1338//5291 1344//5292 1340//5293
f 1401//2591 1404//5555 1394//4576
f 1404//5556 1400//5557 1391//5558
f 1220//4216 1226//4217 1232//4218
f 1224//5298 1232//5058 1228//4221
f 1287//4222 1289//384 1229//5299
f 1289//4224 1286//335 1227//4225
f 1288//5559 1291//4227 1285//4584
f 1291//4585 1287//4230 1279//4839
f 1406//314 1412//392 1349//4232
f 1412//394 1408//358 1347//4233
f 1341//5560 1348//4235 1351//5561
f 1345//5060 1351//4238 1347//4588
f 1408//4240 1411//4241 1402//5562
f 1411//4243 1407//4244 1400//5563
f 1227//5564 1233//4842 1239//5306
f 1231//5565 1239//5566 1235//5567
f 1294//4252 1296//332 1236//4253
f 1296//4254 1293//333 1234//4255
f 1295//4591 1298//4592 1292//4258
f 1298//5568 1294//5569 1286//5570
f 1353//4846 1413//318 1419//424
f 1419//317 1415//314 1354//4263
f 1348//4264 1355//5571 1358//4266
f 1352//5572 1358//5573 1354//5574
f 1415//4270 1418//4271 1409//4272
f 1418//4852 1414//4599 1407//4274
f 1240//5575 1246//443 1238//5576
f 1246//4277 1242//988 1235//5577
f 1301//5324 1303//5325 1243//4280
f 1303//4281 1300//327 1241//4282
f 1302//5578 1305//5579 1299//5580
f 1299//4285 1305//1197 1301//4853
f 1360//4606 1420//346 1426//324
f 1426//455 1422//318 1361//5330
f 1362//5581 1365//3807 1359//5582
f 1365//5583 1361//5584 1353//5585
f 1422//5070 1425//2438 1416//5333
f 1425//5334 1421//1442 1414//5335
f 1247//5586 1253//5587 1245//5588
f 1253//5589 1249//5590 1242//5591
f 1308//4303 1310//360 1250//4304
f 1310//5338 1307//358 1248//4306
f 1302//5592 1309//5593 1312//5594
f 1306//5074 1312//5340 1308//4866
f 1427//381 1433//485 1370//4313
f 1433//485 1429//346 1368//4314
f 1369//4315 1372//5341 1366//4317
f 1372//5595 1368//4319 1360//5596
f 1420//4321 1429//4621 1432//5345
f 1423//4324 1432//4325 1428//4326
f 1254//5347 1260//5348 1252//5349
f 1260//4330 1256//4624 1249//5350
f 1315//4333 1317//394 1257//4334
f 1317//4335 1314//314 1255//4336
f 1309//5351 1316//4627 1319//4628
f 1313//4340 1319//4341 1315//4342
f 1434//335 1440//384 1377//4343
f 1440//516 1436//381 1375//4344
f 1376//5352 1379//5353 1373//4347
f 1379//5354 1375//4634 1367//4350
f 1427//4351 1436//4636 1439//5597
f 1430//4354 1439//4355 1435//4356
f 1204//4357 1256//4639 1259//4640
f 1209//4360 1259//4361 1255//2643
f 1314//5079 1320//5080 1265//5081
f 1320//5598 1316//4641 1262//5599
f 1374//4642 1380//5600 1328//5083
f 1380//5366 1376//5601 1324//5368
f 1384//4373 1435//4881 1437//5602
f 1389//5603 1437//5370 1434//5604
f 1314//314 1261//314 1201//314
f 1264//318 1271//318 1211//318
f 1203//330 1210//330 1332//330
f 1204//988 1324//988 1376//988
f 1213//336 1221//336 1341//336
f 1270//346 1280//346 1219//346
f 1221//336 1228//336 1348//336
f 1279//381 1287//381 1226//381
f 1228//336 1235//336 1355//336
f 1286//335 1294//335 1233//335
f 1242//336 1362//336 1355//336
f 1293//330 1301//330 1240//330
f 1249//336 1369//336 1362//336
f 1300//327 1308//327 1247//327
f 1256//336 1376//336 1369//336
f 1307//358 1315//358 1254//358
f 1272//318 1263//318 1383//318
f 1262//337 1316//337 1435//337
f 1273//337 1391//337 1400//337
f 1281//337 1400//337 1407//337
f 1288//337 1407//337 1414//337
f 1295//337 1414//337 1421//337
f 1309//337 1302//337 1421//337
f 1316//337 1309//337 1428//337
f 1393//330 1382//330 1322//330
f 1381//335 1434//335 1374//335
f 1401//327 1390//327 1330//327
f 1408//358 1399//358 1339//358
f 1415//314 1406//314 1346//314
f 1422//318 1413//318 1353//318
f 1429//346 1420//346 1360//346
f 1436//381 1427//381 1367//381
f 1441//5088 1445//5089 1446//5090
f 1447//3866 1446//3867 1445//3868
f 1443//5091 1448//4649 1446//5092
f 1449//5093 1446//5094 1448//5095
f 1450//5372 1454//5373 1455//5374
f 1456//5375 1455//5376 1454//3879
f 1452//5377 1457//5378 1455//5379
f 1458//5380 1455//5381 1457//5382
f 1459//5605 1462//5606 1463//5607
f 1464//5383 1463//3890 1462//5384
f 1461//5385 1465//5386 1463//5387
f 1466//5608 1469//3896 1470//4668
f 1471//5609 1470//5610 1469//5611
f 1468//5612 1472//5613 1470//4401
f 1473//5394 1476//5395 1477//5111
f 1478//5396 1477//5397 1476//4900
f 1475//5398 1479//5399 1477//5400
f 1483//4405 1484//4678 1486//3915
f 1481//5614 1485//5615 1484//5616
f 1482//5617 1486//5618 1484//5619
f 1490//3922 1491//5406 1493//4684
f 1488//5620 1492//4686 1491//5410
f 1489//5621 1493//5622 1491//5623
f 1497//5124 1498//5414 1500//4915
f 1495//5415 1499//5624 1498//5625
f 1496//4422 1500//5626 1498//5627
f 1501//3940 1505//3941 1506//4697
f 1507//5128 1506//4699 1505//5129
f 1503//7 1508//3946 1506//3947
f 1509//5130 1506//3949 1508//5131
f 1510//3951 1514//3952 1515//3953
f 1516//3954 1515//3955 1514//3956
f 1512//5132 1517//5133 1515//5134
f 1518//4706 1515//5135 1517//5136
f 1522//5628 1523//4921 1525//5629
f 1520//5630 1524//5631 1523//5632
f 1521//5633 1525//5634 1523//5635
f 1529//4715 1530//4716 1532//4926
f 1527//5636 1531//3976 1530//3977
f 1528//5637 1532//5638 1530//5639
f 1536//4722 1537//5431 1539//3983
f 1534//5640 1538//5641 1537//5642
f 1535//5643 1539//4728 1537//5644
f 1540//4729 1543//3991 1544//3992
f 1545//5151 1544//5152 1543//5153
f 1542//5645 1546//5646 1544//5443
f 1547//5155 1550//4451 1551//5647
f 1552//5648 1551//5649 1550//5650
f 1549//5651 1553//5652 1551//5653
f 1554//4008 1557//4009 1558//4010
f 1559//5164 1558//5165 1557//5166
f 1556//5654 1560//5655 1558//5656
f 1561//5657 1565//5658 1566//5659
f 1567//4020 1566//4469 1565//4022
f 1563//5453 1568//5660 1566//5661
f 1569//5175 1566//5662 1568//5663
f 1570//4746 1574//4747 1575//4748
f 1576//4955 1575//5664 1574//4957
f 1572//5183 1577//5184 1575//5185
f 1578//5665 1575//5187 1577//5188
f 1579//5456 1582//4479 1583//4043
f 1580//5666 1584//5667 1583//5668
f 1585//4484 1583//5669 1584//5670
f 1586//5671 1589//5672 1590//5673
f 1591//5465 1590//5466 1589//5467
f 1592//5674 1590//5675 1591//5676
f 1593//5677 1596//5678 1597//5679
f 1598//5680 1597//5681 1596//5682
f 1599//5683 1597//5684 1598//4498
f 1603//5479 1604//5480 1606//5481
f 1601//5685 1605//5686 1604//5687
f 1606//5485 1604//5486 1605//5487
f 1610//5688 1611//5689 1613//5690
f 1608//5491 1612//5492 1611//5493
f 1613//5494 1611//5495 1612//5496
f 1614//5691 1617//5692 1618//5693
f 1615//5500 1619//4515 1618//5694
f 1620//5695 1618//5696 1619//5697
f 1621//4095 1625//5227 1626//5698
f 1627//4785 1626//4099 1625//4100
f 1623//5229 1628//5002 1626//5230
f 1629//5231 1626//5232 1628//4523
f 1630//4107 1634//4108 1635//5699
f 1636//5700 1635//5701 1634//5702
f 1632//4113 1637//5703 1635//4529
f 1638//4116 1635//4117 1637//4795
f 1639//5704 1642//4120 1643//5510
f 1644//5705 1643//5706 1642//5707
f 1641//4796 1645//5708 1643//5709
f 1646//5710 1649//5711 1650//5712
f 1651//5713 1650//5714 1649//5715
f 1652//5716 1650//5717 1651//5718
f 1653//5719 1656//5720 1657//5721
f 1658//5257 1657//5258 1656//5259
f 1659//4143 1657//5260 1658//5261
f 1663//5262 1664//5263 1666//5264
f 1665//5265 1664//5266 1663//5267
f 1662//4814 1666//4153 1664//4154
f 1670//5722 1671//4556 1673//5723
f 1672//5724 1671//5725 1670//5726
f 1669//4161 1673//5033 1671//5539
f 1674//4563 1677//5275 1678//5276
f 1679//5277 1678//5278 1677//4826
f 1676//5727 1680//4568 1678//4172
f 1501//4173 1509//317 1445//4569
f 1509//5281 1504//4176 1442//4177
f 1451//318 1454//318 1447//318
f 1454//318 1450//318 1443//318
f 1511//4178 1514//324 1456//5282
f 1514//4570 1510//4571 1452//4181
f 1503//318 1512//318 1516//318
f 1508//318 1516//318 1511//318
f 1630//733 1638//326 1574//4182
f 1638//326 1633//329 1571//4183
f 1561//330 1572//330 1576//330
f 1565//330 1576//330 1571//330
f 1622//333 1625//332 1567//4184
f 1625//332 1621//1440 1563//4185
f 1633//330 1637//330 1627//330
f 1637//330 1632//330 1623//330
f 1443//1167 1561//1167 1569//1167
f 1448//336 1569//336 1564//336
f 1573//336 1577//336 1458//336
f 1577//336 1572//336 1450//336
f 1512//1168 1632//1168 1636//1168
f 1517//337 1636//337 1631//337
f 1624//337 1628//337 1507//337
f 1628//337 1623//337 1503//337
f 1459//5548 1465//5045 1457//5549
f 1465//5550 1461//4830 1453//5551
f 1520//4192 1522//485 1462//4193
f 1522//4194 1519//381 1460//4195
f 1513//5728 1521//5729 1524//5730
f 1518//5049 1524//4200 1520//4201
f 1639//358 1645//357 1582//4202
f 1645//360 1641//327 1580//4203
f 1573//5731 1581//4205 1584//4206
f 1578//5732 1584//5733 1580//5734
f 1641//2591 1644//4211 1634//4576
f 1644//4213 1640//4578 1631//5558
f 1460//4579 1466//4217 1472//4218
f 1464//4580 1472//4581 1468//5735
f 1527//4222 1529//384 1469//5299
f 1529//4224 1526//335 1467//4225
f 1528//5559 1531//4227 1525//4584
f 1531//4585 1527//4230 1519//4839
f 1646//314 1652//392 1589//4586
f 1652//394 1648//358 1587//4233
f 1581//5560 1588//4235 1591//5561
f 1585//5060 1591//4238 1587//4588
f 1648//4240 1651//4241 1642//5562
f 1651//4243 1647//4244 1640//5563
f 1467//5564 1473//4842 1479//5736
f 1471//5737 1479//5738 1475//4251
f 1534//4252 1536//332 1476//4253
f 1536//4254 1533//333 1474//4255
f 1535//5739 1538//4592 1532//5740
f 1538//4593 1534//4594 1526//5741
f 1653//318 1659//424 1596//5311
f 1596//4595 1659//317 1655//314
f 1588//5742 1595//4265 1598//4848
f 1592//5743 1598//4268 1594//5315
f 1655//5744 1658//5745 1649//5746
f 1658//5747 1654//5748 1647//5749
f 1480//4853 1486//1020 1478//5750
f 1486//5751 1482//5752 1475//5753
f 1541//5324 1543//5325 1483//4280
f 1543//4281 1540//327 1481//4282
f 1542//5754 1545//5755 1539//5756
f 1539//5757 1545//777 1541//5575
f 1600//4606 1660//346 1666//324
f 1666//455 1662//318 1601//5330
f 1595//5758 1602//1493 1605//5759
f 1605//4291 1601//318 1593//5332
f 1662//5070 1665//2438 1656//5333
f 1656//5760 1665//2618 1661//5761
f 1487//4612 1493//5336 1485//5337
f 1493//5762 1489//3820 1482//5763
f 1548//4303 1550//360 1490//4304
f 1550//5338 1547//358 1488//4306
f 1542//5764 1549//497 1552//5765
f 1546//4310 1552//5075 1548//4866
f 1667//381 1673//485 1610//4313
f 1673//485 1669//346 1608//4314
f 1609//5766 1612//5767 1606//5768
f 1612//5595 1608//4319 1600//5596
f 1660//4321 1669//5769 1672//5345
f 1663//5346 1672//5770 1668//5771
f 1494//5347 1500//5772 1492//4329
f 1500//5773 1496//4624 1489//5774
f 1555//4333 1557//394 1497//4334
f 1557//4335 1554//314 1495//4336
f 1549//5351 1556//4627 1559//4628
f 1553//4340 1559//4341 1555//4342
f 1674//335 1680//384 1617//4343
f 1680//516 1676//381 1615//4344
f 1616//5352 1619//5353 1613//4347
f 1619//5354 1615//4634 1607//4350
f 1667//5355 1676//4636 1679//5356
f 1670//5357 1679//4874 1675//4638
f 1444//5358 1496//4639 1499//5775
f 1449//4877 1499//5776 1495//2643
f 1554//5079 1560//5080 1505//5081
f 1560//5777 1556//5778 1502//4366
f 1614//5779 1620//5780 1568//5083
f 1620//5084 1616//5781 1564//5368
f 1624//4373 1675//4374 1677//4882
f 1629//4376 1677//5782 1674//5783
f 1554//314 1501//314 1441//314
f 1504//318 1511//318 1451//318
f 1443//330 1450//330 1572//330
f 1444//336 1564//336 1616//336
f 1453//336 1461//336 1581//336
f 1510//346 1520//346 1459//346
f 1461//336 1468//336 1588//336
f 1519//381 1527//381 1466//381
f 1468//336 1475//336 1595//336
f 1526//335 1534//335 1473//335
f 1482//336 1602//336 1595//336
f 1533//330 1541//330 1480//330
f 1489//336 1609//336 1602//336
f 1540//327 1548//327 1487//327
f 1496//336 1616//336 1609//336
f 1547//358 1555//358 1494//358
f 1512//318 1503//318 1623//318
f 1502//450 1556//450 1675//450
f 1513//337 1631//337 1640//337
f 1521//337 1640//337 1647//337
f 1528//337 1647//337 1654//337
f 1535//337 1654//337 1661//337
f 1549//337 1542//337 1661//337
f 1556//337 1549//337 1668//337
f 1633//330 1622//330 1562//330
f 1621//335 1674//335 1614//335
f 1641//327 1630//327 1570//327
f 1648//358 1639//358 1579//358
f 1655//314 1646//314 1586//314
f 1662//318 1653//318 1593//318
f 1669//346 1660//346 1600//346
f 1676//381 1667//381 1607//381
f 1681//5088 1685//5089 1686//5784
f 1687//5785 1686//5786 1685//5787
f 1683//5788 1688//5789 1686//5790
f 1689//5791 1686//5792 1688//5793
f 1690//5794 1694//5795 1695//5796
f 1696//5797 1695//5798 1694//5799
f 1692//5800 1697//5801 1695//5379
f 1698//5802 1695//5803 1697//5804
f 1699//5605 1702//5805 1703//3888
f 1704//5806 1703//5807 1702//5808
f 1701//4393 1705//5809 1703//5810
f 1706//3895 1709//4667 1710//5811
f 1711//5812 1710//5813 1709//5814
f 1708//5815 1712//5816 1710//5817
f 1713//4897 1716//5818 1717//5111
f 1718//3907 1717//4899 1716//3909
f 1715//5819 1719//4676 1717//5820
f 1723//3913 1724//5821 1726//3915
f 1721//5822 1725//5615 1724//5823
f 1722//5824 1726//5825 1724//5826
f 1730//4910 1731//5827 1733//5828
f 1728//4685 1732//5829 1731//5830
f 1729//5831 1733//5832 1731//5833
f 1737//3931 1738//5834 1740//4690
f 1735//3934 1739//3935 1738//3936
f 1736//5835 1740//5836 1738//5837
f 1741//5838 1745//5839 1746//5840
f 1747//5841 1746//5842 1745//5843
f 1743//1956 1748//5844 1746//5845
f 1749//5846 1746//5847 1748//5848
f 1750//3951 1754//5849 1755//5850
f 1756//5851 1755//5852 1754//5853
f 1752//5854 1757//5855 1755//5856
f 1758//5857 1755//5858 1757//4428
f 1762//5859 1763//5860 1765//5861
f 1760//5862 1764//5863 1763//5864
f 1761//5865 1765//5866 1763//5867
f 1769//5868 1770//5869 1772//5870
f 1767//5871 1771//5872 1770//5873
f 1768//5874 1772//5875 1770//5876
f 1776//5430 1777//5877 1779//5878
f 1774//5879 1778//5880 1777//5881
f 1775//5882 1779//5883 1777//5884
f 1780//5885 1783//5886 1784//5887
f 1785//5888 1784//5889 1783//3995
f 1782//5890 1786//5891 1784//5892
f 1787//5893 1790//5894 1791//5895
f 1792//4941 1791//5896 1790//5897
f 1789//5898 1793//5899 1791//5900
f 1794//4008 1797//4009 1798//5901
f 1799//4460 1798//5902 1797//4013
f 1796//5167 1800//5903 1798//5904
f 1801//4017 1805//4741 1806//5452
f 1807//5173 1806//5905 1805//5906
f 1803//5907 1808//5908 1806//5909
f 1809//5910 1806//5911 1808//5912
f 1810//5913 1814//4747 1815//5914
f 1816//5915 1815//5916 1814//5917
f 1812//5918 1817//5919 1815//4960
f 1818//5920 1815//5921 1817//5922
f 1819//4041 1822//4479 1823//5923
f 1820//5924 1824//5925 1823//5926
f 1825//5927 1823//5928 1824//5929
f 1826//4050 1829//5930 1830//5931
f 1831//5932 1830//5933 1829//5934
f 1832//5935 1830//5936 1831//5937
f 1833//5938 1836//5939 1837//5940
f 1838//5941 1837//5942 1836//5943
f 1839//5944 1837//5945 1838//5946
f 1843//5947 1844//5948 1846//5949
f 1841//5950 1845//5951 1844//5952
f 1846//5953 1844//5954 1845//5955
f 1850//5956 1851//5957 1853//5958
f 1848//5215 1852//5959 1851//5960
f 1853//5961 1851//5962 1852//5963
f 1854//5964 1857//5965 1858//5221
f 1855//5966 1859//5967 1858//5968
f 1860//5969 1858//5970 1859//5971
f 1861//5226 1865//5227 1866//4097
f 1867//4785 1866//5972 1865//4100
f 1863//5973 1868//5974 1866//5975
f 1869//4522 1866//5976 1868//5977
f 1870//5978 1874//5979 1875//5980
f 1876//5981 1875//5982 1874//5983
f 1872//4113 1877//5239 1875//5984
f 1878//5985 1875//5986 1877//5987
f 1879//5704 1882//4120 1883//5007
f 1884//5988 1883//5989 1882//5990
f 1881//4125 1885//5244 1883//4127
f 1886//5991 1889//5992 1890//5993
f 1891//5994 1890//5995 1889//5996
f 1892//5997 1890//5998 1891//5999
f 1893//5254 1896//6000 1897//6001
f 1898//6002 1897//4141 1896//6003
f 1899//6004 1897//6005 1898//6006
f 1903//6007 1904//6008 1906//6009
f 1905//6010 1904//6011 1903//6012
f 1902//6013 1906//6014 1904//6015
f 1910//6016 1911//6017 1913//6018
f 1912//6019 1911//6020 1910//6021
f 1909//4161 1913//5033 1911//6022
f 1914//6023 1917//6024 1918//6025
f 1919//6026 1918//6027 1917//6028
f 1916//4170 1920//6029 1918//4172
f 1741//4173 1749//317 1685//4569
f 1749//5281 1744//4176 1682//4177
f 1691//318 1694//318 1687//318
f 1694//318 1690//318 1683//318
f 1751//4178 1754//324 1696//5282
f 1754//4570 1750//4571 1692//4181
f 1743//318 1752//318 1756//318
f 1748//318 1756//318 1751//318
f 1870//733 1878//326 1814//4182
f 1878//326 1873//329 1811//4183
f 1801//330 1812//330 1816//330
f 1805//330 1816//330 1811//330
f 1862//333 1865//332 1807//4184
f 1865//332 1861//1440 1803//4185
f 1873//330 1877//330 1867//330
f 1877//330 1872//330 1863//330
f 1683//1167 1801//1167 1809//1167
f 1688//336 1809//336 1804//336
f 1813//336 1817//336 1698//336
f 1817//336 1812//336 1690//336
f 1752//1168 1872//1168 1876//1168
f 1757//337 1876//337 1871//337
f 1864//337 1868//337 1747//337
f 1868//337 1863//337 1743//337
f 1699//6030 1705//6031 1697//6032
f 1705//6033 1701//4190 1693//6034
f 1760//4192 1762//485 1702//4193
f 1762//4194 1759//381 1700//4195
f 1753//6035 1761//4572 1764//6036
f 1758//6037 1764//6038 1760//6039
f 1879//358 1885//357 1822//4202
f 1885//360 1881//327 1820//4203
f 1813//4204 1821//4574 1824//6040
f 1818//4207 1824//6041 1820//4209
f 1881//6042 1884//6043 1874//4576
f 1884//5556 1880//5055 1871//6044
f 1700//5056 1706//6045 1712//6046
f 1704//6047 1712//6048 1708//6049
f 1767//4222 1769//384 1709//5299
f 1769//4224 1766//335 1707//4225
f 1768//4226 1771//6050 1765//4228
f 1771//4229 1767//4230 1759//4839
f 1886//314 1892//392 1829//4586
f 1892//394 1888//358 1827//4233
f 1821//6051 1828//6052 1831//5561
f 1825//6053 1831//6054 1827//4588
f 1888//4240 1891//4241 1882//4841
f 1891//4243 1887//6055 1880//6056
f 1707//6057 1713//6058 1719//6059
f 1711//6060 1719//4590 1715//5307
f 1774//4252 1776//332 1716//4253
f 1776//4254 1773//333 1714//4255
f 1775//6061 1778//6062 1772//6063
f 1778//4259 1774//4260 1766//4261
f 1833//4846 1893//318 1899//424
f 1899//317 1895//314 1834//4263
f 1828//6064 1835//2195 1838//6065
f 1832//6066 1838//6067 1834//6068
f 1895//4270 1898//6069 1889//4598
f 1898//6070 1894//6071 1887//6072
f 1720//4275 1726//443 1718//4854
f 1726//6073 1722//1167 1715//6074
f 1781//5324 1783//5325 1723//4280
f 1783//4281 1780//327 1721//4282
f 1782//6075 1785//2220 1779//6076
f 1785//6077 1781//1019 1773//6078
f 1840//4606 1900//6079 1906//4861
f 1906//455 1902//318 1841//5330
f 1842//6080 1845//6081 1839//6082
f 1845//6083 1841//2937 1833//6084
f 1902//4293 1905//2438 1896//4610
f 1905//5071 1901//337 1894//6085
f 1727//4612 1733//5336 1725//5337
f 1733//6086 1729//5590 1722//6087
f 1788//4303 1790//360 1730//4304
f 1790//5338 1787//358 1728//4306
f 1782//5592 1789//5593 1792//6088
f 1786//5074 1792//5340 1788//6089
f 1907//381 1913//485 1850//4313
f 1913//485 1909//346 1848//4314
f 1849//6090 1852//6091 1846//6092
f 1852//6093 1848//6094 1840//4869
f 1900//6095 1909//6096 1912//6097
f 1903//6098 1912//6099 1908//6100
f 1734//5347 1740//5772 1732//4623
f 1740//5773 1736//4624 1729//4625
f 1795//4333 1797//394 1737//4334
f 1797//4335 1794//314 1735//4336
f 1789//4626 1796//4627 1799//4628
f 1793//6101 1799//4630 1795//4342
f 1914//335 1920//384 1857//4343
f 1920//516 1916//381 1855//4344
f 1856//6102 1859//4346 1853//6103
f 1859//4348 1855//4634 1847//6104
f 1907//4635 1916//4636 1919//4353
f 1910//6105 1919//6106 1915//4356
f 1684//6107 1736//4639 1739//6108
f 1689//6109 1739//6110 1735//2253
f 1794//2250 1800//5361 1745//4363
f 1800//5362 1796//4365 1742//6111
f 1854//4367 1860//6112 1808//6113
f 1860//6114 1856//5085 1804//4372
f 1864//6115 1915//4646 1917//4882
f 1869//4376 1917//6116 1914//6117
f 1794//314 1741//314 1681//314
f 1744//318 1751//318 1691//318
f 1683//330 1690//330 1812//330
f 1684//336 1804//336 1856//336
f 1693//336 1701//336 1821//336
f 1750//346 1760//346 1699//346
f 1701//336 1708//336 1828//336
f 1759//381 1767//381 1706//381
f 1708//336 1715//336 1835//336
f 1766//335 1774//335 1713//335
f 1722//336 1842//336 1835//336
f 1773//330 1781//330 1720//330
f 1729//336 1849//336 1842//336
f 1780//327 1788//327 1727//327
f 1736//336 1856//336 1849//336
f 1787//358 1795//358 1734//358
f 1752//318 1743//318 1863//318
f 1742//466 1796//466 1915//466
f 1753//1168 1871//1168 1880//1168
f 1761//337 1880//337 1887//337
f 1768//337 1887//337 1894//337
f 1775//337 1894//337 1901//337
f 1789//337 1782//337 1901//337
f 1796//337 1789//337 1908//337
f 1873//330 1862//330 1802//330
f 1861//335 1914//335 1854//335
f 1881//327 1870//327 1810//327
f 1888//358 1879//358 1819//358
f 1895//314 1886//314 1826//314
f 1902//318 1893//318 1833//318
f 1909//346 1900//346 1840//346
f 1916//381 1907//381 1847//381
f 1921//5088 1925//5089 1926//5784
f 1927//5785 1926//5786 1925//5787
f 1923//5788 1928//5789 1926//5790
f 1929//5791 1926//5792 1928//5793
f 1930//5794 1934//5795 1935//5796
f 1936//5797 1935//5798 1934//5799
f 1932//5800 1937//5801 1935//5379
f 1938//5802 1935//5803 1937//5804
f 1939//6118 1942//6119 1943//5607
f 1944//6120 1943//3890 1942//3891
f 1941//6121 1945//6122 1943//6123
f 1946//6124 1949//3896 1950//6125
f 1951//4669 1950//4670 1949//5611
f 1948//6126 1952//5816 1950//6127
f 1953//6128 1956//6129 1957//6130
f 1958//6131 1957//6132 1956//6133
f 1955//6134 1959//6135 1957//6136
f 1963//3913 1964//6137 1966//6138
f 1961//6139 1965//6140 1964//6141
f 1962//6142 1966//6143 1964//6144
f 1970//6145 1971//6146 1973//6147
f 1968//5620 1972//4686 1971//6148
f 1969//4416 1973//3929 1971//6149
f 1977//5124 1978//5414 1980//4915
f 1975//6150 1979//6151 1978//6152
f 1976//4917 1980//3938 1978//4423
f 1981//5838 1985//5839 1986//5840
f 1987//5841 1986//5842 1985//5843
f 1983//1956 1988//5844 1986//5845
f 1989//5846 1986//5847 1988//5848
f 1990//3951 1994//5849 1995//5850
f 1996//5851 1995//5852 1994//5853
f 1992//5854 1997//5855 1995//5856
f 1998//5857 1995//5858 1997//4428
f 2002//6153 2003//4921 2005//6154
f 2000//5862 2004//5863 2003//6155
f 2001//6156 2005//6157 2003//6158
f 2009//4715 2010//6159 2012//4717
f 2007//4436 2011//6160 2010//6161
f 2008//6162 2012//6163 2010//6164
f 2016//3981 2017//6165 2019//3983
f 2014//6166 2018//6167 2017//5642
f 2015//6168 2019//6169 2017//6170
f 2020//4729 2023//6171 2024//5439
f 2025//3993 2024//3994 2023//3995
f 2022//6172 2026//4731 2024//4732
f 2027//3999 2030//4000 2031//6173
f 2032//5648 2031//5649 2030//5650
f 2029//6174 2033//6175 2031//6176
f 2034//4008 2037//6177 2038//4010
f 2039//6178 2038//6179 2037//6180
f 2036//6181 2040//6182 2038//6183
f 2041//4017 2045//4741 2046//5452
f 2047//5173 2046//5905 2045//5906
f 2043//6184 2048//6185 2046//6186
f 2049//6187 2046//6188 2048//6189
f 2050//5913 2054//4747 2055//4748
f 2056//5915 2055//5916 2054//5917
f 2052//6190 2057//6191 2055//6192
f 2058//6193 2055//6194 2057//6195
f 2059//5456 2062//6196 2063//6197
f 2060//6198 2064//6199 2063//6200
f 2065//6201 2063//6202 2064//6203
f 2066//5671 2069//5672 2070//6204
f 2071//6205 2070//4488 2069//6206
f 2072//6207 2070//6208 2071//6209
f 2073//6210 2076//6211 2077//6212
f 2078//6213 2077//6214 2076//6215
f 2079//6216 2077//6217 2078//6218
f 2083//4068 2084//6219 2086//4070
f 2081//5685 2085//6220 2084//6221
f 2086//6222 2084//6223 2085//6224
f 2090//5488 2091//6225 2093//6226
f 2088//6227 2092//6228 2091//6229
f 2093//6230 2091//6231 2092//6232
f 2094//5691 2097//6233 2098//6234
f 2095//6235 2099//4515 2098//6236
f 2100//6237 2098//6238 2099//6239
f 2101//5226 2105//5227 2106//6240
f 2107//4785 2106//5972 2105//4100
f 2103//5973 2108//5974 2106//5975
f 2109//5231 2106//5005 2108//4523
f 2110//6241 2114//6242 2115//6243
f 2116//6244 2115//4791 2114//4792
f 2112//4113 2117//5239 2115//5984
f 2118//5985 2115//5986 2117//5987
f 2119//5704 2122//4120 2123//5007
f 2124//6245 2123//5989 2122//5990
f 2121//6246 2125//6247 2123//6248
f 2126//4797 2129//6249 2130//6250
f 2131//4799 2130//6251 2129//6252
f 2132//5997 2130//6253 2131//5999
f 2133//5254 2136//6000 2137//6254
f 2138//6255 2137//6256 2136//6257
f 2139//6258 2137//6259 2138//6260
f 2143//6261 2144//6262 2146//6263
f 2145//5026 2144//5027 2143//6264
f 2142//5529 2146//4153 2144//6265
f 2150//6266 2151//5532 2153//6267
f 2152//6268 2151//6269 2150//6270
f 2149//4561 2153//4162 2151//6271
f 2154//6272 2157//6273 2158//6274
f 2159//6275 2158//6027 2157//6276
f 2156//4170 2160//6029 2158//4172
f 1981//4173 1989//317 1925//4569
f 1989//5281 1984//4176 1922//4177
f 1931//318 1934//318 1927//318
f 1934//318 1930//318 1923//318
f 1991//4178 1994//324 1936//5282
f 1994//4570 1990//4571 1932//4181
f 1983//318 1992//318 1996//318
f 1988//318 1996//318 1991//318
f 2110//733 2118//326 2054//4182
f 2118//326 2113//329 2051//4183
f 2041//330 2052//330 2056//330
f 2045//330 2056//330 2051//330
f 2102//333 2105//332 2047//4184
f 2105//332 2101//1440 2043//4185
f 2113//330 2117//330 2107//330
f 2117//330 2112//330 2103//330
f 1923//1167 2041//1167 2049//1167
f 1928//5752 2049//5752 2044//5752
f 2053//3083 2057//3083 1938//3083
f 2057//336 2052//336 1930//336
f 1992//1168 2112//1168 2116//1168
f 1997//3126 2116//3126 2111//3126
f 2104//3084 2108//3084 1987//3084
f 2108//337 2103//337 1983//337
f 1939//4186 1945//4827 1937//4188
f 1945//6277 1941//6278 1933//4831
f 2000//4192 2002//485 1942//4193
f 2002//4194 1999//381 1940//4195
f 1993//5728 2001//6279 2004//6280
f 1998//4199 2004//6038 2000//4201
f 2119//358 2125//357 2062//4202
f 2125//360 2121//327 2060//4203
f 2053//4204 2061//6281 2064//6282
f 2058//4207 2064//4208 2060//6283
f 2121//6042 2124//4835 2114//4836
f 2124//6284 2120//6285 2111//4215
f 1940//5056 1946//4217 1952//4218
f 1944//4219 1952//5058 1948//4221
f 2007//4222 2009//384 1949//5299
f 2009//4224 2006//335 1947//4225
f 2008//4226 2011//6050 2005//4228
f 2011//4229 2007//4230 1999//4839
f 2126//314 2132//392 2069//4586
f 2132//394 2128//358 2067//4233
f 2061//6051 2068//6052 2071//5561
f 2065//6053 2071//6054 2067//4588
f 2128//4240 2131//4241 2122//4841
f 2131//4243 2127//6055 2120//6056
f 1947//6057 1953//6058 1959//6059
f 1951//6060 1959//4250 1955//4843
f 2014//4252 2016//332 1956//4253
f 2016//4254 2013//333 1954//4255
f 2015//6286 2018//6287 2012//6288
f 2018//4259 2014//4260 2006//4261
f 2133//318 2139//424 2076//5311
f 2076//4595 2139//317 2135//314
f 2068//4264 2075//2195 2078//6289
f 2072//4849 2078//4268 2074//4269
f 2135//6290 2138//6291 2129//6292
f 2138//6293 2134//6294 2127//6295
f 1954//6296 1960//1019 1966//6297
f 1966//6298 1962//1441 1955//6299
f 2021//5324 2023//5325 1963//4280
f 2023//4281 2020//327 1961//4282
f 2022//6300 2025//6301 2019//6302
f 2019//6303 2025//1197 2021//4853
f 2080//4606 2140//346 2146//324
f 2083//6304 2146//455 2142//318
f 2082//6305 2085//2795 2079//6306
f 2079//6307 2085//3807 2081//6308
f 2142//4293 2145//2438 2136//4610
f 2145//5071 2141//337 2134//6085
f 1967//4297 1973//5073 1965//6309
f 1973//6310 1969//2446 1962//6311
f 2028//4303 2030//360 1970//4304
f 2030//5338 2027//358 1968//4306
f 2022//6312 2029//6313 2032//6314
f 2026//5339 2032//6315 2028//6316
f 2147//381 2153//485 2090//4313
f 2153//485 2149//346 2088//4314
f 2089//6317 2092//6318 2086//6319
f 2092//4867 2088//4868 2080//6320
f 2140//4870 2149//4621 2152//4872
f 2143//6321 2152//6322 2148//6323
f 1974//5347 1980//5772 1972//4623
f 1980//5773 1976//4624 1969//4625
f 2035//4333 2037//394 1977//4334
f 2037//4335 2034//314 1975//4336
f 2029//6324 2036//6325 2039//6326
f 2033//4629 2039//4341 2035//4342
f 2154//335 2160//384 2097//4343
f 2160//516 2156//381 2095//4344
f 2096//4632 2099//5353 2093//6327
f 2099//6328 2095//6329 2087//6330
f 2147//6331 2156//4636 2159//4353
f 2150//6332 2159//4355 2155//6333
f 1924//4357 1976//6334 1979//6335
f 1929//4360 1979//6336 1975//2643
f 2034//2250 2040//5361 1985//4363
f 2040//5362 2036//4365 1982//6111
f 2094//4367 2100//4368 2048//5083
f 2100//4370 2096//4645 2044//6337
f 2104//6338 2155//6339 2157//6340
f 2109//6341 2157//6342 2154//6343
f 2034//314 1981//314 1921//314
f 1984//318 1991//318 1931//318
f 1923//330 1930//330 2052//330
f 1924//336 2044//336 2096//336
f 1933//458 1941//458 2061//458
f 1990//346 2000//346 1939//346
f 1941//336 1948//336 2068//336
f 1999//381 2007//381 1946//381
f 1948//336 1955//336 2075//336
f 2006//335 2014//335 1953//335
f 1962//336 2082//336 2075//336
f 2013//330 2021//330 1960//330
f 1969//336 2089//336 2082//336
f 2020//327 2028//327 1967//327
f 1976//336 2096//336 2089//336
f 2027//358 2035//358 1974//358
f 1992//318 1983//318 2103//318
f 1982//337 2036//337 2155//337
f 1993//337 2111//337 2120//337
f 2001//337 2120//337 2127//337
f 2008//337 2127//337 2134//337
f 2015//337 2134//337 2141//337
f 2029//337 2022//337 2141//337
f 2036//337 2029//337 2148//337
f 2113//330 2102//330 2042//330
f 2101//335 2154//335 2094//335
f 2121//327 2110//327 2050//327
f 2128//358 2119//358 2059//358
f 2135//314 2126//314 2066//314
f 2142//318 2133//318 2073//318
f 2149//346 2140//346 2080//346
f 2156//381 2147//381 2087//381
f 2161//5088 2165//5089 2166//5784
f 2167//5785 2166//5786 2165//5787
f 2163//5788 2168//5789 2166//5790
f 2169//5791 2166//5792 2168//5793
f 2170//5794 2174//5795 2175//5796
f 2176//5797 2175//6344 2174//5799
f 2172//6345 2177//5378 2175//6346
f 2178//6347 2175//6348 2177//5804
f 2179//6118 2182//6119 2183//5607
f 2184//6120 2183//3890 2182//3891
f 2181//6349 2185//6350 2183//6351
f 2186//6124 2189//3896 2190//6125
f 2191//4669 2190//4670 2189//5611
f 2188//6126 2192//5816 2190//6127
f 2193//6128 2196//6129 2197//6130
f 2198//6131 2197//6132 2196//6133
f 2195//6134 2199//6135 2197//6136
f 2203//6352 2204//6353 2206//6354
f 2201//5822 2205//5615 2204//6355
f 2202//5119 2206//4681 2204//6356
f 2210//6357 2211//6358 2213//5407
f 2208//6359 2212//6360 2211//6361
f 2209//6362 2213//6363 2211//6364
f 2217//5124 2218//5414 2220//4915
f 2215//6365 2219//6366 2218//6367
f 2216//6368 2220//6369 2218//6370
f 2221//5838 2225//5839 2226//5840
f 2227//5841 2226//5842 2225//5843
f 2223//1956 2228//5844 2226//5845
f 2229//5846 2226//5847 2228//5848
f 2230//3951 2234//5849 2235//5850
f 2236//5851 2235//5852 2234//5853
f 2232//5854 2237//5855 2235//5856
f 2238//6371 2235//5858 2237//4428
f 2242//6153 2243//6372 2245//5629
f 2240//6373 2244//6374 2243//6375
f 2241//5865 2245//6376 2243//6377
f 2249//5868 2250//6378 2252//5870
f 2247//4436 2251//6379 2250//6380
f 2248//6381 2252//6382 2250//6383
f 2256//5430 2257//6384 2259//5878
f 2254//6385 2258//6386 2257//6387
f 2255//6388 2259//6389 2257//6390
f 2260//5885 2263//5886 2264//5887
f 2265//5888 2264//5889 2263//3995
f 2262//5890 2266//5891 2264//5892
f 2267//5155 2270//5894 2271//6173
f 2272//6391 2271//6392 2270//6393
f 2269//6394 2273//6395 2271//6396
f 2274//6397 2277//5162 2278//6398
f 2279//6399 2278//6400 2277//6401
f 2276//5167 2280//5903 2278//5904
f 2281//4017 2285//4741 2286//5452
f 2287//6402 2286//6403 2285//6404
f 2283//6184 2288//6185 2286//6186
f 2289//6187 2286//6188 2288//6189
f 2290//5913 2294//4747 2295//5914
f 2296//5915 2295//5916 2294//5917
f 2292//6190 2297//6191 2295//6192
f 2298//6405 2295//6406 2297//6407
f 2299//4041 2302//6408 2303//6409
f 2300//6198 2304//6199 2303//6410
f 2305//6411 2303//6412 2304//6413
f 2306//5671 2309//5672 2310//6204
f 2311//6414 2310//4488 2309//6206
f 2312//6207 2310//6208 2311//6415
f 2313//6416 2316//5939 2317//6417
f 2318//6418 2317//6419 2316//6420
f 2319//6421 2317//6422 2318//6423
f 2323//6424 2324//5948 2326//6425
f 2321//5685 2325//6220 2324//6221
f 2326//6222 2324//6223 2325//6224
f 2330//5488 2331//6426 2333//6226
f 2328//6427 2332//6428 2331//6429
f 2333//6430 2331//6431 2332//6432
f 2334//5691 2337//6233 2338//6234
f 2335//6433 2339//5222 2338//5501
f 2340//6434 2338//6435 2339//6436
f 2341//5226 2345//5227 2346//4097
f 2347//6437 2346//6438 2345//6439
f 2343//5973 2348//5974 2346//5975
f 2349//4522 2346//5976 2348//5977
f 2350//6241 2354//6242 2355//6243
f 2356//6244 2355//4791 2354//4792
f 2352//6440 2357//6441 2355//6442
f 2358//4116 2355//4530 2357//6443
f 2359//6444 2362//6445 2363//5510
f 2364//6446 2363//6447 2362//6448
f 2361//4535 2365//6449 2363//4127
f 2366//6450 2369//6451 2370//6452
f 2371//6453 2370//6454 2369//6455
f 2372//6456 2370//6457 2371//6458
f 2373//6459 2376//6460 2377//6461
f 2378//6462 2377//6463 2376//6464
f 2379//6465 2377//6466 2378//6467
f 2383//6468 2384//6469 2386//6470
f 2385//6471 2384//6472 2383//6473
f 2382//6013 2386//6014 2384//6474
f 2390//6475 2391//6476 2393//6477
f 2392//6478 2391//6479 2390//6480
f 2389//6481 2393//6482 2391//5539
f 2394//6483 2397//6484 2398//6485
f 2399//6486 2398//6487 2397//6488
f 2396//5279 2400//6489 2398//6490
f 2221//4173 2229//317 2165//4569
f 2229//5281 2224//4176 2162//4177
f 2171//318 2174//318 2167//318
f 2174//318 2170//318 2163//318
f 2231//4178 2234//324 2176//5282
f 2234//4570 2230//4571 2172//4181
f 2223//318 2232//318 2236//318
f 2228//318 2236//318 2231//318
f 2350//733 2358//326 2294//4182
f 2358//326 2353//329 2291//4183
f 2281//330 2292//330 2296//330
f 2285//330 2296//330 2291//330
f 2342//333 2345//332 2287//4184
f 2345//332 2341//1440 2283//4185
f 2353//330 2357//330 2347//330
f 2357//330 2352//330 2343//330
f 2163//1167 2281//1167 2289//1167
f 2168//5752 2289//5752 2284//5752
f 2293//336 2297//336 2178//336
f 2297//336 2292//336 2170//336
f 2232//1168 2352//1168 2356//1168
f 2237//3126 2356//3126 2351//3126
f 2344//337 2348//337 2227//337
f 2348//337 2343//337 2223//337
f 2179//6491 2185//6492 2177//6493
f 2185//6494 2181//6495 2173//6496
f 2240//4192 2242//485 2182//4193
f 2242//4194 2239//381 2180//4195
f 2233//5286 2241//6497 2244//6498
f 2238//6499 2244//6500 2240//340
f 2359//358 2365//357 2302//4202
f 2365//360 2361//327 2300//4203
f 2293//4204 2301//4574 2304//6501
f 2298//6502 2304//6503 2300//6504
f 2361//6042 2364//4835 2354//4836
f 2364//6505 2360//4578 2351//6506
f 2180//5056 2186//4217 2192//4218
f 2184//4219 2192//5058 2188//4221
f 2247//4222 2249//384 2189//5299
f 2249//4224 2246//335 2187//4225
f 2248//6507 2251//6508 2245//6509
f 2251//4229 2247//6510 2239//6511
f 2366//314 2372//392 2309//4586
f 2372//394 2368//358 2307//4233
f 2301//5301 2308//5302 2311//4236
f 2305//4237 2311//4238 2307//4239
f 2368//4240 2371//4241 2362//4841
f 2371//4243 2367//6055 2360//6056
f 2187//4246 2193//5305 2199//5306
f 2191//6512 2199//6513 2195//6514
f 2254//4252 2256//332 2196//4253
f 2256//4254 2253//333 2194//4255
f 2255//5739 2258//4592 2252//5740
f 2258//5062 2254//6515 2246//5064
f 2373//318 2379//424 2316//5311
f 2316//4595 2379//317 2375//314
f 2308//6516 2315//6517 2318//6518
f 2312//4849 2318//4268 2314//4269
f 2375//6519 2378//6520 2369//6521
f 2378//6522 2374//6523 2367//6524
f 2200//4275 2206//443 2198//4854
f 2206//6073 2202//1167 2195//6074
f 2261//5324 2263//5325 2203//4280
f 2263//4281 2260//327 2201//4282
f 2262//6300 2265//6301 2259//6302
f 2265//6525 2261//2794 2253//6526
f 2320//4606 2380//346 2386//324
f 2323//6304 2386//455 2382//318
f 2322//6527 2325//1746 2319//6528
f 2325//6083 2321//2937 2313//6084
f 2373//6529 2382//1200 2385//6530
f 2385//6531 2381//1699 2374//6532
f 2207//5586 2213//5587 2205//6533
f 2213//6086 2209//5590 2202//6087
f 2268//4303 2270//360 2210//4304
f 2270//5338 2267//358 2208//4306
f 2262//4307 2269//4616 2272//6534
f 2266//4310 2272//6535 2268//4866
f 2387//381 2393//485 2330//4313
f 2393//485 2389//346 2328//4314
f 2329//6536 2332//6537 2326//6538
f 2332//6539 2328//6094 2320//6540
f 2380//4321 2389//4621 2392//5345
f 2383//5076 2392//6541 2388//5078
f 2214//4327 2220//4328 2212//6542
f 2220//6543 2216//6544 2209//6545
f 2275//4333 2277//394 2217//4334
f 2277//4335 2274//314 2215//4336
f 2269//6324 2276//6325 2279//6326
f 2273//4629 2279//4341 2275//4342
f 2394//335 2400//384 2337//4343
f 2400//516 2396//381 2335//4344
f 2336//4632 2339//5353 2333//6327
f 2339//6328 2335//6329 2327//6330
f 2387//4635 2396//4636 2399//4353
f 2390//6105 2399//6106 2395//4356
f 2164//6546 2216//4875 2219//6547
f 2169//4360 2219//6336 2215//2643
f 2274//6548 2280//6549 2225//6550
f 2280//5362 2276//4365 2222//6111
f 2334//4367 2340//4368 2288//5083
f 2340//4370 2336//4645 2284//6337
f 2344//6115 2395//4646 2397//4882
f 2349//6551 2397//6552 2394//6553
f 2215//314 2274//314 2221//314
f 2224//318 2231//318 2171//318
f 2163//318 2170//318 2292//318
f 2164//336 2284//336 2336//336
f 2173//988 2181//988 2301//988
f 2230//346 2240//346 2179//346
f 2181//336 2188//336 2308//336
f 2239//381 2247//381 2186//381
f 2188//336 2195//336 2315//336
f 2246//335 2254//335 2193//335
f 2202//336 2322//336 2315//336
f 2253//330 2261//330 2200//330
f 2209//336 2329//336 2322//336
f 2260//327 2268//327 2207//327
f 2216//336 2336//336 2329//336
f 2267//358 2275//358 2214//358
f 2232//330 2223//330 2343//330
f 2222//337 2276//337 2395//337
f 2233//337 2351//337 2360//337
f 2241//337 2360//337 2367//337
f 2248//337 2367//337 2374//337
f 2255//337 2374//337 2381//337
f 2269//337 2262//337 2381//337
f 2276//337 2269//337 2388//337
f 2353//330 2342//330 2282//330
f 2341//335 2394//335 2334//335
f 2361//327 2350//327 2290//327
f 2368//358 2359//358 2299//358
f 2375//314 2366//314 2306//314
f 2382//318 2373//318 2313//318
f 2389//346 2380//346 2320//346
f 2396//381 2387//381 2327//381
f 2401//5088 2405//5089 2406//5784
f 2407//5785 2406//5786 2405//5787
f 2403//5788 2408//5789 2406//5790
f 2409//5791 2406//5792 2408//5793
f 2410//5794 2414//5795 2415//5796
f 2416//5797 2415//6344 2414//5799
f 2412//6345 2417//5378 2415//6346
f 2418//6347 2415//6348 2417//5804
f 2419//3886 2422//6554 2423//3888
f 2424//6120 2423//6555 2422//4664
f 2421//6556 2425//6557 2423//5810
f 2426//3895 2429//4667 2430//5811
f 2431//6558 2430//6559 2429//6560
f 2428//5815 2432//6561 2430//5817
f 2433//4897 2436//5818 2437//5111
f 2438//3907 2437//4899 2436//3909
f 2435//6562 2439//6563 2437//6564
f 2443//3913 2444//4678 2446//3915
f 2441//6565 2445//6566 2444//6567
f 2442//6568 2446//6569 2444//6570
f 2450//6571 2451//6572 2453//6573
f 2448//4685 2452//5829 2451//5830
f 2449//6574 2453//6575 2451//6576
f 2457//4688 2458//4914 2460//4915
f 2455//6150 2459//6151 2458//6577
f 2456//5835 2460//5836 2458//5837
f 2461//5838 2465//5839 2466//5840
f 2467//5841 2466//5842 2465//5843
f 2463//1956 2468//5844 2466//5845
f 2469//5846 2466//5847 2468//5848
f 2470//3951 2474//5849 2475//5850
f 2476//5851 2475//5852 2474//5853
f 2472//5854 2477//5855 2475//5856
f 2478//5857 2475//5858 2477//4428
f 2482//5859 2483//4921 2485//6578
f 2480//5862 2484//5863 2483//6579
f 2481//6580 2485//6581 2483//6582
f 2489//6583 2490//6584 2492//4435
f 2487//4436 2491//6379 2490//6380
f 2488//6585 2492//6586 2490//6587
f 2496//5430 2497//5877 2499//5878
f 2494//6588 2498//6589 2497//6590
f 2495//5882 2499//5883 2497//5884
f 2500//6591 2503//6592 2504//3992
f 2505//5888 2504//6593 2503//3995
f 2502//6594 2506//6595 2504//6596
f 2507//5155 2510//5894 2511//6173
f 2512//6597 2511//6598 2510//6599
f 2509//6394 2513//6600 2511//6396
f 2514//6397 2517//5162 2518//5163
f 2519//6601 2518//6602 2517//6603
f 2516//5450 2520//6604 2518//5904
f 2521//4017 2525//4741 2526//5452
f 2527//6402 2526//6403 2525//6404
f 2523//4023 2528//4024 2526//5661
f 2529//5910 2526//5911 2528//5912
f 2530//5913 2534//4747 2535//4748
f 2536//5915 2535//5916 2534//5917
f 2532//6605 2537//5184 2535//6606
f 2538//6193 2535//6194 2537//6195
f 2539//4041 2542//4479 2543//5923
f 2540//6607 2544//6608 2543//6609
f 2545//6610 2543//6611 2544//6612
f 2546//6613 2549//6614 2550//6615
f 2551//6616 2550//6617 2549//6618
f 2552//6619 2550//6620 2551//6621
f 2553//6622 2556//4492 2557//5679
f 2558//6623 2557//6624 2556//6625
f 2559//6626 2557//6627 2558//6628
f 2563//6629 2564//6630 2566//6631
f 2561//5950 2565//5951 2564//6632
f 2566//6633 2564//6634 2565//6635
f 2570//4077 2571//6636 2573//4508
f 2568//6637 2572//6638 2571//6639
f 2573//6640 2571//6641 2572//6642
f 2574//6643 2577//5220 2578//5221
f 2575//4514 2579//4998 2578//5501
f 2580//6644 2578//6645 2579//5225
f 2581//5226 2585//5227 2586//6240
f 2587//6437 2586//6438 2585//6439
f 2583//6646 2588//6647 2586//6648
f 2589//5231 2586//5005 2588//4523
f 2590//5978 2594//6649 2595//5980
f 2596//5981 2595//5982 2594//5983
f 2592//6440 2597//6441 2595//6442
f 2598//4116 2595//4530 2597//6443
f 2599//6444 2602//6445 2603//6650
f 2604//6651 2603//6652 2602//6653
f 2601//6654 2605//6655 2603//4127
f 2606//6450 2609//6451 2610//6452
f 2611//6453 2610//6454 2609//6455
f 2612//6456 2610//6457 2611//6458
f 2613//6459 2616//6460 2617//6461
f 2618//6462 2617//6463 2616//6464
f 2619//6465 2617//6466 2618//6467
f 2623//6468 2624//6469 2626//6470
f 2625//6471 2624//6472 2623//6473
f 2622//6013 2626//6014 2624//6474
f 2630//6656 2631//5269 2633//6657
f 2632//6658 2631//6659 2630//6660
f 2629//6481 2633//6482 2631//5034
f 2634//6483 2637//6661 2638//6485
f 2639//6662 2638//6487 2637//6488
f 2636//5279 2640//6489 2638//6490
f 2461//4173 2469//317 2405//4569
f 2469//5281 2464//4176 2402//4177
f 2411//318 2414//318 2407//318
f 2414//318 2410//318 2403//318
f 2471//4178 2474//324 2416//5282
f 2474//4570 2470//4571 2412//4181
f 2463//318 2472//318 2476//318
f 2468//318 2476//318 2471//318
f 2590//733 2598//326 2534//4182
f 2598//326 2593//329 2531//4183
f 2521//330 2532//330 2536//330
f 2525//330 2536//330 2531//330
f 2582//333 2585//332 2527//4184
f 2585//332 2581//1440 2523//4185
f 2593//330 2597//330 2587//330
f 2597//330 2592//330 2583//330
f 2403//1696 2521//1696 2529//1696
f 2408//5752 2529//5752 2524//5752
f 2533//3083 2537//3083 2418//3083
f 2537//336 2532//336 2410//336
f 2472//1699 2592//1699 2596//1699
f 2477//3126 2596//3126 2591//3126
f 2584//3084 2588//3084 2467//3084
f 2588//337 2583//337 2463//337
f 2419//6491 2425//6663 2417//6493
f 2425//6033 2421//6664 2413//4191
f 2480//4192 2482//485 2422//4193
f 2482//4194 2479//381 2420//4195
f 2473//6665 2481//6666 2484//6667
f 2478//5049 2484//6668 2480//5290
f 2599//358 2605//357 2542//4202
f 2605//360 2601//327 2540//4203
f 2533//4204 2541//6281 2544//6282
f 2538//4207 2544//4208 2540//6283
f 2601//4210 2604//6669 2594//6670
f 2604//6671 2600//5055 2591//4215
f 2420//5056 2426//4217 2432//4218
f 2424//4219 2432//5058 2428//4221
f 2487//4222 2489//384 2429//5299
f 2489//4224 2486//335 2427//4225
f 2488//5559 2491//4227 2485//6672
f 2491//6673 2487//4230 2479//6511
f 2606//314 2612//392 2549//4586
f 2612//394 2608//358 2547//4233
f 2541//6051 2548//6052 2551//5561
f 2545//6053 2551//6054 2547//4588
f 2608//4240 2611//4241 2602//4841
f 2611//4243 2607//6055 2600//6056
f 2427//6674 2433//5305 2439//5306
f 2431//6675 2439//6513 2435//6514
f 2494//4252 2496//332 2436//4253
f 2496//4254 2493//333 2434//4255
f 2495//4844 2498//6676 2492//6677
f 2498//6678 2494//6679 2486//6680
f 2613//318 2619//424 2556//5311
f 2556//4595 2619//317 2615//314
f 2548//6516 2555//6517 2558//6518
f 2552//5743 2558//6681 2554//4269
f 2615//6519 2618//6520 2609//6521
f 2618//6522 2614//6523 2607//6524
f 2440//4275 2446//443 2438//4854
f 2446//6073 2442//1167 2435//6074
f 2501//5324 2503//5325 2443//4280
f 2503//4281 2500//327 2441//4282
f 2502//6300 2505//6301 2499//6302
f 2499//6682 2505//2220 2501//6683
f 2560//4606 2620//346 2626//324
f 2563//6304 2626//455 2622//318
f 2562//6527 2565//1746 2559//6528
f 2565//6083 2561//2937 2553//6084
f 2613//6684 2622//318 2625//6685
f 2625//6531 2621//1699 2614//6532
f 2447//4864 2453//4298 2445//4613
f 2453//5589 2449//6686 2442//5591
f 2508//4303 2510//360 2450//4304
f 2510//5338 2507//358 2448//4306
f 2502//6687 2509//802 2512//5594
f 2506//6688 2512//6689 2508//6690
f 2627//381 2633//485 2570//4313
f 2633//485 2629//346 2568//4314
f 2569//6536 2572//6537 2566//6538
f 2572//6539 2568//6094 2560//6540
f 2620//6691 2629//5769 2632//6692
f 2623//6098 2632//6693 2628//6100
f 2454//5347 2460//5772 2452//4623
f 2460//5773 2456//4624 2449//4625
f 2515//4333 2517//394 2457//4334
f 2517//4335 2514//314 2455//4336
f 2509//6694 2516//4627 2519//6695
f 2513//6696 2519//6697 2515//4631
f 2634//335 2640//384 2577//4343
f 2640//516 2636//381 2575//4344
f 2576//4632 2579//5353 2573//6327
f 2579//6328 2575//6329 2567//6330
f 2627//6331 2636//4636 2639//4353
f 2630//6332 2639//4355 2635//6333
f 2404//6698 2456//4875 2459//4876
f 2409//6699 2459//6700 2455//4879
f 2514//6701 2520//6702 2465//6703
f 2520//6704 2516//6705 2462//6706
f 2574//6707 2580//6708 2528//5083
f 2580//6709 2576//5085 2524//6710
f 2584//6338 2635//6711 2637//6712
f 2589//4376 2637//6713 2634//5371
f 2514//314 2461//314 2401//314
f 2464//318 2471//318 2411//318
f 2403//330 2410//330 2532//330
f 2404//336 2524//336 2576//336
f 2413//336 2421//336 2541//336
f 2412//346 2470//346 2480//346
f 2421//336 2428//336 2548//336
f 2479//381 2487//381 2426//381
f 2428//336 2435//336 2555//336
f 2486//335 2494//335 2433//335
f 2442//336 2562//336 2555//336
f 2493//330 2501//330 2440//330
f 2449//336 2569//336 2562//336
f 2500//327 2508//327 2447//327
f 2456//336 2576//336 2569//336
f 2507//358 2515//358 2454//358
f 2472//318 2463//318 2583//318
f 2462//1442 2516//1442 2635//1442
f 2473//337 2591//337 2600//337
f 2481//337 2600//337 2607//337
f 2488//337 2607//337 2614//337
f 2495//337 2614//337 2621//337
f 2509//337 2502//337 2621//337
f 2516//337 2509//337 2628//337
f 2593//330 2582//330 2522//330
f 2581//335 2634//335 2574//335
f 2601//327 2590//327 2530//327
f 2608//358 2599//358 2539//358
f 2615//314 2606//314 2546//314
f 2622//318 2613//318 2553//318
f 2629//346 2620//346 2560//346
f 2636//381 2627//381 2567//381
f 2641//5088 2645//5089 2646//5784
f 2647//5785 2646//5786 2645//5787
f 2643//5788 2648//5789 2646//5790
f 2649//5791 2646//5792 2648//5793
f 2650//5794 2654//5795 2655//5796
f 2656//5797 2655//6344 2654//5799
f 2652//6345 2657//5378 2655//6346
f 2658//6347 2655//6348 2657//5804
f 2659//3886 2662//6554 2663//3888
f 2664//6120 2663//6555 2662//4664
f 2661//6556 2665//6557 2663//5810
f 2666//3895 2669//3896 2670//6714
f 2671//6558 2670//6559 2669//6560
f 2668//6715 2672//6716 2670//6717
f 2673//4897 2676//5818 2677//5111
f 2678//6718 2677//6719 2676//6133
f 2675//6562 2679//6563 2677//6564
f 2683//6720 2684//6721 2686//6722
f 2681//6565 2685//6566 2684//6723
f 2682//6724 2686//6725 2684//6726
f 2690//6571 2691//6572 2693//6573
f 2688//4685 2692//5829 2691//5830
f 2689//6574 2693//6575 2691//6576
f 2697//4688 2698//4914 2700//4915
f 2695//6365 2699//6366 2698//6727
f 2696//6728 2700//6729 2698//6730
f 2701//5838 2705//5839 2706//5840
f 2707//5841 2706//5842 2705//5843
f 2703//1956 2708//5844 2706//5845
f 2709//5846 2706//5847 2708//5848
f 2710//3951 2714//5849 2715//5850
f 2716//5851 2715//5852 2714//5853
f 2712//5854 2717//5855 2715//5856
f 2718//5857 2715//5858 2717//4428
f 2722//6153 2723//4921 2725//6154
f 2720//5862 2724//5863 2723//6155
f 2721//6731 2725//6732 2723//6733
f 2729//6734 2730//6735 2732//6736
f 2727//4436 2731//6160 2730//6161
f 2728//4928 2732//6586 2730//6737
f 2736//6738 2737//6739 2739//6740
f 2734//6166 2738//6167 2737//6741
f 2735//6742 2739//6743 2737//6744
f 2740//3990 2743//3991 2744//6745
f 2745//6746 2744//6747 2743//6748
f 2742//6749 2746//6750 2744//6751
f 2747//3999 2750//4000 2751//6173
f 2752//6752 2751//6753 2750//6754
f 2749//6755 2753//6756 2751//6757
f 2754//4008 2757//6177 2758//4010
f 2759//4948 2758//5165 2757//4737
f 2756//6181 2760//6182 2758//6183
f 2761//4017 2765//4741 2766//5452
f 2767//6402 2766//6403 2765//6404
f 2763//4950 2768//6758 2766//6759
f 2769//6187 2766//6188 2768//6760
f 2770//4746 2774//4747 2775//6761
f 2776//6762 2775//6763 2774//6764
f 2772//6605 2777//5184 2775//6606
f 2778//6405 2775//6406 2777//6407
f 2779//6765 2782//6766 2783//6767
f 2780//6607 2784//6608 2783//6609
f 2785//6768 2783//6769 2784//6770
f 2786//6771 2789//6772 2790//6615
f 2791//6773 2790//6774 2789//6618
f 2792//6775 2790//5936 2791//6776
f 2793//5938 2796//5939 2797//6212
f 2798//6777 2797//6778 2796//6779
f 2799//6780 2797//6781 2798//6628
f 2803//6782 2804//6783 2806//6784
f 2801//5950 2805//5951 2804//5952
f 2806//6785 2804//6786 2805//6787
f 2810//4077 2811//6636 2813//4508
f 2808//5215 2812//5959 2811//6788
f 2813//6640 2811//6641 2812//6642
f 2814//6789 2817//6790 2818//5499
f 2815//4514 2819//4998 2818//5501
f 2820//6791 2818//6792 2819//6793
f 2821//4095 2825//4096 2826//4097
f 2827//6794 2826//6438 2825//6795
f 2823//6646 2828//6647 2826//6648
f 2829//5231 2826//5005 2828//4523
f 2830//5978 2834//6649 2835//5980
f 2836//5981 2835//5982 2834//5983
f 2832//6440 2837//6441 2835//6442
f 2838//4116 2835//4530 2837//6443
f 2839//4531 2842//6796 2843//6797
f 2844//5705 2843//6798 2842//6799
f 2841//6800 2845//6801 2843//6248
f 2846//5991 2849//5992 2850//5993
f 2851//5994 2850//5995 2849//5996
f 2852//5997 2850//5998 2851//5999
f 2853//6802 2856//4543 2857//6803
f 2858//6804 2857//6805 2856//6806
f 2859//6807 2857//6808 2858//6809
f 2863//6810 2864//6811 2866//6812
f 2865//6813 2864//6814 2863//6815
f 2862//4814 2866//4815 2864//6816
f 2870//6817 2871//6818 2873//6819
f 2872//6820 2871//6020 2870//6821
f 2869//6822 2873//6823 2871//6824
f 2874//6825 2877//6826 2878//6827
f 2879//6828 2878//6829 2877//6830
f 2876//5727 2880//6831 2878//6832
f 2701//4173 2709//317 2645//4569
f 2709//5281 2704//4176 2642//4177
f 2651//318 2654//318 2647//318
f 2654//318 2650//318 2643//318
f 2711//4178 2714//324 2656//5282
f 2714//4570 2710//4571 2652//4181
f 2703//318 2712//318 2716//318
f 2708//318 2716//318 2711//318
f 2830//733 2838//326 2774//4182
f 2838//326 2833//329 2771//4183
f 2761//330 2772//330 2776//330
f 2765//330 2776//330 2771//330
f 2822//333 2825//332 2767//4184
f 2825//332 2821//1440 2763//4185
f 2833//330 2837//330 2827//330
f 2837//330 2832//330 2823//330
f 2643//1696 2761//1696 2769//1696
f 2648//5752 2769//5752 2764//5752
f 2773//336 2777//336 2658//336
f 2777//6833 2772//6833 2650//6833
f 2712//1699 2832//1699 2836//1699
f 2717//3126 2836//3126 2831//3126
f 2824//337 2828//337 2707//337
f 2828//6834 2823//6834 2703//6834
f 2659//6030 2665//6031 2657//6032
f 2665//6835 2661//6836 2653//6837
f 2720//4192 2722//485 2662//4193
f 2722//4194 2719//381 2660//4195
f 2713//6035 2721//4572 2724//6036
f 2718//4199 2724//6038 2720//4201
f 2839//358 2845//357 2782//4202
f 2845//360 2841//327 2780//4203
f 2773//6838 2781//6839 2784//6840
f 2778//6502 2784//6503 2780//6504
f 2841//4210 2844//6669 2834//6670
f 2844//6841 2840//6842 2831//6506
f 2660//6843 2666//6844 2672//4218
f 2664//6845 2672//6846 2668//6847
f 2727//4222 2729//384 2669//5299
f 2729//4224 2726//335 2667//4225
f 2728//4226 2731//6050 2725//4228
f 2731//4229 2727//4230 2719//4839
f 2846//314 2852//392 2789//4586
f 2852//394 2848//358 2787//4233
f 2781//5301 2788//5302 2791//4236
f 2785//4237 2791//4238 2787//4239
f 2848//4240 2851//6848 2842//6849
f 2851//6850 2847//6851 2840//6852
f 2667//6674 2673//5305 2679//5306
f 2671//6060 2679//4250 2675//4843
f 2734//4252 2736//332 2676//4253
f 2736//4254 2733//333 2674//4255
f 2735//6853 2738//6854 2732//6855
f 2738//6678 2734//6679 2726//6680
f 2793//4846 2853//318 2859//424
f 2859//317 2855//314 2794//4263
f 2788//6856 2795//6857 2798//6858
f 2792//4597 2798//6859 2794//6860
f 2855//4270 2858//6069 2849//4598
f 2858//6522 2854//6523 2847//6524
f 2674//6861 2680//1019 2686//6862
f 2686//6298 2682//1441 2675//6299
f 2741//5324 2743//5325 2683//4280
f 2743//4281 2740//327 2681//4282
f 2742//4283 2745//1197 2739//4284
f 2745//6863 2741//1917 2733//6864
f 2800//4606 2860//6079 2866//4861
f 2866//455 2862//318 2801//5330
f 2802//6527 2805//1746 2799//6528
f 2805//5759 2801//1200 2793//6865
f 2862//6866 2865//6867 2856//6868
f 2865//6869 2861//6870 2854//6871
f 2687//6872 2693//6873 2685//6874
f 2693//5589 2689//6686 2682//5591
f 2748//4303 2750//360 2690//4304
f 2750//5338 2747//358 2688//4306
f 2742//4307 2749//4308 2752//6875
f 2746//4310 2752//6876 2748//4312
f 2867//381 2873//485 2810//4313
f 2873//485 2869//346 2808//4314
f 2809//6877 2812//6878 2806//4618
f 2812//6093 2808//6094 2800//4869
f 2860//6691 2869//6879 2872//6880
f 2863//6881 2872//6882 2868//6883
f 2694//5347 2700//5772 2692//4623
f 2700//5773 2696//4624 2689//4625
f 2755//4333 2757//394 2697//4334
f 2757//4335 2754//314 2695//4336
f 2749//6324 2756//6325 2759//6326
f 2753//4629 2759//4341 2755//4342
f 2874//335 2880//384 2817//4343
f 2880//516 2876//381 2815//4344
f 2816//4632 2819//5353 2813//6327
f 2819//6328 2815//6329 2807//6330
f 2867//4351 2876//6884 2879//4353
f 2870//6885 2879//6886 2875//4638
f 2644//6887 2696//6888 2699//6889
f 2649//6890 2699//6891 2695//1043
f 2754//6548 2760//6549 2705//6550
f 2760//5362 2756//4365 2702//6111
f 2814//6707 2820//4643 2768//4644
f 2820//6892 2816//4645 2764//6893
f 2824//6338 2875//6894 2877//6895
f 2829//6551 2877//6342 2874//6896
f 2754//314 2701//314 2641//314
f 2704//318 2711//318 2651//318
f 2643//330 2650//330 2772//330
f 2644//1167 2764//1167 2816//1167
f 2653//458 2661//458 2781//458
f 2710//346 2720//346 2659//346
f 2661//336 2668//336 2788//336
f 2719//381 2727//381 2666//381
f 2668//336 2675//336 2795//336
f 2726//335 2734//335 2673//335
f 2682//336 2802//336 2795//336
f 2733//330 2741//330 2680//330
f 2689//336 2809//336 2802//336
f 2740//327 2748//327 2687//327
f 2696//336 2816//336 2809//336
f 2747//358 2755//358 2694//358
f 2712//318 2703//318 2823//318
f 2702//466 2756//466 2875//466
f 2713//337 2831//337 2840//337
f 2721//337 2840//337 2847//337
f 2728//337 2847//337 2854//337
f 2735//337 2854//337 2861//337
f 2749//337 2742//337 2861//337
f 2756//337 2749//337 2868//337
f 2833//330 2822//330 2762//330
f 2821//335 2874//335 2814//335
f 2841//327 2830//327 2770//327
f 2848//358 2839//358 2779//358
f 2855//314 2846//314 2786//314
f 2862//318 2853//318 2793//318
f 2869//346 2860//346 2800//346
f 2876//381 2867//381 2807//381
f 2881//5088 2885//5089 2886//5784
f 2887//5785 2886//5786 2885//5787
f 2883//5788 2888//5789 2886//5790
f 2889//5791 2886//5792 2888//6897
f 2890//5794 2894//5795 2895//5796
f 2896//5797 2895//6344 2894//5799
f 2892//6345 2897//5378 2895//6346
f 2898//6347 2895//6348 2897//5804
f 2899//6118 2902//6119 2903//6898
f 2904//6899 2903//6900 2902//6901
f 2901//6349 2905//6122 2903//6123
f 2906//6902 2909//6903 2910//6904
f 2911//4669 2910//4670 2909//4895
f 2908//6905 2912//6906 2910//6907
f 2913//6128 2916//6129 2917//6130
f 2918//6131 2917//6132 2916//6133
f 2915//6134 2919//6135 2917//6136
f 2923//6720 2924//6908 2926//6909
f 2921//6910 2925//6911 2924//6912
f 2922//6913 2926//6914 2924//6915
f 2930//6145 2931//6146 2933//6147
f 2928//6916 2932//6360 2931//6917
f 2929//6918 2933//6919 2931//6920
f 2937//6921 2938//6922 2940//4690
f 2935//6150 2939//6151 2938//6923
f 2936//6924 2940//6925 2938//6926
f 2941//5838 2945//5839 2946//5840
f 2947//5841 2946//5842 2945//5843
f 2943//1956 2948//5844 2946//5845
f 2949//5846 2946//5847 2948//5848
f 2950//3951 2954//3952 2955//5850
f 2956//5851 2955//5852 2954//5853
f 2952//5854 2957//5855 2955//5856
f 2958//6927 2955//6928 2957//4428
f 2962//6153 2963//6929 2965//5629
f 2960//5862 2964//5863 2963//5864
f 2961//6930 2965//6931 2963//6932
f 2969//6583 2970//6584 2972//4435
f 2967//6933 2971//5872 2970//6934
f 2968//6585 2972//6586 2970//6587
f 2976//6935 2977//6936 2979//4724
f 2974//6588 2978//6589 2977//6590
f 2975//6937 2979//6938 2977//6939
f 2980//6591 2983//6592 2984//3992
f 2985//6940 2984//6941 2983//6942
f 2982//6943 2986//6944 2984//5154
f 2987//6945 2990//6946 2991//5895
f 2992//6947 2991//6948 2990//6754
f 2989//6949 2993//6950 2991//6951
f 2994//6397 2997//5162 2998//6398
f 2999//6399 2998//6400 2997//6401
f 2996//5167 3000//5903 2998//5904
f 3001//4017 3005//4741 3006//5452
f 3007//6402 3006//6403 3005//6404
f 3003//4950 3008//6758 3006//6759
f 3009//6187 3006//6188 3008//6760
f 3010//4746 3014//4747 3015//6952
f 3016//6762 3015//6763 3014//6764
f 3012//6605 3017//5184 3015//6606
f 3018//6193 3015//6194 3017//6195
f 3019//4758 3022//6953 3023//6954
f 3020//6955 3024//6956 3023//6957
f 3025//6958 3023//6959 3024//6960
f 3026//5671 3029//5672 3030//6204
f 3031//6961 3030//6962 3029//6963
f 3032//6207 3030//6208 3031//6209
f 3033//6210 3036//6211 3037//6964
f 3038//6965 3037//6966 3036//6967
f 3039//6968 3037//6969 3038//6970
f 3043//6971 3044//6972 3046//6973
f 3041//5685 3045//6220 3044//6974
f 3046//6222 3044//6975 3045//6976
f 3050//6977 3051//6978 3053//6979
f 3048//6980 3052//6981 3051//6982
f 3053//6983 3051//6984 3052//6985
f 3054//6986 3057//6987 3058//6234
f 3055//6433 3059//5222 3058//6988
f 3060//6989 3058//6990 3059//6991
f 3061//4095 3065//4096 3066//4097
f 3067//6794 3066//6438 3065//6795
f 3063//6646 3068//6647 3066//6648
f 3069//5231 3066//5005 3068//4523
f 3070//6241 3074//6242 3075//6243
f 3076//6244 3075//4791 3074//6992
f 3072//6440 3077//6441 3075//6442
f 3078//4116 3075//4530 3077//6443
f 3079//6444 3082//6445 3083//6993
f 3084//6994 3083//6995 3082//6996
f 3081//6654 3085//6655 3083//5709
f 3086//6997 3089//6998 3090//6999
f 3091//7000 3090//7001 3089//7002
f 3092//7003 3090//7004 3091//7005
f 3093//6459 3096//6460 3097//7006
f 3098//7007 3097//7008 3096//7009
f 3099//7010 3097//7011 3098//7012
f 3103//7013 3104//7014 3106//7015
f 3105//7016 3104//7017 3103//7018
f 3102//7019 3106//7020 3104//7021
f 3110//7022 3111//7023 3113//6018
f 3112//7024 3111//7025 3110//7026
f 3109//4561 3113//4562 3111//5034
f 3114//6483 3117//6661 3118//6485
f 3119//6662 3118//6487 3117//6488
f 3116//5279 3120//6489 3118//6490
f 2941//4173 2949//317 2885//4569
f 2949//5281 2944//4176 2882//4177
f 2891//318 2894//318 2887//318
f 2894//318 2890//318 2883//318
f 2951//4178 2954//324 2896//5282
f 2954//4570 2950//4571 2892//4181
f 2943//318 2952//318 2956//318
f 2948//318 2956//318 2951//318
f 3070//733 3078//326 3014//4182
f 3078//326 3073//329 3011//4183
f 3001//330 3012//330 3016//330
f 3005//330 3016//330 3011//330
f 3062//333 3065//332 3007//4184
f 3065//332 3061//1440 3003//4185
f 3073//330 3077//330 3067//330
f 3077//330 3072//330 3063//330
f 2883//1696 3001//1696 3009//1696
f 2888//1696 3009//1696 3004//1696
f 3013//336 3017//336 2898//336
f 3017//336 3012//336 2890//336
f 2952//1699 3072//1699 3076//1699
f 2957//1699 3076//1699 3071//1699
f 3064//337 3068//337 2947//337
f 3068//337 3063//337 2943//337
f 2899//6030 2905//6031 2897//6032
f 2905//7027 2901//7028 2893//7029
f 2960//4192 2962//485 2902//4193
f 2962//4194 2959//381 2900//4195
f 2953//4196 2961//5552 2964//7030
f 2958//7031 2964//7032 2960//7033
f 3079//358 3085//357 3022//4202
f 3085//360 3081//327 3020//4203
f 3013//4204 3021//7034 3024//7035
f 3018//7036 3024//4208 3020//6283
f 3081//2175 3084//7037 3074//7038
f 3084//7039 3080//7040 3071//6506
f 2900//6843 2906//4217 2912//6046
f 2904//7041 2912//4581 2908//4221
f 2967//4222 2969//384 2909//5299
f 2969//4224 2966//335 2907//4225
f 2968//7042 2971//6508 2965//6509
f 2971//4229 2967//6510 2959//6511
f 3086//314 3092//392 3029//4586
f 3092//394 3088//358 3027//4233
f 3021//6051 3028//6052 3031//5561
f 3025//6053 3031//6054 3027//4588
f 3088//4240 3091//6848 3082//7043
f 3091//7044 3087//6055 3080//7045
f 2907//6674 2913//5305 2919//5306
f 2911//7046 2919//7047 2915//7048
f 2974//4252 2976//332 2916//4253
f 2976//4254 2973//333 2914//4255
f 2975//4844 2978//6676 2972//6677
f 2978//7049 2974//7050 2966//7051
f 3093//318 3099//424 3036//5311
f 3036//4595 3099//317 3095//314
f 3028//7052 3035//6857 3038//6858
f 3032//4597 3038//6859 3034//6860
f 3095//6290 3098//6291 3089//6292
f 3098//6293 3094//6294 3087//6295
f 2914//7053 2920//1019 2926//7054
f 2926//7055 2922//6833 2915//7056
f 2981//5324 2983//5325 2923//4280
f 2983//4281 2980//327 2921//4282
f 2982//6300 2985//6301 2979//6302
f 2985//6525 2981//2794 2973//6526
f 3040//4606 3100//6079 3106//4861
f 3106//455 3102//318 3041//5330
f 3042//6305 3045//2795 3039//6306
f 3039//7057 3045//7058 3041//7059
f 3093//7060 3102//5584 3105//7061
f 3105//7062 3101//1168 3094//7063
f 2927//4297 2933//5073 2925//6309
f 2933//7064 2929//3533 2922//7065
f 2988//4303 2990//360 2930//4304
f 2990//5338 2987//358 2928//4306
f 2982//7066 2989//4616 2992//6875
f 2986//7067 2992//7068 2988//6089
f 3107//381 3113//485 3050//4313
f 3113//485 3109//346 3048//4314
f 3049//7069 3052//7070 3046//7071
f 3052//7072 3048//7073 3040//7074
f 3100//7075 3109//7076 3112//7077
f 3103//7078 3112//7079 3108//7080
f 2934//5347 2940//7081 2932//7082
f 2940//7083 2936//7084 2929//7085
f 2995//4333 2997//394 2937//4334
f 2997//4335 2994//314 2935//4336
f 2989//6324 2996//6325 2999//6326
f 2993//4629 2999//4341 2995//4342
f 3114//335 3120//384 3057//4343
f 3120//516 3116//381 3055//4344
f 3056//4632 3059//5353 3053//6327
f 3059//6328 3055//6329 3047//6330
f 3107//6331 3116//4636 3119//4353
f 3110//6332 3119//4355 3115//6333
f 2884//7086 2936//7087 2939//7088
f 2889//7089 2939//6336 2935//7090
f 2994//6701 3000//6702 2945//6703
f 3000//5362 2996//4365 2942//6111
f 3054//5779 3060//7091 3008//7092
f 3060//7093 3056//7094 3004//4372
f 3064//6115 3115//4881 3117//7095
f 3069//4376 3117//6713 3114//5371
f 2994//314 2941//314 2881//314
f 2944//318 2951//318 2891//318
f 2883//318 2890//318 3012//318
f 2884//336 3004//336 3056//336
f 2893//336 2901//336 3021//336
f 2950//346 2960//346 2899//346
f 2901//336 2908//336 3028//336
f 2959//381 2967//381 2906//381
f 2908//336 2915//336 3035//336
f 2966//335 2974//335 2913//335
f 2922//336 3042//336 3035//336
f 2973//330 2981//330 2920//330
f 2929//336 3049//336 3042//336
f 2980//327 2988//327 2927//327
f 2936//336 3056//336 3049//336
f 2987//358 2995//358 2934//358
f 2952//318 2943//318 3063//318
f 2942//337 2996//337 3115//337
f 2953//337 3071//337 3080//337
f 2961//337 3080//337 3087//337
f 2968//337 3087//337 3094//337
f 2975//337 3094//337 3101//337
f 2989//337 2982//337 3101//337
f 2996//337 2989//337 3108//337
f 3073//330 3062//330 3002//330
f 3061//335 3114//335 3054//335
f 3081//327 3070//327 3010//327
f 3088//358 3079//358 3019//358
f 3095//314 3086//314 3026//314
f 3102//318 3093//318 3033//318
f 3109//346 3100//346 3040//346
f 3116//381 3107//381 3047//381
f 3121//7096 3125//7097 3126//7098
f 3127//7099 3126//7100 3125//7101
f 3123//7102 3128//7103 3126//7104
f 3129//7105 3126//3873 3128//7106
f 3130//3249 3134//7107 3135//7108
f 3136//7109 3135//7110 3134//7111
f 3132//7112 3137//7113 3135//7114
f 3138//7115 3135//5803 3137//5804
f 3139//7116 3142//7117 3143//7118
f 3144//7119 3143//7120 3142//4664
f 3141//7121 3145//7122 3143//7123
f 3146//7124 3149//7125 3150//7126
f 3151//7127 3150//7128 3149//7129
f 3148//7130 3152//7131 3150//7132
f 3153//7133 3156//7134 3157//7135
f 3158//7136 3157//7137 3156//7138
f 3155//7139 3159//7140 3157//7141
f 3163//7142 3164//7143 3166//7144
f 3161//7145 3165//6566 3164//7146
f 3162//7147 3166//7148 3164//7149
f 3170//7150 3171//7151 3173//7152
f 3168//7153 3172//7154 3171//7155
f 3169//7156 3173//7157 3171//7158
f 3177//7159 3178//7160 3180//7161
f 3175//7162 3179//7163 3178//7164
f 3176//7165 3180//7166 3178//7167
f 3181//7168 3185//7169 3186//7170
f 3187//7171 3186//7172 3185//7173
f 3183//7174 3188//7175 3186//7176
f 3189//7177 3186//7178 3188//7179
f 3190//7180 3194//7181 3195//7182
f 3196//7183 3195//7184 3194//7185
f 3192//7186 3197//7187 3195//7188
f 3198//7189 3195//7190 3197//7191
f 3202//7192 3203//7193 3205//7194
f 3200//7195 3204//7196 3203//7197
f 3201//7198 3205//7199 3203//7200
f 3209//7201 3210//7202 3212//7203
f 3207//5636 3211//6160 3210//7204
f 3208//7205 3212//7206 3210//7207
f 3216//7208 3217//7209 3219//7210
f 3214//7211 3218//6167 3217//7212
f 3215//7213 3219//7214 3217//7215
f 3220//7216 3223//7217 3224//7218
f 3225//7219 3224//7220 3223//7221
f 3222//7222 3226//7223 3224//7224
f 3227//7225 3230//6946 3231//7226
f 3232//7227 3231//7228 3230//7229
f 3229//7230 3233//7231 3231//7232
f 3234//7233 3237//7234 3238//7235
f 3239//7236 3238//7237 3237//4013
f 3236//7238 3240//7239 3238//7240
f 3241//7241 3245//5171 3246//7242
f 3247//4020 3246//7243 3245//4743
f 3243//7244 3248//7245 3246//7246
f 3249//7247 3246//7248 3248//7249
f 3250//7250 3254//7251 3255//5180
f 3256//7252 3255//7253 3254//7254
f 3252//6605 3257//7255 3255//7256
f 3258//7257 3255//7258 3257//7259
f 3259//7260 3262//7261 3263//7262
f 3260//7263 3264//7264 3263//7265
f 3265//7266 3263//7267 3264//7268
f 3266//7269 3269//7270 3270//7271
f 3271//7272 3270//7273 3269//7274
f 3272//7275 3270//7276 3271//7277
f 3273//7278 3276//7279 3277//7280
f 3278//7281 3277//7282 3276//7283
f 3279//6421 3277//7284 3278//7285
f 3283//7286 3284//7287 3286//7288
f 3281//7289 3285//7290 3284//7291
f 3286//7292 3284//7293 3285//7294
f 3290//7295 3291//7296 3293//7297
f 3288//7298 3292//7299 3291//7300
f 3293//7301 3291//7302 3292//7303
f 3294//7304 3297//7305 3298//7306
f 3295//7307 3299//4515 3298//7308
f 3300//7309 3298//7310 3299//7311
f 3301//7312 3305//7313 3306//7314
f 3307//4098 3306//7315 3305//7316
f 3303//7317 3308//4102 3306//7318
f 3309//7319 3306//7320 3308//4523
f 3310//7321 3314//7322 3315//7323
f 3316//7324 3315//7325 3314//7326
f 3312//7327 3317//7328 3315//4115
f 3318//7329 3315//7330 3317//7331
f 3319//7332 3322//7333 3323//7334
f 3324//7335 3323//7336 3322//7337
f 3321//7338 3325//7339 3323//7340
f 3326//7341 3329//7342 3330//7343
f 3331//7344 3330//7345 3329//7346
f 3332//7347 3330//5998 3331//7348
f 3333//7349 3336//6000 3337//7350
f 3338//7351 3337//7352 3336//7353
f 3339//7354 3337//7355 3338//7356
f 3343//7357 3344//7358 3346//7359
f 3345//7360 3344//7361 3343//7362
f 3342//7363 3346//7364 3344//7365
f 3350//7022 3351//7366 3353//7367
f 3352//7368 3351//7369 3350//7370
f 3349//7371 3353//7372 3351//7373
f 3354//7374 3357//7375 3358//7376
f 3359//7377 3358//7378 3357//7379
f 3356//7380 3360//7381 3358//7382
f 3181//4173 3189//317 3125//4569
f 3189//4175 3184//4176 3122//4177
f 3131//318 3134//318 3127//318
f 3134//318 3130//318 3123//318
f 3191//4178 3194//324 3136//4179
f 3194//4570 3190//4571 3132//4181
f 3183//318 3192//318 3196//318
f 3188//318 3196//318 3191//318
f 3310//327 3318//326 3254//4182
f 3318//326 3313//329 3251//4183
f 3241//330 3252//330 3256//330
f 3245//330 3256//330 3251//330
f 3302//333 3305//332 3247//4184
f 3305//332 3301//1440 3243//4185
f 3313//330 3317//330 3307//330
f 3317//330 3312//330 3303//330
f 3123//336 3241//336 3249//336
f 3128//1874 3249//1874 3244//1874
f 3253//336 3257//336 3138//336
f 3257//336 3252//336 3130//336
f 3192//337 3312//337 3316//337
f 3197//1875 3316//1875 3311//1875
f 3304//7383 3308//7383 3187//7383
f 3308//337 3303//337 3183//337
f 3139//6491 3145//7384 3137//5549
f 3145//7385 3141//7386 3133//7387
f 3200//4192 3202//485 3142//4193
f 3202//4194 3199//381 3140//4195
f 3193//7388 3201//4197 3204//7389
f 3198//5049 3204//7390 3200//7033
f 3319//358 3325//357 3262//4202
f 3325//360 3321//327 3260//4203
f 3253//7391 3261//7392 3264//7035
f 3258//4207 3264//7393 3260//7394
f 3321//7395 3324//7396 3314//7397
f 3324//7398 3320//6842 3311//6044
f 3140//7399 3146//6045 3152//7400
f 3144//7401 3152//7402 3148//4221
f 3207//7403 3209//384 3149//5299
f 3209//4224 3206//335 3147//4583
f 3208//7404 3211//7405 3205//7406
f 3211//7407 3207//7408 3199//4839
f 3326//314 3332//392 3269//4232
f 3332//394 3328//358 3267//4233
f 3261//7409 3268//5302 3271//7410
f 3265//7411 3271//7412 3267//4239
f 3328//4240 3331//6848 3322//6849
f 3331//6850 3327//7413 3320//7414
f 3147//7415 3153//7416 3159//7417
f 3151//7418 3159//7419 3155//7420
f 3214//4252 3216//332 3156//4253
f 3216//4254 3213//330 3154//4255
f 3215//7421 3218//5309 3212//7422
f 3218//7423 3214//6515 3206//6680
f 3273//4846 3333//318 3339//424
f 3339//426 3335//314 3274//4263
f 3268//7424 3275//3783 3278//4848
f 3272//7425 3278//7426 3274//7427
f 3335//7428 3338//7429 3329//7430
f 3338//7431 3334//7432 3327//7433
f 3160//7434 3166//7435 3158//7436
f 3166//4855 3162//458 3155//7437
f 3221//4279 3223//326 3163//4280
f 3223//4281 3220//327 3161//4282
f 3222//5754 3225//5755 3219//7438
f 3225//7439 3221//7440 3213//7441
f 3280//4606 3340//6079 3346//7442
f 3346//7443 3342//321 3281//4287
f 3275//7444 3282//7445 3285//7446
f 3285//7447 3281//2937 3273//6084
f 3342//7448 3345//1498 3336//7449
f 3345//6869 3341//6870 3334//6871
f 3167//4297 3173//5073 3165//7450
f 3173//7451 3169//7452 3162//7453
f 3228//4303 3230//360 3170//4304
f 3230//5338 3227//358 3168//4306
f 3222//7454 3229//2452 3232//7455
f 3226//7456 3232//7457 3228//7458
f 3347//381 3353//349 3290//4313
f 3353//485 3349//346 3288//4314
f 3289//7459 3292//7460 3286//7461
f 3292//7462 3288//7463 3280//7464
f 3340//7465 3349//5769 3352//7466
f 3343//7467 3352//5770 3348//5771
f 3174//4327 3180//7468 3172//7469
f 3180//7083 3176//4624 3169//7470
f 3235//4333 3237//394 3177//4334
f 3237//4335 3234//314 3175//4336
f 3229//7471 3236//7472 3239//7473
f 3233//6696 3239//4630 3235//7474
f 3354//335 3360//384 3297//4343
f 3360//516 3356//381 3295//4344
f 3296//4345 3299//7475 3293//7476
f 3299//7477 3295//4349 3287//7478
f 3347//4635 3356//4636 3359//4353
f 3350//7479 3359//7480 3355//7481
f 3124//7482 3176//7483 3179//7484
f 3129//7485 3179//6700 3175//4879
f 3234//7486 3240//7487 3185//6703
f 3240//7488 3236//7489 3182//7490
f 3294//7491 3300//7492 3248//5365
f 3300//7493 3296//7494 3244//7495
f 3304//6115 3355//7496 3357//7497
f 3309//7498 3357//7499 3354//1047
f 3234//314 3181//314 3121//314
f 3184//318 3191//318 3131//318
f 3123//330 3130//330 3252//330
f 3124//336 3244//336 3296//336
f 3133//988 3141//988 3261//988
f 3190//346 3200//346 3139//346
f 3141//336 3148//336 3268//336
f 3199//381 3207//381 3146//381
f 3148//336 3155//336 3275//336
f 3206//335 3214//335 3153//335
f 3162//336 3282//336 3275//336
f 3213//330 3221//330 3160//330
f 3169//336 3289//336 3282//336
f 3220//327 3228//327 3167//327
f 3176//336 3296//336 3289//336
f 3227//358 3235//358 3174//358
f 3192//318 3183//318 3303//318
f 3182//337 3236//337 3355//337
f 3193//337 3311//337 3320//337
f 3201//337 3320//337 3327//337
f 3208//337 3327//337 3334//337
f 3215//337 3334//337 3341//337
f 3229//337 3222//337 3341//337
f 3236//337 3229//337 3348//337
f 3313//330 3302//330 3242//330
f 3301//335 3354//335 3294//335
f 3321//327 3310//327 3250//327
f 3328//358 3319//358 3259//358
f 3335//314 3326//314 3266//314
f 3342//318 3333//318 3273//318
f 3349//346 3340//346 3280//346
f 3356//381 3347//381 3287//381
f 3361//7096 3365//7097 3366//7500
f 3367//7099 3366//7100 3365//7101
f 3363//7102 3368//7103 3366//7501
f 3369//7502 3366//7503 3368//7504
f 3370//3249 3374//7107 3375//7108
f 3376//7109 3375//7110 3374//7111
f 3372//7505 3377//7506 3375//7507
f 3378//7508 3375//7509 3377//7510
f 3379//7511 3382//7512 3383//7513
f 3384//7514 3383//7515 3382//7516
f 3381//7517 3385//7518 3383//7519
f 3386//7520 3389//7521 3390//3897
f 3391//7522 3390//7523 3389//7524
f 3388//7525 3392//7526 3390//7527
f 3393//7528 3396//7529 3397//5111
f 3398//7530 3397//6719 3396//7138
f 3395//7531 3399//7532 3397//7533
f 3403//7534 3404//7535 3406//7536
f 3401//7537 3405//7538 3404//6723
f 3402//7539 3406//7540 3404//7541
f 3410//7542 3411//7543 3413//7544
f 3408//5620 3412//7545 3411//6917
f 3409//7546 3413//7547 3411//7548
f 3417//7549 3418//7550 3420//7551
f 3415//7552 3419//7553 3418//6727
f 3416//7554 3420//5836 3418//7555
f 3421//7168 3425//7169 3426//7170
f 3427//7171 3426//7172 3425//7173
f 3423//7174 3428//7175 3426//7176
f 3429//7177 3426//7178 3428//7179
f 3430//7180 3434//7181 3435//7182
f 3436//7183 3435//7184 3434//7185
f 3432//7186 3437//7187 3435//7188
f 3438//7189 3435//7190 3437//7191
f 3442//5859 3443//7556 3445//7557
f 3440//7558 3444//7559 3443//7560
f 3441//7561 3445//7562 3443//7563
f 3449//7201 3450//7564 3452//7203
f 3447//7565 3451//3976 3450//7566
f 3448//7567 3452//7568 3450//7569
f 3456//7208 3457//7570 3459//7210
f 3454//7571 3458//7572 3457//7573
f 3455//7574 3459//7575 3457//7576
f 3460//7216 3463//7217 3464//7218
f 3465//7219 3464//7220 3463//7221
f 3462//7222 3466//7223 3464//7224
f 3467//7577 3470//7578 3471//7579
f 3472//7227 3471//7580 3470//7229
f 3469//7581 3473//7582 3471//7583
f 3474//7233 3477//7234 3478//7235
f 3479//7584 3478//7585 3477//7586
f 3476//7587 3480//7588 3478//7589
f 3481//7241 3485//5171 3486//7242
f 3487//7590 3486//7591 3485//7592
f 3483//7244 3488//7593 3486//7246
f 3489//7594 3486//5176 3488//7595
f 3490//7250 3494//7251 3495//7596
f 3496//7597 3495//7598 3494//7599
f 3492//6605 3497//7600 3495//7601
f 3498//7602 3495//7603 3497//7604
f 3499//4041 3502//5189 3503//7605
f 3500//7606 3504//7607 3503//7608
f 3505//7609 3503//7610 3504//7611
f 3506//7612 3509//7613 3510//7614
f 3511//7615 3510//7616 3509//7617
f 3512//7618 3510//7619 3511//4058
f 3513//7620 3516//7621 3517//7622
f 3518//4062 3517//7623 3516//7624
f 3519//7625 3517//7626 3518//7627
f 3523//7628 3524//7629 3526//7630
f 3521//4071 3525//7631 3524//4073
f 3526//7632 3524//7633 3525//5487
f 3530//7634 3531//7635 3533//7636
f 3528//4080 3532//7637 3531//7638
f 3533//7639 3531//7640 3532//7641
f 3534//7642 3537//7643 3538//4088
f 3535//7644 3539//7645 3538//7646
f 3540//7647 3538//7648 3539//7649
f 3541//7312 3545//7313 3546//7650
f 3547//7651 3546//7652 3545//7653
f 3543//7654 3548//5974 3546//5975
f 3549//7655 3546//7656 3548//7657
f 3550//7658 3554//7659 3555//7660
f 3556//7661 3555//7662 3554//5237
f 3552//7327 3557//7328 3555//4115
f 3558//7663 3555//7664 3557//7665
f 3559//7332 3562//5509 3563//7334
f 3564//7666 3563//7336 3562//7667
f 3561//7338 3565//7339 3563//7340
f 3566//7341 3569//7342 3570//7668
f 3571//7669 3570//7670 3569//7671
f 3572//7672 3570//7673 3571//7674
f 3573//6802 3576//7675 3577//7676
f 3578//7677 3577//7678 3576//7679
f 3579//7354 3577//7355 3578//7356
f 3583//5023 3584//7680 3586//7681
f 3585//7682 3584//7683 3583//7684
f 3582//7363 3586//7364 3584//7685
f 3590//7686 3591//7687 3593//7688
f 3592//7689 3591//7690 3590//7691
f 3589//7371 3593//7372 3591//7692
f 3594//7374 3597//7693 3598//7376
f 3599//7694 3598//7378 3597//7695
f 3596//7380 3600//7381 3598//7382
f 3421//4173 3429//317 3365//4569
f 3429//4175 3424//4176 3362//4177
f 3371//318 3374//318 3367//318
f 3374//318 3370//318 3363//318
f 3431//4178 3434//324 3376//4179
f 3434//4570 3430//4571 3372//4181
f 3423//318 3432//318 3436//318
f 3428//318 3436//318 3431//318
f 3550//327 3558//326 3494//4182
f 3558//326 3553//329 3491//4183
f 3481//330 3492//330 3496//330
f 3485//330 3496//330 3491//330
f 3542//333 3545//332 3487//4184
f 3545//332 3541//1440 3483//4185
f 3553//330 3557//330 3547//330
f 3557//330 3552//330 3543//330
f 3363//6833 3481//6833 3489//6833
f 3368//336 3489//336 3484//336
f 3493//336 3497//336 3378//336
f 3497//336 3492//336 3370//336
f 3432//6834 3552//6834 3556//6834
f 3437//337 3556//337 3551//337
f 3544//337 3548//337 3427//337
f 3548//337 3543//337 3423//337
f 3379//7696 3385//7697 3377//7698
f 3385//7699 3381//7700 3373//7701
f 3440//4192 3442//485 3382//4193
f 3442//4194 3439//381 3380//4195
f 3433//7702 3441//7703 3444//7704
f 3438//5049 3444//7705 3440//7706
f 3559//358 3565//357 3502//4202
f 3565//360 3561//327 3500//4203
f 3493//7707 3501//7708 3504//7709
f 3498//5732 3504//7710 3500//7711
f 3561//7395 3564//7712 3554//7038
f 3564//7713 3560//7714 3551//7715
f 3380//6843 3386//4217 3392//7716
f 3384//7717 3392//7718 3388//7719
f 3447//7403 3449//384 3389//5299
f 3449//4224 3446//335 3387//4583
f 3448//7720 3451//7721 3445//7722
f 3451//4585 3447//6510 3439//4231
f 3566//314 3572//392 3509//4232
f 3572//394 3568//358 3507//4233
f 3501//7409 3508//5302 3511//7410
f 3505//7411 3511//7412 3507//4239
f 3568//7723 3571//7724 3562//7725
f 3571//7726 3567//6055 3560//7727
f 3387//7728 3393//4247 3399//6059
f 3391//7729 3399//7730 3395//7731
f 3454//4252 3456//332 3396//4253
f 3456//4254 3453//330 3394//4255
f 3455//7732 3458//7733 3452//7734
f 3458//4593 3454//4260 3446//7735
f 3513//4846 3573//318 3579//424
f 3579//426 3575//314 3514//4263
f 3508//7424 3515//3783 3518//4848
f 3512//7736 3518//7737 3514//7738
f 3575//7428 3578//7429 3569//7430
f 3578//4852 3574//4599 3567//6524
f 3400//7434 3406//7435 3398//7436
f 3406//4855 3402//458 3395//7437
f 3461//4279 3463//326 3403//4280
f 3463//4281 3460//327 3401//4282
f 3462//5754 3465//5755 3459//7438
f 3465//7739 3461//7740 3453//6526
f 3520//4606 3580//6079 3586//7442
f 3586//7443 3582//321 3521//4287
f 3515//7741 3522//2756 3525//7742
f 3525//7743 3521//318 3513//7744
f 3582//7448 3585//1498 3576//7449
f 3585//6869 3581//6870 3574//6871
f 3407//7745 3413//7746 3405//7747
f 3413//7748 3409//3533 3402//7065
f 3468//4303 3470//360 3410//4304
f 3470//5338 3467//358 3408//4306
f 3462//7749 3469//7750 3472//4309
f 3466//7067 3472//7751 3468//6316
f 3587//381 3593//349 3530//4313
f 3593//485 3589//346 3528//4314
f 3529//7752 3532//7070 3526//7071
f 3532//7753 3528//7754 3520//7755
f 3580//7756 3589//7757 3592//7758
f 3583//7759 3592//7760 3588//7761
f 3414//4327 3420//7762 3412//7763
f 3420//6543 3416//7764 3409//7765
f 3475//4333 3477//394 3417//4334
f 3477//4335 3474//314 3415//4336
f 3469//7766 3476//4627 3479//7767
f 3473//7768 3479//7769 3475//4631
f 3594//335 3600//384 3537//4343
f 3600//516 3596//381 3535//4344
f 3536//7770 3539//7771 3533//7772
f 3539//4348 3535//4634 3527//4350
f 3587//6331 3596//4352 3599//7773
f 3590//7774 3599//6106 3595//4638
f 3364//6107 3416//7775 3419//7776
f 3369//7777 3419//7778 3415//1766
f 3474//7486 3480//7487 3425//6703
f 3480//7779 3476//7780 3422//7781
f 3534//7782 3540//7783 3488//7784
f 3540//7785 3536//7786 3484//7787
f 3544//6115 3595//6894 3597//7788
f 3549//6551 3597//7789 3594//5783
f 3474//314 3421//314 3361//314
f 3424//318 3431//318 3371//318
f 3363//330 3370//330 3492//330
f 3364//336 3484//336 3536//336
f 3373//458 3381//458 3501//458
f 3430//346 3440//346 3379//346
f 3381//336 3388//336 3508//336
f 3439//381 3447//381 3386//381
f 3388//336 3395//336 3515//336
f 3446//335 3454//335 3393//335
f 3402//336 3522//336 3515//336
f 3453//330 3461//330 3400//330
f 3409//336 3529//336 3522//336
f 3460//327 3468//327 3407//327
f 3416//336 3536//336 3529//336
f 3467//358 3475//358 3414//358
f 3432//330 3423//330 3543//330
f 3422//337 3476//337 3595//337
f 3433//337 3551//337 3560//337
f 3441//337 3560//337 3567//337
f 3448//337 3567//337 3574//337
f 3455//337 3574//337 3581//337
f 3469//337 3462//337 3581//337
f 3476//337 3469//337 3588//337
f 3553//330 3542//330 3482//330
f 3541//335 3594//335 3534//335
f 3561//327 3550//327 3490//327
f 3568//358 3559//358 3499//358
f 3575//314 3566//314 3506//314
f 3582//318 3573//318 3513//318
f 3589//346 3580//346 3520//346
f 3596//381 3587//381 3527//381
