# Blender 5.0.1
# www.blender.org
o frame
v -1.835355 -0.264645 0.300000
v -1.750000 -0.300000 0.300000
v -1.781094 -0.277313 0.350000
v -1.795711 -0.289645 0.300000
v -1.793173 -0.289329 0.328868
v -1.770003 -0.293139 0.335674
v -1.808875 -0.278682 0.335565
v 1.750000 -0.300000 0.300000
v 1.835355 -0.264645 0.300000
v 1.781094 -0.277313 0.350000
v 1.795711 -0.289645 0.300000
v 1.793173 -0.289329 0.328868
v 1.808875 -0.278682 0.335565
v 1.770003 -0.293139 0.335674
v 3.664645 1.564645 0.300000
v 3.700000 1.650000 0.300000
v 3.642930 1.582166 0.350000
v 3.689645 1.604289 0.300000
v 3.681265 1.598051 0.328868
v 3.683345 1.618017 0.335276
v 3.657417 1.569286 0.335677
v 3.700000 3.150000 0.300000
v 3.664645 3.235355 0.300000
v 3.643890 3.178959 0.350000
v 3.689645 3.195711 0.300000
v 3.682265 3.193137 0.328868
v 3.661952 3.215525 0.335283
v 3.683636 3.163747 0.335261
v 1.835355 5.064644 0.300000
v 1.750000 5.100000 0.300000
v 1.782644 5.040988 0.350000
v 1.795711 5.089644 0.300000
v 1.793951 5.081653 0.328868
v 1.765141 5.082821 0.335222
v 1.817188 5.060511 0.335290
v -1.750000 5.100000 0.300000
v -1.835355 5.064644 0.300000
v -1.782644 5.040988 0.350000
v -1.795711 5.089644 0.300000
v -1.793951 5.081654 0.328868
v -1.817188 5.060511 0.335290
v -1.765141 5.082821 0.335222
v -3.664645 3.235355 0.300000
v -3.700000 3.150000 0.300000
v -3.643890 3.178959 0.350000
v -3.689645 3.195711 0.300000
v -3.682265 3.193137 0.328868
v -3.683636 3.163747 0.335261
v -3.661952 3.215525 0.335283
v -3.700000 1.650000 0.300000
v -3.664645 1.564645 0.300000
v -3.642930 1.582166 0.350000
v -3.689645 1.604289 0.300000
v -3.681265 1.598051 0.328868
v -3.657417 1.569286 0.335677
v -3.683344 1.618017 0.335276
v -1.835355 -0.264645 -0.300000
v -1.781094 -0.277313 -0.350000
v -1.750000 -0.300000 -0.300000
v -1.808875 -0.278682 -0.335565
v -1.793173 -0.289329 -0.328868
v -1.770003 -0.293139 -0.335674
v -1.795711 -0.289645 -0.300000
v 1.835355 -0.264645 -0.300000
v 1.750000 -0.300000 -0.300000
v 1.781094 -0.277313 -0.350000
v 1.795711 -0.289645 -0.300000
v 1.793173 -0.289329 -0.328868
v 1.770003 -0.293139 -0.335674
v 1.808875 -0.278682 -0.335565
v 3.700000 1.650000 -0.300000
v 3.664645 1.564645 -0.300000
v 3.642930 1.582166 -0.350000
v 3.689645 1.604289 -0.300000
v 3.681265 1.598051 -0.328868
v 3.657417 1.569286 -0.335677
v 3.683344 1.618017 -0.335276
v 3.664645 3.235355 -0.300000
v 3.700000 3.150000 -0.300000
v 3.643890 3.178959 -0.350000
v 3.689645 3.195711 -0.300000
v 3.682265 3.193137 -0.328868
v 3.683636 3.163747 -0.335261
v 3.661952 3.215525 -0.335283
v 1.750000 5.100000 -0.300000
v 1.835355 5.064644 -0.300000
v 1.782644 5.040988 -0.350000
v 1.795711 5.089644 -0.300000
v 1.793951 5.081654 -0.328868
v 1.817188 5.060511 -0.335290
v 1.765141 5.082821 -0.335222
v -1.835355 5.064644 -0.300000
v -1.750000 5.100000 -0.300000
v -1.782644 5.040988 -0.350000
v -1.795711 5.089644 -0.300000
v -1.793951 5.081653 -0.328868
v -1.765141 5.082821 -0.335222
v -1.817188 5.060511 -0.335290
v -3.700000 3.150000 -0.300000
v -3.664645 3.235355 -0.300000
v -3.643890 3.178959 -0.350000
v -3.689645 3.195711 -0.300000
v -3.682265 3.193137 -0.328868
v -3.661952 3.215525 -0.335283
v -3.683636 3.163747 -0.335261
v -3.664645 1.564645 -0.300000
v -3.700000 1.650000 -0.300000
v -3.642930 1.582166 -0.350000
v -3.689645 1.604289 -0.300000
v -3.681265 1.598051 -0.328868
v -3.683345 1.618017 -0.335276
v -3.657417 1.569286 -0.335677
v -1.500000 0.000000 0.300000
v -1.585355 0.035355 0.300000
v -1.568905 -0.022687 0.350000
v -1.545711 0.010355 0.300000
v -1.551993 0.002793 0.328868
v -1.569032 0.006606 0.335552
v -1.544133 -0.006773 0.335544
v 1.585355 0.035355 0.300000
v 1.500000 0.000000 0.300000
v 1.568905 -0.022687 0.350000
v 1.545711 0.010355 0.300000
v 1.551993 0.002793 0.328868
v 1.544133 -0.006773 0.335544
v 1.569032 0.006606 0.335552
v 2.900000 1.400000 0.300000
v 2.864645 1.314645 0.300000
v 2.957070 1.367834 0.350000
v 2.889645 1.354289 0.300000
v 2.905402 1.360314 0.328868
v 2.915006 1.353391 0.335460
v 2.916634 1.384849 0.335249
v 2.864645 2.935355 0.300000
v 2.900000 2.850000 0.300000
v 2.956110 2.921041 0.350000
v 2.889645 2.895711 0.300000
v 2.902529 2.900445 0.328868
v 2.916384 2.883755 0.335289
v 2.901371 2.921178 0.335308
v 1.500000 4.250000 0.300000
v 1.585355 4.214644 0.300000
v 1.567356 4.309011 0.350000
v 1.545711 4.239645 0.300000
v 1.549387 4.253170 0.328868
v 1.569358 4.252969 0.335316
v 1.531278 4.267204 0.335254
v -1.585355 4.214644 0.300000
v -1.500000 4.250000 0.300000
v -1.567356 4.309011 0.350000
v -1.545711 4.239645 0.300000
v -1.549387 4.253171 0.328868
v -1.531278 4.267204 0.335254
v -1.569358 4.252969 0.335316
v -2.900000 2.850000 0.300000
v -2.864645 2.935355 0.300000
v -2.956110 2.921041 0.350000
v -2.889645 2.895711 0.300000
v -2.902529 2.900445 0.328868
v -2.901370 2.921178 0.335308
v -2.916384 2.883755 0.335289
v -2.864645 1.314645 0.300000
v -2.900000 1.400000 0.300000
v -2.957070 1.367834 0.350000
v -2.889645 1.354289 0.300000
v -2.905402 1.360314 0.328868
v -2.916634 1.384849 0.335249
v -2.915006 1.353391 0.335460
v -1.585355 0.035355 -0.300000
v -1.500000 0.000000 -0.300000
v -1.568905 -0.022687 -0.350000
v -1.545711 0.010355 -0.300000
v -1.551993 0.002793 -0.328868
v -1.544133 -0.006773 -0.335544
v -1.569032 0.006606 -0.335552
v 1.585355 0.035355 -0.300000
v 1.568905 -0.022687 -0.350000
v 1.500000 0.000000 -0.300000
v 1.569032 0.006606 -0.335552
v 1.551993 0.002793 -0.328868
v 1.544133 -0.006773 -0.335544
v 1.545711 0.010355 -0.300000
v 2.900000 1.400000 -0.300000
v 2.957070 1.367834 -0.350000
v 2.864645 1.314645 -0.300000
v 2.916634 1.384849 -0.335249
v 2.905402 1.360314 -0.328868
v 2.915006 1.353391 -0.335460
v 2.889645 1.354289 -0.300000
v 2.864645 2.935355 -0.300000
v 2.956110 2.921041 -0.350000
v 2.900000 2.850000 -0.300000
v 2.901370 2.921178 -0.335308
v 2.902529 2.900444 -0.328868
v 2.916384 2.883755 -0.335289
v 2.889645 2.895711 -0.300000
v 1.500000 4.250000 -0.300000
v 1.567356 4.309011 -0.350000
v 1.585355 4.214644 -0.300000
v 1.531278 4.267204 -0.335254
v 1.549387 4.253170 -0.328868
v 1.569358 4.252969 -0.335316
v 1.545711 4.239645 -0.300000
v -1.585355 4.214644 -0.300000
v -1.567356 4.309011 -0.350000
v -1.500000 4.250000 -0.300000
v -1.569358 4.252969 -0.335316
v -1.549387 4.253171 -0.328868
v -1.531277 4.267204 -0.335254
v -1.545711 4.239645 -0.300000
v -2.900000 2.850000 -0.300000
v -2.956110 2.921041 -0.350000
v -2.864645 2.935355 -0.300000
v -2.916384 2.883755 -0.335289
v -2.902529 2.900445 -0.328868
v -2.901370 2.921178 -0.335308
v -2.889645 2.895711 -0.300000
v -2.864645 1.314645 -0.300000
v -2.957070 1.367834 -0.350000
v -2.900000 1.400000 -0.300000
v -2.915006 1.353391 -0.335460
v -2.905402 1.360314 -0.328868
v -2.916634 1.384849 -0.335249
v -2.889645 1.354289 -0.300000
v -3.310000 0.140000 0.450000
v -3.350000 0.140000 0.410000
v -3.310000 0.100000 0.410000
v -3.338284 0.140000 0.438284
v -3.333094 0.116906 0.433094
v -3.338284 0.111716 0.410000
v -3.310000 0.111716 0.438284
v -2.890000 0.140000 0.450000
v -2.890000 0.100000 0.410000
v -2.850000 0.140000 0.410000
v -2.890000 0.111716 0.438284
v -2.866906 0.116906 0.433094
v -2.861715 0.111716 0.410000
v -2.861715 0.140000 0.438284
v -2.890000 0.140000 -0.450000
v -2.850000 0.140000 -0.410000
v -2.890000 0.100000 -0.410000
v -2.861715 0.140000 -0.438284
v -2.866906 0.116906 -0.433094
v -2.861715 0.111716 -0.410000
v -2.890000 0.111716 -0.438284
v -3.350000 0.140000 -0.410000
v -3.310000 0.140000 -0.450000
v -3.310000 0.100000 -0.410000
v -3.338284 0.140000 -0.438284
v -3.333094 0.116906 -0.433094
v -3.310000 0.111716 -0.438284
v -3.338284 0.111716 -0.410000
v -3.350000 0.960000 0.410000
v -3.310000 0.960000 0.450000
v -3.310000 1.000000 0.410000
v -3.338284 0.960000 0.438284
v -3.333094 0.983094 0.433094
v -3.310000 0.988284 0.438284
v -3.338284 0.988284 0.410000
v -2.890000 0.960000 0.450000
v -2.850000 0.960000 0.410000
v -2.890000 1.000000 0.410000
v -2.861715 0.960000 0.438284
v -2.866906 0.983094 0.433094
v -2.861715 0.988284 0.410000
v -2.890000 0.988284 0.438284
v -2.850000 0.960000 -0.410000
v -2.890000 0.960000 -0.450000
v -2.890000 1.000000 -0.410000
v -2.861715 0.960000 -0.438284
v -2.866906 0.983094 -0.433094
v -2.890000 0.988284 -0.438284
v -2.861715 0.988284 -0.410000
v -3.350000 0.960000 -0.410000
v -3.310000 1.000000 -0.410000
v -3.310000 0.960000 -0.450000
v -3.338284 0.988284 -0.410000
v -3.333094 0.983094 -0.433094
v -3.310000 0.988284 -0.438284
v -3.338284 0.960000 -0.438284
v -3.160000 4.240000 0.400000
v -3.200000 4.240000 0.360000
v -3.160000 4.200000 0.360000
v -3.188285 4.240000 0.388284
v -3.183094 4.216906 0.383094
v -3.188285 4.211716 0.360000
v -3.160000 4.211716 0.388284
v -2.640000 4.240000 0.400000
v -2.640000 4.200000 0.360000
v -2.600000 4.240000 0.360000
v -2.640000 4.211716 0.388284
v -2.616906 4.216906 0.383094
v -2.611716 4.211716 0.360000
v -2.611716 4.240000 0.388284
v -2.640000 4.240000 -0.400000
v -2.600000 4.240000 -0.360000
v -2.640000 4.200000 -0.360000
v -2.611716 4.240000 -0.388284
v -2.616906 4.216906 -0.383094
v -2.611716 4.211716 -0.360000
v -2.640000 4.211716 -0.388284
v -3.200000 4.240000 -0.360000
v -3.160000 4.240000 -0.400000
v -3.160000 4.200000 -0.360000
v -3.188285 4.240000 -0.388284
v -3.183094 4.216906 -0.383094
v -3.160000 4.211716 -0.388284
v -3.188285 4.211716 -0.360000
v -3.200000 4.660000 0.360000
v -3.160000 4.660000 0.400000
v -3.160000 4.700000 0.360000
v -3.188285 4.660000 0.388284
v -3.183094 4.683094 0.383094
v -3.160000 4.688284 0.388284
v -3.188285 4.688284 0.360000
v -2.640000 4.660000 0.400000
v -2.600000 4.660000 0.360000
v -2.640000 4.700000 0.360000
v -2.611716 4.660000 0.388284
v -2.616906 4.683094 0.383094
v -2.611716 4.688284 0.360000
v -2.640000 4.688284 0.388284
v -2.600000 4.660000 -0.360000
v -2.640000 4.660000 -0.400000
v -2.640000 4.700000 -0.360000
v -2.611716 4.660000 -0.388284
v -2.616906 4.683094 -0.383094
v -2.640000 4.688284 -0.388284
v -2.611716 4.688284 -0.360000
v -3.200000 4.660000 -0.360000
v -3.160000 4.700000 -0.360000
v -3.160000 4.660000 -0.400000
v -3.188285 4.688284 -0.360000
v -3.183094 4.683094 -0.383094
v -3.160000 4.688284 -0.388284
v -3.188285 4.660000 -0.388284
v 2.890000 0.140000 0.450000
v 2.850000 0.140000 0.410000
v 2.890000 0.100000 0.410000
v 2.861715 0.140000 0.438284
v 2.866906 0.116906 0.433094
v 2.861715 0.111716 0.410000
v 2.890000 0.111716 0.438284
v 3.310000 0.140000 0.450000
v 3.310000 0.100000 0.410000
v 3.350000 0.140000 0.410000
v 3.310000 0.111716 0.438284
v 3.333094 0.116906 0.433094
v 3.338284 0.111716 0.410000
v 3.338284 0.140000 0.438284
v 3.310000 0.140000 -0.450000
v 3.350000 0.140000 -0.410000
v 3.310000 0.100000 -0.410000
v 3.338284 0.140000 -0.438284
v 3.333094 0.116906 -0.433094
v 3.338284 0.111716 -0.410000
v 3.310000 0.111716 -0.438284
v 2.850000 0.140000 -0.410000
v 2.890000 0.140000 -0.450000
v 2.890000 0.100000 -0.410000
v 2.861715 0.140000 -0.438284
v 2.866906 0.116906 -0.433094
v 2.890000 0.111716 -0.438284
v 2.861715 0.111716 -0.410000
v 2.850000 0.960000 0.410000
v 2.890000 0.960000 0.450000
v 2.890000 1.000000 0.410000
v 2.861715 0.960000 0.438284
v 2.866906 0.983094 0.433094
v 2.890000 0.988284 0.438284
v 2.861715 0.988284 0.410000
v 3.310000 0.960000 0.450000
v 3.350000 0.960000 0.410000
v 3.310000 1.000000 0.410000
v 3.338284 0.960000 0.438284
v 3.333094 0.983094 0.433094
v 3.338284 0.988284 0.410000
v 3.310000 0.988284 0.438284
v 3.350000 0.960000 -0.410000
v 3.310000 0.960000 -0.450000
v 3.310000 1.000000 -0.410000
v 3.338284 0.960000 -0.438284
v 3.333094 0.983094 -0.433094
v 3.310000 0.988284 -0.438284
v 3.338284 0.988284 -0.410000
v 2.850000 0.960000 -0.410000
v 2.890000 1.000000 -0.410000
v 2.890000 0.960000 -0.450000
v 2.861715 0.988284 -0.410000
v 2.866906 0.983094 -0.433094
v 2.890000 0.988284 -0.438284
v 2.861715 0.960000 -0.438284
v 2.640000 4.240000 0.400000
v 2.600000 4.240000 0.360000
v 2.640000 4.200000 0.360000
v 2.611716 4.240000 0.388284
v 2.616906 4.216906 0.383094
v 2.611716 4.211716 0.360000
v 2.640000 4.211716 0.388284
v 3.160000 4.240000 0.400000
v 3.160000 4.200000 0.360000
v 3.200000 4.240000 0.360000
v 3.160000 4.211716 0.388284
v 3.183094 4.216906 0.383094
v 3.188285 4.211716 0.360000
v 3.188285 4.240000 0.388284
v 3.160000 4.240000 -0.400000
v 3.200000 4.240000 -0.360000
v 3.160000 4.200000 -0.360000
v 3.188285 4.240000 -0.388284
v 3.183094 4.216906 -0.383094
v 3.188285 4.211716 -0.360000
v 3.160000 4.211716 -0.388284
v 2.600000 4.240000 -0.360000
v 2.640000 4.240000 -0.400000
v 2.640000 4.200000 -0.360000
v 2.611716 4.240000 -0.388284
v 2.616906 4.216906 -0.383094
v 2.640000 4.211716 -0.388284
v 2.611716 4.211716 -0.360000
v 2.600000 4.660000 0.360000
v 2.640000 4.660000 0.400000
v 2.640000 4.700000 0.360000
v 2.611716 4.660000 0.388284
v 2.616906 4.683094 0.383094
v 2.640000 4.688284 0.388284
v 2.611716 4.688284 0.360000
v 3.160000 4.660000 0.400000
v 3.200000 4.660000 0.360000
v 3.160000 4.700000 0.360000
v 3.188285 4.660000 0.388284
v 3.183094 4.683094 0.383094
v 3.188285 4.688284 0.360000
v 3.160000 4.688284 0.388284
v 3.200000 4.660000 -0.360000
v 3.160000 4.660000 -0.400000
v 3.160000 4.700000 -0.360000
v 3.188285 4.660000 -0.388284
v 3.183094 4.683094 -0.383094
v 3.160000 4.688284 -0.388284
v 3.188285 4.688284 -0.360000
v 2.600000 4.660000 -0.360000
v 2.640000 4.700000 -0.360000
v 2.640000 4.660000 -0.400000
v 2.611716 4.688284 -0.360000
v 2.616906 4.683094 -0.383094
v 2.640000 4.688284 -0.388284
v 2.611716 4.660000 -0.388284
v -1.835355 -0.264645 -4.700000
v -1.750000 -0.300000 -4.700000
v -1.781094 -0.277313 -4.650000
v -1.795711 -0.289645 -4.700000
v -1.793173 -0.289329 -4.671133
v -1.770003 -0.293139 -4.664326
v -1.808875 -0.278682 -4.664435
v 1.750000 -0.300000 -4.700000
v 1.835355 -0.264645 -4.700000
v 1.781094 -0.277313 -4.650000
v 1.795711 -0.289645 -4.700000
v 1.793173 -0.289329 -4.671133
v 1.808875 -0.278682 -4.664435
v 1.770003 -0.293139 -4.664326
v 3.664645 1.564645 -4.700000
v 3.700000 1.650000 -4.700000
v 3.642930 1.582166 -4.650000
v 3.689645 1.604289 -4.700000
v 3.681265 1.598051 -4.671133
v 3.683345 1.618017 -4.664724
v 3.657416 1.569286 -4.664323
v 3.700000 3.150000 -4.700000
v 3.664645 3.235355 -4.700000
v 3.643890 3.178959 -4.650000
v 3.689645 3.195711 -4.700000
v 3.682265 3.193137 -4.671133
v 3.661952 3.215525 -4.664717
v 3.683636 3.163747 -4.664739
v 1.835355 5.064644 -4.700000
v 1.750000 5.100000 -4.700000
v 1.782644 5.040988 -4.650000
v 1.795711 5.089644 -4.700000
v 1.793951 5.081653 -4.671133
v 1.765141 5.082821 -4.664778
v 1.817188 5.060511 -4.664710
v -1.750000 5.100000 -4.700000
v -1.835355 5.064644 -4.700000
v -1.782644 5.040988 -4.650000
v -1.795711 5.089644 -4.700000
v -1.793951 5.081654 -4.671133
v -1.817187 5.060511 -4.664710
v -1.765141 5.082821 -4.664778
v -3.664645 3.235355 -4.700000
v -3.700000 3.150000 -4.700000
v -3.643890 3.178959 -4.650000
v -3.689645 3.195711 -4.700000
v -3.682265 3.193137 -4.671133
v -3.683636 3.163747 -4.664739
v -3.661952 3.215525 -4.664717
v -3.700000 1.650000 -4.700000
v -3.664645 1.564645 -4.700000
v -3.642930 1.582166 -4.650000
v -3.689645 1.604289 -4.700000
v -3.681265 1.598051 -4.671133
v -3.657416 1.569286 -4.664323
v -3.683345 1.618017 -4.664724
v -1.835355 -0.264645 -5.300000
v -1.781094 -0.277313 -5.350000
v -1.750000 -0.300000 -5.300000
v -1.808875 -0.278682 -5.335565
v -1.793173 -0.289329 -5.328868
v -1.770003 -0.293139 -5.335673
v -1.795711 -0.289645 -5.300000
v 1.835355 -0.264645 -5.300000
v 1.750000 -0.300000 -5.300000
v 1.781094 -0.277313 -5.350000
v 1.795711 -0.289645 -5.300000
v 1.793173 -0.289329 -5.328868
v 1.770003 -0.293139 -5.335673
v 1.808875 -0.278682 -5.335565
v 3.700000 1.650000 -5.300000
v 3.664645 1.564645 -5.300000
v 3.642930 1.582166 -5.350000
v 3.689645 1.604289 -5.300000
v 3.681265 1.598051 -5.328868
v 3.657416 1.569286 -5.335677
v 3.683345 1.618017 -5.335276
v 3.664645 3.235355 -5.300000
v 3.700000 3.150000 -5.300000
v 3.643890 3.178959 -5.350000
v 3.689645 3.195711 -5.300000
v 3.682265 3.193137 -5.328868
v 3.683636 3.163747 -5.335261
v 3.661952 3.215525 -5.335283
v 1.750000 5.100000 -5.300000
v 1.835355 5.064644 -5.300000
v 1.782644 5.040988 -5.350000
v 1.795711 5.089644 -5.300000
v 1.793951 5.081654 -5.328868
v 1.817187 5.060511 -5.335290
v 1.765141 5.082821 -5.335222
v -1.835355 5.064644 -5.300000
v -1.750000 5.100000 -5.300000
v -1.782644 5.040988 -5.350000
v -1.795711 5.089644 -5.300000
v -1.793951 5.081653 -5.328868
v -1.765141 5.082821 -5.335222
v -1.817188 5.060511 -5.335290
v -3.700000 3.150000 -5.300000
v -3.664645 3.235355 -5.300000
v -3.643890 3.178959 -5.350000
v -3.689645 3.195711 -5.300000
v -3.682265 3.193137 -5.328868
v -3.661952 3.215525 -5.335283
v -3.683636 3.163747 -5.335261
v -3.664645 1.564645 -5.300000
v -3.700000 1.650000 -5.300000
v -3.642930 1.582166 -5.350000
v -3.689645 1.604289 -5.300000
v -3.681265 1.598051 -5.328868
v -3.683345 1.618017 -5.335276
v -3.657416 1.569286 -5.335677
v -1.500000 0.000000 -4.700000
v -1.585355 0.035355 -4.700000
v -1.568905 -0.022687 -4.650000
v -1.545711 0.010355 -4.700000
v -1.551993 0.002793 -4.671133
v -1.569032 0.006606 -4.664449
v -1.544133 -0.006773 -4.664456
v 1.585355 0.035355 -4.700000
v 1.500000 0.000000 -4.700000
v 1.568905 -0.022687 -4.650000
v 1.545711 0.010355 -4.700000
v 1.551993 0.002793 -4.671133
v 1.544133 -0.006773 -4.664456
v 1.569032 0.006606 -4.664449
v 2.900000 1.400000 -4.700000
v 2.864645 1.314645 -4.700000
v 2.957070 1.367834 -4.650000
v 2.889645 1.354289 -4.700000
v 2.905402 1.360314 -4.671133
v 2.915007 1.353391 -4.664540
v 2.916634 1.384849 -4.664751
v 2.864645 2.935355 -4.700000
v 2.900000 2.850000 -4.700000
v 2.956110 2.921041 -4.650000
v 2.889645 2.895711 -4.700000
v 2.902529 2.900445 -4.671133
v 2.916385 2.883755 -4.664711
v 2.901370 2.921178 -4.664692
v 1.500000 4.250000 -4.700000
v 1.585355 4.214644 -4.700000
v 1.567356 4.309011 -4.650000
v 1.545711 4.239645 -4.700000
v 1.549387 4.253170 -4.671133
v 1.569358 4.252969 -4.664684
v 1.531278 4.267204 -4.664746
v -1.585355 4.214644 -4.700000
v -1.500000 4.250000 -4.700000
v -1.567356 4.309011 -4.650000
v -1.545711 4.239645 -4.700000
v -1.549387 4.253171 -4.671133
v -1.531278 4.267204 -4.664745
v -1.569358 4.252969 -4.664684
v -2.900000 2.850000 -4.700000
v -2.864645 2.935355 -4.700000
v -2.956110 2.921041 -4.650000
v -2.889645 2.895711 -4.700000
v -2.902529 2.900444 -4.671133
v -2.901371 2.921178 -4.664692
v -2.916385 2.883755 -4.664711
v -2.864645 1.314645 -4.700000
v -2.900000 1.400000 -4.700000
v -2.957070 1.367834 -4.650000
v -2.889645 1.354289 -4.700000
v -2.905402 1.360314 -4.671133
v -2.916635 1.384848 -4.664751
v -2.915007 1.353391 -4.664540
v -1.585355 0.035355 -5.300000
v -1.500000 0.000000 -5.300000
v -1.568905 -0.022687 -5.350000
v -1.545711 0.010355 -5.300000
v -1.551993 0.002793 -5.328868
v -1.544133 -0.006773 -5.335544
v -1.569032 0.006606 -5.335552
v 1.585355 0.035355 -5.300000
v 1.568905 -0.022687 -5.350000
v 1.500000 0.000000 -5.300000
v 1.569032 0.006606 -5.335551
v 1.551993 0.002793 -5.328868
v 1.544133 -0.006773 -5.335544
v 1.545711 0.010355 -5.300000
v 2.900000 1.400000 -5.300000
v 2.957070 1.367834 -5.350000
v 2.864645 1.314645 -5.300000
v 2.916634 1.384849 -5.335249
v 2.905402 1.360314 -5.328868
v 2.915007 1.353391 -5.335460
v 2.889645 1.354289 -5.300000
v 2.864645 2.935355 -5.300000
v 2.956110 2.921041 -5.350000
v 2.900000 2.850000 -5.300000
v 2.901371 2.921178 -5.335308
v 2.902529 2.900444 -5.328868
v 2.916385 2.883755 -5.335289
v 2.889645 2.895711 -5.300000
v 1.500000 4.250000 -5.300000
v 1.567356 4.309011 -5.350000
v 1.585355 4.214644 -5.300000
v 1.531278 4.267204 -5.335255
v 1.549387 4.253170 -5.328868
v 1.569358 4.252969 -5.335315
v 1.545711 4.239645 -5.300000
v -1.585355 4.214644 -5.300000
v -1.567356 4.309011 -5.350000
v -1.500000 4.250000 -5.300000
v -1.569358 4.252969 -5.335315
v -1.549387 4.253171 -5.328868
v -1.531278 4.267204 -5.335254
v -1.545711 4.239645 -5.300000
v -2.900000 2.850000 -5.300000
v -2.956110 2.921041 -5.350000
v -2.864645 2.935355 -5.300000
v -2.916385 2.883755 -5.335289
v -2.902529 2.900445 -5.328868
v -2.901370 2.921178 -5.335308
v -2.889645 2.895711 -5.300000
v -2.864645 1.314645 -5.300000
v -2.957070 1.367834 -5.350000
v -2.900000 1.400000 -5.300000
v -2.915007 1.353391 -5.335460
v -2.905402 1.360314 -5.328868
v -2.916635 1.384849 -5.335249
v -2.889645 1.354289 -5.300000
v -3.310000 0.140000 -4.550000
v -3.350000 0.140000 -4.590000
v -3.310000 0.100000 -4.590000
v -3.338284 0.140000 -4.561716
v -3.333094 0.116906 -4.566906
v -3.338284 0.111716 -4.590000
v -3.310000 0.111716 -4.561716
v -2.890000 0.140000 -4.550000
v -2.890000 0.100000 -4.590000
v -2.850000 0.140000 -4.590000
v -2.890000 0.111716 -4.561716
v -2.866906 0.116906 -4.566906
v -2.861715 0.111716 -4.590000
v -2.861715 0.140000 -4.561716
v -2.890000 0.140000 -5.450000
v -2.850000 0.140000 -5.410000
v -2.890000 0.100000 -5.410000
v -2.861715 0.140000 -5.438284
v -2.866906 0.116906 -5.433095
v -2.861715 0.111716 -5.410000
v -2.890000 0.111716 -5.438284
v -3.350000 0.140000 -5.410000
v -3.310000 0.140000 -5.450000
v -3.310000 0.100000 -5.410000
v -3.338284 0.140000 -5.438284
v -3.333094 0.116906 -5.433095
v -3.310000 0.111716 -5.438284
v -3.338284 0.111716 -5.410000
v -3.350000 0.960000 -4.590000
v -3.310000 0.960000 -4.550000
v -3.310000 1.000000 -4.590000
v -3.338284 0.960000 -4.561716
v -3.333094 0.983094 -4.566906
v -3.310000 0.988284 -4.561716
v -3.338284 0.988284 -4.590000
v -2.890000 0.960000 -4.550000
v -2.850000 0.960000 -4.590000
v -2.890000 1.000000 -4.590000
v -2.861715 0.960000 -4.561716
v -2.866906 0.983094 -4.566906
v -2.861715 0.988284 -4.590000
v -2.890000 0.988284 -4.561716
v -2.850000 0.960000 -5.410000
v -2.890000 0.960000 -5.450000
v -2.890000 1.000000 -5.410000
v -2.861715 0.960000 -5.438284
v -2.866906 0.983094 -5.433095
v -2.890000 0.988284 -5.438284
v -2.861715 0.988284 -5.410000
v -3.350000 0.960000 -5.410000
v -3.310000 1.000000 -5.410000
v -3.310000 0.960000 -5.450000
v -3.338284 0.988284 -5.410000
v -3.333094 0.983094 -5.433095
v -3.310000 0.988284 -5.438284
v -3.338284 0.960000 -5.438284
v -3.160000 4.240000 -4.600000
v -3.200000 4.240000 -4.640000
v -3.160000 4.200000 -4.640000
v -3.188285 4.240000 -4.611715
v -3.183094 4.216906 -4.616905
v -3.188285 4.211716 -4.639999
v -3.160000 4.211716 -4.611715
v -2.640000 4.240000 -4.600000
v -2.640000 4.200000 -4.640000
v -2.600000 4.240000 -4.640000
v -2.640000 4.211716 -4.611715
v -2.616906 4.216906 -4.616905
v -2.611716 4.211716 -4.639999
v -2.611716 4.240000 -4.611715
v -2.640000 4.240000 -5.400000
v -2.600000 4.240000 -5.360000
v -2.640000 4.200000 -5.360000
v -2.611716 4.240000 -5.388285
v -2.616906 4.216906 -5.383095
v -2.611716 4.211716 -5.360001
v -2.640000 4.211716 -5.388285
v -3.200000 4.240000 -5.360000
v -3.160000 4.240000 -5.400000
v -3.160000 4.200000 -5.360000
v -3.188285 4.240000 -5.388285
v -3.183094 4.216906 -5.383095
v -3.160000 4.211716 -5.388285
v -3.188285 4.211716 -5.360001
v -3.200000 4.660000 -4.640000
v -3.160000 4.660000 -4.600000
v -3.160000 4.700000 -4.640000
v -3.188285 4.660000 -4.611715
v -3.183094 4.683094 -4.616905
v -3.160000 4.688284 -4.611715
v -3.188285 4.688284 -4.639999
v -2.640000 4.660000 -4.600000
v -2.600000 4.660000 -4.640000
v -2.640000 4.700000 -4.640000
v -2.611716 4.660000 -4.611715
v -2.616906 4.683094 -4.616905
v -2.611716 4.688284 -4.639999
v -2.640000 4.688284 -4.611715
v -2.600000 4.660000 -5.360000
v -2.640000 4.660000 -5.400000
v -2.640000 4.700000 -5.360000
v -2.611716 4.660000 -5.388285
v -2.616906 4.683094 -5.383095
v -2.640000 4.688284 -5.388285
v -2.611716 4.688284 -5.360001
v -3.200000 4.660000 -5.360000
v -3.160000 4.700000 -5.360000
v -3.160000 4.660000 -5.400000
v -3.188285 4.688284 -5.360001
v -3.183094 4.683094 -5.383095
v -3.160000 4.688284 -5.388285
v -3.188285 4.660000 -5.388285
v 2.890000 0.140000 -4.550000
v 2.850000 0.140000 -4.590000
v 2.890000 0.100000 -4.590000
v 2.861715 0.140000 -4.561716
v 2.866906 0.116906 -4.566906
v 2.861715 0.111716 -4.590000
v 2.890000 0.111716 -4.561716
v 3.310000 0.140000 -4.550000
v 3.310000 0.100000 -4.590000
v 3.350000 0.140000 -4.590000
v 3.310000 0.111716 -4.561716
v 3.333094 0.116906 -4.566906
v 3.338284 0.111716 -4.590000
v 3.338284 0.140000 -4.561716
v 3.310000 0.140000 -5.450000
v 3.350000 0.140000 -5.410000
v 3.310000 0.100000 -5.410000
v 3.338284 0.140000 -5.438284
v 3.333094 0.116906 -5.433095
v 3.338284 0.111716 -5.410000
v 3.310000 0.111716 -5.438284
v 2.850000 0.140000 -5.410000
v 2.890000 0.140000 -5.450000
v 2.890000 0.100000 -5.410000
v 2.861715 0.140000 -5.438284
v 2.866906 0.116906 -5.433095
v 2.890000 0.111716 -5.438284
v 2.861715 0.111716 -5.410000
v 2.850000 0.960000 -4.590000
v 2.890000 0.960000 -4.550000
v 2.890000 1.000000 -4.590000
v 2.861715 0.960000 -4.561716
v 2.866906 0.983094 -4.566906
v 2.890000 0.988284 -4.561716
v 2.861715 0.988284 -4.590000
v 3.310000 0.960000 -4.550000
v 3.350000 0.960000 -4.590000
v 3.310000 1.000000 -4.590000
v 3.338284 0.960000 -4.561716
v 3.333094 0.983094 -4.566906
v 3.338284 0.988284 -4.590000
v 3.310000 0.988284 -4.561716
v 3.350000 0.960000 -5.410000
v 3.310000 0.960000 -5.450000
v 3.310000 1.000000 -5.410000
v 3.338284 0.960000 -5.438284
v 3.333094 0.983094 -5.433095
v 3.310000 0.988284 -5.438284
v 3.338284 0.988284 -5.410000
v 2.850000 0.960000 -5.410000
v 2.890000 1.000000 -5.410000
v 2.890000 0.960000 -5.450000
v 2.861715 0.988284 -5.410000
v 2.866906 0.983094 -5.433095
v 2.890000 0.988284 -5.438284
v 2.861715 0.960000 -5.438284
v 2.640000 4.240000 -4.600000
v 2.600000 4.240000 -4.640000
v 2.640000 4.200000 -4.640000
v 2.611716 4.240000 -4.611715
v 2.616906 4.216906 -4.616905
v 2.611716 4.211716 -4.639999
v 2.640000 4.211716 -4.611715
v 3.160000 4.240000 -4.600000
v 3.160000 4.200000 -4.640000
v 3.200000 4.240000 -4.640000
v 3.160000 4.211716 -4.611715
v 3.183094 4.216906 -4.616905
v 3.188285 4.211716 -4.639999
v 3.188285 4.240000 -4.611715
v 3.160000 4.240000 -5.400000
v 3.200000 4.240000 -5.360000
v 3.160000 4.200000 -5.360000
v 3.188285 4.240000 -5.388285
v 3.183094 4.216906 -5.383095
v 3.188285 4.211716 -5.360001
v 3.160000 4.211716 -5.388285
v 2.600000 4.240000 -5.360000
v 2.640000 4.240000 -5.400000
v 2.640000 4.200000 -5.360000
v 2.611716 4.240000 -5.388285
v 2.616906 4.216906 -5.383095
v 2.640000 4.211716 -5.388285
v 2.611716 4.211716 -5.360001
v 2.600000 4.660000 -4.640000
v 2.640000 4.660000 -4.600000
v 2.640000 4.700000 -4.640000
v 2.611716 4.660000 -4.611715
v 2.616906 4.683094 -4.616905
v 2.640000 4.688284 -4.611715
v 2.611716 4.688284 -4.639999
v 3.160000 4.660000 -4.600000
v 3.200000 4.660000 -4.640000
v 3.160000 4.700000 -4.640000
v 3.188285 4.660000 -4.611715
v 3.183094 4.683094 -4.616905
v 3.188285 4.688284 -4.639999
v 3.160000 4.688284 -4.611715
v 3.200000 4.660000 -5.360000
v 3.160000 4.660000 -5.400000
v 3.160000 4.700000 -5.360000
v 3.188285 4.660000 -5.388285
v 3.183094 4.683094 -5.383095
v 3.160000 4.688284 -5.388285
v 3.188285 4.688284 -5.360001
v 2.600000 4.660000 -5.360000
v 2.640000 4.700000 -5.360000
v 2.640000 4.660000 -5.400000
v 2.611716 4.688284 -5.360001
v 2.616906 4.683094 -5.383095
v 2.640000 4.688284 -5.388285
v 2.611716 4.660000 -5.388285
v -1.835355 -0.264645 -9.700000
v -1.750000 -0.300000 -9.700000
v -1.781094 -0.277313 -9.650000
v -1.795711 -0.289645 -9.700000
v -1.793173 -0.289329 -9.671132
v -1.770003 -0.293139 -9.664325
v -1.808874 -0.278682 -9.664433
v 1.750000 -0.300000 -9.700000
v 1.835355 -0.264645 -9.700000
v 1.781094 -0.277313 -9.650000
v 1.795711 -0.289645 -9.700000
v 1.793173 -0.289329 -9.671132
v 1.808874 -0.278682 -9.664433
v 1.770004 -0.293139 -9.664326
v 3.664645 1.564645 -9.700000
v 3.700000 1.650000 -9.700000
v 3.642930 1.582166 -9.650000
v 3.689645 1.604289 -9.700000
v 3.681265 1.598051 -9.671132
v 3.683345 1.618016 -9.664722
v 3.657416 1.569286 -9.664322
v 3.700000 3.150000 -9.700000
v 3.664645 3.235355 -9.700000
v 3.643890 3.178959 -9.650000
v 3.689645 3.195711 -9.700000
v 3.682265 3.193137 -9.671132
v 3.661952 3.215525 -9.664715
v 3.683636 3.163747 -9.664738
v 1.835355 5.064644 -9.700000
v 1.750000 5.100000 -9.700000
v 1.782644 5.040988 -9.650000
v 1.795711 5.089644 -9.700000
v 1.793951 5.081653 -9.671132
v 1.765142 5.082821 -9.664777
v 1.817188 5.060511 -9.664708
v -1.750000 5.100000 -9.700000
v -1.835355 5.064644 -9.700000
v -1.782644 5.040988 -9.650000
v -1.795711 5.089644 -9.700000
v -1.793951 5.081654 -9.671132
v -1.817187 5.060511 -9.664709
v -1.765141 5.082821 -9.664777
v -3.664645 3.235355 -9.700000
v -3.700000 3.150000 -9.700000
v -3.643890 3.178959 -9.650000
v -3.689645 3.195711 -9.700000
v -3.682265 3.193137 -9.671132
v -3.683636 3.163747 -9.664738
v -3.661952 3.215525 -9.664716
v -3.700000 1.650000 -9.700000
v -3.664645 1.564645 -9.700000
v -3.642930 1.582166 -9.650000
v -3.689645 1.604289 -9.700000
v -3.681265 1.598051 -9.671132
v -3.657417 1.569286 -9.664322
v -3.683344 1.618016 -9.664722
v -1.835355 -0.264645 -10.300000
v -1.781094 -0.277313 -10.350000
v -1.750000 -0.300000 -10.300000
v -1.808874 -0.278682 -10.335567
v -1.793173 -0.289329 -10.328870
v -1.770004 -0.293139 -10.335674
v -1.795711 -0.289645 -10.300000
v 1.835355 -0.264645 -10.300000
v 1.750000 -0.300000 -10.300000
v 1.781094 -0.277313 -10.350000
v 1.795711 -0.289645 -10.300000
v 1.793173 -0.289329 -10.328870
v 1.770004 -0.293139 -10.335675
v 1.808874 -0.278682 -10.335567
v 3.700000 1.650000 -10.300000
v 3.664645 1.564645 -10.300000
v 3.642930 1.582166 -10.350000
v 3.689645 1.604289 -10.300000
v 3.681265 1.598051 -10.328870
v 3.657417 1.569286 -10.335679
v 3.683344 1.618016 -10.335278
v 3.664645 3.235355 -10.300000
v 3.700000 3.150000 -10.300000
v 3.643890 3.178959 -10.350000
v 3.689645 3.195711 -10.300000
v 3.682265 3.193137 -10.328870
v 3.683636 3.163747 -10.335262
v 3.661952 3.215525 -10.335284
v 1.750000 5.100000 -10.300000
v 1.835355 5.064644 -10.300000
v 1.782644 5.040988 -10.350000
v 1.795711 5.089644 -10.300000
v 1.793951 5.081654 -10.328870
v 1.817187 5.060511 -10.335291
v 1.765142 5.082821 -10.335223
v -1.835355 5.064644 -10.300000
v -1.750000 5.100000 -10.300000
v -1.782644 5.040988 -10.350000
v -1.795711 5.089644 -10.300000
v -1.793951 5.081653 -10.328870
v -1.765141 5.082821 -10.335223
v -1.817187 5.060511 -10.335292
v -3.700000 3.150000 -10.300000
v -3.664645 3.235355 -10.300000
v -3.643890 3.178959 -10.350000
v -3.689645 3.195711 -10.300000
v -3.682265 3.193137 -10.328870
v -3.661952 3.215525 -10.335285
v -3.683636 3.163747 -10.335263
v -3.664645 1.564645 -10.300000
v -3.700000 1.650000 -10.300000
v -3.642930 1.582166 -10.350000
v -3.689645 1.604289 -10.300000
v -3.681265 1.598051 -10.328870
v -3.683345 1.618016 -10.335278
v -3.657416 1.569286 -10.335678
v -1.500000 0.000000 -9.700000
v -1.585355 0.035355 -9.700000
v -1.568905 -0.022687 -9.650000
v -1.545711 0.010355 -9.700000
v -1.551993 0.002793 -9.671132
v -1.569032 0.006606 -9.664447
v -1.544134 -0.006773 -9.664454
v 1.585355 0.035355 -9.700000
v 1.500000 0.000000 -9.700000
v 1.568905 -0.022687 -9.650000
v 1.545711 0.010355 -9.700000
v 1.551993 0.002793 -9.671132
v 1.544134 -0.006773 -9.664454
v 1.569032 0.006606 -9.664447
v 2.900000 1.400000 -9.700000
v 2.864645 1.314645 -9.700000
v 2.957070 1.367834 -9.650000
v 2.889645 1.354289 -9.700000
v 2.905402 1.360314 -9.671132
v 2.915007 1.353392 -9.664538
v 2.916634 1.384848 -9.664750
v 2.864645 2.935355 -9.700000
v 2.900000 2.850000 -9.700000
v 2.956110 2.921041 -9.650000
v 2.889645 2.895711 -9.700000
v 2.902529 2.900445 -9.671132
v 2.916384 2.883756 -9.664710
v 2.901371 2.921178 -9.664691
v 1.500000 4.250000 -9.700000
v 1.585355 4.214644 -9.700000
v 1.567356 4.309011 -9.650000
v 1.545711 4.239645 -9.700000
v 1.549387 4.253171 -9.671132
v 1.569357 4.252969 -9.664683
v 1.531278 4.267204 -9.664744
v -1.585355 4.214644 -9.700000
v -1.500000 4.250000 -9.700000
v -1.567356 4.309011 -9.650000
v -1.545711 4.239645 -9.700000
v -1.549387 4.253171 -9.671132
v -1.531278 4.267204 -9.664744
v -1.569357 4.252969 -9.664682
v -2.900000 2.850000 -9.700000
v -2.864645 2.935355 -9.700000
v -2.956110 2.921041 -9.650000
v -2.889645 2.895711 -9.700000
v -2.902529 2.900445 -9.671132
v -2.901371 2.921178 -9.664691
v -2.916384 2.883756 -9.664710
v -2.864645 1.314645 -9.700000
v -2.900000 1.400000 -9.700000
v -2.957070 1.367834 -9.650000
v -2.889645 1.354289 -9.700000
v -2.905402 1.360314 -9.671132
v -2.916634 1.384848 -9.664750
v -2.915008 1.353392 -9.664538
v -1.585355 0.035355 -10.300000
v -1.500000 0.000000 -10.300000
v -1.568905 -0.022687 -10.350000
v -1.545711 0.010355 -10.300000
v -1.551993 0.002793 -10.328870
v -1.544134 -0.006773 -10.335546
v -1.569032 0.006606 -10.335553
v 1.585355 0.035355 -10.300000
v 1.568905 -0.022687 -10.350000
v 1.500000 0.000000 -10.300000
v 1.569032 0.006606 -10.335553
v 1.551993 0.002793 -10.328870
v 1.544134 -0.006773 -10.335546
v 1.545711 0.010355 -10.300000
v 2.900000 1.400000 -10.300000
v 2.957070 1.367834 -10.350000
v 2.864645 1.314645 -10.300000
v 2.916634 1.384848 -10.335250
v 2.905402 1.360314 -10.328870
v 2.915008 1.353392 -10.335462
v 2.889645 1.354289 -10.300000
v 2.864645 2.935355 -10.300000
v 2.956110 2.921041 -10.350000
v 2.900000 2.850000 -10.300000
v 2.901371 2.921178 -10.335309
v 2.902529 2.900445 -10.328870
v 2.916384 2.883756 -10.335291
v 2.889645 2.895711 -10.300000
v 1.500000 4.250000 -10.300000
v 1.567356 4.309011 -10.350000
v 1.585355 4.214644 -10.300000
v 1.531278 4.267204 -10.335256
v 1.549387 4.253170 -10.328870
v 1.569357 4.252969 -10.335317
v 1.545711 4.239645 -10.300000
v -1.585355 4.214644 -10.300000
v -1.567356 4.309011 -10.350000
v -1.500000 4.250000 -10.300000
v -1.569357 4.252969 -10.335317
v -1.549387 4.253171 -10.328870
v -1.531278 4.267204 -10.335256
v -1.545711 4.239645 -10.300000
v -2.900000 2.850000 -10.300000
v -2.956110 2.921041 -10.350000
v -2.864645 2.935355 -10.300000
v -2.916384 2.883756 -10.335291
v -2.902529 2.900445 -10.328870
v -2.901371 2.921178 -10.335309
v -2.889645 2.895711 -10.300000
v -2.864645 1.314645 -10.300000
v -2.957070 1.367834 -10.350000
v -2.900000 1.400000 -10.300000
v -2.915007 1.353392 -10.335463
v -2.905402 1.360314 -10.328870
v -2.916634 1.384848 -10.335250
v -2.889645 1.354289 -10.300000
v -3.310000 0.140000 -9.550000
v -3.350000 0.140000 -9.590000
v -3.310000 0.100000 -9.590000
v -3.338284 0.140000 -9.561716
v -3.333094 0.116906 -9.566906
v -3.338284 0.111716 -9.590000
v -3.310000 0.111716 -9.561716
v -2.890000 0.140000 -9.550000
v -2.890000 0.100000 -9.590000
v -2.850000 0.140000 -9.590000
v -2.890000 0.111716 -9.561716
v -2.866906 0.116906 -9.566906
v -2.861715 0.111716 -9.590000
v -2.861715 0.140000 -9.561716
v -2.890000 0.140000 -10.450000
v -2.850000 0.140000 -10.410000
v -2.890000 0.100000 -10.410000
v -2.861715 0.140000 -10.438284
v -2.866906 0.116906 -10.433094
v -2.861715 0.111716 -10.410000
v -2.890000 0.111716 -10.438284
v -3.350000 0.140000 -10.410000
v -3.310000 0.140000 -10.450000
v -3.310000 0.100000 -10.410000
v -3.338284 0.140000 -10.438284
v -3.333094 0.116906 -10.433094
v -3.310000 0.111716 -10.438284
v -3.338284 0.111716 -10.410000
v -3.350000 0.960000 -9.590000
v -3.310000 0.960000 -9.550000
v -3.310000 1.000000 -9.590000
v -3.338284 0.960000 -9.561716
v -3.333094 0.983094 -9.566906
v -3.310000 0.988284 -9.561716
v -3.338284 0.988284 -9.590000
v -2.890000 0.960000 -9.550000
v -2.850000 0.960000 -9.590000
v -2.890000 1.000000 -9.590000
v -2.861715 0.960000 -9.561716
v -2.866906 0.983094 -9.566906
v -2.861715 0.988284 -9.590000
v -2.890000 0.988284 -9.561716
v -2.850000 0.960000 -10.410000
v -2.890000 0.960000 -10.450000
v -2.890000 1.000000 -10.410000
v -2.861715 0.960000 -10.438284
v -2.866906 0.983094 -10.433094
v -2.890000 0.988284 -10.438284
v -2.861715 0.988284 -10.410000
v -3.350000 0.960000 -10.410000
v -3.310000 1.000000 -10.410000
v -3.310000 0.960000 -10.450000
v -3.338284 0.988284 -10.410000
v -3.333094 0.983094 -10.433094
v -3.310000 0.988284 -10.438284
v -3.338284 0.960000 -10.438284
v -3.160000 4.240000 -9.600000
v -3.200000 4.240000 -9.640000
v -3.160000 4.200000 -9.640000
v -3.188285 4.240000 -9.611716
v -3.183094 4.216906 -9.616906
v -3.188285 4.211716 -9.640000
v -3.160000 4.211716 -9.611716
v -2.640000 4.240000 -9.600000
v -2.640000 4.200000 -9.640000
v -2.600000 4.240000 -9.640000
v -2.640000 4.211716 -9.611716
v -2.616906 4.216906 -9.616906
v -2.611716 4.211716 -9.640000
v -2.611716 4.240000 -9.611716
v -2.640000 4.240000 -10.400000
v -2.600000 4.240000 -10.360000
v -2.640000 4.200000 -10.360000
v -2.611716 4.240000 -10.388284
v -2.616906 4.216906 -10.383094
v -2.611716 4.211716 -10.360000
v -2.640000 4.211716 -10.388284
v -3.200000 4.240000 -10.360000
v -3.160000 4.240000 -10.400000
v -3.160000 4.200000 -10.360000
v -3.188285 4.240000 -10.388284
v -3.183094 4.216906 -10.383094
v -3.160000 4.211716 -10.388284
v -3.188285 4.211716 -10.360000
v -3.200000 4.660000 -9.640000
v -3.160000 4.660000 -9.600000
v -3.160000 4.700000 -9.640000
v -3.188285 4.660000 -9.611716
v -3.183094 4.683094 -9.616906
v -3.160000 4.688284 -9.611716
v -3.188285 4.688284 -9.640000
v -2.640000 4.660000 -9.600000
v -2.600000 4.660000 -9.640000
v -2.640000 4.700000 -9.640000
v -2.611716 4.660000 -9.611716
v -2.616906 4.683094 -9.616906
v -2.611716 4.688284 -9.640000
v -2.640000 4.688284 -9.611716
v -2.600000 4.660000 -10.360000
v -2.640000 4.660000 -10.400000
v -2.640000 4.700000 -10.360000
v -2.611716 4.660000 -10.388284
v -2.616906 4.683094 -10.383094
v -2.640000 4.688284 -10.388284
v -2.611716 4.688284 -10.360000
v -3.200000 4.660000 -10.360000
v -3.160000 4.700000 -10.360000
v -3.160000 4.660000 -10.400000
v -3.188285 4.688284 -10.360000
v -3.183094 4.683094 -10.383094
v -3.160000 4.688284 -10.388284
v -3.188285 4.660000 -10.388284
v 2.890000 0.140000 -9.550000
v 2.850000 0.140000 -9.590000
v 2.890000 0.100000 -9.590000
v 2.861715 0.140000 -9.561716
v 2.866906 0.116906 -9.566906
v 2.861715 0.111716 -9.590000
v 2.890000 0.111716 -9.561716
v 3.310000 0.140000 -9.550000
v 3.310000 0.100000 -9.590000
v 3.350000 0.140000 -9.590000
v 3.310000 0.111716 -9.561716
v 3.333094 0.116906 -9.566906
v 3.338284 0.111716 -9.590000
v 3.338284 0.140000 -9.561716
v 3.310000 0.140000 -10.450000
v 3.350000 0.140000 -10.410000
v 3.310000 0.100000 -10.410000
v 3.338284 0.140000 -10.438284
v 3.333094 0.116906 -10.433094
v 3.338284 0.111716 -10.410000
v 3.310000 0.111716 -10.438284
v 2.850000 0.140000 -10.410000
v 2.890000 0.140000 -10.450000
v 2.890000 0.100000 -10.410000
v 2.861715 0.140000 -10.438284
v 2.866906 0.116906 -10.433094
v 2.890000 0.111716 -10.438284
v 2.861715 0.111716 -10.410000
v 2.850000 0.960000 -9.590000
v 2.890000 0.960000 -9.550000
v 2.890000 1.000000 -9.590000
v 2.861715 0.960000 -9.561716
v 2.866906 0.983094 -9.566906
v 2.890000 0.988284 -9.561716
v 2.861715 0.988284 -9.590000
v 3.310000 0.960000 -9.550000
v 3.350000 0.960000 -9.590000
v 3.310000 1.000000 -9.590000
v 3.338284 0.960000 -9.561716
v 3.333094 0.983094 -9.566906
v 3.338284 0.988284 -9.590000
v 3.310000 0.988284 -9.561716
v 3.350000 0.960000 -10.410000
v 3.310000 0.960000 -10.450000
v 3.310000 1.000000 -10.410000
v 3.338284 0.960000 -10.438284
v 3.333094 0.983094 -10.433094
v 3.310000 0.988284 -10.438284
v 3.338284 0.988284 -10.410000
v 2.850000 0.960000 -10.410000
v 2.890000 1.000000 -10.410000
v 2.890000 0.960000 -10.450000
v 2.861715 0.988284 -10.410000
v 2.866906 0.983094 -10.433094
v 2.890000 0.988284 -10.438284
v 2.861715 0.960000 -10.438284
v 2.640000 4.240000 -9.600000
v 2.600000 4.240000 -9.640000
v 2.640000 4.200000 -9.640000
v 2.611716 4.240000 -9.611716
v 2.616906 4.216906 -9.616906
v 2.611716 4.211716 -9.640000
v 2.640000 4.211716 -9.611716
v 3.160000 4.240000 -9.600000
v 3.160000 4.200000 -9.640000
v 3.200000 4.240000 -9.640000
v 3.160000 4.211716 -9.611716
v 3.183094 4.216906 -9.616906
v 3.188285 4.211716 -9.640000
v 3.188285 4.240000 -9.611716
v 3.160000 4.240000 -10.400000
v 3.200000 4.240000 -10.360000
v 3.160000 4.200000 -10.360000
v 3.188285 4.240000 -10.388284
v 3.183094 4.216906 -10.383094
v 3.188285 4.211716 -10.360000
v 3.160000 4.211716 -10.388284
v 2.600000 4.240000 -10.360000
v 2.640000 4.240000 -10.400000
v 2.640000 4.200000 -10.360000
v 2.611716 4.240000 -10.388284
v 2.616906 4.216906 -10.383094
v 2.640000 4.211716 -10.388284
v 2.611716 4.211716 -10.360000
v 2.600000 4.660000 -9.640000
v 2.640000 4.660000 -9.600000
v 2.640000 4.700000 -9.640000
v 2.611716 4.660000 -9.611716
v 2.616906 4.683094 -9.616906
v 2.640000 4.688284 -9.611716
v 2.611716 4.688284 -9.640000
v 3.160000 4.660000 -9.600000
v 3.200000 4.660000 -9.640000
v 3.160000 4.700000 -9.640000
v 3.188285 4.660000 -9.611716
v 3.183094 4.683094 -9.616906
v 3.188285 4.688284 -9.640000
v 3.160000 4.688284 -9.611716
v 3.200000 4.660000 -10.360000
v 3.160000 4.660000 -10.400000
v 3.160000 4.700000 -10.360000
v 3.188285 4.660000 -10.388284
v 3.183094 4.683094 -10.383094
v 3.160000 4.688284 -10.388284
v 3.188285 4.688284 -10.360000
v 2.600000 4.660000 -10.360000
v 2.640000 4.700000 -10.360000
v 2.640000 4.660000 -10.400000
v 2.611716 4.688284 -10.360000
v 2.616906 4.683094 -10.383094
v 2.640000 4.688284 -10.388284
v 2.611716 4.660000 -10.388284
v -1.835355 -0.264645 -14.700000
v -1.750000 -0.300000 -14.700000
v -1.781094 -0.277313 -14.650000
v -1.795711 -0.289645 -14.700000
v -1.793173 -0.289329 -14.671131
v -1.770003 -0.293139 -14.664325
v -1.808874 -0.278682 -14.664433
v 1.750000 -0.300000 -14.700000
v 1.835355 -0.264645 -14.700000
v 1.781094 -0.277313 -14.650000
v 1.795711 -0.289645 -14.700000
v 1.793173 -0.289329 -14.671131
v 1.808874 -0.278682 -14.664433
v 1.770004 -0.293139 -14.664326
v 3.664645 1.564645 -14.700000
v 3.700000 1.650000 -14.700000
v 3.642930 1.582166 -14.650000
v 3.689645 1.604289 -14.700000
v 3.681265 1.598051 -14.671131
v 3.683345 1.618016 -14.664722
v 3.657416 1.569286 -14.664321
v 3.700000 3.150000 -14.700000
v 3.664645 3.235355 -14.700000
v 3.643890 3.178959 -14.650000
v 3.689645 3.195711 -14.700000
v 3.682265 3.193137 -14.671131
v 3.661952 3.215525 -14.664716
v 3.683636 3.163747 -14.664738
v 1.835355 5.064644 -14.700000
v 1.750000 5.100000 -14.700000
v 1.782644 5.040988 -14.650000
v 1.795711 5.089644 -14.700000
v 1.793951 5.081653 -14.671131
v 1.765142 5.082821 -14.664776
v 1.817188 5.060511 -14.664708
v -1.750000 5.100000 -14.700000
v -1.835355 5.064644 -14.700000
v -1.782644 5.040988 -14.650000
v -1.795711 5.089644 -14.700000
v -1.793951 5.081654 -14.671131
v -1.817187 5.060511 -14.664709
v -1.765141 5.082821 -14.664776
v -3.664645 3.235355 -14.700000
v -3.700000 3.150000 -14.700000
v -3.643890 3.178959 -14.650000
v -3.689645 3.195711 -14.700000
v -3.682265 3.193137 -14.671131
v -3.683636 3.163747 -14.664738
v -3.661952 3.215525 -14.664715
v -3.700000 1.650000 -14.700000
v -3.664645 1.564645 -14.700000
v -3.642930 1.582166 -14.650000
v -3.689645 1.604289 -14.700000
v -3.681265 1.598051 -14.671131
v -3.657417 1.569286 -14.664322
v -3.683344 1.618016 -14.664721
v -1.835355 -0.264645 -15.300000
v -1.781094 -0.277313 -15.350000
v -1.750000 -0.300000 -15.300000
v -1.808874 -0.278682 -15.335567
v -1.793173 -0.289329 -15.328869
v -1.770004 -0.293139 -15.335674
v -1.795711 -0.289645 -15.300000
v 1.835355 -0.264645 -15.300000
v 1.750000 -0.300000 -15.300000
v 1.781094 -0.277313 -15.350000
v 1.795711 -0.289645 -15.300000
v 1.793173 -0.289329 -15.328869
v 1.770004 -0.293139 -15.335675
v 1.808874 -0.278682 -15.335567
v 3.700000 1.650000 -15.300000
v 3.664645 1.564645 -15.300000
v 3.642930 1.582166 -15.350000
v 3.689645 1.604289 -15.300000
v 3.681265 1.598051 -15.328869
v 3.657417 1.569286 -15.335679
v 3.683344 1.618016 -15.335278
v 3.664645 3.235355 -15.300000
v 3.700000 3.150000 -15.300000
v 3.643890 3.178959 -15.350000
v 3.689645 3.195711 -15.300000
v 3.682265 3.193137 -15.328869
v 3.683636 3.163747 -15.335262
v 3.661952 3.215525 -15.335284
v 1.750000 5.100000 -15.300000
v 1.835355 5.064644 -15.300000
v 1.782644 5.040988 -15.350000
v 1.795711 5.089644 -15.300000
v 1.793951 5.081654 -15.328869
v 1.817187 5.060511 -15.335291
v 1.765142 5.082821 -15.335223
v -1.835355 5.064644 -15.300000
v -1.750000 5.100000 -15.300000
v -1.782644 5.040988 -15.350000
v -1.795711 5.089644 -15.300000
v -1.793951 5.081653 -15.328869
v -1.765141 5.082821 -15.335223
v -1.817187 5.060511 -15.335291
v -3.700000 3.150000 -15.300000
v -3.664645 3.235355 -15.300000
v -3.643890 3.178959 -15.350000
v -3.689645 3.195711 -15.300000
v -3.682265 3.193137 -15.328869
v -3.661952 3.215525 -15.335284
v -3.683636 3.163747 -15.335263
v -3.664645 1.564645 -15.300000
v -3.700000 1.650000 -15.300000
v -3.642930 1.582166 -15.350000
v -3.689645 1.604289 -15.300000
v -3.681265 1.598051 -15.328869
v -3.683345 1.618016 -15.335278
v -3.657416 1.569286 -15.335679
v -1.500000 0.000000 -14.700000
v -1.585355 0.035355 -14.700000
v -1.568905 -0.022687 -14.650000
v -1.545711 0.010355 -14.700000
v -1.551993 0.002793 -14.671131
v -1.569032 0.006606 -14.664447
v -1.544134 -0.006773 -14.664454
v 1.585355 0.035355 -14.700000
v 1.500000 0.000000 -14.700000
v 1.568905 -0.022687 -14.650000
v 1.545711 0.010355 -14.700000
v 1.551993 0.002793 -14.671131
v 1.544134 -0.006773 -14.664454
v 1.569032 0.006606 -14.664447
v 2.900000 1.400000 -14.700000
v 2.864645 1.314645 -14.700000
v 2.957070 1.367834 -14.650000
v 2.889645 1.354289 -14.700000
v 2.905402 1.360314 -14.671131
v 2.915007 1.353392 -14.664538
v 2.916634 1.384848 -14.664750
v 2.864645 2.935355 -14.700000
v 2.900000 2.850000 -14.700000
v 2.956110 2.921041 -14.650000
v 2.889645 2.895711 -14.700000
v 2.902529 2.900445 -14.671131
v 2.916384 2.883756 -14.664710
v 2.901371 2.921178 -14.664691
v 1.500000 4.250000 -14.700000
v 1.585355 4.214644 -14.700000
v 1.567356 4.309011 -14.650000
v 1.545711 4.239645 -14.700000
v 1.549387 4.253171 -14.671131
v 1.569357 4.252969 -14.664682
v 1.531278 4.267204 -14.664744
v -1.585355 4.214644 -14.700000
v -1.500000 4.250000 -14.700000
v -1.567356 4.309011 -14.650000
v -1.545711 4.239645 -14.700000
v -1.549387 4.253171 -14.671131
v -1.531278 4.267204 -14.664744
v -1.569357 4.252969 -14.664683
v -2.900000 2.850000 -14.700000
v -2.864645 2.935355 -14.700000
v -2.956110 2.921041 -14.650000
v -2.889645 2.895711 -14.700000
v -2.902529 2.900445 -14.671131
v -2.901371 2.921178 -14.664691
v -2.916384 2.883756 -14.664709
v -2.864645 1.314645 -14.700000
v -2.900000 1.400000 -14.700000
v -2.957070 1.367834 -14.650000
v -2.889645 1.354289 -14.700000
v -2.905402 1.360314 -14.671131
v -2.916634 1.384848 -14.664750
v -2.915008 1.353392 -14.664538
v -1.585355 0.035355 -15.300000
v -1.500000 0.000000 -15.300000
v -1.568905 -0.022687 -15.350000
v -1.545711 0.010355 -15.300000
v -1.551993 0.002793 -15.328869
v -1.544134 -0.006773 -15.335546
v -1.569032 0.006606 -15.335553
v 1.585355 0.035355 -15.300000
v 1.568905 -0.022687 -15.350000
v 1.500000 0.000000 -15.300000
v 1.569032 0.006606 -15.335552
v 1.551993 0.002793 -15.328869
v 1.544134 -0.006773 -15.335546
v 1.545711 0.010355 -15.300000
v 2.900000 1.400000 -15.300000
v 2.957070 1.367834 -15.350000
v 2.864645 1.314645 -15.300000
v 2.916634 1.384848 -15.335250
v 2.905402 1.360314 -15.328869
v 2.915008 1.353392 -15.335462
v 2.889645 1.354289 -15.300000
v 2.864645 2.935355 -15.300000
v 2.956110 2.921041 -15.350000
v 2.900000 2.850000 -15.300000
v 2.901371 2.921178 -15.335309
v 2.902529 2.900445 -15.328869
v 2.916384 2.883756 -15.335290
v 2.889645 2.895711 -15.300000
v 1.500000 4.250000 -15.300000
v 1.567356 4.309011 -15.350000
v 1.585355 4.214644 -15.300000
v 1.531278 4.267204 -15.335256
v 1.549387 4.253170 -15.328869
v 1.569357 4.252969 -15.335317
v 1.545711 4.239645 -15.300000
v -1.585355 4.214644 -15.300000
v -1.567356 4.309011 -15.350000
v -1.500000 4.250000 -15.300000
v -1.569357 4.252969 -15.335317
v -1.549387 4.253171 -15.328869
v -1.531278 4.267204 -15.335255
v -1.545711 4.239645 -15.300000
v -2.900000 2.850000 -15.300000
v -2.956110 2.921041 -15.350000
v -2.864645 2.935355 -15.300000
v -2.916384 2.883756 -15.335291
v -2.902529 2.900445 -15.328869
v -2.901371 2.921178 -15.335309
v -2.889645 2.895711 -15.300000
v -2.864645 1.314645 -15.300000
v -2.957070 1.367834 -15.350000
v -2.900000 1.400000 -15.300000
v -2.915007 1.353392 -15.335462
v -2.905402 1.360314 -15.328869
v -2.916634 1.384848 -15.335251
v -2.889645 1.354289 -15.300000
v -3.310000 0.140000 -14.550000
v -3.350000 0.140000 -14.590000
v -3.310000 0.100000 -14.590000
v -3.338284 0.140000 -14.561716
v -3.333094 0.116906 -14.566906
v -3.338284 0.111716 -14.590000
v -3.310000 0.111716 -14.561716
v -2.890000 0.140000 -14.550000
v -2.890000 0.100000 -14.590000
v -2.850000 0.140000 -14.590000
v -2.890000 0.111716 -14.561716
v -2.866906 0.116906 -14.566906
v -2.861715 0.111716 -14.590000
v -2.861715 0.140000 -14.561716
v -2.890000 0.140000 -15.450000
v -2.850000 0.140000 -15.410000
v -2.890000 0.100000 -15.410000
v -2.861715 0.140000 -15.438284
v -2.866906 0.116906 -15.433094
v -2.861715 0.111716 -15.410000
v -2.890000 0.111716 -15.438284
v -3.350000 0.140000 -15.410000
v -3.310000 0.140000 -15.450000
v -3.310000 0.100000 -15.410000
v -3.338284 0.140000 -15.438284
v -3.333094 0.116906 -15.433094
v -3.310000 0.111716 -15.438284
v -3.338284 0.111716 -15.410000
v -3.350000 0.960000 -14.590000
v -3.310000 0.960000 -14.550000
v -3.310000 1.000000 -14.590000
v -3.338284 0.960000 -14.561716
v -3.333094 0.983094 -14.566906
v -3.310000 0.988284 -14.561716
v -3.338284 0.988284 -14.590000
v -2.890000 0.960000 -14.550000
v -2.850000 0.960000 -14.590000
v -2.890000 1.000000 -14.590000
v -2.861715 0.960000 -14.561716
v -2.866906 0.983094 -14.566906
v -2.861715 0.988284 -14.590000
v -2.890000 0.988284 -14.561716
v -2.850000 0.960000 -15.410000
v -2.890000 0.960000 -15.450000
v -2.890000 1.000000 -15.410000
v -2.861715 0.960000 -15.438284
v -2.866906 0.983094 -15.433094
v -2.890000 0.988284 -15.438284
v -2.861715 0.988284 -15.410000
v -3.350000 0.960000 -15.410000
v -3.310000 1.000000 -15.410000
v -3.310000 0.960000 -15.450000
v -3.338284 0.988284 -15.410000
v -3.333094 0.983094 -15.433094
v -3.310000 0.988284 -15.438284
v -3.338284 0.960000 -15.438284
v -3.160000 4.240000 -14.600000
v -3.200000 4.240000 -14.640000
v -3.160000 4.200000 -14.640000
v -3.188285 4.240000 -14.611716
v -3.183094 4.216906 -14.616906
v -3.188285 4.211716 -14.640000
v -3.160000 4.211716 -14.611716
v -2.640000 4.240000 -14.600000
v -2.640000 4.200000 -14.640000
v -2.600000 4.240000 -14.640000
v -2.640000 4.211716 -14.611716
v -2.616906 4.216906 -14.616906
v -2.611716 4.211716 -14.640000
v -2.611716 4.240000 -14.611716
v -2.640000 4.240000 -15.400000
v -2.600000 4.240000 -15.360000
v -2.640000 4.200000 -15.360000
v -2.611716 4.240000 -15.388284
v -2.616906 4.216906 -15.383094
v -2.611716 4.211716 -15.360000
v -2.640000 4.211716 -15.388284
v -3.200000 4.240000 -15.360000
v -3.160000 4.240000 -15.400000
v -3.160000 4.200000 -15.360000
v -3.188285 4.240000 -15.388284
v -3.183094 4.216906 -15.383094
v -3.160000 4.211716 -15.388284
v -3.188285 4.211716 -15.360000
v -3.200000 4.660000 -14.640000
v -3.160000 4.660000 -14.600000
v -3.160000 4.700000 -14.640000
v -3.188285 4.660000 -14.611716
v -3.183094 4.683094 -14.616906
v -3.160000 4.688284 -14.611716
v -3.188285 4.688284 -14.640000
v -2.640000 4.660000 -14.600000
v -2.600000 4.660000 -14.640000
v -2.640000 4.700000 -14.640000
v -2.611716 4.660000 -14.611716
v -2.616906 4.683094 -14.616906
v -2.611716 4.688284 -14.640000
v -2.640000 4.688284 -14.611716
v -2.600000 4.660000 -15.360000
v -2.640000 4.660000 -15.400000
v -2.640000 4.700000 -15.360000
v -2.611716 4.660000 -15.388284
v -2.616906 4.683094 -15.383094
v -2.640000 4.688284 -15.388284
v -2.611716 4.688284 -15.360000
v -3.200000 4.660000 -15.360000
v -3.160000 4.700000 -15.360000
v -3.160000 4.660000 -15.400000
v -3.188285 4.688284 -15.360000
v -3.183094 4.683094 -15.383094
v -3.160000 4.688284 -15.388284
v -3.188285 4.660000 -15.388284
v 2.890000 0.140000 -14.550000
v 2.850000 0.140000 -14.590000
v 2.890000 0.100000 -14.590000
v 2.861715 0.140000 -14.561716
v 2.866906 0.116906 -14.566906
v 2.861715 0.111716 -14.590000
v 2.890000 0.111716 -14.561716
v 3.310000 0.140000 -14.550000
v 3.310000 0.100000 -14.590000
v 3.350000 0.140000 -14.590000
v 3.310000 0.111716 -14.561716
v 3.333094 0.116906 -14.566906
v 3.338284 0.111716 -14.590000
v 3.338284 0.140000 -14.561716
v 3.310000 0.140000 -15.450000
v 3.350000 0.140000 -15.410000
v 3.310000 0.100000 -15.410000
v 3.338284 0.140000 -15.438284
v 3.333094 0.116906 -15.433094
v 3.338284 0.111716 -15.410000
v 3.310000 0.111716 -15.438284
v 2.850000 0.140000 -15.410000
v 2.890000 0.140000 -15.450000
v 2.890000 0.100000 -15.410000
v 2.861715 0.140000 -15.438284
v 2.866906 0.116906 -15.433094
v 2.890000 0.111716 -15.438284
v 2.861715 0.111716 -15.410000
v 2.850000 0.960000 -14.590000
v 2.890000 0.960000 -14.550000
v 2.890000 1.000000 -14.590000
v 2.861715 0.960000 -14.561716
v 2.866906 0.983094 -14.566906
v 2.890000 0.988284 -14.561716
v 2.861715 0.988284 -14.590000
v 3.310000 0.960000 -14.550000
v 3.350000 0.960000 -14.590000
v 3.310000 1.000000 -14.590000
v 3.338284 0.960000 -14.561716
v 3.333094 0.983094 -14.566906
v 3.338284 0.988284 -14.590000
v 3.310000 0.988284 -14.561716
v 3.350000 0.960000 -15.410000
v 3.310000 0.960000 -15.450000
v 3.310000 1.000000 -15.410000
v 3.338284 0.960000 -15.438284
v 3.333094 0.983094 -15.433094
v 3.310000 0.988284 -15.438284
v 3.338284 0.988284 -15.410000
v 2.850000 0.960000 -15.410000
v 2.890000 1.000000 -15.410000
v 2.890000 0.960000 -15.450000
v 2.861715 0.988284 -15.410000
v 2.866906 0.983094 -15.433094
v 2.890000 0.988284 -15.438284
v 2.861715 0.960000 -15.438284
v 2.640000 4.240000 -14.600000
v 2.600000 4.240000 -14.640000
v 2.640000 4.200000 -14.640000
v 2.611716 4.240000 -14.611716
v 2.616906 4.216906 -14.616906
v 2.611716 4.211716 -14.640000
v 2.640000 4.211716 -14.611716
v 3.160000 4.240000 -14.600000
v 3.160000 4.200000 -14.640000
v 3.200000 4.240000 -14.640000
v 3.160000 4.211716 -14.611716
v 3.183094 4.216906 -14.616906
v 3.188285 4.211716 -14.640000
v 3.188285 4.240000 -14.611716
v 3.160000 4.240000 -15.400000
v 3.200000 4.240000 -15.360000
v 3.160000 4.200000 -15.360000
v 3.188285 4.240000 -15.388284
v 3.183094 4.216906 -15.383094
v 3.188285 4.211716 -15.360000
v 3.160000 4.211716 -15.388284
v 2.600000 4.240000 -15.360000
v 2.640000 4.240000 -15.400000
v 2.640000 4.200000 -15.360000
v 2.611716 4.240000 -15.388284
v 2.616906 4.216906 -15.383094
v 2.640000 4.211716 -15.388284
v 2.611716 4.211716 -15.360000
v 2.600000 4.660000 -14.640000
v 2.640000 4.660000 -14.600000
v 2.640000 4.700000 -14.640000
v 2.611716 4.660000 -14.611716
v 2.616906 4.683094 -14.616906
v 2.640000 4.688284 -14.611716
v 2.611716 4.688284 -14.640000
v 3.160000 4.660000 -14.600000
v 3.200000 4.660000 -14.640000
v 3.160000 4.700000 -14.640000
v 3.188285 4.660000 -14.611716
v 3.183094 4.683094 -14.616906
v 3.188285 4.688284 -14.640000
v 3.160000 4.688284 -14.611716
v 3.200000 4.660000 -15.360000
v 3.160000 4.660000 -15.400000
v 3.160000 4.700000 -15.360000
v 3.188285 4.660000 -15.388284
v 3.183094 4.683094 -15.383094
v 3.160000 4.688284 -15.388284
v 3.188285 4.688284 -15.360000
v 2.600000 4.660000 -15.360000
v 2.640000 4.700000 -15.360000
v 2.640000 4.660000 -15.400000
v 2.611716 4.688284 -15.360000
v 2.616906 4.683094 -15.383094
v 2.640000 4.688284 -15.388284
v 2.611716 4.660000 -15.388284
v -1.835355 -0.264645 -19.699999
v -1.750000 -0.300000 -19.699999
v -1.781094 -0.277313 -19.650000
v -1.795711 -0.289645 -19.699999
v -1.793173 -0.289329 -19.671131
v -1.770003 -0.293139 -19.664326
v -1.808875 -0.278682 -19.664434
v 1.750000 -0.300000 -19.699999
v 1.835355 -0.264645 -19.699999
v 1.781094 -0.277313 -19.650000
v 1.795711 -0.289645 -19.699999
v 1.793173 -0.289329 -19.671131
v 1.808875 -0.278682 -19.664434
v 1.770002 -0.293139 -19.664328
v 3.664645 1.564645 -19.699999
v 3.700000 1.650000 -19.699999
v 3.642930 1.582166 -19.650000
v 3.689645 1.604289 -19.699999
v 3.681265 1.598051 -19.671131
v 3.683345 1.618018 -19.664722
v 3.657416 1.569286 -19.664322
v 3.700000 3.150000 -19.699999
v 3.664645 3.235355 -19.699999
v 3.643890 3.178959 -19.650000
v 3.689645 3.195711 -19.699999
v 3.682265 3.193137 -19.671131
v 3.661952 3.215526 -19.664715
v 3.683636 3.163746 -19.664738
v 1.835355 5.064644 -19.699999
v 1.750000 5.100000 -19.699999
v 1.782644 5.040988 -19.650000
v 1.795711 5.089644 -19.699999
v 1.793951 5.081653 -19.671131
v 1.765141 5.082821 -19.664778
v 1.817188 5.060511 -19.664709
v -1.750000 5.100000 -19.699999
v -1.835355 5.064644 -19.699999
v -1.782644 5.040988 -19.650000
v -1.795711 5.089644 -19.699999
v -1.793951 5.081654 -19.671131
v -1.817188 5.060511 -19.664709
v -1.765141 5.082821 -19.664778
v -3.664645 3.235355 -19.699999
v -3.700000 3.150000 -19.699999
v -3.643890 3.178959 -19.650000
v -3.689645 3.195711 -19.699999
v -3.682265 3.193137 -19.671131
v -3.683636 3.163747 -19.664740
v -3.661952 3.215526 -19.664715
v -3.700000 1.650000 -19.699999
v -3.664645 1.564645 -19.699999
v -3.642930 1.582166 -19.650000
v -3.689645 1.604289 -19.699999
v -3.681265 1.598051 -19.671131
v -3.657417 1.569286 -19.664322
v -3.683345 1.618018 -19.664722
v -1.835355 -0.264645 -20.300001
v -1.781094 -0.277313 -20.350000
v -1.750000 -0.300000 -20.300001
v -1.808875 -0.278682 -20.335566
v -1.793173 -0.289329 -20.328871
v -1.770002 -0.293139 -20.335672
v -1.795711 -0.289645 -20.300001
v 1.835355 -0.264645 -20.300001
v 1.750000 -0.300000 -20.300001
v 1.781094 -0.277313 -20.350000
v 1.795711 -0.289645 -20.300001
v 1.793173 -0.289329 -20.328871
v 1.770003 -0.293139 -20.335674
v 1.808875 -0.278682 -20.335566
v 3.700000 1.650000 -20.300001
v 3.664645 1.564645 -20.300001
v 3.642930 1.582166 -20.350000
v 3.689645 1.604289 -20.300001
v 3.681265 1.598051 -20.328871
v 3.657417 1.569286 -20.335678
v 3.683345 1.618018 -20.335276
v 3.664645 3.235355 -20.300001
v 3.700000 3.150000 -20.300001
v 3.643890 3.178959 -20.350000
v 3.689645 3.195711 -20.300001
v 3.682265 3.193137 -20.328871
v 3.683636 3.163746 -20.335262
v 3.661952 3.215526 -20.335283
v 1.750000 5.100000 -20.300001
v 1.835355 5.064644 -20.300001
v 1.782644 5.040988 -20.350000
v 1.795711 5.089644 -20.300001
v 1.793951 5.081654 -20.328871
v 1.817187 5.060511 -20.335291
v 1.765141 5.082821 -20.335222
v -1.835355 5.064644 -20.300001
v -1.750000 5.100000 -20.300001
v -1.782644 5.040988 -20.350000
v -1.795711 5.089644 -20.300001
v -1.793951 5.081653 -20.328871
v -1.765141 5.082821 -20.335222
v -1.817187 5.060511 -20.335291
v -3.700000 3.150000 -20.300001
v -3.664645 3.235355 -20.300001
v -3.643890 3.178959 -20.350000
v -3.689645 3.195711 -20.300001
v -3.682265 3.193137 -20.328871
v -3.661952 3.215525 -20.335283
v -3.683636 3.163747 -20.335262
v -3.664645 1.564645 -20.300001
v -3.700000 1.650000 -20.300001
v -3.642930 1.582166 -20.350000
v -3.689645 1.604289 -20.300001
v -3.681265 1.598051 -20.328871
v -3.683345 1.618018 -20.335276
v -3.657416 1.569286 -20.335678
v -1.500000 0.000000 -19.699999
v -1.585355 0.035355 -19.699999
v -1.568905 -0.022687 -19.650000
v -1.545711 0.010355 -19.699999
v -1.551993 0.002793 -19.671131
v -1.569032 0.006606 -19.664448
v -1.544132 -0.006773 -19.664455
v 1.585355 0.035355 -19.699999
v 1.500000 0.000000 -19.699999
v 1.568905 -0.022687 -19.650000
v 1.545711 0.010355 -19.699999
v 1.551993 0.002793 -19.671131
v 1.544132 -0.006773 -19.664455
v 1.569032 0.006606 -19.664448
v 2.900000 1.400000 -19.699999
v 2.864645 1.314645 -19.699999
v 2.957070 1.367834 -19.650000
v 2.889645 1.354289 -19.699999
v 2.905402 1.360314 -19.671131
v 2.915006 1.353391 -19.664541
v 2.916634 1.384849 -19.664749
v 2.864645 2.935355 -19.699999
v 2.900000 2.850000 -19.699999
v 2.956110 2.921041 -19.650000
v 2.889645 2.895711 -19.699999
v 2.902529 2.900445 -19.671131
v 2.916385 2.883754 -19.664711
v 2.901370 2.921179 -19.664692
v 1.500000 4.250000 -19.699999
v 1.585355 4.214644 -19.699999
v 1.567356 4.309011 -19.650000
v 1.545711 4.239645 -19.699999
v 1.549387 4.253170 -19.671131
v 1.569358 4.252968 -19.664684
v 1.531278 4.267204 -19.664745
v -1.585355 4.214644 -19.699999
v -1.500000 4.250000 -19.699999
v -1.567356 4.309011 -19.650000
v -1.545711 4.239645 -19.699999
v -1.549387 4.253171 -19.671131
v -1.531277 4.267204 -19.664745
v -1.569358 4.252969 -19.664682
v -2.900000 2.850000 -19.699999
v -2.864645 2.935355 -19.699999
v -2.956110 2.921041 -19.650000
v -2.889645 2.895711 -19.699999
v -2.902529 2.900444 -19.671131
v -2.901370 2.921179 -19.664692
v -2.916384 2.883754 -19.664711
v -2.864645 1.314645 -19.699999
v -2.900000 1.400000 -19.699999
v -2.957070 1.367834 -19.650000
v -2.889645 1.354289 -19.699999
v -2.905402 1.360314 -19.671131
v -2.916634 1.384849 -19.664751
v -2.915006 1.353391 -19.664539
v -1.585355 0.035355 -20.300001
v -1.500000 0.000000 -20.300001
v -1.568905 -0.022687 -20.350000
v -1.545711 0.010355 -20.300001
v -1.551993 0.002793 -20.328871
v -1.544132 -0.006773 -20.335545
v -1.569032 0.006606 -20.335552
v 1.585355 0.035355 -20.300001
v 1.568905 -0.022687 -20.350000
v 1.500000 0.000000 -20.300001
v 1.569032 0.006606 -20.335552
v 1.551993 0.002793 -20.328871
v 1.544132 -0.006773 -20.335545
v 1.545711 0.010355 -20.300001
v 2.900000 1.400000 -20.300001
v 2.957070 1.367834 -20.350000
v 2.864645 1.314645 -20.300001
v 2.916634 1.384849 -20.335251
v 2.905402 1.360314 -20.328871
v 2.915006 1.353391 -20.335461
v 2.889645 1.354289 -20.300001
v 2.864645 2.935355 -20.300001
v 2.956110 2.921041 -20.350000
v 2.900000 2.850000 -20.300001
v 2.901370 2.921179 -20.335308
v 2.902529 2.900445 -20.328871
v 2.916384 2.883754 -20.335289
v 2.889645 2.895711 -20.300001
v 1.500000 4.250000 -20.300001
v 1.567356 4.309011 -20.350000
v 1.585355 4.214644 -20.300001
v 1.531277 4.267204 -20.335255
v 1.549387 4.253170 -20.328871
v 1.569358 4.252969 -20.335316
v 1.545711 4.239645 -20.300001
v -1.585355 4.214644 -20.300001
v -1.567356 4.309011 -20.350000
v -1.500000 4.250000 -20.300001
v -1.569358 4.252968 -20.335316
v -1.549387 4.253170 -20.328871
v -1.531277 4.267204 -20.335257
v -1.545711 4.239645 -20.300001
v -2.900000 2.850000 -20.300001
v -2.956110 2.921041 -20.350000
v -2.864645 2.935355 -20.300001
v -2.916385 2.883754 -20.335291
v -2.902529 2.900444 -20.328871
v -2.901370 2.921179 -20.335308
v -2.889645 2.895711 -20.300001
v -2.864645 1.314645 -20.300001
v -2.957070 1.367834 -20.350000
v -2.900000 1.400000 -20.300001
v -2.915006 1.353391 -20.335461
v -2.905402 1.360314 -20.328871
v -2.916635 1.384849 -20.335251
v -2.889645 1.354289 -20.300001
v -3.310000 0.140000 -19.549999
v -3.350000 0.140000 -19.590000
v -3.310000 0.100000 -19.590000
v -3.338284 0.140000 -19.561716
v -3.333094 0.116906 -19.566906
v -3.338284 0.111716 -19.590000
v -3.310000 0.111716 -19.561716
v -2.890000 0.140000 -19.549999
v -2.890000 0.100000 -19.590000
v -2.850000 0.140000 -19.590000
v -2.890000 0.111716 -19.561716
v -2.866906 0.116906 -19.566906
v -2.861715 0.111716 -19.590000
v -2.861715 0.140000 -19.561716
v -2.890000 0.140000 -20.450001
v -2.850000 0.140000 -20.410000
v -2.890000 0.100000 -20.410000
v -2.861715 0.140000 -20.438284
v -2.866906 0.116906 -20.433094
v -2.861715 0.111716 -20.410000
v -2.890000 0.111716 -20.438284
v -3.350000 0.140000 -20.410000
v -3.310000 0.140000 -20.450001
v -3.310000 0.100000 -20.410000
v -3.338284 0.140000 -20.438284
v -3.333094 0.116906 -20.433094
v -3.310000 0.111716 -20.438284
v -3.338284 0.111716 -20.410000
v -3.350000 0.960000 -19.590000
v -3.310000 0.960000 -19.549999
v -3.310000 1.000000 -19.590000
v -3.338284 0.960000 -19.561716
v -3.333094 0.983094 -19.566906
v -3.310000 0.988284 -19.561716
v -3.338284 0.988284 -19.590000
v -2.890000 0.960000 -19.549999
v -2.850000 0.960000 -19.590000
v -2.890000 1.000000 -19.590000
v -2.861715 0.960000 -19.561716
v -2.866906 0.983094 -19.566906
v -2.861715 0.988284 -19.590000
v -2.890000 0.988284 -19.561716
v -2.850000 0.960000 -20.410000
v -2.890000 0.960000 -20.450001
v -2.890000 1.000000 -20.410000
v -2.861715 0.960000 -20.438284
v -2.866906 0.983094 -20.433094
v -2.890000 0.988284 -20.438284
v -2.861715 0.988284 -20.410000
v -3.350000 0.960000 -20.410000
v -3.310000 1.000000 -20.410000
v -3.310000 0.960000 -20.450001
v -3.338284 0.988284 -20.410000
v -3.333094 0.983094 -20.433094
v -3.310000 0.988284 -20.438284
v -3.338284 0.960000 -20.438284
v -3.160000 4.240000 -19.600000
v -3.200000 4.240000 -19.640001
v -3.160000 4.200000 -19.640001
v -3.188285 4.240000 -19.611719
v -3.183094 4.216906 -19.616909
v -3.188285 4.211716 -19.640003
v -3.160000 4.211716 -19.611719
v -2.640000 4.240000 -19.600000
v -2.640000 4.200000 -19.640001
v -2.600000 4.240000 -19.640001
v -2.640000 4.211716 -19.611719
v -2.616906 4.216906 -19.616909
v -2.611716 4.211716 -19.640003
v -2.611716 4.240000 -19.611719
v -2.640000 4.240000 -20.400000
v -2.600000 4.240000 -20.359999
v -2.640000 4.200000 -20.359999
v -2.611716 4.240000 -20.388281
v -2.616906 4.216906 -20.383091
v -2.611716 4.211716 -20.359997
v -2.640000 4.211716 -20.388281
v -3.200000 4.240000 -20.359999
v -3.160000 4.240000 -20.400000
v -3.160000 4.200000 -20.359999
v -3.188285 4.240000 -20.388281
v -3.183094 4.216906 -20.383091
v -3.160000 4.211716 -20.388281
v -3.188285 4.211716 -20.359997
v -3.200000 4.660000 -19.640001
v -3.160000 4.660000 -19.600000
v -3.160000 4.700000 -19.640001
v -3.188285 4.660000 -19.611719
v -3.183094 4.683094 -19.616909
v -3.160000 4.688284 -19.611719
v -3.188285 4.688284 -19.640003
v -2.640000 4.660000 -19.600000
v -2.600000 4.660000 -19.640001
v -2.640000 4.700000 -19.640001
v -2.611716 4.660000 -19.611719
v -2.616906 4.683094 -19.616909
v -2.611716 4.688284 -19.640003
v -2.640000 4.688284 -19.611719
v -2.600000 4.660000 -20.359999
v -2.640000 4.660000 -20.400000
v -2.640000 4.700000 -20.359999
v -2.611716 4.660000 -20.388281
v -2.616906 4.683094 -20.383091
v -2.640000 4.688284 -20.388281
v -2.611716 4.688284 -20.359997
v -3.200000 4.660000 -20.359999
v -3.160000 4.700000 -20.359999
v -3.160000 4.660000 -20.400000
v -3.188285 4.688284 -20.359997
v -3.183094 4.683094 -20.383091
v -3.160000 4.688284 -20.388281
v -3.188285 4.660000 -20.388281
v 2.890000 0.140000 -19.549999
v 2.850000 0.140000 -19.590000
v 2.890000 0.100000 -19.590000
v 2.861715 0.140000 -19.561716
v 2.866906 0.116906 -19.566906
v 2.861715 0.111716 -19.590000
v 2.890000 0.111716 -19.561716
v 3.310000 0.140000 -19.549999
v 3.310000 0.100000 -19.590000
v 3.350000 0.140000 -19.590000
v 3.310000 0.111716 -19.561716
v 3.333094 0.116906 -19.566906
v 3.338284 0.111716 -19.590000
v 3.338284 0.140000 -19.561716
v 3.310000 0.140000 -20.450001
v 3.350000 0.140000 -20.410000
v 3.310000 0.100000 -20.410000
v 3.338284 0.140000 -20.438284
v 3.333094 0.116906 -20.433094
v 3.338284 0.111716 -20.410000
v 3.310000 0.111716 -20.438284
v 2.850000 0.140000 -20.410000
v 2.890000 0.140000 -20.450001
v 2.890000 0.100000 -20.410000
v 2.861715 0.140000 -20.438284
v 2.866906 0.116906 -20.433094
v 2.890000 0.111716 -20.438284
v 2.861715 0.111716 -20.410000
v 2.850000 0.960000 -19.590000
v 2.890000 0.960000 -19.549999
v 2.890000 1.000000 -19.590000
v 2.861715 0.960000 -19.561716
v 2.866906 0.983094 -19.566906
v 2.890000 0.988284 -19.561716
v 2.861715 0.988284 -19.590000
v 3.310000 0.960000 -19.549999
v 3.350000 0.960000 -19.590000
v 3.310000 1.000000 -19.590000
v 3.338284 0.960000 -19.561716
v 3.333094 0.983094 -19.566906
v 3.338284 0.988284 -19.590000
v 3.310000 0.988284 -19.561716
v 3.350000 0.960000 -20.410000
v 3.310000 0.960000 -20.450001
v 3.310000 1.000000 -20.410000
v 3.338284 0.960000 -20.438284
v 3.333094 0.983094 -20.433094
v 3.310000 0.988284 -20.438284
v 3.338284 0.988284 -20.410000
v 2.850000 0.960000 -20.410000
v 2.890000 1.000000 -20.410000
v 2.890000 0.960000 -20.450001
v 2.861715 0.988284 -20.410000
v 2.866906 0.983094 -20.433094
v 2.890000 0.988284 -20.438284
v 2.861715 0.960000 -20.438284
v 2.640000 4.240000 -19.600000
v 2.600000 4.240000 -19.640001
v 2.640000 4.200000 -19.640001
v 2.611716 4.240000 -19.611719
v 2.616906 4.216906 -19.616909
v 2.611716 4.211716 -19.640003
v 2.640000 4.211716 -19.611719
v 3.160000 4.240000 -19.600000
v 3.160000 4.200000 -19.640001
v 3.200000 4.240000 -19.640001
v 3.160000 4.211716 -19.611719
v 3.183094 4.216906 -19.616909
v 3.188285 4.211716 -19.640003
v 3.188285 4.240000 -19.611719
v 3.160000 4.240000 -20.400000
v 3.200000 4.240000 -20.359999
v 3.160000 4.200000 -20.359999
v 3.188285 4.240000 -20.388281
v 3.183094 4.216906 -20.383091
v 3.188285 4.211716 -20.359997
v 3.160000 4.211716 -20.388281
v 2.600000 4.240000 -20.359999
v 2.640000 4.240000 -20.400000
v 2.640000 4.200000 -20.359999
v 2.611716 4.240000 -20.388281
v 2.616906 4.216906 -20.383091
v 2.640000 4.211716 -20.388281
v 2.611716 4.211716 -20.359997
v 2.600000 4.660000 -19.640001
v 2.640000 4.660000 -19.600000
v 2.640000 4.700000 -19.640001
v 2.611716 4.660000 -19.611719
v 2.616906 4.683094 -19.616909
v 2.640000 4.688284 -19.611719
v 2.611716 4.688284 -19.640003
v 3.160000 4.660000 -19.600000
v 3.200000 4.660000 -19.640001
v 3.160000 4.700000 -19.640001
v 3.188285 4.660000 -19.611719
v 3.183094 4.683094 -19.616909
v 3.188285 4.688284 -19.640003
v 3.160000 4.688284 -19.611719
v 3.200000 4.660000 -20.359999
v 3.160000 4.660000 -20.400000
v 3.160000 4.700000 -20.359999
v 3.188285 4.660000 -20.388281
v 3.183094 4.683094 -20.383091
v 3.160000 4.688284 -20.388281
v 3.188285 4.688284 -20.359997
v 2.600000 4.660000 -20.359999
v 2.640000 4.700000 -20.359999
v 2.640000 4.660000 -20.400000
v 2.611716 4.688284 -20.359997
v 2.616906 4.683094 -20.383091
v 2.640000 4.688284 -20.388281
v 2.611716 4.660000 -20.388281
v -1.835355 -0.264645 -24.699999
v -1.750000 -0.300000 -24.699999
v -1.781094 -0.277313 -24.650000
v -1.795711 -0.289645 -24.699999
v -1.793173 -0.289329 -24.671131
v -1.770003 -0.293139 -24.664326
v -1.808875 -0.278682 -24.664434
v 1.750000 -0.300000 -24.699999
v 1.835355 -0.264645 -24.699999
v 1.781094 -0.277313 -24.650000
v 1.795711 -0.289645 -24.699999
v 1.793173 -0.289329 -24.671131
v 1.808875 -0.278682 -24.664434
v 1.770002 -0.293139 -24.664326
v 3.664645 1.564645 -24.699999
v 3.700000 1.650000 -24.699999
v 3.642930 1.582166 -24.650000
v 3.689645 1.604289 -24.699999
v 3.681265 1.598051 -24.671131
v 3.683345 1.618018 -24.664724
v 3.657416 1.569286 -24.664322
v 3.700000 3.150000 -24.699999
v 3.664645 3.235355 -24.699999
v 3.643890 3.178959 -24.650000
v 3.689645 3.195711 -24.699999
v 3.682265 3.193137 -24.671131
v 3.661952 3.215526 -24.664717
v 3.683636 3.163746 -24.664738
v 1.835355 5.064644 -24.699999
v 1.750000 5.100000 -24.699999
v 1.782644 5.040988 -24.650000
v 1.795711 5.089644 -24.699999
v 1.793951 5.081653 -24.671131
v 1.765141 5.082821 -24.664776
v 1.817188 5.060511 -24.664709
v -1.750000 5.100000 -24.699999
v -1.835355 5.064644 -24.699999
v -1.782644 5.040988 -24.650000
v -1.795711 5.089644 -24.699999
v -1.793951 5.081654 -24.671131
v -1.817188 5.060511 -24.664711
v -1.765141 5.082821 -24.664776
v -3.664645 3.235355 -24.699999
v -3.700000 3.150000 -24.699999
v -3.643890 3.178959 -24.650000
v -3.689645 3.195711 -24.699999
v -3.682265 3.193137 -24.671131
v -3.683636 3.163747 -24.664738
v -3.661952 3.215526 -24.664717
v -3.700000 1.650000 -24.699999
v -3.664645 1.564645 -24.699999
v -3.642930 1.582166 -24.650000
v -3.689645 1.604289 -24.699999
v -3.681265 1.598051 -24.671131
v -3.657417 1.569286 -24.664324
v -3.683345 1.618018 -24.664724
v -1.835355 -0.264645 -25.300001
v -1.781094 -0.277313 -25.350000
v -1.750000 -0.300000 -25.300001
v -1.808875 -0.278682 -25.335566
v -1.793173 -0.289329 -25.328869
v -1.770002 -0.293139 -25.335674
v -1.795711 -0.289645 -25.300001
v 1.835355 -0.264645 -25.300001
v 1.750000 -0.300000 -25.300001
v 1.781094 -0.277313 -25.350000
v 1.795711 -0.289645 -25.300001
v 1.793173 -0.289329 -25.328869
v 1.770003 -0.293139 -25.335672
v 1.808875 -0.278682 -25.335566
v 3.700000 1.650000 -25.300001
v 3.664645 1.564645 -25.300001
v 3.642930 1.582166 -25.350000
v 3.689645 1.604289 -25.300001
v 3.681265 1.598051 -25.328869
v 3.657417 1.569286 -25.335678
v 3.683345 1.618018 -25.335276
v 3.664645 3.235355 -25.300001
v 3.700000 3.150000 -25.300001
v 3.643890 3.178959 -25.350000
v 3.689645 3.195711 -25.300001
v 3.682265 3.193137 -25.328869
v 3.683636 3.163746 -25.335260
v 3.661952 3.215526 -25.335283
v 1.750000 5.100000 -25.300001
v 1.835355 5.064644 -25.300001
v 1.782644 5.040988 -25.350000
v 1.795711 5.089644 -25.300001
v 1.793951 5.081654 -25.328869
v 1.817187 5.060511 -25.335291
v 1.765141 5.082821 -25.335222
v -1.835355 5.064644 -25.300001
v -1.750000 5.100000 -25.300001
v -1.782644 5.040988 -25.350000
v -1.795711 5.089644 -25.300001
v -1.793951 5.081653 -25.328869
v -1.765141 5.082821 -25.335222
v -1.817187 5.060511 -25.335291
v -3.700000 3.150000 -25.300001
v -3.664645 3.235355 -25.300001
v -3.643890 3.178959 -25.350000
v -3.689645 3.195711 -25.300001
v -3.682265 3.193137 -25.328869
v -3.661952 3.215525 -25.335283
v -3.683636 3.163747 -25.335264
v -3.664645 1.564645 -25.300001
v -3.700000 1.650000 -25.300001
v -3.642930 1.582166 -25.350000
v -3.689645 1.604289 -25.300001
v -3.681265 1.598051 -25.328869
v -3.683345 1.618018 -25.335276
v -3.657416 1.569286 -25.335678
v -1.500000 0.000000 -24.699999
v -1.585355 0.035355 -24.699999
v -1.568905 -0.022687 -24.650000
v -1.545711 0.010355 -24.699999
v -1.551993 0.002793 -24.671131
v -1.569032 0.006606 -24.664446
v -1.544132 -0.006773 -24.664455
v 1.585355 0.035355 -24.699999
v 1.500000 0.000000 -24.699999
v 1.568905 -0.022687 -24.650000
v 1.545711 0.010355 -24.699999
v 1.551993 0.002793 -24.671131
v 1.544132 -0.006773 -24.664455
v 1.569032 0.006606 -24.664448
v 2.900000 1.400000 -24.699999
v 2.864645 1.314645 -24.699999
v 2.957070 1.367834 -24.650000
v 2.889645 1.354289 -24.699999
v 2.905402 1.360314 -24.671131
v 2.915006 1.353391 -24.664541
v 2.916634 1.384849 -24.664749
v 2.864645 2.935355 -24.699999
v 2.900000 2.850000 -24.699999
v 2.956110 2.921041 -24.650000
v 2.889645 2.895711 -24.699999
v 2.902529 2.900445 -24.671131
v 2.916385 2.883754 -24.664711
v 2.901370 2.921179 -24.664692
v 1.500000 4.250000 -24.699999
v 1.585355 4.214644 -24.699999
v 1.567356 4.309011 -24.650000
v 1.545711 4.239645 -24.699999
v 1.549387 4.253170 -24.671131
v 1.569358 4.252968 -24.664684
v 1.531278 4.267204 -24.664745
v -1.585355 4.214644 -24.699999
v -1.500000 4.250000 -24.699999
v -1.567356 4.309011 -24.650000
v -1.545711 4.239645 -24.699999
v -1.549387 4.253171 -24.671131
v -1.531277 4.267204 -24.664743
v -1.569358 4.252969 -24.664684
v -2.900000 2.850000 -24.699999
v -2.864645 2.935355 -24.699999
v -2.956110 2.921041 -24.650000
v -2.889645 2.895711 -24.699999
v -2.902529 2.900444 -24.671131
v -2.901370 2.921179 -24.664692
v -2.916384 2.883754 -24.664709
v -2.864645 1.314645 -24.699999
v -2.900000 1.400000 -24.699999
v -2.957070 1.367834 -24.650000
v -2.889645 1.354289 -24.699999
v -2.905402 1.360314 -24.671131
v -2.916634 1.384849 -24.664751
v -2.915006 1.353391 -24.664539
v -1.585355 0.035355 -25.300001
v -1.500000 0.000000 -25.300001
v -1.568905 -0.022687 -25.350000
v -1.545711 0.010355 -25.300001
v -1.551993 0.002793 -25.328869
v -1.544132 -0.006773 -25.335545
v -1.569032 0.006606 -25.335552
v 1.585355 0.035355 -25.300001
v 1.568905 -0.022687 -25.350000
v 1.500000 0.000000 -25.300001
v 1.569032 0.006606 -25.335552
v 1.551993 0.002793 -25.328869
v 1.544132 -0.006773 -25.335545
v 1.545711 0.010355 -25.300001
v 2.900000 1.400000 -25.300001
v 2.957070 1.367834 -25.350000
v 2.864645 1.314645 -25.300001
v 2.916634 1.384849 -25.335249
v 2.905402 1.360314 -25.328869
v 2.915006 1.353391 -25.335461
v 2.889645 1.354289 -25.300001
v 2.864645 2.935355 -25.300001
v 2.956110 2.921041 -25.350000
v 2.900000 2.850000 -25.300001
v 2.901370 2.921179 -25.335308
v 2.902529 2.900445 -25.328869
v 2.916384 2.883754 -25.335289
v 2.889645 2.895711 -25.300001
v 1.500000 4.250000 -25.300001
v 1.567356 4.309011 -25.350000
v 1.585355 4.214644 -25.300001
v 1.531277 4.267204 -25.335255
v 1.549387 4.253170 -25.328869
v 1.569358 4.252969 -25.335316
v 1.545711 4.239645 -25.300001
v -1.585355 4.214644 -25.300001
v -1.567356 4.309011 -25.350000
v -1.500000 4.250000 -25.300001
v -1.569358 4.252968 -25.335316
v -1.549387 4.253170 -25.328869
v -1.531277 4.267204 -25.335255
v -1.545711 4.239645 -25.300001
v -2.900000 2.850000 -25.300001
v -2.956110 2.921041 -25.350000
v -2.864645 2.935355 -25.300001
v -2.916385 2.883754 -25.335289
v -2.902529 2.900444 -25.328869
v -2.901370 2.921179 -25.335308
v -2.889645 2.895711 -25.300001
v -2.864645 1.314645 -25.300001
v -2.957070 1.367834 -25.350000
v -2.900000 1.400000 -25.300001
v -2.915006 1.353391 -25.335461
v -2.905402 1.360314 -25.328869
v -2.916635 1.384849 -25.335251
v -2.889645 1.354289 -25.300001
v -3.310000 0.140000 -24.549999
v -3.350000 0.140000 -24.590000
v -3.310000 0.100000 -24.590000
v -3.338284 0.140000 -24.561714
v -3.333094 0.116906 -24.566904
v -3.338284 0.111716 -24.589998
v -3.310000 0.111716 -24.561714
v -2.890000 0.140000 -24.549999
v -2.890000 0.100000 -24.590000
v -2.850000 0.140000 -24.590000
v -2.890000 0.111716 -24.561714
v -2.866906 0.116906 -24.566904
v -2.861715 0.111716 -24.589998
v -2.861715 0.140000 -24.561714
v -2.890000 0.140000 -25.450001
v -2.850000 0.140000 -25.410000
v -2.890000 0.100000 -25.410000
v -2.861715 0.140000 -25.438286
v -2.866906 0.116906 -25.433096
v -2.861715 0.111716 -25.410002
v -2.890000 0.111716 -25.438286
v -3.350000 0.140000 -25.410000
v -3.310000 0.140000 -25.450001
v -3.310000 0.100000 -25.410000
v -3.338284 0.140000 -25.438286
v -3.333094 0.116906 -25.433096
v -3.310000 0.111716 -25.438286
v -3.338284 0.111716 -25.410002
v -3.350000 0.960000 -24.590000
v -3.310000 0.960000 -24.549999
v -3.310000 1.000000 -24.590000
v -3.338284 0.960000 -24.561714
v -3.333094 0.983094 -24.566904
v -3.310000 0.988284 -24.561714
v -3.338284 0.988284 -24.589998
v -2.890000 0.960000 -24.549999
v -2.850000 0.960000 -24.590000
v -2.890000 1.000000 -24.590000
v -2.861715 0.960000 -24.561714
v -2.866906 0.983094 -24.566904
v -2.861715 0.988284 -24.589998
v -2.890000 0.988284 -24.561714
v -2.850000 0.960000 -25.410000
v -2.890000 0.960000 -25.450001
v -2.890000 1.000000 -25.410000
v -2.861715 0.960000 -25.438286
v -2.866906 0.983094 -25.433096
v -2.890000 0.988284 -25.438286
v -2.861715 0.988284 -25.410002
v -3.350000 0.960000 -25.410000
v -3.310000 1.000000 -25.410000
v -3.310000 0.960000 -25.450001
v -3.338284 0.988284 -25.410002
v -3.333094 0.983094 -25.433096
v -3.310000 0.988284 -25.438286
v -3.338284 0.960000 -25.438286
v -3.160000 4.240000 -24.600000
v -3.200000 4.240000 -24.640001
v -3.160000 4.200000 -24.640001
v -3.188285 4.240000 -24.611719
v -3.183094 4.216906 -24.616909
v -3.188285 4.211716 -24.640003
v -3.160000 4.211716 -24.611719
v -2.640000 4.240000 -24.600000
v -2.640000 4.200000 -24.640001
v -2.600000 4.240000 -24.640001
v -2.640000 4.211716 -24.611719
v -2.616906 4.216906 -24.616909
v -2.611716 4.211716 -24.640003
v -2.611716 4.240000 -24.611719
v -2.640000 4.240000 -25.400000
v -2.600000 4.240000 -25.359999
v -2.640000 4.200000 -25.359999
v -2.611716 4.240000 -25.388281
v -2.616906 4.216906 -25.383091
v -2.611716 4.211716 -25.359997
v -2.640000 4.211716 -25.388281
v -3.200000 4.240000 -25.359999
v -3.160000 4.240000 -25.400000
v -3.160000 4.200000 -25.359999
v -3.188285 4.240000 -25.388281
v -3.183094 4.216906 -25.383091
v -3.160000 4.211716 -25.388281
v -3.188285 4.211716 -25.359997
v -3.200000 4.660000 -24.640001
v -3.160000 4.660000 -24.600000
v -3.160000 4.700000 -24.640001
v -3.188285 4.660000 -24.611719
v -3.183094 4.683094 -24.616909
v -3.160000 4.688284 -24.611719
v -3.188285 4.688284 -24.640003
v -2.640000 4.660000 -24.600000
v -2.600000 4.660000 -24.640001
v -2.640000 4.700000 -24.640001
v -2.611716 4.660000 -24.611719
v -2.616906 4.683094 -24.616909
v -2.611716 4.688284 -24.640003
v -2.640000 4.688284 -24.611719
v -2.600000 4.660000 -25.359999
v -2.640000 4.660000 -25.400000
v -2.640000 4.700000 -25.359999
v -2.611716 4.660000 -25.388281
v -2.616906 4.683094 -25.383091
v -2.640000 4.688284 -25.388281
v -2.611716 4.688284 -25.359997
v -3.200000 4.660000 -25.359999
v -3.160000 4.700000 -25.359999
v -3.160000 4.660000 -25.400000
v -3.188285 4.688284 -25.359997
v -3.183094 4.683094 -25.383091
v -3.160000 4.688284 -25.388281
v -3.188285 4.660000 -25.388281
v 2.890000 0.140000 -24.549999
v 2.850000 0.140000 -24.590000
v 2.890000 0.100000 -24.590000
v 2.861715 0.140000 -24.561714
v 2.866906 0.116906 -24.566904
v 2.861715 0.111716 -24.589998
v 2.890000 0.111716 -24.561714
v 3.310000 0.140000 -24.549999
v 3.310000 0.100000 -24.590000
v 3.350000 0.140000 -24.590000
v 3.310000 0.111716 -24.561714
v 3.333094 0.116906 -24.566904
v 3.338284 0.111716 -24.589998
v 3.338284 0.140000 -24.561714
v 3.310000 0.140000 -25.450001
v 3.350000 0.140000 -25.410000
v 3.310000 0.100000 -25.410000
v 3.338284 0.140000 -25.438286
v 3.333094 0.116906 -25.433096
v 3.338284 0.111716 -25.410002
v 3.310000 0.111716 -25.438286
v 2.850000 0.140000 -25.410000
v 2.890000 0.140000 -25.450001
v 2.890000 0.100000 -25.410000
v 2.861715 0.140000 -25.438286
v 2.866906 0.116906 -25.433096
v 2.890000 0.111716 -25.438286
v 2.861715 0.111716 -25.410002
v 2.850000 0.960000 -24.590000
v 2.890000 0.960000 -24.549999
v 2.890000 1.000000 -24.590000
v 2.861715 0.960000 -24.561714
v 2.866906 0.983094 -24.566904
v 2.890000 0.988284 -24.561714
v 2.861715 0.988284 -24.589998
v 3.310000 0.960000 -24.549999
v 3.350000 0.960000 -24.590000
v 3.310000 1.000000 -24.590000
v 3.338284 0.960000 -24.561714
v 3.333094 0.983094 -24.566904
v 3.338284 0.988284 -24.589998
v 3.310000 0.988284 -24.561714
v 3.350000 0.960000 -25.410000
v 3.310000 0.960000 -25.450001
v 3.310000 1.000000 -25.410000
v 3.338284 0.960000 -25.438286
v 3.333094 0.983094 -25.433096
v 3.310000 0.988284 -25.438286
v 3.338284 0.988284 -25.410002
v 2.850000 0.960000 -25.410000
v 2.890000 1.000000 -25.410000
v 2.890000 0.960000 -25.450001
v 2.861715 0.988284 -25.410002
v 2.866906 0.983094 -25.433096
v 2.890000 0.988284 -25.438286
v 2.861715 0.960000 -25.438286
v 2.640000 4.240000 -24.600000
v 2.600000 4.240000 -24.640001
v 2.640000 4.200000 -24.640001
v 2.611716 4.240000 -24.611719
v 2.616906 4.216906 -24.616909
v 2.611716 4.211716 -24.640003
v 2.640000 4.211716 -24.611719
v 3.160000 4.240000 -24.600000
v 3.160000 4.200000 -24.640001
v 3.200000 4.240000 -24.640001
v 3.160000 4.211716 -24.611719
v 3.183094 4.216906 -24.616909
v 3.188285 4.211716 -24.640003
v 3.188285 4.240000 -24.611719
v 3.160000 4.240000 -25.400000
v 3.200000 4.240000 -25.359999
v 3.160000 4.200000 -25.359999
v 3.188285 4.240000 -25.388281
v 3.183094 4.216906 -25.383091
v 3.188285 4.211716 -25.359997
v 3.160000 4.211716 -25.388281
v 2.600000 4.240000 -25.359999
v 2.640000 4.240000 -25.400000
v 2.640000 4.200000 -25.359999
v 2.611716 4.240000 -25.388281
v 2.616906 4.216906 -25.383091
v 2.640000 4.211716 -25.388281
v 2.611716 4.211716 -25.359997
v 2.600000 4.660000 -24.640001
v 2.640000 4.660000 -24.600000
v 2.640000 4.700000 -24.640001
v 2.611716 4.660000 -24.611719
v 2.616906 4.683094 -24.616909
v 2.640000 4.688284 -24.611719
v 2.611716 4.688284 -24.640003
v 3.160000 4.660000 -24.600000
v 3.200000 4.660000 -24.640001
v 3.160000 4.700000 -24.640001
v 3.188285 4.660000 -24.611719
v 3.183094 4.683094 -24.616909
v 3.188285 4.688284 -24.640003
v 3.160000 4.688284 -24.611719
v 3.200000 4.660000 -25.359999
v 3.160000 4.660000 -25.400000
v 3.160000 4.700000 -25.359999
v 3.188285 4.660000 -25.388281
v 3.183094 4.683094 -25.383091
v 3.160000 4.688284 -25.388281
v 3.188285 4.688284 -25.359997
v 2.600000 4.660000 -25.359999
v 2.640000 4.700000 -25.359999
v 2.640000 4.660000 -25.400000
v 2.611716 4.688284 -25.359997
v 2.616906 4.683094 -25.383091
v 2.640000 4.688284 -25.388281
v 2.611716 4.660000 -25.388281
v -1.835355 -0.264645 -29.699999
v -1.750000 -0.300000 -29.699999
v -1.781094 -0.277313 -29.650000
v -1.795711 -0.289645 -29.699999
v -1.793173 -0.289329 -29.671133
v -1.770003 -0.293139 -29.664326
v -1.808875 -0.278682 -29.664434
v 1.750000 -0.300000 -29.699999
v 1.835355 -0.264645 -29.699999
v 1.781094 -0.277313 -29.650000
v 1.795711 -0.289645 -29.699999
v 1.793173 -0.289329 -29.671133
v 1.808875 -0.278682 -29.664434
v 1.770002 -0.293139 -29.664326
v 3.664645 1.564645 -29.699999
v 3.700000 1.650000 -29.699999
v 3.642930 1.582166 -29.650000
v 3.689645 1.604289 -29.699999
v 3.681265 1.598051 -29.671133
v 3.683345 1.618018 -29.664722
v 3.657416 1.569286 -29.664322
v 3.700000 3.150000 -29.699999
v 3.664645 3.235355 -29.699999
v 3.643890 3.178959 -29.650000
v 3.689645 3.195711 -29.699999
v 3.682265 3.193137 -29.671133
v 3.661952 3.215526 -29.664717
v 3.683636 3.163746 -29.664738
v 1.835355 5.064644 -29.699999
v 1.750000 5.100000 -29.699999
v 1.782644 5.040988 -29.650000
v 1.795711 5.089644 -29.699999
v 1.793951 5.081653 -29.671133
v 1.765141 5.082821 -29.664778
v 1.817188 5.060511 -29.664709
v -1.750000 5.100000 -29.699999
v -1.835355 5.064644 -29.699999
v -1.782644 5.040988 -29.650000
v -1.795711 5.089644 -29.699999
v -1.793951 5.081654 -29.671133
v -1.817188 5.060511 -29.664709
v -1.765141 5.082821 -29.664776
v -3.664645 3.235355 -29.699999
v -3.700000 3.150000 -29.699999
v -3.643890 3.178959 -29.650000
v -3.689645 3.195711 -29.699999
v -3.682265 3.193137 -29.671133
v -3.683636 3.163747 -29.664740
v -3.661952 3.215526 -29.664717
v -3.700000 1.650000 -29.699999
v -3.664645 1.564645 -29.699999
v -3.642930 1.582166 -29.650000
v -3.689645 1.604289 -29.699999
v -3.681265 1.598051 -29.671133
v -3.657417 1.569286 -29.664324
v -3.683345 1.618018 -29.664722
v -1.835355 -0.264645 -30.300001
v -1.781094 -0.277313 -30.350000
v -1.750000 -0.300000 -30.300001
v -1.808875 -0.278682 -30.335566
v -1.793173 -0.289329 -30.328871
v -1.770002 -0.293139 -30.335674
v -1.795711 -0.289645 -30.300001
v 1.835355 -0.264645 -30.300001
v 1.750000 -0.300000 -30.300001
v 1.781094 -0.277313 -30.350000
v 1.795711 -0.289645 -30.300001
v 1.793173 -0.289329 -30.328871
v 1.770003 -0.293139 -30.335672
v 1.808875 -0.278682 -30.335566
v 3.700000 1.650000 -30.300001
v 3.664645 1.564645 -30.300001
v 3.642930 1.582166 -30.350000
v 3.689645 1.604289 -30.300001
v 3.681265 1.598051 -30.328871
v 3.657417 1.569286 -30.335678
v 3.683345 1.618018 -30.335278
v 3.664645 3.235355 -30.300001
v 3.700000 3.150000 -30.300001
v 3.643890 3.178959 -30.350000
v 3.689645 3.195711 -30.300001
v 3.682265 3.193137 -30.328871
v 3.683636 3.163746 -30.335262
v 3.661952 3.215526 -30.335283
v 1.750000 5.100000 -30.300001
v 1.835355 5.064644 -30.300001
v 1.782644 5.040988 -30.350000
v 1.795711 5.089644 -30.300001
v 1.793951 5.081654 -30.328871
v 1.817187 5.060511 -30.335289
v 1.765141 5.082821 -30.335220
v -1.835355 5.064644 -30.300001
v -1.750000 5.100000 -30.300001
v -1.782644 5.040988 -30.350000
v -1.795711 5.089644 -30.300001
v -1.793951 5.081653 -30.328871
v -1.765141 5.082821 -30.335222
v -1.817187 5.060511 -30.335291
v -3.700000 3.150000 -30.300001
v -3.664645 3.235355 -30.300001
v -3.643890 3.178959 -30.350000
v -3.689645 3.195711 -30.300001
v -3.682265 3.193137 -30.328871
v -3.661952 3.215525 -30.335285
v -3.683636 3.163747 -30.335262
v -3.664645 1.564645 -30.300001
v -3.700000 1.650000 -30.300001
v -3.642930 1.582166 -30.350000
v -3.689645 1.604289 -30.300001
v -3.681265 1.598051 -30.328871
v -3.683345 1.618018 -30.335278
v -3.657416 1.569286 -30.335678
v -1.500000 0.000000 -29.699999
v -1.585355 0.035355 -29.699999
v -1.568905 -0.022687 -29.650000
v -1.545711 0.010355 -29.699999
v -1.551993 0.002793 -29.671133
v -1.569032 0.006606 -29.664448
v -1.544132 -0.006773 -29.664455
v 1.585355 0.035355 -29.699999
v 1.500000 0.000000 -29.699999
v 1.568905 -0.022687 -29.650000
v 1.545711 0.010355 -29.699999
v 1.551993 0.002793 -29.671133
v 1.544132 -0.006773 -29.664455
v 1.569032 0.006606 -29.664448
v 2.900000 1.400000 -29.699999
v 2.864645 1.314645 -29.699999
v 2.957070 1.367834 -29.650000
v 2.889645 1.354289 -29.699999
v 2.905402 1.360314 -29.671133
v 2.915006 1.353391 -29.664539
v 2.916634 1.384849 -29.664749
v 2.864645 2.935355 -29.699999
v 2.900000 2.850000 -29.699999
v 2.956110 2.921041 -29.650000
v 2.889645 2.895711 -29.699999
v 2.902529 2.900445 -29.671133
v 2.916385 2.883754 -29.664711
v 2.901370 2.921179 -29.664692
v 1.500000 4.250000 -29.699999
v 1.585355 4.214644 -29.699999
v 1.567356 4.309011 -29.650000
v 1.545711 4.239645 -29.699999
v 1.549387 4.253170 -29.671133
v 1.569358 4.252968 -29.664684
v 1.531278 4.267204 -29.664745
v -1.585355 4.214644 -29.699999
v -1.500000 4.250000 -29.699999
v -1.567356 4.309011 -29.650000
v -1.545711 4.239645 -29.699999
v -1.549387 4.253171 -29.671133
v -1.531277 4.267204 -29.664745
v -1.569358 4.252969 -29.664682
v -2.900000 2.850000 -29.699999
v -2.864645 2.935355 -29.699999
v -2.956110 2.921041 -29.650000
v -2.889645 2.895711 -29.699999
v -2.902529 2.900444 -29.671133
v -2.901370 2.921179 -29.664692
v -2.916384 2.883754 -29.664709
v -2.864645 1.314645 -29.699999
v -2.900000 1.400000 -29.699999
v -2.957070 1.367834 -29.650000
v -2.889645 1.354289 -29.699999
v -2.905402 1.360314 -29.671133
v -2.916634 1.384849 -29.664749
v -2.915006 1.353391 -29.664539
v -1.585355 0.035355 -30.300001
v -1.500000 0.000000 -30.300001
v -1.568905 -0.022687 -30.350000
v -1.545711 0.010355 -30.300001
v -1.551993 0.002793 -30.328871
v -1.544132 -0.006773 -30.335545
v -1.569032 0.006606 -30.335552
v 1.585355 0.035355 -30.300001
v 1.568905 -0.022687 -30.350000
v 1.500000 0.000000 -30.300001
v 1.569032 0.006606 -30.335550
v 1.551993 0.002793 -30.328871
v 1.544132 -0.006773 -30.335545
v 1.545711 0.010355 -30.300001
v 2.900000 1.400000 -30.300001
v 2.957070 1.367834 -30.350000
v 2.864645 1.314645 -30.300001
v 2.916634 1.384849 -30.335249
v 2.905402 1.360314 -30.328871
v 2.915006 1.353391 -30.335461
v 2.889645 1.354289 -30.300001
v 2.864645 2.935355 -30.300001
v 2.956110 2.921041 -30.350000
v 2.900000 2.850000 -30.300001
v 2.901370 2.921179 -30.335308
v 2.902529 2.900445 -30.328871
v 2.916384 2.883754 -30.335289
v 2.889645 2.895711 -30.300001
v 1.500000 4.250000 -30.300001
v 1.567356 4.309011 -30.350000
v 1.585355 4.214644 -30.300001
v 1.531277 4.267204 -30.335255
v 1.549387 4.253170 -30.328871
v 1.569358 4.252969 -30.335316
v 1.545711 4.239645 -30.300001
v -1.585355 4.214644 -30.300001
v -1.567356 4.309011 -30.350000
v -1.500000 4.250000 -30.300001
v -1.569358 4.252968 -30.335316
v -1.549387 4.253170 -30.328871
v -1.531277 4.267204 -30.335255
v -1.545711 4.239645 -30.300001
v -2.900000 2.850000 -30.300001
v -2.956110 2.921041 -30.350000
v -2.864645 2.935355 -30.300001
v -2.916385 2.883754 -30.335289
v -2.902529 2.900444 -30.328871
v -2.901370 2.921179 -30.335308
v -2.889645 2.895711 -30.300001
v -2.864645 1.314645 -30.300001
v -2.957070 1.367834 -30.350000
v -2.900000 1.400000 -30.300001
v -2.915006 1.353391 -30.335461
v -2.905402 1.360314 -30.328871
v -2.916635 1.384849 -30.335251
v -2.889645 1.354289 -30.300001
v -3.310000 0.140000 -29.549999
v -3.350000 0.140000 -29.590000
v -3.310000 0.100000 -29.590000
v -3.338284 0.140000 -29.561714
v -3.333094 0.116906 -29.566904
v -3.338284 0.111716 -29.589998
v -3.310000 0.111716 -29.561714
v -2.890000 0.140000 -29.549999
v -2.890000 0.100000 -29.590000
v -2.850000 0.140000 -29.590000
v -2.890000 0.111716 -29.561714
v -2.866906 0.116906 -29.566904
v -2.861715 0.111716 -29.589998
v -2.861715 0.140000 -29.561714
v -2.890000 0.140000 -30.450001
v -2.850000 0.140000 -30.410000
v -2.890000 0.100000 -30.410000
v -2.861715 0.140000 -30.438286
v -2.866906 0.116906 -30.433096
v -2.861715 0.111716 -30.410002
v -2.890000 0.111716 -30.438286
v -3.350000 0.140000 -30.410000
v -3.310000 0.140000 -30.450001
v -3.310000 0.100000 -30.410000
v -3.338284 0.140000 -30.438286
v -3.333094 0.116906 -30.433096
v -3.310000 0.111716 -30.438286
v -3.338284 0.111716 -30.410002
v -3.350000 0.960000 -29.590000
v -3.310000 0.960000 -29.549999
v -3.310000 1.000000 -29.590000
v -3.338284 0.960000 -29.561714
v -3.333094 0.983094 -29.566904
v -3.310000 0.988284 -29.561714
v -3.338284 0.988284 -29.589998
v -2.890000 0.960000 -29.549999
v -2.850000 0.960000 -29.590000
v -2.890000 1.000000 -29.590000
v -2.861715 0.960000 -29.561714
v -2.866906 0.983094 -29.566904
v -2.861715 0.988284 -29.589998
v -2.890000 0.988284 -29.561714
v -2.850000 0.960000 -30.410000
v -2.890000 0.960000 -30.450001
v -2.890000 1.000000 -30.410000
v -2.861715 0.960000 -30.438286
v -2.866906 0.983094 -30.433096
v -2.890000 0.988284 -30.438286
v -2.861715 0.988284 -30.410002
v -3.350000 0.960000 -30.410000
v -3.310000 1.000000 -30.410000
v -3.310000 0.960000 -30.450001
v -3.338284 0.988284 -30.410002
v -3.333094 0.983094 -30.433096
v -3.310000 0.988284 -30.438286
v -3.338284 0.960000 -30.438286
v -3.160000 4.240000 -29.600000
v -3.200000 4.240000 -29.640001
v -3.160000 4.200000 -29.640001
v -3.188285 4.240000 -29.611719
v -3.183094 4.216906 -29.616909
v -3.188285 4.211716 -29.640003
v -3.160000 4.211716 -29.611719
v -2.640000 4.240000 -29.600000
v -2.640000 4.200000 -29.640001
v -2.600000 4.240000 -29.640001
v -2.640000 4.211716 -29.611719
v -2.616906 4.216906 -29.616909
v -2.611716 4.211716 -29.640003
v -2.611716 4.240000 -29.611719
v -2.640000 4.240000 -30.400000
v -2.600000 4.240000 -30.359999
v -2.640000 4.200000 -30.359999
v -2.611716 4.240000 -30.388281
v -2.616906 4.216906 -30.383091
v -2.611716 4.211716 -30.359997
v -2.640000 4.211716 -30.388281
v -3.200000 4.240000 -30.359999
v -3.160000 4.240000 -30.400000
v -3.160000 4.200000 -30.359999
v -3.188285 4.240000 -30.388281
v -3.183094 4.216906 -30.383091
v -3.160000 4.211716 -30.388281
v -3.188285 4.211716 -30.359997
v -3.200000 4.660000 -29.640001
v -3.160000 4.660000 -29.600000
v -3.160000 4.700000 -29.640001
v -3.188285 4.660000 -29.611719
v -3.183094 4.683094 -29.616909
v -3.160000 4.688284 -29.611719
v -3.188285 4.688284 -29.640003
v -2.640000 4.660000 -29.600000
v -2.600000 4.660000 -29.640001
v -2.640000 4.700000 -29.640001
v -2.611716 4.660000 -29.611719
v -2.616906 4.683094 -29.616909
v -2.611716 4.688284 -29.640003
v -2.640000 4.688284 -29.611719
v -2.600000 4.660000 -30.359999
v -2.640000 4.660000 -30.400000
v -2.640000 4.700000 -30.359999
v -2.611716 4.660000 -30.388281
v -2.616906 4.683094 -30.383091
v -2.640000 4.688284 -30.388281
v -2.611716 4.688284 -30.359997
v -3.200000 4.660000 -30.359999
v -3.160000 4.700000 -30.359999
v -3.160000 4.660000 -30.400000
v -3.188285 4.688284 -30.359997
v -3.183094 4.683094 -30.383091
v -3.160000 4.688284 -30.388281
v -3.188285 4.660000 -30.388281
v 2.890000 0.140000 -29.549999
v 2.850000 0.140000 -29.590000
v 2.890000 0.100000 -29.590000
v 2.861715 0.140000 -29.561714
v 2.866906 0.116906 -29.566904
v 2.861715 0.111716 -29.589998
v 2.890000 0.111716 -29.561714
v 3.310000 0.140000 -29.549999
v 3.310000 0.100000 -29.590000
v 3.350000 0.140000 -29.590000
v 3.310000 0.111716 -29.561714
v 3.333094 0.116906 -29.566904
v 3.338284 0.111716 -29.589998
v 3.338284 0.140000 -29.561714
v 3.310000 0.140000 -30.450001
v 3.350000 0.140000 -30.410000
v 3.310000 0.100000 -30.410000
v 3.338284 0.140000 -30.438286
v 3.333094 0.116906 -30.433096
v 3.338284 0.111716 -30.410002
v 3.310000 0.111716 -30.438286
v 2.850000 0.140000 -30.410000
v 2.890000 0.140000 -30.450001
v 2.890000 0.100000 -30.410000
v 2.861715 0.140000 -30.438286
v 2.866906 0.116906 -30.433096
v 2.890000 0.111716 -30.438286
v 2.861715 0.111716 -30.410002
v 2.850000 0.960000 -29.590000
v 2.890000 0.960000 -29.549999
v 2.890000 1.000000 -29.590000
v 2.861715 0.960000 -29.561714
v 2.866906 0.983094 -29.566904
v 2.890000 0.988284 -29.561714
v 2.861715 0.988284 -29.589998
v 3.310000 0.960000 -29.549999
v 3.350000 0.960000 -29.590000
v 3.310000 1.000000 -29.590000
v 3.338284 0.960000 -29.561714
v 3.333094 0.983094 -29.566904
v 3.338284 0.988284 -29.589998
v 3.310000 0.988284 -29.561714
v 3.350000 0.960000 -30.410000
v 3.310000 0.960000 -30.450001
v 3.310000 1.000000 -30.410000
v 3.338284 0.960000 -30.438286
v 3.333094 0.983094 -30.433096
v 3.310000 0.988284 -30.438286
v 3.338284 0.988284 -30.410002
v 2.850000 0.960000 -30.410000
v 2.890000 1.000000 -30.410000
v 2.890000 0.960000 -30.450001
v 2.861715 0.988284 -30.410002
v 2.866906 0.983094 -30.433096
v 2.890000 0.988284 -30.438286
v 2.861715 0.960000 -30.438286
v 2.640000 4.240000 -29.600000
v 2.600000 4.240000 -29.640001
v 2.640000 4.200000 -29.640001
v 2.611716 4.240000 -29.611719
v 2.616906 4.216906 -29.616909
v 2.611716 4.211716 -29.640003
v 2.640000 4.211716 -29.611719
v 3.160000 4.240000 -29.600000
v 3.160000 4.200000 -29.640001
v 3.200000 4.240000 -29.640001
v 3.160000 4.211716 -29.611719
v 3.183094 4.216906 -29.616909
v 3.188285 4.211716 -29.640003
v 3.188285 4.240000 -29.611719
v 3.160000 4.240000 -30.400000
v 3.200000 4.240000 -30.359999
v 3.160000 4.200000 -30.359999
v 3.188285 4.240000 -30.388281
v 3.183094 4.216906 -30.383091
v 3.188285 4.211716 -30.359997
v 3.160000 4.211716 -30.388281
v 2.600000 4.240000 -30.359999
v 2.640000 4.240000 -30.400000
v 2.640000 4.200000 -30.359999
v 2.611716 4.240000 -30.388281
v 2.616906 4.216906 -30.383091
v 2.640000 4.211716 -30.388281
v 2.611716 4.211716 -30.359997
v 2.600000 4.660000 -29.640001
v 2.640000 4.660000 -29.600000
v 2.640000 4.700000 -29.640001
v 2.611716 4.660000 -29.611719
v 2.616906 4.683094 -29.616909
v 2.640000 4.688284 -29.611719
v 2.611716 4.688284 -29.640003
v 3.160000 4.660000 -29.600000
v 3.200000 4.660000 -29.640001
v 3.160000 4.700000 -29.640001
v 3.188285 4.660000 -29.611719
v 3.183094 4.683094 -29.616909
v 3.188285 4.688284 -29.640003
v 3.160000 4.688284 -29.611719
v 3.200000 4.660000 -30.359999
v 3.160000 4.660000 -30.400000
v 3.160000 4.700000 -30.359999
v 3.188285 4.660000 -30.388281
v 3.183094 4.683094 -30.383091
v 3.160000 4.688284 -30.388281
v 3.188285 4.688284 -30.359997
v 2.600000 4.660000 -30.359999
v 2.640000 4.700000 -30.359999
v 2.640000 4.660000 -30.400000
v 2.611716 4.688284 -30.359997
v 2.616906 4.683094 -30.383091
v 2.640000 4.688284 -30.388281
v 2.611716 4.660000 -30.388281
v -1.835355 -0.264645 -34.700001
v -1.750000 -0.300000 -34.700001
v -1.781094 -0.277313 -34.650002
v -1.795711 -0.289645 -34.700001
v -1.793173 -0.289328 -34.671135
v -1.770000 -0.293140 -34.664333
v -1.808877 -0.278680 -34.664440
v 1.750000 -0.300000 -34.700001
v 1.835355 -0.264645 -34.700001
v 1.781094 -0.277313 -34.650002
v 1.795711 -0.289645 -34.700001
v 1.793173 -0.289328 -34.671135
v 1.808877 -0.278680 -34.664440
v 1.770000 -0.293140 -34.664333
v 3.664645 1.564645 -34.700001
v 3.700000 1.650000 -34.700001
v 3.642930 1.582166 -34.650002
v 3.689645 1.604289 -34.700001
v 3.681265 1.598051 -34.671135
v 3.683345 1.618020 -34.664730
v 3.657417 1.569286 -34.664330
v 3.700000 3.150000 -34.700001
v 3.664645 3.235355 -34.700001
v 3.643890 3.178959 -34.650002
v 3.689645 3.195711 -34.700001
v 3.682264 3.193137 -34.671135
v 3.661951 3.215526 -34.664722
v 3.683637 3.163745 -34.664742
v 1.835355 5.064644 -34.700001
v 1.750000 5.100000 -34.700001
v 1.782644 5.040988 -34.650002
v 1.795711 5.089644 -34.700001
v 1.793951 5.081653 -34.671135
v 1.765140 5.082821 -34.664783
v 1.817188 5.060511 -34.664715
v -1.750000 5.100000 -34.700001
v -1.835355 5.064644 -34.700001
v -1.782644 5.040988 -34.650002
v -1.795711 5.089644 -34.700001
v -1.793951 5.081653 -34.671135
v -1.817188 5.060511 -34.664715
v -1.765140 5.082821 -34.664783
v -3.664645 3.235355 -34.700001
v -3.700000 3.150000 -34.700001
v -3.643890 3.178959 -34.650002
v -3.689645 3.195711 -34.700001
v -3.682265 3.193137 -34.671135
v -3.683637 3.163745 -34.664742
v -3.661951 3.215526 -34.664722
v -3.700000 1.650000 -34.700001
v -3.664645 1.564645 -34.700001
v -3.642930 1.582166 -34.650002
v -3.689645 1.604289 -34.700001
v -3.681265 1.598051 -34.671135
v -3.657417 1.569286 -34.664330
v -3.683345 1.618020 -34.664730
v -1.835355 -0.264645 -35.299999
v -1.781094 -0.277313 -35.349998
v -1.750000 -0.300000 -35.299999
v -1.808877 -0.278680 -35.335560
v -1.793173 -0.289328 -35.328869
v -1.770000 -0.293140 -35.335670
v -1.795711 -0.289645 -35.299999
v 1.835355 -0.264645 -35.299999
v 1.750000 -0.300000 -35.299999
v 1.781094 -0.277313 -35.349998
v 1.795711 -0.289645 -35.299999
v 1.793173 -0.289328 -35.328869
v 1.770000 -0.293140 -35.335670
v 1.808877 -0.278680 -35.335560
v 3.700000 1.650000 -35.299999
v 3.664645 1.564645 -35.299999
v 3.642930 1.582166 -35.349998
v 3.689645 1.604289 -35.299999
v 3.681265 1.598051 -35.328869
v 3.657417 1.569286 -35.335670
v 3.683345 1.618020 -35.335270
v 3.664645 3.235355 -35.299999
v 3.700000 3.150000 -35.299999
v 3.643890 3.178959 -35.349998
v 3.689645 3.195711 -35.299999
v 3.682265 3.193137 -35.328869
v 3.683637 3.163745 -35.335255
v 3.661951 3.215526 -35.335274
v 1.750000 5.100000 -35.299999
v 1.835355 5.064644 -35.299999
v 1.782644 5.040988 -35.349998
v 1.795711 5.089644 -35.299999
v 1.793951 5.081653 -35.328869
v 1.817188 5.060511 -35.335285
v 1.765140 5.082821 -35.335213
v -1.835355 5.064644 -35.299999
v -1.750000 5.100000 -35.299999
v -1.782644 5.040988 -35.349998
v -1.795711 5.089644 -35.299999
v -1.793951 5.081653 -35.328869
v -1.765140 5.082821 -35.335217
v -1.817188 5.060511 -35.335285
v -3.700000 3.150000 -35.299999
v -3.664645 3.235355 -35.299999
v -3.643890 3.178959 -35.349998
v -3.689645 3.195711 -35.299999
v -3.682264 3.193137 -35.328869
v -3.661951 3.215526 -35.335278
v -3.683637 3.163745 -35.335255
v -3.664645 1.564645 -35.299999
v -3.700000 1.650000 -35.299999
v -3.642930 1.582166 -35.349998
v -3.689645 1.604289 -35.299999
v -3.681265 1.598051 -35.328869
v -3.683345 1.618020 -35.335270
v -3.657417 1.569286 -35.335670
v -1.500000 0.000000 -34.700001
v -1.585355 0.035355 -34.700001
v -1.568905 -0.022687 -34.650002
v -1.545711 0.010355 -34.700001
v -1.551992 0.002794 -34.671135
v -1.569035 0.006609 -34.664455
v -1.544127 -0.006773 -34.664463
v 1.585355 0.035355 -34.700001
v 1.500000 0.000000 -34.700001
v 1.568905 -0.022687 -34.650002
v 1.545711 0.010355 -34.700001
v 1.551992 0.002794 -34.671135
v 1.544127 -0.006773 -34.664463
v 1.569035 0.006609 -34.664455
v 2.900000 1.400000 -34.700001
v 2.864645 1.314645 -34.700001
v 2.957070 1.367834 -34.650002
v 2.889645 1.354289 -34.700001
v 2.905401 1.360313 -34.671135
v 2.915000 1.353385 -34.664547
v 2.916634 1.384850 -34.664757
v 2.864645 2.935355 -34.700001
v 2.900000 2.850000 -34.700001
v 2.956110 2.921041 -34.650002
v 2.889645 2.895711 -34.700001
v 2.902528 2.900444 -34.671135
v 2.916384 2.883752 -34.664715
v 2.901368 2.921180 -34.664700
v 1.500000 4.250000 -34.700001
v 1.585355 4.214644 -34.700001
v 1.567356 4.309011 -34.650002
v 1.545711 4.239645 -34.700001
v 1.549387 4.253170 -34.671135
v 1.569360 4.252966 -34.664692
v 1.531274 4.267204 -34.664749
v -1.585355 4.214644 -34.700001
v -1.500000 4.250000 -34.700001
v -1.567356 4.309011 -34.650002
v -1.545711 4.239645 -34.700001
v -1.549387 4.253170 -34.671135
v -1.531275 4.267204 -34.664749
v -1.569360 4.252967 -34.664688
v -2.900000 2.850000 -34.700001
v -2.864645 2.935355 -34.700001
v -2.956110 2.921041 -34.650002
v -2.889645 2.895711 -34.700001
v -2.902528 2.900444 -34.671135
v -2.901368 2.921180 -34.664696
v -2.916384 2.883752 -34.664715
v -2.864645 1.314645 -34.700001
v -2.900000 1.400000 -34.700001
v -2.957070 1.367834 -34.650002
v -2.889645 1.354289 -34.700001
v -2.905401 1.360313 -34.671135
v -2.916634 1.384850 -34.664757
v -2.915000 1.353386 -34.664543
v -1.585355 0.035355 -35.299999
v -1.500000 0.000000 -35.299999
v -1.568905 -0.022687 -35.349998
v -1.545711 0.010355 -35.299999
v -1.551992 0.002794 -35.328869
v -1.544127 -0.006773 -35.335537
v -1.569035 0.006609 -35.335548
v 1.585355 0.035355 -35.299999
v 1.568905 -0.022687 -35.349998
v 1.500000 0.000000 -35.299999
v 1.569035 0.006609 -35.335548
v 1.551992 0.002794 -35.328869
v 1.544127 -0.006773 -35.335537
v 1.545711 0.010355 -35.299999
v 2.900000 1.400000 -35.299999
v 2.957070 1.367834 -35.349998
v 2.864645 1.314645 -35.299999
v 2.916634 1.384850 -35.335243
v 2.905401 1.360313 -35.328869
v 2.915000 1.353386 -35.335457
v 2.889645 1.354289 -35.299999
v 2.864645 2.935355 -35.299999
v 2.956110 2.921041 -35.349998
v 2.900000 2.850000 -35.299999
v 2.901368 2.921180 -35.335300
v 2.902528 2.900444 -35.328869
v 2.916384 2.883752 -35.335285
v 2.889645 2.895711 -35.299999
v 1.500000 4.250000 -35.299999
v 1.567356 4.309011 -35.349998
v 1.585355 4.214644 -35.299999
v 1.531275 4.267204 -35.335247
v 1.549387 4.253170 -35.328869
v 1.569360 4.252967 -35.335312
v 1.545711 4.239645 -35.299999
v -1.585355 4.214644 -35.299999
v -1.567356 4.309011 -35.349998
v -1.500000 4.250000 -35.299999
v -1.569360 4.252966 -35.335308
v -1.549387 4.253170 -35.328869
v -1.531275 4.267204 -35.335247
v -1.545711 4.239645 -35.299999
v -2.900000 2.850000 -35.299999
v -2.956110 2.921041 -35.349998
v -2.864645 2.935355 -35.299999
v -2.916384 2.883752 -35.335285
v -2.902529 2.900444 -35.328869
v -2.901368 2.921180 -35.335300
v -2.889645 2.895711 -35.299999
v -2.864645 1.314645 -35.299999
v -2.957070 1.367834 -35.349998
v -2.900000 1.400000 -35.299999
v -2.915000 1.353385 -35.335457
v -2.905401 1.360313 -35.328869
v -2.916634 1.384850 -35.335243
v -2.889645 1.354289 -35.299999
v -3.310000 0.140000 -34.549999
v -3.350000 0.140000 -34.590000
v -3.310000 0.100000 -34.590000
v -3.338284 0.140000 -34.561710
v -3.333094 0.116906 -34.566902
v -3.338284 0.111716 -34.589996
v -3.310000 0.111716 -34.561710
v -2.890000 0.140000 -34.549999
v -2.890000 0.100000 -34.590000
v -2.850000 0.140000 -34.590000
v -2.890000 0.111716 -34.561710
v -2.866906 0.116906 -34.566902
v -2.861715 0.111716 -34.589996
v -2.861715 0.140000 -34.561710
v -2.890000 0.140000 -35.450001
v -2.850000 0.140000 -35.410000
v -2.890000 0.100000 -35.410000
v -2.861715 0.140000 -35.438290
v -2.866906 0.116906 -35.433098
v -2.861715 0.111716 -35.410004
v -2.890000 0.111716 -35.438290
v -3.350000 0.140000 -35.410000
v -3.310000 0.140000 -35.450001
v -3.310000 0.100000 -35.410000
v -3.338284 0.140000 -35.438290
v -3.333094 0.116906 -35.433098
v -3.310000 0.111716 -35.438290
v -3.338284 0.111716 -35.410004
v -3.350000 0.960000 -34.590000
v -3.310000 0.960000 -34.549999
v -3.310000 1.000000 -34.590000
v -3.338284 0.960000 -34.561710
v -3.333094 0.983094 -34.566902
v -3.310000 0.988284 -34.561710
v -3.338284 0.988284 -34.589996
v -2.890000 0.960000 -34.549999
v -2.850000 0.960000 -34.590000
v -2.890000 1.000000 -34.590000
v -2.861715 0.960000 -34.561710
v -2.866906 0.983094 -34.566902
v -2.861715 0.988284 -34.589996
v -2.890000 0.988284 -34.561710
v -2.850000 0.960000 -35.410000
v -2.890000 0.960000 -35.450001
v -2.890000 1.000000 -35.410000
v -2.861715 0.960000 -35.438290
v -2.866906 0.983094 -35.433098
v -2.890000 0.988284 -35.438290
v -2.861715 0.988284 -35.410004
v -3.350000 0.960000 -35.410000
v -3.310000 1.000000 -35.410000
v -3.310000 0.960000 -35.450001
v -3.338284 0.988284 -35.410004
v -3.333094 0.983094 -35.433098
v -3.310000 0.988284 -35.438290
v -3.338284 0.960000 -35.438290
v -3.160000 4.240000 -34.599998
v -3.200000 4.240000 -34.639999
v -3.160000 4.200000 -34.639999
v -3.188285 4.240000 -34.611713
v -3.183094 4.216906 -34.616905
v -3.188285 4.211716 -34.639999
v -3.160000 4.211716 -34.611713
v -2.640000 4.240000 -34.599998
v -2.640000 4.200000 -34.639999
v -2.600000 4.240000 -34.639999
v -2.640000 4.211716 -34.611713
v -2.616906 4.216906 -34.616905
v -2.611716 4.211716 -34.639999
v -2.611716 4.240000 -34.611713
v -2.640000 4.240000 -35.400002
v -2.600000 4.240000 -35.360001
v -2.640000 4.200000 -35.360001
v -2.611716 4.240000 -35.388287
v -2.616906 4.216906 -35.383095
v -2.611716 4.211716 -35.360001
v -2.640000 4.211716 -35.388287
v -3.200000 4.240000 -35.360001
v -3.160000 4.240000 -35.400002
v -3.160000 4.200000 -35.360001
v -3.188285 4.240000 -35.388287
v -3.183094 4.216906 -35.383095
v -3.160000 4.211716 -35.388287
v -3.188285 4.211716 -35.360001
v -3.200000 4.660000 -34.639999
v -3.160000 4.660000 -34.599998
v -3.160000 4.700000 -34.639999
v -3.188285 4.660000 -34.611713
v -3.183094 4.683094 -34.616905
v -3.160000 4.688284 -34.611713
v -3.188285 4.688284 -34.639999
v -2.640000 4.660000 -34.599998
v -2.600000 4.660000 -34.639999
v -2.640000 4.700000 -34.639999
v -2.611716 4.660000 -34.611713
v -2.616906 4.683094 -34.616905
v -2.611716 4.688284 -34.639999
v -2.640000 4.688284 -34.611713
v -2.600000 4.660000 -35.360001
v -2.640000 4.660000 -35.400002
v -2.640000 4.700000 -35.360001
v -2.611716 4.660000 -35.388287
v -2.616906 4.683094 -35.383095
v -2.640000 4.688284 -35.388287
v -2.611716 4.688284 -35.360001
v -3.200000 4.660000 -35.360001
v -3.160000 4.700000 -35.360001
v -3.160000 4.660000 -35.400002
v -3.188285 4.688284 -35.360001
v -3.183094 4.683094 -35.383095
v -3.160000 4.688284 -35.388287
v -3.188285 4.660000 -35.388287
v 2.890000 0.140000 -34.549999
v 2.850000 0.140000 -34.590000
v 2.890000 0.100000 -34.590000
v 2.861715 0.140000 -34.561710
v 2.866906 0.116906 -34.566902
v 2.861715 0.111716 -34.589996
v 2.890000 0.111716 -34.561710
v 3.310000 0.140000 -34.549999
v 3.310000 0.100000 -34.590000
v 3.350000 0.140000 -34.590000
v 3.310000 0.111716 -34.561710
v 3.333094 0.116906 -34.566902
v 3.338284 0.111716 -34.589996
v 3.338284 0.140000 -34.561710
v 3.310000 0.140000 -35.450001
v 3.350000 0.140000 -35.410000
v 3.310000 0.100000 -35.410000
v 3.338284 0.140000 -35.438290
v 3.333094 0.116906 -35.433098
v 3.338284 0.111716 -35.410004
v 3.310000 0.111716 -35.438290
v 2.850000 0.140000 -35.410000
v 2.890000 0.140000 -35.450001
v 2.890000 0.100000 -35.410000
v 2.861715 0.140000 -35.438290
v 2.866906 0.116906 -35.433098
v 2.890000 0.111716 -35.438290
v 2.861715 0.111716 -35.410004
v 2.850000 0.960000 -34.590000
v 2.890000 0.960000 -34.549999
v 2.890000 1.000000 -34.590000
v 2.861715 0.960000 -34.561710
v 2.866906 0.983094 -34.566902
v 2.890000 0.988284 -34.561710
v 2.861715 0.988284 -34.589996
v 3.310000 0.960000 -34.549999
v 3.350000 0.960000 -34.590000
v 3.310000 1.000000 -34.590000
v 3.338284 0.960000 -34.561710
v 3.333094 0.983094 -34.566902
v 3.338284 0.988284 -34.589996
v 3.310000 0.988284 -34.561710
v 3.350000 0.960000 -35.410000
v 3.310000 0.960000 -35.450001
v 3.310000 1.000000 -35.410000
v 3.338284 0.960000 -35.438290
v 3.333094 0.983094 -35.433098
v 3.310000 0.988284 -35.438290
v 3.338284 0.988284 -35.410004
v 2.850000 0.960000 -35.410000
v 2.890000 1.000000 -35.410000
v 2.890000 0.960000 -35.450001
v 2.861715 0.988284 -35.410004
v 2.866906 0.983094 -35.433098
v 2.890000 0.988284 -35.438290
v 2.861715 0.960000 -35.438290
v 2.640000 4.240000 -34.599998
v 2.600000 4.240000 -34.639999
v 2.640000 4.200000 -34.639999
v 2.611716 4.240000 -34.611713
v 2.616906 4.216906 -34.616905
v 2.611716 4.211716 -34.639999
v 2.640000 4.211716 -34.611713
v 3.160000 4.240000 -34.599998
v 3.160000 4.200000 -34.639999
v 3.200000 4.240000 -34.639999
v 3.160000 4.211716 -34.611713
v 3.183094 4.216906 -34.616905
v 3.188285 4.211716 -34.639999
v 3.188285 4.240000 -34.611713
v 3.160000 4.240000 -35.400002
v 3.200000 4.240000 -35.360001
v 3.160000 4.200000 -35.360001
v 3.188285 4.240000 -35.388287
v 3.183094 4.216906 -35.383095
v 3.188285 4.211716 -35.360001
v 3.160000 4.211716 -35.388287
v 2.600000 4.240000 -35.360001
v 2.640000 4.240000 -35.400002
v 2.640000 4.200000 -35.360001
v 2.611716 4.240000 -35.388287
v 2.616906 4.216906 -35.383095
v 2.640000 4.211716 -35.388287
v 2.611716 4.211716 -35.360001
v 2.600000 4.660000 -34.639999
v 2.640000 4.660000 -34.599998
v 2.640000 4.700000 -34.639999
v 2.611716 4.660000 -34.611713
v 2.616906 4.683094 -34.616905
v 2.640000 4.688284 -34.611713
v 2.611716 4.688284 -34.639999
v 3.160000 4.660000 -34.599998
v 3.200000 4.660000 -34.639999
v 3.160000 4.700000 -34.639999
v 3.188285 4.660000 -34.611713
v 3.183094 4.683094 -34.616905
v 3.188285 4.688284 -34.639999
v 3.160000 4.688284 -34.611713
v 3.200000 4.660000 -35.360001
v 3.160000 4.660000 -35.400002
v 3.160000 4.700000 -35.360001
v 3.188285 4.660000 -35.388287
v 3.183094 4.683094 -35.383095
v 3.160000 4.688284 -35.388287
v 3.188285 4.688284 -35.360001
v 2.600000 4.660000 -35.360001
v 2.640000 4.700000 -35.360001
v 2.640000 4.660000 -35.400002
v 2.611716 4.688284 -35.360001
v 2.616906 4.683094 -35.383095
v 2.640000 4.688284 -35.388287
v 2.611716 4.660000 -35.388287
v -1.835355 -0.264645 -39.700001
v -1.750000 -0.300000 -39.700001
v -1.781094 -0.277313 -39.650002
v -1.795711 -0.289645 -39.700001
v -1.793173 -0.289328 -39.671131
v -1.770000 -0.293140 -39.664333
v -1.808877 -0.278680 -39.664440
v 1.750000 -0.300000 -39.700001
v 1.835355 -0.264645 -39.700001
v 1.781094 -0.277313 -39.650002
v 1.795711 -0.289645 -39.700001
v 1.793173 -0.289328 -39.671131
v 1.808877 -0.278680 -39.664440
v 1.770000 -0.293140 -39.664333
v 3.664645 1.564645 -39.700001
v 3.700000 1.650000 -39.700001
v 3.642930 1.582166 -39.650002
v 3.689645 1.604289 -39.700001
v 3.681265 1.598051 -39.671131
v 3.683345 1.618020 -39.664730
v 3.657417 1.569286 -39.664330
v 3.700000 3.150000 -39.700001
v 3.664645 3.235355 -39.700001
v 3.643890 3.178959 -39.650002
v 3.689645 3.195711 -39.700001
v 3.682264 3.193137 -39.671131
v 3.661951 3.215526 -39.664722
v 3.683637 3.163745 -39.664742
v 1.835355 5.064644 -39.700001
v 1.750000 5.100000 -39.700001
v 1.782644 5.040988 -39.650002
v 1.795711 5.089644 -39.700001
v 1.793951 5.081653 -39.671131
v 1.765140 5.082821 -39.664783
v 1.817188 5.060511 -39.664715
v -1.750000 5.100000 -39.700001
v -1.835355 5.064644 -39.700001
v -1.782644 5.040988 -39.650002
v -1.795711 5.089644 -39.700001
v -1.793951 5.081653 -39.671131
v -1.817188 5.060511 -39.664715
v -1.765140 5.082821 -39.664783
v -3.664645 3.235355 -39.700001
v -3.700000 3.150000 -39.700001
v -3.643890 3.178959 -39.650002
v -3.689645 3.195711 -39.700001
v -3.682265 3.193137 -39.671131
v -3.683637 3.163745 -39.664742
v -3.661951 3.215526 -39.664722
v -3.700000 1.650000 -39.700001
v -3.664645 1.564645 -39.700001
v -3.642930 1.582166 -39.650002
v -3.689645 1.604289 -39.700001
v -3.681265 1.598051 -39.671131
v -3.657417 1.569286 -39.664330
v -3.683345 1.618020 -39.664726
v -1.835355 -0.264645 -40.299999
v -1.781094 -0.277313 -40.349998
v -1.750000 -0.300000 -40.299999
v -1.808877 -0.278680 -40.335560
v -1.793173 -0.289328 -40.328873
v -1.770000 -0.293140 -40.335667
v -1.795711 -0.289645 -40.299999
v 1.835355 -0.264645 -40.299999
v 1.750000 -0.300000 -40.299999
v 1.781094 -0.277313 -40.349998
v 1.795711 -0.289645 -40.299999
v 1.793173 -0.289328 -40.328873
v 1.770000 -0.293140 -40.335670
v 1.808877 -0.278680 -40.335560
v 3.700000 1.650000 -40.299999
v 3.664645 1.564645 -40.299999
v 3.642930 1.582166 -40.349998
v 3.689645 1.604289 -40.299999
v 3.681265 1.598051 -40.328873
v 3.657417 1.569286 -40.335670
v 3.683345 1.618020 -40.335270
v 3.664645 3.235355 -40.299999
v 3.700000 3.150000 -40.299999
v 3.643890 3.178959 -40.349998
v 3.689645 3.195711 -40.299999
v 3.682265 3.193137 -40.328873
v 3.683637 3.163745 -40.335255
v 3.661951 3.215526 -40.335278
v 1.750000 5.100000 -40.299999
v 1.835355 5.064644 -40.299999
v 1.782644 5.040988 -40.349998
v 1.795711 5.089644 -40.299999
v 1.793951 5.081653 -40.328873
v 1.817188 5.060511 -40.335285
v 1.765140 5.082821 -40.335217
v -1.835355 5.064644 -40.299999
v -1.750000 5.100000 -40.299999
v -1.782644 5.040988 -40.349998
v -1.795711 5.089644 -40.299999
v -1.793951 5.081653 -40.328873
v -1.765140 5.082821 -40.335217
v -1.817188 5.060511 -40.335285
v -3.700000 3.150000 -40.299999
v -3.664645 3.235355 -40.299999
v -3.643890 3.178959 -40.349998
v -3.689645 3.195711 -40.299999
v -3.682264 3.193137 -40.328873
v -3.661951 3.215526 -40.335278
v -3.683637 3.163745 -40.335255
v -3.664645 1.564645 -40.299999
v -3.700000 1.650000 -40.299999
v -3.642930 1.582166 -40.349998
v -3.689645 1.604289 -40.299999
v -3.681265 1.598051 -40.328873
v -3.683345 1.618020 -40.335270
v -3.657417 1.569286 -40.335670
v -1.500000 0.000000 -39.700001
v -1.585355 0.035355 -39.700001
v -1.568905 -0.022687 -39.650002
v -1.545711 0.010355 -39.700001
v -1.551992 0.002794 -39.671131
v -1.569035 0.006609 -39.664452
v -1.544127 -0.006773 -39.664463
v 1.585355 0.035355 -39.700001
v 1.500000 0.000000 -39.700001
v 1.568905 -0.022687 -39.650002
v 1.545711 0.010355 -39.700001
v 1.551992 0.002794 -39.671131
v 1.544127 -0.006773 -39.664463
v 1.569035 0.006609 -39.664452
v 2.900000 1.400000 -39.700001
v 2.864645 1.314645 -39.700001
v 2.957070 1.367834 -39.650002
v 2.889645 1.354289 -39.700001
v 2.905401 1.360313 -39.671131
v 2.915000 1.353385 -39.664547
v 2.916634 1.384850 -39.664757
v 2.864645 2.935355 -39.700001
v 2.900000 2.850000 -39.700001
v 2.956110 2.921041 -39.650002
v 2.889645 2.895711 -39.700001
v 2.902528 2.900444 -39.671131
v 2.916384 2.883752 -39.664719
v 2.901368 2.921180 -39.664700
v 1.500000 4.250000 -39.700001
v 1.585355 4.214644 -39.700001
v 1.567356 4.309011 -39.650002
v 1.545711 4.239645 -39.700001
v 1.549387 4.253170 -39.671131
v 1.569360 4.252966 -39.664692
v 1.531274 4.267204 -39.664749
v -1.585355 4.214644 -39.700001
v -1.500000 4.250000 -39.700001
v -1.567356 4.309011 -39.650002
v -1.545711 4.239645 -39.700001
v -1.549387 4.253170 -39.671131
v -1.531275 4.267204 -39.664749
v -1.569360 4.252967 -39.664688
v -2.900000 2.850000 -39.700001
v -2.864645 2.935355 -39.700001
v -2.956110 2.921041 -39.650002
v -2.889645 2.895711 -39.700001
v -2.902528 2.900444 -39.671131
v -2.901368 2.921180 -39.664700
v -2.916384 2.883752 -39.664719
v -2.864645 1.314645 -39.700001
v -2.900000 1.400000 -39.700001
v -2.957070 1.367834 -39.650002
v -2.889645 1.354289 -39.700001
v -2.905401 1.360313 -39.671131
v -2.916634 1.384850 -39.664757
v -2.915000 1.353386 -39.664547
v -1.585355 0.035355 -40.299999
v -1.500000 0.000000 -40.299999
v -1.568905 -0.022687 -40.349998
v -1.545711 0.010355 -40.299999
v -1.551992 0.002794 -40.328873
v -1.544127 -0.006773 -40.335541
v -1.569035 0.006609 -40.335548
v 1.585355 0.035355 -40.299999
v 1.568905 -0.022687 -40.349998
v 1.500000 0.000000 -40.299999
v 1.569035 0.006609 -40.335548
v 1.551992 0.002794 -40.328873
v 1.544127 -0.006773 -40.335541
v 1.545711 0.010355 -40.299999
v 2.900000 1.400000 -40.299999
v 2.957070 1.367834 -40.349998
v 2.864645 1.314645 -40.299999
v 2.916634 1.384850 -40.335243
v 2.905401 1.360313 -40.328873
v 2.915000 1.353386 -40.335453
v 2.889645 1.354289 -40.299999
v 2.864645 2.935355 -40.299999
v 2.956110 2.921041 -40.349998
v 2.900000 2.850000 -40.299999
v 2.901368 2.921180 -40.335300
v 2.902528 2.900444 -40.328873
v 2.916384 2.883752 -40.335281
v 2.889645 2.895711 -40.299999
v 1.500000 4.250000 -40.299999
v 1.567356 4.309011 -40.349998
v 1.585355 4.214644 -40.299999
v 1.531275 4.267204 -40.335247
v 1.549387 4.253170 -40.328873
v 1.569360 4.252967 -40.335308
v 1.545711 4.239645 -40.299999
v -1.585355 4.214644 -40.299999
v -1.567356 4.309011 -40.349998
v -1.500000 4.250000 -40.299999
v -1.569360 4.252966 -40.335308
v -1.549387 4.253170 -40.328873
v -1.531275 4.267204 -40.335247
v -1.545711 4.239645 -40.299999
v -2.900000 2.850000 -40.299999
v -2.956110 2.921041 -40.349998
v -2.864645 2.935355 -40.299999
v -2.916384 2.883752 -40.335285
v -2.902529 2.900444 -40.328873
v -2.901368 2.921180 -40.335300
v -2.889645 2.895711 -40.299999
v -2.864645 1.314645 -40.299999
v -2.957070 1.367834 -40.349998
v -2.900000 1.400000 -40.299999
v -2.915000 1.353385 -40.335453
v -2.905401 1.360313 -40.328873
v -2.916634 1.384850 -40.335243
v -2.889645 1.354289 -40.299999
v -3.310000 0.140000 -39.549999
v -3.350000 0.140000 -39.590000
v -3.310000 0.100000 -39.590000
v -3.338284 0.140000 -39.561710
v -3.333094 0.116906 -39.566902
v -3.338284 0.111716 -39.589996
v -3.310000 0.111716 -39.561710
v -2.890000 0.140000 -39.549999
v -2.890000 0.100000 -39.590000
v -2.850000 0.140000 -39.590000
v -2.890000 0.111716 -39.561710
v -2.866906 0.116906 -39.566902
v -2.861715 0.111716 -39.589996
v -2.861715 0.140000 -39.561710
v -2.890000 0.140000 -40.450001
v -2.850000 0.140000 -40.410000
v -2.890000 0.100000 -40.410000
v -2.861715 0.140000 -40.438290
v -2.866906 0.116906 -40.433098
v -2.861715 0.111716 -40.410004
v -2.890000 0.111716 -40.438290
v -3.350000 0.140000 -40.410000
v -3.310000 0.140000 -40.450001
v -3.310000 0.100000 -40.410000
v -3.338284 0.140000 -40.438290
v -3.333094 0.116906 -40.433098
v -3.310000 0.111716 -40.438290
v -3.338284 0.111716 -40.410004
v -3.350000 0.960000 -39.590000
v -3.310000 0.960000 -39.549999
v -3.310000 1.000000 -39.590000
v -3.338284 0.960000 -39.561710
v -3.333094 0.983094 -39.566902
v -3.310000 0.988284 -39.561710
v -3.338284 0.988284 -39.589996
v -2.890000 0.960000 -39.549999
v -2.850000 0.960000 -39.590000
v -2.890000 1.000000 -39.590000
v -2.861715 0.960000 -39.561710
v -2.866906 0.983094 -39.566902
v -2.861715 0.988284 -39.589996
v -2.890000 0.988284 -39.561710
v -2.850000 0.960000 -40.410000
v -2.890000 0.960000 -40.450001
v -2.890000 1.000000 -40.410000
v -2.861715 0.960000 -40.438290
v -2.866906 0.983094 -40.433098
v -2.890000 0.988284 -40.438290
v -2.861715 0.988284 -40.410004
v -3.350000 0.960000 -40.410000
v -3.310000 1.000000 -40.410000
v -3.310000 0.960000 -40.450001
v -3.338284 0.988284 -40.410004
v -3.333094 0.983094 -40.433098
v -3.310000 0.988284 -40.438290
v -3.338284 0.960000 -40.438290
v -3.160000 4.240000 -39.599998
v -3.200000 4.240000 -39.639999
v -3.160000 4.200000 -39.639999
v -3.188285 4.240000 -39.611713
v -3.183094 4.216906 -39.616905
v -3.188285 4.211716 -39.639999
v -3.160000 4.211716 -39.611713
v -2.640000 4.240000 -39.599998
v -2.640000 4.200000 -39.639999
v -2.600000 4.240000 -39.639999
v -2.640000 4.211716 -39.611713
v -2.616906 4.216906 -39.616905
v -2.611716 4.211716 -39.639999
v -2.611716 4.240000 -39.611713
v -2.640000 4.240000 -40.400002
v -2.600000 4.240000 -40.360001
v -2.640000 4.200000 -40.360001
v -2.611716 4.240000 -40.388287
v -2.616906 4.216906 -40.383095
v -2.611716 4.211716 -40.360001
v -2.640000 4.211716 -40.388287
v -3.200000 4.240000 -40.360001
v -3.160000 4.240000 -40.400002
v -3.160000 4.200000 -40.360001
v -3.188285 4.240000 -40.388287
v -3.183094 4.216906 -40.383095
v -3.160000 4.211716 -40.388287
v -3.188285 4.211716 -40.360001
v -3.200000 4.660000 -39.639999
v -3.160000 4.660000 -39.599998
v -3.160000 4.700000 -39.639999
v -3.188285 4.660000 -39.611713
v -3.183094 4.683094 -39.616905
v -3.160000 4.688284 -39.611713
v -3.188285 4.688284 -39.639999
v -2.640000 4.660000 -39.599998
v -2.600000 4.660000 -39.639999
v -2.640000 4.700000 -39.639999
v -2.611716 4.660000 -39.611713
v -2.616906 4.683094 -39.616905
v -2.611716 4.688284 -39.639999
v -2.640000 4.688284 -39.611713
v -2.600000 4.660000 -40.360001
v -2.640000 4.660000 -40.400002
v -2.640000 4.700000 -40.360001
v -2.611716 4.660000 -40.388287
v -2.616906 4.683094 -40.383095
v -2.640000 4.688284 -40.388287
v -2.611716 4.688284 -40.360001
v -3.200000 4.660000 -40.360001
v -3.160000 4.700000 -40.360001
v -3.160000 4.660000 -40.400002
v -3.188285 4.688284 -40.360001
v -3.183094 4.683094 -40.383095
v -3.160000 4.688284 -40.388287
v -3.188285 4.660000 -40.388287
v 2.890000 0.140000 -39.549999
v 2.850000 0.140000 -39.590000
v 2.890000 0.100000 -39.590000
v 2.861715 0.140000 -39.561710
v 2.866906 0.116906 -39.566902
v 2.861715 0.111716 -39.589996
v 2.890000 0.111716 -39.561710
v 3.310000 0.140000 -39.549999
v 3.310000 0.100000 -39.590000
v 3.350000 0.140000 -39.590000
v 3.310000 0.111716 -39.561710
v 3.333094 0.116906 -39.566902
v 3.338284 0.111716 -39.589996
v 3.338284 0.140000 -39.561710
v 3.310000 0.140000 -40.450001
v 3.350000 0.140000 -40.410000
v 3.310000 0.100000 -40.410000
v 3.338284 0.140000 -40.438290
v 3.333094 0.116906 -40.433098
v 3.338284 0.111716 -40.410004
v 3.310000 0.111716 -40.438290
v 2.850000 0.140000 -40.410000
v 2.890000 0.140000 -40.450001
v 2.890000 0.100000 -40.410000
v 2.861715 0.140000 -40.438290
v 2.866906 0.116906 -40.433098
v 2.890000 0.111716 -40.438290
v 2.861715 0.111716 -40.410004
v 2.850000 0.960000 -39.590000
v 2.890000 0.960000 -39.549999
v 2.890000 1.000000 -39.590000
v 2.861715 0.960000 -39.561710
v 2.866906 0.983094 -39.566902
v 2.890000 0.988284 -39.561710
v 2.861715 0.988284 -39.589996
v 3.310000 0.960000 -39.549999
v 3.350000 0.960000 -39.590000
v 3.310000 1.000000 -39.590000
v 3.338284 0.960000 -39.561710
v 3.333094 0.983094 -39.566902
v 3.338284 0.988284 -39.589996
v 3.310000 0.988284 -39.561710
v 3.350000 0.960000 -40.410000
v 3.310000 0.960000 -40.450001
v 3.310000 1.000000 -40.410000
v 3.338284 0.960000 -40.438290
v 3.333094 0.983094 -40.433098
v 3.310000 0.988284 -40.438290
v 3.338284 0.988284 -40.410004
v 2.850000 0.960000 -40.410000
v 2.890000 1.000000 -40.410000
v 2.890000 0.960000 -40.450001
v 2.861715 0.988284 -40.410004
v 2.866906 0.983094 -40.433098
v 2.890000 0.988284 -40.438290
v 2.861715 0.960000 -40.438290
v 2.640000 4.240000 -39.599998
v 2.600000 4.240000 -39.639999
v 2.640000 4.200000 -39.639999
v 2.611716 4.240000 -39.611713
v 2.616906 4.216906 -39.616905
v 2.611716 4.211716 -39.639999
v 2.640000 4.211716 -39.611713
v 3.160000 4.240000 -39.599998
v 3.160000 4.200000 -39.639999
v 3.200000 4.240000 -39.639999
v 3.160000 4.211716 -39.611713
v 3.183094 4.216906 -39.616905
v 3.188285 4.211716 -39.639999
v 3.188285 4.240000 -39.611713
v 3.160000 4.240000 -40.400002
v 3.200000 4.240000 -40.360001
v 3.160000 4.200000 -40.360001
v 3.188285 4.240000 -40.388287
v 3.183094 4.216906 -40.383095
v 3.188285 4.211716 -40.360001
v 3.160000 4.211716 -40.388287
v 2.600000 4.240000 -40.360001
v 2.640000 4.240000 -40.400002
v 2.640000 4.200000 -40.360001
v 2.611716 4.240000 -40.388287
v 2.616906 4.216906 -40.383095
v 2.640000 4.211716 -40.388287
v 2.611716 4.211716 -40.360001
v 2.600000 4.660000 -39.639999
v 2.640000 4.660000 -39.599998
v 2.640000 4.700000 -39.639999
v 2.611716 4.660000 -39.611713
v 2.616906 4.683094 -39.616905
v 2.640000 4.688284 -39.611713
v 2.611716 4.688284 -39.639999
v 3.160000 4.660000 -39.599998
v 3.200000 4.660000 -39.639999
v 3.160000 4.700000 -39.639999
v 3.188285 4.660000 -39.611713
v 3.183094 4.683094 -39.616905
v 3.188285 4.688284 -39.639999
v 3.160000 4.688284 -39.611713
v 3.200000 4.660000 -40.360001
v 3.160000 4.660000 -40.400002
v 3.160000 4.700000 -40.360001
v 3.188285 4.660000 -40.388287
v 3.183094 4.683094 -40.383095
v 3.160000 4.688284 -40.388287
v 3.188285 4.688284 -40.360001
v 2.600000 4.660000 -40.360001
v 2.640000 4.700000 -40.360001
v 2.640000 4.660000 -40.400002
v 2.611716 4.688284 -40.360001
v 2.616906 4.683094 -40.383095
v 2.640000 4.688284 -40.388287
v 2.611716 4.660000 -40.388287
v -1.835355 -0.264645 -44.700001
v -1.750000 -0.300000 -44.700001
v -1.781094 -0.277313 -44.650002
v -1.795711 -0.289645 -44.700001
v -1.793173 -0.289328 -44.671135
v -1.770000 -0.293140 -44.664333
v -1.808877 -0.278680 -44.664440
v 1.750000 -0.300000 -44.700001
v 1.835355 -0.264645 -44.700001
v 1.781094 -0.277313 -44.650002
v 1.795711 -0.289645 -44.700001
v 1.793173 -0.289328 -44.671135
v 1.808877 -0.278680 -44.664440
v 1.770000 -0.293140 -44.664333
v 3.664645 1.564645 -44.700001
v 3.700000 1.650000 -44.700001
v 3.642930 1.582166 -44.650002
v 3.689645 1.604289 -44.700001
v 3.681265 1.598051 -44.671135
v 3.683345 1.618020 -44.664726
v 3.657417 1.569286 -44.664330
v 3.700000 3.150000 -44.700001
v 3.664645 3.235355 -44.700001
v 3.643890 3.178959 -44.650002
v 3.689645 3.195711 -44.700001
v 3.682264 3.193137 -44.671135
v 3.661951 3.215526 -44.664722
v 3.683637 3.163745 -44.664742
v 1.835355 5.064644 -44.700001
v 1.750000 5.100000 -44.700001
v 1.782644 5.040988 -44.650002
v 1.795711 5.089644 -44.700001
v 1.793951 5.081653 -44.671135
v 1.765140 5.082821 -44.664783
v 1.817188 5.060511 -44.664715
v -1.750000 5.100000 -44.700001
v -1.835355 5.064644 -44.700001
v -1.782644 5.040988 -44.650002
v -1.795711 5.089644 -44.700001
v -1.793951 5.081653 -44.671135
v -1.817188 5.060511 -44.664715
v -1.765140 5.082821 -44.664783
v -3.664645 3.235355 -44.700001
v -3.700000 3.150000 -44.700001
v -3.643890 3.178959 -44.650002
v -3.689645 3.195711 -44.700001
v -3.682265 3.193137 -44.671135
v -3.683637 3.163745 -44.664742
v -3.661951 3.215526 -44.664722
v -3.700000 1.650000 -44.700001
v -3.664645 1.564645 -44.700001
v -3.642930 1.582166 -44.650002
v -3.689645 1.604289 -44.700001
v -3.681265 1.598051 -44.671135
v -3.657417 1.569286 -44.664330
v -3.683345 1.618020 -44.664726
v -1.835355 -0.264645 -45.299999
v -1.781094 -0.277313 -45.349998
v -1.750000 -0.300000 -45.299999
v -1.808877 -0.278680 -45.335560
v -1.793173 -0.289328 -45.328873
v -1.770000 -0.293140 -45.335670
v -1.795711 -0.289645 -45.299999
v 1.835355 -0.264645 -45.299999
v 1.750000 -0.300000 -45.299999
v 1.781094 -0.277313 -45.349998
v 1.795711 -0.289645 -45.299999
v 1.793173 -0.289328 -45.328873
v 1.770000 -0.293140 -45.335670
v 1.808877 -0.278680 -45.335560
v 3.700000 1.650000 -45.299999
v 3.664645 1.564645 -45.299999
v 3.642930 1.582166 -45.349998
v 3.689645 1.604289 -45.299999
v 3.681265 1.598051 -45.328873
v 3.657417 1.569286 -45.335674
v 3.683345 1.618020 -45.335270
v 3.664645 3.235355 -45.299999
v 3.700000 3.150000 -45.299999
v 3.643890 3.178959 -45.349998
v 3.689645 3.195711 -45.299999
v 3.682265 3.193137 -45.328873
v 3.683637 3.163745 -45.335255
v 3.661951 3.215526 -45.335278
v 1.750000 5.100000 -45.299999
v 1.835355 5.064644 -45.299999
v 1.782644 5.040988 -45.349998
v 1.795711 5.089644 -45.299999
v 1.793951 5.081653 -45.328873
v 1.817188 5.060511 -45.335285
v 1.765140 5.082821 -45.335217
v -1.835355 5.064644 -45.299999
v -1.750000 5.100000 -45.299999
v -1.782644 5.040988 -45.349998
v -1.795711 5.089644 -45.299999
v -1.793951 5.081653 -45.328873
v -1.765140 5.082821 -45.335217
v -1.817188 5.060511 -45.335285
v -3.700000 3.150000 -45.299999
v -3.664645 3.235355 -45.299999
v -3.643890 3.178959 -45.349998
v -3.689645 3.195711 -45.299999
v -3.682264 3.193137 -45.328873
v -3.661951 3.215526 -45.335278
v -3.683637 3.163745 -45.335255
v -3.664645 1.564645 -45.299999
v -3.700000 1.650000 -45.299999
v -3.642930 1.582166 -45.349998
v -3.689645 1.604289 -45.299999
v -3.681265 1.598051 -45.328873
v -3.683345 1.618020 -45.335270
v -3.657417 1.569286 -45.335670
v -1.500000 0.000000 -44.700001
v -1.585355 0.035355 -44.700001
v -1.568905 -0.022687 -44.650002
v -1.545711 0.010355 -44.700001
v -1.551992 0.002794 -44.671135
v -1.569035 0.006609 -44.664452
v -1.544127 -0.006773 -44.664459
v 1.585355 0.035355 -44.700001
v 1.500000 0.000000 -44.700001
v 1.568905 -0.022687 -44.650002
v 1.545711 0.010355 -44.700001
v 1.551992 0.002794 -44.671135
v 1.544127 -0.006773 -44.664463
v 1.569035 0.006609 -44.664452
v 2.900000 1.400000 -44.700001
v 2.864645 1.314645 -44.700001
v 2.957070 1.367834 -44.650002
v 2.889645 1.354289 -44.700001
v 2.905401 1.360313 -44.671135
v 2.915000 1.353385 -44.664547
v 2.916634 1.384850 -44.664757
v 2.864645 2.935355 -44.700001
v 2.900000 2.850000 -44.700001
v 2.956110 2.921041 -44.650002
v 2.889645 2.895711 -44.700001
v 2.902528 2.900444 -44.671135
v 2.916384 2.883752 -44.664715
v 2.901368 2.921180 -44.664700
v 1.500000 4.250000 -44.700001
v 1.585355 4.214644 -44.700001
v 1.567356 4.309011 -44.650002
v 1.545711 4.239645 -44.700001
v 1.549387 4.253170 -44.671135
v 1.569360 4.252966 -44.664692
v 1.531274 4.267204 -44.664753
v -1.585355 4.214644 -44.700001
v -1.500000 4.250000 -44.700001
v -1.567356 4.309011 -44.650002
v -1.545711 4.239645 -44.700001
v -1.549387 4.253170 -44.671135
v -1.531275 4.267204 -44.664749
v -1.569360 4.252967 -44.664692
v -2.900000 2.850000 -44.700001
v -2.864645 2.935355 -44.700001
v -2.956110 2.921041 -44.650002
v -2.889645 2.895711 -44.700001
v -2.902528 2.900444 -44.671135
v -2.901368 2.921180 -44.664696
v -2.916384 2.883752 -44.664715
v -2.864645 1.314645 -44.700001
v -2.900000 1.400000 -44.700001
v -2.957070 1.367834 -44.650002
v -2.889645 1.354289 -44.700001
v -2.905401 1.360313 -44.671135
v -2.916634 1.384850 -44.664757
v -2.915000 1.353386 -44.664547
v -1.585355 0.035355 -45.299999
v -1.500000 0.000000 -45.299999
v -1.568905 -0.022687 -45.349998
v -1.545711 0.010355 -45.299999
v -1.551992 0.002794 -45.328873
v -1.544127 -0.006773 -45.335537
v -1.569035 0.006609 -45.335545
v 1.585355 0.035355 -45.299999
v 1.568905 -0.022687 -45.349998
v 1.500000 0.000000 -45.299999
v 1.569035 0.006609 -45.335545
v 1.551992 0.002794 -45.328873
v 1.544127 -0.006773 -45.335537
v 1.545711 0.010355 -45.299999
v 2.900000 1.400000 -45.299999
v 2.957070 1.367834 -45.349998
v 2.864645 1.314645 -45.299999
v 2.916634 1.384850 -45.335243
v 2.905401 1.360313 -45.328873
v 2.915000 1.353386 -45.335457
v 2.889645 1.354289 -45.299999
v 2.864645 2.935355 -45.299999
v 2.956110 2.921041 -45.349998
v 2.900000 2.850000 -45.299999
v 2.901368 2.921180 -45.335300
v 2.902528 2.900444 -45.328873
v 2.916384 2.883752 -45.335281
v 2.889645 2.895711 -45.299999
v 1.500000 4.250000 -45.299999
v 1.567356 4.309011 -45.349998
v 1.585355 4.214644 -45.299999
v 1.531275 4.267204 -45.335247
v 1.549387 4.253170 -45.328873
v 1.569360 4.252967 -45.335308
v 1.545711 4.239645 -45.299999
v -1.585355 4.214644 -45.299999
v -1.567356 4.309011 -45.349998
v -1.500000 4.250000 -45.299999
v -1.569360 4.252966 -45.335312
v -1.549387 4.253170 -45.328873
v -1.531275 4.267204 -45.335247
v -1.545711 4.239645 -45.299999
v -2.900000 2.850000 -45.299999
v -2.956110 2.921041 -45.349998
v -2.864645 2.935355 -45.299999
v -2.916384 2.883752 -45.335285
v -2.902529 2.900444 -45.328873
v -2.901368 2.921180 -45.335300
v -2.889645 2.895711 -45.299999
v -2.864645 1.314645 -45.299999
v -2.957070 1.367834 -45.349998
v -2.900000 1.400000 -45.299999
v -2.915000 1.353385 -45.335457
v -2.905401 1.360313 -45.328873
v -2.916634 1.384850 -45.335243
v -2.889645 1.354289 -45.299999
v -3.310000 0.140000 -44.549999
v -3.350000 0.140000 -44.590000
v -3.310000 0.100000 -44.590000
v -3.338284 0.140000 -44.561710
v -3.333094 0.116906 -44.566902
v -3.338284 0.111716 -44.589996
v -3.310000 0.111716 -44.561710
v -2.890000 0.140000 -44.549999
v -2.890000 0.100000 -44.590000
v -2.850000 0.140000 -44.590000
v -2.890000 0.111716 -44.561710
v -2.866906 0.116906 -44.566902
v -2.861715 0.111716 -44.589996
v -2.861715 0.140000 -44.561710
v -2.890000 0.140000 -45.450001
v -2.850000 0.140000 -45.410000
v -2.890000 0.100000 -45.410000
v -2.861715 0.140000 -45.438290
v -2.866906 0.116906 -45.433098
v -2.861715 0.111716 -45.410004
v -2.890000 0.111716 -45.438290
v -3.350000 0.140000 -45.410000
v -3.310000 0.140000 -45.450001
v -3.310000 0.100000 -45.410000
v -3.338284 0.140000 -45.438290
v -3.333094 0.116906 -45.433098
v -3.310000 0.111716 -45.438290
v -3.338284 0.111716 -45.410004
v -3.350000 0.960000 -44.590000
v -3.310000 0.960000 -44.549999
v -3.310000 1.000000 -44.590000
v -3.338284 0.960000 -44.561710
v -3.333094 0.983094 -44.566902
v -3.310000 0.988284 -44.561710
v -3.338284 0.988284 -44.589996
v -2.890000 0.960000 -44.549999
v -2.850000 0.960000 -44.590000
v -2.890000 1.000000 -44.590000
v -2.861715 0.960000 -44.561710
v -2.866906 0.983094 -44.566902
v -2.861715 0.988284 -44.589996
v -2.890000 0.988284 -44.561710
v -2.850000 0.960000 -45.410000
v -2.890000 0.960000 -45.450001
v -2.890000 1.000000 -45.410000
v -2.861715 0.960000 -45.438290
v -2.866906 0.983094 -45.433098
v -2.890000 0.988284 -45.438290
v -2.861715 0.988284 -45.410004
v -3.350000 0.960000 -45.410000
v -3.310000 1.000000 -45.410000
v -3.310000 0.960000 -45.450001
v -3.338284 0.988284 -45.410004
v -3.333094 0.983094 -45.433098
v -3.310000 0.988284 -45.438290
v -3.338284 0.960000 -45.438290
v -3.160000 4.240000 -44.599998
v -3.200000 4.240000 -44.639999
v -3.160000 4.200000 -44.639999
v -3.188285 4.240000 -44.611717
v -3.183094 4.216906 -44.616909
v -3.188285 4.211716 -44.640003
v -3.160000 4.211716 -44.611717
v -2.640000 4.240000 -44.599998
v -2.640000 4.200000 -44.639999
v -2.600000 4.240000 -44.639999
v -2.640000 4.211716 -44.611717
v -2.616906 4.216906 -44.616909
v -2.611716 4.211716 -44.640003
v -2.611716 4.240000 -44.611717
v -2.640000 4.240000 -45.400002
v -2.600000 4.240000 -45.360001
v -2.640000 4.200000 -45.360001
v -2.611716 4.240000 -45.388283
v -2.616906 4.216906 -45.383091
v -2.611716 4.211716 -45.359997
v -2.640000 4.211716 -45.388283
v -3.200000 4.240000 -45.360001
v -3.160000 4.240000 -45.400002
v -3.160000 4.200000 -45.360001
v -3.188285 4.240000 -45.388283
v -3.183094 4.216906 -45.383091
v -3.160000 4.211716 -45.388283
v -3.188285 4.211716 -45.359997
v -3.200000 4.660000 -44.639999
v -3.160000 4.660000 -44.599998
v -3.160000 4.700000 -44.639999
v -3.188285 4.660000 -44.611717
v -3.183094 4.683094 -44.616909
v -3.160000 4.688284 -44.611717
v -3.188285 4.688284 -44.640003
v -2.640000 4.660000 -44.599998
v -2.600000 4.660000 -44.639999
v -2.640000 4.700000 -44.639999
v -2.611716 4.660000 -44.611717
v -2.616906 4.683094 -44.616909
v -2.611716 4.688284 -44.640003
v -2.640000 4.688284 -44.611717
v -2.600000 4.660000 -45.360001
v -2.640000 4.660000 -45.400002
v -2.640000 4.700000 -45.360001
v -2.611716 4.660000 -45.388283
v -2.616906 4.683094 -45.383091
v -2.640000 4.688284 -45.388283
v -2.611716 4.688284 -45.359997
v -3.200000 4.660000 -45.360001
v -3.160000 4.700000 -45.360001
v -3.160000 4.660000 -45.400002
v -3.188285 4.688284 -45.359997
v -3.183094 4.683094 -45.383091
v -3.160000 4.688284 -45.388283
v -3.188285 4.660000 -45.388283
v 2.890000 0.140000 -44.549999
v 2.850000 0.140000 -44.590000
v 2.890000 0.100000 -44.590000
v 2.861715 0.140000 -44.561710
v 2.866906 0.116906 -44.566902
v 2.861715 0.111716 -44.589996
v 2.890000 0.111716 -44.561710
v 3.310000 0.140000 -44.549999
v 3.310000 0.100000 -44.590000
v 3.350000 0.140000 -44.590000
v 3.310000 0.111716 -44.561710
v 3.333094 0.116906 -44.566902
v 3.338284 0.111716 -44.589996
v 3.338284 0.140000 -44.561710
v 3.310000 0.140000 -45.450001
v 3.350000 0.140000 -45.410000
v 3.310000 0.100000 -45.410000
v 3.338284 0.140000 -45.438290
v 3.333094 0.116906 -45.433098
v 3.338284 0.111716 -45.410004
v 3.310000 0.111716 -45.438290
v 2.850000 0.140000 -45.410000
v 2.890000 0.140000 -45.450001
v 2.890000 0.100000 -45.410000
v 2.861715 0.140000 -45.438290
v 2.866906 0.116906 -45.433098
v 2.890000 0.111716 -45.438290
v 2.861715 0.111716 -45.410004
v 2.850000 0.960000 -44.590000
v 2.890000 0.960000 -44.549999
v 2.890000 1.000000 -44.590000
v 2.861715 0.960000 -44.561710
v 2.866906 0.983094 -44.566902
v 2.890000 0.988284 -44.561710
v 2.861715 0.988284 -44.589996
v 3.310000 0.960000 -44.549999
v 3.350000 0.960000 -44.590000
v 3.310000 1.000000 -44.590000
v 3.338284 0.960000 -44.561710
v 3.333094 0.983094 -44.566902
v 3.338284 0.988284 -44.589996
v 3.310000 0.988284 -44.561710
v 3.350000 0.960000 -45.410000
v 3.310000 0.960000 -45.450001
v 3.310000 1.000000 -45.410000
v 3.338284 0.960000 -45.438290
v 3.333094 0.983094 -45.433098
v 3.310000 0.988284 -45.438290
v 3.338284 0.988284 -45.410004
v 2.850000 0.960000 -45.410000
v 2.890000 1.000000 -45.410000
v 2.890000 0.960000 -45.450001
v 2.861715 0.988284 -45.410004
v 2.866906 0.983094 -45.433098
v 2.890000 0.988284 -45.438290
v 2.861715 0.960000 -45.438290
v 2.640000 4.240000 -44.599998
v 2.600000 4.240000 -44.639999
v 2.640000 4.200000 -44.639999
v 2.611716 4.240000 -44.611717
v 2.616906 4.216906 -44.616909
v 2.611716 4.211716 -44.640003
v 2.640000 4.211716 -44.611717
v 3.160000 4.240000 -44.599998
v 3.160000 4.200000 -44.639999
v 3.200000 4.240000 -44.639999
v 3.160000 4.211716 -44.611717
v 3.183094 4.216906 -44.616909
v 3.188285 4.211716 -44.640003
v 3.188285 4.240000 -44.611717
v 3.160000 4.240000 -45.400002
v 3.200000 4.240000 -45.360001
v 3.160000 4.200000 -45.360001
v 3.188285 4.240000 -45.388283
v 3.183094 4.216906 -45.383091
v 3.188285 4.211716 -45.359997
v 3.160000 4.211716 -45.388283
v 2.600000 4.240000 -45.360001
v 2.640000 4.240000 -45.400002
v 2.640000 4.200000 -45.360001
v 2.611716 4.240000 -45.388283
v 2.616906 4.216906 -45.383091
v 2.640000 4.211716 -45.388283
v 2.611716 4.211716 -45.359997
v 2.600000 4.660000 -44.639999
v 2.640000 4.660000 -44.599998
v 2.640000 4.700000 -44.639999
v 2.611716 4.660000 -44.611717
v 2.616906 4.683094 -44.616909
v 2.640000 4.688284 -44.611717
v 2.611716 4.688284 -44.640003
v 3.160000 4.660000 -44.599998
v 3.200000 4.660000 -44.639999
v 3.160000 4.700000 -44.639999
v 3.188285 4.660000 -44.611717
v 3.183094 4.683094 -44.616909
v 3.188285 4.688284 -44.640003
v 3.160000 4.688284 -44.611717
v 3.200000 4.660000 -45.360001
v 3.160000 4.660000 -45.400002
v 3.160000 4.700000 -45.360001
v 3.188285 4.660000 -45.388283
v 3.183094 4.683094 -45.383091
v 3.160000 4.688284 -45.388283
v 3.188285 4.688284 -45.359997
v 2.600000 4.660000 -45.360001
v 2.640000 4.700000 -45.360001
v 2.640000 4.660000 -45.400002
v 2.611716 4.688284 -45.359997
v 2.616906 4.683094 -45.383091
v 2.640000 4.688284 -45.388283
v 2.611716 4.660000 -45.388283
v -1.835355 -0.264645 -49.700001
v -1.750000 -0.300000 -49.700001
v -1.781094 -0.277313 -49.650002
v -1.795711 -0.289645 -49.700001
v -1.793173 -0.289328 -49.671135
v -1.770000 -0.293140 -49.664333
v -1.808877 -0.278680 -49.664440
v 1.750000 -0.300000 -49.700001
v 1.835355 -0.264645 -49.700001
v 1.781094 -0.277313 -49.650002
v 1.795711 -0.289645 -49.700001
v 1.793173 -0.289328 -49.671135
v 1.808877 -0.278680 -49.664440
v 1.770000 -0.293140 -49.664333
v 3.664645 1.564645 -49.700001
v 3.700000 1.650000 -49.700001
v 3.642930 1.582166 -49.650002
v 3.689645 1.604289 -49.700001
v 3.681265 1.598051 -49.671135
v 3.683345 1.618020 -49.664726
v 3.657417 1.569286 -49.664326
v 3.700000 3.150000 -49.700001
v 3.664645 3.235355 -49.700001
v 3.643890 3.178959 -49.650002
v 3.689645 3.195711 -49.700001
v 3.682264 3.193137 -49.671135
v 3.661951 3.215526 -49.664722
v 3.683637 3.163745 -49.664742
v 1.835355 5.064644 -49.700001
v 1.750000 5.100000 -49.700001
v 1.782644 5.040988 -49.650002
v 1.795711 5.089644 -49.700001
v 1.793951 5.081653 -49.671135
v 1.765140 5.082821 -49.664783
v 1.817188 5.060511 -49.664715
v -1.750000 5.100000 -49.700001
v -1.835355 5.064644 -49.700001
v -1.782644 5.040988 -49.650002
v -1.795711 5.089644 -49.700001
v -1.793951 5.081653 -49.671135
v -1.817188 5.060511 -49.664715
v -1.765140 5.082821 -49.664783
v -3.664645 3.235355 -49.700001
v -3.700000 3.150000 -49.700001
v -3.643890 3.178959 -49.650002
v -3.689645 3.195711 -49.700001
v -3.682265 3.193137 -49.671135
v -3.683637 3.163745 -49.664742
v -3.661951 3.215526 -49.664722
v -3.700000 1.650000 -49.700001
v -3.664645 1.564645 -49.700001
v -3.642930 1.582166 -49.650002
v -3.689645 1.604289 -49.700001
v -3.681265 1.598051 -49.671135
v -3.657417 1.569286 -49.664330
v -3.683345 1.618020 -49.664726
v -1.835355 -0.264645 -50.299999
v -1.781094 -0.277313 -50.349998
v -1.750000 -0.300000 -50.299999
v -1.808877 -0.278680 -50.335560
v -1.793173 -0.289328 -50.328869
v -1.770000 -0.293140 -50.335667
v -1.795711 -0.289645 -50.299999
v 1.835355 -0.264645 -50.299999
v 1.750000 -0.300000 -50.299999
v 1.781094 -0.277313 -50.349998
v 1.795711 -0.289645 -50.299999
v 1.793173 -0.289328 -50.328869
v 1.770000 -0.293140 -50.335670
v 1.808877 -0.278680 -50.335560
v 3.700000 1.650000 -50.299999
v 3.664645 1.564645 -50.299999
v 3.642930 1.582166 -50.349998
v 3.689645 1.604289 -50.299999
v 3.681265 1.598051 -50.328869
v 3.657417 1.569286 -50.335670
v 3.683345 1.618020 -50.335270
v 3.664645 3.235355 -50.299999
v 3.700000 3.150000 -50.299999
v 3.643890 3.178959 -50.349998
v 3.689645 3.195711 -50.299999
v 3.682265 3.193137 -50.328869
v 3.683637 3.163745 -50.335255
v 3.661951 3.215526 -50.335278
v 1.750000 5.100000 -50.299999
v 1.835355 5.064644 -50.299999
v 1.782644 5.040988 -50.349998
v 1.795711 5.089644 -50.299999
v 1.793951 5.081653 -50.328869
v 1.817188 5.060511 -50.335285
v 1.765140 5.082821 -50.335217
v -1.835355 5.064644 -50.299999
v -1.750000 5.100000 -50.299999
v -1.782644 5.040988 -50.349998
v -1.795711 5.089644 -50.299999
v -1.793951 5.081653 -50.328869
v -1.765140 5.082821 -50.335217
v -1.817188 5.060511 -50.335285
v -3.700000 3.150000 -50.299999
v -3.664645 3.235355 -50.299999
v -3.643890 3.178959 -50.349998
v -3.689645 3.195711 -50.299999
v -3.682264 3.193137 -50.328869
v -3.661951 3.215526 -50.335278
v -3.683637 3.163745 -50.335255
v -3.664645 1.564645 -50.299999
v -3.700000 1.650000 -50.299999
v -3.642930 1.582166 -50.349998
v -3.689645 1.604289 -50.299999
v -3.681265 1.598051 -50.328869
v -3.683345 1.618020 -50.335274
v -3.657417 1.569286 -50.335670
v -1.500000 0.000000 -49.700001
v -1.585355 0.035355 -49.700001
v -1.568905 -0.022687 -49.650002
v -1.545711 0.010355 -49.700001
v -1.551992 0.002794 -49.671135
v -1.569035 0.006609 -49.664455
v -1.544127 -0.006773 -49.664463
v 1.585355 0.035355 -49.700001
v 1.500000 0.000000 -49.700001
v 1.568905 -0.022687 -49.650002
v 1.545711 0.010355 -49.700001
v 1.551992 0.002794 -49.671135
v 1.544127 -0.006773 -49.664463
v 1.569035 0.006609 -49.664455
v 2.900000 1.400000 -49.700001
v 2.864645 1.314645 -49.700001
v 2.957070 1.367834 -49.650002
v 2.889645 1.354289 -49.700001
v 2.905401 1.360313 -49.671135
v 2.915000 1.353385 -49.664547
v 2.916634 1.384850 -49.664757
v 2.864645 2.935355 -49.700001
v 2.900000 2.850000 -49.700001
v 2.956110 2.921041 -49.650002
v 2.889645 2.895711 -49.700001
v 2.902528 2.900444 -49.671135
v 2.916384 2.883752 -49.664719
v 2.901368 2.921180 -49.664700
v 1.500000 4.250000 -49.700001
v 1.585355 4.214644 -49.700001
v 1.567356 4.309011 -49.650002
v 1.545711 4.239645 -49.700001
v 1.549387 4.253170 -49.671135
v 1.569360 4.252966 -49.664688
v 1.531274 4.267204 -49.664749
v -1.585355 4.214644 -49.700001
v -1.500000 4.250000 -49.700001
v -1.567356 4.309011 -49.650002
v -1.545711 4.239645 -49.700001
v -1.549387 4.253170 -49.671135
v -1.531275 4.267204 -49.664749
v -1.569360 4.252967 -49.664692
v -2.900000 2.850000 -49.700001
v -2.864645 2.935355 -49.700001
v -2.956110 2.921041 -49.650002
v -2.889645 2.895711 -49.700001
v -2.902528 2.900444 -49.671135
v -2.901368 2.921180 -49.664696
v -2.916384 2.883752 -49.664715
v -2.864645 1.314645 -49.700001
v -2.900000 1.400000 -49.700001
v -2.957070 1.367834 -49.650002
v -2.889645 1.354289 -49.700001
v -2.905401 1.360313 -49.671135
v -2.916634 1.384850 -49.664757
v -2.915000 1.353386 -49.664543
v -1.585355 0.035355 -50.299999
v -1.500000 0.000000 -50.299999
v -1.568905 -0.022687 -50.349998
v -1.545711 0.010355 -50.299999
v -1.551992 0.002794 -50.328869
v -1.544127 -0.006773 -50.335537
v -1.569035 0.006609 -50.335545
v 1.585355 0.035355 -50.299999
v 1.568905 -0.022687 -50.349998
v 1.500000 0.000000 -50.299999
v 1.569035 0.006609 -50.335545
v 1.551992 0.002794 -50.328869
v 1.544127 -0.006773 -50.335537
v 1.545711 0.010355 -50.299999
v 2.900000 1.400000 -50.299999
v 2.957070 1.367834 -50.349998
v 2.864645 1.314645 -50.299999
v 2.916634 1.384850 -50.335243
v 2.905401 1.360313 -50.328869
v 2.915000 1.353386 -50.335457
v 2.889645 1.354289 -50.299999
v 2.864645 2.935355 -50.299999
v 2.956110 2.921041 -50.349998
v 2.900000 2.850000 -50.299999
v 2.901368 2.921180 -50.335304
v 2.902528 2.900444 -50.328869
v 2.916384 2.883752 -50.335281
v 2.889645 2.895711 -50.299999
v 1.500000 4.250000 -50.299999
v 1.567356 4.309011 -50.349998
v 1.585355 4.214644 -50.299999
v 1.531275 4.267204 -50.335251
v 1.549387 4.253170 -50.328869
v 1.569360 4.252967 -50.335312
v 1.545711 4.239645 -50.299999
v -1.585355 4.214644 -50.299999
v -1.567356 4.309011 -50.349998
v -1.500000 4.250000 -50.299999
v -1.569360 4.252966 -50.335312
v -1.549387 4.253170 -50.328869
v -1.531275 4.267204 -50.335247
v -1.545711 4.239645 -50.299999
v -2.900000 2.850000 -50.299999
v -2.956110 2.921041 -50.349998
v -2.864645 2.935355 -50.299999
v -2.916384 2.883752 -50.335285
v -2.902529 2.900444 -50.328869
v -2.901368 2.921180 -50.335304
v -2.889645 2.895711 -50.299999
v -2.864645 1.314645 -50.299999
v -2.957070 1.367834 -50.349998
v -2.900000 1.400000 -50.299999
v -2.915000 1.353385 -50.335457
v -2.905401 1.360313 -50.328869
v -2.916634 1.384850 -50.335243
v -2.889645 1.354289 -50.299999
v -3.310000 0.140000 -49.549999
v -3.350000 0.140000 -49.590000
v -3.310000 0.100000 -49.590000
v -3.338284 0.140000 -49.561710
v -3.333094 0.116906 -49.566902
v -3.338284 0.111716 -49.589996
v -3.310000 0.111716 -49.561710
v -2.890000 0.140000 -49.549999
v -2.890000 0.100000 -49.590000
v -2.850000 0.140000 -49.590000
v -2.890000 0.111716 -49.561710
v -2.866906 0.116906 -49.566902
v -2.861715 0.111716 -49.589996
v -2.861715 0.140000 -49.561710
v -2.890000 0.140000 -50.450001
v -2.850000 0.140000 -50.410000
v -2.890000 0.100000 -50.410000
v -2.861715 0.140000 -50.438290
v -2.866906 0.116906 -50.433098
v -2.861715 0.111716 -50.410004
v -2.890000 0.111716 -50.438290
v -3.350000 0.140000 -50.410000
v -3.310000 0.140000 -50.450001
v -3.310000 0.100000 -50.410000
v -3.338284 0.140000 -50.438290
v -3.333094 0.116906 -50.433098
v -3.310000 0.111716 -50.438290
v -3.338284 0.111716 -50.410004
v -3.350000 0.960000 -49.590000
v -3.310000 0.960000 -49.549999
v -3.310000 1.000000 -49.590000
v -3.338284 0.960000 -49.561710
v -3.333094 0.983094 -49.566902
v -3.310000 0.988284 -49.561710
v -3.338284 0.988284 -49.589996
v -2.890000 0.960000 -49.549999
v -2.850000 0.960000 -49.590000
v -2.890000 1.000000 -49.590000
v -2.861715 0.960000 -49.561710
v -2.866906 0.983094 -49.566902
v -2.861715 0.988284 -49.589996
v -2.890000 0.988284 -49.561710
v -2.850000 0.960000 -50.410000
v -2.890000 0.960000 -50.450001
v -2.890000 1.000000 -50.410000
v -2.861715 0.960000 -50.438290
v -2.866906 0.983094 -50.433098
v -2.890000 0.988284 -50.438290
v -2.861715 0.988284 -50.410004
v -3.350000 0.960000 -50.410000
v -3.310000 1.000000 -50.410000
v -3.310000 0.960000 -50.450001
v -3.338284 0.988284 -50.410004
v -3.333094 0.983094 -50.433098
v -3.310000 0.988284 -50.438290
v -3.338284 0.960000 -50.438290
v -3.160000 4.240000 -49.599998
v -3.200000 4.240000 -49.639999
v -3.160000 4.200000 -49.639999
v -3.188285 4.240000 -49.611717
v -3.183094 4.216906 -49.616909
v -3.188285 4.211716 -49.640003
v -3.160000 4.211716 -49.611717
v -2.640000 4.240000 -49.599998
v -2.640000 4.200000 -49.639999
v -2.600000 4.240000 -49.639999
v -2.640000 4.211716 -49.611717
v -2.616906 4.216906 -49.616909
v -2.611716 4.211716 -49.640003
v -2.611716 4.240000 -49.611717
v -2.640000 4.240000 -50.400002
v -2.600000 4.240000 -50.360001
v -2.640000 4.200000 -50.360001
v -2.611716 4.240000 -50.388283
v -2.616906 4.216906 -50.383091
v -2.611716 4.211716 -50.359997
v -2.640000 4.211716 -50.388283
v -3.200000 4.240000 -50.360001
v -3.160000 4.240000 -50.400002
v -3.160000 4.200000 -50.360001
v -3.188285 4.240000 -50.388283
v -3.183094 4.216906 -50.383091
v -3.160000 4.211716 -50.388283
v -3.188285 4.211716 -50.359997
v -3.200000 4.660000 -49.639999
v -3.160000 4.660000 -49.599998
v -3.160000 4.700000 -49.639999
v -3.188285 4.660000 -49.611717
v -3.183094 4.683094 -49.616909
v -3.160000 4.688284 -49.611717
v -3.188285 4.688284 -49.640003
v -2.640000 4.660000 -49.599998
v -2.600000 4.660000 -49.639999
v -2.640000 4.700000 -49.639999
v -2.611716 4.660000 -49.611717
v -2.616906 4.683094 -49.616909
v -2.611716 4.688284 -49.640003
v -2.640000 4.688284 -49.611717
v -2.600000 4.660000 -50.360001
v -2.640000 4.660000 -50.400002
v -2.640000 4.700000 -50.360001
v -2.611716 4.660000 -50.388283
v -2.616906 4.683094 -50.383091
v -2.640000 4.688284 -50.388283
v -2.611716 4.688284 -50.359997
v -3.200000 4.660000 -50.360001
v -3.160000 4.700000 -50.360001
v -3.160000 4.660000 -50.400002
v -3.188285 4.688284 -50.359997
v -3.183094 4.683094 -50.383091
v -3.160000 4.688284 -50.388283
v -3.188285 4.660000 -50.388283
v 2.890000 0.140000 -49.549999
v 2.850000 0.140000 -49.590000
v 2.890000 0.100000 -49.590000
v 2.861715 0.140000 -49.561710
v 2.866906 0.116906 -49.566902
v 2.861715 0.111716 -49.589996
v 2.890000 0.111716 -49.561710
v 3.310000 0.140000 -49.549999
v 3.310000 0.100000 -49.590000
v 3.350000 0.140000 -49.590000
v 3.310000 0.111716 -49.561710
v 3.333094 0.116906 -49.566902
v 3.338284 0.111716 -49.589996
v 3.338284 0.140000 -49.561710
v 3.310000 0.140000 -50.450001
v 3.350000 0.140000 -50.410000
v 3.310000 0.100000 -50.410000
v 3.338284 0.140000 -50.438290
v 3.333094 0.116906 -50.433098
v 3.338284 0.111716 -50.410004
v 3.310000 0.111716 -50.438290
v 2.850000 0.140000 -50.410000
v 2.890000 0.140000 -50.450001
v 2.890000 0.100000 -50.410000
v 2.861715 0.140000 -50.438290
v 2.866906 0.116906 -50.433098
v 2.890000 0.111716 -50.438290
v 2.861715 0.111716 -50.410004
v 2.850000 0.960000 -49.590000
v 2.890000 0.960000 -49.549999
v 2.890000 1.000000 -49.590000
v 2.861715 0.960000 -49.561710
v 2.866906 0.983094 -49.566902
v 2.890000 0.988284 -49.561710
v 2.861715 0.988284 -49.589996
v 3.310000 0.960000 -49.549999
v 3.350000 0.960000 -49.590000
v 3.310000 1.000000 -49.590000
v 3.338284 0.960000 -49.561710
v 3.333094 0.983094 -49.566902
v 3.338284 0.988284 -49.589996
v 3.310000 0.988284 -49.561710
v 3.350000 0.960000 -50.410000
v 3.310000 0.960000 -50.450001
v 3.310000 1.000000 -50.410000
v 3.338284 0.960000 -50.438290
v 3.333094 0.983094 -50.433098
v 3.310000 0.988284 -50.438290
v 3.338284 0.988284 -50.410004
v 2.850000 0.960000 -50.410000
v 2.890000 1.000000 -50.410000
v 2.890000 0.960000 -50.450001
v 2.861715 0.988284 -50.410004
v 2.866906 0.983094 -50.433098
v 2.890000 0.988284 -50.438290
v 2.861715 0.960000 -50.438290
v 2.640000 4.240000 -49.599998
v 2.600000 4.240000 -49.639999
v 2.640000 4.200000 -49.639999
v 2.611716 4.240000 -49.611717
v 2.616906 4.216906 -49.616909
v 2.611716 4.211716 -49.640003
v 2.640000 4.211716 -49.611717
v 3.160000 4.240000 -49.599998
v 3.160000 4.200000 -49.639999
v 3.200000 4.240000 -49.639999
v 3.160000 4.211716 -49.611717
v 3.183094 4.216906 -49.616909
v 3.188285 4.211716 -49.640003
v 3.188285 4.240000 -49.611717
v 3.160000 4.240000 -50.400002
v 3.200000 4.240000 -50.360001
v 3.160000 4.200000 -50.360001
v 3.188285 4.240000 -50.388283
v 3.183094 4.216906 -50.383091
v 3.188285 4.211716 -50.359997
v 3.160000 4.211716 -50.388283
v 2.600000 4.240000 -50.360001
v 2.640000 4.240000 -50.400002
v 2.640000 4.200000 -50.360001
v 2.611716 4.240000 -50.388283
v 2.616906 4.216906 -50.383091
v 2.640000 4.211716 -50.388283
v 2.611716 4.211716 -50.359997
v 2.600000 4.660000 -49.639999
v 2.640000 4.660000 -49.599998
v 2.640000 4.700000 -49.639999
v 2.611716 4.660000 -49.611717
v 2.616906 4.683094 -49.616909
v 2.640000 4.688284 -49.611717
v 2.611716 4.688284 -49.640003
v 3.160000 4.660000 -49.599998
v 3.200000 4.660000 -49.639999
v 3.160000 4.700000 -49.639999
v 3.188285 4.660000 -49.611717
v 3.183094 4.683094 -49.616909
v 3.188285 4.688284 -49.640003
v 3.160000 4.688284 -49.611717
v 3.200000 4.660000 -50.360001
v 3.160000 4.660000 -50.400002
v 3.160000 4.700000 -50.360001
v 3.188285 4.660000 -50.388283
v 3.183094 4.683094 -50.383091
v 3.160000 4.688284 -50.388283
v 3.188285 4.688284 -50.359997
v 2.600000 4.660000 -50.360001
v 2.640000 4.700000 -50.360001
v 2.640000 4.660000 -50.400002
v 2.611716 4.688284 -50.359997
v 2.616906 4.683094 -50.383091
v 2.640000 4.688284 -50.388283
v 2.611716 4.660000 -50.388283
v -1.835355 -0.264645 -54.700001
v -1.750000 -0.300000 -54.700001
v -1.781094 -0.277313 -54.650002
v -1.795711 -0.289645 -54.700001
v -1.793173 -0.289328 -54.671131
v -1.770000 -0.293140 -54.664333
v -1.808877 -0.278680 -54.664440
v 1.750000 -0.300000 -54.700001
v 1.835355 -0.264645 -54.700001
v 1.781094 -0.277313 -54.650002
v 1.795711 -0.289645 -54.700001
v 1.793173 -0.289328 -54.671131
v 1.808877 -0.278680 -54.664440
v 1.770000 -0.293140 -54.664333
v 3.664645 1.564645 -54.700001
v 3.700000 1.650000 -54.700001
v 3.642930 1.582166 -54.650002
v 3.689645 1.604289 -54.700001
v 3.681265 1.598051 -54.671131
v 3.683345 1.618020 -54.664730
v 3.657417 1.569286 -54.664330
v 3.700000 3.150000 -54.700001
v 3.664645 3.235355 -54.700001
v 3.643890 3.178959 -54.650002
v 3.689645 3.195711 -54.700001
v 3.682264 3.193137 -54.671131
v 3.661951 3.215526 -54.664722
v 3.683637 3.163745 -54.664745
v 1.835355 5.064644 -54.700001
v 1.750000 5.100000 -54.700001
v 1.782644 5.040988 -54.650002
v 1.795711 5.089644 -54.700001
v 1.793951 5.081653 -54.671131
v 1.765140 5.082821 -54.664783
v 1.817188 5.060511 -54.664711
v -1.750000 5.100000 -54.700001
v -1.835355 5.064644 -54.700001
v -1.782644 5.040988 -54.650002
v -1.795711 5.089644 -54.700001
v -1.793951 5.081653 -54.671131
v -1.817188 5.060511 -54.664715
v -1.765140 5.082821 -54.664783
v -3.664645 3.235355 -54.700001
v -3.700000 3.150000 -54.700001
v -3.643890 3.178959 -54.650002
v -3.689645 3.195711 -54.700001
v -3.682265 3.193137 -54.671131
v -3.683637 3.163745 -54.664745
v -3.661951 3.215526 -54.664719
v -3.700000 1.650000 -54.700001
v -3.664645 1.564645 -54.700001
v -3.642930 1.582166 -54.650002
v -3.689645 1.604289 -54.700001
v -3.681265 1.598051 -54.671131
v -3.657417 1.569286 -54.664330
v -3.683345 1.618020 -54.664730
v -1.835355 -0.264645 -55.299999
v -1.781094 -0.277313 -55.349998
v -1.750000 -0.300000 -55.299999
v -1.808877 -0.278680 -55.335560
v -1.793173 -0.289328 -55.328869
v -1.770000 -0.293140 -55.335667
v -1.795711 -0.289645 -55.299999
v 1.835355 -0.264645 -55.299999
v 1.750000 -0.300000 -55.299999
v 1.781094 -0.277313 -55.349998
v 1.795711 -0.289645 -55.299999
v 1.793173 -0.289328 -55.328869
v 1.770000 -0.293140 -55.335667
v 1.808877 -0.278680 -55.335560
v 3.700000 1.650000 -55.299999
v 3.664645 1.564645 -55.299999
v 3.642930 1.582166 -55.349998
v 3.689645 1.604289 -55.299999
v 3.681265 1.598051 -55.328869
v 3.657417 1.569286 -55.335670
v 3.683345 1.618020 -55.335270
v 3.664645 3.235355 -55.299999
v 3.700000 3.150000 -55.299999
v 3.643890 3.178959 -55.349998
v 3.689645 3.195711 -55.299999
v 3.682265 3.193137 -55.328869
v 3.683637 3.163745 -55.335258
v 3.661951 3.215526 -55.335278
v 1.750000 5.100000 -55.299999
v 1.835355 5.064644 -55.299999
v 1.782644 5.040988 -55.349998
v 1.795711 5.089644 -55.299999
v 1.793951 5.081653 -55.328869
v 1.817188 5.060511 -55.335285
v 1.765140 5.082821 -55.335217
v -1.835355 5.064644 -55.299999
v -1.750000 5.100000 -55.299999
v -1.782644 5.040988 -55.349998
v -1.795711 5.089644 -55.299999
v -1.793951 5.081653 -55.328869
v -1.765140 5.082821 -55.335217
v -1.817188 5.060511 -55.335285
v -3.700000 3.150000 -55.299999
v -3.664645 3.235355 -55.299999
v -3.643890 3.178959 -55.349998
v -3.689645 3.195711 -55.299999
v -3.682264 3.193137 -55.328869
v -3.661951 3.215526 -55.335278
v -3.683637 3.163745 -55.335255
v -3.664645 1.564645 -55.299999
v -3.700000 1.650000 -55.299999
v -3.642930 1.582166 -55.349998
v -3.689645 1.604289 -55.299999
v -3.681265 1.598051 -55.328869
v -3.683345 1.618020 -55.335270
v -3.657417 1.569286 -55.335674
v -1.500000 0.000000 -54.700001
v -1.585355 0.035355 -54.700001
v -1.568905 -0.022687 -54.650002
v -1.545711 0.010355 -54.700001
v -1.551992 0.002794 -54.671131
v -1.569035 0.006609 -54.664455
v -1.544127 -0.006773 -54.664459
v 1.585355 0.035355 -54.700001
v 1.500000 0.000000 -54.700001
v 1.568905 -0.022687 -54.650002
v 1.545711 0.010355 -54.700001
v 1.551992 0.002794 -54.671131
v 1.544127 -0.006773 -54.664463
v 1.569035 0.006609 -54.664455
v 2.900000 1.400000 -54.700001
v 2.864645 1.314645 -54.700001
v 2.957070 1.367834 -54.650002
v 2.889645 1.354289 -54.700001
v 2.905401 1.360313 -54.671131
v 2.915000 1.353385 -54.664547
v 2.916634 1.384850 -54.664757
v 2.864645 2.935355 -54.700001
v 2.900000 2.850000 -54.700001
v 2.956110 2.921041 -54.650002
v 2.889645 2.895711 -54.700001
v 2.902528 2.900444 -54.671131
v 2.916384 2.883752 -54.664715
v 2.901368 2.921180 -54.664696
v 1.500000 4.250000 -54.700001
v 1.585355 4.214644 -54.700001
v 1.567356 4.309011 -54.650002
v 1.545711 4.239645 -54.700001
v 1.549387 4.253170 -54.671131
v 1.569360 4.252966 -54.664688
v 1.531274 4.267204 -54.664749
v -1.585355 4.214644 -54.700001
v -1.500000 4.250000 -54.700001
v -1.567356 4.309011 -54.650002
v -1.545711 4.239645 -54.700001
v -1.549387 4.253170 -54.671131
v -1.531275 4.267204 -54.664749
v -1.569360 4.252967 -54.664688
v -2.900000 2.850000 -54.700001
v -2.864645 2.935355 -54.700001
v -2.956110 2.921041 -54.650002
v -2.889645 2.895711 -54.700001
v -2.902528 2.900444 -54.671131
v -2.901368 2.921180 -54.664700
v -2.916384 2.883752 -54.664715
v -2.864645 1.314645 -54.700001
v -2.900000 1.400000 -54.700001
v -2.957070 1.367834 -54.650002
v -2.889645 1.354289 -54.700001
v -2.905401 1.360313 -54.671131
v -2.916634 1.384850 -54.664757
v -2.915000 1.353386 -54.664543
v -1.585355 0.035355 -55.299999
v -1.500000 0.000000 -55.299999
v -1.568905 -0.022687 -55.349998
v -1.545711 0.010355 -55.299999
v -1.551992 0.002794 -55.328869
v -1.544127 -0.006773 -55.335541
v -1.569035 0.006609 -55.335545
v 1.585355 0.035355 -55.299999
v 1.568905 -0.022687 -55.349998
v 1.500000 0.000000 -55.299999
v 1.569035 0.006609 -55.335545
v 1.551992 0.002794 -55.328869
v 1.544127 -0.006773 -55.335541
v 1.545711 0.010355 -55.299999
v 2.900000 1.400000 -55.299999
v 2.957070 1.367834 -55.349998
v 2.864645 1.314645 -55.299999
v 2.916634 1.384850 -55.335243
v 2.905401 1.360313 -55.328869
v 2.915000 1.353386 -55.335453
v 2.889645 1.354289 -55.299999
v 2.864645 2.935355 -55.299999
v 2.956110 2.921041 -55.349998
v 2.900000 2.850000 -55.299999
v 2.901368 2.921180 -55.335304
v 2.902528 2.900444 -55.328869
v 2.916384 2.883752 -55.335281
v 2.889645 2.895711 -55.299999
v 1.500000 4.250000 -55.299999
v 1.567356 4.309011 -55.349998
v 1.585355 4.214644 -55.299999
v 1.531275 4.267204 -55.335251
v 1.549387 4.253170 -55.328869
v 1.569360 4.252967 -55.335312
v 1.545711 4.239645 -55.299999
v -1.585355 4.214644 -55.299999
v -1.567356 4.309011 -55.349998
v -1.500000 4.250000 -55.299999
v -1.569360 4.252966 -55.335312
v -1.549387 4.253170 -55.328869
v -1.531275 4.267204 -55.335247
v -1.545711 4.239645 -55.299999
v -2.900000 2.850000 -55.299999
v -2.956110 2.921041 -55.349998
v -2.864645 2.935355 -55.299999
v -2.916384 2.883752 -55.335281
v -2.902529 2.900444 -55.328869
v -2.901368 2.921180 -55.335304
v -2.889645 2.895711 -55.299999
v -2.864645 1.314645 -55.299999
v -2.957070 1.367834 -55.349998
v -2.900000 1.400000 -55.299999
v -2.915000 1.353385 -55.335453
v -2.905401 1.360313 -55.328869
v -2.916634 1.384850 -55.335243
v -2.889645 1.354289 -55.299999
v -3.310000 0.140000 -54.549999
v -3.350000 0.140000 -54.590000
v -3.310000 0.100000 -54.590000
v -3.338284 0.140000 -54.561710
v -3.333094 0.116906 -54.566902
v -3.338284 0.111716 -54.589996
v -3.310000 0.111716 -54.561710
v -2.890000 0.140000 -54.549999
v -2.890000 0.100000 -54.590000
v -2.850000 0.140000 -54.590000
v -2.890000 0.111716 -54.561710
v -2.866906 0.116906 -54.566902
v -2.861715 0.111716 -54.589996
v -2.861715 0.140000 -54.561710
v -2.890000 0.140000 -55.450001
v -2.850000 0.140000 -55.410000
v -2.890000 0.100000 -55.410000
v -2.861715 0.140000 -55.438290
v -2.866906 0.116906 -55.433098
v -2.861715 0.111716 -55.410004
v -2.890000 0.111716 -55.438290
v -3.350000 0.140000 -55.410000
v -3.310000 0.140000 -55.450001
v -3.310000 0.100000 -55.410000
v -3.338284 0.140000 -55.438290
v -3.333094 0.116906 -55.433098
v -3.310000 0.111716 -55.438290
v -3.338284 0.111716 -55.410004
v -3.350000 0.960000 -54.590000
v -3.310000 0.960000 -54.549999
v -3.310000 1.000000 -54.590000
v -3.338284 0.960000 -54.561710
v -3.333094 0.983094 -54.566902
v -3.310000 0.988284 -54.561710
v -3.338284 0.988284 -54.589996
v -2.890000 0.960000 -54.549999
v -2.850000 0.960000 -54.590000
v -2.890000 1.000000 -54.590000
v -2.861715 0.960000 -54.561710
v -2.866906 0.983094 -54.566902
v -2.861715 0.988284 -54.589996
v -2.890000 0.988284 -54.561710
v -2.850000 0.960000 -55.410000
v -2.890000 0.960000 -55.450001
v -2.890000 1.000000 -55.410000
v -2.861715 0.960000 -55.438290
v -2.866906 0.983094 -55.433098
v -2.890000 0.988284 -55.438290
v -2.861715 0.988284 -55.410004
v -3.350000 0.960000 -55.410000
v -3.310000 1.000000 -55.410000
v -3.310000 0.960000 -55.450001
v -3.338284 0.988284 -55.410004
v -3.333094 0.983094 -55.433098
v -3.310000 0.988284 -55.438290
v -3.338284 0.960000 -55.438290
v -3.160000 4.240000 -54.599998
v -3.200000 4.240000 -54.639999
v -3.160000 4.200000 -54.639999
v -3.188285 4.240000 -54.611717
v -3.183094 4.216906 -54.616909
v -3.188285 4.211716 -54.640003
v -3.160000 4.211716 -54.611717
v -2.640000 4.240000 -54.599998
v -2.640000 4.200000 -54.639999
v -2.600000 4.240000 -54.639999
v -2.640000 4.211716 -54.611717
v -2.616906 4.216906 -54.616909
v -2.611716 4.211716 -54.640003
v -2.611716 4.240000 -54.611717
v -2.640000 4.240000 -55.400002
v -2.600000 4.240000 -55.360001
v -2.640000 4.200000 -55.360001
v -2.611716 4.240000 -55.388283
v -2.616906 4.216906 -55.383091
v -2.611716 4.211716 -55.359997
v -2.640000 4.211716 -55.388283
v -3.200000 4.240000 -55.360001
v -3.160000 4.240000 -55.400002
v -3.160000 4.200000 -55.360001
v -3.188285 4.240000 -55.388283
v -3.183094 4.216906 -55.383091
v -3.160000 4.211716 -55.388283
v -3.188285 4.211716 -55.359997
v -3.200000 4.660000 -54.639999
v -3.160000 4.660000 -54.599998
v -3.160000 4.700000 -54.639999
v -3.188285 4.660000 -54.611717
v -3.183094 4.683094 -54.616909
v -3.160000 4.688284 -54.611717
v -3.188285 4.688284 -54.640003
v -2.640000 4.660000 -54.599998
v -2.600000 4.660000 -54.639999
v -2.640000 4.700000 -54.639999
v -2.611716 4.660000 -54.611717
v -2.616906 4.683094 -54.616909
v -2.611716 4.688284 -54.640003
v -2.640000 4.688284 -54.611717
v -2.600000 4.660000 -55.360001
v -2.640000 4.660000 -55.400002
v -2.640000 4.700000 -55.360001
v -2.611716 4.660000 -55.388283
v -2.616906 4.683094 -55.383091
v -2.640000 4.688284 -55.388283
v -2.611716 4.688284 -55.359997
v -3.200000 4.660000 -55.360001
v -3.160000 4.700000 -55.360001
v -3.160000 4.660000 -55.400002
v -3.188285 4.688284 -55.359997
v -3.183094 4.683094 -55.383091
v -3.160000 4.688284 -55.388283
v -3.188285 4.660000 -55.388283
v 2.890000 0.140000 -54.549999
v 2.850000 0.140000 -54.590000
v 2.890000 0.100000 -54.590000
v 2.861715 0.140000 -54.561710
v 2.866906 0.116906 -54.566902
v 2.861715 0.111716 -54.589996
v 2.890000 0.111716 -54.561710
v 3.310000 0.140000 -54.549999
v 3.310000 0.100000 -54.590000
v 3.350000 0.140000 -54.590000
v 3.310000 0.111716 -54.561710
v 3.333094 0.116906 -54.566902
v 3.338284 0.111716 -54.589996
v 3.338284 0.140000 -54.561710
v 3.310000 0.140000 -55.450001
v 3.350000 0.140000 -55.410000
v 3.310000 0.100000 -55.410000
v 3.338284 0.140000 -55.438290
v 3.333094 0.116906 -55.433098
v 3.338284 0.111716 -55.410004
v 3.310000 0.111716 -55.438290
v 2.850000 0.140000 -55.410000
v 2.890000 0.140000 -55.450001
v 2.890000 0.100000 -55.410000
v 2.861715 0.140000 -55.438290
v 2.866906 0.116906 -55.433098
v 2.890000 0.111716 -55.438290
v 2.861715 0.111716 -55.410004
v 2.850000 0.960000 -54.590000
v 2.890000 0.960000 -54.549999
v 2.890000 1.000000 -54.590000
v 2.861715 0.960000 -54.561710
v 2.866906 0.983094 -54.566902
v 2.890000 0.988284 -54.561710
v 2.861715 0.988284 -54.589996
v 3.310000 0.960000 -54.549999
v 3.350000 0.960000 -54.590000
v 3.310000 1.000000 -54.590000
v 3.338284 0.960000 -54.561710
v 3.333094 0.983094 -54.566902
v 3.338284 0.988284 -54.589996
v 3.310000 0.988284 -54.561710
v 3.350000 0.960000 -55.410000
v 3.310000 0.960000 -55.450001
v 3.310000 1.000000 -55.410000
v 3.338284 0.960000 -55.438290
v 3.333094 0.983094 -55.433098
v 3.310000 0.988284 -55.438290
v 3.338284 0.988284 -55.410004
v 2.850000 0.960000 -55.410000
v 2.890000 1.000000 -55.410000
v 2.890000 0.960000 -55.450001
v 2.861715 0.988284 -55.410004
v 2.866906 0.983094 -55.433098
v 2.890000 0.988284 -55.438290
v 2.861715 0.960000 -55.438290
v 2.640000 4.240000 -54.599998
v 2.600000 4.240000 -54.639999
v 2.640000 4.200000 -54.639999
v 2.611716 4.240000 -54.611717
v 2.616906 4.216906 -54.616909
v 2.611716 4.211716 -54.640003
v 2.640000 4.211716 -54.611717
v 3.160000 4.240000 -54.599998
v 3.160000 4.200000 -54.639999
v 3.200000 4.240000 -54.639999
v 3.160000 4.211716 -54.611717
v 3.183094 4.216906 -54.616909
v 3.188285 4.211716 -54.640003
v 3.188285 4.240000 -54.611717
v 3.160000 4.240000 -55.400002
v 3.200000 4.240000 -55.360001
v 3.160000 4.200000 -55.360001
v 3.188285 4.240000 -55.388283
v 3.183094 4.216906 -55.383091
v 3.188285 4.211716 -55.359997
v 3.160000 4.211716 -55.388283
v 2.600000 4.240000 -55.360001
v 2.640000 4.240000 -55.400002
v 2.640000 4.200000 -55.360001
v 2.611716 4.240000 -55.388283
v 2.616906 4.216906 -55.383091
v 2.640000 4.211716 -55.388283
v 2.611716 4.211716 -55.359997
v 2.600000 4.660000 -54.639999
v 2.640000 4.660000 -54.599998
v 2.640000 4.700000 -54.639999
v 2.611716 4.660000 -54.611717
v 2.616906 4.683094 -54.616909
v 2.640000 4.688284 -54.611717
v 2.611716 4.688284 -54.640003
v 3.160000 4.660000 -54.599998
v 3.200000 4.660000 -54.639999
v 3.160000 4.700000 -54.639999
v 3.188285 4.660000 -54.611717
v 3.183094 4.683094 -54.616909
v 3.188285 4.688284 -54.640003
v 3.160000 4.688284 -54.611717
v 3.200000 4.660000 -55.360001
v 3.160000 4.660000 -55.400002
v 3.160000 4.700000 -55.360001
v 3.188285 4.660000 -55.388283
v 3.183094 4.683094 -55.383091
v 3.160000 4.688284 -55.388283
v 3.188285 4.688284 -55.359997
v 2.600000 4.660000 -55.360001
v 2.640000 4.700000 -55.360001
v 2.640000 4.660000 -55.400002
v 2.611716 4.688284 -55.359997
v 2.616906 4.683094 -55.383091
v 2.640000 4.688284 -55.388283
v 2.611716 4.660000 -55.388283
v -1.835355 -0.264645 -59.700001
v -1.750000 -0.300000 -59.700001
v -1.781094 -0.277313 -59.650002
v -1.795711 -0.289645 -59.700001
v -1.793173 -0.289328 -59.671135
v -1.770000 -0.293140 -59.664330
v -1.808877 -0.278680 -59.664440
v 1.750000 -0.300000 -59.700001
v 1.835355 -0.264645 -59.700001
v 1.781094 -0.277313 -59.650002
v 1.795711 -0.289645 -59.700001
v 1.793173 -0.289328 -59.671135
v 1.808877 -0.278680 -59.664440
v 1.770000 -0.293140 -59.664333
v 3.664645 1.564645 -59.700001
v 3.700000 1.650000 -59.700001
v 3.642930 1.582166 -59.650002
v 3.689645 1.604289 -59.700001
v 3.681265 1.598051 -59.671135
v 3.683345 1.618020 -59.664730
v 3.657417 1.569286 -59.664330
v 3.700000 3.150000 -59.700001
v 3.664645 3.235355 -59.700001
v 3.643890 3.178959 -59.650002
v 3.689645 3.195711 -59.700001
v 3.682264 3.193137 -59.671135
v 3.661951 3.215526 -59.664722
v 3.683637 3.163745 -59.664745
v 1.835355 5.064644 -59.700001
v 1.750000 5.100000 -59.700001
v 1.782644 5.040988 -59.650002
v 1.795711 5.089644 -59.700001
v 1.793951 5.081653 -59.671135
v 1.765140 5.082821 -59.664783
v 1.817188 5.060511 -59.664711
v -1.750000 5.100000 -59.700001
v -1.835355 5.064644 -59.700001
v -1.782644 5.040988 -59.650002
v -1.795711 5.089644 -59.700001
v -1.793951 5.081653 -59.671135
v -1.817188 5.060511 -59.664715
v -1.765140 5.082821 -59.664783
v -3.664645 3.235355 -59.700001
v -3.700000 3.150000 -59.700001
v -3.643890 3.178959 -59.650002
v -3.689645 3.195711 -59.700001
v -3.682265 3.193137 -59.671135
v -3.683637 3.163745 -59.664745
v -3.661951 3.215526 -59.664722
v -3.700000 1.650000 -59.700001
v -3.664645 1.564645 -59.700001
v -3.642930 1.582166 -59.650002
v -3.689645 1.604289 -59.700001
v -3.681265 1.598051 -59.671135
v -3.657417 1.569286 -59.664330
v -3.683345 1.618020 -59.664730
v -1.835355 -0.264645 -60.299999
v -1.781094 -0.277313 -60.349998
v -1.750000 -0.300000 -60.299999
v -1.808877 -0.278680 -60.335556
v -1.793173 -0.289328 -60.328873
v -1.770000 -0.293140 -60.335667
v -1.795711 -0.289645 -60.299999
v 1.835355 -0.264645 -60.299999
v 1.750000 -0.300000 -60.299999
v 1.781094 -0.277313 -60.349998
v 1.795711 -0.289645 -60.299999
v 1.793173 -0.289328 -60.328873
v 1.770000 -0.293140 -60.335667
v 1.808877 -0.278680 -60.335556
v 3.700000 1.650000 -60.299999
v 3.664645 1.564645 -60.299999
v 3.642930 1.582166 -60.349998
v 3.689645 1.604289 -60.299999
v 3.681265 1.598051 -60.328873
v 3.657417 1.569286 -60.335674
v 3.683345 1.618020 -60.335270
v 3.664645 3.235355 -60.299999
v 3.700000 3.150000 -60.299999
v 3.643890 3.178959 -60.349998
v 3.689645 3.195711 -60.299999
v 3.682265 3.193137 -60.328873
v 3.683637 3.163745 -60.335258
v 3.661951 3.215526 -60.335278
v 1.750000 5.100000 -60.299999
v 1.835355 5.064644 -60.299999
v 1.782644 5.040988 -60.349998
v 1.795711 5.089644 -60.299999
v 1.793951 5.081653 -60.328873
v 1.817188 5.060511 -60.335285
v 1.765140 5.082821 -60.335213
v -1.835355 5.064644 -60.299999
v -1.750000 5.100000 -60.299999
v -1.782644 5.040988 -60.349998
v -1.795711 5.089644 -60.299999
v -1.793951 5.081653 -60.328873
v -1.765140 5.082821 -60.335217
v -1.817188 5.060511 -60.335289
v -3.700000 3.150000 -60.299999
v -3.664645 3.235355 -60.299999
v -3.643890 3.178959 -60.349998
v -3.689645 3.195711 -60.299999
v -3.682264 3.193137 -60.328873
v -3.661951 3.215526 -60.335278
v -3.683637 3.163745 -60.335255
v -3.664645 1.564645 -60.299999
v -3.700000 1.650000 -60.299999
v -3.642930 1.582166 -60.349998
v -3.689645 1.604289 -60.299999
v -3.681265 1.598051 -60.328873
v -3.683345 1.618020 -60.335270
v -3.657417 1.569286 -60.335670
v -1.500000 0.000000 -59.700001
v -1.585355 0.035355 -59.700001
v -1.568905 -0.022687 -59.650002
v -1.545711 0.010355 -59.700001
v -1.551992 0.002794 -59.671135
v -1.569035 0.006609 -59.664455
v -1.544127 -0.006773 -59.664463
v 1.585355 0.035355 -59.700001
v 1.500000 0.000000 -59.700001
v 1.568905 -0.022687 -59.650002
v 1.545711 0.010355 -59.700001
v 1.551992 0.002794 -59.671135
v 1.544127 -0.006773 -59.664463
v 1.569035 0.006609 -59.664455
v 2.900000 1.400000 -59.700001
v 2.864645 1.314645 -59.700001
v 2.957070 1.367834 -59.650002
v 2.889645 1.354289 -59.700001
v 2.905401 1.360313 -59.671135
v 2.915000 1.353385 -59.664547
v 2.916634 1.384850 -59.664757
v 2.864645 2.935355 -59.700001
v 2.900000 2.850000 -59.700001
v 2.956110 2.921041 -59.650002
v 2.889645 2.895711 -59.700001
v 2.902528 2.900444 -59.671135
v 2.916384 2.883752 -59.664719
v 2.901368 2.921180 -59.664696
v 1.500000 4.250000 -59.700001
v 1.585355 4.214644 -59.700001
v 1.567356 4.309011 -59.650002
v 1.545711 4.239645 -59.700001
v 1.549387 4.253170 -59.671135
v 1.569360 4.252966 -59.664688
v 1.531274 4.267204 -59.664749
v -1.585355 4.214644 -59.700001
v -1.500000 4.250000 -59.700001
v -1.567356 4.309011 -59.650002
v -1.545711 4.239645 -59.700001
v -1.549387 4.253170 -59.671135
v -1.531275 4.267204 -59.664753
v -1.569360 4.252967 -59.664688
v -2.900000 2.850000 -59.700001
v -2.864645 2.935355 -59.700001
v -2.956110 2.921041 -59.650002
v -2.889645 2.895711 -59.700001
v -2.902528 2.900444 -59.671135
v -2.901368 2.921180 -59.664696
v -2.916384 2.883752 -59.664715
v -2.864645 1.314645 -59.700001
v -2.900000 1.400000 -59.700001
v -2.957070 1.367834 -59.650002
v -2.889645 1.354289 -59.700001
v -2.905401 1.360313 -59.671135
v -2.916634 1.384850 -59.664757
v -2.915000 1.353386 -59.664547
v -1.585355 0.035355 -60.299999
v -1.500000 0.000000 -60.299999
v -1.568905 -0.022687 -60.349998
v -1.545711 0.010355 -60.299999
v -1.551992 0.002794 -60.328873
v -1.544127 -0.006773 -60.335537
v -1.569035 0.006609 -60.335548
v 1.585355 0.035355 -60.299999
v 1.568905 -0.022687 -60.349998
v 1.500000 0.000000 -60.299999
v 1.569035 0.006609 -60.335548
v 1.551992 0.002794 -60.328873
v 1.544127 -0.006773 -60.335537
v 1.545711 0.010355 -60.299999
v 2.900000 1.400000 -60.299999
v 2.957070 1.367834 -60.349998
v 2.864645 1.314645 -60.299999
v 2.916634 1.384850 -60.335243
v 2.905401 1.360313 -60.328873
v 2.915000 1.353386 -60.335453
v 2.889645 1.354289 -60.299999
v 2.864645 2.935355 -60.299999
v 2.956110 2.921041 -60.349998
v 2.900000 2.850000 -60.299999
v 2.901368 2.921180 -60.335304
v 2.902528 2.900444 -60.328873
v 2.916384 2.883752 -60.335281
v 2.889645 2.895711 -60.299999
v 1.500000 4.250000 -60.299999
v 1.567356 4.309011 -60.349998
v 1.585355 4.214644 -60.299999
v 1.531275 4.267204 -60.335247
v 1.549387 4.253170 -60.328873
v 1.569360 4.252967 -60.335312
v 1.545711 4.239645 -60.299999
v -1.585355 4.214644 -60.299999
v -1.567356 4.309011 -60.349998
v -1.500000 4.250000 -60.299999
v -1.569360 4.252966 -60.335312
v -1.549387 4.253170 -60.328873
v -1.531275 4.267204 -60.335247
v -1.545711 4.239645 -60.299999
v -2.900000 2.850000 -60.299999
v -2.956110 2.921041 -60.349998
v -2.864645 2.935355 -60.299999
v -2.916384 2.883752 -60.335285
v -2.902529 2.900444 -60.328873
v -2.901368 2.921180 -60.335304
v -2.889645 2.895711 -60.299999
v -2.864645 1.314645 -60.299999
v -2.957070 1.367834 -60.349998
v -2.900000 1.400000 -60.299999
v -2.915000 1.353385 -60.335457
v -2.905401 1.360313 -60.328873
v -2.916634 1.384850 -60.335239
v -2.889645 1.354289 -60.299999
v -3.310000 0.140000 -59.549999
v -3.350000 0.140000 -59.590000
v -3.310000 0.100000 -59.590000
v -3.338284 0.140000 -59.561710
v -3.333094 0.116906 -59.566902
v -3.338284 0.111716 -59.589996
v -3.310000 0.111716 -59.561710
v -2.890000 0.140000 -59.549999
v -2.890000 0.100000 -59.590000
v -2.850000 0.140000 -59.590000
v -2.890000 0.111716 -59.561710
v -2.866906 0.116906 -59.566902
v -2.861715 0.111716 -59.589996
v -2.861715 0.140000 -59.561710
v -2.890000 0.140000 -60.450001
v -2.850000 0.140000 -60.410000
v -2.890000 0.100000 -60.410000
v -2.861715 0.140000 -60.438290
v -2.866906 0.116906 -60.433098
v -2.861715 0.111716 -60.410004
v -2.890000 0.111716 -60.438290
v -3.350000 0.140000 -60.410000
v -3.310000 0.140000 -60.450001
v -3.310000 0.100000 -60.410000
v -3.338284 0.140000 -60.438290
v -3.333094 0.116906 -60.433098
v -3.310000 0.111716 -60.438290
v -3.338284 0.111716 -60.410004
v -3.350000 0.960000 -59.590000
v -3.310000 0.960000 -59.549999
v -3.310000 1.000000 -59.590000
v -3.338284 0.960000 -59.561710
v -3.333094 0.983094 -59.566902
v -3.310000 0.988284 -59.561710
v -3.338284 0.988284 -59.589996
v -2.890000 0.960000 -59.549999
v -2.850000 0.960000 -59.590000
v -2.890000 1.000000 -59.590000
v -2.861715 0.960000 -59.561710
v -2.866906 0.983094 -59.566902
v -2.861715 0.988284 -59.589996
v -2.890000 0.988284 -59.561710
v -2.850000 0.960000 -60.410000
v -2.890000 0.960000 -60.450001
v -2.890000 1.000000 -60.410000
v -2.861715 0.960000 -60.438290
v -2.866906 0.983094 -60.433098
v -2.890000 0.988284 -60.438290
v -2.861715 0.988284 -60.410004
v -3.350000 0.960000 -60.410000
v -3.310000 1.000000 -60.410000
v -3.310000 0.960000 -60.450001
v -3.338284 0.988284 -60.410004
v -3.333094 0.983094 -60.433098
v -3.310000 0.988284 -60.438290
v -3.338284 0.960000 -60.438290
v -3.160000 4.240000 -59.599998
v -3.200000 4.240000 -59.639999
v -3.160000 4.200000 -59.639999
v -3.188285 4.240000 -59.611717
v -3.183094 4.216906 -59.616909
v -3.188285 4.211716 -59.640003
v -3.160000 4.211716 -59.611717
v -2.640000 4.240000 -59.599998
v -2.640000 4.200000 -59.639999
v -2.600000 4.240000 -59.639999
v -2.640000 4.211716 -59.611717
v -2.616906 4.216906 -59.616909
v -2.611716 4.211716 -59.640003
v -2.611716 4.240000 -59.611717
v -2.640000 4.240000 -60.400002
v -2.600000 4.240000 -60.360001
v -2.640000 4.200000 -60.360001
v -2.611716 4.240000 -60.388283
v -2.616906 4.216906 -60.383091
v -2.611716 4.211716 -60.359997
v -2.640000 4.211716 -60.388283
v -3.200000 4.240000 -60.360001
v -3.160000 4.240000 -60.400002
v -3.160000 4.200000 -60.360001
v -3.188285 4.240000 -60.388283
v -3.183094 4.216906 -60.383091
v -3.160000 4.211716 -60.388283
v -3.188285 4.211716 -60.359997
v -3.200000 4.660000 -59.639999
v -3.160000 4.660000 -59.599998
v -3.160000 4.700000 -59.639999
v -3.188285 4.660000 -59.611717
v -3.183094 4.683094 -59.616909
v -3.160000 4.688284 -59.611717
v -3.188285 4.688284 -59.640003
v -2.640000 4.660000 -59.599998
v -2.600000 4.660000 -59.639999
v -2.640000 4.700000 -59.639999
v -2.611716 4.660000 -59.611717
v -2.616906 4.683094 -59.616909
v -2.611716 4.688284 -59.640003
v -2.640000 4.688284 -59.611717
v -2.600000 4.660000 -60.360001
v -2.640000 4.660000 -60.400002
v -2.640000 4.700000 -60.360001
v -2.611716 4.660000 -60.388283
v -2.616906 4.683094 -60.383091
v -2.640000 4.688284 -60.388283
v -2.611716 4.688284 -60.359997
v -3.200000 4.660000 -60.360001
v -3.160000 4.700000 -60.360001
v -3.160000 4.660000 -60.400002
v -3.188285 4.688284 -60.359997
v -3.183094 4.683094 -60.383091
v -3.160000 4.688284 -60.388283
v -3.188285 4.660000 -60.388283
v 2.890000 0.140000 -59.549999
v 2.850000 0.140000 -59.590000
v 2.890000 0.100000 -59.590000
v 2.861715 0.140000 -59.561710
v 2.866906 0.116906 -59.566902
v 2.861715 0.111716 -59.589996
v 2.890000 0.111716 -59.561710
v 3.310000 0.140000 -59.549999
v 3.310000 0.100000 -59.590000
v 3.350000 0.140000 -59.590000
v 3.310000 0.111716 -59.561710
v 3.333094 0.116906 -59.566902
v 3.338284 0.111716 -59.589996
v 3.338284 0.140000 -59.561710
v 3.310000 0.140000 -60.450001
v 3.350000 0.140000 -60.410000
v 3.310000 0.100000 -60.410000
v 3.338284 0.140000 -60.438290
v 3.333094 0.116906 -60.433098
v 3.338284 0.111716 -60.410004
v 3.310000 0.111716 -60.438290
v 2.850000 0.140000 -60.410000
v 2.890000 0.140000 -60.450001
v 2.890000 0.100000 -60.410000
v 2.861715 0.140000 -60.438290
v 2.866906 0.116906 -60.433098
v 2.890000 0.111716 -60.438290
v 2.861715 0.111716 -60.410004
v 2.850000 0.960000 -59.590000
v 2.890000 0.960000 -59.549999
v 2.890000 1.000000 -59.590000
v 2.861715 0.960000 -59.561710
v 2.866906 0.983094 -59.566902
v 2.890000 0.988284 -59.561710
v 2.861715 0.988284 -59.589996
v 3.310000 0.960000 -59.549999
v 3.350000 0.960000 -59.590000
v 3.310000 1.000000 -59.590000
v 3.338284 0.960000 -59.561710
v 3.333094 0.983094 -59.566902
v 3.338284 0.988284 -59.589996
v 3.310000 0.988284 -59.561710
v 3.350000 0.960000 -60.410000
v 3.310000 0.960000 -60.450001
v 3.310000 1.000000 -60.410000
v 3.338284 0.960000 -60.438290
v 3.333094 0.983094 -60.433098
v 3.310000 0.988284 -60.438290
v 3.338284 0.988284 -60.410004
v 2.850000 0.960000 -60.410000
v 2.890000 1.000000 -60.410000
v 2.890000 0.960000 -60.450001
v 2.861715 0.988284 -60.410004
v 2.866906 0.983094 -60.433098
v 2.890000 0.988284 -60.438290
v 2.861715 0.960000 -60.438290
v 2.640000 4.240000 -59.599998
v 2.600000 4.240000 -59.639999
v 2.640000 4.200000 -59.639999
v 2.611716 4.240000 -59.611717
v 2.616906 4.216906 -59.616909
v 2.611716 4.211716 -59.640003
v 2.640000 4.211716 -59.611717
v 3.160000 4.240000 -59.599998
v 3.160000 4.200000 -59.639999
v 3.200000 4.240000 -59.639999
v 3.160000 4.211716 -59.611717
v 3.183094 4.216906 -59.616909
v 3.188285 4.211716 -59.640003
v 3.188285 4.240000 -59.611717
v 3.160000 4.240000 -60.400002
v 3.200000 4.240000 -60.360001
v 3.160000 4.200000 -60.360001
v 3.188285 4.240000 -60.388283
v 3.183094 4.216906 -60.383091
v 3.188285 4.211716 -60.359997
v 3.160000 4.211716 -60.388283
v 2.600000 4.240000 -60.360001
v 2.640000 4.240000 -60.400002
v 2.640000 4.200000 -60.360001
v 2.611716 4.240000 -60.388283
v 2.616906 4.216906 -60.383091
v 2.640000 4.211716 -60.388283
v 2.611716 4.211716 -60.359997
v 2.600000 4.660000 -59.639999
v 2.640000 4.660000 -59.599998
v 2.640000 4.700000 -59.639999
v 2.611716 4.660000 -59.611717
v 2.616906 4.683094 -59.616909
v 2.640000 4.688284 -59.611717
v 2.611716 4.688284 -59.640003
v 3.160000 4.660000 -59.599998
v 3.200000 4.660000 -59.639999
v 3.160000 4.700000 -59.639999
v 3.188285 4.660000 -59.611717
v 3.183094 4.683094 -59.616909
v 3.188285 4.688284 -59.640003
v 3.160000 4.688284 -59.611717
v 3.200000 4.660000 -60.360001
v 3.160000 4.660000 -60.400002
v 3.160000 4.700000 -60.360001
v 3.188285 4.660000 -60.388283
v 3.183094 4.683094 -60.383091
v 3.160000 4.688284 -60.388283
v 3.188285 4.688284 -60.359997
v 2.600000 4.660000 -60.360001
v 2.640000 4.700000 -60.360001
v 2.640000 4.660000 -60.400002
v 2.611716 4.688284 -60.359997
v 2.616906 4.683094 -60.383091
v 2.640000 4.688284 -60.388283
v 2.611716 4.660000 -60.388283
v -1.835355 -0.264645 -64.700005
v -1.750000 -0.300000 -64.700005
v -1.781094 -0.277313 -64.650002
v -1.795711 -0.289645 -64.700005
v -1.793173 -0.289328 -64.671143
v -1.770001 -0.293139 -64.664330
v -1.808877 -0.278680 -64.664444
v 1.750000 -0.300000 -64.700005
v 1.835355 -0.264645 -64.700005
v 1.781094 -0.277313 -64.650002
v 1.795711 -0.289645 -64.700005
v 1.793173 -0.289328 -64.671143
v 1.808877 -0.278680 -64.664436
v 1.770001 -0.293139 -64.664330
v 3.664645 1.564645 -64.700005
v 3.700000 1.650000 -64.700005
v 3.642930 1.582166 -64.650002
v 3.689645 1.604289 -64.700005
v 3.681265 1.598051 -64.671143
v 3.683345 1.618019 -64.664726
v 3.657417 1.569286 -64.664330
v 3.700000 3.150000 -64.700005
v 3.664645 3.235355 -64.700005
v 3.643890 3.178959 -64.650002
v 3.689645 3.195711 -64.700005
v 3.682265 3.193137 -64.671143
v 3.661951 3.215526 -64.664719
v 3.683636 3.163747 -64.664749
v 1.835355 5.064644 -64.700005
v 1.750000 5.100000 -64.700005
v 1.782644 5.040988 -64.650002
v 1.795711 5.089644 -64.700005
v 1.793951 5.081653 -64.671143
v 1.765141 5.082821 -64.664787
v 1.817188 5.060511 -64.664719
v -1.750000 5.100000 -64.700005
v -1.835355 5.064644 -64.700005
v -1.782644 5.040988 -64.650002
v -1.795711 5.089644 -64.700005
v -1.793951 5.081653 -64.671143
v -1.817188 5.060511 -64.664711
v -1.765141 5.082821 -64.664787
v -3.664645 3.235355 -64.700005
v -3.700000 3.150000 -64.700005
v -3.643890 3.178959 -64.650002
v -3.689645 3.195711 -64.700005
v -3.682265 3.193137 -64.671143
v -3.683636 3.163746 -64.664749
v -3.661951 3.215526 -64.664719
v -3.700000 1.650000 -64.700005
v -3.664645 1.564645 -64.700005
v -3.642930 1.582166 -64.650002
v -3.689645 1.604289 -64.700005
v -3.681265 1.598051 -64.671143
v -3.657416 1.569286 -64.664322
v -3.683344 1.618019 -64.664726
v -1.835355 -0.264645 -65.299995
v -1.781094 -0.277313 -65.349998
v -1.750000 -0.300000 -65.299995
v -1.808877 -0.278680 -65.335564
v -1.793173 -0.289328 -65.328857
v -1.770001 -0.293139 -65.335670
v -1.795711 -0.289645 -65.299995
v 1.835355 -0.264645 -65.299995
v 1.750000 -0.300000 -65.299995
v 1.781094 -0.277313 -65.349998
v 1.795711 -0.289645 -65.299995
v 1.793173 -0.289328 -65.328857
v 1.770001 -0.293139 -65.335670
v 1.808877 -0.278680 -65.335564
v 3.700000 1.650000 -65.299995
v 3.664645 1.564645 -65.299995
v 3.642930 1.582166 -65.349998
v 3.689645 1.604289 -65.299995
v 3.681265 1.598051 -65.328857
v 3.657416 1.569286 -65.335670
v 3.683344 1.618019 -65.335274
v 3.664645 3.235355 -65.299995
v 3.700000 3.150000 -65.299995
v 3.643890 3.178959 -65.349998
v 3.689645 3.195711 -65.299995
v 3.682265 3.193137 -65.328857
v 3.683636 3.163746 -65.335251
v 3.661951 3.215526 -65.335274
v 1.750000 5.100000 -65.299995
v 1.835355 5.064644 -65.299995
v 1.782644 5.040988 -65.349998
v 1.795711 5.089644 -65.299995
v 1.793951 5.081653 -65.328857
v 1.817188 5.060511 -65.335281
v 1.765141 5.082821 -65.335220
v -1.835355 5.064644 -65.299995
v -1.750000 5.100000 -65.299995
v -1.782644 5.040988 -65.349998
v -1.795711 5.089644 -65.299995
v -1.793951 5.081653 -65.328857
v -1.765141 5.082821 -65.335213
v -1.817188 5.060511 -65.335289
v -3.700000 3.150000 -65.299995
v -3.664645 3.235355 -65.299995
v -3.643890 3.178959 -65.349998
v -3.689645 3.195711 -65.299995
v -3.682265 3.193137 -65.328857
v -3.661951 3.215526 -65.335274
v -3.683636 3.163747 -65.335251
v -3.664645 1.564645 -65.299995
v -3.700000 1.650000 -65.299995
v -3.642930 1.582166 -65.349998
v -3.689645 1.604289 -65.299995
v -3.681265 1.598051 -65.328857
v -3.683345 1.618019 -65.335266
v -3.657417 1.569286 -65.335670
v -1.500000 0.000000 -64.700005
v -1.585355 0.035355 -64.700005
v -1.568905 -0.022687 -64.650002
v -1.545711 0.010355 -64.700005
v -1.551993 0.002794 -64.671143
v -1.569034 0.006608 -64.664452
v -1.544130 -0.006773 -64.664459
v 1.585355 0.035355 -64.700005
v 1.500000 0.000000 -64.700005
v 1.568905 -0.022687 -64.650002
v 1.545711 0.010355 -64.700005
v 1.551993 0.002794 -64.671143
v 1.544130 -0.006773 -64.664459
v 1.569034 0.006608 -64.664452
v 2.900000 1.400000 -64.700005
v 2.864645 1.314645 -64.700005
v 2.957070 1.367834 -64.650002
v 2.889645 1.354289 -64.700005
v 2.905401 1.360314 -64.671143
v 2.915003 1.353387 -64.664543
v 2.916635 1.384849 -64.664757
v 2.864645 2.935355 -64.700005
v 2.900000 2.850000 -64.700005
v 2.956110 2.921041 -64.650002
v 2.889645 2.895711 -64.700005
v 2.902529 2.900445 -64.671143
v 2.916385 2.883754 -64.664719
v 2.901369 2.921179 -64.664696
v 1.500000 4.250000 -64.700005
v 1.585355 4.214644 -64.700005
v 1.567356 4.309011 -64.650002
v 1.545711 4.239645 -64.700005
v 1.549387 4.253170 -64.671143
v 1.569359 4.252968 -64.664688
v 1.531277 4.267205 -64.664749
v -1.585355 4.214644 -64.700005
v -1.500000 4.250000 -64.700005
v -1.567356 4.309011 -64.650002
v -1.545711 4.239645 -64.700005
v -1.549387 4.253170 -64.671143
v -1.531277 4.267204 -64.664749
v -1.569359 4.252968 -64.664688
v -2.900000 2.850000 -64.700005
v -2.864645 2.935355 -64.700005
v -2.956110 2.921041 -64.650002
v -2.889645 2.895711 -64.700005
v -2.902529 2.900444 -64.671143
v -2.901369 2.921179 -64.664696
v -2.916385 2.883754 -64.664719
v -2.864645 1.314645 -64.700005
v -2.900000 1.400000 -64.700005
v -2.957070 1.367834 -64.650002
v -2.889645 1.354289 -64.700005
v -2.905401 1.360314 -64.671143
v -2.916635 1.384849 -64.664757
v -2.915003 1.353388 -64.664543
v -1.585355 0.035355 -65.299995
v -1.500000 0.000000 -65.299995
v -1.568905 -0.022687 -65.349998
v -1.545711 0.010355 -65.299995
v -1.551993 0.002794 -65.328857
v -1.544129 -0.006773 -65.335533
v -1.569034 0.006608 -65.335548
v 1.585355 0.035355 -65.299995
v 1.568905 -0.022687 -65.349998
v 1.500000 0.000000 -65.299995
v 1.569034 0.006608 -65.335541
v 1.551992 0.002794 -65.328857
v 1.544130 -0.006773 -65.335541
v 1.545711 0.010355 -65.299995
v 2.900000 1.400000 -65.299995
v 2.957070 1.367834 -65.349998
v 2.864645 1.314645 -65.299995
v 2.916635 1.384849 -65.335243
v 2.905401 1.360314 -65.328857
v 2.915003 1.353388 -65.335457
v 2.889645 1.354289 -65.299995
v 2.864645 2.935355 -65.299995
v 2.956110 2.921041 -65.349998
v 2.900000 2.850000 -65.299995
v 2.901369 2.921179 -65.335304
v 2.902529 2.900444 -65.328857
v 2.916385 2.883754 -65.335281
v 2.889645 2.895711 -65.299995
v 1.500000 4.250000 -65.299995
v 1.567356 4.309011 -65.349998
v 1.585355 4.214644 -65.299995
v 1.531277 4.267204 -65.335251
v 1.549387 4.253170 -65.328857
v 1.569359 4.252968 -65.335304
v 1.545711 4.239645 -65.299995
v -1.585355 4.214644 -65.299995
v -1.567356 4.309011 -65.349998
v -1.500000 4.250000 -65.299995
v -1.569359 4.252968 -65.335304
v -1.549387 4.253170 -65.328857
v -1.531277 4.267205 -65.335251
v -1.545711 4.239645 -65.299995
v -2.900000 2.850000 -65.299995
v -2.956110 2.921041 -65.349998
v -2.864645 2.935355 -65.299995
v -2.916385 2.883754 -65.335289
v -2.902529 2.900445 -65.328857
v -2.901369 2.921179 -65.335304
v -2.889645 2.895711 -65.299995
v -2.864645 1.314645 -65.299995
v -2.957070 1.367834 -65.349998
v -2.900000 1.400000 -65.299995
v -2.915003 1.353387 -65.335457
v -2.905401 1.360314 -65.328857
v -2.916635 1.384849 -65.335243
v -2.889645 1.354289 -65.299995
v -3.310000 0.140000 -64.550003
v -3.350000 0.140000 -64.590004
v -3.310000 0.100000 -64.590004
v -3.338284 0.140000 -64.561722
v -3.333094 0.116906 -64.566910
v -3.338284 0.111716 -64.590004
v -3.310000 0.111716 -64.561722
v -2.890000 0.140000 -64.550003
v -2.890000 0.100000 -64.590004
v -2.850000 0.140000 -64.590004
v -2.890000 0.111716 -64.561722
v -2.866906 0.116906 -64.566910
v -2.861715 0.111716 -64.590004
v -2.861715 0.140000 -64.561722
v -2.890000 0.140000 -65.449997
v -2.850000 0.140000 -65.409996
v -2.890000 0.100000 -65.409996
v -2.861715 0.140000 -65.438278
v -2.866906 0.116906 -65.433090
v -2.861715 0.111716 -65.409996
v -2.890000 0.111716 -65.438278
v -3.350000 0.140000 -65.409996
v -3.310000 0.140000 -65.449997
v -3.310000 0.100000 -65.409996
v -3.338284 0.140000 -65.438278
v -3.333094 0.116906 -65.433090
v -3.310000 0.111716 -65.438278
v -3.338284 0.111716 -65.409996
v -3.350000 0.960000 -64.590004
v -3.310000 0.960000 -64.550003
v -3.310000 1.000000 -64.590004
v -3.338284 0.960000 -64.561722
v -3.333094 0.983094 -64.566910
v -3.310000 0.988284 -64.561722
v -3.338284 0.988284 -64.590004
v -2.890000 0.960000 -64.550003
v -2.850000 0.960000 -64.590004
v -2.890000 1.000000 -64.590004
v -2.861715 0.960000 -64.561722
v -2.866906 0.983094 -64.566910
v -2.861715 0.988284 -64.590004
v -2.890000 0.988284 -64.561722
v -2.850000 0.960000 -65.409996
v -2.890000 0.960000 -65.449997
v -2.890000 1.000000 -65.409996
v -2.861715 0.960000 -65.438278
v -2.866906 0.983094 -65.433090
v -2.890000 0.988284 -65.438278
v -2.861715 0.988284 -65.409996
v -3.350000 0.960000 -65.409996
v -3.310000 1.000000 -65.409996
v -3.310000 0.960000 -65.449997
v -3.338284 0.988284 -65.409996
v -3.333094 0.983094 -65.433090
v -3.310000 0.988284 -65.438278
v -3.338284 0.960000 -65.438278
v -3.160000 4.240000 -64.599998
v -3.200000 4.240000 -64.639999
v -3.160000 4.200000 -64.639999
v -3.188285 4.240000 -64.611717
v -3.183094 4.216906 -64.616905
v -3.188285 4.211716 -64.639999
v -3.160000 4.211716 -64.611717
v -2.640000 4.240000 -64.599998
v -2.640000 4.200000 -64.639999
v -2.600000 4.240000 -64.639999
v -2.640000 4.211716 -64.611717
v -2.616906 4.216906 -64.616905
v -2.611716 4.211716 -64.639999
v -2.611716 4.240000 -64.611717
v -2.640000 4.240000 -65.400002
v -2.600000 4.240000 -65.360001
v -2.640000 4.200000 -65.360001
v -2.611716 4.240000 -65.388283
v -2.616906 4.216906 -65.383095
v -2.611716 4.211716 -65.360001
v -2.640000 4.211716 -65.388283
v -3.200000 4.240000 -65.360001
v -3.160000 4.240000 -65.400002
v -3.160000 4.200000 -65.360001
v -3.188285 4.240000 -65.388283
v -3.183094 4.216906 -65.383095
v -3.160000 4.211716 -65.388283
v -3.188285 4.211716 -65.360001
v -3.200000 4.660000 -64.639999
v -3.160000 4.660000 -64.599998
v -3.160000 4.700000 -64.639999
v -3.188285 4.660000 -64.611717
v -3.183094 4.683094 -64.616905
v -3.160000 4.688284 -64.611717
v -3.188285 4.688284 -64.639999
v -2.640000 4.660000 -64.599998
v -2.600000 4.660000 -64.639999
v -2.640000 4.700000 -64.639999
v -2.611716 4.660000 -64.611717
v -2.616906 4.683094 -64.616905
v -2.611716 4.688284 -64.639999
v -2.640000 4.688284 -64.611717
v -2.600000 4.660000 -65.360001
v -2.640000 4.660000 -65.400002
v -2.640000 4.700000 -65.360001
v -2.611716 4.660000 -65.388283
v -2.616906 4.683094 -65.383095
v -2.640000 4.688284 -65.388283
v -2.611716 4.688284 -65.360001
v -3.200000 4.660000 -65.360001
v -3.160000 4.700000 -65.360001
v -3.160000 4.660000 -65.400002
v -3.188285 4.688284 -65.360001
v -3.183094 4.683094 -65.383095
v -3.160000 4.688284 -65.388283
v -3.188285 4.660000 -65.388283
v 2.890000 0.140000 -64.550003
v 2.850000 0.140000 -64.590004
v 2.890000 0.100000 -64.590004
v 2.861715 0.140000 -64.561722
v 2.866906 0.116906 -64.566910
v 2.861715 0.111716 -64.590004
v 2.890000 0.111716 -64.561722
v 3.310000 0.140000 -64.550003
v 3.310000 0.100000 -64.590004
v 3.350000 0.140000 -64.590004
v 3.310000 0.111716 -64.561722
v 3.333094 0.116906 -64.566910
v 3.338284 0.111716 -64.590004
v 3.338284 0.140000 -64.561722
v 3.310000 0.140000 -65.449997
v 3.350000 0.140000 -65.409996
v 3.310000 0.100000 -65.409996
v 3.338284 0.140000 -65.438278
v 3.333094 0.116906 -65.433090
v 3.338284 0.111716 -65.409996
v 3.310000 0.111716 -65.438278
v 2.850000 0.140000 -65.409996
v 2.890000 0.140000 -65.449997
v 2.890000 0.100000 -65.409996
v 2.861715 0.140000 -65.438278
v 2.866906 0.116906 -65.433090
v 2.890000 0.111716 -65.438278
v 2.861715 0.111716 -65.409996
v 2.850000 0.960000 -64.590004
v 2.890000 0.960000 -64.550003
v 2.890000 1.000000 -64.590004
v 2.861715 0.960000 -64.561722
v 2.866906 0.983094 -64.566910
v 2.890000 0.988284 -64.561722
v 2.861715 0.988284 -64.590004
v 3.310000 0.960000 -64.550003
v 3.350000 0.960000 -64.590004
v 3.310000 1.000000 -64.590004
v 3.338284 0.960000 -64.561722
v 3.333094 0.983094 -64.566910
v 3.338284 0.988284 -64.590004
v 3.310000 0.988284 -64.561722
v 3.350000 0.960000 -65.409996
v 3.310000 0.960000 -65.449997
v 3.310000 1.000000 -65.409996
v 3.338284 0.960000 -65.438278
v 3.333094 0.983094 -65.433090
v 3.310000 0.988284 -65.438278
v 3.338284 0.988284 -65.409996
v 2.850000 0.960000 -65.409996
v 2.890000 1.000000 -65.409996
v 2.890000 0.960000 -65.449997
v 2.861715 0.988284 -65.409996
v 2.866906 0.983094 -65.433090
v 2.890000 0.988284 -65.438278
v 2.861715 0.960000 -65.438278
v 2.640000 4.240000 -64.599998
v 2.600000 4.240000 -64.639999
v 2.640000 4.200000 -64.639999
v 2.611716 4.240000 -64.611717
v 2.616906 4.216906 -64.616905
v 2.611716 4.211716 -64.639999
v 2.640000 4.211716 -64.611717
v 3.160000 4.240000 -64.599998
v 3.160000 4.200000 -64.639999
v 3.200000 4.240000 -64.639999
v 3.160000 4.211716 -64.611717
v 3.183094 4.216906 -64.616905
v 3.188285 4.211716 -64.639999
v 3.188285 4.240000 -64.611717
v 3.160000 4.240000 -65.400002
v 3.200000 4.240000 -65.360001
v 3.160000 4.200000 -65.360001
v 3.188285 4.240000 -65.388283
v 3.183094 4.216906 -65.383095
v 3.188285 4.211716 -65.360001
v 3.160000 4.211716 -65.388283
v 2.600000 4.240000 -65.360001
v 2.640000 4.240000 -65.400002
v 2.640000 4.200000 -65.360001
v 2.611716 4.240000 -65.388283
v 2.616906 4.216906 -65.383095
v 2.640000 4.211716 -65.388283
v 2.611716 4.211716 -65.360001
v 2.600000 4.660000 -64.639999
v 2.640000 4.660000 -64.599998
v 2.640000 4.700000 -64.639999
v 2.611716 4.660000 -64.611717
v 2.616906 4.683094 -64.616905
v 2.640000 4.688284 -64.611717
v 2.611716 4.688284 -64.639999
v 3.160000 4.660000 -64.599998
v 3.200000 4.660000 -64.639999
v 3.160000 4.700000 -64.639999
v 3.188285 4.660000 -64.611717
v 3.183094 4.683094 -64.616905
v 3.188285 4.688284 -64.639999
v 3.160000 4.688284 -64.611717
v 3.200000 4.660000 -65.360001
v 3.160000 4.660000 -65.400002
v 3.160000 4.700000 -65.360001
v 3.188285 4.660000 -65.388283
v 3.183094 4.683094 -65.383095
v 3.160000 4.688284 -65.388283
v 3.188285 4.688284 -65.360001
v 2.600000 4.660000 -65.360001
v 2.640000 4.700000 -65.360001
v 2.640000 4.660000 -65.400002
v 2.611716 4.688284 -65.360001
v 2.616906 4.683094 -65.383095
v 2.640000 4.688284 -65.388283
v 2.611716 4.660000 -65.388283
v -1.835355 -0.264645 -69.700005
v -1.750000 -0.300000 -69.700005
v -1.781094 -0.277313 -69.650002
v -1.795711 -0.289645 -69.700005
v -1.793173 -0.289328 -69.671143
v -1.770001 -0.293139 -69.664337
v -1.808877 -0.278680 -69.664444
v 1.750000 -0.300000 -69.700005
v 1.835355 -0.264645 -69.700005
v 1.781094 -0.277313 -69.650002
v 1.795711 -0.289645 -69.700005
v 1.793173 -0.289328 -69.671143
v 1.808877 -0.278680 -69.664444
v 1.770001 -0.293139 -69.664330
v 3.664645 1.564645 -69.700005
v 3.700000 1.650000 -69.700005
v 3.642930 1.582166 -69.650002
v 3.689645 1.604289 -69.700005
v 3.681265 1.598051 -69.671143
v 3.683345 1.618019 -69.664726
v 3.657417 1.569286 -69.664330
v 3.700000 3.150000 -69.700005
v 3.664645 3.235355 -69.700005
v 3.643890 3.178959 -69.650002
v 3.689645 3.195711 -69.700005
v 3.682265 3.193137 -69.671143
v 3.661951 3.215526 -69.664726
v 3.683636 3.163747 -69.664749
v 1.835355 5.064644 -69.700005
v 1.750000 5.100000 -69.700005
v 1.782644 5.040988 -69.650002
v 1.795711 5.089644 -69.700005
v 1.793951 5.081653 -69.671143
v 1.765141 5.082821 -69.664780
v 1.817188 5.060511 -69.664719
v -1.750000 5.100000 -69.700005
v -1.835355 5.064644 -69.700005
v -1.782644 5.040988 -69.650002
v -1.795711 5.089644 -69.700005
v -1.793951 5.081653 -69.671143
v -1.817188 5.060511 -69.664719
v -1.765141 5.082821 -69.664787
v -3.664645 3.235355 -69.700005
v -3.700000 3.150000 -69.700005
v -3.643890 3.178959 -69.650002
v -3.689645 3.195711 -69.700005
v -3.682265 3.193137 -69.671143
v -3.683636 3.163746 -69.664749
v -3.661951 3.215526 -69.664719
v -3.700000 1.650000 -69.700005
v -3.664645 1.564645 -69.700005
v -3.642930 1.582166 -69.650002
v -3.689645 1.604289 -69.700005
v -3.681265 1.598051 -69.671143
v -3.657416 1.569286 -69.664322
v -3.683344 1.618019 -69.664734
v -1.835355 -0.264645 -70.299995
v -1.781094 -0.277313 -70.349998
v -1.750000 -0.300000 -70.299995
v -1.808877 -0.278680 -70.335564
v -1.793173 -0.289328 -70.328865
v -1.770001 -0.293139 -70.335670
v -1.795711 -0.289645 -70.299995
v 1.835355 -0.264645 -70.299995
v 1.750000 -0.300000 -70.299995
v 1.781094 -0.277313 -70.349998
v 1.795711 -0.289645 -70.299995
v 1.793173 -0.289328 -70.328865
v 1.770001 -0.293139 -70.335670
v 1.808877 -0.278680 -70.335564
v 3.700000 1.650000 -70.299995
v 3.664645 1.564645 -70.299995
v 3.642930 1.582166 -70.349998
v 3.689645 1.604289 -70.299995
v 3.681265 1.598051 -70.328865
v 3.657416 1.569286 -70.335670
v 3.683344 1.618019 -70.335274
v 3.664645 3.235355 -70.299995
v 3.700000 3.150000 -70.299995
v 3.643890 3.178959 -70.349998
v 3.689645 3.195711 -70.299995
v 3.682265 3.193137 -70.328865
v 3.683636 3.163746 -70.335251
v 3.661951 3.215526 -70.335274
v 1.750000 5.100000 -70.299995
v 1.835355 5.064644 -70.299995
v 1.782644 5.040988 -70.349998
v 1.795711 5.089644 -70.299995
v 1.793951 5.081653 -70.328865
v 1.817188 5.060511 -70.335289
v 1.765141 5.082821 -70.335220
v -1.835355 5.064644 -70.299995
v -1.750000 5.100000 -70.299995
v -1.782644 5.040988 -70.349998
v -1.795711 5.089644 -70.299995
v -1.793951 5.081653 -70.328865
v -1.765141 5.082821 -70.335213
v -1.817188 5.060511 -70.335289
v -3.700000 3.150000 -70.299995
v -3.664645 3.235355 -70.299995
v -3.643890 3.178959 -70.349998
v -3.689645 3.195711 -70.299995
v -3.682265 3.193137 -70.328865
v -3.661951 3.215526 -70.335281
v -3.683636 3.163747 -70.335251
v -3.664645 1.564645 -70.299995
v -3.700000 1.650000 -70.299995
v -3.642930 1.582166 -70.349998
v -3.689645 1.604289 -70.299995
v -3.681265 1.598051 -70.328865
v -3.683345 1.618019 -70.335274
v -3.657417 1.569286 -70.335670
v -1.500000 0.000000 -69.700005
v -1.585355 0.035355 -69.700005
v -1.568905 -0.022687 -69.650002
v -1.545711 0.010355 -69.700005
v -1.551993 0.002794 -69.671143
v -1.569034 0.006608 -69.664452
v -1.544130 -0.006773 -69.664459
v 1.585355 0.035355 -69.700005
v 1.500000 0.000000 -69.700005
v 1.568905 -0.022687 -69.650002
v 1.545711 0.010355 -69.700005
v 1.551993 0.002794 -69.671143
v 1.544130 -0.006773 -69.664459
v 1.569034 0.006608 -69.664459
v 2.900000 1.400000 -69.700005
v 2.864645 1.314645 -69.700005
v 2.957070 1.367834 -69.650002
v 2.889645 1.354289 -69.700005
v 2.905401 1.360314 -69.671143
v 2.915003 1.353387 -69.664543
v 2.916635 1.384849 -69.664757
v 2.864645 2.935355 -69.700005
v 2.900000 2.850000 -69.700005
v 2.956110 2.921041 -69.650002
v 2.889645 2.895711 -69.700005
v 2.902529 2.900445 -69.671143
v 2.916385 2.883754 -69.664719
v 2.901369 2.921179 -69.664703
v 1.500000 4.250000 -69.700005
v 1.585355 4.214644 -69.700005
v 1.567356 4.309011 -69.650002
v 1.545711 4.239645 -69.700005
v 1.549387 4.253170 -69.671143
v 1.569359 4.252968 -69.664688
v 1.531277 4.267205 -69.664757
v -1.585355 4.214644 -69.700005
v -1.500000 4.250000 -69.700005
v -1.567356 4.309011 -69.650002
v -1.545711 4.239645 -69.700005
v -1.549387 4.253170 -69.671143
v -1.531277 4.267204 -69.664757
v -1.569359 4.252968 -69.664688
v -2.900000 2.850000 -69.700005
v -2.864645 2.935355 -69.700005
v -2.956110 2.921041 -69.650002
v -2.889645 2.895711 -69.700005
v -2.902529 2.900444 -69.671143
v -2.901369 2.921179 -69.664696
v -2.916385 2.883754 -69.664719
v -2.864645 1.314645 -69.700005
v -2.900000 1.400000 -69.700005
v -2.957070 1.367834 -69.650002
v -2.889645 1.354289 -69.700005
v -2.905401 1.360314 -69.671143
v -2.916635 1.384849 -69.664757
v -2.915003 1.353388 -69.664551
v -1.585355 0.035355 -70.299995
v -1.500000 0.000000 -70.299995
v -1.568905 -0.022687 -70.349998
v -1.545711 0.010355 -70.299995
v -1.551993 0.002794 -70.328865
v -1.544129 -0.006773 -70.335541
v -1.569034 0.006608 -70.335548
v 1.585355 0.035355 -70.299995
v 1.568905 -0.022687 -70.349998
v 1.500000 0.000000 -70.299995
v 1.569034 0.006608 -70.335548
v 1.551992 0.002794 -70.328865
v 1.544130 -0.006773 -70.335541
v 1.545711 0.010355 -70.299995
v 2.900000 1.400000 -70.299995
v 2.957070 1.367834 -70.349998
v 2.864645 1.314645 -70.299995
v 2.916635 1.384849 -70.335243
v 2.905401 1.360314 -70.328865
v 2.915003 1.353388 -70.335457
v 2.889645 1.354289 -70.299995
v 2.864645 2.935355 -70.299995
v 2.956110 2.921041 -70.349998
v 2.900000 2.850000 -70.299995
v 2.901369 2.921179 -70.335304
v 2.902529 2.900444 -70.328865
v 2.916385 2.883754 -70.335289
v 2.889645 2.895711 -70.299995
v 1.500000 4.250000 -70.299995
v 1.567356 4.309011 -70.349998
v 1.585355 4.214644 -70.299995
v 1.531277 4.267204 -70.335243
v 1.549387 4.253170 -70.328865
v 1.569359 4.252968 -70.335312
v 1.545711 4.239645 -70.299995
v -1.585355 4.214644 -70.299995
v -1.567356 4.309011 -70.349998
v -1.500000 4.250000 -70.299995
v -1.569359 4.252968 -70.335312
v -1.549387 4.253170 -70.328865
v -1.531277 4.267205 -70.335251
v -1.545711 4.239645 -70.299995
v -2.900000 2.850000 -70.299995
v -2.956110 2.921041 -70.349998
v -2.864645 2.935355 -70.299995
v -2.916385 2.883754 -70.335289
v -2.902529 2.900445 -70.328865
v -2.901369 2.921179 -70.335304
v -2.889645 2.895711 -70.299995
v -2.864645 1.314645 -70.299995
v -2.957070 1.367834 -70.349998
v -2.900000 1.400000 -70.299995
v -2.915003 1.353387 -70.335457
v -2.905401 1.360314 -70.328865
v -2.916635 1.384849 -70.335243
v -2.889645 1.354289 -70.299995
v -3.310000 0.140000 -69.550003
v -3.350000 0.140000 -69.590004
v -3.310000 0.100000 -69.590004
v -3.338284 0.140000 -69.561722
v -3.333094 0.116906 -69.566910
v -3.338284 0.111716 -69.590004
v -3.310000 0.111716 -69.561722
v -2.890000 0.140000 -69.550003
v -2.890000 0.100000 -69.590004
v -2.850000 0.140000 -69.590004
v -2.890000 0.111716 -69.561722
v -2.866906 0.116906 -69.566910
v -2.861715 0.111716 -69.590004
v -2.861715 0.140000 -69.561722
v -2.890000 0.140000 -70.449997
v -2.850000 0.140000 -70.409996
v -2.890000 0.100000 -70.409996
v -2.861715 0.140000 -70.438278
v -2.866906 0.116906 -70.433090
v -2.861715 0.111716 -70.409996
v -2.890000 0.111716 -70.438278
v -3.350000 0.140000 -70.409996
v -3.310000 0.140000 -70.449997
v -3.310000 0.100000 -70.409996
v -3.338284 0.140000 -70.438278
v -3.333094 0.116906 -70.433090
v -3.310000 0.111716 -70.438278
v -3.338284 0.111716 -70.409996
v -3.350000 0.960000 -69.590004
v -3.310000 0.960000 -69.550003
v -3.310000 1.000000 -69.590004
v -3.338284 0.960000 -69.561722
v -3.333094 0.983094 -69.566910
v -3.310000 0.988284 -69.561722
v -3.338284 0.988284 -69.590004
v -2.890000 0.960000 -69.550003
v -2.850000 0.960000 -69.590004
v -2.890000 1.000000 -69.590004
v -2.861715 0.960000 -69.561722
v -2.866906 0.983094 -69.566910
v -2.861715 0.988284 -69.590004
v -2.890000 0.988284 -69.561722
v -2.850000 0.960000 -70.409996
v -2.890000 0.960000 -70.449997
v -2.890000 1.000000 -70.409996
v -2.861715 0.960000 -70.438278
v -2.866906 0.983094 -70.433090
v -2.890000 0.988284 -70.438278
v -2.861715 0.988284 -70.409996
v -3.350000 0.960000 -70.409996
v -3.310000 1.000000 -70.409996
v -3.310000 0.960000 -70.449997
v -3.338284 0.988284 -70.409996
v -3.333094 0.983094 -70.433090
v -3.310000 0.988284 -70.438278
v -3.338284 0.960000 -70.438278
v -3.160000 4.240000 -69.599998
v -3.200000 4.240000 -69.639999
v -3.160000 4.200000 -69.639999
v -3.188285 4.240000 -69.611717
v -3.183094 4.216906 -69.616905
v -3.188285 4.211716 -69.639999
v -3.160000 4.211716 -69.611717
v -2.640000 4.240000 -69.599998
v -2.640000 4.200000 -69.639999
v -2.600000 4.240000 -69.639999
v -2.640000 4.211716 -69.611717
v -2.616906 4.216906 -69.616905
v -2.611716 4.211716 -69.639999
v -2.611716 4.240000 -69.611717
v -2.640000 4.240000 -70.400002
v -2.600000 4.240000 -70.360001
v -2.640000 4.200000 -70.360001
v -2.611716 4.240000 -70.388283
v -2.616906 4.216906 -70.383095
v -2.611716 4.211716 -70.360001
v -2.640000 4.211716 -70.388283
v -3.200000 4.240000 -70.360001
v -3.160000 4.240000 -70.400002
v -3.160000 4.200000 -70.360001
v -3.188285 4.240000 -70.388283
v -3.183094 4.216906 -70.383095
v -3.160000 4.211716 -70.388283
v -3.188285 4.211716 -70.360001
v -3.200000 4.660000 -69.639999
v -3.160000 4.660000 -69.599998
v -3.160000 4.700000 -69.639999
v -3.188285 4.660000 -69.611717
v -3.183094 4.683094 -69.616905
v -3.160000 4.688284 -69.611717
v -3.188285 4.688284 -69.639999
v -2.640000 4.660000 -69.599998
v -2.600000 4.660000 -69.639999
v -2.640000 4.700000 -69.639999
v -2.611716 4.660000 -69.611717
v -2.616906 4.683094 -69.616905
v -2.611716 4.688284 -69.639999
v -2.640000 4.688284 -69.611717
v -2.600000 4.660000 -70.360001
v -2.640000 4.660000 -70.400002
v -2.640000 4.700000 -70.360001
v -2.611716 4.660000 -70.388283
v -2.616906 4.683094 -70.383095
v -2.640000 4.688284 -70.388283
v -2.611716 4.688284 -70.360001
v -3.200000 4.660000 -70.360001
v -3.160000 4.700000 -70.360001
v -3.160000 4.660000 -70.400002
v -3.188285 4.688284 -70.360001
v -3.183094 4.683094 -70.383095
v -3.160000 4.688284 -70.388283
v -3.188285 4.660000 -70.388283
v 2.890000 0.140000 -69.550003
v 2.850000 0.140000 -69.590004
v 2.890000 0.100000 -69.590004
v 2.861715 0.140000 -69.561722
v 2.866906 0.116906 -69.566910
v 2.861715 0.111716 -69.590004
v 2.890000 0.111716 -69.561722
v 3.310000 0.140000 -69.550003
v 3.310000 0.100000 -69.590004
v 3.350000 0.140000 -69.590004
v 3.310000 0.111716 -69.561722
v 3.333094 0.116906 -69.566910
v 3.338284 0.111716 -69.590004
v 3.338284 0.140000 -69.561722
v 3.310000 0.140000 -70.449997
v 3.350000 0.140000 -70.409996
v 3.310000 0.100000 -70.409996
v 3.338284 0.140000 -70.438278
v 3.333094 0.116906 -70.433090
v 3.338284 0.111716 -70.409996
v 3.310000 0.111716 -70.438278
v 2.850000 0.140000 -70.409996
v 2.890000 0.140000 -70.449997
v 2.890000 0.100000 -70.409996
v 2.861715 0.140000 -70.438278
v 2.866906 0.116906 -70.433090
v 2.890000 0.111716 -70.438278
v 2.861715 0.111716 -70.409996
v 2.850000 0.960000 -69.590004
v 2.890000 0.960000 -69.550003
v 2.890000 1.000000 -69.590004
v 2.861715 0.960000 -69.561722
v 2.866906 0.983094 -69.566910
v 2.890000 0.988284 -69.561722
v 2.861715 0.988284 -69.590004
v 3.310000 0.960000 -69.550003
v 3.350000 0.960000 -69.590004
v 3.310000 1.000000 -69.590004
v 3.338284 0.960000 -69.561722
v 3.333094 0.983094 -69.566910
v 3.338284 0.988284 -69.590004
v 3.310000 0.988284 -69.561722
v 3.350000 0.960000 -70.409996
v 3.310000 0.960000 -70.449997
v 3.310000 1.000000 -70.409996
v 3.338284 0.960000 -70.438278
v 3.333094 0.983094 -70.433090
v 3.310000 0.988284 -70.438278
v 3.338284 0.988284 -70.409996
v 2.850000 0.960000 -70.409996
v 2.890000 1.000000 -70.409996
v 2.890000 0.960000 -70.449997
v 2.861715 0.988284 -70.409996
v 2.866906 0.983094 -70.433090
v 2.890000 0.988284 -70.438278
v 2.861715 0.960000 -70.438278
v 2.640000 4.240000 -69.599998
v 2.600000 4.240000 -69.639999
v 2.640000 4.200000 -69.639999
v 2.611716 4.240000 -69.611717
v 2.616906 4.216906 -69.616905
v 2.611716 4.211716 -69.639999
v 2.640000 4.211716 -69.611717
v 3.160000 4.240000 -69.599998
v 3.160000 4.200000 -69.639999
v 3.200000 4.240000 -69.639999
v 3.160000 4.211716 -69.611717
v 3.183094 4.216906 -69.616905
v 3.188285 4.211716 -69.639999
v 3.188285 4.240000 -69.611717
v 3.160000 4.240000 -70.400002
v 3.200000 4.240000 -70.360001
v 3.160000 4.200000 -70.360001
v 3.188285 4.240000 -70.388283
v 3.183094 4.216906 -70.383095
v 3.188285 4.211716 -70.360001
v 3.160000 4.211716 -70.388283
v 2.600000 4.240000 -70.360001
v 2.640000 4.240000 -70.400002
v 2.640000 4.200000 -70.360001
v 2.611716 4.240000 -70.388283
v 2.616906 4.216906 -70.383095
v 2.640000 4.211716 -70.388283
v 2.611716 4.211716 -70.360001
v 2.600000 4.660000 -69.639999
v 2.640000 4.660000 -69.599998
v 2.640000 4.700000 -69.639999
v 2.611716 4.660000 -69.611717
v 2.616906 4.683094 -69.616905
v 2.640000 4.688284 -69.611717
v 2.611716 4.688284 -69.639999
v 3.160000 4.660000 -69.599998
v 3.200000 4.660000 -69.639999
v 3.160000 4.700000 -69.639999
v 3.188285 4.660000 -69.611717
v 3.183094 4.683094 -69.616905
v 3.188285 4.688284 -69.639999
v 3.160000 4.688284 -69.611717
v 3.200000 4.660000 -70.360001
v 3.160000 4.660000 -70.400002
v 3.160000 4.700000 -70.360001
v 3.188285 4.660000 -70.388283
v 3.183094 4.683094 -70.383095
v 3.160000 4.688284 -70.388283
v 3.188285 4.688284 -70.360001
v 2.600000 4.660000 -70.360001
v 2.640000 4.700000 -70.360001
v 2.640000 4.660000 -70.400002
v 2.611716 4.688284 -70.360001
v 2.616906 4.683094 -70.383095
v 2.640000 4.688284 -70.388283
v 2.611716 4.660000 -70.388283
v -1.835355 0.035355 -68.650002
v -1.750000 0.000000 -68.650002
v -1.750000 0.000000 -68.599998
v -1.832866 0.050000 -68.599998
v -1.795711 0.010355 -68.650002
v -1.795294 0.013632 -68.615837
v -1.750000 0.000000 -68.625000
v -1.791433 0.025000 -68.599998
v -1.836960 0.042149 -68.614319
v 1.750000 0.000000 -68.599998
v 1.750000 0.000000 -68.650002
v 1.835355 0.035355 -68.650002
v 1.832866 0.050000 -68.599998
v 1.750000 0.000000 -68.614647
v 1.795294 0.013632 -68.614548
v 1.795711 0.010355 -68.650002
v 1.836960 0.042149 -68.614319
v 1.791433 0.025000 -68.599998
v 3.664645 1.864645 -68.650002
v 3.700000 1.950000 -68.650002
v 3.643036 1.858027 -68.599998
v 3.689645 1.904289 -68.650002
v 3.680259 1.892056 -68.621132
v 3.683362 1.906576 -68.614708
v 3.652585 1.857096 -68.614380
v 3.700000 3.450000 -68.650002
v 3.664645 3.535355 -68.650002
v 3.643333 3.488070 -68.599998
v 3.689645 3.495711 -68.650002
v 3.682046 3.495126 -68.621132
v 3.661162 3.518711 -68.614632
v 3.683476 3.467993 -68.614738
v 1.835355 5.364645 -68.650002
v 1.750000 5.400000 -68.650002
v 1.785117 5.346421 -68.599998
v 1.795711 5.389645 -68.650002
v 1.794466 5.382701 -68.621132
v 1.767025 5.384345 -68.614700
v 1.817193 5.362718 -68.614632
v -1.750000 5.400000 -68.650002
v -1.835355 5.364645 -68.650002
v -1.785117 5.346421 -68.599998
v -1.795711 5.389645 -68.650002
v -1.794466 5.382701 -68.621132
v -1.817193 5.362718 -68.614624
v -1.767025 5.384346 -68.614708
v -3.664645 3.535355 -68.650002
v -3.700000 3.450000 -68.650002
v -3.643333 3.488070 -68.599998
v -3.689645 3.495711 -68.650002
v -3.682046 3.495126 -68.621132
v -3.683476 3.467993 -68.614738
v -3.661162 3.518711 -68.614624
v -3.700000 1.950000 -68.650002
v -3.664645 1.864645 -68.650002
v -3.643036 1.858027 -68.599998
v -3.689645 1.904289 -68.650002
v -3.680259 1.892056 -68.621132
v -3.652585 1.857096 -68.614380
v -3.683362 1.906576 -68.614708
v -1.835355 0.035355 -69.049995
v -1.832866 0.050000 -69.099998
v -1.750000 0.000000 -69.099998
v -1.750000 0.000000 -69.049995
v -1.836960 0.042149 -69.085686
v -1.795294 0.013632 -69.084152
v -1.791433 0.025000 -69.099998
v -1.750000 0.000000 -69.074997
v -1.795711 0.010355 -69.049995
v 1.835355 0.035355 -69.049995
v 1.750000 0.000000 -69.049995
v 1.750000 0.000000 -69.099998
v 1.832866 0.050000 -69.099998
v 1.795711 0.010355 -69.049995
v 1.795294 0.013632 -69.085449
v 1.750000 0.000000 -69.085350
v 1.791433 0.025000 -69.099998
v 1.836960 0.042149 -69.085686
v 3.700000 1.950000 -69.049995
v 3.664645 1.864645 -69.049995
v 3.643036 1.858027 -69.099998
v 3.689645 1.904289 -69.049995
v 3.680259 1.892056 -69.078857
v 3.652585 1.857096 -69.085617
v 3.683362 1.906576 -69.085289
v 3.664645 3.535355 -69.049995
v 3.700000 3.450000 -69.049995
v 3.643333 3.488070 -69.099998
v 3.689645 3.495711 -69.049995
v 3.682046 3.495126 -69.078857
v 3.683476 3.467993 -69.085251
v 3.661162 3.518711 -69.085373
v 1.750000 5.400000 -69.049995
v 1.835355 5.364645 -69.049995
v 1.785117 5.346421 -69.099998
v 1.795711 5.389645 -69.049995
v 1.794466 5.382701 -69.078857
v 1.817193 5.362718 -69.085365
v 1.767025 5.384346 -69.085304
v -1.835355 5.364645 -69.049995
v -1.750000 5.400000 -69.049995
v -1.785117 5.346421 -69.099998
v -1.795711 5.389645 -69.049995
v -1.794466 5.382701 -69.078857
v -1.767025 5.384346 -69.085289
v -1.817194 5.362718 -69.085365
v -3.700000 3.450000 -69.049995
v -3.664645 3.535355 -69.049995
v -3.643333 3.488070 -69.099998
v -3.689645 3.495711 -69.049995
v -3.682046 3.495126 -69.078857
v -3.661162 3.518711 -69.085373
v -3.683476 3.467993 -69.085251
v -3.664645 1.864645 -69.049995
v -3.700000 1.950000 -69.049995
v -3.643036 1.858027 -69.099998
v -3.689645 1.904289 -69.049995
v -3.680259 1.892056 -69.078857
v -3.683362 1.906576 -69.085289
v -3.652585 1.857096 -69.085617
v -1.300000 0.000000 -68.599998
v -1.250000 0.000000 -68.650002
v -1.335355 0.035355 -68.650002
v -1.367133 0.050000 -68.599998
v -1.275000 0.000000 -68.625000
v -1.309688 0.014470 -68.615845
v -1.295711 0.010355 -68.650002
v -1.353933 0.048782 -68.614395
v -1.333567 0.025000 -68.599998
v 1.335355 0.035355 -68.650002
v 1.250000 0.000000 -68.650002
v 1.300000 0.000000 -68.599998
v 1.367133 0.050000 -68.599998
v 1.295711 0.010355 -68.650002
v 1.309687 0.014470 -68.615837
v 1.275000 0.000000 -68.625000
v 1.333567 0.025000 -68.599998
v 1.353933 0.048782 -68.614388
v 1.800000 0.550000 -68.650002
v 1.764645 0.464645 -68.650002
v 1.856964 0.541973 -68.599998
v 1.789645 0.504289 -68.650002
v 1.807578 0.517472 -68.621132
v 1.825411 0.520995 -68.614594
v 1.816597 0.546217 -68.614761
v 1.764645 3.135355 -68.650002
v 1.800000 3.050000 -68.650002
v 1.856667 3.111930 -68.599998
v 1.789645 3.095711 -68.650002
v 1.803103 3.098057 -68.621132
v 1.816537 3.079287 -68.614723
v 1.803938 3.116173 -68.614639
v 1.250000 3.600000 -68.650002
v 1.335355 3.564645 -68.650002
v 1.314883 3.653579 -68.599998
v 1.295711 3.589644 -68.650002
v 1.298949 3.602454 -68.621132
v 1.317661 3.602413 -68.614639
v 1.281469 3.615664 -68.614693
v -1.335355 3.564645 -68.650002
v -1.250000 3.600000 -68.650002
v -1.314883 3.653579 -68.599998
v -1.295711 3.589644 -68.650002
v -1.298949 3.602454 -68.621132
v -1.281469 3.615663 -68.614693
v -1.317661 3.602413 -68.614639
v -1.800000 3.050000 -68.650002
v -1.764645 3.135355 -68.650002
v -1.856667 3.111930 -68.599998
v -1.789645 3.095711 -68.650002
v -1.803103 3.098057 -68.621132
v -1.803938 3.116173 -68.614639
v -1.816537 3.079287 -68.614723
v -1.764645 0.464645 -68.650002
v -1.800000 0.550000 -68.650002
v -1.856964 0.541973 -68.599998
v -1.789645 0.504289 -68.650002
v -1.807578 0.517472 -68.621132
v -1.816597 0.546217 -68.614761
v -1.825411 0.520995 -68.614594
v -1.335355 0.035355 -69.049995
v -1.250000 0.000000 -69.049995
v -1.300000 0.000000 -69.099998
v -1.367133 0.050000 -69.099998
v -1.295711 0.010355 -69.049995
v -1.309687 0.014470 -69.084152
v -1.275000 0.000000 -69.074997
v -1.333567 0.025000 -69.099998
v -1.353933 0.048782 -69.085602
v 1.335355 0.035355 -69.049995
v 1.367133 0.050000 -69.099998
v 1.300000 0.000000 -69.099998
v 1.250000 0.000000 -69.049995
v 1.353933 0.048782 -69.085609
v 1.309688 0.014470 -69.084152
v 1.333567 0.025000 -69.099998
v 1.275000 0.000000 -69.074997
v 1.295711 0.010355 -69.049995
v 1.800000 0.550000 -69.049995
v 1.856964 0.541973 -69.099998
v 1.764645 0.464645 -69.049995
v 1.816597 0.546217 -69.085236
v 1.807578 0.517472 -69.078857
v 1.825411 0.520995 -69.085411
v 1.789645 0.504289 -69.049995
v 1.764645 3.135355 -69.049995
v 1.856667 3.111930 -69.099998
v 1.800000 3.050000 -69.049995
v 1.803938 3.116173 -69.085358
v 1.803103 3.098057 -69.078857
v 1.816537 3.079287 -69.085274
v 1.789645 3.095711 -69.049995
v 1.250000 3.600000 -69.049995
v 1.314883 3.653579 -69.099998
v 1.335355 3.564645 -69.049995
v 1.281469 3.615663 -69.085304
v 1.298949 3.602454 -69.078857
v 1.317661 3.602413 -69.085358
v 1.295711 3.589644 -69.049995
v -1.335355 3.564645 -69.049995
v -1.314883 3.653579 -69.099998
v -1.250000 3.600000 -69.049995
v -1.317661 3.602413 -69.085358
v -1.298949 3.602454 -69.078857
v -1.281469 3.615663 -69.085304
v -1.295711 3.589644 -69.049995
v -1.800000 3.050000 -69.049995
v -1.856667 3.111930 -69.099998
v -1.764645 3.135355 -69.049995
v -1.816537 3.079287 -69.085274
v -1.803103 3.098057 -69.078857
v -1.803938 3.116173 -69.085358
v -1.789645 3.095711 -69.049995
v -1.764645 0.464645 -69.049995
v -1.856964 0.541973 -69.099998
v -1.800000 0.550000 -69.049995
v -1.825411 0.520995 -69.085403
v -1.807578 0.517472 -69.078857
v -1.816597 0.546217 -69.085228
v -1.789645 0.504289 -69.049995
vn -0.3686 -0.9278 0.0568
vn -0.4130 -0.6925 0.5915
vn -0.7044 -0.7098 0.0017
vn -0.1599 -0.8264 0.5398
vn -0.4044 -0.9118 0.0716
vn -0.0169 -0.9998 0.0112
vn -0.2829 0.0901 0.9549
vn -0.5549 -0.7536 0.3525
vn -0.0184 -0.8668 0.4983
vn 0.4044 -0.9118 0.0716
vn 0.1600 -0.8264 0.5398
vn 0.0169 -0.9998 0.0112
vn 0.4130 -0.6925 0.5915
vn 0.3686 -0.9278 0.0568
vn 0.7044 -0.7098 0.0017
vn -0.3382 -0.1728 0.9251
vn 0.1777 -0.9392 0.2938
vn 0.5716 -0.6012 0.5584
vn 0.7283 -0.6852 0.0106
vn 0.8580 -0.3235 0.3990
vn 0.5240 -0.5946 0.6099
vn 0.6097 -0.2604 0.7487
vn 0.8904 -0.4512 0.0602
vn 0.9999 -0.0118 0.0057
vn -0.0768 -0.2397 0.9678
vn 0.7416 -0.4961 0.4516
vn 0.6807 -0.0228 0.7322
vn 0.8634 0.4971 0.0867
vn 0.5957 0.1969 0.7787
vn 0.9984 0.0402 0.0402
vn 0.5628 0.2943 0.7724
vn 0.9617 0.2594 0.0887
vn 0.7350 0.6767 0.0429
vn 0.0837 -0.1693 0.9820
vn 0.7982 0.0124 0.6022
vn 0.5017 0.4488 0.7395
vn 0.6516 0.7578 0.0342
vn 0.2709 0.7940 0.5443
vn 0.4808 0.4042 0.7781
vn 0.2020 0.5851 0.7854
vn 0.5007 0.8615 0.0849
vn 0.0398 0.9985 0.0388
vn 0.1832 -0.0571 0.9814
vn 0.5432 0.5900 0.5974
vn 0.0390 0.6544 0.7551
vn -0.5007 0.8615 0.0849
vn -0.2020 0.5851 0.7854
vn -0.0399 0.9984 0.0389
vn -0.7286 0.6849 0.0078
vn -0.4352 0.6977 0.5691
vn -0.3384 0.9382 -0.0723
vn 0.1625 0.0769 0.9837
vn 0.0010 0.7887 0.6148
vn -0.4480 0.4996 0.7415
vn -0.9617 0.2593 0.0887
vn -0.5628 0.2944 0.7724
vn -0.7350 0.6767 0.0429
vn -0.5957 0.1968 0.7787
vn -0.8634 0.4971 0.0866
vn -0.9984 0.0402 0.0402
vn 0.0595 0.1835 0.9812
vn -0.5837 0.5508 0.5966
vn -0.6633 0.0380 0.7474
vn -0.8904 -0.4512 0.0601
vn -0.6097 -0.2604 0.7486
vn -0.9999 -0.0118 0.0057
vn -0.6971 -0.7154 0.0482
vn -0.7522 -0.4926 0.4376
vn -0.9398 -0.3365 -0.0597
vn -0.0595 0.1375 0.9887
vn -0.8145 -0.0243 0.5796
vn -0.5883 -0.5677 0.5758
vn -0.4130 -0.6925 -0.5915
vn -0.3686 -0.9278 -0.0568
vn -0.7044 -0.7098 -0.0017
vn 0.3382 -0.1728 -0.9251
vn -0.1777 -0.9392 -0.2938
vn -0.5716 -0.6012 -0.5584
vn -0.4044 -0.9118 -0.0716
vn -0.1600 -0.8264 -0.5398
vn -0.0169 -0.9998 -0.0112
vn 0.3686 -0.9278 -0.0568
vn 0.4130 -0.6925 -0.5915
vn 0.7044 -0.7098 -0.0017
vn 0.1599 -0.8264 -0.5399
vn 0.4044 -0.9118 -0.0716
vn 0.0169 -0.9998 -0.0112
vn 0.2829 0.0901 -0.9549
vn 0.5549 -0.7536 -0.3525
vn 0.0184 -0.8668 -0.4983
vn 0.8904 -0.4512 -0.0601
vn 0.6097 -0.2604 -0.7486
vn 0.9999 -0.0118 -0.0057
vn 0.6971 -0.7154 -0.0482
vn 0.7522 -0.4926 -0.4376
vn 0.9398 -0.3365 0.0597
vn 0.0595 0.1375 -0.9887
vn 0.8145 -0.0243 -0.5796
vn 0.5883 -0.5677 -0.5758
vn 0.9617 0.2593 -0.0887
vn 0.5628 0.2944 -0.7724
vn 0.7350 0.6767 -0.0429
vn 0.5957 0.1968 -0.7787
vn 0.8634 0.4971 -0.0866
vn 0.9984 0.0402 -0.0402
vn -0.0595 0.1835 -0.9812
vn 0.5837 0.5508 -0.5966
vn 0.6633 0.0380 -0.7474
vn 0.5007 0.8615 -0.0849
vn 0.2020 0.5851 -0.7854
vn 0.0399 0.9984 -0.0389
vn 0.7286 0.6849 -0.0078
vn 0.4352 0.6977 -0.5691
vn 0.3384 0.9382 0.0723
vn -0.1625 0.0769 -0.9837
vn -0.0010 0.7887 -0.6148
vn 0.4480 0.4996 -0.7415
vn -0.6516 0.7578 -0.0342
vn -0.2709 0.7940 -0.5443
vn -0.4808 0.4042 -0.7781
vn -0.2020 0.5851 -0.7854
vn -0.5007 0.8615 -0.0849
vn -0.0399 0.9984 -0.0388
vn -0.1832 -0.0571 -0.9814
vn -0.5432 0.5900 -0.5973
vn -0.0390 0.6544 -0.7551
vn -0.8634 0.4971 -0.0866
vn -0.5957 0.1969 -0.7787
vn -0.9984 0.0402 -0.0402
vn -0.5628 0.2943 -0.7724
vn -0.9617 0.2594 -0.0887
vn -0.7350 0.6767 -0.0429
vn -0.0837 -0.1693 -0.9820
vn -0.7982 0.0124 -0.6022
vn -0.5017 0.4488 -0.7395
vn -0.7283 -0.6852 -0.0106
vn -0.8580 -0.3235 -0.3990
vn -0.5240 -0.5946 -0.6099
vn -0.6097 -0.2604 -0.7487
vn -0.8904 -0.4512 -0.0602
vn -0.9999 -0.0118 -0.0057
vn 0.0768 -0.2397 -0.9678
vn -0.7416 -0.4961 -0.4516
vn -0.6807 -0.0228 -0.7322
vn 0.2902 0.9568 -0.0193
vn -0.1038 0.9318 0.3478
vn -0.0561 0.9982 0.0198
vn 0.7099 0.5419 0.4498
vn 0.4533 0.8913 -0.0022
vn 0.7310 0.6819 0.0267
vn -0.2110 0.6589 0.7220
vn 0.5856 0.4042 0.7026
vn -0.0615 -0.1143 0.9915
vn -0.4533 0.8913 -0.0022
vn -0.7099 0.5419 0.4499
vn -0.7310 0.6819 0.0267
vn 0.1038 0.9318 0.3478
vn -0.2903 0.9568 -0.0193
vn 0.0561 0.9982 0.0198
vn -0.5856 0.4042 0.7026
vn 0.2110 0.6589 0.7220
vn 0.0614 -0.1143 0.9915
vn -0.9583 -0.1780 0.2237
vn -0.7157 0.1796 0.6749
vn -0.6382 0.0189 0.7696
vn -0.6300 0.7418 -0.2298
vn -0.8671 0.4227 0.2635
vn -0.8365 0.4542 -0.3065
vn -0.6025 -0.1099 0.7905
vn -0.0784 0.6108 0.7879
vn 0.0636 -0.0036 0.9980
vn -0.8637 -0.5039 -0.0105
vn -0.4048 -0.6663 0.6263
vn -0.6667 -0.7441 0.0426
vn -0.7428 0.1869 0.6429
vn -0.9664 -0.2571 -0.0064
vn -0.9976 0.0522 0.0447
vn -0.2920 -0.4930 0.8196
vn -0.5509 0.1314 0.8242
vn 0.0800 0.0321 0.9963
vn -0.2586 -0.9660 -0.0025
vn 0.1865 -0.7278 0.6599
vn 0.0497 -0.9976 0.0472
vn -0.6707 -0.4067 0.6203
vn -0.5073 -0.8616 -0.0157
vn -0.7461 -0.6646 0.0404
vn 0.1232 -0.5469 0.8281
vn -0.4958 -0.2802 0.8220
vn 0.0295 0.0787 0.9965
vn 0.5074 -0.8616 -0.0157
vn 0.6707 -0.4067 0.6203
vn 0.7462 -0.6645 0.0404
vn -0.1865 -0.7278 0.6599
vn 0.2586 -0.9660 -0.0025
vn -0.0497 -0.9976 0.0472
vn 0.4958 -0.2801 0.8220
vn -0.1232 -0.5469 0.8281
vn -0.0295 0.0787 0.9965
vn 0.9664 -0.2570 -0.0064
vn 0.7427 0.1869 0.6430
vn 0.9976 0.0522 0.0447
vn 0.4048 -0.6663 0.6262
vn 0.8637 -0.5039 -0.0105
vn 0.6667 -0.7441 0.0426
vn 0.5509 0.1313 0.8242
vn 0.2920 -0.4930 0.8196
vn -0.0799 0.0321 0.9963
vn 0.5989 0.5673 0.5652
vn 0.4963 -0.1023 0.8621
vn 0.4050 0.3244 0.8548
vn 0.9980 0.0410 -0.0486
vn 0.7576 0.3420 0.5560
vn 0.9308 0.3634 -0.0385
vn 0.0784 0.6108 0.7879
vn 0.6025 -0.1100 0.7905
vn -0.0636 -0.0035 0.9980
vn 0.4533 0.8913 0.0022
vn 0.7099 0.5419 -0.4499
vn 0.7310 0.6819 -0.0267
vn -0.1038 0.9318 -0.3478
vn 0.2903 0.9568 0.0193
vn -0.0561 0.9982 -0.0198
vn 0.5856 0.4042 -0.7026
vn -0.2110 0.6589 -0.7220
vn -0.0614 -0.1143 -0.9915
vn -0.7099 0.5419 -0.4498
vn -0.4533 0.8913 0.0022
vn -0.7310 0.6819 -0.0267
vn 0.2110 0.6589 -0.7220
vn -0.5856 0.4042 -0.7026
vn 0.0615 -0.1143 -0.9915
vn -0.2902 0.9568 0.0193
vn 0.1038 0.9318 -0.3478
vn 0.0561 0.9982 -0.0198
vn -0.9980 0.0410 0.0486
vn -0.7576 0.3420 -0.5560
vn -0.9309 0.3634 0.0385
vn -0.0784 0.6108 -0.7879
vn -0.6025 -0.1100 -0.7905
vn 0.0636 -0.0035 -0.9980
vn -0.5989 0.5673 -0.5652
vn -0.4964 -0.1023 -0.8621
vn -0.4051 0.3243 -0.8548
vn -0.4048 -0.6663 -0.6262
vn -0.8637 -0.5039 0.0105
vn -0.6667 -0.7441 -0.0426
vn -0.5509 0.1313 -0.8242
vn -0.2920 -0.4930 -0.8196
vn 0.0799 0.0321 -0.9963
vn -0.9664 -0.2570 0.0064
vn -0.7427 0.1869 -0.6430
vn -0.9976 0.0522 -0.0447
vn 0.1865 -0.7278 -0.6599
vn -0.2586 -0.9660 0.0025
vn 0.0497 -0.9976 -0.0472
vn -0.4958 -0.2801 -0.8220
vn 0.1232 -0.5469 -0.8281
vn 0.0295 0.0787 -0.9965
vn -0.5074 -0.8616 0.0157
vn -0.6707 -0.4067 -0.6203
vn -0.7462 -0.6645 -0.0404
vn 0.6707 -0.4067 -0.6203
vn 0.5073 -0.8616 0.0157
vn 0.7461 -0.6646 -0.0404
vn -0.1232 -0.5469 -0.8281
vn 0.4958 -0.2802 -0.8220
vn -0.0295 0.0787 -0.9965
vn 0.2586 -0.9660 0.0025
vn -0.1865 -0.7278 -0.6599
vn -0.0497 -0.9976 -0.0472
vn 0.7428 0.1869 -0.6429
vn 0.9664 -0.2571 0.0064
vn 0.9976 0.0522 -0.0447
vn 0.2920 -0.4930 -0.8196
vn 0.5509 0.1313 -0.8242
vn -0.0800 0.0321 -0.9963
vn 0.8637 -0.5039 0.0105
vn 0.4048 -0.6663 -0.6263
vn 0.6667 -0.7441 -0.0426
vn 0.6300 0.7418 0.2298
vn 0.8671 0.4227 -0.2635
vn 0.8365 0.4542 0.3065
vn 0.6025 -0.1099 -0.7905
vn 0.0784 0.6108 -0.7879
vn -0.0636 -0.0036 -0.9980
vn 0.9583 -0.1780 -0.2237
vn 0.7157 0.1796 -0.6749
vn 0.6382 0.0188 -0.7696
vn -0.6844 -0.7214 -0.1054
vn -0.3829 -0.9237 -0.0088
vn -0.7071 -0.7071 -0.0000
vn -0.3627 -0.9284 -0.0807
vn -0.0004 -0.9999 -0.0115
vn -0.3827 -0.9239 -0.0000
vn -0.1888 -0.9640 0.1874
vn 0.0023 -0.8715 0.4903
vn -0.0000 -1.0000 -0.0000
vn -0.3169 -0.6351 0.7044
vn 0.0028 -0.0000 1.0000
vn -0.0000 -0.8715 0.4904
vn 0.0262 -0.9941 -0.1055
vn 0.3824 -0.9239 -0.0088
vn 0.0001 -1.0000 -0.0000
vn 0.3829 -0.9237 -0.0088
vn 0.6844 -0.7214 -0.1054
vn 0.7071 -0.7071 -0.0000
vn -0.6711 -0.5005 -0.5469
vn 0.0012 -0.8715 -0.4904
vn -0.0000 -0.0000 -1.0000
vn -0.3169 -0.9320 -0.1759
vn 0.0012 -1.0000 -0.0000
vn -0.0000 -0.8715 -0.4903
vn -0.5348 0.8158 0.2202
vn -0.3827 0.9239 -0.0000
vn -0.7071 0.7071 -0.0000
vn -0.2306 0.9583 0.1686
vn -0.0001 1.0000 -0.0000
vn -0.6724 0.5011 0.5447
vn 0.0013 0.8723 0.4889
vn -0.0000 -0.0001 1.0000
vn -0.3169 0.9324 0.1738
vn 0.0013 1.0000 -0.0000
vn -0.0000 0.8724 0.4889
vn 0.1987 0.9550 0.2202
vn 0.3827 0.9239 -0.0000
vn 0.0001 1.0000 -0.0000
vn 0.5146 0.8407 0.1686
vn 0.7071 0.7071 -0.0000
vn -0.1871 0.9646 -0.1861
vn 0.0027 0.8724 -0.4888
vn -0.0000 1.0000 -0.0000
vn -0.3169 0.6361 -0.7035
vn 0.0033 -0.0000 -1.0000
vn -0.0000 0.8723 -0.4889
vn 0.7085 -0.7057 0.0060
vn 0.7195 -0.4671 0.5139
vn 0.5843 -0.5846 0.5630
vn 0.5825 -0.5801 0.5693
vn -0.0821 -0.7415 0.6659
vn -0.0105 0.0104 0.9999
vn 0.7214 -0.6844 -0.1054
vn 0.9237 -0.3829 -0.0088
vn 0.9284 -0.3627 -0.0807
vn 0.9999 -0.0003 -0.0115
vn 0.9239 -0.3827 -0.0000
vn -0.0788 -0.7447 -0.6627
vn 0.5825 -0.5801 -0.5693
vn -0.0105 0.0104 -0.9999
vn 0.7195 -0.4671 -0.5139
vn 0.7085 -0.7057 -0.0060
vn 0.5842 -0.5846 -0.5630
vn -0.9550 0.1987 0.2202
vn -0.9239 0.3827 -0.0000
vn -1.0000 0.0001 -0.0000
vn -0.8407 0.5146 0.1686
vn -0.7072 0.7071 -0.0000
vn 0.0152 -0.0075 0.9999
vn -0.6269 0.1336 0.7676
vn -0.5815 0.5813 0.5692
vn -0.5809 0.5877 0.5631
vn -0.5370 0.8329 0.1336
vn -0.7070 0.7072 0.0077
vn -0.5370 0.8329 -0.1336
vn -0.5809 0.5877 -0.5631
vn -0.7070 0.7072 -0.0077
vn -0.6242 0.1310 -0.7702
vn 0.0152 -0.0075 -0.9999
vn -0.5814 0.5813 -0.5692
vn 1.0000 0.0066 0.0036
vn 0.6854 0.1389 0.7148
vn 0.6737 -0.0002 0.7390
vn 0.6740 0.0061 0.7387
vn 0.0199 0.1254 0.9919
vn -0.0029 -0.0001 1.0000
vn 0.9941 0.0262 -0.1054
vn 0.9239 0.3824 -0.0088
vn 1.0000 0.0001 -0.0000
vn 0.9237 0.3829 -0.0088
vn 0.7214 0.6844 -0.1054
vn 0.0199 0.1254 -0.9919
vn 0.6740 0.0061 -0.7387
vn -0.0029 -0.0001 -1.0000
vn 0.6855 0.1390 -0.7147
vn 1.0000 0.0065 -0.0036
vn 0.6737 -0.0002 -0.7390
vn -0.8158 -0.5348 0.2202
vn -0.9239 -0.3827 -0.0000
vn -0.9583 -0.2306 0.1686
vn -1.0000 -0.0001 -0.0000
vn 0.0025 0.0067 1.0000
vn -0.5417 0.2961 0.7867
vn -0.6742 -0.0000 0.7385
vn -0.6737 0.0069 0.7390
vn -0.9332 0.3291 0.1443
vn -1.0000 0.0001 0.0035
vn -0.9332 0.3291 -0.1444
vn -0.6737 0.0069 -0.7390
vn -1.0000 0.0001 -0.0035
vn -0.5417 0.2961 -0.7867
vn 0.0025 0.0067 -1.0000
vn -0.6742 -0.0001 -0.7385
vn 0.7044 0.7098 0.0021
vn 0.3860 0.6023 0.6987
vn 0.4847 0.4845 0.7282
vn 0.4820 0.4874 0.7281
vn -0.0823 0.1198 0.9894
vn -0.0012 -0.0013 1.0000
vn 0.6844 0.7214 -0.1054
vn 0.3829 0.9237 -0.0088
vn 0.3627 0.9284 -0.0807
vn 0.0003 0.9999 -0.0115
vn -0.0824 0.1199 -0.9894
vn 0.4820 0.4874 -0.7281
vn -0.0012 -0.0013 -1.0000
vn 0.3860 0.6023 -0.6987
vn 0.7043 0.7099 -0.0022
vn 0.4847 0.4846 -0.7282
vn -0.1987 -0.9550 0.2202
vn -0.0001 -1.0000 -0.0000
vn -0.5146 -0.8407 0.1686
vn -0.0027 0.0050 1.0000
vn -0.5995 -0.1652 0.7831
vn -0.4846 -0.4846 0.7282
vn -0.4885 -0.4805 0.7284
vn -0.8917 -0.4262 0.1526
vn -0.7071 -0.7071 0.0021
vn -0.8917 -0.4262 -0.1526
vn -0.4885 -0.4805 -0.7283
vn -0.7071 -0.7071 -0.0021
vn -0.5995 -0.1652 -0.7831
vn -0.0027 0.0050 -1.0000
vn -0.4846 -0.4847 -0.7282
vn -0.0031 1.0000 -0.0000
vn 0.3790 0.8318 0.4057
vn -0.0000 0.6656 0.7463
vn -0.0030 0.6656 0.7463
vn 0.3331 0.3141 0.8891
vn -0.0000 -0.0000 1.0000
vn -0.0262 0.9941 -0.1054
vn -0.3825 0.9239 -0.0088
vn -0.4000 0.9129 -0.0807
vn -0.7068 0.7073 -0.0115
vn 0.3330 0.3180 -0.8877
vn -0.0030 0.6656 -0.7463
vn -0.0029 0.6656 -0.7463
vn 0.4384 0.8078 -0.3940
vn 0.5348 -0.8158 0.2202
vn 0.3827 -0.9239 -0.0000
vn 0.7071 -0.7072 -0.0000
vn 0.2306 -0.9583 0.1686
vn -0.0836 -0.0101 0.9964
vn -0.0033 -0.6653 0.7466
vn 0.3791 -0.8338 0.4014
vn -0.0034 -1.0000 -0.0000
vn -0.0000 -0.6653 0.7465
vn 0.4385 -0.8052 -0.3992
vn -0.0035 -0.6654 -0.7465
vn -0.2906 -0.5374 -0.7917
vn -0.0034 -0.0001 -1.0000
vn -0.0000 -0.6653 -0.7466
vn -0.8602 0.5041 0.0774
vn -0.4896 0.4840 0.7253
vn -0.7071 0.7071 -0.0021
vn -0.5991 0.2669 0.7549
vn -0.0040 -0.0014 1.0000
vn -0.4866 0.4866 0.7255
vn -0.7214 0.6844 -0.1054
vn -0.9237 0.3829 -0.0088
vn -0.9284 0.3627 -0.0807
vn -0.9999 0.0003 -0.0115
vn -0.0040 -0.0014 -1.0000
vn -0.5991 0.2668 -0.7549
vn -0.4866 0.4866 -0.7255
vn -0.4895 0.4840 -0.7253
vn -0.8602 0.5041 -0.0774
vn -0.7071 0.7071 0.0021
vn 0.9550 -0.1987 0.2202
vn 1.0000 -0.0001 -0.0000
vn 0.8158 -0.5348 0.2202
vn -0.0501 -0.0643 0.9967
vn 0.4828 -0.4899 0.7259
vn 0.0012 -0.0012 1.0000
vn 0.4276 -0.5510 0.7166
vn 0.7034 -0.7108 -0.0019
vn 0.4865 -0.4866 0.7256
vn 0.7034 -0.7108 0.0019
vn 0.4275 -0.5511 -0.7166
vn 0.4865 -0.4866 -0.7256
vn 0.4828 -0.4899 -0.7259
vn -0.0501 -0.0644 -0.9967
vn 0.0012 -0.0013 -1.0000
vn -0.9366 -0.3240 0.1338
vn -0.6790 -0.0068 0.7341
vn -1.0000 0.0001 -0.0037
vn -0.5500 -0.2920 0.7825
vn -0.0032 -0.0065 1.0000
vn -0.6785 -0.0000 0.7346
vn -0.9941 -0.0262 -0.1054
vn -0.9239 -0.3824 -0.0088
vn -0.9129 -0.4000 -0.0807
vn -0.7073 -0.7068 -0.0115
vn -0.0032 -0.0065 -1.0000
vn -0.5500 -0.2919 -0.7824
vn -0.6785 -0.0001 -0.7346
vn -0.6790 -0.0068 -0.7341
vn -0.9366 -0.3239 -0.1337
vn -1.0000 -0.0000 0.0037
vn 0.8158 0.5348 0.2202
vn 0.9239 0.3827 -0.0000
vn 0.9583 0.2306 0.1686
vn 0.0228 -0.1217 0.9923
vn 0.6780 -0.0067 0.7351
vn 0.0025 -0.0000 1.0000
vn 0.6886 -0.1353 0.7124
vn 1.0000 -0.0069 -0.0032
vn 0.6786 -0.0002 0.7345
vn 1.0000 -0.0069 0.0032
vn 0.6886 -0.1353 -0.7124
vn 0.6786 -0.0002 -0.7345
vn 0.6780 -0.0067 -0.7351
vn 0.0227 -0.1216 -0.9923
vn 0.0025 -0.0001 -1.0000
vn 0.0788 -0.7447 0.6627
vn -0.5825 -0.5801 0.5693
vn 0.0105 0.0104 0.9999
vn -0.7195 -0.4671 0.5139
vn -0.7085 -0.7057 0.0060
vn -0.5842 -0.5846 0.5630
vn -0.7085 -0.7057 -0.0060
vn -0.7195 -0.4671 -0.5139
vn -0.5843 -0.5846 -0.5630
vn -0.5825 -0.5801 -0.5693
vn 0.0821 -0.7415 -0.6659
vn 0.0105 0.0104 -0.9999
vn 0.5370 0.8329 0.1336
vn 0.5809 0.5877 0.5631
vn 0.7070 0.7072 0.0077
vn 0.6242 0.1310 0.7702
vn -0.0152 -0.0075 0.9999
vn 0.5814 0.5813 0.5692
vn -0.0152 -0.0075 -0.9999
vn 0.6269 0.1336 -0.7676
vn 0.5815 0.5813 -0.5692
vn 0.5809 0.5877 -0.5631
vn 0.5370 0.8329 -0.1336
vn 0.7070 0.7072 -0.0077
vn 1.0000 -0.0000 -0.0000
vn -1.0000 -0.0000 -0.0000
vn -0.1012 0.0440 0.9939
vn -0.6515 -0.4330 0.6229
vn 0.0562 -0.7407 0.6694
vn -0.9939 -0.1012 -0.0440
vn -0.6229 -0.6515 0.4330
vn -0.6695 0.0562 0.7407
vn 0.0440 -0.9939 0.1012
vn -0.4330 -0.6229 0.6515
vn -0.7407 -0.6694 -0.0562
vn -0.0440 -0.1012 0.9939
vn 0.4330 -0.6515 0.6229
vn 0.7407 0.0562 0.6694
vn 0.1012 -0.9939 -0.0440
vn 0.6515 -0.6229 0.4330
vn -0.0562 -0.6694 0.7407
vn 0.9939 0.0440 0.1012
vn 0.6229 -0.4330 0.6515
vn 0.6695 -0.7407 -0.0562
vn 0.1012 0.0440 -0.9939
vn 0.6515 -0.4330 -0.6229
vn -0.0562 -0.7407 -0.6695
vn 0.9939 -0.1012 0.0440
vn 0.6229 -0.6515 -0.4330
vn 0.6695 0.0562 -0.7407
vn -0.0440 -0.9939 -0.1012
vn 0.4330 -0.6229 -0.6515
vn 0.7407 -0.6694 0.0562
vn -0.9939 0.0440 -0.1012
vn -0.6229 -0.4330 -0.6515
vn -0.6694 -0.7407 0.0562
vn 0.0440 -0.1012 -0.9939
vn -0.4330 -0.6515 -0.6229
vn -0.7407 0.0562 -0.6694
vn -0.1012 -0.9939 0.0440
vn -0.6515 -0.6229 -0.4330
vn 0.0562 -0.6694 -0.7407
vn -0.9939 -0.0440 0.1012
vn -0.6229 0.4330 0.6515
vn -0.6694 0.7407 -0.0562
vn 0.0440 0.1012 0.9939
vn -0.4330 0.6515 0.6229
vn -0.7407 -0.0562 0.6694
vn -0.1012 0.9939 -0.0440
vn -0.6515 0.6229 0.4330
vn 0.0562 0.6694 0.7407
vn 0.1012 -0.0440 0.9939
vn 0.6515 0.4330 0.6229
vn -0.0562 0.7407 0.6695
vn 0.9939 0.1012 -0.0440
vn 0.6229 0.6515 0.4330
vn 0.6694 -0.0562 0.7407
vn -0.0440 0.9939 0.1012
vn 0.4330 0.6229 0.6515
vn 0.7407 0.6694 -0.0562
vn 0.9939 -0.0440 -0.1012
vn 0.6229 0.4330 -0.6515
vn 0.6695 0.7407 0.0562
vn -0.0440 0.1012 -0.9939
vn 0.4330 0.6515 -0.6229
vn 0.7407 -0.0562 -0.6694
vn 0.1012 0.9939 0.0440
vn 0.6515 0.6229 -0.4330
vn -0.0562 0.6694 -0.7407
vn -0.9939 0.1012 0.0440
vn -0.6229 0.6515 -0.4330
vn -0.6694 -0.0562 -0.7407
vn 0.0440 0.9939 -0.1012
vn -0.4330 0.6229 -0.6515
vn -0.7407 0.6694 0.0562
vn -0.1012 -0.0440 -0.9939
vn -0.6515 0.4330 -0.6229
vn 0.0562 0.7407 -0.6694
vn 0.1832 -0.9821 0.0432
vn 0.0186 -0.7073 0.7067
vn 0.0186 -0.7067 0.7073
vn 0.1832 -0.0432 0.9821
vn -0.9813 -0.0452 -0.1872
vn -0.7072 -0.7070 -0.0095
vn -0.6619 -0.7258 -0.1872
vn -0.0001 -1.0000 -0.0095
vn -0.0186 -0.9998 -0.0005
vn -0.1832 -0.7250 -0.6639
vn -0.0000 -0.7071 -0.7071
vn -0.1832 -0.6639 -0.7250
vn -0.0186 -0.0005 -0.9998
vn 0.0452 -0.9813 -0.1872
vn 0.7070 -0.7072 -0.0095
vn 0.7259 -0.6619 -0.1872
vn 1.0000 -0.0001 -0.0095
vn -0.0452 0.9813 -0.1872
vn -0.7070 0.7072 -0.0095
vn -0.7258 0.6619 -0.1872
vn -1.0000 0.0002 -0.0095
vn 0.1832 0.0432 0.9821
vn 0.0184 0.7067 0.7073
vn 0.0186 0.7073 0.7067
vn 0.1832 0.9821 0.0432
vn 0.9813 0.0452 -0.1872
vn 0.7072 0.7070 -0.0095
vn 0.6619 0.7258 -0.1872
vn 0.0001 1.0000 -0.0095
vn -0.0186 0.0005 -0.9998
vn -0.1832 0.6639 -0.7250
vn -0.0001 0.7071 -0.7071
vn -0.1832 0.7250 -0.6639
vn -0.0186 0.9998 -0.0004
vn -0.0000 0.7071 -0.7071
vn -0.0452 0.1872 0.9813
vn -0.7070 0.0096 0.7072
vn -0.7072 0.0095 0.7070
vn -0.9813 0.1872 0.0452
vn -1.0000 -0.0000 0.0001
vn 0.9813 0.1872 0.0452
vn 0.7072 0.0095 0.7070
vn 0.6619 0.1872 0.7258
vn 0.0001 0.0095 1.0000
vn 0.7071 -0.0000 0.7071
vn 0.0452 0.1872 -0.9813
vn 0.7070 0.0095 -0.7072
vn 0.7072 0.0095 -0.7070
vn 0.9813 0.1872 -0.0452
vn -0.9813 0.1872 -0.0452
vn -0.7072 0.0095 -0.7070
vn -1.0000 -0.0000 -0.0001
vn -0.6620 0.1870 -0.7258
vn -0.0001 0.0095 -1.0000
vn -0.7071 -0.0000 -0.7071
vn -0.7407 -0.6695 -0.0562
vn 0.6694 -0.7407 -0.0562
vn -0.0562 -0.7407 -0.6694
vn 0.6694 0.0562 -0.7407
vn -0.6695 -0.7407 0.0562
vn 0.0562 -0.6695 -0.7407
vn -0.6695 0.7407 -0.0562
vn -0.7407 -0.0562 0.6695
vn -0.0562 0.7407 0.6694
vn 0.6694 0.7407 0.0562
vn 0.7407 -0.0562 -0.6695
vn -0.7407 0.6695 0.0562
vn 0.0150 -0.9999 0.0003
vn 0.1848 -0.7253 0.6631
vn -0.0000 -0.7071 0.7071
vn 0.1848 -0.6631 0.7253
vn 0.0150 -0.0003 0.9999
vn -0.9814 -0.0449 -0.1866
vn -0.7072 -0.7069 -0.0108
vn -0.6622 -0.7257 -0.1866
vn -0.0002 -0.9999 -0.0108
vn -0.1848 -0.9818 -0.0440
vn -0.0150 -0.7072 -0.7068
vn -0.0150 -0.7068 -0.7072
vn -0.1848 -0.0440 -0.9818
vn 0.0449 -0.9814 -0.1866
vn 0.7070 -0.7072 -0.0108
vn 0.7257 -0.6622 -0.1866
vn 0.9999 -0.0002 -0.0108
vn -0.0449 0.9814 -0.1866
vn -0.7069 0.7072 -0.0108
vn -0.7257 0.6622 -0.1866
vn -0.9999 0.0002 -0.0108
vn 0.0150 0.0003 0.9999
vn 0.1848 0.6631 0.7253
vn -0.0000 0.7071 0.7071
vn 0.1848 0.7253 0.6631
vn 0.0150 0.9999 0.0003
vn 0.9814 0.0449 -0.1866
vn 0.7072 0.7069 -0.0108
vn 0.6622 0.7257 -0.1866
vn 0.0002 0.9999 -0.0108
vn -0.1848 0.0440 -0.9818
vn -0.0150 0.7068 -0.7072
vn -0.0150 0.7072 -0.7068
vn -0.1848 0.9818 -0.0440
vn -0.0432 0.1832 0.9821
vn -0.7067 0.0186 0.7073
vn -0.7250 0.1832 0.6639
vn -0.9998 0.0186 0.0004
vn -0.7071 -0.0000 0.7071
vn 0.9821 0.1832 0.0432
vn 0.7073 0.0186 0.7067
vn 0.6639 0.1832 0.7250
vn 0.0005 0.0186 0.9998
vn 0.0432 0.1832 -0.9821
vn 0.7067 0.0186 -0.7073
vn 0.7250 0.1832 -0.6639
vn 0.9998 0.0186 -0.0004
vn 0.7071 -0.0000 -0.7071
vn -0.9821 0.1832 -0.0432
vn -0.7073 0.0186 -0.7067
vn -0.6639 0.1832 -0.7250
vn -0.0005 0.0186 -0.9998
vn 0.0562 -0.7407 0.6695
vn 0.0562 0.7407 -0.6695
vn 0.0186 -0.9998 0.0005
vn 0.1832 -0.7250 0.6639
vn 0.1832 -0.6639 0.7250
vn 0.0186 -0.0005 0.9998
vn -0.1832 -0.9821 -0.0432
vn -0.0186 -0.7073 -0.7067
vn -0.0186 -0.7067 -0.7073
vn -0.1832 -0.0432 -0.9821
vn 0.7258 -0.6619 -0.1872
vn 1.0000 -0.0002 -0.0095
vn -0.7259 0.6619 -0.1872
vn -1.0000 0.0001 -0.0095
vn 0.0186 0.0005 0.9998
vn 0.1832 0.6639 0.7250
vn 0.0001 0.7071 0.7071
vn 0.1832 0.7250 0.6639
vn 0.0186 0.9998 0.0004
vn -0.1832 0.0432 -0.9821
vn -0.0184 0.7067 -0.7073
vn -0.0186 0.7073 -0.7067
vn -0.1832 0.9821 -0.0432
vn -0.7070 0.0095 0.7072
vn 1.0000 -0.0000 0.0001
vn 0.6620 0.1870 0.7258
vn 0.7070 0.0096 -0.7072
vn 1.0000 -0.0000 -0.0001
vn -0.6619 0.1872 -0.7258
vn -0.6694 0.0562 0.7407
vn -0.0562 -0.6695 0.7407
vn 0.7407 -0.6695 0.0562
vn 0.7407 0.6695 -0.0562
vn 0.1848 -0.9818 0.0440
vn 0.0150 -0.7072 0.7068
vn 0.0150 -0.7068 0.7072
vn 0.1848 -0.0440 0.9818
vn -0.0150 -0.9999 -0.0003
vn -0.1848 -0.7253 -0.6631
vn -0.1848 -0.6631 -0.7253
vn -0.0150 -0.0003 -0.9999
vn 0.7069 -0.7072 -0.0108
vn -0.7070 0.7072 -0.0108
vn 0.1848 0.0440 0.9818
vn 0.0150 0.7068 0.7072
vn 0.0150 0.7072 0.7068
vn 0.1848 0.9818 0.0440
vn -0.0150 0.0003 -0.9999
vn -0.1848 0.6631 -0.7253
vn -0.1848 0.7253 -0.6631
vn -0.0150 0.9999 -0.0003
vn -0.1599 -0.8264 0.5399
vn -0.2830 0.0901 0.9549
vn 0.1600 -0.8264 0.5399
vn 0.1776 -0.9392 0.2938
vn 0.5716 -0.6013 0.5584
vn 0.7283 -0.6851 0.0106
vn 0.6097 -0.2603 0.7487
vn 0.8904 -0.4511 0.0602
vn 0.8634 0.4971 0.0866
vn 0.5628 0.2944 0.7724
vn 0.0837 -0.1692 0.9820
vn 0.6516 0.7578 0.0341
vn 0.4808 0.4043 0.7781
vn 0.5006 0.8615 0.0848
vn 0.1833 -0.0571 0.9814
vn 0.5432 0.5900 0.5973
vn 0.0391 0.6544 0.7551
vn -0.0398 0.9985 0.0388
vn 0.1626 0.0769 0.9837
vn -0.4480 0.4995 0.7415
vn -0.9617 0.2594 0.0887
vn -0.8904 -0.4511 0.0602
vn -0.7522 -0.4926 0.4375
vn -0.8146 -0.0243 0.5796
vn 0.4129 -0.6925 -0.5915
vn 0.1599 -0.8264 -0.5398
vn 0.5548 -0.7536 -0.3525
vn 0.8146 -0.0243 -0.5796
vn 0.9617 0.2594 -0.0887
vn 0.3384 0.9382 0.0724
vn -0.4808 0.4043 -0.7781
vn -0.0399 0.9985 -0.0388
vn -0.0836 -0.1692 -0.9820
vn -0.7283 -0.6851 -0.0106
vn -0.8580 -0.3234 -0.3990
vn -0.8904 -0.4512 -0.0601
vn -0.7416 -0.4961 -0.4517
vn -0.6807 -0.0229 -0.7322
vn -0.1038 0.9318 0.3479
vn 0.7099 0.5420 0.4498
vn 0.4533 0.8913 -0.0023
vn -0.2110 0.6589 0.7221
vn -0.4533 0.8913 -0.0023
vn -0.7099 0.5420 0.4498
vn 0.0614 -0.1144 0.9915
vn -0.6024 -0.1099 0.7906
vn 0.0636 -0.0035 0.9980
vn -0.7428 0.1869 0.6430
vn -0.5508 0.1313 0.8242
vn -0.6707 -0.4066 0.6203
vn -0.7462 -0.6645 0.0404
vn 0.1232 -0.5468 0.8281
vn -0.4958 -0.2801 0.8220
vn 0.0295 0.0788 0.9965
vn -0.0296 0.0788 0.9965
vn 0.5508 0.1313 0.8242
vn -0.0800 0.0321 0.9963
vn 0.5989 0.5674 0.5652
vn 0.4964 -0.1022 0.8621
vn 0.4051 0.3244 0.8548
vn 0.7575 0.3420 0.5560
vn 0.9309 0.3634 -0.0385
vn 0.6024 -0.1100 0.7906
vn 0.7099 0.5419 -0.4498
vn 0.5856 0.4043 -0.7026
vn -0.2110 0.6590 -0.7220
vn -0.0614 -0.1144 -0.9915
vn -0.7575 0.3420 -0.5561
vn -0.0785 0.6108 -0.7879
vn -0.5989 0.5673 -0.5653
vn -0.4963 -0.1023 -0.8621
vn -0.4050 0.3243 -0.8549
vn -0.4047 -0.6664 -0.6262
vn 0.5074 -0.8616 0.0157
vn 0.7462 -0.6645 -0.0404
vn 0.9664 -0.2570 0.0064
vn 0.2920 -0.4929 -0.8196
vn 0.5509 0.1314 -0.8242
vn 0.4047 -0.6663 -0.6263
vn 0.6025 -0.1100 -0.7905
vn 0.0784 0.6107 -0.7879
vn -0.0635 -0.0036 -0.9980
vn 0.6382 0.0189 -0.7696
vn 0.0023 -0.8715 0.4904
vn 0.0012 -0.8715 0.4904
vn -0.6711 -0.4975 0.5496
vn 0.0261 -0.9941 -0.1053
vn 0.4000 -0.9129 -0.0807
vn 0.7068 -0.7073 -0.0115
vn -0.6724 0.5011 0.5448
vn 0.0013 0.8723 0.4890
vn 0.0027 0.8724 0.4888
vn -0.1871 0.9650 0.1839
vn 0.7195 -0.4671 0.5140
vn 0.0152 -0.0076 0.9999
vn 0.0153 -0.0075 -0.9999
vn 0.9129 0.4001 -0.0807
vn 0.7073 0.7068 -0.0115
vn -0.7072 -0.7071 -0.0000
vn 0.7043 0.7099 0.0022
vn 0.0004 0.9999 -0.0115
vn -0.0012 -0.0012 -1.0000
vn 0.7043 0.7099 -0.0021
vn -0.5348 -0.8158 0.2202
vn -0.7071 -0.7072 -0.0000
vn -0.4846 -0.4847 0.7282
vn -0.4885 -0.4805 0.7283
vn -0.7072 -0.7071 -0.0021
vn -0.5995 -0.1651 -0.7832
vn -0.0027 0.0051 -1.0000
vn -0.4846 -0.4846 -0.7282
vn 0.4383 0.8057 0.3984
vn -0.0029 0.6656 0.7463
vn 0.3789 0.3038 0.8741
vn -0.0029 -0.0000 1.0000
vn -0.0000 0.6656 0.7464
vn -0.0262 0.9941 -0.1053
vn -0.0029 -0.0000 -1.0000
vn 0.3790 0.3082 -0.8726
vn -0.0000 0.6656 -0.7463
vn 0.3789 0.8336 -0.4019
vn -0.0033 -0.0001 1.0000
vn -0.2905 -0.5375 0.7916
vn -0.0000 -0.6653 0.7466
vn -0.0000 -0.6654 0.7465
vn -0.0033 -0.6653 -0.7466
vn -0.0837 -0.0102 -0.9964
vn -0.0000 -0.0001 -1.0000
vn 0.8407 -0.5146 0.1686
vn 0.7072 -0.7071 -0.0000
vn 0.4865 -0.4867 -0.7256
vn -0.9130 -0.4000 -0.0806
vn -0.5501 -0.2919 -0.7824
vn 0.0026 -0.0000 1.0000
vn 1.0000 -0.0069 -0.0033
vn 1.0000 -0.0069 0.0033
vn -0.5825 -0.5802 0.5693
vn -0.7195 -0.4671 -0.5140
vn -0.0153 -0.0075 0.9999
vn -0.0152 -0.0076 -0.9999
vn -0.6695 -0.0562 -0.7407
vn -0.1012 -0.0439 -0.9939
vn -0.6515 0.4331 -0.6229
vn -0.7070 -0.7072 -0.0095
vn -0.0452 -0.9813 -0.1872
vn -0.0186 -0.9998 -0.0004
vn 0.7072 -0.7070 -0.0095
vn 0.9813 -0.0452 -0.1872
vn -0.7072 0.7070 -0.0095
vn -0.9813 0.0452 -0.1872
vn 0.0186 0.7067 0.7073
vn 0.7070 0.7072 -0.0095
vn 0.0452 0.9813 -0.1872
vn -0.0186 0.0004 -0.9998
vn -0.7258 0.1872 0.6619
vn -1.0000 0.0095 0.0001
vn 0.7070 0.0095 0.7072
vn 0.0452 0.1872 0.9813
vn 0.7258 0.1872 -0.6619
vn 1.0000 0.0095 -0.0001
vn -0.7408 -0.6694 -0.0562
vn 0.7408 -0.6694 0.0562
vn 0.7408 0.6694 -0.0562
vn 0.6515 0.6229 -0.4331
vn -0.7408 0.6694 0.0562
vn -0.0002 -0.9999 -0.0109
vn -0.0150 -0.7073 -0.7068
vn 0.1848 0.6631 0.7254
vn -0.0000 0.7071 0.7072
vn 0.0002 0.9999 -0.0109
vn -0.0000 0.0001 -1.0000
vn -0.0150 0.7073 -0.7068
vn -0.7067 0.0187 0.7073
vn -0.7250 0.1830 0.6640
vn 0.0004 0.0186 0.9998
vn -0.7073 0.0187 -0.7066
vn -0.6640 0.1830 -0.7250
vn -0.0004 0.0186 -0.9998
vn 0.1012 0.0439 -0.9939
vn 0.6515 -0.4331 -0.6229
vn -0.7407 0.0562 -0.6695
vn -0.0562 0.6695 -0.7407
vn 0.0186 0.9998 0.0005
vn -0.0186 0.7066 -0.7073
vn 0.0002 0.0095 1.0000
vn -0.6619 0.1872 -0.7259
vn -0.6515 0.6229 0.4331
vn 0.0150 -0.7073 0.7068
vn -0.9999 -0.0002 -0.0109
vn -0.7257 -0.6622 -0.1866
vn -0.0000 0.0001 1.0000
vn 0.0150 0.7073 0.7068
vn -0.1848 0.6631 -0.7254
vn -0.0000 0.7071 -0.7072
vn 0.7073 0.0187 0.7066
vn 0.6640 0.1830 0.7250
vn 0.7067 0.0187 -0.7073
vn 0.7250 0.1830 -0.6640
vn -0.5549 -0.7535 0.3525
vn 0.4130 -0.6924 0.5916
vn -0.3382 -0.1727 0.9251
vn -0.0769 -0.2398 0.9678
vn 0.6807 -0.0229 0.7322
vn 0.7982 0.0123 0.6022
vn 0.5017 0.4487 0.7395
vn 0.5006 0.8615 0.0849
vn 0.0391 0.6544 0.7552
vn -0.5006 0.8615 0.0849
vn 0.1625 0.0770 0.9837
vn 0.0010 0.7887 0.6147
vn -0.4479 0.4996 0.7415
vn 0.0595 0.1836 0.9812
vn -0.5837 0.5509 0.5965
vn -0.6633 0.0381 0.7474
vn -0.8904 -0.4511 0.0601
vn -0.7523 -0.4926 0.4375
vn -0.0594 0.1375 0.9887
vn -0.8145 -0.0242 0.5796
vn -0.5883 -0.5677 0.5759
vn -0.4130 -0.6924 -0.5916
vn -0.1776 -0.9392 -0.2938
vn -0.1600 -0.8264 -0.5399
vn 0.4129 -0.6925 -0.5916
vn 0.2829 0.0900 -0.9549
vn 0.8904 -0.4511 -0.0601
vn 0.8145 -0.0242 -0.5796
vn 0.5629 0.2943 -0.7724
vn 0.5957 0.1968 -0.7788
vn 0.8633 0.4971 -0.0867
vn -0.0594 0.1834 -0.9812
vn 0.5006 0.8615 -0.0849
vn 0.3383 0.9382 0.0724
vn 0.4480 0.4995 -0.7415
vn -0.2709 0.7939 -0.5443
vn -0.0399 0.9984 -0.0389
vn -0.1832 -0.0570 -0.9814
vn -0.8633 0.4971 -0.0867
vn -0.9617 0.2593 -0.0887
vn -0.7351 0.6766 -0.0429
vn -0.0837 -0.1691 -0.9820
vn -0.5017 0.4489 -0.7395
vn -0.5240 -0.5945 -0.6099
vn -0.6097 -0.2604 -0.7486
vn -0.8904 -0.4511 -0.0602
vn 0.7099 0.5419 0.4499
vn 0.5856 0.4042 0.7027
vn -0.2903 0.9567 -0.0193
vn -0.5856 0.4042 0.7027
vn 0.2110 0.6588 0.7221
vn -0.7157 0.1796 0.6750
vn -0.6382 0.0189 0.7697
vn -0.0784 0.6107 0.7879
vn -0.8637 -0.5039 -0.0106
vn -0.4047 -0.6663 0.6263
vn 0.5073 -0.8616 -0.0157
vn 0.6707 -0.4067 0.6204
vn 0.7461 -0.6646 0.0404
vn 0.4958 -0.2801 0.8221
vn -0.1232 -0.5468 0.8281
vn -0.0295 0.0788 0.9965
vn 0.7428 0.1869 0.6429
vn 0.4048 -0.6663 0.6263
vn 0.9309 0.3633 -0.0385
vn 0.6024 -0.1099 0.7906
vn -0.0636 -0.0034 0.9980
vn 0.2903 0.9567 0.0193
vn 0.1038 0.9318 -0.3479
vn -0.9980 0.0409 0.0486
vn -0.6025 -0.1099 -0.7905
vn 0.0636 -0.0034 -0.9980
vn -0.5989 0.5672 -0.5653
vn -0.4963 -0.1024 -0.8621
vn -0.4047 -0.6663 -0.6262
vn 0.0800 0.0321 -0.9963
vn -0.7428 0.1869 -0.6429
vn 0.0497 -0.9976 -0.0473
vn -0.7462 -0.6645 -0.0405
vn 0.8637 -0.5039 0.0106
vn 0.6024 -0.1100 -0.7906
vn -0.0636 -0.0035 -0.9980
vn 0.9582 -0.1780 -0.2238
vn 0.7156 0.1797 -0.6750
vn 0.6381 0.0189 -0.7697
vn -0.0003 -0.9999 -0.0115
vn -0.3170 -0.6351 0.7044
vn 0.0262 -0.9941 -0.1054
vn 0.0028 -0.0001 -1.0000
vn -0.3170 -0.6365 -0.7031
vn -0.0000 -0.8715 -0.4904
vn -0.0000 0.8723 0.4889
vn 0.0027 0.8723 -0.4889
vn -0.3170 0.6361 -0.7035
vn 0.0033 0.0001 -1.0000
vn -0.0000 0.8724 -0.4888
vn 0.7084 -0.7057 0.0060
vn 0.5842 -0.5846 0.5630
vn -0.0105 0.0103 0.9999
vn 0.5825 -0.5801 -0.5694
vn 0.7195 -0.4671 -0.5140
vn -0.5370 0.8329 -0.1335
vn -0.5814 0.5814 -0.5692
vn 0.6855 0.1389 0.7147
vn 0.6739 0.0061 0.7388
vn 0.6739 0.0061 -0.7388
vn 0.6736 -0.0002 -0.7391
vn 0.4821 0.4874 0.7281
vn 0.3826 0.9239 -0.0000
vn -0.5995 -0.1652 -0.7832
vn -0.0029 0.6657 0.7463
vn 0.3789 0.3037 0.8742
vn -0.0029 0.0001 1.0000
vn -0.0000 0.6655 0.7464
vn -0.9284 0.3627 -0.0806
vn -0.0041 -0.0014 -1.0000
vn -0.8601 0.5041 -0.0774
vn -0.0501 -0.0644 0.9967
vn 0.7034 -0.7108 -0.0020
vn -0.0033 -0.0065 1.0000
vn -0.9129 -0.4001 -0.0807
vn -0.5500 -0.2919 -0.7825
vn 0.6779 -0.0067 -0.7351
vn 0.0228 -0.1216 -0.9923
vn 0.0105 0.0103 0.9999
vn -0.5825 -0.5801 -0.5694
vn 0.0821 -0.7414 -0.6660
vn 0.5370 0.8329 0.1335
vn 0.5809 0.5877 -0.5632
vn 0.5371 0.8329 -0.1336
vn -0.1012 0.0439 0.9939
vn -0.6515 -0.4331 0.6229
vn 0.0562 -0.7408 0.6694
vn -0.0440 -0.1011 0.9939
vn 0.4331 -0.6514 0.6230
vn 0.7407 0.0563 0.6694
vn -0.0562 -0.7408 -0.6694
vn 0.0440 -0.1011 -0.9939
vn -0.4331 -0.6514 -0.6230
vn -0.7407 0.0563 -0.6694
vn 0.0440 0.1011 0.9939
vn -0.4331 0.6514 0.6230
vn -0.7407 -0.0563 0.6694
vn 0.1012 -0.0439 0.9939
vn 0.6515 0.4331 0.6229
vn -0.0562 0.7408 0.6694
vn -0.0440 0.1011 -0.9939
vn 0.4331 0.6514 -0.6230
vn 0.7407 -0.0563 -0.6694
vn 0.0562 0.7408 -0.6694
vn 0.0186 -0.7067 0.7072
vn 0.1832 -0.0433 0.9821
vn -0.0186 -0.0004 -0.9998
vn -0.0000 -0.7071 -0.7072
vn 0.1832 0.0433 0.9821
vn 0.0186 0.7067 0.7072
vn -0.0000 0.7070 -0.7072
vn -0.0186 0.9998 -0.0005
vn -0.0002 0.0095 -1.0000
vn 0.0439 -0.9939 0.1012
vn -0.0440 -0.1013 0.9939
vn 0.7408 0.0562 0.6694
vn -0.0439 -0.9939 -0.1012
vn 0.4331 -0.6229 -0.6515
vn 0.0440 -0.1013 -0.9939
vn -0.7408 0.0562 -0.6694
vn 0.0440 0.1013 0.9939
vn -0.7408 -0.0562 0.6694
vn 0.0562 0.6695 0.7407
vn -0.0439 0.9939 0.1012
vn 0.4331 0.6229 0.6515
vn -0.0440 0.1013 -0.9939
vn 0.7408 -0.0562 -0.6694
vn 0.0439 0.9939 -0.1012
vn 0.1848 -0.6632 0.7253
vn 0.0150 -0.0004 0.9999
vn -0.0150 -0.7068 -0.7073
vn -0.1848 -0.0439 -0.9818
vn 0.0150 0.0004 0.9999
vn 0.1848 0.6632 0.7253
vn -0.1848 0.0439 -0.9818
vn -0.0150 0.7068 -0.7073
vn 0.6695 -0.0562 0.7407
vn 0.0186 -0.0004 0.9998
vn -0.0000 -0.7071 0.7072
vn -0.0186 -0.7067 -0.7072
vn -0.1832 -0.0433 -0.9821
vn 0.0186 0.0004 0.9998
vn -0.0000 0.7070 0.7072
vn -0.1832 0.0433 -0.9821
vn -0.0186 0.7067 -0.7072
vn -0.4331 -0.6229 0.6515
vn -0.4331 0.6229 -0.6515
vn 0.0150 -0.7068 0.7073
vn 0.1848 -0.0439 0.9818
vn -0.1848 -0.6632 -0.7253
vn -0.0150 -0.0004 -0.9999
vn 0.1848 0.0439 0.9818
vn 0.0150 0.7068 0.7073
vn -0.0150 0.0004 -0.9999
vn -0.1848 0.6632 -0.7253
vn -0.2830 0.0900 0.9549
vn 0.6097 -0.2604 0.7486
vn 0.5957 0.1968 0.7787
vn 0.5629 0.2943 0.7724
vn 0.0399 0.9984 0.0389
vn 0.1833 -0.0572 0.9814
vn 0.1626 0.0770 0.9837
vn -0.5957 0.1968 0.7788
vn -0.5837 0.5509 0.5966
vn -0.0595 0.1376 0.9887
vn 0.3382 -0.1727 -0.9251
vn -0.5716 -0.6012 -0.5585
vn 0.4130 -0.6925 -0.5916
vn 0.2830 0.0900 -0.9549
vn 0.0594 0.1375 -0.9887
vn 0.8146 -0.0242 -0.5796
vn 0.5883 -0.5677 -0.5759
vn 0.5837 0.5509 -0.5966
vn 0.6633 0.0381 -0.7474
vn -0.0010 0.7887 -0.6147
vn 0.4479 0.4996 -0.7415
vn -0.1833 -0.0572 -0.9814
vn -0.5432 0.5900 -0.5974
vn -0.0391 0.6544 -0.7552
vn -0.5629 0.2943 -0.7724
vn 0.4534 0.8913 -0.0022
vn -0.2110 0.6588 0.7221
vn 0.2110 0.6589 0.7221
vn -0.7157 0.1797 0.6750
vn -0.6025 -0.1100 0.7905
vn -0.5509 0.1313 0.8242
vn -0.5074 -0.8616 -0.0157
vn 0.0296 0.0787 0.9965
vn 0.7461 -0.6645 0.0404
vn 0.4047 -0.6663 0.6263
vn 0.4964 -0.1023 0.8621
vn 0.4050 0.3244 0.8549
vn 0.6024 -0.1100 0.7905
vn -0.2110 0.6589 -0.7221
vn -0.4533 0.8913 0.0023
vn -0.6024 -0.1100 -0.7905
vn -0.4050 0.3244 -0.8549
vn -0.4048 -0.6663 -0.6263
vn -0.7461 -0.6645 -0.0404
vn -0.0296 0.0787 -0.9965
vn -0.1865 -0.7278 -0.6600
vn 0.5508 0.1314 -0.8242
vn 0.7157 0.1797 -0.6749
vn 0.6382 0.0189 -0.7697
vn 0.0012 -0.8715 0.4905
vn 0.7195 -0.4670 0.5139
vn 0.5825 -0.5802 0.5693
vn 0.5825 -0.5802 -0.5693
vn 0.7195 -0.4670 -0.5140
vn 0.7085 -0.7057 -0.0061
vn -0.6242 0.1311 -0.7702
vn 0.0152 -0.0074 -0.9999
vn -0.5814 0.5814 -0.5691
vn 0.4821 0.4874 0.7280
vn -0.0823 0.1199 0.9894
vn -0.0012 -0.0012 1.0000
vn 0.3790 0.3037 0.8741
vn 0.5146 -0.8407 0.1686
vn -0.0836 -0.0100 0.9964
vn -0.0033 -0.6652 0.7467
vn -0.4895 0.4840 0.7253
vn -0.4895 0.4841 -0.7253
vn 0.7034 -0.7108 0.0020
vn 0.0228 -0.1216 0.9923
vn 0.6779 -0.0067 0.7351
vn -0.7084 -0.7057 0.0060
vn 0.0105 0.0103 -0.9999
vn 0.4330 -0.6515 0.6230
vn 0.1012 -0.9939 -0.0439
vn 0.6515 -0.6229 0.4331
vn 0.9939 -0.1013 0.0440
vn 0.1012 0.9939 0.0439
vn -0.0562 0.6694 -0.7408
vn -0.0000 -1.0000 0.0001
vn 0.6229 -0.4331 0.6515
vn 0.6229 0.4331 -0.6515
vn -0.4330 -0.6515 -0.6230
vn -0.1012 -0.9939 0.0439
vn -0.6515 -0.6229 -0.4331
vn -0.1012 0.9939 -0.0439
vn 0.0562 0.6694 0.7408
vn -0.9939 0.1013 0.0440
vn -0.0000 -1.0000 -0.0001
vn -0.0186 0.7067 -0.7073
vn -0.6229 -0.4331 -0.6515
vn -0.6229 0.4331 0.6515
vn -0.3686 -0.9279 0.0568
vn -0.4129 -0.6925 0.5915
vn -0.4044 -0.9118 0.0717
vn -0.2828 0.0901 0.9549
vn -0.5549 -0.7535 0.3526
vn 0.1599 -0.8264 0.5399
vn 0.0168 -0.9998 0.0112
vn 0.5239 -0.5946 0.6099
vn 0.8904 -0.4512 0.0601
vn 0.2709 0.7940 0.5442
vn 0.0399 0.9984 0.0388
vn 0.1832 -0.0570 0.9814
vn 0.5432 0.5901 0.5973
vn 0.0390 0.6545 0.7551
vn -0.0398 0.9984 0.0389
vn -0.4352 0.6976 0.5691
vn -0.7351 0.6767 0.0429
vn -0.8634 0.4971 0.0867
vn -0.6971 -0.7153 0.0482
vn -0.0595 0.1374 0.9887
vn -0.8145 -0.0244 0.5796
vn -0.5883 -0.5678 0.5758
vn -0.1777 -0.9392 -0.2939
vn -0.5717 -0.6012 -0.5584
vn -0.0168 -0.9998 -0.0112
vn 0.3686 -0.9279 -0.0568
vn 0.1600 -0.8264 -0.5399
vn 0.4044 -0.9118 -0.0717
vn 0.2828 0.0900 -0.9549
vn 0.5548 -0.7536 -0.3526
vn 0.0183 -0.8668 -0.4983
vn 0.6097 -0.2605 -0.7486
vn 0.9398 -0.3365 0.0598
vn 0.0595 0.1374 -0.9887
vn 0.5883 -0.5678 -0.5758
vn 0.5628 0.2943 -0.7724
vn 0.0399 0.9984 -0.0388
vn 0.4352 0.6976 -0.5692
vn 0.4480 0.4996 -0.7414
vn -0.8634 0.4971 -0.0867
vn -0.5628 0.2944 -0.7724
vn -0.0837 -0.1692 -0.9820
vn -0.7982 0.0124 -0.6023
vn -0.8580 -0.3234 -0.3991
vn -0.9999 -0.0118 -0.0058
vn -0.7415 -0.4960 -0.4517
vn 0.7100 0.5418 0.4499
vn 0.7310 0.6818 0.0268
vn 0.5856 0.4043 0.7026
vn -0.0615 -0.1142 0.9916
vn -0.4534 0.8913 -0.0022
vn -0.7099 0.5419 0.4498
vn -0.7310 0.6818 0.0268
vn 0.0561 0.9982 0.0199
vn -0.5856 0.4043 0.7026
vn 0.2110 0.6590 0.7220
vn 0.0614 -0.1143 0.9916
vn -0.7157 0.1795 0.6750
vn -0.6382 0.0188 0.7697
vn -0.9664 -0.2570 -0.0065
vn -0.2920 -0.4930 0.8195
vn 0.0799 0.0320 0.9963
vn 0.1865 -0.7278 0.6600
vn 0.0497 -0.9976 0.0473
vn 0.6707 -0.4066 0.6204
vn -0.1865 -0.7278 0.6600
vn 0.2586 -0.9660 -0.0024
vn -0.0497 -0.9976 0.0473
vn 0.4958 -0.2802 0.8220
vn -0.0295 0.0786 0.9965
vn 0.7428 0.1870 0.6429
vn 0.4050 0.3243 0.8548
vn 0.7575 0.3419 0.5561
vn 0.0785 0.6108 0.7879
vn 0.6025 -0.1099 0.7905
vn -0.0635 -0.0034 0.9980
vn 0.4534 0.8913 0.0022
vn 0.7100 0.5419 -0.4498
vn 0.7310 0.6818 -0.0268
vn -0.0561 0.9982 -0.0199
vn -0.2110 0.6590 -0.7219
vn -0.7100 0.5418 -0.4498
vn -0.4534 0.8913 0.0022
vn -0.7310 0.6818 -0.0268
vn 0.2110 0.6590 -0.7219
vn -0.5856 0.4043 -0.7025
vn 0.0614 -0.1141 -0.9916
vn -0.9308 0.3634 0.0385
vn -0.0784 0.6109 -0.7878
vn -0.6025 -0.1098 -0.7905
vn 0.0635 -0.0034 -0.9980
vn -0.5990 0.5671 -0.5654
vn -0.4963 -0.1026 -0.8621
vn -0.4050 0.3241 -0.8550
vn -0.6667 -0.7441 -0.0427
vn -0.5509 0.1312 -0.8242
vn -0.2920 -0.4930 -0.8195
vn 0.0799 0.0320 -0.9963
vn -0.7428 0.1870 -0.6429
vn 0.1865 -0.7278 -0.6600
vn -0.2586 -0.9660 0.0024
vn -0.4958 -0.2802 -0.8220
vn 0.1232 -0.5470 -0.8280
vn 0.0295 0.0786 -0.9965
vn -0.6707 -0.4066 -0.6203
vn -0.1232 -0.5470 -0.8280
vn -0.0295 0.0786 -0.9965
vn -0.0497 -0.9976 -0.0473
vn 0.2920 -0.4930 -0.8195
vn -0.0799 0.0320 -0.9963
vn 0.6025 -0.1098 -0.7905
vn 0.0784 0.6109 -0.7878
vn -0.0635 -0.0034 -0.9980
vn 0.7156 0.1796 -0.6750
vn 0.6382 0.0188 -0.7697
vn -0.3169 -0.6351 0.7045
vn 0.0028 0.0002 1.0000
vn -0.0000 -0.8714 0.4905
vn -0.6712 -0.5006 -0.5468
vn 0.0012 -0.8716 -0.4903
vn -0.0000 -0.0002 -1.0000
vn 0.0034 -0.0000 1.0000
vn -0.3169 0.6378 0.7020
vn -0.0000 0.8724 0.4888
vn 0.0027 0.8724 -0.4889
vn -0.0000 1.0000 -0.0001
vn -0.3169 0.6362 -0.7034
vn 0.7085 -0.7057 0.0061
vn 0.7196 -0.4670 0.5140
vn 0.5843 -0.5845 0.5630
vn 0.5825 -0.5801 0.5694
vn -0.0821 -0.7415 0.6660
vn -0.0105 0.0103 -0.9999
vn -0.6268 0.1336 0.7676
vn -0.5815 0.5812 0.5692
vn -0.5810 0.5877 0.5631
vn -0.7070 0.7072 -0.0078
vn 0.6736 -0.0002 0.7391
vn -0.6742 -0.0000 0.7386
vn -0.9332 0.3291 -0.1443
vn -0.6742 -0.0001 -0.7386
vn 0.3861 0.6023 0.6987
vn 0.4821 0.4873 0.7281
vn -0.0012 -0.0014 1.0000
vn -0.0823 0.1199 -0.9894
vn 0.4821 0.4874 -0.7281
vn -0.4886 -0.4805 -0.7283
vn -0.7072 -0.7070 -0.0021
vn -0.0030 0.6655 -0.7463
vn 0.4385 -0.8052 -0.3993
vn -0.0035 -0.6653 -0.7465
vn -0.2906 -0.5375 -0.7916
vn -0.0034 -0.0002 -1.0000
vn -0.0000 -0.6654 -0.7465
vn -0.0040 -0.0013 1.0000
vn -0.4866 0.4867 0.7255
vn -0.4866 0.4865 -0.7256
vn 0.4276 -0.5511 -0.7166
vn 0.0012 -0.0012 -1.0000
vn -0.5500 -0.2920 0.7824
vn -0.6786 -0.0000 0.7345
vn -0.5500 -0.2920 -0.7824
vn -0.7195 -0.4670 0.5140
vn -0.7085 -0.7057 0.0061
vn -0.5843 -0.5846 0.5630
vn -0.7085 -0.7057 -0.0061
vn -0.7196 -0.4670 -0.5140
vn -0.5843 -0.5845 -0.5630
vn -0.5825 -0.5802 -0.5693
vn 0.7070 0.7072 0.0078
vn 0.6242 0.1311 0.7702
vn -0.0153 -0.0074 0.9999
vn 0.5814 0.5814 0.5692
vn 0.5810 0.5877 -0.5631
vn 0.0563 -0.7409 0.6693
vn 0.7408 0.0563 0.6694
vn 0.1013 -0.9939 -0.0439
vn -0.0562 -0.6694 0.7408
vn -0.1013 0.9939 -0.0439
vn 0.7408 -0.0563 -0.6694
vn 0.1013 0.9939 0.0439
vn 0.6515 0.6228 -0.4331
vn 0.0563 0.7409 -0.6693
vn 0.1832 -0.9821 0.0433
vn -0.0000 -0.7072 -0.7070
vn -0.1832 -0.6640 -0.7250
vn 0.1832 0.9821 0.0433
vn -0.0000 1.0000 0.0001
vn -0.0000 0.7072 -0.7070
vn 0.0001 0.0096 1.0000
vn 0.0453 0.1874 -0.9812
vn -0.7070 0.0095 -0.7072
vn -0.0452 0.1872 -0.9813
vn 0.0563 -0.7408 0.6694
vn -0.9939 -0.1013 -0.0439
vn -0.6229 -0.6516 0.4330
vn 0.0440 -0.9939 0.1011
vn -0.4331 -0.6230 0.6514
vn -0.7407 -0.6694 -0.0563
vn -0.0439 -0.1013 0.9939
vn 0.4331 -0.6515 0.6229
vn -0.0563 -0.6695 0.7407
vn 0.9939 0.0440 0.1011
vn 0.6229 -0.4331 0.6514
vn -0.0563 -0.7408 -0.6694
vn 0.6229 -0.6516 -0.4330
vn 0.4331 -0.6229 -0.6514
vn 0.0439 -0.1013 -0.9939
vn -0.4331 -0.6516 -0.6228
vn 0.0439 0.1013 0.9939
vn -0.4331 0.6516 0.6228
vn -0.6515 0.6230 0.4330
vn 0.0563 0.6695 0.7407
vn -0.0563 0.7408 0.6694
vn 0.9939 0.1013 -0.0440
vn 0.6229 0.6516 0.4330
vn 0.4331 0.6229 0.6514
vn 0.9939 -0.0440 -0.1011
vn 0.6229 0.4331 -0.6514
vn -0.0439 0.1013 -0.9939
vn 0.4331 0.6515 -0.6229
vn -0.0563 0.6695 -0.7407
vn -0.9939 0.1013 0.0439
vn -0.6229 0.6516 -0.4330
vn 0.0440 0.9939 -0.1011
vn -0.4331 0.6230 -0.6514
vn -0.7407 0.6694 0.0563
vn 0.0563 0.7408 -0.6694
vn 0.1848 -0.7254 0.6631
vn -0.0000 -0.7072 0.7071
vn 0.1847 -0.6632 0.7253
vn -0.9814 -0.0449 -0.1867
vn -0.7072 -0.7069 -0.0109
vn -0.0150 -0.7069 -0.7072
vn 0.0450 -0.9814 -0.1867
vn 0.7069 -0.7072 -0.0109
vn -0.0450 0.9814 -0.1867
vn -0.7069 0.7072 -0.0109
vn 0.1847 0.7254 0.6631
vn -0.0000 0.7072 0.7071
vn 0.9814 0.0449 -0.1867
vn 0.7072 0.7069 -0.0109
vn -0.0150 0.7069 -0.7072
vn -0.9998 0.0186 0.0005
vn -0.7072 -0.0000 0.7071
vn 0.6640 0.1832 0.7250
vn 0.7072 -0.0000 -0.7071
vn -0.7073 0.0186 -0.7066
vn -0.6640 0.1832 -0.7250
vn -0.0563 -0.7409 -0.6693
vn -0.7408 0.0563 -0.6694
vn -0.1013 -0.9939 0.0439
vn 0.0562 -0.6694 -0.7408
vn -0.7408 -0.0563 0.6694
vn -0.6515 0.6228 0.4331
vn -0.0563 0.7409 0.6693
vn 0.0186 -0.9998 0.0004
vn -0.0000 -0.7072 0.7070
vn 0.1832 -0.6640 0.7250
vn -0.1832 -0.9821 -0.0433
vn -0.0000 0.7072 0.7070
vn -0.1832 0.9821 -0.0433
vn -0.0453 0.1874 0.9812
vn -0.0001 0.0096 -1.0000
vn -0.9939 -0.1013 -0.0440
vn -0.4331 -0.6229 0.6514
vn 0.4331 -0.6516 0.6228
vn 0.9939 -0.1013 0.0439
vn -0.0440 -0.9939 -0.1011
vn 0.4331 -0.6230 -0.6514
vn 0.7407 -0.6694 0.0563
vn -0.9939 0.0440 -0.1011
vn -0.6229 -0.4331 -0.6514
vn -0.4331 -0.6515 -0.6229
vn 0.0563 -0.6695 -0.7407
vn -0.9939 -0.0440 0.1011
vn -0.6229 0.4331 0.6514
vn -0.4331 0.6515 0.6229
vn 0.9939 0.1013 -0.0439
vn -0.0440 0.9939 0.1011
vn 0.4331 0.6230 0.6514
vn 0.7407 0.6694 -0.0563
vn 0.4331 0.6516 -0.6228
vn 0.6515 0.6230 -0.4330
vn -0.4331 0.6229 -0.6514
vn 0.0150 -0.7069 0.7072
vn -0.1848 -0.7254 -0.6631
vn -0.0000 -0.7072 -0.7071
vn -0.1847 -0.6632 -0.7253
vn 0.0150 0.7069 0.7072
vn -0.1847 0.7254 -0.6631
vn -0.0000 0.7072 -0.7071
vn 0.7073 0.0186 0.7066
vn 0.9998 0.0186 -0.0005
vn -0.2828 0.0898 0.9550
vn -0.5548 -0.7537 0.3524
vn -0.0183 -0.8669 0.4982
vn -0.0768 -0.2396 0.9678
vn 0.7416 -0.4960 0.4517
vn 0.0837 -0.1694 0.9820
vn 0.5017 0.4487 0.7396
vn 0.0399 0.9985 0.0388
vn 0.1833 -0.0570 0.9814
vn 0.0391 0.6545 0.7551
vn -0.7286 0.6848 0.0078
vn 0.0009 0.7886 0.6149
vn -0.6632 0.0381 0.7474
vn -0.6097 -0.2604 0.7487
vn -0.5883 -0.5678 0.5757
vn -0.3686 -0.9279 -0.0568
vn 0.6097 -0.2604 -0.7487
vn 0.0595 0.1373 -0.9887
vn 0.8145 -0.0244 -0.5796
vn 0.5883 -0.5679 -0.5757
vn 0.8634 0.4971 -0.0867
vn 0.4352 0.6976 -0.5691
vn -0.6516 0.7578 -0.0341
vn -0.5006 0.8615 -0.0848
vn -0.0398 0.9985 -0.0388
vn -0.9984 0.0401 -0.0402
vn -0.0837 -0.1694 -0.9820
vn -0.7982 0.0123 -0.6022
vn -0.5017 0.4487 -0.7396
vn -0.5239 -0.5946 -0.6099
vn 0.0768 -0.2396 -0.9678
vn -0.7416 -0.4960 -0.4517
vn -0.0561 0.9982 0.0199
vn -0.0614 -0.1142 0.9916
vn -0.7310 0.6819 0.0268
vn 0.1038 0.9318 0.3477
vn -0.5075 -0.8615 -0.0157
vn 0.5074 -0.8615 -0.0157
vn 0.7462 -0.6645 0.0405
vn 0.7427 0.1870 0.6429
vn 0.6667 -0.7441 0.0427
vn -0.0799 0.0322 0.9963
vn 0.5990 0.5672 0.5653
vn 0.4964 -0.1024 0.8621
vn 0.4051 0.3242 0.8549
vn 0.4533 0.8913 0.0023
vn -0.1038 0.9318 -0.3477
vn -0.4533 0.8914 0.0023
vn -0.5856 0.4043 -0.7026
vn 0.0615 -0.1142 -0.9916
vn 0.0561 0.9982 -0.0199
vn -0.7576 0.3419 -0.5560
vn -0.2920 -0.4931 -0.8195
vn -0.5074 -0.8615 0.0157
vn -0.6707 -0.4066 -0.6204
vn 0.6707 -0.4066 -0.6203
vn 0.5075 -0.8615 0.0156
vn 0.7462 -0.6645 -0.0405
vn 0.2586 -0.9660 0.0024
vn 0.9664 -0.2570 0.0065
vn 0.2920 -0.4931 -0.8195
vn 0.5509 0.1312 -0.8242
vn 0.6301 0.7418 0.2298
vn 0.8671 0.4226 -0.2635
vn 0.8366 0.4541 0.3064
vn -0.0636 -0.0034 -0.9980
vn 0.9583 -0.1781 -0.2237
vn 0.7157 0.1795 -0.6750
vn 0.0012 -0.8714 0.4905
vn 0.0012 -0.8715 -0.4905
vn 0.0023 -0.8715 -0.4904
vn -0.1888 -0.9643 -0.1855
vn -0.3169 0.6363 -0.7034
vn 0.0033 0.0002 -1.0000
vn -0.0000 0.8724 -0.4887
vn 0.7196 -0.4670 -0.5140
vn 0.5843 -0.5845 -0.5630
vn -0.6268 0.1337 0.7676
vn -0.6242 0.1309 -0.7702
vn 0.0153 -0.0076 -0.9999
vn -0.5815 0.5813 -0.5693
vn -0.8917 -0.4261 -0.1526
vn 0.3790 0.8318 0.4056
vn -0.0000 0.6657 0.7463
vn -0.0030 0.6655 -0.7464
vn -0.0033 0.0001 1.0000
vn -0.2905 -0.5374 0.7917
vn -0.0000 -0.6652 0.7467
vn -0.8601 0.5042 0.0774
vn -0.4895 0.4841 0.7253
vn -0.7070 0.7072 -0.0021
vn -0.5991 0.2668 0.7549
vn -0.6785 -0.0001 0.7346
vn -0.5500 -0.2920 -0.7825
vn 0.6780 -0.0067 -0.7350
vn 0.0026 -0.0001 -1.0000
vn 0.5370 0.8330 0.1335
vn 0.5809 0.5878 0.5631
vn -0.0153 -0.0077 -0.9999
vn 0.6269 0.1335 -0.7676
vn 0.5815 0.5812 -0.5693
vn -0.1012 0.0441 0.9939
vn -0.6515 -0.4330 0.6230
vn -0.6695 0.0561 0.7407
vn 0.0441 -0.9939 0.1011
vn -0.4330 -0.6230 0.6515
vn 0.4330 -0.6516 0.6229
vn 0.7407 0.0561 0.6695
vn 0.1012 -0.9939 -0.0441
vn 0.6515 -0.6230 0.4330
vn 0.9939 0.0441 0.1012
vn 0.6230 -0.4329 0.6515
vn 0.6695 -0.7407 -0.0561
vn 0.1012 0.0443 -0.9939
vn 0.6515 -0.4328 -0.6230
vn -0.0561 -0.7406 -0.6697
vn 0.6695 0.0561 -0.7407
vn -0.4330 -0.6514 -0.6230
vn -0.1011 -0.9939 0.0440
vn -0.4330 0.6514 0.6230
vn 0.1012 -0.0443 0.9939
vn 0.6515 0.4328 0.6230
vn -0.0561 0.7406 0.6696
vn 0.6695 -0.0561 0.7407
vn 0.9939 -0.0441 -0.1012
vn 0.6230 0.4329 -0.6515
vn 0.6695 0.7407 0.0561
vn 0.4330 0.6516 -0.6229
vn 0.7407 -0.0561 -0.6695
vn 0.1012 0.9939 0.0441
vn -0.6695 -0.0561 -0.7407
vn 0.0441 0.9939 -0.1011
vn -0.4330 0.6230 -0.6515
vn -0.1012 -0.0441 -0.9939
vn -0.6515 0.4330 -0.6230
vn 0.0186 -0.7066 0.7074
vn 0.1832 -0.0431 0.9821
vn -0.6619 -0.7259 -0.1872
vn -0.0002 -1.0000 -0.0095
vn -0.1834 -0.6638 -0.7251
vn 0.1832 0.0431 0.9821
vn 0.0184 0.7066 0.7073
vn 0.6619 0.7259 -0.1872
vn -0.0186 0.0003 -0.9998
vn -0.1832 0.6639 -0.7251
vn -0.0001 0.7070 -0.7072
vn -0.1834 0.7250 -0.6638
vn -0.7259 0.1872 0.6619
vn 0.9813 0.1871 0.0452
vn 0.9813 0.1871 -0.0452
vn -0.0439 -0.1012 0.9939
vn 0.1012 0.0438 -0.9939
vn 0.6515 -0.4332 -0.6229
vn 0.1012 -0.0438 0.9939
vn 0.6515 0.4332 0.6228
vn -0.0439 0.1012 -0.9939
vn 0.1847 0.7253 0.6631
vn -0.1012 0.0443 0.9939
vn -0.6515 -0.4328 0.6230
vn 0.0561 -0.7406 0.6697
vn 0.4330 -0.6514 0.6230
vn 0.1011 -0.9939 -0.0440
vn 0.1012 0.0441 -0.9939
vn 0.6515 -0.4330 -0.6230
vn -0.0441 -0.9939 -0.1011
vn 0.4330 -0.6230 -0.6515
vn -0.9939 0.0441 -0.1012
vn -0.6230 -0.4329 -0.6515
vn -0.6695 -0.7407 0.0561
vn -0.4330 -0.6516 -0.6229
vn -0.7407 0.0561 -0.6695
vn -0.1012 -0.9939 0.0441
vn -0.6515 -0.6230 -0.4330
vn -0.9939 -0.0441 0.1012
vn -0.6230 0.4329 0.6515
vn -0.6695 0.7407 -0.0561
vn -0.4330 0.6516 0.6229
vn -0.7407 -0.0561 0.6695
vn -0.1012 0.9939 -0.0441
vn 0.1012 -0.0441 0.9939
vn 0.6515 0.4330 0.6230
vn -0.0441 0.9939 0.1011
vn 0.4330 0.6230 0.6515
vn 0.4330 0.6514 -0.6230
vn -0.1012 -0.0443 -0.9939
vn -0.6515 0.4328 -0.6230
vn 0.0561 0.7406 -0.6696
vn 0.1834 -0.6639 0.7250
vn 0.1832 0.6640 0.7250
vn 0.1834 0.7251 0.6638
vn 0.0002 1.0000 -0.0095
vn -0.9813 0.1871 0.0452
vn 0.6619 0.1872 0.7259
vn 0.7259 0.1872 -0.6619
vn -0.9813 0.1871 -0.0452
vn -0.1012 0.0438 0.9939
vn -0.6515 -0.4332 0.6229
vn 0.0439 -0.1012 -0.9939
vn 0.0439 0.1012 0.9939
vn -0.1012 -0.0438 -0.9939
vn -0.6515 0.4332 -0.6228
vn 0.1848 -0.9818 0.0439
vn -0.1847 0.7253 -0.6631
vn 0.3686 -0.9279 0.0568
vn 0.1776 -0.9392 0.2937
vn 0.7283 -0.6851 0.0107
vn 0.8580 -0.3234 0.3990
vn 0.5240 -0.5945 0.6099
vn -0.0768 -0.2398 0.9678
vn 0.7416 -0.4962 0.4515
vn 0.6807 -0.0230 0.7322
vn 0.6517 0.7577 0.0341
vn 0.2709 0.7939 0.5443
vn 0.4809 0.4042 0.7781
vn -0.2019 0.5851 0.7854
vn 0.0010 0.7888 0.6147
vn -0.8904 -0.4512 0.0602
vn -0.7522 -0.4927 0.4375
vn -0.0595 0.1377 0.9887
vn -0.8146 -0.0242 0.5796
vn -0.5883 -0.5676 0.5760
vn -0.4129 -0.6925 -0.5915
vn 0.2829 0.0899 -0.9549
vn 0.0183 -0.8669 -0.4982
vn 0.6970 -0.7154 -0.0482
vn 0.7522 -0.4927 -0.4376
vn -0.0595 0.1834 -0.9812
vn 0.5837 0.5507 -0.5967
vn 0.6633 0.0379 -0.7474
vn 0.2021 0.5851 -0.7854
vn 0.4351 0.6977 -0.5691
vn -0.1624 0.0768 -0.9837
vn -0.0009 0.7886 -0.6150
vn 0.4481 0.4994 -0.7415
vn -0.2708 0.7940 -0.5443
vn -0.5956 0.1969 -0.7788
vn -0.6097 -0.2603 -0.7487
vn -0.9999 -0.0117 -0.0057
vn -0.0560 0.9982 0.0198
vn 0.4534 0.8913 -0.0023
vn 0.7310 0.6819 0.0268
vn -0.5855 0.4043 0.7026
vn -0.9583 -0.1781 0.2237
vn -0.7157 0.1795 0.6749
vn -0.6382 0.0188 0.7696
vn 0.0636 -0.0034 0.9980
vn -0.7427 0.1868 0.6430
vn -0.9664 -0.2571 -0.0065
vn -0.2587 -0.9660 -0.0025
vn -0.6707 -0.4066 0.6204
vn -0.5074 -0.8616 -0.0156
vn -0.7462 -0.6645 0.0405
vn 0.6706 -0.4067 0.6204
vn -0.1864 -0.7278 0.6600
vn -0.0496 -0.9976 0.0473
vn 0.4048 -0.6662 0.6263
vn 0.2920 -0.4929 0.8196
vn -0.0800 0.0322 0.9963
vn 0.5991 0.5672 0.5652
vn 0.4964 -0.1025 0.8620
vn 0.9980 0.0410 -0.0485
vn 0.7575 0.3420 0.5561
vn 0.6024 -0.1098 0.7906
vn -0.7100 0.5419 -0.4498
vn 0.2110 0.6591 -0.7219
vn 0.0614 -0.1142 -0.9916
vn -0.9309 0.3633 0.0385
vn -0.4050 0.3241 -0.8549
vn -0.5510 0.1312 -0.8242
vn 0.0799 0.0319 -0.9963
vn -0.7462 -0.6644 -0.0405
vn -0.0799 0.0319 -0.9963
vn 0.0012 -0.8713 0.4907
vn -0.6711 -0.4974 0.5497
vn -0.0000 0.0003 1.0000
vn 0.0012 -0.8714 -0.4905
vn -0.6724 0.5010 0.5448
vn 0.0013 0.8722 0.4891
vn -0.0000 -0.0002 1.0000
vn 0.7195 -0.4670 0.5140
vn 0.5843 -0.5846 -0.5630
vn -0.5810 0.5876 0.5632
vn -0.5371 0.8329 0.1336
vn -0.7071 0.7071 0.0078
vn -0.5371 0.8329 -0.1336
vn -0.5810 0.5877 -0.5631
vn -0.7070 0.7071 -0.0077
vn -0.5815 0.5813 -0.5692
vn 0.6854 0.1390 -0.7147
vn 1.0000 0.0065 -0.0037
vn 0.3861 0.6023 -0.6987
vn 0.7044 0.7098 -0.0022
vn 0.4847 0.4845 -0.7282
vn -0.4885 -0.4804 0.7284
vn -0.8917 -0.4261 0.1526
vn -0.7072 -0.7070 0.0021
vn -0.4886 -0.4804 -0.7283
vn 0.3330 0.3181 -0.8876
vn -0.0030 0.6657 -0.7463
vn -0.0035 -0.6653 0.7466
vn 0.4385 -0.8076 0.3942
vn -0.8601 0.5041 0.0774
vn -0.0041 -0.0013 -1.0000
vn -0.5992 0.2668 -0.7549
vn 0.4275 -0.5511 0.7166
vn 0.4865 -0.4867 0.7256
vn -0.0033 -0.0065 -1.0000
vn -0.5825 -0.5801 0.5694
vn 0.5371 0.8329 0.1336
vn 0.5809 0.5877 0.5632
vn 0.7070 0.7071 0.0078
vn 0.5810 0.5876 -0.5632
vn 0.7071 0.7071 -0.0078
vn -0.9939 -0.1011 -0.0440
vn -0.9939 0.0439 -0.1012
vn -0.6694 -0.7408 0.0562
vn -0.9939 -0.0439 0.1012
vn -0.6694 0.7408 -0.0562
vn -0.9939 0.1011 0.0440
vn -0.1832 -0.7250 -0.6640
vn -0.1834 -0.6638 -0.7250
vn 0.1832 0.9821 0.0431
vn -0.1832 0.6640 -0.7250
vn -0.1834 0.7250 -0.6639
vn 1.0000 0.0095 -0.0002
vn -0.9939 -0.1012 -0.0439
vn -0.6695 0.0563 0.7407
vn -0.6229 -0.4332 -0.6514
vn -0.6229 0.4332 0.6514
vn -0.9939 0.1012 0.0439
vn -0.6695 -0.0563 -0.7407
vn -0.1848 -0.9818 -0.0439
vn 0.9939 0.0439 0.1012
vn 0.6694 -0.7408 -0.0562
vn 0.9939 -0.1011 0.0440
vn 0.9939 0.1011 -0.0440
vn 0.9939 -0.0439 -0.1012
vn 0.6694 0.7408 0.0562
vn 0.1832 -0.7250 0.6640
vn 0.1834 -0.6638 0.7250
vn -0.0186 -0.7066 -0.7074
vn -0.1832 -0.0431 -0.9821
vn 0.1834 0.7250 0.6639
vn -0.1832 0.0431 -0.9821
vn -0.1832 0.9821 -0.0431
vn -1.0000 0.0095 0.0002
vn 0.6229 -0.4332 0.6514
vn 0.9939 -0.1012 0.0439
vn 0.6695 0.0563 -0.7407
vn 0.9939 0.1012 -0.0439
vn 0.6695 -0.0563 0.7407
vn 0.6229 0.4332 -0.6514
vn -0.1599 -0.8265 0.5398
vn -0.0168 -0.9998 0.0112
vn -0.2829 0.0902 0.9549
vn -0.5548 -0.7536 0.3527
vn -0.0183 -0.8668 0.4983
vn 0.1599 -0.8265 0.5398
vn 0.4131 -0.6925 0.5915
vn -0.3381 -0.1728 0.9251
vn 0.1778 -0.9391 0.2939
vn 0.5717 -0.6011 0.5584
vn 0.8580 -0.3236 0.3990
vn 0.5239 -0.5947 0.6098
vn 0.7415 -0.4960 0.4518
vn 0.6807 -0.0227 0.7322
vn 0.8633 0.4971 0.0867
vn 0.9617 0.2593 0.0887
vn 0.7351 0.6766 0.0429
vn 0.0837 -0.1691 0.9820
vn 0.7982 0.0126 0.6023
vn 0.5016 0.4490 0.7394
vn 0.2708 0.7940 0.5443
vn 0.4808 0.4043 0.7780
vn 0.2019 0.5851 0.7854
vn 0.5431 0.5901 0.5974
vn 0.0389 0.6545 0.7550
vn -0.0399 0.9985 0.0388
vn -0.7287 0.6848 0.0078
vn -0.4352 0.6976 0.5692
vn -0.5629 0.2943 0.7724
vn -0.7351 0.6766 0.0429
vn 0.0594 0.1836 0.9812
vn -0.0596 0.1374 0.9887
vn -0.5884 -0.5678 0.5757
vn 0.3382 -0.1730 -0.9251
vn -0.5717 -0.6012 -0.5583
vn 0.2828 0.0900 -0.9550
vn 0.8904 -0.4512 -0.0602
vn 0.0596 0.1373 -0.9887
vn 0.5883 -0.5679 -0.5756
vn 0.7351 0.6766 -0.0429
vn 0.5957 0.1969 -0.7787
vn 0.8633 0.4972 -0.0867
vn -0.0594 0.1836 -0.9812
vn 0.5837 0.5509 -0.5965
vn 0.6633 0.0382 -0.7473
vn 0.5007 0.8614 -0.0849
vn 0.7285 0.6850 -0.0078
vn 0.4351 0.6976 -0.5692
vn -0.1623 0.0769 -0.9837
vn -0.0009 0.7886 -0.6149
vn 0.4482 0.4995 -0.7414
vn -0.4809 0.4042 -0.7781
vn -0.1831 -0.0568 -0.9815
vn -0.5430 0.5901 -0.5974
vn -0.0388 0.6546 -0.7550
vn -0.8633 0.4972 -0.0867
vn -0.7981 0.0125 -0.6024
vn -0.5016 0.4490 -0.7395
vn -0.7283 -0.6851 -0.0107
vn -0.5241 -0.5945 -0.6098
vn 0.0769 -0.2396 -0.9678
vn -0.7415 -0.4960 -0.4519
vn 0.2902 0.9568 -0.0194
vn -0.1037 0.9319 0.3476
vn 0.7100 0.5419 0.4498
vn -0.2109 0.6590 0.7219
vn -0.0614 -0.1145 0.9915
vn -0.7100 0.5419 0.4497
vn 0.1037 0.9319 0.3476
vn -0.2902 0.9568 -0.0194
vn -0.5857 0.4043 0.7025
vn 0.2109 0.6591 0.7219
vn -0.7156 0.1796 0.6750
vn -0.0785 0.6109 0.7878
vn 0.0635 -0.0035 0.9980
vn -0.4048 -0.6664 0.6262
vn -0.6666 -0.7442 0.0426
vn -0.2921 -0.4930 0.8195
vn -0.5510 0.1313 0.8241
vn 0.0799 0.0321 0.9963
vn -0.2586 -0.9660 -0.0026
vn 0.1864 -0.7279 0.6599
vn 0.0498 -0.9976 0.0472
vn -0.5074 -0.8615 -0.0157
vn 0.1231 -0.5469 0.8281
vn 0.6706 -0.4067 0.6203
vn -0.1864 -0.7279 0.6599
vn 0.2586 -0.9660 -0.0026
vn -0.0498 -0.9976 0.0472
vn 0.9664 -0.2570 -0.0065
vn 0.5509 0.1314 0.8242
vn 0.2921 -0.4929 0.8196
vn 0.5990 0.5673 0.5652
vn 0.4964 -0.1023 0.8620
vn 0.4052 0.3243 0.8548
vn 0.7576 0.3419 0.5560
vn 0.0786 0.6108 0.7879
vn -0.0636 -0.0036 0.9980
vn 0.4535 0.8913 0.0022
vn 0.7100 0.5418 -0.4498
vn -0.1038 0.9319 -0.3475
vn 0.2902 0.9568 0.0194
vn 0.5857 0.4045 -0.7024
vn -0.2109 0.6592 -0.7218
vn -0.0613 -0.1142 -0.9916
vn 0.2109 0.6591 -0.7219
vn -0.5857 0.4044 -0.7025
vn 0.0613 -0.1143 -0.9916
vn -0.2902 0.9568 0.0194
vn 0.1038 0.9319 -0.3476
vn -0.9309 0.3633 0.0386
vn -0.0786 0.6108 -0.7878
vn 0.0635 -0.0036 -0.9980
vn -0.5990 0.5671 -0.5653
vn -0.4047 -0.6665 -0.6262
vn -0.8637 -0.5040 0.0105
vn -0.6666 -0.7442 -0.0426
vn -0.5510 0.1312 -0.8241
vn -0.2921 -0.4931 -0.8195
vn 0.0798 0.0320 -0.9963
vn -0.9664 -0.2570 0.0065
vn 0.1865 -0.7279 -0.6599
vn -0.2585 -0.9660 0.0025
vn -0.4959 -0.2802 -0.8219
vn 0.1231 -0.5469 -0.8281
vn 0.6708 -0.4067 -0.6202
vn 0.5074 -0.8615 0.0157
vn -0.1231 -0.5471 -0.8280
vn 0.4959 -0.2803 -0.8219
vn 0.2585 -0.9660 0.0025
vn -0.1865 -0.7279 -0.6599
vn 0.2921 -0.4930 -0.8195
vn 0.5510 0.1313 -0.8241
vn -0.0799 0.0321 -0.9963
vn 0.8636 -0.5040 0.0105
vn 0.4047 -0.6664 -0.6261
vn 0.6666 -0.7442 -0.0426
vn 0.0786 0.6108 -0.7879
vn 0.9582 -0.1779 -0.2239
vn 0.0023 -0.8716 0.4903
vn -0.3168 -0.6354 0.7042
vn 0.0028 -0.0001 1.0000
vn -0.0000 -0.8716 0.4902
vn -0.6712 -0.5005 -0.5468
vn 0.0034 -0.0002 1.0000
vn -0.3168 0.6378 0.7020
vn -0.0000 0.8723 0.4890
vn -0.3168 0.9324 0.1739
vn -0.1872 0.9645 -0.1861
vn -0.3168 0.6363 -0.7034
vn 0.7084 -0.7058 0.0060
vn 0.7195 -0.4672 0.5139
vn 0.5842 -0.5847 0.5629
vn 0.5825 -0.5800 0.5694
vn -0.0105 0.0105 0.9999
vn -0.0789 -0.7447 -0.6627
vn 0.5825 -0.5800 -0.5694
vn -0.0105 0.0105 -0.9999
vn 0.7195 -0.4672 -0.5139
vn 0.7084 -0.7058 -0.0060
vn 0.5842 -0.5847 -0.5629
vn -0.6269 0.1338 0.7675
vn -0.5815 0.5813 0.5691
vn -0.5809 0.5878 0.5630
vn -0.5369 0.8330 0.1336
vn -0.7069 0.7072 0.0077
vn -0.7070 0.7071 -0.0078
vn 0.0200 0.1254 0.9919
vn 0.9129 0.4000 -0.0807
vn 0.6855 0.1389 -0.7147
vn 0.0024 0.0067 1.0000
vn -0.5418 0.2961 0.7867
vn -0.6743 -0.0000 0.7385
vn -0.5418 0.2961 -0.7867
vn 0.7044 0.7098 0.0022
vn 0.4821 0.4875 0.7280
vn -0.0824 0.1199 0.9894
vn 0.4821 0.4874 -0.7280
vn -0.4886 -0.4805 0.7283
vn -0.5995 -0.1653 -0.7831
vn -0.0027 0.0049 -1.0000
vn -0.4846 -0.4848 -0.7281
vn -0.0031 1.0000 0.0001
vn 0.3789 0.8317 0.4058
vn 0.3789 0.3039 0.8741
vn -0.3824 0.9239 -0.0088
vn 0.3331 0.3182 -0.8876
vn -0.0030 0.6657 -0.7462
vn -0.0000 0.0002 -1.0000
vn 0.3789 0.8336 -0.4020
vn -0.0031 1.0000 -0.0001
vn 0.3790 -0.8338 0.4015
vn 0.4386 -0.8051 -0.3993
vn -0.2905 -0.5375 -0.7916
vn -0.0040 -0.0015 1.0000
vn -0.4866 0.4865 0.7256
vn -0.5991 0.2669 -0.7549
vn -0.4896 0.4840 -0.7253
vn -0.8602 0.5040 -0.0774
vn 0.4276 -0.5510 -0.7166
vn 0.4829 -0.4900 -0.7258
vn -0.0502 -0.0645 -0.9967
vn 0.0012 -0.0014 -1.0000
vn -0.6786 -0.0001 -0.7346
vn -0.9366 -0.3240 -0.1337
vn 0.6787 -0.0002 -0.7345
vn 0.0789 -0.7448 0.6626
vn 0.0105 0.0105 0.9999
vn -0.7195 -0.4672 0.5139
vn -0.5842 -0.5847 0.5629
vn -0.7084 -0.7058 -0.0060
vn -0.7195 -0.4672 -0.5139
vn -0.5842 -0.5847 -0.5629
vn -0.5825 -0.5800 -0.5694
vn 0.0105 0.0105 -0.9999
vn 0.6243 0.1311 0.7701
vn -0.0153 -0.0076 0.9999
vn 0.5815 0.5813 0.5692
vn 0.6269 0.1338 -0.7675
vn 0.5814 0.5814 -0.5691
vn 0.7070 0.7071 -0.0078
vn -0.1013 0.0438 0.9939
vn -0.6516 -0.4331 0.6228
vn -0.4330 -0.6228 0.6516
vn -0.0441 -0.1012 0.9939
vn 0.7406 0.0562 0.6696
vn 0.9939 0.0442 0.1012
vn 0.6230 -0.4328 0.6516
vn 0.6696 -0.7406 -0.0561
vn 0.1013 0.0438 -0.9939
vn 0.6516 -0.4331 -0.6228
vn 0.6228 -0.6516 -0.4330
vn -0.0438 -0.9939 -0.1013
vn 0.4331 -0.6228 -0.6516
vn 0.7408 -0.6694 0.0561
vn -0.6229 -0.4329 -0.6516
vn -0.6696 -0.7406 0.0561
vn 0.0441 -0.1013 -0.9939
vn -0.4329 -0.6516 -0.6228
vn -0.7406 0.0561 -0.6696
vn -0.6515 -0.6228 -0.4331
vn -0.6229 0.4329 0.6516
vn -0.6696 0.7406 -0.0561
vn 0.0441 0.1012 0.9939
vn -0.4330 0.6515 0.6230
vn -0.7406 -0.0562 0.6696
vn -0.6516 0.6228 0.4331
vn 0.1013 -0.0438 0.9939
vn 0.6516 0.4331 0.6228
vn 0.6228 0.6516 0.4330
vn 0.4330 0.6228 0.6516
vn 0.7408 0.6694 -0.0561
vn 0.9939 -0.0442 -0.1012
vn 0.6230 0.4328 -0.6516
vn 0.6696 0.7406 0.0561
vn -0.0441 0.1010 -0.9939
vn 0.4330 0.6514 -0.6231
vn 0.7406 -0.0564 -0.6695
vn -0.4330 0.6228 -0.6516
vn -0.7408 0.6694 0.0561
vn -0.1013 -0.0438 -0.9939
vn -0.6516 0.4331 -0.6228
vn 0.1831 -0.0432 0.9821
vn -0.1833 -0.7250 -0.6639
vn 0.0001 -1.0000 -0.0095
vn 0.6619 -0.7258 -0.1872
vn 0.7071 -0.7071 0.0001
vn -0.0001 1.0000 -0.0095
vn -0.6619 0.7258 -0.1872
vn -0.7071 0.7071 0.0001
vn 0.1831 0.0432 0.9821
vn 0.0186 0.7066 0.7074
vn 1.0000 0.0001 -0.0095
vn 0.7259 0.6619 -0.1872
vn 0.7071 0.7071 0.0001
vn -0.1833 0.6639 -0.7250
vn -0.0452 0.1871 0.9813
vn -0.7069 0.0095 0.7072
vn 0.7070 -0.0000 0.7072
vn 0.0452 0.1871 -0.9813
vn 0.7069 0.0095 -0.7072
vn -0.7071 0.0095 -0.7070
vn -0.7069 0.0095 -0.7072
vn -0.0452 0.1871 -0.9813
vn -0.1013 0.0439 0.9939
vn 0.1013 0.0440 -0.9939
vn 0.0441 -0.1010 -0.9939
vn -0.4331 -0.6513 -0.6231
vn -0.7407 0.0564 -0.6694
vn -0.6516 0.6229 0.4330
vn 0.1013 -0.0440 0.9939
vn 0.4330 0.6516 -0.6228
vn 0.6516 0.6229 -0.4330
vn 0.0439 0.9939 -0.1013
vn -0.4331 0.6228 -0.6516
vn -0.1013 -0.0439 -0.9939
vn 0.0150 -0.9999 0.0004
vn 0.1848 -0.7253 0.6632
vn 0.1848 -0.6629 0.7255
vn 0.0150 -0.0000 0.9999
vn -0.0000 -0.7068 0.7074
vn 0.0150 0.0001 0.9999
vn 0.1848 0.6630 0.7255
vn -0.0000 0.7069 0.7073
vn 0.1848 0.7253 0.6632
vn -0.1848 0.9818 -0.0439
vn -0.6640 0.1831 -0.7250
vn -0.6228 -0.6516 0.4330
vn -0.7408 -0.6694 -0.0561
vn 0.6515 -0.6228 0.4331
vn 0.6229 -0.4329 0.6516
vn 0.4330 -0.6228 -0.6516
vn -0.9939 0.0442 -0.1012
vn -0.6230 -0.4328 -0.6516
vn -0.4330 -0.6514 -0.6231
vn -0.7406 0.0564 -0.6695
vn -0.9939 -0.0442 0.1012
vn -0.6230 0.4328 0.6516
vn 0.6229 0.4329 -0.6516
vn -0.0441 0.1013 -0.9939
vn 0.4329 0.6516 -0.6228
vn 0.7406 -0.0561 -0.6696
vn 0.6516 0.6228 -0.4331
vn -0.6228 0.6516 -0.4330
vn 0.0438 0.9939 -0.1013
vn 0.1833 -0.7250 0.6639
vn 0.1832 -0.6638 0.7251
vn -0.0000 -0.7070 0.7072
vn -1.0000 -0.0001 -0.0095
vn -0.7259 -0.6619 -0.1872
vn -0.7071 -0.7071 0.0001
vn -0.0186 -0.7065 -0.7074
vn 0.0186 0.0003 0.9998
vn 0.1833 0.6638 0.7251
vn -0.0000 0.7070 0.7073
vn -0.1831 0.0431 -0.9821
vn -0.0186 0.7066 -0.7074
vn 0.7071 0.0095 0.7070
vn 0.7071 -0.0000 0.7072
vn -0.7070 -0.0000 -0.7072
vn -0.1013 0.0440 0.9939
vn 0.7407 0.0563 0.6695
vn 0.1013 0.0439 -0.9939
vn -0.0439 -0.9939 -0.1013
vn -0.4330 -0.6516 -0.6228
vn 0.1013 -0.0439 0.9939
vn -0.0440 0.1010 -0.9939
vn 0.4331 0.6513 -0.6231
vn 0.7407 -0.0564 -0.6694
vn -0.1013 -0.0440 -0.9939
vn 0.0150 -0.7073 0.7067
vn 0.0150 -0.7070 0.7071
vn 0.1848 -0.0442 0.9818
vn -0.0000 -0.0003 1.0000
vn -0.1848 -0.6630 -0.7254
vn -0.0150 -0.0002 -0.9999
vn -0.0000 -0.7070 -0.7072
vn 0.1848 0.0442 0.9818
vn 0.0150 0.7070 0.7071
vn 0.0150 0.7073 0.7067
vn 0.1848 0.9818 0.0439
vn -0.0150 0.0001 -0.9999
vn -0.1848 0.6630 -0.7255
vn -0.0000 0.7069 -0.7073
vn 0.6640 0.1831 0.7250
vn -0.1600 -0.8264 0.5398
vn -0.2828 0.0900 0.9549
vn -0.5547 -0.7536 0.3527
vn -0.0182 -0.8669 0.4982
vn -0.3380 -0.1730 0.9251
vn 0.5717 -0.6013 0.5582
vn 0.8580 -0.3234 0.3991
vn 0.5241 -0.5945 0.6098
vn -0.0769 -0.2396 0.9678
vn 0.7415 -0.4960 0.4519
vn 0.7981 0.0125 0.6024
vn 0.5016 0.4489 0.7395
vn 0.6517 0.7577 0.0342
vn 0.1831 -0.0571 0.9814
vn 0.5430 0.5900 0.5976
vn 0.0389 0.6544 0.7551
vn -0.7285 0.6850 0.0078
vn -0.4351 0.6977 0.5692
vn -0.3383 0.9382 -0.0724
vn 0.1624 0.0770 0.9837
vn -0.4481 0.4995 0.7414
vn -0.5956 0.1969 0.7787
vn -0.8633 0.4971 0.0867
vn -0.6633 0.0382 0.7474
vn -0.9999 -0.0117 0.0057
vn -0.7522 -0.4927 0.4376
vn -0.4129 -0.6926 -0.5915
vn 0.3379 -0.1732 -0.9251
vn -0.1777 -0.9392 -0.2937
vn -0.5718 -0.6013 -0.5582
vn -0.1601 -0.8264 -0.5398
vn 0.4129 -0.6926 -0.5915
vn 0.1600 -0.8264 -0.5398
vn 0.2827 0.0898 -0.9550
vn 0.5547 -0.7536 -0.3527
vn 0.0181 -0.8669 -0.4982
vn 0.6970 -0.7154 -0.0481
vn 0.0597 0.1371 -0.9888
vn 0.8145 -0.0245 -0.5796
vn 0.5883 -0.5681 -0.5755
vn 0.5956 0.1970 -0.7788
vn 0.9984 0.0402 -0.0403
vn -0.0593 0.1833 -0.9813
vn 0.5837 0.5507 -0.5968
vn 0.6634 0.0379 -0.7473
vn 0.2020 0.5852 -0.7854
vn 0.7285 0.6850 -0.0077
vn 0.4351 0.6977 -0.5692
vn 0.3382 0.9383 0.0724
vn -0.1622 0.0771 -0.9837
vn -0.0009 0.7887 -0.6148
vn 0.4482 0.4996 -0.7413
vn -0.6518 0.7576 -0.0343
vn -0.2710 0.7938 -0.5444
vn -0.4809 0.4040 -0.7782
vn -0.2021 0.5851 -0.7854
vn -0.1830 -0.0569 -0.9815
vn -0.5429 0.5900 -0.5976
vn -0.0387 0.6545 -0.7551
vn -0.9984 0.0402 -0.0403
vn -0.5629 0.2942 -0.7724
vn -0.0836 -0.1690 -0.9821
vn -0.7981 0.0125 -0.6025
vn -0.7282 -0.6852 -0.0106
vn -0.8579 -0.3235 -0.3991
vn -0.5239 -0.5946 -0.6098
vn -0.6097 -0.2605 -0.7486
vn 0.0768 -0.2395 -0.9679
vn -0.7415 -0.4959 -0.4520
vn -0.6807 -0.0226 -0.7322
vn -0.1038 0.9319 0.3476
vn 0.7100 0.5418 0.4497
vn -0.2109 0.6591 0.7219
vn 0.5857 0.4044 0.7024
vn -0.0613 -0.1143 0.9916
vn -0.4535 0.8913 -0.0022
vn -0.7100 0.5418 0.4498
vn 0.1038 0.9319 0.3475
vn -0.5857 0.4044 0.7024
vn 0.2109 0.6592 0.7218
vn 0.0613 -0.1142 0.9916
vn -0.9582 -0.1779 0.2239
vn -0.7156 0.1796 0.6751
vn -0.6300 0.7418 -0.2299
vn -0.8365 0.4542 -0.3066
vn -0.6026 -0.1099 0.7904
vn 0.0634 -0.0035 0.9980
vn -0.8636 -0.5040 -0.0105
vn -0.4047 -0.6664 0.6261
vn -0.7428 0.1869 0.6428
vn -0.9976 0.0521 0.0447
vn -0.2922 -0.4932 0.8194
vn -0.5511 0.1312 0.8241
vn 0.0798 0.0320 0.9963
vn -0.2585 -0.9660 -0.0025
vn 0.1865 -0.7279 0.6599
vn -0.6708 -0.4067 0.6202
vn 0.1231 -0.5470 0.8281
vn -0.1865 -0.7279 0.6598
vn 0.4959 -0.2803 0.8219
vn -0.1232 -0.5470 0.8280
vn 0.9664 -0.2569 -0.0064
vn 0.7428 0.1870 0.6428
vn 0.4047 -0.6664 0.6261
vn 0.8637 -0.5040 -0.0105
vn 0.6666 -0.7442 0.0426
vn 0.5511 0.1313 0.8241
vn 0.2922 -0.4931 0.8195
vn -0.0798 0.0321 0.9963
vn 0.5989 0.5671 0.5654
vn 0.4962 -0.1026 0.8622
vn 0.4049 0.3242 0.8549
vn 0.9980 0.0409 -0.0486
vn 0.9309 0.3633 -0.0386
vn 0.0785 0.6109 0.7878
vn 0.6026 -0.1099 0.7904
vn -0.0634 -0.0034 0.9980
vn 0.7100 0.5419 -0.4497
vn -0.1038 0.9319 -0.3476
vn -0.0562 0.9982 -0.0198
vn 0.5857 0.4044 -0.7024
vn -0.2109 0.6593 -0.7217
vn -0.7100 0.5419 -0.4497
vn -0.4535 0.8913 0.0022
vn 0.2109 0.6592 -0.7218
vn -0.2901 0.9568 0.0195
vn 0.1039 0.9319 -0.3476
vn 0.0562 0.9982 -0.0197
vn -0.7575 0.3419 -0.5562
vn -0.0785 0.6110 -0.7877
vn -0.6027 -0.1099 -0.7904
vn 0.0633 -0.0034 -0.9980
vn -0.5989 0.5669 -0.5656
vn -0.4960 -0.1028 -0.8622
vn -0.4049 0.3240 -0.8550
vn -0.4047 -0.6665 -0.6261
vn -0.8636 -0.5040 0.0105
vn -0.5512 0.1311 -0.8240
vn -0.2922 -0.4933 -0.8193
vn 0.0797 0.0318 -0.9963
vn -0.9664 -0.2569 0.0064
vn -0.7428 0.1871 -0.6428
vn -0.9976 0.0523 -0.0448
vn 0.1866 -0.7279 -0.6598
vn -0.4960 -0.2804 -0.8218
vn 0.1231 -0.5471 -0.8279
vn 0.0294 0.0785 -0.9965
vn -0.5075 -0.8615 0.0157
vn -0.6708 -0.4067 -0.6202
vn 0.6708 -0.4066 -0.6202
vn -0.1231 -0.5471 -0.8279
vn 0.4960 -0.2804 -0.8218
vn -0.0294 0.0785 -0.9965
vn -0.1866 -0.7279 -0.6598
vn -0.0498 -0.9976 -0.0473
vn 0.9976 0.0521 -0.0447
vn 0.2922 -0.4931 -0.8194
vn 0.5511 0.1313 -0.8240
vn -0.0798 0.0320 -0.9963
vn 0.4047 -0.6665 -0.6261
vn 0.6666 -0.7442 -0.0427
vn 0.6299 0.7418 0.2299
vn 0.8671 0.4227 -0.2634
vn 0.8364 0.4543 0.3067
vn 0.6027 -0.1099 -0.7904
vn 0.0785 0.6110 -0.7877
vn -0.0633 -0.0035 -0.9980
vn 0.7155 0.1796 -0.6751
vn 0.6381 0.0190 -0.7697
vn -0.3168 -0.6353 0.7043
vn -0.0000 -0.8716 0.4903
vn 0.0028 0.0001 -1.0000
vn -0.3169 -0.6366 -0.7031
vn -0.0000 -0.8715 -0.4905
vn -0.0000 -0.8716 -0.4903
vn -0.3168 0.6379 0.7019
vn 0.0013 1.0000 0.0001
vn -0.1871 0.9646 -0.1860
vn -0.0000 0.8724 -0.4889
vn 0.7083 -0.7059 0.0060
vn 0.7194 -0.4673 0.5138
vn -0.0789 -0.7448 -0.6627
vn 0.0153 -0.0077 0.9999
vn -0.5811 0.5876 0.5631
vn -0.5371 0.8328 0.1337
vn -0.7071 0.7071 0.0077
vn -0.7071 0.7071 -0.0077
vn 0.0153 -0.0077 -0.9999
vn -0.5417 0.2960 0.7867
vn -0.9332 0.3292 -0.1444
vn -0.5417 0.2960 -0.7867
vn 0.4820 0.4876 0.7279
vn -0.0824 0.1200 0.9893
vn -0.0012 -0.0011 1.0000
vn -0.0824 0.1200 -0.9893
vn 0.4821 0.4875 -0.7280
vn -0.0012 -0.0011 -1.0000
vn -0.0027 0.0051 1.0000
vn -0.5995 -0.1651 0.7831
vn -0.5995 -0.1651 -0.7831
vn -0.0027 0.0052 -1.0000
vn 0.3789 0.8318 0.4057
vn -0.0836 -0.0102 0.9964
vn -0.0033 -0.6653 0.7465
vn -0.2905 -0.5374 -0.7917
vn -0.0034 0.0001 -1.0000
vn -0.0000 -0.6652 -0.7466
vn -0.4896 0.4841 0.7253
vn -0.0040 -0.0015 -1.0000
vn -0.4895 0.4841 -0.7252
vn -0.7070 0.7072 0.0022
vn -0.9366 -0.3239 0.1337
vn 0.6780 -0.0067 0.7350
vn 0.0789 -0.7448 0.6627
vn -0.7084 -0.7058 0.0060
vn -0.7083 -0.7059 -0.0060
vn -0.7194 -0.4673 -0.5138
vn 0.5810 0.5877 0.5631
vn 0.7071 0.7071 0.0077
vn 0.6268 0.1337 -0.7676
vn 0.5811 0.5876 -0.5631
vn 0.5371 0.8328 -0.1337
vn 0.7071 0.7071 -0.0077
vn -0.0441 -0.1010 0.9939
vn 0.4330 -0.6514 0.6231
vn 0.7406 0.0564 0.6695
vn 0.0441 0.1013 0.9939
vn -0.4329 0.6516 0.6228
vn -0.7406 -0.0561 0.6696
vn -0.0438 0.9939 0.1013
vn 0.4331 0.6228 0.6516
vn 0.1832 -0.9821 0.0431
vn 0.0186 -0.7068 0.7072
vn 0.1831 -0.0433 0.9821
vn -0.1832 -0.6638 -0.7251
vn -0.0186 -0.0003 -0.9998
vn 0.1831 0.0433 0.9821
vn 0.0186 0.7068 0.7072
vn -0.0000 0.0002 1.0000
vn -0.1833 0.6638 -0.7251
vn -0.0000 0.7070 -0.7073
vn -0.7071 -0.0000 -0.7072
vn 0.0439 -0.9939 0.1013
vn -0.4331 -0.6228 0.6516
vn 0.4330 -0.6516 0.6228
vn 0.0440 0.1010 0.9939
vn -0.4331 0.6513 0.6231
vn -0.7407 -0.0564 0.6694
vn 0.1848 -0.6630 0.7255
vn 0.0150 -0.0001 0.9999
vn -0.0000 -0.7069 0.7073
vn 0.1848 0.7254 0.6631
vn 0.0438 -0.9939 0.1013
vn -0.0441 -0.1013 0.9939
vn 0.4329 -0.6516 0.6228
vn 0.7406 0.0561 0.6696
vn 0.0441 0.1010 0.9939
vn -0.4330 0.6514 0.6231
vn -0.7406 -0.0564 0.6695
vn 0.0186 -0.0003 0.9998
vn -0.1832 -0.9821 -0.0431
vn -0.0186 -0.7068 -0.7072
vn -0.1831 -0.0433 -0.9821
vn -0.1831 0.0433 -0.9821
vn -0.0186 0.7068 -0.7072
vn 0.4331 -0.6513 0.6231
vn 0.7407 0.0564 0.6694
vn -0.4330 0.6516 0.6228
vn -0.0439 0.9939 0.1013
vn -0.1848 -0.6630 -0.7255
vn -0.0150 -0.0001 -0.9999
vn -0.0000 -0.7069 -0.7073
vn -0.1848 0.7254 -0.6631
vn 0.4044 -0.9118 0.0717
vn 0.1599 -0.8264 0.5398
vn -0.3381 -0.1729 0.9251
vn 0.5717 -0.6012 0.5583
vn 0.5240 -0.5946 0.6098
vn 0.6097 -0.2603 0.7486
vn 0.8904 -0.4511 0.0601
vn 0.9999 -0.0117 0.0057
vn 0.7416 -0.4959 0.4518
vn 0.6807 -0.0226 0.7322
vn -0.6097 -0.2603 0.7486
vn -0.7523 -0.4926 0.4376
vn -0.0596 0.1376 0.9887
vn -0.5884 -0.5677 0.5758
vn 0.3381 -0.1731 -0.9251
vn -0.5718 -0.6012 -0.5582
vn -0.4045 -0.9117 -0.0716
vn 0.1601 -0.8264 -0.5399
vn 0.4045 -0.9117 -0.0717
vn 0.2827 0.0902 -0.9550
vn 0.5548 -0.7534 -0.3529
vn 0.0183 -0.8668 -0.4984
vn 0.6970 -0.7155 -0.0482
vn 0.7521 -0.4927 -0.4377
vn 0.9398 -0.3366 0.0597
vn 0.8145 -0.0245 -0.5797
vn -0.2711 0.7938 -0.5445
vn -0.4809 0.4039 -0.7782
vn -0.5240 -0.5946 -0.6098
vn -0.1038 0.9318 0.3477
vn -0.2109 0.6590 0.7220
vn -0.5857 0.4042 0.7026
vn 0.2109 0.6590 0.7220
vn 0.0614 -0.1145 0.9915
vn -0.9583 -0.1779 0.2237
vn -0.7156 0.1797 0.6750
vn -0.7428 0.1868 0.6429
vn 0.1864 -0.7278 0.6599
vn 0.1231 -0.5470 0.8280
vn -0.4958 -0.2803 0.8219
vn 0.5509 0.1315 0.8242
vn 0.2921 -0.4928 0.8196
vn -0.0800 0.0323 0.9963
vn 0.6026 -0.1099 0.7905
vn 0.4534 0.8913 0.0023
vn 0.7100 0.5419 -0.4496
vn 0.2902 0.9568 0.0192
vn 0.5858 0.4045 -0.7023
vn -0.2109 0.6595 -0.7215
vn -0.0613 -0.1140 -0.9916
vn 0.2109 0.6593 -0.7217
vn -0.5858 0.4044 -0.7024
vn -0.2901 0.9568 0.0193
vn -0.7575 0.3419 -0.5561
vn -0.0786 0.6110 -0.7878
vn -0.6026 -0.1100 -0.7904
vn 0.0634 -0.0036 -0.9980
vn -0.5990 0.5669 -0.5656
vn -0.4961 -0.1029 -0.8621
vn -0.4050 0.3239 -0.8550
vn 0.6707 -0.4067 -0.6202
vn 0.2922 -0.4930 -0.8195
vn 0.8365 0.4542 0.3066
vn 0.6026 -0.1100 -0.7904
vn 0.0786 0.6109 -0.7878
vn -0.0634 -0.0036 -0.9980
vn 0.7155 0.1797 -0.6751
vn 0.0028 -0.0002 1.0000
vn -0.6712 -0.5005 -0.5469
vn -0.6725 0.5012 0.5446
vn 0.0013 0.8724 0.4888
vn -0.3168 0.6362 -0.7034
vn 0.0033 -0.0001 -1.0000
vn -0.0821 -0.7416 0.6658
vn -0.0788 -0.7448 -0.6627
vn -0.0104 0.0104 -0.9999
vn 0.5843 -0.5846 -0.5629
vn -0.7070 0.7071 0.0077
vn -0.5809 0.5878 -0.5631
vn -0.6243 0.1311 -0.7701
vn 0.0152 -0.0076 -0.9999
vn -0.5815 0.5813 -0.5691
vn 0.7043 0.7099 0.0021
vn 0.3860 0.6024 0.6987
vn 0.4847 0.4846 0.7282
vn -0.0824 0.1200 -0.9894
vn -0.0029 -0.0002 1.0000
vn -0.0000 0.6654 0.7464
vn -0.0030 0.6658 -0.7462
vn -0.0034 -0.0000 1.0000
vn -0.2905 -0.5375 0.7917
vn 0.3790 -0.8337 0.4015
vn -0.0034 -1.0000 0.0001
vn 0.4386 -0.8051 -0.3992
vn -0.0035 -0.6654 -0.7464
vn -0.4866 0.4866 0.7256
vn -0.0501 -0.0645 0.9967
vn 0.4829 -0.4900 0.7258
vn 0.0013 -0.0013 1.0000
vn 0.4828 -0.4898 -0.7259
vn -0.0502 -0.0644 -0.9967
vn 0.0011 -0.0012 -1.0000
vn -0.5842 -0.5846 0.5629
vn 0.7070 0.7071 0.0077
vn -0.0152 -0.0077 -0.9999
vn 0.6269 0.1337 -0.7675
vn 0.5815 0.5812 -0.5692
vn 0.5809 0.5878 -0.5630
vn 0.5370 0.8330 -0.1336
vn 0.7069 0.7072 -0.0077
vn 0.1011 -0.9939 -0.0441
vn 0.4331 -0.6227 -0.6517
vn 0.7408 -0.6693 0.0561
vn -0.6229 -0.4330 -0.6516
vn -0.6229 0.4330 0.6516
vn 0.4331 0.6227 0.6517
vn 0.7408 0.6693 -0.0561
vn 0.1011 0.9939 0.0441
vn 0.0186 -0.7073 0.7066
vn -0.0186 0.0006 -0.9998
vn -0.1833 0.6640 -0.7249
vn 0.0437 -0.9939 0.1014
vn -0.4333 -0.6227 0.6516
vn -0.7409 -0.6693 -0.0561
vn 0.6230 -0.4330 0.6514
vn 0.9939 -0.1014 0.0440
vn 0.6228 -0.6517 -0.4330
vn 0.6695 0.0560 -0.7407
vn -0.0438 -0.9939 -0.1012
vn 0.4332 -0.6228 -0.6515
vn -0.6230 -0.4330 -0.6515
vn 0.0440 -0.1010 -0.9939
vn -0.4332 -0.6513 -0.6231
vn -0.7408 0.0565 -0.6694
vn -0.1010 -0.9939 0.0442
vn -0.6514 -0.6231 -0.4329
vn 0.0563 -0.6696 -0.7406
vn -0.6230 0.4330 0.6515
vn -0.6695 0.7406 -0.0562
vn -0.7408 -0.0565 0.6694
vn -0.1010 0.9939 -0.0442
vn -0.6514 0.6231 0.4329
vn 0.0563 0.6696 0.7406
vn 0.9939 0.1014 -0.0440
vn 0.6228 0.6517 0.4330
vn 0.6695 -0.0560 0.7407
vn 0.4332 0.6228 0.6515
vn 0.6230 0.4330 -0.6514
vn 0.0437 0.9939 -0.1014
vn -0.4333 0.6227 -0.6516
vn -0.7409 0.6693 0.0561
vn 0.0150 -0.9999 0.0002
vn -0.0150 -0.7073 -0.7067
vn -0.0150 -0.7069 -0.7071
vn -0.1848 -0.0441 -0.9818
vn 0.0449 -0.9814 -0.1867
vn 0.7072 -0.7069 -0.0108
vn 0.9814 -0.0449 -0.1866
vn -0.0449 0.9814 -0.1867
vn -0.7072 0.7069 -0.0108
vn -0.9814 0.0449 -0.1866
vn 0.0150 0.0002 0.9999
vn -0.1848 0.0441 -0.9818
vn -0.0150 0.7069 -0.7071
vn -0.0150 0.7073 -0.7067
vn -0.4331 -0.6227 0.6517
vn -0.7408 -0.6693 -0.0561
vn 0.6229 -0.4330 0.6516
vn -0.1011 -0.9939 0.0441
vn -0.1011 0.9939 -0.0441
vn 0.6229 0.4330 -0.6516
vn -0.4331 0.6227 -0.6517
vn -0.7408 0.6693 0.0561
vn -0.1831 0.0432 -0.9821
vn -0.9939 -0.1014 -0.0440
vn -0.6228 -0.6517 0.4330
vn -0.6695 0.0560 0.7407
vn 0.0438 -0.9939 0.1012
vn -0.4332 -0.6228 0.6515
vn -0.0440 -0.1010 0.9939
vn 0.4332 -0.6513 0.6231
vn 0.7408 0.0565 0.6694
vn 0.1010 -0.9939 -0.0442
vn 0.6514 -0.6231 0.4329
vn -0.0563 -0.6696 0.7406
vn 0.6230 -0.4330 0.6515
vn -0.0437 -0.9939 -0.1014
vn 0.4333 -0.6227 -0.6516
vn 0.7409 -0.6693 0.0561
vn -0.6230 -0.4330 -0.6514
vn -0.6230 0.4330 0.6514
vn -0.0437 0.9939 0.1014
vn 0.4333 0.6227 0.6516
vn 0.7409 0.6693 -0.0561
vn 0.6230 0.4330 -0.6515
vn 0.6695 0.7406 0.0562
vn 0.7408 -0.0565 -0.6694
vn 0.1010 0.9939 0.0442
vn 0.6514 0.6231 -0.4329
vn -0.0563 0.6696 -0.7406
vn -0.9939 0.1014 0.0440
vn -0.6228 0.6517 -0.4330
vn -0.6695 -0.0560 -0.7407
vn -0.4332 0.6228 -0.6515
vn -0.1847 -0.6631 -0.7254
vn -0.0150 0.0002 -0.9999
vn 0.7284 -0.6850 0.0107
vn 0.8581 -0.3233 0.3990
vn 0.7415 -0.4962 0.4516
vn 0.3380 -0.1730 -0.9251
vn -0.5717 -0.6013 -0.5582
vn 0.0168 -0.9998 -0.0112
vn 0.0596 0.1374 -0.9887
vn 0.5884 -0.5678 -0.5757
vn -0.0594 0.1835 -0.9812
vn 0.6633 0.0381 -0.7473
vn 0.0398 0.9985 -0.0388
vn -0.1624 0.0770 -0.9837
vn 0.4481 0.4995 -0.7414
vn -0.6517 0.7577 -0.0342
vn -0.7981 0.0124 -0.6024
vn -0.5016 0.4489 -0.7395
vn -0.7284 -0.6851 -0.0107
vn -0.8580 -0.3233 -0.3991
vn 0.0769 -0.2398 -0.9678
vn -0.7414 -0.4962 -0.4517
vn -0.6807 -0.0230 -0.7322
vn 0.7099 0.5420 0.4497
vn -0.4534 0.8913 -0.0023
vn -0.7099 0.5420 0.4497
vn 0.2108 0.6590 0.7219
vn -0.6382 0.0190 0.7697
vn -0.6301 0.7418 -0.2298
vn -0.8672 0.4226 0.2635
vn -0.8366 0.4541 -0.3065
vn -0.0785 0.6108 0.7879
vn 0.0635 -0.0036 0.9980
vn -0.4047 -0.6664 0.6262
vn -0.2921 -0.4931 0.8195
vn -0.5510 0.1312 0.8241
vn -0.6706 -0.4068 0.6203
vn -0.7461 -0.6646 0.0403
vn 0.5989 0.5674 0.5651
vn 0.4964 -0.1020 0.8620
vn 0.4051 0.3245 0.8547
vn 0.7576 0.3419 0.5561
vn 0.9309 0.3632 -0.0385
vn 0.0786 0.6107 0.7880
vn 0.6024 -0.1101 0.7906
vn -0.0636 -0.0037 0.9980
vn -0.1037 0.9319 -0.3476
vn -0.2109 0.6594 -0.7217
vn -0.0613 -0.1141 -0.9916
vn -0.7100 0.5420 -0.4497
vn -0.4534 0.8913 0.0023
vn -0.5857 0.4043 -0.7025
vn 0.0613 -0.1143 -0.9915
vn -0.7576 0.3419 -0.5561
vn -0.0786 0.6108 -0.7879
vn -0.6025 -0.1101 -0.7905
vn 0.0635 -0.0037 -0.9980
vn -0.4051 0.3241 -0.8549
vn -0.5510 0.1313 -0.8241
vn -0.2922 -0.4930 -0.8195
vn 0.0798 0.0322 -0.9963
vn -0.9976 0.0523 -0.0447
vn -0.4958 -0.2803 -0.8220
vn -0.6707 -0.4068 -0.6203
vn 0.6707 -0.4068 -0.6202
vn 0.7461 -0.6646 -0.0403
vn -0.1231 -0.5470 -0.8281
vn 0.2922 -0.4928 -0.8196
vn 0.5509 0.1314 -0.8241
vn -0.0799 0.0323 -0.9963
vn 0.4047 -0.6664 -0.6262
vn 0.6667 -0.7441 -0.0427
vn 0.6025 -0.1101 -0.7905
vn -0.0635 -0.0038 -0.9980
vn -0.0000 -0.8715 0.4903
vn -0.6712 -0.5004 -0.5469
vn 0.0012 -0.8714 -0.4906
vn -0.0000 0.0004 -1.0000
vn 0.0034 -0.0006 1.0000
vn -0.3168 0.6375 0.7023
vn -0.0000 0.8721 0.4893
vn -0.3168 0.6364 -0.7033
vn -0.0000 0.8725 -0.4887
vn 0.5843 -0.5846 0.5629
vn 0.5825 -0.5800 -0.5695
vn -0.0105 0.0106 -0.9999
vn 0.7195 -0.4673 -0.5138
vn -0.6243 0.1310 -0.7702
vn 0.0153 -0.0078 -0.9999
vn -0.5815 0.5812 -0.5692
vn -0.4847 -0.4847 0.7282
vn 0.3789 0.3038 0.8742
vn 0.3331 0.3181 -0.8876
vn -0.0836 -0.0103 0.9964
vn -0.0033 -0.6654 0.7465
vn -0.0033 -0.6651 -0.7467
vn -0.0836 -0.0099 -0.9964
vn -0.5992 0.2667 0.7549
vn 0.4828 -0.4899 -0.7258
vn -0.0501 -0.0645 -0.9967
vn -0.6786 -0.0001 -0.7345
vn -0.9366 -0.3239 -0.1338
vn 0.5369 0.8330 0.1336
vn 0.5809 0.5878 0.5630
vn 0.7069 0.7072 0.0077
vn 0.6243 0.1310 0.7702
vn -0.0153 -0.0077 0.9999
vn 0.5815 0.5812 0.5692
vn -0.0152 -0.0078 -0.9999
vn 0.5816 0.5811 -0.5693
vn 0.6230 -0.4329 0.6516
vn -0.0438 0.9939 0.1014
vn 0.6230 0.4329 -0.6516
vn -0.1832 -0.6639 -0.7251
vn 0.1831 0.0434 0.9821
vn -0.4332 -0.6512 -0.6231
vn 0.0440 0.1009 0.9939
vn -0.4332 0.6512 0.6231
vn 0.1847 -0.6631 0.7254
vn 0.0150 0.9999 0.0002
vn -0.6230 -0.4329 -0.6516
vn -0.6230 0.4329 0.6516
vn 0.0438 0.9939 -0.1014
vn -0.0186 -0.7073 -0.7066
vn 0.4332 -0.6512 0.6231
vn -0.0440 0.1009 -0.9939
vn 0.4332 0.6512 -0.6231
vn 0.0150 -0.7069 0.7071
vn 0.1848 -0.0441 0.9818
vn -0.0150 -0.9999 -0.0002
vn 0.1848 0.0441 0.9818
vn 0.0150 0.7069 0.7071
vn -0.0150 0.9999 -0.0002
vn 0.3687 -0.9278 0.0568
vn 0.7045 -0.7097 0.0017
vn 0.7284 -0.6851 0.0107
vn 0.8580 -0.3233 0.3991
vn 0.6097 -0.2605 0.7486
vn 0.7414 -0.4962 0.4518
vn 0.6807 -0.0231 0.7322
vn 0.8633 0.4972 0.0867
vn 0.5956 0.1969 0.7787
vn 0.0837 -0.1690 0.9821
vn 0.7981 0.0126 0.6024
vn 0.5016 0.4491 0.7394
vn 0.6519 0.7576 0.0343
vn 0.2711 0.7938 0.5444
vn 0.4809 0.4039 0.7782
vn 0.5431 0.5899 0.5975
vn -0.5007 0.8614 0.0849
vn -0.5957 0.1969 0.7787
vn -0.8633 0.4972 0.0867
vn -0.6097 -0.2605 0.7486
vn -0.4044 -0.9118 -0.0717
vn 0.0182 -0.8669 -0.4982
vn 0.5956 0.1969 -0.7787
vn 0.5837 0.5507 -0.5966
vn -0.4808 0.4043 -0.7780
vn -0.0837 -0.1690 -0.9821
vn -0.7981 0.0126 -0.6024
vn -0.5016 0.4491 -0.7394
vn -0.5240 -0.5945 -0.6098
vn 0.0770 -0.2399 -0.9677
vn -0.7414 -0.4963 -0.4517
vn -0.6807 -0.0232 -0.7322
vn 0.7100 0.5419 0.4497
vn -0.2109 0.6593 0.7217
vn 0.5857 0.4044 0.7025
vn -0.0613 -0.1141 0.9916
vn -0.7100 0.5420 0.4497
vn 0.1038 0.9319 0.3476
vn 0.2108 0.6592 0.7218
vn -0.7156 0.1797 0.6751
vn -0.6381 0.0189 0.7697
vn -0.6026 -0.1100 0.7904
vn -0.0785 0.6108 0.7878
vn 0.0634 -0.0036 0.9980
vn -0.8638 -0.5038 -0.0104
vn -0.4048 -0.6662 0.6263
vn -0.6668 -0.7440 0.0427
vn -0.9664 -0.2570 -0.0064
vn -0.2922 -0.4929 0.8196
vn -0.5509 0.1314 0.8241
vn 0.0799 0.0323 0.9963
vn -0.2585 -0.9660 -0.0026
vn 0.1865 -0.7279 0.6598
vn -0.6707 -0.4069 0.6202
vn -0.5073 -0.8616 -0.0158
vn 0.6707 -0.4068 0.6203
vn 0.5510 0.1314 0.8241
vn -0.0798 0.0322 0.9963
vn 0.5990 0.5671 0.5653
vn 0.4963 -0.1026 0.8621
vn 0.4051 0.3241 0.8549
vn 0.6025 -0.1101 0.7905
vn -0.0635 -0.0037 0.9980
vn 0.7100 0.5420 -0.4497
vn 0.5856 0.4044 -0.7025
vn -0.0614 -0.1142 -0.9916
vn -0.5857 0.4045 -0.7024
vn 0.0613 -0.1141 -0.9916
vn 0.1038 0.9318 -0.3477
vn -0.0786 0.6109 -0.7878
vn -0.5989 0.5671 -0.5654
vn -0.4962 -0.1026 -0.8622
vn -0.4050 0.3242 -0.8549
vn -0.8637 -0.5039 0.0104
vn 0.6707 -0.4069 -0.6202
vn 0.5073 -0.8616 0.0158
vn 0.7428 0.1869 -0.6428
vn 0.5510 0.1314 -0.8241
vn -0.0798 0.0321 -0.9963
vn 0.8638 -0.5038 0.0104
vn 0.4048 -0.6662 -0.6263
vn 0.6668 -0.7440 -0.0427
vn 0.6300 0.7418 0.2299
vn 0.0785 0.6108 -0.7878
vn 0.7156 0.1797 -0.6751
vn -0.6713 -0.5004 -0.5468
vn -0.3168 -0.9320 -0.1759
vn -0.0000 -0.8716 -0.4902
vn -0.6725 0.5011 0.5446
vn -0.3169 0.6363 -0.7033
vn 0.0151 -0.0072 0.9999
vn -0.6269 0.1340 0.7675
vn -0.5814 0.5816 0.5690
vn -0.6243 0.1313 -0.7701
vn 0.0152 -0.0073 -0.9999
vn -0.5814 0.5815 -0.5691
vn 0.0200 0.1254 -0.9919
vn -0.0011 -0.0012 1.0000
vn -0.5995 -0.1651 0.7832
vn -0.4846 -0.4845 0.7283
vn -0.4886 -0.4804 0.7284
vn -0.8918 -0.4260 0.1526
vn -0.7072 -0.7070 0.0022
vn -0.0035 -0.6655 -0.7464
vn -0.2905 -0.5375 -0.7917
vn -0.5992 0.2669 0.7548
vn -0.4867 0.4866 0.7255
vn 0.4277 -0.5509 0.7166
vn 0.7035 -0.7107 -0.0019
vn 0.4866 -0.4865 0.7256
vn 0.7033 -0.7109 0.0020
vn 0.4274 -0.5512 -0.7166
vn 0.4864 -0.4869 -0.7255
vn 0.4829 -0.4898 -0.7259
vn -0.0501 -0.0643 -0.9967
vn 0.0012 -0.0011 -1.0000
vn -0.9365 -0.3240 0.1338
vn -0.5500 -0.2919 0.7825
vn -0.6786 -0.0000 0.7346
vn -0.5825 -0.5800 0.5695
vn 0.0105 0.0106 0.9999
vn -0.5843 -0.5846 -0.5629
vn 0.0104 0.0105 -0.9999
vn 0.6243 0.1312 0.7701
vn 0.5815 0.5814 0.5691
vn 0.5815 0.5813 -0.5691
vn 0.1847 -0.6631 0.7253
vn 0.0150 -0.0002 0.9999
vn -0.1831 0.0434 -0.9821
vn -0.4129 -0.6926 0.5915
vn -0.4045 -0.9117 0.0717
vn -0.5548 -0.7535 0.3526
vn 0.7415 -0.4962 0.4517
vn 0.0837 -0.1688 0.9821
vn 0.7981 0.0128 0.6024
vn 0.5016 0.4493 0.7393
vn 0.5431 0.5900 0.5974
vn -0.4351 0.6977 0.5691
vn -0.3383 0.9383 -0.0724
vn 0.0594 0.1835 0.9812
vn -0.5884 -0.5677 0.5757
vn -0.4129 -0.6926 -0.5914
vn -0.3685 -0.9279 -0.0568
vn -0.7043 -0.7099 -0.0017
vn 0.3380 -0.1729 -0.9251
vn -0.1779 -0.9390 -0.2942
vn -0.5719 -0.6010 -0.5583
vn 0.3685 -0.9279 -0.0568
vn 0.4128 -0.6926 -0.5915
vn 0.7043 -0.7099 -0.0017
vn 0.1601 -0.8264 -0.5398
vn 0.5546 -0.7536 -0.3528
vn 0.0180 -0.8669 -0.4981
vn 0.8903 -0.4514 -0.0601
vn 0.6096 -0.2607 -0.7486
vn 0.9999 -0.0120 -0.0058
vn 0.9397 -0.3366 0.0597
vn -0.0593 0.1831 -0.9813
vn 0.5837 0.5505 -0.5969
vn 0.6634 0.0377 -0.7474
vn 0.7284 0.6851 -0.0077
vn 0.4350 0.6977 -0.5692
vn -0.1622 0.0770 -0.9838
vn -0.1831 -0.0570 -0.9814
vn -0.5430 0.5900 -0.5976
vn -0.0388 0.6545 -0.7551
vn -0.0836 -0.1689 -0.9821
vn -0.7980 0.0126 -0.6025
vn -0.6096 -0.2606 -0.7486
vn -0.8903 -0.4513 -0.0602
vn -0.9999 -0.0119 -0.0058
vn 0.7099 0.5421 0.4496
vn 0.4533 0.8914 -0.0023
vn 0.7309 0.6819 0.0266
vn 0.5857 0.4043 0.7025
vn -0.2922 -0.4929 0.8195
vn 0.0799 0.0322 0.9963
vn -0.6706 -0.4069 0.6203
vn -0.5073 -0.8617 -0.0158
vn -0.1864 -0.7278 0.6599
vn 0.4958 -0.2800 0.8221
vn -0.1231 -0.5467 0.8282
vn -0.0295 0.0790 0.9964
vn 0.5988 0.5675 0.5652
vn 0.4963 -0.1021 0.8621
vn 0.4050 0.3247 0.8547
vn 0.7575 0.3418 0.5561
vn -0.0635 -0.0036 0.9980
vn 0.5858 0.4046 -0.7023
vn -0.2109 0.6594 -0.7216
vn -0.0613 -0.1139 -0.9916
vn -0.7100 0.5420 -0.4496
vn -0.7309 0.6819 -0.0267
vn 0.0613 -0.1142 -0.9916
vn -0.2901 0.9568 0.0194
vn 0.1038 0.9319 -0.3475
vn -0.0785 0.6109 -0.7878
vn 0.0633 -0.0036 -0.9980
vn -0.5990 0.5667 -0.5657
vn -0.4960 -0.1031 -0.8622
vn -0.4049 0.3238 -0.8551
vn -0.5511 0.1313 -0.8241
vn -0.2923 -0.4930 -0.8194
vn -0.4959 -0.2801 -0.8220
vn 0.0295 0.0789 -0.9965
vn -0.1231 -0.5469 -0.8281
vn 0.4959 -0.2801 -0.8219
vn -0.0295 0.0788 -0.9965
vn 0.7428 0.1870 -0.6429
vn 0.2922 -0.4929 -0.8195
vn -0.0798 0.0323 -0.9963
vn 0.8637 -0.5040 0.0105
vn 0.6299 0.7419 0.2298
vn 0.8671 0.4229 -0.2634
vn 0.8364 0.4543 0.3066
vn 0.6025 -0.1102 -0.7904
vn 0.0787 0.6108 -0.7879
vn -0.0634 -0.0038 -0.9980
vn 0.9582 -0.1778 -0.2240
vn 0.7155 0.1798 -0.6751
vn 0.0012 -0.8714 0.4906
vn -0.6712 -0.4974 0.5496
vn -0.0789 -0.7450 -0.6624
vn 0.5825 -0.5803 -0.5691
vn -0.0104 0.0102 -0.9999
vn 0.7084 -0.7058 -0.0061
vn -0.5372 0.8328 0.1337
vn -0.5369 0.8330 -0.1335
vn -0.5809 0.5878 -0.5630
vn -0.7069 0.7072 -0.0077
vn -0.6242 0.1312 -0.7702
vn -0.5995 -0.1652 0.7832
vn -0.0031 1.0000 0.0002
vn 0.3789 0.8317 0.4059
vn 0.3789 0.3040 0.8741
vn -0.0029 0.0002 1.0000
vn -0.0000 0.6657 0.7462
vn 0.3789 0.3083 -0.8726
vn -0.0035 -0.6654 0.7464
vn 0.4386 -0.8077 0.3941
vn -0.0034 -0.0000 -1.0000
vn 0.4828 -0.4898 0.7259
vn 0.0012 -0.0011 1.0000
vn 0.6787 -0.0002 -0.7344
vn 0.0024 -0.0001 -1.0000
vn -0.5825 -0.5803 -0.5691
vn 0.0822 -0.7417 -0.6656
vn 0.0105 0.0102 -0.9999
vn 0.6243 0.1313 0.7701
vn -0.0152 -0.0073 0.9999
vn 0.5814 0.5815 0.5691
vn 0.5809 0.5878 -0.5631
vn 0.5369 0.8330 -0.1335
vn 0.0186 -0.7074 0.7066
vn 0.0186 -0.7065 0.7074
vn -0.1833 -0.7249 -0.6640
vn 0.0186 0.7066 0.7073
vn 0.0186 0.7074 0.7066
vn 0.1832 0.9821 0.0430
vn -0.0000 1.0000 -0.0002
vn -0.1832 0.7250 -0.6640
vn 0.1847 -0.6630 0.7254
vn -0.0000 -0.7070 0.7073
vn 0.1833 -0.7249 0.6640
vn -0.0186 -0.7074 -0.7066
vn 0.0186 0.0006 0.9998
vn 0.1833 0.6640 0.7249
vn 0.1832 0.7250 0.6640
vn -0.0186 0.7074 -0.7066
vn -0.1832 0.9821 -0.0430
vn -0.0000 1.0000 0.0002
vn -0.1847 -0.6630 -0.7254
vn -0.0000 -0.7070 -0.7073
vn -0.3685 -0.9279 0.0568
vn -0.7043 -0.7099 0.0017
vn -0.1598 -0.8264 0.5398
vn -0.2830 0.0895 0.9549
vn -0.5547 -0.7539 0.3521
vn -0.0182 -0.8670 0.4979
vn 0.4045 -0.9117 0.0716
vn 0.3685 -0.9279 0.0568
vn 0.7043 -0.7099 0.0017
vn -0.3384 -0.1724 0.9251
vn 0.1778 -0.9392 0.2939
vn 0.5716 -0.6011 0.5585
vn 0.7282 -0.6853 0.0106
vn 0.8580 -0.3237 0.3988
vn 0.6097 -0.2602 0.7487
vn 0.7417 -0.4961 0.4515
vn 0.6808 -0.0228 0.7321
vn 0.5957 0.1967 0.7787
vn 0.9984 0.0401 0.0402
vn 0.5628 0.2946 0.7723
vn 0.9617 0.2595 0.0886
vn 0.7349 0.6768 0.0428
vn 0.7983 0.0127 0.6021
vn 0.5017 0.4491 0.7394
vn 0.2708 0.7940 0.5442
vn 0.2019 0.5852 0.7854
vn 0.1833 -0.0568 0.9814
vn 0.5431 0.5903 0.5971
vn 0.0389 0.6547 0.7549
vn -0.0399 0.9984 0.0388
vn -0.7287 0.6848 0.0079
vn -0.3385 0.9382 -0.0722
vn 0.1627 0.0766 0.9837
vn 0.0010 0.7886 0.6149
vn -0.4478 0.4994 0.7416
vn -0.9617 0.2596 0.0886
vn -0.5628 0.2946 0.7723
vn -0.7349 0.6768 0.0428
vn -0.5957 0.1967 0.7787
vn -0.9984 0.0401 0.0402
vn 0.0595 0.1834 0.9812
vn -0.5838 0.5505 0.5967
vn -0.6633 0.0379 0.7474
vn -0.6098 -0.2602 0.7486
vn -0.6971 -0.7153 0.0483
vn -0.7524 -0.4925 0.4375
vn -0.9398 -0.3364 -0.0597
vn -0.0594 0.1374 0.9887
vn -0.8146 -0.0246 0.5795
vn -0.5882 -0.5680 0.5757
vn -0.4132 -0.6924 -0.5915
vn -0.3687 -0.9278 -0.0568
vn 0.3384 -0.1724 -0.9251
vn -0.1778 -0.9392 -0.2939
vn -0.5716 -0.6011 -0.5585
vn -0.1599 -0.8264 -0.5398
vn 0.4131 -0.6925 -0.5915
vn 0.2831 0.0901 -0.9549
vn 0.5549 -0.7537 -0.3523
vn 0.0185 -0.8668 -0.4982
vn 0.6098 -0.2602 -0.7486
vn 0.9999 -0.0117 -0.0057
vn 0.6972 -0.7153 -0.0482
vn 0.7524 -0.4925 -0.4375
vn 0.9398 -0.3364 0.0597
vn 0.0596 0.1371 -0.9888
vn 0.8146 -0.0251 -0.5795
vn 0.5881 -0.5683 -0.5755
vn 0.5957 0.1967 -0.7787
vn 0.9984 0.0401 -0.0402
vn -0.0594 0.1833 -0.9813
vn 0.5838 0.5505 -0.5968
vn 0.5006 0.8615 -0.0848
vn 0.2018 0.5853 -0.7853
vn 0.0398 0.9985 -0.0387
vn 0.7287 0.6848 -0.0079
vn 0.4353 0.6976 -0.5691
vn 0.3385 0.9382 0.0723
vn -0.1627 0.0766 -0.9837
vn -0.0009 0.7885 -0.6151
vn 0.4479 0.4993 -0.7417
vn -0.6515 0.7579 -0.0340
vn -0.2706 0.7942 -0.5440
vn -0.4808 0.4046 -0.7779
vn -0.2019 0.5852 -0.7854
vn -0.5006 0.8615 -0.0849
vn -0.1834 -0.0570 -0.9814
vn -0.5432 0.5901 -0.5972
vn -0.0391 0.6545 -0.7550
vn -0.5957 0.1967 -0.7787
vn -0.0838 -0.1689 -0.9821
vn -0.7982 0.0128 -0.6023
vn -0.5016 0.4492 -0.7393
vn -0.7282 -0.6853 -0.0106
vn -0.8580 -0.3236 -0.3989
vn -0.5239 -0.5947 -0.6098
vn -0.6097 -0.2603 -0.7486
vn 0.0769 -0.2399 -0.9678
vn -0.7415 -0.4962 -0.4516
vn -0.6808 -0.0230 -0.7321
vn 0.2903 0.9568 -0.0192
vn -0.1038 0.9317 0.3480
vn 0.7098 0.5420 0.4498
vn 0.7309 0.6819 0.0267
vn -0.2110 0.6590 0.7220
vn 0.5855 0.4044 0.7026
vn -0.0616 -0.1142 0.9916
vn -0.7098 0.5420 0.4499
vn -0.7309 0.6819 0.0267
vn 0.1037 0.9318 0.3479
vn -0.2903 0.9567 -0.0192
vn -0.5855 0.4045 0.7025
vn 0.2110 0.6590 0.7219
vn 0.0615 -0.1141 0.9916
vn -0.9582 -0.1783 0.2236
vn -0.7157 0.1794 0.6750
vn -0.6383 0.0187 0.7696
vn -0.6302 0.7417 -0.2297
vn -0.8672 0.4225 0.2636
vn -0.8367 0.4540 -0.3063
vn -0.6024 -0.1098 0.7906
vn 0.0637 -0.0034 0.9980
vn -0.8638 -0.5038 -0.0105
vn -0.4049 -0.6662 0.6263
vn -0.2920 -0.4931 0.8195
vn -0.5508 0.1312 0.8243
vn 0.0801 0.0320 0.9963
vn -0.2586 -0.9660 -0.0028
vn 0.1864 -0.7279 0.6598
vn 0.0498 -0.9977 0.0470
vn -0.6706 -0.4067 0.6204
vn 0.1232 -0.5467 0.8282
vn -0.4957 -0.2800 0.8221
vn 0.0296 0.0789 0.9964
vn 0.5072 -0.8617 -0.0158
vn 0.6705 -0.4069 0.6203
vn 0.7461 -0.6646 0.0402
vn -0.1863 -0.7279 0.6598
vn 0.2587 -0.9660 -0.0028
vn -0.0497 -0.9977 0.0470
vn 0.4957 -0.2798 0.8222
vn -0.1232 -0.5466 0.8283
vn -0.0296 0.0792 0.9964
vn 0.9664 -0.2571 -0.0064
vn 0.7428 0.1868 0.6429
vn 0.8637 -0.5039 -0.0106
vn 0.5508 0.1312 0.8243
vn 0.2920 -0.4931 0.8195
vn -0.0800 0.0320 0.9963
vn 0.5989 0.5679 0.5646
vn 0.4967 -0.1014 0.8620
vn 0.4052 0.3251 0.8545
vn 0.7575 0.3421 0.5560
vn -0.0637 -0.0034 0.9980
vn 0.7098 0.5420 -0.4499
vn 0.7309 0.6819 -0.0267
vn -0.1037 0.9318 -0.3478
vn 0.2903 0.9567 0.0192
vn -0.2109 0.6588 -0.7222
vn -0.0615 -0.1145 -0.9915
vn -0.7099 0.5420 -0.4498
vn -0.5855 0.4043 -0.7027
vn 0.0614 -0.1143 -0.9915
vn -0.2903 0.9568 0.0192
vn 0.1037 0.9318 -0.3479
vn 0.0560 0.9982 -0.0198
vn -0.7575 0.3421 -0.5560
vn -0.6024 -0.1098 -0.7906
vn 0.0637 -0.0034 -0.9980
vn -0.5989 0.5679 -0.5646
vn -0.4967 -0.1014 -0.8620
vn -0.4053 0.3251 -0.8544
vn -0.4049 -0.6662 -0.6263
vn -0.8638 -0.5038 0.0105
vn -0.6668 -0.7440 -0.0426
vn -0.5508 0.1312 -0.8243
vn 0.0800 0.0320 -0.9963
vn -0.9664 -0.2571 0.0064
vn -0.7428 0.1868 -0.6429
vn 0.1863 -0.7279 -0.6598
vn -0.2587 -0.9660 0.0028
vn 0.0497 -0.9977 -0.0470
vn -0.4957 -0.2798 -0.8222
vn 0.1231 -0.5466 -0.8283
vn 0.0296 0.0792 -0.9964
vn -0.5073 -0.8616 0.0158
vn -0.6706 -0.4069 -0.6203
vn -0.7461 -0.6646 -0.0403
vn 0.6707 -0.4068 -0.6203
vn 0.5074 -0.8616 0.0158
vn -0.1232 -0.5468 -0.8281
vn 0.4957 -0.2800 -0.8221
vn -0.0295 0.0789 -0.9964
vn 0.2586 -0.9660 0.0028
vn -0.1864 -0.7279 -0.6598
vn -0.0498 -0.9977 -0.0470
vn 0.7427 0.1868 -0.6430
vn 0.2919 -0.4930 -0.8196
vn 0.5508 0.1313 -0.8243
vn -0.0801 0.0320 -0.9963
vn 0.8637 -0.5039 0.0107
vn 0.4047 -0.6663 -0.6262
vn 0.6302 0.7417 0.2297
vn 0.8672 0.4225 -0.2636
vn 0.8367 0.4540 0.3063
vn 0.6023 -0.1098 -0.7907
vn 0.0785 0.6108 -0.7879
vn -0.0637 -0.0034 -0.9980
vn 0.9582 -0.1783 -0.2236
vn 0.7157 0.1794 -0.6750
vn 0.6382 0.0186 -0.7696
vn 0.0028 0.0001 1.0000
vn -0.0000 -0.8715 0.4905
vn -0.0000 0.0003 -1.0000
vn 0.0023 -0.8715 -0.4903
vn -0.1888 -0.9644 -0.1854
vn 0.0013 0.8724 0.4889
vn -0.3168 0.9317 -0.1775
vn 0.0034 0.0001 -1.0000
vn -0.0106 0.0105 0.9999
vn -0.0106 0.0104 -0.9999
vn 0.7084 -0.7057 -0.0060
vn 0.5842 -0.5846 -0.5629
vn -0.5814 0.5814 0.5691
vn -0.5810 0.5876 0.5631
vn -0.5372 0.8328 -0.1337
vn -0.5810 0.5876 -0.5631
vn -0.7071 0.7071 -0.0078
vn -0.6243 0.1315 -0.7700
vn 0.0151 -0.0071 -0.9999
vn -0.5815 0.5817 -0.5688
vn 0.0198 0.1254 0.9919
vn -0.0030 -0.0001 1.0000
vn 0.0198 0.1254 -0.9919
vn -0.0030 -0.0001 -1.0000
vn 1.0000 0.0066 -0.0036
vn 0.0025 0.0068 1.0000
vn -0.6743 -0.0001 -0.7385
vn 0.4848 0.4845 0.7282
vn 0.4820 0.4875 0.7280
vn -0.0013 -0.0012 1.0000
vn -0.5996 -0.1650 0.7831
vn -0.4846 -0.4845 0.7282
vn -0.8917 -0.4262 0.1525
vn -0.4886 -0.4806 -0.7283
vn -0.7071 -0.7071 -0.0020
vn -0.0026 0.0052 -1.0000
vn -0.4846 -0.4846 -0.7283
vn 0.4384 0.8056 0.3985
vn -0.0029 0.6658 -0.7461
vn 0.4384 0.8079 -0.3939
vn 0.3791 -0.8338 0.4015
vn 0.4385 -0.8052 -0.3991
vn -0.0033 -0.6654 -0.7465
vn -0.0836 -0.0102 -0.9964
vn -0.5992 0.2668 0.7549
vn -0.4896 0.4841 -0.7252
vn 0.4829 -0.4899 0.7258
vn 0.4865 -0.4867 0.7255
vn 0.7035 -0.7107 0.0019
vn 0.4829 -0.4899 -0.7258
vn -0.9366 -0.3239 0.1338
vn -0.5501 -0.2919 0.7824
vn -0.6787 -0.0000 0.7345
vn -0.5501 -0.2918 -0.7824
vn 0.6787 -0.0002 0.7344
vn 0.0788 -0.7450 0.6624
vn -0.5825 -0.5804 0.5690
vn 0.0104 0.0101 0.9999
vn -0.7196 -0.4669 0.5140
vn -0.7086 -0.7056 0.0061
vn -0.5843 -0.5845 0.5630
vn 0.0106 0.0105 -0.9999
vn 0.6242 0.1312 0.7701
vn -0.0152 -0.0074 0.9999
vn -0.0153 -0.0078 -0.9999
vn 0.5370 0.8330 -0.1335
vn -0.1012 0.0436 0.9939
vn -0.6514 -0.4333 0.6229
vn 0.0564 -0.7410 0.6691
vn -0.6229 -0.6515 0.4331
vn -0.4332 -0.6228 0.6516
vn -0.7408 -0.6693 -0.0562
vn -0.0439 -0.1014 0.9939
vn 0.7408 0.0561 0.6694
vn 0.6514 -0.6230 0.4330
vn 0.6696 -0.7406 -0.0562
vn 0.6514 -0.4331 -0.6230
vn 0.6229 -0.6515 -0.4331
vn 0.4332 -0.6228 -0.6516
vn 0.7408 -0.6693 0.0562
vn 0.0439 -0.1011 -0.9939
vn -0.7408 0.0564 -0.6694
vn -0.6514 -0.6230 -0.4330
vn 0.0439 0.1011 0.9939
vn -0.7408 -0.0564 0.6694
vn -0.6514 0.6230 0.4330
vn 0.6514 0.4331 0.6230
vn 0.6229 0.6515 0.4331
vn 0.4332 0.6228 0.6516
vn 0.7408 0.6693 -0.0562
vn -0.0439 0.1014 -0.9939
vn 0.7408 -0.0561 -0.6694
vn 0.6514 0.6230 -0.4330
vn -0.6229 0.6515 -0.4331
vn -0.4332 0.6228 -0.6516
vn -0.7408 0.6693 0.0562
vn -0.1012 -0.0436 -0.9939
vn -0.6514 0.4333 -0.6229
vn 0.0564 0.7410 -0.6691
vn 0.0186 -0.7072 0.7067
vn 0.0186 -0.7066 0.7073
vn 0.1833 -0.0431 0.9821
vn -0.0186 -0.9998 -0.0003
vn -0.1832 -0.7251 -0.6638
vn 0.0186 0.7072 0.7067
vn -0.0001 0.7071 -0.7072
vn -0.1832 0.7251 -0.6638
vn -0.0186 0.9998 -0.0003
vn -0.7070 0.0095 0.7071
vn -0.7259 0.1871 0.6619
vn 0.7072 0.0096 0.7070
vn 0.6619 0.1871 0.7258
vn 0.7070 0.0095 -0.7071
vn -0.6619 0.1871 -0.7258
vn -0.6514 -0.4331 0.6230
vn -0.6229 -0.6514 0.4331
vn -0.6694 0.0563 0.7407
vn -0.7407 -0.6695 -0.0563
vn 0.4331 -0.6515 0.6228
vn 0.9939 0.0436 0.1012
vn 0.6228 -0.4333 0.6514
vn 0.6692 -0.7410 -0.0563
vn 0.6229 -0.6514 -0.4331
vn 0.6694 0.0563 -0.7407
vn -0.9939 0.0438 -0.1012
vn -0.6228 -0.4332 -0.6515
vn -0.6693 -0.7408 0.0563
vn 0.0439 -0.1010 -0.9939
vn -0.7409 0.0565 -0.6693
vn -0.9939 -0.0438 0.1012
vn -0.6228 0.4332 0.6515
vn -0.6693 0.7408 -0.0563
vn 0.0439 0.1010 0.9939
vn -0.4332 0.6513 0.6231
vn -0.7409 -0.0565 0.6693
vn 0.6229 0.6514 0.4331
vn 0.6694 -0.0563 0.7407
vn 0.9939 -0.0436 -0.1012
vn 0.6228 0.4333 -0.6514
vn 0.6692 0.7410 0.0563
vn 0.4331 0.6515 -0.6228
vn -0.6229 0.6514 -0.4331
vn -0.6694 -0.0563 -0.7407
vn -0.7407 0.6695 0.0563
vn -0.6514 0.4331 -0.6230
vn 0.1847 -0.6633 0.7252
vn -0.1848 -0.9818 -0.0437
vn -0.0150 -0.7075 -0.7066
vn -0.0000 -1.0000 0.0003
vn 0.1848 0.6633 0.7252
vn 0.1847 0.7253 0.6632
vn 0.0150 0.9999 0.0004
vn -0.0150 0.7075 -0.7066
vn -0.1848 0.9818 -0.0437
vn -0.0000 1.0000 0.0003
vn -0.0439 -0.1011 0.9939
vn 0.7408 0.0564 0.6694
vn 0.1012 0.0436 -0.9939
vn 0.6514 -0.4333 -0.6229
vn -0.0564 -0.7410 -0.6691
vn -0.6696 -0.7406 0.0562
vn 0.0439 -0.1014 -0.9939
vn -0.7408 0.0561 -0.6694
vn 0.0439 0.1014 0.9939
vn -0.7408 -0.0561 0.6694
vn 0.1012 -0.0436 0.9939
vn 0.6514 0.4333 0.6229
vn -0.0564 0.7410 0.6691
vn -0.0439 0.1011 -0.9939
vn 0.7408 -0.0564 -0.6694
vn 0.1832 -0.6641 0.7249
vn 0.0186 -0.0007 0.9998
vn -0.0000 -0.7073 0.7070
vn -0.1832 -0.9821 -0.0434
vn -0.0186 -0.7072 -0.7068
vn -0.0000 -1.0000 -0.0002
vn -0.0186 -0.7069 -0.7071
vn -0.1833 -0.0434 -0.9821
vn -0.0000 -0.0003 -1.0000
vn 0.0186 0.0007 0.9998
vn 0.1832 0.6641 0.7248
vn 0.0001 0.7073 0.7069
vn -0.0184 0.7068 -0.7071
vn -0.0186 0.7072 -0.7068
vn -0.1832 0.9821 -0.0434
vn -0.0000 1.0000 -0.0003
vn -0.7258 0.1870 0.6620
vn 0.7070 0.0095 0.7071
vn 0.7259 0.1871 -0.6619
vn -0.7072 0.0096 -0.7070
vn -0.0439 -0.1010 0.9939
vn 0.7409 0.0565 0.6693
vn 0.9939 0.0438 0.1012
vn 0.6228 -0.4332 0.6515
vn 0.6693 -0.7408 -0.0563
vn 0.7407 -0.6695 0.0563
vn -0.9939 0.0436 -0.1012
vn -0.6228 -0.4333 -0.6514
vn -0.6692 -0.7410 0.0563
vn -0.4331 -0.6515 -0.6228
vn -0.9939 -0.0436 0.1012
vn -0.6228 0.4333 0.6514
vn -0.6692 0.7410 -0.0563
vn -0.4331 0.6515 0.6228
vn 0.7407 0.6695 -0.0563
vn 0.9939 -0.0438 -0.1012
vn 0.6228 0.4332 -0.6515
vn 0.6693 0.7408 0.0563
vn -0.0439 0.1010 -0.9939
vn 0.4332 0.6513 -0.6231
vn 0.7409 -0.0565 -0.6693
vn 0.0150 -0.7066 0.7075
vn 0.1848 -0.0437 0.9818
vn -0.0150 -0.9999 -0.0004
vn -0.1848 -0.7253 -0.6632
vn -0.1847 -0.6630 -0.7255
vn -0.0150 -0.0000 -0.9999
vn 0.1848 0.0437 0.9818
vn 0.0150 0.7066 0.7075
vn -0.1848 0.6629 -0.7255
vn -0.0000 0.7069 -0.7074
vn -0.1847 0.7253 -0.6632
vn -0.0150 0.9999 -0.0004
vn -0.5546 -0.7539 0.3522
vn -0.0181 -0.8670 0.4979
vn -0.3383 -0.1726 0.9251
vn 0.1778 -0.9391 0.2940
vn 0.5240 -0.5947 0.6098
vn 0.0838 -0.1689 0.9821
vn 0.7982 0.0128 0.6023
vn 0.5016 0.4492 0.7393
vn 0.2018 0.5853 0.7853
vn 0.5005 0.8616 0.0847
vn 0.0398 0.9985 0.0387
vn 0.1834 -0.0570 0.9814
vn 0.5433 0.5902 0.5971
vn 0.0391 0.6546 0.7550
vn -0.5006 0.8615 0.0848
vn -0.2019 0.5853 0.7853
vn -0.0398 0.9985 0.0387
vn -0.7288 0.6847 0.0079
vn -0.3386 0.9382 -0.0722
vn 0.1626 0.0765 0.9837
vn 0.0009 0.7885 0.6151
vn -0.4480 0.4993 0.7416
vn -0.8905 -0.4510 0.0602
vn -0.7523 -0.4925 0.4376
vn -0.0595 0.1372 0.9888
vn -0.5882 -0.5681 0.5756
vn -0.4131 -0.6925 -0.5915
vn 0.3383 -0.1727 -0.9251
vn 0.3687 -0.9278 -0.0568
vn 0.2829 0.0906 -0.9549
vn 0.5549 -0.7534 -0.3528
vn 0.0185 -0.8667 -0.4985
vn 0.6971 -0.7153 -0.0482
vn 0.7523 -0.4926 -0.4375
vn 0.9398 -0.3364 0.0598
vn 0.8145 -0.0246 -0.5796
vn 0.5837 0.5506 -0.5968
vn 0.6634 0.0378 -0.7473
vn 0.2020 0.5853 -0.7853
vn -0.1626 0.0768 -0.9837
vn -0.2709 0.7940 -0.5442
vn -0.2020 0.5852 -0.7853
vn -0.0398 0.9985 -0.0387
vn -0.1832 -0.0572 -0.9814
vn -0.5431 0.5899 -0.5975
vn -0.0390 0.6544 -0.7552
vn -0.9617 0.2595 -0.0887
vn -0.7350 0.6768 -0.0428
vn -0.0836 -0.1693 -0.9820
vn -0.7982 0.0123 -0.6023
vn -0.7415 -0.4961 -0.4516
vn -0.7100 0.5419 0.4498
vn -0.5855 0.4044 0.7026
vn 0.0614 -0.1142 0.9916
vn -0.4048 -0.6663 0.6262
vn -0.2920 -0.4932 0.8194
vn -0.5510 0.1310 0.8242
vn 0.0799 0.0318 0.9963
vn 0.0498 -0.9976 0.0473
vn 0.1232 -0.5466 0.8283
vn -0.4958 -0.2800 0.8221
vn 0.0296 0.0791 0.9964
vn 0.5073 -0.8616 -0.0158
vn 0.6706 -0.4069 0.6203
vn 0.7461 -0.6646 0.0403
vn 0.4958 -0.2799 0.8221
vn -0.1231 -0.5466 0.8283
vn -0.0296 0.0791 0.9964
vn 0.5989 0.5675 0.5650
vn 0.4964 -0.1020 0.8621
vn 0.4051 0.3248 0.8546
vn 0.6026 -0.1096 0.7905
vn -0.0636 -0.0032 0.9980
vn 0.2903 0.9568 0.0192
vn 0.5856 0.4046 -0.7024
vn -0.2110 0.6593 -0.7217
vn -0.0614 -0.1139 -0.9916
vn 0.2110 0.6592 -0.7218
vn -0.5856 0.4045 -0.7024
vn 0.0614 -0.1140 -0.9916
vn -0.4964 -0.1026 -0.8620
vn 0.1865 -0.7279 -0.6598
vn 0.1232 -0.5467 -0.8282
vn 0.0295 0.0789 -0.9964
vn 0.4958 -0.2801 -0.8220
vn 0.2585 -0.9660 0.0028
vn -0.1865 -0.7280 -0.6598
vn -0.0498 -0.9976 -0.0471
vn -0.0800 0.0320 -0.9963
vn 0.8636 -0.5040 0.0106
vn 0.4046 -0.6665 -0.6262
vn 0.8671 0.4228 -0.2634
vn 0.8365 0.4543 0.3065
vn 0.0785 0.6109 -0.7878
vn 0.0012 -1.0000 0.0001
vn -0.3168 -0.9314 0.1792
vn -0.3168 -0.6355 0.7041
vn 0.0028 -0.0004 1.0000
vn -0.0000 -0.8717 0.4900
vn -0.1871 0.9645 -0.1862
vn -0.3169 0.6362 -0.7035
vn 0.7083 -0.7058 0.0060
vn 0.7194 -0.4674 0.5138
vn 0.5825 -0.5805 0.5690
vn -0.0822 -0.7419 0.6655
vn -0.0105 0.0100 0.9999
vn -0.0789 -0.7448 -0.6626
vn 0.5824 -0.5802 -0.5693
vn -0.0106 0.0103 -0.9999
vn -0.6270 0.1341 0.7674
vn -0.5815 0.5816 0.5689
vn -0.5815 0.5812 -0.5693
vn -0.6736 0.0069 -0.7390
vn -1.0000 0.0001 -0.0036
vn -0.5418 0.2961 -0.7866
vn 0.0024 0.0067 -1.0000
vn 0.3860 0.6024 0.6986
vn 0.4847 0.4847 0.7281
vn -0.0823 0.1201 -0.9893
vn 0.4821 0.4876 -0.7279
vn -0.0011 -0.0010 -1.0000
vn -0.5996 -0.1652 0.7831
vn -0.4847 -0.4846 0.7282
vn -0.4886 -0.4804 0.7283
vn -0.5996 -0.1649 -0.7831
vn -0.0027 0.0053 -1.0000
vn -0.4846 -0.4844 -0.7283
vn -0.0029 0.6657 0.7462
vn 0.3331 0.3142 0.8890
vn -0.0837 -0.0099 0.9964
vn -0.0033 -0.6651 0.7467
vn 0.3789 -0.8338 0.4015
vn -0.0035 -1.0000 -0.0000
vn -0.0034 -1.0000 -0.0001
vn 0.3790 -0.8316 -0.4059
vn -0.2905 -0.5372 -0.7918
vn -0.0034 0.0003 -1.0000
vn -0.0000 -0.6650 -0.7468
vn -0.0041 -0.0013 1.0000
vn -0.4867 0.4867 0.7254
vn -0.4866 0.4866 -0.7256
vn -0.8601 0.5042 -0.0774
vn -0.7070 0.7072 0.0021
vn 0.4828 -0.4900 0.7258
vn 0.0012 -0.0014 1.0000
vn 0.7033 -0.7108 -0.0020
vn 0.4865 -0.4868 0.7255
vn -0.5502 -0.2919 -0.7824
vn -0.6787 -0.0001 -0.7345
vn -1.0000 -0.0000 0.0036
vn -0.5825 -0.5805 0.5690
vn 0.0104 0.0100 0.9999
vn -0.5825 -0.5799 -0.5695
vn 0.0105 0.0106 -0.9999
vn 0.5810 0.5877 0.5630
vn 0.6242 0.1313 0.7701
vn -0.0153 -0.0073 0.9999
vn 0.5813 0.5815 0.5691
vn 0.1832 -0.9821 0.0434
vn 0.0186 -0.7072 0.7068
vn -0.0000 -1.0000 0.0002
vn 0.0186 -0.7069 0.7071
vn 0.1833 -0.0434 0.9821
vn -0.1832 -0.6641 -0.7249
vn -0.0186 -0.0006 -0.9998
vn 0.0184 0.7068 0.7072
vn 0.0186 0.7072 0.7068
vn 0.1832 0.9821 0.0434
vn -0.0186 0.0007 -0.9998
vn -0.1832 0.6641 -0.7248
vn -0.0001 0.7073 -0.7069
vn 0.7258 0.1870 -0.6620
vn -0.7070 0.0095 -0.7071
vn 0.0186 -0.9998 0.0003
vn 0.1832 -0.7251 0.6638
vn -0.0186 -0.7072 -0.7067
vn -0.0186 -0.7066 -0.7073
vn -0.1833 -0.0431 -0.9821
vn 0.0001 0.7071 0.7072
vn 0.1832 0.7251 0.6638
vn 0.0186 0.9998 0.0003
vn -0.0186 0.7072 -0.7067
vn -0.6900 -0.7232 -0.0280
vn -0.3916 -0.8979 0.2009
vn -0.6840 -0.6570 0.3170
vn 0.0287 -0.9996 -0.0014
vn -0.3566 -0.9334 0.0394
vn 0.0368 -0.9978 -0.0552
vn -0.2881 -0.9576 -0.0000
vn -0.3348 -0.9422 0.0139
vn 0.1682 -0.9376 -0.3042
vn -0.6307 -0.7450 0.2173
vn 0.2913 -0.2658 0.9189
vn -0.0250 -0.0577 0.9980
vn 0.4024 -0.6663 0.6278
vn 0.4365 -0.7133 0.5483
vn -0.1856 0.4154 0.8905
vn 0.3504 -0.9361 0.0321
vn -0.0322 -0.9995 0.0049
vn -0.0418 -0.9981 -0.0460
vn 0.7057 -0.6999 0.1102
vn 0.4627 -0.8397 0.2842
vn 0.3625 -0.9316 -0.0258
vn -0.2886 -0.2798 0.9157
vn 0.6276 -0.7529 0.1982
vn 0.0357 -0.0833 0.9959
vn 0.7071 -0.7072 0.0001
vn 0.8791 -0.4094 0.2441
vn 0.6300 -0.6974 0.3416
vn 0.6130 -0.3091 0.7271
vn 0.9142 -0.4028 0.0444
vn 0.9998 0.0183 -0.0028
vn -0.1230 -0.1951 0.9730
vn 0.8192 -0.4572 0.3463
vn 0.6501 0.0440 0.7585
vn 0.8679 0.4901 0.0813
vn 0.5984 0.2096 0.7733
vn 0.9989 0.0353 0.0312
vn 0.6877 0.7259 0.0126
vn 0.7104 0.4468 0.5438
vn 0.9379 0.3402 -0.0671
vn 0.0782 -0.1694 0.9824
vn 0.8001 -0.0028 0.5998
vn 0.5175 0.4686 0.7160
vn 0.2720 0.9581 0.0895
vn 0.3204 0.5807 0.7484
vn 0.6780 0.7339 0.0406
vn 0.2039 0.6143 0.7623
vn 0.4855 0.8703 0.0825
vn 0.0353 0.9989 0.0316
vn 0.2056 -0.0624 0.9766
vn 0.5497 0.6175 0.5625
vn 0.0377 0.6807 0.7316
vn -0.4855 0.8703 0.0824
vn -0.2040 0.6143 0.7622
vn -0.0352 0.9989 0.0316
vn -0.3205 0.5806 0.7485
vn -0.2722 0.9581 0.0896
vn -0.6781 0.7339 0.0406
vn 0.1782 0.0858 0.9803
vn -0.0100 0.8114 0.5845
vn -0.4695 0.5191 0.7142
vn -0.7510 0.6597 0.0268
vn -0.8123 0.2775 0.5129
vn -0.4292 0.5024 0.7506
vn -0.5984 0.2095 0.7733
vn -0.8679 0.4901 0.0813
vn -0.9989 0.0353 0.0312
vn 0.0602 0.2020 0.9775
vn -0.6196 0.5421 0.5676
vn -0.6669 0.0387 0.7442
vn -0.9142 -0.4028 0.0444
vn -0.6130 -0.3091 0.7271
vn -0.9998 0.0183 -0.0028
vn -0.7252 -0.6826 0.0903
vn -0.8118 -0.5131 0.2787
vn -0.9414 -0.3333 -0.0517
vn -0.1089 0.0507 0.9928
vn -0.8627 -0.2577 0.4350
vn -0.6690 -0.7013 0.2462
vn -0.7070 -0.6979 -0.1144
vn -0.4530 -0.8508 -0.2662
vn -0.3639 -0.9311 0.0248
vn 0.2914 -0.2658 -0.9189
vn -0.6307 -0.7449 -0.2175
vn -0.0249 -0.0575 -0.9980
vn -0.4151 -0.6885 -0.5947
vn -0.4571 -0.6864 -0.5657
vn 0.2408 0.5120 -0.8246
vn -0.3566 -0.9334 -0.0394
vn 0.0287 -0.9996 0.0014
vn 0.0368 -0.9978 0.0552
vn 0.6909 -0.7225 0.0271
vn 0.3871 -0.8934 -0.2280
vn 0.6850 -0.6551 -0.3187
vn -0.0322 -0.9995 -0.0049
vn 0.3503 -0.9361 -0.0321
vn -0.0418 -0.9981 0.0460
vn 0.2883 -0.9575 -0.0000
vn 0.3578 -0.9315 0.0648
vn -0.2187 -0.8834 0.4144
vn 0.6276 -0.7528 -0.1984
vn -0.2886 -0.2797 -0.9157
vn 0.0356 -0.0832 -0.9959
vn 0.9142 -0.4028 -0.0444
vn 0.6130 -0.3089 -0.7272
vn 0.9998 0.0183 0.0028
vn 0.7254 -0.6824 -0.0903
vn 0.8120 -0.5128 -0.2787
vn 0.9415 -0.3330 0.0517
vn 0.1087 0.0507 -0.9928
vn 0.8627 -0.2581 -0.4350
vn 0.6688 -0.7014 -0.2463
vn 0.7511 0.6597 -0.0267
vn 0.8124 0.2775 -0.5129
vn 0.4292 0.5024 -0.7506
vn 0.5985 0.2095 -0.7733
vn 0.8679 0.4901 -0.0813
vn 0.9989 0.0353 -0.0312
vn -0.0601 0.2020 -0.9775
vn 0.6197 0.5420 -0.5676
vn 0.6669 0.0386 -0.7441
vn 0.4854 0.8704 -0.0823
vn 0.2038 0.6144 -0.7622
vn 0.0351 0.9989 -0.0315
vn 0.3205 0.5806 -0.7484
vn 0.2720 0.9581 -0.0895
vn 0.6780 0.7339 -0.0406
vn -0.1785 0.0860 -0.9802
vn 0.0100 0.8114 -0.5843
vn 0.4693 0.5193 -0.7142
vn -0.2722 0.9581 -0.0896
vn -0.3206 0.5806 -0.7484
vn -0.6781 0.7339 -0.0406
vn -0.2039 0.6144 -0.7622
vn -0.4855 0.8704 -0.0824
vn -0.0352 0.9989 -0.0315
vn -0.2056 -0.0628 -0.9766
vn -0.5498 0.6173 -0.5627
vn -0.0379 0.6804 -0.7318
vn -0.8678 0.4901 -0.0813
vn -0.5985 0.2095 -0.7733
vn -0.9989 0.0353 -0.0312
vn -0.6878 0.7258 -0.0128
vn -0.7104 0.4466 -0.5439
vn -0.9380 0.3401 0.0670
vn -0.0782 -0.1693 -0.9825
vn -0.8003 -0.0027 -0.5996
vn -0.5175 0.4687 -0.7159
vn -0.7071 -0.7071 -0.0001
vn -0.8791 -0.4093 -0.2441
vn -0.6300 -0.6974 -0.3417
vn -0.6130 -0.3089 -0.7272
vn -0.9142 -0.4028 -0.0444
vn -0.9998 0.0183 0.0028
vn 0.1229 -0.1952 -0.9730
vn -0.8193 -0.4572 -0.3460
vn -0.6503 0.0440 -0.7584
vn 0.5604 0.7532 0.3445
vn 0.6413 0.7368 0.2143
vn 0.0828 0.0729 0.9939
vn 0.2623 0.9635 0.0544
vn 0.0944 0.9872 -0.1289
vn -0.0710 0.9941 0.0822
vn 0.6661 0.7453 0.0292
vn 0.3701 0.8950 0.2488
vn 0.3398 0.9391 0.0518
vn 0.6261 -0.3161 0.7128
vn 0.6694 0.6388 0.3792
vn -0.0351 -0.0361 0.9987
vn -0.7384 0.6683 0.0899
vn -0.6048 0.7609 0.2351
vn -0.7102 0.6589 0.2479
vn -0.0944 0.9872 -0.1289
vn -0.2623 0.9635 0.0545
vn 0.0710 0.9941 0.0822
vn -0.4424 0.7802 0.4423
vn -0.3618 0.8667 0.3435
vn 0.0279 0.9985 0.0479
vn -0.6694 0.6389 0.3791
vn -0.6263 -0.3158 0.7127
vn 0.0352 -0.0360 0.9987
vn -0.9550 -0.2409 0.1732
vn -0.7847 0.0777 0.6150
vn -0.6850 -0.0069 0.7285
vn -0.5704 0.7397 -0.3570
vn -0.8519 0.4741 0.2224
vn -0.7514 0.4548 -0.4781
vn -0.6851 -0.1765 0.7067
vn 0.0051 0.8290 0.5592
vn -0.0121 -0.0047 0.9999
vn -0.8629 -0.5049 -0.0214
vn -0.4340 -0.6878 0.5819
vn -0.6626 -0.7481 0.0350
vn -0.7341 0.1812 0.6544
vn -0.9635 -0.2676 0.0005
vn -0.9979 0.0458 0.0459
vn -0.2738 -0.5184 0.8101
vn -0.5585 0.1174 0.8212
vn 0.0835 0.0282 0.9961
vn -0.2667 -0.9638 -0.0024
vn 0.1802 -0.7521 0.6339
vn 0.0480 -0.9979 0.0439
vn -0.6850 -0.4310 0.5873
vn -0.5015 -0.8650 -0.0161
vn -0.7462 -0.6647 0.0372
vn 0.1248 -0.5670 0.8142
vn -0.5142 -0.2883 0.8078
vn 0.0316 0.0857 0.9958
vn 0.5015 -0.8650 -0.0161
vn 0.6850 -0.4311 0.5873
vn 0.7463 -0.6646 0.0373
vn -0.1802 -0.7522 0.6339
vn 0.2667 -0.9638 -0.0024
vn -0.0480 -0.9979 0.0439
vn 0.5142 -0.2882 0.8078
vn -0.1249 -0.5669 0.8143
vn -0.0315 0.0858 0.9958
vn 0.9635 -0.2675 0.0005
vn 0.7341 0.1813 0.6544
vn 0.9979 0.0459 0.0459
vn 0.4340 -0.6878 0.5819
vn 0.8629 -0.5049 -0.0214
vn 0.6626 -0.7481 0.0350
vn 0.5585 0.1174 0.8212
vn 0.2738 -0.5184 0.8101
vn -0.0834 0.0282 0.9961
vn 0.4992 0.3892 0.7741
vn 0.2602 -0.3399 0.9038
vn 0.4436 0.3376 0.8302
vn 0.9960 0.0871 -0.0220
vn 0.7402 0.3266 0.5878
vn 0.9214 0.3885 0.0097
vn -0.0050 0.8289 0.5593
vn 0.6850 -0.1770 0.7067
vn 0.0122 -0.0052 0.9999
vn 0.7386 0.6682 -0.0899
vn 0.6049 0.7608 -0.2351
vn 0.7104 0.6587 -0.2478
vn 0.0944 0.9872 0.1289
vn 0.2623 0.9634 -0.0544
vn -0.0710 0.9941 -0.0822
vn 0.4422 0.7804 -0.4421
vn 0.3617 0.8668 -0.3432
vn -0.0281 0.9985 -0.0478
vn 0.6695 0.6387 -0.3792
vn 0.6261 -0.3163 -0.7127
vn -0.0351 -0.0361 -0.9987
vn -0.6661 0.7453 -0.0292
vn -0.3701 0.8951 -0.2488
vn -0.3398 0.9391 -0.0518
vn -0.6262 -0.3160 -0.7128
vn -0.6693 0.6388 -0.3793
vn 0.0352 -0.0362 -0.9987
vn -0.5604 0.7532 -0.3445
vn -0.6413 0.7368 -0.2143
vn -0.0828 0.0729 -0.9939
vn -0.2623 0.9635 -0.0544
vn -0.0944 0.9872 0.1289
vn 0.0710 0.9941 -0.0822
vn -0.9960 0.0872 0.0220
vn -0.7402 0.3267 -0.5876
vn -0.9214 0.3886 -0.0098
vn 0.0048 0.8289 -0.5594
vn -0.6848 -0.1763 -0.7070
vn -0.0118 -0.0045 -0.9999
vn -0.4997 0.3899 -0.7735
vn -0.2611 -0.3392 -0.9038
vn -0.4441 0.3379 -0.8298
vn -0.4342 -0.6875 -0.5821
vn -0.8631 -0.5047 0.0213
vn -0.6628 -0.7480 -0.0350
vn -0.5583 0.1178 -0.8212
vn -0.2737 -0.5180 -0.8104
vn 0.0836 0.0287 -0.9961
vn -0.9635 -0.2676 -0.0005
vn -0.7341 0.1811 -0.6545
vn -0.9979 0.0459 -0.0459
vn 0.1801 -0.7520 -0.6341
vn -0.2668 -0.9638 0.0022
vn 0.0479 -0.9979 -0.0440
vn -0.5141 -0.2880 -0.8079
vn 0.1249 -0.5667 -0.8144
vn 0.0316 0.0860 -0.9958
vn -0.5013 -0.8651 0.0161
vn -0.6849 -0.4312 -0.5874
vn -0.7462 -0.6647 -0.0372
vn 0.6849 -0.4311 -0.5874
vn 0.5014 -0.8651 0.0161
vn 0.7462 -0.6647 -0.0372
vn -0.1249 -0.5667 -0.8144
vn 0.5141 -0.2881 -0.8079
vn -0.0316 0.0860 -0.9958
vn 0.2668 -0.9638 0.0024
vn -0.1801 -0.7521 -0.6339
vn -0.0479 -0.9979 -0.0438
vn 0.7341 0.1811 -0.6545
vn 0.9635 -0.2676 -0.0005
vn 0.9979 0.0459 -0.0459
vn 0.2737 -0.5180 -0.8104
vn 0.5583 0.1179 -0.8212
vn -0.0836 0.0287 -0.9961
vn 0.8631 -0.5047 0.0213
vn 0.4342 -0.6875 -0.5821
vn 0.6627 -0.7480 -0.0351
vn 0.5707 0.7396 0.3569
vn 0.8520 0.4738 -0.2225
vn 0.7516 0.4547 0.4779
vn 0.6850 -0.1762 -0.7069
vn -0.0049 0.8290 -0.5592
vn 0.0121 -0.0045 -0.9999
vn 0.9549 -0.2410 -0.1732
vn 0.7846 0.0778 -0.6150
vn 0.6850 -0.0069 -0.7285
vn -0.6855 -0.7207 -0.1029
vn -0.3831 -0.9236 -0.0131
vn -0.3637 -0.9282 -0.0788
vn -0.0007 -0.9999 -0.0172
vn 0.0249 -0.9944 -0.1029
vn 0.3822 -0.9240 -0.0131
vn 0.3992 -0.9135 -0.0788
vn 0.7065 -0.7075 -0.0172
vn -0.5420 0.8113 0.2194
vn -0.2369 0.9569 0.1679
vn 0.1904 0.9569 0.2194
vn 0.5091 0.8442 0.1679
vn 0.7077 -0.7064 0.0068
vn 0.5455 -0.8321 0.1002
vn 0.6738 -0.6741 0.3025
vn 0.6692 -0.6686 0.3244
vn -0.3169 -0.9150 0.2498
vn -0.0268 0.0267 0.9993
vn 0.7207 -0.6856 -0.1029
vn 0.9236 -0.3831 -0.0131
vn 0.9282 -0.3637 -0.0788
vn 0.9999 -0.0007 -0.0172
vn -0.3148 -0.9170 -0.2450
vn 0.6691 -0.6685 -0.3246
vn -0.0270 0.0267 -0.9993
vn 0.5457 -0.8323 -0.0974
vn 0.7078 -0.7064 -0.0069
vn 0.6739 -0.6741 -0.3025
vn -0.9569 0.1904 0.2194
vn -0.8442 0.5091 0.1679
vn 0.0354 -0.0158 0.9992
vn -0.4896 0.7569 0.4329
vn -0.6693 0.6688 0.3237
vn -0.6689 0.6792 0.3020
vn -0.6400 0.7655 0.0661
vn -0.7068 0.7074 0.0066
vn -0.6401 0.7654 -0.0661
vn -0.6690 0.6791 -0.3021
vn -0.7069 0.7073 -0.0066
vn -0.4894 0.7571 -0.4327
vn 0.0352 -0.0154 -0.9993
vn -0.6692 0.6690 -0.3235
vn 1.0000 0.0064 0.0013
vn 0.6837 0.1266 0.7187
vn 0.6743 -0.0001 0.7385
vn 0.6742 0.0060 0.7385
vn 0.0173 0.1135 0.9934
vn -0.0011 -0.0000 1.0000
vn 0.9944 0.0249 -0.1029
vn 0.9240 0.3822 -0.0131
vn 0.9135 0.3992 -0.0788
vn 0.7075 0.7065 -0.0172
vn 0.0172 0.1136 -0.9934
vn 0.6742 0.0060 -0.7385
vn -0.0011 -0.0000 -1.0000
vn 0.6838 0.1266 -0.7186
vn 1.0000 0.0065 -0.0012
vn 0.6743 -0.0000 -0.7384
vn -0.8113 -0.5420 0.2194
vn -0.9569 -0.2370 0.1679
vn 0.0005 0.0039 1.0000
vn -0.5525 0.2866 0.7827
vn -0.6748 -0.0000 0.7380
vn -0.6746 0.0040 0.7382
vn -0.9385 0.3194 0.1315
vn -1.0000 -0.0000 0.0010
vn -0.9384 0.3195 -0.1315
vn -0.6746 0.0039 -0.7382
vn -1.0000 -0.0000 -0.0010
vn -0.5525 0.2866 -0.7827
vn 0.0005 0.0039 -1.0000
vn -0.6748 -0.0000 -0.7380
vn 0.5255 0.8477 0.0723
vn 0.5025 0.5079 0.6996
vn 0.7071 0.7071 0.0004
vn 0.2885 0.6186 0.7309
vn -0.0029 0.0024 1.0000
vn 0.5052 0.5052 0.6997
vn 0.6856 0.7207 -0.1029
vn 0.3831 0.9236 -0.0131
vn 0.3637 0.9282 -0.0788
vn 0.0007 0.9999 -0.0172
vn -0.0031 0.0023 -1.0000
vn 0.2884 0.6184 -0.7310
vn 0.5051 0.5051 -0.6998
vn 0.5024 0.5081 -0.6995
vn 0.5254 0.8478 -0.0722
vn 0.7070 0.7073 -0.0003
vn -0.1904 -0.9569 0.2194
vn -0.5091 -0.8442 0.1679
vn -0.0620 0.0516 0.9967
vn -0.5134 -0.4969 0.6997
vn 0.0003 0.0003 1.0000
vn -0.5619 -0.4530 0.6922
vn -0.7163 -0.6978 0.0006
vn -0.5053 -0.5054 0.6995
vn -0.7163 -0.6978 -0.0005
vn -0.5619 -0.4530 -0.6922
vn -0.5053 -0.5054 -0.6995
vn -0.5134 -0.4968 -0.6998
vn -0.0620 0.0517 -0.9967
vn 0.0002 0.0004 -1.0000
vn 0.4054 0.8338 0.3748
vn -0.0029 0.6900 0.7238
vn -0.0028 0.6900 0.7238
vn 0.3615 0.3370 0.8693
vn -0.0249 0.9944 -0.1029
vn -0.3822 0.9240 -0.0131
vn -0.3992 0.9135 -0.0788
vn -0.7065 0.7075 -0.0172
vn 0.3614 0.3409 -0.8679
vn -0.0028 0.6901 -0.7237
vn -0.0029 0.6901 -0.7237
vn 0.4053 0.8357 -0.3706
vn 0.5420 -0.8113 0.2194
vn 0.2370 -0.9569 0.1679
vn -0.0902 -0.0108 0.9959
vn -0.0036 -0.6901 0.7237
vn -0.0958 -0.6950 0.7126
vn -0.0038 -1.0000 -0.0000
vn -0.0000 -0.6900 0.7238
vn -0.3107 -0.9412 -0.1325
vn -0.0042 -0.6901 -0.7237
vn -0.2932 -0.5621 -0.7734
vn -0.0040 -0.0002 -1.0000
vn -0.0000 -0.6901 -0.7237
vn -0.7097 0.7045 -0.0003
vn -0.6239 0.4043 0.6688
vn -0.5056 0.5054 0.6992
vn -0.5080 0.5033 0.6990
vn -0.1351 -0.0902 0.9867
vn -0.0003 0.0006 1.0000
vn -0.7207 0.6856 -0.1029
vn -0.9236 0.3831 -0.0131
vn -0.9282 0.3637 -0.0788
vn -0.9999 0.0007 -0.0172
vn -0.1352 -0.0905 -0.9867
vn -0.5081 0.5032 -0.6991
vn -0.0004 0.0004 -1.0000
vn -0.6239 0.4044 -0.6687
vn -0.7096 0.7046 0.0003
vn -0.5056 0.5056 -0.6992
vn 0.9569 -0.1904 0.2194
vn 0.8442 -0.5091 0.1679
vn -0.0097 -0.0109 0.9999
vn 0.1828 -0.6219 0.7615
vn 0.5056 -0.5058 0.6990
vn 0.4943 -0.5172 0.6987
vn 0.4528 -0.8801 0.1430
vn 0.7071 -0.7071 -0.0003
vn 0.4530 -0.8800 -0.1431
vn 0.4944 -0.5170 -0.6988
vn 0.7072 -0.7070 0.0002
vn 0.1827 -0.6220 -0.7614
vn -0.0097 -0.0110 -0.9999
vn 0.5056 -0.5059 -0.6989
vn -0.9221 -0.3499 0.1653
vn -0.6761 -0.0068 0.7368
vn -1.0000 0.0001 -0.0013
vn -0.5202 -0.3141 0.7942
vn -0.0012 -0.0064 1.0000
vn -0.6760 -0.0000 0.7369
vn -0.9944 -0.0249 -0.1029
vn -0.9240 -0.3822 -0.0131
vn -0.9135 -0.3992 -0.0788
vn -0.7075 -0.7065 -0.0172
vn -0.0014 -0.0065 -1.0000
vn -0.5203 -0.3140 -0.7942
vn -0.6760 -0.0000 -0.7369
vn -0.6761 -0.0068 -0.7368
vn -0.9220 -0.3500 -0.1654
vn -1.0000 -0.0000 0.0012
vn 0.8113 0.5420 0.2194
vn 0.7072 0.7071 -0.0000
vn 0.9569 0.2370 0.1679
vn 0.0363 -0.1574 0.9869
vn 0.6756 -0.0040 0.7372
vn 0.0006 -0.0000 1.0000
vn 0.6939 -0.1745 0.6987
vn 1.0000 -0.0040 -0.0010
vn 0.6760 -0.0000 0.7369
vn 1.0000 -0.0041 0.0010
vn 0.6939 -0.1745 -0.6986
vn 0.6761 -0.0000 -0.7369
vn 0.6756 -0.0040 -0.7372
vn 0.0362 -0.1574 -0.9869
vn 0.0005 -0.0000 -1.0000
vn 0.3149 -0.9170 0.2449
vn -0.6691 -0.6686 0.3244
vn 0.0268 0.0267 0.9993
vn -0.5458 -0.8322 0.0974
vn -0.7078 -0.7064 0.0069
vn -0.6739 -0.6741 0.3025
vn -0.7078 -0.7064 -0.0069
vn -0.5455 -0.8321 -0.1002
vn -0.6739 -0.6740 -0.3025
vn -0.6691 -0.6685 -0.3246
vn 0.3168 -0.9150 -0.2499
vn 0.0270 0.0268 -0.9993
vn 0.6401 0.7654 0.0662
vn 0.6690 0.6791 0.3020
vn 0.7069 0.7073 0.0066
vn 0.4896 0.7571 0.4325
vn -0.0352 -0.0155 0.9993
vn 0.6692 0.6690 0.3234
vn -0.0352 -0.0154 -0.9993
vn 0.4895 0.7571 -0.4325
vn 0.6692 0.6690 -0.3234
vn 0.6691 0.6791 -0.3020
vn 0.6402 0.7654 -0.0662
vn 0.7069 0.7073 -0.0066
vn -0.4296 -0.9000 -0.0732
vn -0.3615 -0.8918 0.2721
vn -0.8116 -0.4534 0.3684
vn 0.2472 -0.9219 0.2984
vn -0.3159 -0.9158 0.2480
vn -0.3179 -0.9436 -0.0924
vn 0.3381 -0.1727 0.9251
vn -0.5716 -0.6012 0.5584
vn -0.1777 -0.9392 0.2938
vn 0.3179 -0.9436 -0.0924
vn 0.3159 -0.9158 0.2480
vn -0.2472 -0.9219 0.2984
vn 0.8116 -0.4534 0.3684
vn 0.3615 -0.8918 0.2721
vn 0.4296 -0.9000 -0.0732
vn 0.2828 0.0901 0.9549
vn 0.0184 -0.8668 0.4983
vn 0.5549 -0.7536 0.3525
vn 0.6971 -0.7154 0.0482
vn 0.9398 -0.3365 -0.0597
vn 0.7522 -0.4926 0.4376
vn 0.7639 0.2783 0.5822
vn 0.8156 -0.3564 0.4559
vn 0.9805 -0.1839 -0.0695
vn 0.0595 0.1375 0.9887
vn 0.5883 -0.5677 0.5758
vn 0.8145 -0.0243 0.5796
vn 0.9797 0.1501 -0.1326
vn 0.8153 0.2444 0.5248
vn 0.7643 -0.2834 0.5793
vn 0.3517 0.7431 0.5693
vn 0.7494 0.4086 0.5211
vn 0.8024 0.5809 -0.1370
vn -0.0595 0.1834 0.9812
vn 0.6633 0.0380 0.7474
vn 0.5837 0.5508 0.5966
vn 0.7286 0.6849 0.0078
vn 0.3383 0.9382 -0.0723
vn 0.4351 0.6977 0.5691
vn -0.2860 0.7547 0.5904
vn 0.2451 0.8084 0.5351
vn 0.1374 0.9820 -0.1293
vn -0.1625 0.0769 0.9837
vn 0.4480 0.4995 0.7415
vn -0.0010 0.7887 0.6148
vn -0.1373 0.9820 -0.1294
vn -0.2451 0.8085 0.5351
vn 0.2861 0.7547 0.5904
vn -0.6516 0.7578 0.0342
vn -0.4808 0.4042 0.7781
vn -0.2709 0.7940 0.5443
vn -0.1832 -0.0571 0.9814
vn -0.0390 0.6544 0.7551
vn -0.5432 0.5900 0.5973
vn -0.8024 0.5809 -0.1370
vn -0.7493 0.4086 0.5211
vn -0.3517 0.7431 0.5693
vn -0.7643 -0.2833 0.5793
vn -0.8153 0.2445 0.5248
vn -0.9797 0.1501 -0.1326
vn -0.0837 -0.1692 0.9820
vn -0.5017 0.4488 0.7395
vn -0.7982 0.0124 0.6022
vn -0.9805 -0.1839 -0.0695
vn -0.8156 -0.3564 0.4559
vn -0.7639 0.2783 0.5822
vn -0.7283 -0.6852 0.0106
vn -0.5240 -0.5946 0.6099
vn -0.8580 -0.3235 0.3990
vn 0.0768 -0.2398 0.9678
vn -0.6807 -0.0228 0.7322
vn -0.7416 -0.4961 0.4517
vn -0.8116 -0.4534 -0.3684
vn -0.3615 -0.8918 -0.2721
vn -0.4296 -0.9000 0.0732
vn -0.2828 0.0901 -0.9549
vn -0.0184 -0.8668 -0.4983
vn -0.5549 -0.7536 -0.3525
vn -0.3179 -0.9436 0.0924
vn -0.3159 -0.9158 -0.2480
vn 0.2473 -0.9219 -0.2984
vn 0.4296 -0.9000 0.0732
vn 0.3615 -0.8918 -0.2721
vn 0.8116 -0.4533 -0.3684
vn -0.2473 -0.9218 -0.2984
vn 0.3159 -0.9158 -0.2480
vn 0.3179 -0.9436 0.0924
vn -0.3381 -0.1727 -0.9251
vn 0.5716 -0.6013 -0.5584
vn 0.1777 -0.9392 -0.2938
vn 0.9805 -0.1839 0.0695
vn 0.8156 -0.3564 -0.4559
vn 0.7639 0.2783 -0.5822
vn 0.7283 -0.6852 -0.0106
vn 0.5240 -0.5946 -0.6099
vn 0.8580 -0.3235 -0.3990
vn -0.0768 -0.2398 -0.9678
vn 0.6807 -0.0228 -0.7322
vn 0.7416 -0.4961 -0.4517
vn 0.8024 0.5808 0.1370
vn 0.7493 0.4086 -0.5211
vn 0.3517 0.7431 -0.5693
vn 0.7643 -0.2833 -0.5793
vn 0.8153 0.2445 -0.5248
vn 0.9797 0.1501 0.1326
vn 0.0837 -0.1692 -0.9820
vn 0.5017 0.4488 -0.7395
vn 0.7982 0.0124 -0.6022
vn 0.1373 0.9820 0.1294
vn 0.2450 0.8085 -0.5351
vn -0.2861 0.7547 -0.5904
vn 0.6516 0.7578 -0.0342
vn 0.4808 0.4042 -0.7781
vn 0.2709 0.7940 -0.5443
vn 0.1832 -0.0571 -0.9814
vn 0.0390 0.6544 -0.7551
vn 0.5432 0.5900 -0.5974
vn -0.7286 0.6849 -0.0078
vn -0.3383 0.9382 0.0723
vn -0.4352 0.6977 -0.5691
vn 0.2862 0.7547 -0.5904
vn -0.2450 0.8085 -0.5351
vn -0.1373 0.9821 0.1293
vn 0.1625 0.0769 -0.9837
vn -0.4480 0.4995 -0.7415
vn 0.0010 0.7887 -0.6148
vn -0.9797 0.1501 0.1326
vn -0.8153 0.2445 -0.5248
vn -0.7643 -0.2833 -0.5793
vn -0.3517 0.7431 -0.5693
vn -0.7494 0.4086 -0.5211
vn -0.8024 0.5809 0.1370
vn 0.0595 0.1834 -0.9812
vn -0.6633 0.0380 -0.7474
vn -0.5837 0.5508 -0.5966
vn -0.6971 -0.7154 -0.0482
vn -0.9398 -0.3365 0.0597
vn -0.7522 -0.4926 -0.4376
vn -0.7639 0.2783 -0.5822
vn -0.8156 -0.3564 -0.4559
vn -0.9805 -0.1839 0.0695
vn -0.0595 0.1375 -0.9887
vn -0.5883 -0.5677 -0.5758
vn -0.8145 -0.0243 -0.5796
vn 0.8879 0.4494 0.0980
vn 0.6612 0.6028 0.4466
vn 0.3638 0.7758 0.5154
vn 0.4113 0.7189 0.5604
vn 0.2209 0.8529 0.4731
vn -0.0342 0.9947 0.0969
vn 0.1098 0.9706 0.2143
vn 0.4107 0.8909 0.1939
vn 0.6053 0.7554 0.2510
vn 0.0342 0.9947 0.0969
vn -0.2209 0.8528 0.4731
vn -0.4112 0.7189 0.5605
vn -0.3638 0.7759 0.5154
vn -0.6612 0.6028 0.4466
vn -0.8879 0.4494 0.0981
vn -0.6053 0.7554 0.2510
vn -0.4107 0.8909 0.1939
vn -0.1098 0.9706 0.2143
vn -0.9980 0.0410 -0.0486
vn -0.9309 0.3633 -0.0385
vn -0.7576 0.3420 0.5560
vn -0.5989 0.5673 0.5652
vn -0.4050 0.3243 0.8548
vn -0.4964 -0.1023 0.8621
vn -0.7879 0.0987 0.6079
vn -0.8524 0.2403 0.4644
vn -0.7950 0.4591 0.3965
vn -0.9693 0.2444 0.0261
vn -0.7931 -0.0789 0.6040
vn -0.6543 -0.2199 0.7236
vn -0.6169 -0.2964 0.7291
vn -0.6321 -0.4830 0.6059
vn -0.5424 -0.8398 0.0237
vn -0.7519 -0.5160 0.4104
vn -0.8764 -0.3572 0.3231
vn -0.8928 -0.1641 0.4196
vn -0.8224 -0.5686 0.0189
vn -0.4596 -0.6433 0.6124
vn -0.2831 -0.6162 0.7350
vn -0.1990 -0.6557 0.7283
vn -0.0466 -0.7936 0.6067
vn 0.2871 -0.9575 0.0271
vn -0.1610 -0.8860 0.4349
vn -0.3452 -0.8767 0.3349
vn -0.5114 -0.7499 0.4197
vn -0.2870 -0.9575 0.0270
vn 0.0465 -0.7936 0.6067
vn 0.1990 -0.6556 0.7284
vn 0.2831 -0.6162 0.7350
vn 0.4596 -0.6433 0.6124
vn 0.8224 -0.5685 0.0190
vn 0.5115 -0.7498 0.4197
vn 0.3452 -0.8768 0.3349
vn 0.1610 -0.8860 0.4348
vn 0.5424 -0.8398 0.0237
vn 0.6321 -0.4830 0.6059
vn 0.6169 -0.2965 0.7291
vn 0.6543 -0.2200 0.7235
vn 0.7931 -0.0789 0.6040
vn 0.9693 0.2444 0.0261
vn 0.8928 -0.1641 0.4196
vn 0.8763 -0.3573 0.3231
vn 0.7519 -0.5159 0.4104
vn 0.6300 0.7418 -0.2298
vn 0.8365 0.4541 -0.3065
vn 0.8671 0.4227 0.2635
vn 0.9583 -0.1780 0.2237
vn 0.6382 0.0188 0.7696
vn 0.7157 0.1796 0.6749
vn 0.7950 0.4591 0.3965
vn 0.8524 0.2403 0.4644
vn 0.7879 0.0987 0.6079
vn -0.0342 0.9947 -0.0969
vn 0.2209 0.8528 -0.4731
vn 0.4112 0.7189 -0.5605
vn 0.3638 0.7759 -0.5154
vn 0.6612 0.6028 -0.4466
vn 0.8879 0.4494 -0.0981
vn 0.6053 0.7554 -0.2510
vn 0.4107 0.8909 -0.1939
vn 0.1098 0.9706 -0.2143
vn -0.4113 0.7189 -0.5604
vn -0.2209 0.8529 -0.4731
vn 0.0342 0.9947 -0.0969
vn -0.1098 0.9706 -0.2143
vn -0.4107 0.8909 -0.1939
vn -0.6053 0.7554 -0.2510
vn -0.8879 0.4494 -0.0980
vn -0.6612 0.6028 -0.4466
vn -0.3638 0.7758 -0.5154
vn -0.9583 -0.1780 -0.2237
vn -0.6382 0.0188 -0.7696
vn -0.7157 0.1796 -0.6749
vn -0.7950 0.4591 -0.3965
vn -0.8524 0.2403 -0.4644
vn -0.7879 0.0987 -0.6079
vn -0.6300 0.7418 0.2298
vn -0.8365 0.4542 0.3065
vn -0.8671 0.4227 -0.2635
vn -0.6543 -0.2200 -0.7235
vn -0.7931 -0.0789 -0.6040
vn -0.9693 0.2444 -0.0261
vn -0.8927 -0.1641 -0.4196
vn -0.8763 -0.3573 -0.3231
vn -0.7519 -0.5159 -0.4104
vn -0.5424 -0.8398 -0.0237
vn -0.6321 -0.4830 -0.6059
vn -0.6169 -0.2965 -0.7291
vn -0.2831 -0.6162 -0.7350
vn -0.4596 -0.6433 -0.6124
vn -0.8224 -0.5685 -0.0190
vn -0.5115 -0.7498 -0.4197
vn -0.3452 -0.8767 -0.3349
vn -0.1610 -0.8860 -0.4349
vn 0.2871 -0.9575 -0.0270
vn -0.0465 -0.7936 -0.6067
vn -0.1990 -0.6557 -0.7284
vn 0.1990 -0.6556 -0.7284
vn 0.0466 -0.7935 -0.6067
vn -0.2871 -0.9575 -0.0271
vn 0.1611 -0.8860 -0.4348
vn 0.3452 -0.8768 -0.3349
vn 0.5114 -0.7499 -0.4197
vn 0.8224 -0.5685 -0.0190
vn 0.4596 -0.6433 -0.6124
vn 0.2831 -0.6162 -0.7350
vn 0.6169 -0.2964 -0.7291
vn 0.6321 -0.4830 -0.6059
vn 0.5424 -0.8398 -0.0237
vn 0.7519 -0.5160 -0.4104
vn 0.8763 -0.3573 -0.3231
vn 0.8928 -0.1641 -0.4196
vn 0.9693 0.2444 -0.0261
vn 0.7931 -0.0789 -0.6040
vn 0.6543 -0.2199 -0.7236
vn 0.5989 0.5673 -0.5652
vn 0.4050 0.3243 -0.8548
vn 0.4963 -0.1023 -0.8621
vn 0.7879 0.0987 -0.6079
vn 0.8524 0.2403 -0.4644
vn 0.7950 0.4591 -0.3965
vn 0.9980 0.0410 0.0486
vn 0.9309 0.3633 0.0385
vn 0.7576 0.3420 -0.5560
vn -0.7068 -0.7073 0.0115
vn -0.4000 -0.9129 0.0807
vn -0.3824 -0.9239 0.0088
vn -0.0261 -0.9941 0.1053
vn -0.0012 -1.0000 -0.0000
vn 0.3169 -0.9320 0.1759
vn -0.0012 -0.8715 0.4904
vn 0.6711 -0.5005 0.5469
vn 0.0003 -0.9999 0.0114
vn 0.3627 -0.9284 0.0807
vn 0.4000 -0.9129 0.0807
vn 0.7068 -0.7073 0.0115
vn -0.0028 -0.0000 -1.0000
vn 0.3169 -0.6351 -0.7044
vn -0.0023 -0.8715 -0.4903
vn 0.1888 -0.9640 -0.1874
vn -0.5146 0.8407 -0.1686
vn -0.1987 0.9550 -0.2202
vn -0.0033 -0.0000 1.0000
vn 0.3169 0.6361 0.7035
vn -0.0027 0.8724 0.4888
vn 0.1871 0.9646 0.1861
vn 0.2306 0.9583 -0.1686
vn 0.5348 0.8158 -0.2202
vn -0.0013 1.0000 -0.0000
vn 0.3169 0.9324 -0.1738
vn -0.0013 0.8723 -0.4889
vn 0.6724 0.5011 -0.5447
vn 0.5683 -0.8195 0.0741
vn 0.7071 -0.7070 -0.0061
vn 0.5870 -0.5917 0.5526
vn 0.6396 -0.1497 0.7540
vn 0.5926 -0.5926 0.5455
vn 0.0087 -0.0138 0.9999
vn 0.7073 -0.7068 0.0115
vn 0.9129 -0.4001 0.0807
vn 0.9239 -0.3824 0.0088
vn 0.9941 -0.0262 0.1054
vn 0.0087 -0.0139 -0.9999
vn 0.5926 -0.5927 -0.5455
vn 0.6378 -0.1479 -0.7559
vn 0.5870 -0.5917 -0.5526
vn 0.7071 -0.7070 0.0061
vn 0.5683 -0.8195 -0.0741
vn -0.9583 0.2306 -0.1686
vn -0.8158 0.5348 -0.2202
vn 0.0729 0.7566 0.6498
vn -0.0110 0.0108 0.9999
vn -0.5953 0.5910 0.5443
vn -0.6507 0.5323 0.5415
vn -0.5906 0.5901 0.5505
vn -0.7091 0.7051 -0.0072
vn -0.7091 0.7051 0.0072
vn -0.5906 0.5901 -0.5505
vn -0.6507 0.5324 -0.5415
vn -0.5953 0.5910 -0.5443
vn -0.0110 0.0108 -0.9999
vn 0.0687 0.7608 -0.6454
vn 0.9366 -0.3239 0.1337
vn 1.0000 -0.0000 -0.0037
vn 0.6790 -0.0068 0.7341
vn 0.5500 -0.2919 0.7824
vn 0.6785 -0.0001 0.7346
vn 0.0032 -0.0065 1.0000
vn 0.9999 0.0003 0.0115
vn 0.9284 0.3627 0.0807
vn 0.9129 0.4001 0.0807
vn 0.7073 0.7068 0.0115
vn 0.0032 -0.0065 -1.0000
vn 0.6785 -0.0000 -0.7346
vn 0.5500 -0.2920 -0.7825
vn 0.6790 -0.0068 -0.7341
vn 1.0000 0.0001 0.0037
vn 0.9366 -0.3240 -0.1338
vn -0.8407 -0.5146 -0.1686
vn -0.9550 -0.1987 -0.2202
vn -0.0227 -0.1216 0.9923
vn -0.0025 -0.0001 1.0000
vn -0.6780 -0.0067 0.7351
vn -0.6886 -0.1353 0.7124
vn -0.6786 -0.0002 0.7345
vn -1.0000 -0.0069 -0.0032
vn -1.0000 -0.0069 0.0032
vn -0.6786 -0.0002 -0.7345
vn -0.6886 -0.1353 -0.7124
vn -0.6780 -0.0067 -0.7351
vn -0.0025 -0.0000 -1.0000
vn -0.0228 -0.1217 -0.9923
vn 0.8602 0.5041 0.0774
vn 0.7071 0.7071 -0.0021
vn 0.4895 0.4840 0.7253
vn 0.5991 0.2668 0.7549
vn 0.4866 0.4866 0.7255
vn 0.0040 -0.0014 1.0000
vn 0.7068 0.7073 0.0115
vn 0.4000 0.9129 0.0807
vn 0.3824 0.9239 0.0088
vn 0.0262 0.9941 0.1054
vn 0.0040 -0.0014 -1.0000
vn 0.4866 0.4866 -0.7255
vn 0.5991 0.2669 -0.7549
vn 0.4896 0.4840 -0.7253
vn 0.7071 0.7071 0.0021
vn 0.8602 0.5041 -0.0774
vn -0.2306 -0.9583 -0.1686
vn -0.5348 -0.8158 -0.2202
vn 0.0501 -0.0644 0.9967
vn -0.4828 -0.4899 0.7259
vn -0.4275 -0.5511 0.7166
vn -0.4865 -0.4867 0.7256
vn -0.7034 -0.7108 -0.0019
vn -0.7034 -0.7108 0.0019
vn -0.4865 -0.4866 -0.7256
vn -0.4276 -0.5510 -0.7166
vn -0.4828 -0.4899 -0.7259
vn 0.0501 -0.0643 -0.9967
vn -0.4384 0.8078 0.3940
vn 0.0029 0.6656 0.7463
vn -0.3790 0.3082 0.8726
vn 0.0029 -0.0000 1.0000
vn -0.0003 0.9999 0.0115
vn -0.3826 0.9239 -0.0000
vn -0.3627 0.9284 0.0807
vn -0.3829 0.9237 0.0088
vn -0.6844 0.7214 0.1054
vn 0.0029 -0.0000 -1.0000
vn -0.3789 0.3038 -0.8741
vn -0.3790 0.8318 -0.4057
vn 0.0031 1.0000 -0.0000
vn 0.5146 -0.8407 -0.1686
vn 0.1987 -0.9550 -0.2202
vn 0.0034 -0.0001 1.0000
vn 0.2906 -0.5374 0.7917
vn 0.0035 -0.6654 0.7465
vn -0.4385 -0.8052 0.3992
vn 0.0034 -1.0000 -0.0000
vn -0.3791 -0.8338 -0.4014
vn 0.0033 -0.6653 -0.7466
vn 0.0836 -0.0101 -0.9964
vn -0.7043 0.7099 0.0022
vn -0.4847 0.4846 0.7282
vn -0.3860 0.6023 0.6987
vn -0.4820 0.4874 0.7281
vn 0.0012 -0.0013 1.0000
vn 0.0824 0.1199 0.9894
vn -0.7073 0.7068 0.0115
vn -0.9129 0.4001 0.0807
vn -0.9239 0.3824 0.0088
vn -0.9941 0.0262 0.1054
vn 0.0823 0.1198 -0.9894
vn -0.4820 0.4874 -0.7281
vn -0.3860 0.6023 -0.6987
vn -0.4847 0.4845 -0.7282
vn -0.7044 0.7098 -0.0022
vn 0.9583 -0.2306 -0.1686
vn 0.8407 -0.5146 -0.1686
vn 0.0027 0.0050 1.0000
vn 0.4846 -0.4847 0.7282
vn 0.5995 -0.1652 0.7831
vn 0.4885 -0.4805 0.7284
vn 0.7071 -0.7071 0.0021
vn 0.8917 -0.4262 0.1526
vn 0.8917 -0.4262 -0.1526
vn 0.7071 -0.7071 -0.0021
vn 0.4885 -0.4805 -0.7284
vn 0.5995 -0.1652 -0.7831
vn 0.4846 -0.4846 -0.7282
vn 0.0027 0.0050 -1.0000
vn -1.0000 0.0065 0.0036
vn -0.6737 -0.0002 0.7390
vn -0.6855 0.1390 0.7147
vn -0.6740 0.0061 0.7387
vn 0.0029 -0.0001 1.0000
vn -0.0199 0.1254 0.9919
vn -0.9999 -0.0003 0.0115
vn -0.9284 -0.3627 0.0807
vn -0.9237 -0.3829 0.0088
vn -0.7214 -0.6844 0.1054
vn -0.0199 0.1254 -0.9919
vn 0.0029 -0.0001 -1.0000
vn -0.6740 0.0061 -0.7387
vn -0.6854 0.1389 -0.7148
vn -0.6737 -0.0002 -0.7390
vn -1.0000 0.0066 -0.0036
vn 0.8407 0.5146 -0.1686
vn 0.9550 0.1987 -0.2202
vn -0.0025 0.0067 1.0000
vn 0.6742 -0.0001 0.7385
vn 0.5417 0.2961 0.7867
vn 0.6737 0.0069 0.7390
vn 1.0000 0.0001 0.0035
vn 0.9332 0.3291 0.1444
vn 0.9332 0.3291 -0.1443
vn 1.0000 0.0001 -0.0035
vn 0.6737 0.0069 -0.7390
vn 0.5417 0.2961 -0.7867
vn 0.6742 -0.0000 -0.7385
vn -0.0025 0.0067 -1.0000
vn -0.0087 -0.0139 0.9999
vn -0.5926 -0.5927 0.5455
vn -0.6378 -0.1479 0.7559
vn -0.5870 -0.5917 0.5526
vn -0.7071 -0.7070 -0.0061
vn -0.5683 -0.8195 0.0741
vn -0.5683 -0.8195 -0.0741
vn -0.7071 -0.7070 0.0061
vn -0.5870 -0.5917 -0.5526
vn -0.6396 -0.1497 -0.7540
vn -0.5926 -0.5926 -0.5455
vn -0.0087 -0.0138 -0.9999
vn 0.7091 0.7051 -0.0072
vn 0.5906 0.5901 0.5505
vn 0.6507 0.5324 0.5415
vn 0.5953 0.5910 0.5443
vn 0.0110 0.0108 0.9999
vn -0.0687 0.7608 0.6454
vn -0.0729 0.7566 -0.6498
vn 0.0110 0.0108 -0.9999
vn 0.5953 0.5910 -0.5443
vn 0.6507 0.5323 -0.5415
vn 0.5906 0.5901 -0.5505
vn 0.7091 0.7051 0.0072
vn 0.0439 -0.1011 0.9939
vn -0.7407 0.0562 0.6694
vn -0.4331 -0.6515 0.6229
vn -0.9939 0.0439 0.1011
vn -0.6694 -0.7407 -0.0562
vn -0.6229 -0.4331 0.6515
vn -0.1011 -0.9939 -0.0439
vn 0.0562 -0.6694 0.7407
vn -0.6515 -0.6229 0.4331
vn 0.1011 0.0439 0.9939
vn -0.0562 -0.7407 0.6694
vn 0.6515 -0.4331 0.6229
vn -0.0439 -0.9939 0.1011
vn 0.7407 -0.6694 -0.0562
vn 0.4331 -0.6229 0.6515
vn 0.9939 -0.1011 -0.0440
vn 0.6695 0.0562 0.7407
vn 0.6229 -0.6515 0.4331
vn -0.0439 -0.1011 -0.9939
vn 0.7407 0.0562 -0.6694
vn 0.4331 -0.6515 -0.6229
vn 0.9939 0.0439 -0.1012
vn 0.6694 -0.7407 0.0562
vn 0.6229 -0.4331 -0.6515
vn 0.1011 -0.9939 0.0439
vn -0.0562 -0.6694 -0.7407
vn 0.6515 -0.6229 -0.4331
vn -0.9939 -0.1011 0.0439
vn -0.6694 0.0562 -0.7407
vn -0.6229 -0.6515 -0.4331
vn -0.1012 0.0439 -0.9939
vn 0.0562 -0.7407 -0.6694
vn -0.6515 -0.4331 -0.6229
vn 0.0439 -0.9939 -0.1011
vn -0.7407 -0.6694 0.0562
vn -0.4331 -0.6229 -0.6515
vn -0.9939 0.1011 -0.0439
vn -0.6694 -0.0562 0.7407
vn -0.6229 0.6515 0.4331
vn -0.1012 -0.0439 0.9939
vn 0.0562 0.7407 0.6694
vn -0.6515 0.4331 0.6229
vn 0.0439 0.9939 0.1011
vn -0.7407 0.6694 -0.0562
vn -0.4331 0.6229 0.6515
vn -0.0439 0.1012 0.9939
vn 0.7407 -0.0562 0.6694
vn 0.4331 0.6515 0.6229
vn 0.9939 -0.0439 0.1012
vn 0.6694 0.7407 -0.0562
vn 0.6229 0.4331 0.6515
vn 0.1011 0.9939 -0.0439
vn -0.0562 0.6694 0.7407
vn 0.6515 0.6229 0.4331
vn 0.9939 0.1011 0.0439
vn 0.6694 -0.0562 -0.7407
vn 0.6229 0.6515 -0.4331
vn 0.1011 -0.0439 -0.9939
vn -0.0562 0.7407 -0.6694
vn 0.6515 0.4331 -0.6229
vn -0.0439 0.9939 -0.1011
vn 0.7407 0.6694 0.0562
vn 0.4331 0.6229 -0.6515
vn -0.9939 -0.0439 -0.1012
vn -0.6694 0.7407 0.0562
vn -0.6229 0.4331 -0.6515
vn -0.1012 0.9939 0.0439
vn 0.0562 0.6694 -0.7407
vn -0.6515 0.6229 -0.4331
vn 0.0439 0.1011 -0.9939
vn -0.7407 -0.0562 -0.6694
vn -0.4331 0.6515 -0.6229
vn -0.0186 -0.9998 0.0005
vn -0.1832 -0.7250 0.6639
vn -0.1832 -0.6639 0.7250
vn -0.0186 -0.0005 0.9998
vn -1.0000 -0.0002 0.0095
vn -0.7258 -0.6619 0.1872
vn -0.7070 -0.7072 0.0095
vn -0.0452 -0.9813 0.1872
vn 0.1832 -0.9821 -0.0432
vn 0.0186 -0.7073 -0.7067
vn 0.0186 -0.7067 -0.7073
vn 0.1832 -0.0432 -0.9821
vn 0.0001 -1.0000 0.0095
vn 0.6619 -0.7258 0.1872
vn 0.7072 -0.7070 0.0095
vn 0.9813 -0.0452 0.1872
vn -0.0001 1.0000 0.0095
vn -0.6619 0.7258 0.1872
vn -0.7072 0.7070 0.0095
vn -0.9813 0.0452 0.1872
vn -0.0186 0.0005 0.9998
vn -0.1834 0.6638 0.7250
vn -0.1832 0.7250 0.6639
vn -0.0186 0.9998 0.0005
vn 1.0000 0.0001 0.0095
vn 0.7259 0.6619 0.1872
vn 0.7070 0.7072 0.0095
vn 0.0452 0.9813 0.1872
vn 0.1832 0.0432 -0.9821
vn 0.0186 0.7067 -0.7073
vn 0.0186 0.7073 -0.7067
vn 0.1832 0.9821 -0.0432
vn -0.0001 -0.0095 1.0000
vn -0.6620 -0.1870 0.7258
vn -0.7258 -0.1872 0.6619
vn -1.0000 -0.0095 0.0001
vn 1.0000 -0.0095 0.0001
vn 0.7259 -0.1872 0.6619
vn 0.7070 -0.0095 0.7072
vn 0.0452 -0.1872 0.9813
vn 0.0001 -0.0095 -1.0000
vn 0.6619 -0.1872 -0.7258
vn 0.7259 -0.1872 -0.6619
vn 1.0000 -0.0095 -0.0001
vn -1.0000 -0.0095 -0.0001
vn -0.7258 -0.1872 -0.6619
vn -0.7070 -0.0096 -0.7072
vn -0.0452 -0.1872 -0.9813
vn 0.9939 -0.1011 -0.0439
vn 0.6694 0.0562 0.7407
vn 0.9939 0.0439 -0.1011
vn -0.1011 0.0439 -0.9939
vn -0.1011 -0.0439 0.9939
vn -0.0439 0.1011 0.9939
vn 0.9939 -0.0439 0.1011
vn 0.9939 0.1012 0.0439
vn -0.9939 -0.0439 -0.1011
vn -0.1011 0.9939 0.0439
vn -0.1848 -0.9818 0.0440
vn -0.0150 -0.7072 0.7068
vn -0.0150 -0.7068 0.7072
vn -0.1848 -0.0440 0.9818
vn -0.9999 -0.0002 0.0108
vn -0.7257 -0.6622 0.1866
vn -0.7069 -0.7072 0.0108
vn -0.0449 -0.9814 0.1866
vn 0.0150 -0.9999 -0.0003
vn 0.1848 -0.7253 -0.6631
vn 0.1848 -0.6631 -0.7253
vn 0.0150 -0.0003 -0.9999
vn 0.0002 -0.9999 0.0108
vn 0.6622 -0.7257 0.1866
vn 0.7072 -0.7069 0.0108
vn 0.9814 -0.0449 0.1866
vn -0.0002 0.9999 0.0108
vn -0.6622 0.7257 0.1866
vn -0.7072 0.7069 0.0108
vn -0.9814 0.0449 0.1866
vn -0.1848 0.0440 0.9818
vn -0.0150 0.7068 0.7072
vn -0.0150 0.7072 0.7068
vn -0.1848 0.9818 0.0440
vn 0.9999 0.0002 0.0108
vn 0.7257 0.6622 0.1866
vn 0.7070 0.7072 0.0108
vn 0.0449 0.9814 0.1866
vn 0.0150 0.0003 -0.9999
vn 0.1848 0.6631 -0.7253
vn 0.1848 0.7253 -0.6631
vn 0.0150 0.9999 -0.0003
vn -0.0005 -0.0186 0.9998
vn -0.6639 -0.1832 0.7250
vn -0.7073 -0.0186 0.7067
vn -0.9821 -0.1832 0.0432
vn 0.9998 -0.0186 0.0004
vn 0.7250 -0.1832 0.6639
vn 0.7067 -0.0186 0.7073
vn 0.0432 -0.1832 0.9821
vn 0.0005 -0.0186 -0.9998
vn 0.6639 -0.1832 -0.7250
vn 0.7073 -0.0186 -0.7067
vn 0.9821 -0.1832 -0.0432
vn -0.9998 -0.0186 -0.0004
vn -0.7250 -0.1832 -0.6639
vn -0.7067 -0.0186 -0.7073
vn -0.0432 -0.1832 -0.9821
vn -0.9939 0.0439 0.1012
vn 0.1012 0.0439 0.9939
vn -0.9939 -0.1011 0.0440
vn -0.6695 0.0562 -0.7407
vn 0.1012 0.9939 -0.0439
vn 0.1012 -0.0439 -0.9939
vn 0.0439 0.1012 -0.9939
vn -0.1832 -0.9821 0.0432
vn -0.0186 -0.7073 0.7067
vn -0.0186 -0.7067 0.7073
vn -0.1832 -0.0432 0.9821
vn -1.0000 -0.0001 0.0095
vn -0.7259 -0.6619 0.1872
vn 0.0186 -0.9998 -0.0005
vn 0.1832 -0.7250 -0.6639
vn 0.1832 -0.6639 -0.7250
vn 0.0186 -0.0005 -0.9998
vn -0.1832 0.0432 0.9821
vn -0.0186 0.7067 0.7073
vn -0.0186 0.7073 0.7067
vn -0.1832 0.9821 0.0432
vn 1.0000 0.0002 0.0095
vn 0.7258 0.6619 0.1872
vn 0.0186 0.0005 -0.9998
vn 0.1834 0.6638 -0.7250
vn 0.1832 0.7250 -0.6639
vn 0.0186 0.9998 -0.0005
vn -0.6619 -0.1872 0.7258
vn -0.7259 -0.1872 0.6619
vn 0.7258 -0.1872 0.6619
vn 0.7070 -0.0096 0.7072
vn 0.6620 -0.1870 -0.7258
vn 0.7258 -0.1872 -0.6619
vn -0.7259 -0.1872 -0.6619
vn -0.7070 -0.0095 -0.7072
vn -0.9939 0.1012 -0.0439
vn -0.0150 -0.9999 0.0003
vn -0.1848 -0.7253 0.6631
vn -0.1848 -0.6631 0.7253
vn -0.0150 -0.0003 0.9999
vn -0.7070 -0.7072 0.0108
vn 0.1848 -0.9818 -0.0440
vn 0.0150 -0.7072 -0.7068
vn 0.0150 -0.7068 -0.7072
vn 0.1848 -0.0440 -0.9818
vn -0.0150 0.0003 0.9999
vn -0.1848 0.6631 0.7253
vn -0.1848 0.7253 0.6631
vn -0.0150 0.9999 0.0003
vn 0.7069 0.7072 0.0108
vn 0.1848 0.0440 -0.9818
vn 0.0150 0.7068 -0.7072
vn 0.0150 0.7072 -0.7068
vn 0.1848 0.9818 -0.0440
vn -0.3615 -0.8918 0.2720
vn 0.2473 -0.9218 0.2984
vn -0.5716 -0.6013 0.5584
vn 0.3158 -0.9158 0.2480
vn -0.2473 -0.9218 0.2984
vn 0.3615 -0.8918 0.2720
vn 0.7523 -0.4926 0.4375
vn 0.7640 0.2783 0.5821
vn 0.9805 -0.1839 -0.0694
vn 0.0595 0.1376 0.9887
vn 0.8146 -0.0243 0.5796
vn 0.8153 0.2445 0.5248
vn 0.7643 -0.2833 0.5793
vn 0.7493 0.4086 0.5211
vn 0.8024 0.5809 -0.1369
vn -0.0595 0.1835 0.9812
vn 0.2451 0.8085 0.5351
vn 0.1373 0.9820 -0.1293
vn -0.1626 0.0769 0.9837
vn 0.4479 0.4995 0.7415
vn -0.0010 0.7887 0.6147
vn -0.1374 0.9820 -0.1293
vn -0.4808 0.4043 0.7781
vn -0.8024 0.5809 -0.1369
vn -0.7983 0.0125 0.6022
vn -0.9805 -0.1839 -0.0694
vn 0.0769 -0.2399 0.9678
vn -0.6807 -0.0229 0.7322
vn -0.7416 -0.4961 0.4516
vn -0.2828 0.0900 -0.9549
vn 0.2472 -0.9219 -0.2984
vn 0.8116 -0.4534 -0.3685
vn -0.2472 -0.9219 -0.2984
vn 0.5716 -0.6013 -0.5583
vn 0.7283 -0.6851 -0.0106
vn 0.8580 -0.3234 -0.3990
vn -0.0769 -0.2398 -0.9678
vn 0.8024 0.5809 0.1369
vn 0.7643 -0.2834 -0.5793
vn 0.8154 0.2444 -0.5248
vn 0.0836 -0.1692 -0.9820
vn 0.7982 0.0125 -0.6022
vn 0.2861 0.7547 -0.5904
vn -0.2450 0.8084 -0.5351
vn -0.1373 0.9820 0.1293
vn -0.4479 0.4995 -0.7415
vn -0.7643 -0.2834 -0.5793
vn -0.7493 0.4086 -0.5211
vn -0.8024 0.5809 0.1369
vn -0.6632 0.0380 -0.7474
vn -0.5837 0.5507 -0.5966
vn -0.5883 -0.5678 -0.5758
vn 0.8879 0.4494 0.0981
vn 0.3639 0.7758 0.5154
vn 0.2210 0.8529 0.4731
vn 0.1097 0.9706 0.2143
vn -0.2210 0.8529 0.4731
vn -0.4112 0.7189 0.5604
vn -0.1098 0.9706 0.2142
vn -0.7575 0.3420 0.5560
vn -0.5989 0.5674 0.5652
vn -0.4050 0.3244 0.8548
vn -0.4964 -0.1022 0.8621
vn -0.7879 0.0988 0.6079
vn -0.7950 0.4591 0.3964
vn -0.9693 0.2443 0.0261
vn -0.6169 -0.2965 0.7291
vn -0.7519 -0.5160 0.4103
vn -0.8764 -0.3573 0.3230
vn -0.8928 -0.1642 0.4195
vn -0.8224 -0.5686 0.0190
vn -0.2830 -0.6162 0.7350
vn -0.1990 -0.6557 0.7284
vn -0.1610 -0.8860 0.4348
vn -0.3452 -0.8768 0.3347
vn -0.5114 -0.7499 0.4196
vn 0.1990 -0.6557 0.7283
vn 0.2830 -0.6162 0.7350
vn 0.4595 -0.6433 0.6124
vn 0.8224 -0.5686 0.0191
vn 0.5115 -0.7499 0.4196
vn 0.3452 -0.8768 0.3347
vn 0.1611 -0.8860 0.4348
vn 0.6543 -0.2200 0.7236
vn 0.9693 0.2444 0.0262
vn 0.8928 -0.1642 0.4195
vn 0.8763 -0.3573 0.3230
vn 0.7519 -0.5160 0.4103
vn 0.8366 0.4541 -0.3065
vn 0.6382 0.0189 0.7696
vn 0.7950 0.4591 0.3964
vn 0.2209 0.8529 -0.4731
vn 0.3639 0.7759 -0.5154
vn 0.8880 0.4493 -0.0981
vn 0.6052 0.7555 -0.2510
vn 0.1098 0.9706 -0.2142
vn -0.2209 0.8528 -0.4731
vn -0.1097 0.9706 -0.2143
vn -0.3639 0.7758 -0.5154
vn -0.6382 0.0189 -0.7696
vn -0.7156 0.1796 -0.6750
vn -0.8524 0.2403 -0.4645
vn -0.6543 -0.2199 -0.7236
vn -0.7931 -0.0788 -0.6040
vn -0.5424 -0.8398 -0.0236
vn -0.6321 -0.4831 -0.6059
vn -0.4595 -0.6433 -0.6124
vn -0.5114 -0.7498 -0.4198
vn 0.1990 -0.6557 -0.7284
vn 0.0465 -0.7936 -0.6067
vn -0.2871 -0.9575 -0.0270
vn 0.1611 -0.8860 -0.4349
vn 0.3452 -0.8767 -0.3349
vn 0.5114 -0.7498 -0.4198
vn 0.8224 -0.5686 -0.0190
vn 0.6169 -0.2965 -0.7291
vn 0.6321 -0.4831 -0.6059
vn 0.5424 -0.8398 -0.0236
vn 0.8763 -0.3572 -0.3231
vn 0.8927 -0.1641 -0.4196
vn 0.5989 0.5673 -0.5653
vn 0.4050 0.3243 -0.8549
vn 0.7878 0.0987 -0.6079
vn 0.8524 0.2403 -0.4645
vn 0.7576 0.3419 -0.5560
vn 0.3170 -0.6365 0.7031
vn -0.0028 0.0001 1.0000
vn 0.0004 -0.9999 0.0115
vn 0.3829 -0.9237 0.0088
vn 0.6844 -0.7214 0.1054
vn 0.3169 0.9317 0.1775
vn 0.5926 -0.5927 0.5455
vn 0.0088 -0.0139 0.9999
vn 0.9129 -0.4000 0.0806
vn 0.7071 -0.7071 0.0061
vn 0.0730 0.7566 0.6498
vn -0.6508 0.5323 0.5415
vn -0.6507 0.5323 -0.5415
vn 0.9237 0.3829 0.0088
vn 0.7214 0.6844 0.1054
vn 0.6786 -0.0000 -0.7345
vn -0.0026 -0.0001 1.0000
vn -1.0000 -0.0069 0.0033
vn 0.4896 0.4840 0.7253
vn 0.3825 0.9239 0.0088
vn 0.0262 0.9941 0.1053
vn -0.5146 -0.8407 -0.1686
vn -0.4865 -0.4866 0.7256
vn -0.3789 0.8336 0.4019
vn 0.0030 0.6656 0.7463
vn -0.3330 0.3180 0.8877
vn -0.0004 0.9999 0.0115
vn -0.3331 0.3141 -0.8891
vn 0.0030 0.6656 -0.7463
vn 0.0029 0.6656 -0.7463
vn -0.4383 0.8057 -0.3984
vn 0.0837 -0.0101 0.9964
vn 0.0033 -0.6653 0.7466
vn 0.2905 -0.5375 -0.7917
vn -0.4847 0.4846 -0.7282
vn -0.7043 0.7099 -0.0021
vn 0.8158 -0.5348 -0.2202
vn 0.0027 0.0051 1.0000
vn 0.4885 -0.4805 0.7283
vn 0.4885 -0.4805 -0.7283
vn 0.4846 -0.4847 -0.7282
vn -0.6854 0.1390 0.7147
vn -0.7071 -0.7071 -0.0061
vn -0.5926 -0.5927 -0.5455
vn -0.0088 -0.0139 -0.9999
vn 0.6507 0.5323 0.5415
vn -0.6694 -0.7408 -0.0562
vn 0.0562 -0.7408 -0.6694
vn -0.0562 0.7408 -0.6694
vn -0.0440 0.9939 -0.1011
vn -0.6619 -0.7258 0.1872
vn -0.0001 -1.0000 0.0095
vn 0.7259 -0.6619 0.1872
vn 1.0000 -0.0001 0.0095
vn -0.7258 0.6619 0.1872
vn -1.0000 0.0002 0.0095
vn -0.1832 0.6639 0.7250
vn 0.6619 0.7258 0.1872
vn 0.0001 1.0000 0.0095
vn 0.0186 0.7066 -0.7073
vn -0.0002 -0.0095 1.0000
vn -0.7072 -0.0095 0.7070
vn -0.9813 -0.1872 0.0452
vn 0.6619 -0.1872 0.7258
vn 0.0001 -0.0095 1.0000
vn 0.6619 -0.1872 -0.7259
vn 0.7072 -0.0095 -0.7070
vn 0.9813 -0.1872 -0.0452
vn 0.1011 0.0440 0.9939
vn -0.0562 -0.7407 0.6695
vn 0.7408 -0.6694 -0.0562
vn 0.9939 -0.1012 -0.0439
vn -0.1011 0.0440 -0.9939
vn -0.7408 -0.6694 0.0562
vn -0.1011 -0.0440 0.9939
vn -0.7408 0.6694 -0.0562
vn 0.1011 -0.0440 -0.9939
vn -0.0562 0.7407 -0.6695
vn 0.7408 0.6694 0.0562
vn -0.0150 -0.7073 0.7068
vn 0.0002 -0.9999 0.0109
vn -0.0002 0.9999 0.0109
vn -0.0150 0.7073 0.7068
vn 0.1848 0.6631 -0.7254
vn -0.0004 -0.0186 0.9998
vn -0.6640 -0.1830 0.7250
vn -0.7073 -0.0187 0.7066
vn 0.0004 -0.0186 -0.9998
vn -0.7250 -0.1830 -0.6640
vn -0.7067 -0.0187 -0.7073
vn 0.0186 -0.9998 -0.0004
vn 0.7258 -0.6619 0.1872
vn 1.0000 -0.0002 0.0095
vn -0.7259 0.6619 0.1872
vn -1.0000 0.0001 0.0095
vn 0.0186 0.0004 -0.9998
vn 0.1832 0.6639 -0.7250
vn 0.0186 0.9998 -0.0004
vn -0.9939 -0.1012 0.0439
vn 0.0562 -0.7407 -0.6695
vn 0.0562 0.7407 0.6695
vn -0.9814 -0.0449 0.1866
vn -0.7072 -0.7069 0.0109
vn 0.0150 -0.7073 -0.7068
vn -0.1848 0.6631 0.7254
vn 0.0150 0.7073 -0.7068
vn 0.7250 -0.1830 0.6640
vn 0.7067 -0.0187 0.7073
vn 0.6640 -0.1830 -0.7250
vn 0.7073 -0.0187 -0.7066
vn -0.1776 -0.9392 0.2937
vn 0.8116 -0.4533 0.3685
vn 0.5549 -0.7535 0.3525
vn 0.7640 0.2783 0.5822
vn 0.8155 -0.3564 0.4559
vn 0.5883 -0.5676 0.5759
vn 0.8146 -0.0242 0.5796
vn 0.6632 0.0381 0.7474
vn 0.5837 0.5508 0.5965
vn 0.3383 0.9383 -0.0723
vn 0.1373 0.9821 -0.1293
vn -0.0011 0.7887 0.6147
vn -0.2451 0.8084 0.5351
vn -0.1833 -0.0571 0.9814
vn -0.8024 0.5808 -0.1369
vn -0.7494 0.4086 0.5211
vn -0.8156 -0.3564 0.4558
vn -0.8116 -0.4533 -0.3685
vn 0.2473 -0.9218 -0.2984
vn 0.8116 -0.4533 -0.3685
vn 0.5716 -0.6012 -0.5584
vn 0.9805 -0.1838 0.0694
vn 0.9797 0.1502 0.1326
vn 0.0837 -0.1691 -0.9820
vn 0.5016 0.4489 -0.7395
vn 0.1374 0.9820 0.1293
vn 0.2451 0.8085 -0.5351
vn -0.7285 0.6850 -0.0078
vn -0.3383 0.9383 0.0723
vn -0.4351 0.6977 -0.5691
vn -0.2451 0.8084 -0.5351
vn -0.1374 0.9820 0.1294
vn -0.9797 0.1502 0.1326
vn -0.8154 0.2444 -0.5248
vn -0.9805 -0.1838 0.0694
vn 0.3639 0.7758 0.5155
vn 0.4113 0.7188 0.5605
vn 0.1097 0.9706 0.2142
vn 0.4107 0.8910 0.1938
vn 0.6052 0.7555 0.2509
vn -0.2209 0.8529 0.4731
vn -0.3638 0.7758 0.5155
vn -0.6052 0.7555 0.2509
vn -0.4107 0.8910 0.1938
vn -0.7950 0.4590 0.3965
vn -0.5424 -0.8398 0.0238
vn -0.7520 -0.5160 0.4102
vn -0.8764 -0.3572 0.3230
vn -0.8224 -0.5685 0.0191
vn -0.2831 -0.6161 0.7350
vn -0.1990 -0.6556 0.7284
vn -0.0465 -0.7936 0.6067
vn -0.1611 -0.8860 0.4348
vn -0.5115 -0.7499 0.4196
vn -0.2871 -0.9575 0.0271
vn 0.0466 -0.7935 0.6067
vn 0.5114 -0.7499 0.4195
vn 0.3452 -0.8769 0.3346
vn 0.1610 -0.8861 0.4347
vn 0.6169 -0.2964 0.7291
vn 0.8764 -0.3573 0.3230
vn 0.6382 0.0189 0.7697
vn 0.7157 0.1796 0.6750
vn 0.7950 0.4590 0.3965
vn 0.8524 0.2402 0.4644
vn 0.3639 0.7758 -0.5154
vn 0.6613 0.6028 -0.4466
vn 0.6052 0.7554 -0.2511
vn 0.4107 0.8909 -0.1940
vn -0.4107 0.8909 -0.1940
vn -0.6052 0.7554 -0.2511
vn -0.8880 0.4493 -0.0980
vn -0.6613 0.6028 -0.4466
vn -0.3639 0.7758 -0.5155
vn -0.9582 -0.1780 -0.2238
vn -0.6382 0.0188 -0.7697
vn -0.7157 0.1797 -0.6750
vn -0.7950 0.4590 -0.3965
vn -0.8524 0.2402 -0.4645
vn -0.7878 0.0987 -0.6080
vn -0.8928 -0.1642 -0.4196
vn -0.7519 -0.5160 -0.4103
vn -0.5425 -0.8397 -0.0237
vn -0.6322 -0.4829 -0.6059
vn -0.6169 -0.2964 -0.7291
vn -0.8225 -0.5685 -0.0190
vn -0.5114 -0.7498 -0.4197
vn -0.3452 -0.8768 -0.3348
vn -0.1990 -0.6557 -0.7283
vn 0.1990 -0.6557 -0.7283
vn 0.5114 -0.7498 -0.4197
vn 0.2831 -0.6161 -0.7350
vn 0.6322 -0.4830 -0.6059
vn 0.7519 -0.5160 -0.4103
vn 0.8764 -0.3572 -0.3231
vn 0.8928 -0.1642 -0.4195
vn 0.7931 -0.0788 -0.6040
vn 0.4049 0.3244 -0.8549
vn 0.4964 -0.1022 -0.8621
vn 0.9980 0.0409 0.0486
vn -0.0262 -0.9941 0.1054
vn -0.0012 -0.8715 0.4905
vn 0.0003 -0.9999 0.0115
vn 0.6711 -0.4975 -0.5496
vn -0.0012 -0.8715 -0.4905
vn -0.0023 -0.8715 -0.4904
vn 0.3170 0.6361 0.7035
vn -0.0027 0.8723 0.4889
vn 0.6724 0.5011 -0.5448
vn 0.7072 -0.7070 -0.0061
vn 0.6396 -0.1496 0.7540
vn 0.5926 -0.5926 0.5456
vn 0.0087 -0.0138 -0.9999
vn 0.5926 -0.5926 -0.5456
vn 0.5683 -0.8195 -0.0740
vn -0.5953 0.5910 -0.5444
vn 0.0687 0.7607 -0.6454
vn 0.5500 -0.2919 0.7825
vn 0.0033 -0.0065 1.0000
vn 0.9284 0.3627 0.0806
vn -0.6779 -0.0067 -0.7351
vn -0.0228 -0.1216 -0.9923
vn 0.4866 0.4866 0.7256
vn 0.0041 -0.0014 1.0000
vn -0.7034 -0.7108 0.0020
vn 0.0031 1.0000 0.0001
vn -0.0000 0.6655 -0.7464
vn -0.3789 0.3037 -0.8742
vn 0.2906 -0.5375 0.7917
vn -0.7043 0.7099 0.0021
vn -0.4821 0.4874 -0.7281
vn -0.7043 0.7099 -0.0022
vn 0.4846 -0.4846 0.7282
vn 0.5995 -0.1651 0.7832
vn -0.6736 -0.0002 0.7391
vn -0.6739 0.0061 0.7388
vn -0.6739 0.0061 -0.7388
vn -0.6855 0.1389 -0.7147
vn -0.0087 -0.0138 0.9999
vn -0.5926 -0.5926 0.5456
vn -0.7072 -0.7070 -0.0061
vn -0.7072 -0.7070 0.0061
vn -0.5926 -0.5926 -0.5456
vn -0.0687 0.7607 0.6454
vn -0.0729 0.7565 -0.6499
vn 0.5953 0.5910 -0.5444
vn 0.7091 0.7051 0.0071
vn -0.7408 0.0563 0.6694
vn -0.4331 -0.6514 0.6230
vn -0.9939 0.0440 0.1011
vn -0.6695 -0.7407 -0.0562
vn -0.0562 -0.7408 0.6694
vn -0.0440 -0.9939 0.1011
vn 0.7407 -0.6695 -0.0562
vn -0.0439 -0.1010 -0.9939
vn 0.7407 0.0563 -0.6694
vn 0.4331 -0.6514 -0.6230
vn 0.0562 0.7408 0.6694
vn 0.7408 -0.0563 0.6694
vn 0.4331 0.6514 0.6230
vn -0.0562 0.6694 0.7408
vn 0.7407 0.6695 0.0562
vn -0.9939 -0.0440 -0.1012
vn -0.6695 0.7407 0.0562
vn -0.7408 -0.0563 -0.6694
vn -0.4331 0.6514 -0.6230
vn -0.0186 -0.0004 0.9998
vn 0.0186 -0.7067 -0.7072
vn 0.1832 -0.0433 -0.9821
vn -0.0186 0.0004 0.9998
vn 0.1832 0.0433 -0.9821
vn 0.0186 0.7067 -0.7072
vn 0.0439 -0.1012 0.9939
vn -0.7408 0.0562 0.6694
vn -0.0439 -0.1012 -0.9939
vn 0.7408 0.0562 -0.6694
vn 0.7408 -0.0562 0.6694
vn -0.7408 -0.0562 -0.6694
vn -0.0150 -0.7068 0.7073
vn -0.1848 -0.0439 0.9818
vn 0.1848 -0.6632 -0.7253
vn 0.0150 -0.0004 -0.9999
vn -0.1848 0.0439 0.9818
vn -0.0150 0.7068 0.7073
vn 0.0150 0.0004 -0.9999
vn 0.1848 0.6632 -0.7253
vn 0.0439 -0.1010 0.9939
vn -0.7407 0.0563 0.6694
vn 0.7408 0.0563 -0.6694
vn 0.9939 0.0440 -0.1011
vn 0.6695 -0.7407 0.0562
vn 0.0440 -0.9939 -0.1011
vn -0.7407 -0.6695 0.0562
vn 0.0440 0.9939 0.1011
vn -0.7407 0.6695 -0.0562
vn 0.9939 -0.0440 0.1012
vn 0.6695 0.7407 -0.0562
vn 0.0562 0.6694 -0.7408
vn -0.0186 -0.7067 0.7072
vn -0.1832 -0.0433 0.9821
vn 0.0186 -0.0004 -0.9998
vn -0.1832 0.0433 0.9821
vn -0.0186 0.7067 0.7072
vn 0.0002 -0.0095 -1.0000
vn -0.1848 -0.6632 0.7253
vn -0.0150 -0.0004 0.9999
vn 0.0150 -0.7068 -0.7073
vn 0.1848 -0.0439 -0.9818
vn -0.0150 0.0004 0.9999
vn -0.1848 0.6632 0.7253
vn 0.1848 0.0439 -0.9818
vn 0.0150 0.7068 -0.7073
vn 0.3381 -0.1726 0.9251
vn -0.2473 -0.9219 0.2984
vn 0.3614 -0.8918 0.2721
vn 0.6971 -0.7153 0.0482
vn 0.5883 -0.5677 0.5759
vn 0.8145 -0.0242 0.5796
vn -0.2861 0.7547 0.5904
vn -0.1626 0.0768 0.9837
vn 0.4479 0.4995 0.7416
vn -0.1373 0.9820 -0.1293
vn -0.7643 -0.2834 0.5793
vn -0.7982 0.0125 0.6022
vn -0.7640 0.2783 0.5822
vn -0.6807 -0.0230 0.7322
vn -0.7415 -0.4962 0.4516
vn -0.3614 -0.8918 -0.2721
vn -0.5549 -0.7535 -0.3525
vn 0.3615 -0.8918 -0.2720
vn -0.3381 -0.1726 -0.9251
vn 0.7283 -0.6852 -0.0107
vn 0.5240 -0.5945 -0.6099
vn -0.0769 -0.2399 -0.9678
vn 0.6807 -0.0229 -0.7322
vn 0.7416 -0.4961 -0.4516
vn 0.5017 0.4489 -0.7395
vn 0.1373 0.9820 0.1293
vn 0.0010 0.7887 -0.6147
vn -0.8154 0.2445 -0.5248
vn -0.6632 0.0381 -0.7474
vn -0.5837 0.5508 -0.5965
vn -0.0595 0.1376 -0.9887
vn -0.5883 -0.5677 -0.5759
vn -0.8145 -0.0242 -0.5796
vn 0.4112 0.7189 0.5605
vn 0.4106 0.8910 0.1938
vn -0.3639 0.7759 0.5154
vn -0.8880 0.4493 0.0981
vn -0.4106 0.8910 0.1938
vn -0.4050 0.3243 0.8549
vn -0.7879 0.0986 0.6079
vn -0.8524 0.2402 0.4645
vn -0.8225 -0.5685 0.0190
vn -0.4596 -0.6432 0.6124
vn -0.0465 -0.7935 0.6067
vn -0.1610 -0.8861 0.4347
vn -0.3452 -0.8768 0.3346
vn -0.5114 -0.7500 0.4195
vn -0.2871 -0.9575 0.0270
vn 0.0465 -0.7935 0.6067
vn 0.2831 -0.6161 0.7350
vn 0.8225 -0.5685 0.0190
vn 0.5114 -0.7499 0.4196
vn 0.3452 -0.8768 0.3346
vn 0.5425 -0.8397 0.0237
vn 0.6322 -0.4829 0.6059
vn 0.6543 -0.2199 0.7236
vn 0.8365 0.4542 -0.3065
vn 0.7951 0.4590 0.3965
vn 0.8524 0.2402 0.4645
vn 0.7879 0.0986 0.6079
vn -0.0343 0.9947 -0.0969
vn 0.4112 0.7189 -0.5604
vn 0.0343 0.9947 -0.0969
vn -0.1098 0.9706 -0.2144
vn -0.4107 0.8909 -0.1941
vn -0.6053 0.7553 -0.2511
vn -0.6613 0.6027 -0.4466
vn -0.7951 0.4590 -0.3965
vn -0.7879 0.0986 -0.6079
vn -0.8928 -0.1642 -0.4195
vn -0.7520 -0.5160 -0.4103
vn -0.5425 -0.8398 -0.0237
vn -0.2831 -0.6161 -0.7350
vn -0.5114 -0.7499 -0.4196
vn -0.3452 -0.8768 -0.3347
vn -0.1610 -0.8860 -0.4348
vn -0.0465 -0.7935 -0.6067
vn 0.0465 -0.7935 -0.6067
vn 0.3453 -0.8767 -0.3349
vn 0.8224 -0.5686 -0.0189
vn 0.6322 -0.4829 -0.6059
vn 0.5424 -0.8398 -0.0238
vn 0.8764 -0.3573 -0.3230
vn 0.4964 -0.1023 -0.8621
vn 0.7879 0.0986 -0.6079
vn 0.8524 0.2402 -0.4644
vn 0.7950 0.4590 -0.3965
vn 0.3170 -0.6366 0.7031
vn -0.0028 -0.0001 1.0000
vn -0.0013 0.8723 -0.4890
vn 0.5926 -0.5927 -0.5456
vn 0.5870 -0.5918 -0.5526
vn -0.5953 0.5911 -0.5443
vn 0.5500 -0.2920 0.7824
vn 0.4895 0.4840 -0.7253
vn -0.7034 -0.7108 -0.0020
vn -0.3790 0.8336 0.4018
vn 0.5348 -0.8158 -0.2202
vn 0.2906 -0.5375 0.7916
vn 0.0035 -0.6653 0.7465
vn -0.4385 -0.8052 0.3993
vn 0.0034 -1.0000 -0.0001
vn -0.0000 -0.6653 -0.7465
vn 0.0836 -0.0102 -0.9964
vn 0.0823 0.1199 0.9894
vn 0.5995 -0.1652 0.7832
vn 0.5953 0.5911 0.5443
vn -0.0730 0.7566 -0.6498
vn 0.6507 0.5323 -0.5414
vn 0.7090 0.7051 0.0072
vn -0.4331 -0.6514 0.6229
vn 0.4331 -0.6514 -0.6229
vn 0.9939 0.0440 -0.1012
vn 0.1012 -0.9939 0.0439
vn -0.0562 -0.6694 -0.7408
vn 0.0439 0.9939 0.1012
vn 0.4331 0.6514 0.6229
vn 0.6694 0.7408 -0.0562
vn -0.4331 0.6514 -0.6229
vn 0.6694 -0.7408 0.0562
vn -0.9939 -0.0440 -0.1011
vn -0.1012 -0.9939 -0.0439
vn 0.0562 -0.6694 0.7408
vn -0.9939 -0.1012 0.0440
vn -0.6695 0.0561 -0.7407
vn -0.0439 0.9939 -0.1012
vn 0.9939 -0.0440 0.1011
vn -0.6694 0.7408 0.0562
vn -0.8116 -0.4534 0.3685
vn 0.2473 -0.9219 0.2984
vn -0.3158 -0.9158 0.2480
vn 0.3382 -0.1727 0.9251
vn -0.1777 -0.9392 0.2939
vn 0.8116 -0.4533 0.3684
vn 0.5548 -0.7536 0.3526
vn 0.9398 -0.3364 -0.0597
vn 0.7523 -0.4926 0.4376
vn 0.5883 -0.5678 0.5758
vn 0.8145 -0.0244 0.5796
vn 0.9797 0.1502 -0.1326
vn 0.8153 0.2445 0.5249
vn 0.3517 0.7430 0.5694
vn 0.6633 0.0381 0.7474
vn 0.1373 0.9820 -0.1294
vn -0.1374 0.9820 -0.1294
vn -0.6516 0.7578 0.0341
vn -0.2708 0.7940 0.5443
vn -0.5432 0.5900 0.5974
vn -0.0836 -0.1692 0.9820
vn 0.0768 -0.2399 0.9678
vn -0.8116 -0.4534 -0.3685
vn -0.2828 0.0900 -0.9550
vn -0.0183 -0.8668 -0.4983
vn -0.5548 -0.7536 -0.3526
vn -0.3158 -0.9158 -0.2480
vn 0.3158 -0.9158 -0.2480
vn -0.3381 -0.1728 -0.9251
vn 0.1777 -0.9392 -0.2939
vn 0.9805 -0.1838 0.0695
vn 0.5239 -0.5946 -0.6099
vn 0.7415 -0.4960 -0.4517
vn 0.8024 0.5809 0.1370
vn 0.8153 0.2444 -0.5249
vn 0.7982 0.0124 -0.6023
vn 0.1374 0.9820 0.1294
vn -0.2861 0.7547 -0.5903
vn 0.2708 0.7940 -0.5443
vn 0.1832 -0.0570 -0.9814
vn 0.0389 0.6545 -0.7551
vn 0.5431 0.5901 -0.5973
vn -0.4351 0.6977 -0.5692
vn -0.1374 0.9820 0.1293
vn -0.8153 0.2445 -0.5249
vn -0.8024 0.5808 0.1370
vn -0.7639 0.2784 -0.5821
vn -0.8156 -0.3563 -0.4559
vn -0.9805 -0.1838 0.0695
vn -0.0596 0.1375 -0.9887
vn 0.3638 0.7759 0.5154
vn 0.4112 0.7189 0.5604
vn -0.0343 0.9947 0.0968
vn 0.1098 0.9706 0.2144
vn 0.4107 0.8909 0.1941
vn 0.6053 0.7553 0.2511
vn 0.0343 0.9947 0.0968
vn -0.4112 0.7190 0.5604
vn -0.6612 0.6029 0.4466
vn -0.6053 0.7553 0.2511
vn -0.4107 0.8909 0.1941
vn -0.1099 0.9706 0.2144
vn -0.7575 0.3419 0.5561
vn -0.5988 0.5673 0.5653
vn -0.4050 0.3244 0.8549
vn -0.4963 -0.1023 0.8621
vn -0.7878 0.0988 0.6080
vn -0.8523 0.2403 0.4645
vn -0.7931 -0.0788 0.6040
vn -0.6543 -0.2199 0.7235
vn -0.6170 -0.2963 0.7291
vn -0.6322 -0.4829 0.6060
vn -0.5425 -0.8397 0.0237
vn -0.8763 -0.3572 0.3232
vn -0.8927 -0.1642 0.4196
vn -0.4595 -0.6433 0.6123
vn -0.2831 -0.6162 0.7349
vn 0.2871 -0.9575 0.0269
vn -0.1611 -0.8859 0.4349
vn -0.3452 -0.8767 0.3350
vn -0.5114 -0.7498 0.4198
vn -0.2870 -0.9576 0.0271
vn 0.0466 -0.7935 0.6068
vn 0.4595 -0.6433 0.6123
vn 0.8224 -0.5686 0.0190
vn 0.5114 -0.7499 0.4197
vn 0.3452 -0.8768 0.3348
vn 0.5424 -0.8398 0.0236
vn 0.8927 -0.1641 0.4197
vn 0.8763 -0.3572 0.3232
vn 0.6382 0.0188 0.7697
vn 0.8524 0.2403 0.4645
vn 0.7879 0.0988 0.6079
vn -0.0343 0.9947 -0.0968
vn 0.8880 0.4493 -0.0980
vn 0.4106 0.8910 -0.1939
vn 0.1097 0.9706 -0.2142
vn -0.4112 0.7189 -0.5604
vn 0.0343 0.9947 -0.0968
vn -0.1097 0.9706 -0.2144
vn -0.4106 0.8909 -0.1941
vn -0.8880 0.4494 -0.0980
vn -0.8524 0.2401 -0.4646
vn -0.7878 0.0986 -0.6080
vn -0.8365 0.4541 0.3065
vn -0.6543 -0.2199 -0.7235
vn -0.8927 -0.1640 -0.4198
vn -0.8763 -0.3571 -0.3234
vn -0.7519 -0.5159 -0.4105
vn -0.5114 -0.7499 -0.4197
vn -0.3451 -0.8768 -0.3349
vn -0.1609 -0.8860 -0.4349
vn -0.2871 -0.9575 -0.0269
vn 0.1611 -0.8859 -0.4350
vn 0.4596 -0.6432 -0.6124
vn 0.6170 -0.2964 -0.7291
vn 0.6322 -0.4829 -0.6060
vn 0.5425 -0.8397 -0.0237
vn 0.7518 -0.5161 -0.4104
vn 0.8763 -0.3573 -0.3232
vn 0.8927 -0.1642 -0.4196
vn 0.5989 0.5671 -0.5654
vn 0.4050 0.3241 -0.8550
vn 0.4963 -0.1026 -0.8621
vn 0.7878 0.0985 -0.6081
vn 0.8523 0.2401 -0.4646
vn 0.7950 0.4590 -0.3966
vn 0.7575 0.3420 -0.5561
vn 0.6712 -0.5005 0.5468
vn -0.0028 0.0004 -1.0000
vn -0.0000 -0.8713 -0.4907
vn 0.3169 -0.6349 -0.7046
vn 0.6724 0.4976 0.5480
vn -0.0013 0.8722 0.4891
vn -0.0013 0.8723 -0.4891
vn 0.7071 -0.7071 -0.0061
vn 0.5869 -0.5917 0.5526
vn 0.0087 -0.0139 0.9999
vn 0.9129 -0.4000 0.0807
vn 0.6378 -0.1478 -0.7559
vn -0.5953 0.5911 0.5443
vn -0.6507 0.5323 0.5414
vn -0.7090 0.7051 -0.0072
vn -0.7090 0.7051 0.0072
vn 0.6785 -0.0001 -0.7346
vn -0.0228 -0.1216 0.9923
vn -0.6885 -0.1353 0.7125
vn -1.0000 -0.0069 -0.0033
vn -0.0026 -0.0000 -1.0000
vn 0.8601 0.5041 0.0774
vn 0.4895 0.4841 0.7253
vn 0.5992 0.2668 0.7549
vn 0.4866 0.4865 -0.7256
vn 0.5991 0.2668 -0.7549
vn -0.4865 -0.4867 -0.7256
vn 0.0031 1.0000 -0.0001
vn -0.3789 0.8336 0.4018
vn -0.3330 0.3181 0.8876
vn -0.7044 0.7098 0.0022
vn -0.3861 0.6023 0.6987
vn -0.4821 0.4873 0.7281
vn 0.0823 0.1198 0.9894
vn 0.5995 -0.1651 0.7831
vn 0.7072 -0.7071 0.0021
vn 0.5995 -0.1653 -0.7831
vn -0.7071 -0.7071 0.0061
vn -0.5869 -0.5917 -0.5526
vn -0.0087 -0.0139 -0.9999
vn 0.5906 0.5900 0.5505
vn 0.0110 0.0107 0.9999
vn 0.5905 0.5901 -0.5505
vn 0.7090 0.7052 0.0072
vn 0.6514 -0.4331 0.6229
vn -0.0439 -0.9939 0.1012
vn -0.0440 -0.1011 -0.9939
vn -0.1011 0.0438 -0.9939
vn 0.0563 -0.7409 -0.6693
vn -0.6514 -0.4332 -0.6229
vn -0.6229 0.6515 0.4330
vn -0.1011 -0.0438 0.9939
vn 0.0563 0.7409 0.6693
vn -0.6514 0.4332 0.6229
vn 0.6515 0.6228 0.4331
vn 0.6229 0.6515 -0.4330
vn 0.6514 0.4331 -0.6229
vn -0.0186 -0.9998 0.0004
vn -0.1832 -0.6640 0.7250
vn 0.1832 -0.9821 -0.0433
vn -0.0186 0.9998 0.0004
vn 0.1832 0.9821 -0.0433
vn 0.0451 -0.1871 0.9813
vn 0.0001 -0.0094 -1.0000
vn -0.6619 -0.1872 -0.7258
vn -0.0001 -0.0095 -1.0000
vn 0.0439 -0.1013 0.9939
vn -0.7408 0.0561 0.6694
vn -0.4331 -0.6516 0.6228
vn -0.9939 0.0440 0.1012
vn 0.0562 -0.6695 0.7407
vn -0.6515 -0.6229 0.4330
vn -0.0563 -0.7408 0.6694
vn 0.4331 -0.6229 0.6514
vn 0.9939 -0.1013 -0.0440
vn 0.6229 -0.6516 0.4330
vn 0.4331 -0.6515 -0.6228
vn 0.6229 -0.4331 -0.6514
vn 0.6515 -0.6229 -0.4330
vn -0.9939 -0.1013 0.0439
vn -0.6694 0.0561 -0.7407
vn -0.6229 -0.6516 -0.4330
vn 0.0563 -0.7408 -0.6694
vn -0.6514 -0.4331 -0.6229
vn -0.4331 -0.6230 -0.6514
vn -0.9939 0.1013 -0.0439
vn -0.6694 -0.0561 0.7407
vn -0.6229 0.6516 0.4330
vn 0.0563 0.7408 0.6694
vn -0.4331 0.6230 0.6514
vn 0.4331 0.6515 0.6228
vn 0.6229 0.4331 0.6514
vn -0.0563 0.6694 0.7407
vn 0.9939 0.1013 0.0440
vn 0.6695 -0.0562 -0.7407
vn 0.6229 0.6516 -0.4330
vn -0.0563 0.7408 -0.6694
vn 0.4331 0.6229 -0.6514
vn 0.0563 0.6695 -0.7407
vn -0.6515 0.6230 -0.4330
vn 0.0439 0.1013 -0.9939
vn -0.7408 -0.0561 -0.6694
vn -0.4331 0.6516 -0.6228
vn -0.0150 -0.7069 0.7072
vn -0.7070 -0.7072 0.0109
vn -0.0450 -0.9814 0.1867
vn 0.1847 -0.7254 -0.6631
vn 0.7072 -0.7069 0.0109
vn 0.9814 -0.0449 0.1867
vn -0.7072 0.7069 0.0109
vn -0.9814 0.0449 0.1867
vn -0.0150 0.7069 0.7072
vn 0.7069 0.7072 0.0109
vn 0.0449 0.9814 0.1867
vn 0.1847 0.6632 -0.7253
vn 0.1848 0.7254 -0.6631
vn -0.6640 -0.1832 0.7250
vn -0.7073 -0.0186 0.7066
vn 0.7072 -0.0000 0.7071
vn 0.6640 -0.1832 -0.7250
vn -0.9998 -0.0186 -0.0005
vn -0.7072 -0.0000 -0.7071
vn 0.0440 -0.1011 0.9939
vn 0.1011 0.0438 0.9939
vn -0.0563 -0.7409 0.6693
vn 0.6514 -0.4332 0.6229
vn 0.0439 -0.9939 -0.1012
vn -0.6514 0.4331 0.6229
vn 0.1011 -0.0438 -0.9939
vn -0.0563 0.7409 -0.6693
vn 0.6514 0.4332 -0.6229
vn -0.6515 0.6228 -0.4331
vn -0.1832 -0.9821 0.0433
vn 0.1832 -0.6640 -0.7250
vn -0.1832 0.9821 0.0433
vn -0.0001 -0.0094 1.0000
vn -0.0451 -0.1871 -0.9813
vn -0.4331 -0.6515 0.6228
vn -0.6229 -0.4331 0.6514
vn 0.4331 -0.6230 0.6514
vn 0.9939 -0.1013 -0.0439
vn 0.6694 0.0561 0.7407
vn -0.0439 -0.1013 -0.9939
vn 0.7408 0.0561 -0.6694
vn 0.4331 -0.6516 -0.6228
vn -0.0562 -0.6695 -0.7407
vn -0.9939 -0.1013 0.0440
vn -0.4331 -0.6229 -0.6514
vn -0.9939 0.1013 -0.0440
vn -0.6695 -0.0562 0.7407
vn -0.4331 0.6229 0.6514
vn -0.0439 0.1013 0.9939
vn 0.7408 -0.0561 0.6694
vn 0.4331 0.6516 0.6228
vn -0.0563 0.6695 0.7407
vn 0.6515 0.6230 0.4330
vn 0.9939 0.1013 0.0439
vn 0.6694 -0.0561 -0.7407
vn 0.4331 0.6230 -0.6514
vn -0.6229 0.4331 -0.6514
vn 0.0563 0.6694 -0.7407
vn -0.4331 0.6515 -0.6228
vn -0.1847 -0.7254 0.6631
vn 0.0150 -0.7069 -0.7072
vn -0.1847 0.6632 0.7253
vn -0.1848 0.7254 0.6631
vn 0.0150 0.7069 -0.7072
vn 0.9998 -0.0186 0.0005
vn 0.7073 -0.0186 -0.7066
vn 0.2828 0.0902 0.9549
vn 0.0185 -0.8668 0.4984
vn 0.5549 -0.7535 0.3526
vn 0.0596 0.1375 0.9887
vn 0.4479 0.4994 0.7416
vn -0.0010 0.7886 0.6149
vn -0.4808 0.4043 0.7780
vn -0.0390 0.6544 0.7552
vn -0.8024 0.5808 -0.1370
vn -0.5016 0.4488 0.7395
vn -0.7982 0.0124 0.6023
vn -0.8155 -0.3564 0.4559
vn -0.5240 -0.5946 0.6098
vn -0.6807 -0.0227 0.7322
vn -0.7416 -0.4960 0.4517
vn -0.0184 -0.8668 -0.4982
vn -0.5548 -0.7536 -0.3525
vn 0.8155 -0.3564 -0.4559
vn 0.7640 0.2783 -0.5822
vn 0.7416 -0.4960 -0.4517
vn 0.7982 0.0125 -0.6023
vn 0.6516 0.7578 -0.0341
vn 0.4808 0.4043 -0.7780
vn 0.2708 0.7940 -0.5442
vn 0.0390 0.6545 -0.7551
vn 0.5432 0.5901 -0.5973
vn -0.1373 0.9820 0.1294
vn 0.2210 0.8528 0.4731
vn 0.4108 0.8908 0.1940
vn 0.6053 0.7554 0.2511
vn -0.6052 0.7554 0.2510
vn -0.4106 0.8909 0.1939
vn -0.5989 0.5672 0.5653
vn -0.4963 -0.1024 0.8621
vn -0.8523 0.2402 0.4645
vn -0.0465 -0.7936 0.6066
vn 0.5115 -0.7499 0.4197
vn 0.1610 -0.8860 0.4349
vn 0.6321 -0.4831 0.6059
vn 0.6169 -0.2966 0.7291
vn 0.8927 -0.1642 0.4196
vn 0.8764 -0.3572 0.3231
vn 0.6612 0.6029 -0.4466
vn 0.6052 0.7554 -0.2510
vn 0.4106 0.8909 -0.1939
vn -0.3638 0.7759 -0.5154
vn -0.7157 0.1796 -0.6750
vn -0.6301 0.7417 0.2298
vn -0.8366 0.4541 0.3064
vn -0.8671 0.4226 -0.2635
vn -0.8763 -0.3572 -0.3232
vn -0.2830 -0.6163 -0.7349
vn -0.4595 -0.6433 -0.6123
vn -0.8224 -0.5686 -0.0190
vn -0.5115 -0.7498 -0.4198
vn -0.3452 -0.8767 -0.3350
vn -0.1610 -0.8859 -0.4350
vn 0.2871 -0.9575 -0.0268
vn -0.0465 -0.7936 -0.6066
vn -0.1989 -0.6558 -0.7283
vn 0.1990 -0.6558 -0.7283
vn 0.0465 -0.7936 -0.6066
vn -0.2871 -0.9575 -0.0268
vn 0.3452 -0.8767 -0.3350
vn 0.4595 -0.6433 -0.6123
vn 0.2831 -0.6162 -0.7349
vn 0.6170 -0.2963 -0.7291
vn 0.8763 -0.3572 -0.3232
vn 0.6543 -0.2199 -0.7235
vn 0.8524 0.2402 -0.4645
vn 0.3169 -0.6366 0.7030
vn 0.3169 -0.9314 -0.1791
vn -0.0013 1.0000 -0.0001
vn 0.3169 0.9324 -0.1739
vn 0.5682 -0.8195 0.0740
vn 0.5869 -0.5918 0.5526
vn 0.6396 -0.1498 0.7540
vn 0.5925 -0.5927 0.5455
vn 0.5869 -0.5918 -0.5526
vn -0.6507 0.5324 0.5414
vn -0.5905 0.5901 0.5505
vn -0.7090 0.7052 -0.0072
vn -0.0110 0.0109 -0.9999
vn 0.0687 0.7608 -0.6453
vn 0.0033 -0.0065 -1.0000
vn -0.4383 0.8078 0.3940
vn 0.0030 0.6655 0.7464
vn -0.3330 0.3179 0.8877
vn 0.0029 0.0001 -1.0000
vn -0.3789 0.3039 -0.8741
vn 0.0837 -0.0102 0.9964
vn 0.0033 -0.6653 0.7465
vn 0.0033 -0.6652 -0.7467
vn 0.0836 -0.0100 -0.9964
vn -0.4847 0.4845 0.7282
vn -0.4821 0.4874 0.7281
vn 0.4886 -0.4805 0.7283
vn 0.4846 -0.4847 -0.7281
vn 0.0027 0.0049 -1.0000
vn -0.6736 -0.0002 -0.7391
vn -0.0024 0.0067 1.0000
vn 0.6742 -0.0000 -0.7386
vn -0.5870 -0.5918 0.5525
vn -0.5869 -0.5918 -0.5526
vn 0.0110 0.0109 0.9999
vn -0.0687 0.7608 0.6453
vn -0.0730 0.7566 -0.6497
vn 0.0110 0.0109 -0.9999
vn 0.5953 0.5911 -0.5443
vn 0.6507 0.5324 -0.5414
vn -0.1011 -0.9939 -0.0440
vn 0.1011 0.0442 0.9939
vn -0.0561 -0.7406 0.6696
vn 0.6515 -0.4329 0.6230
vn 0.9939 -0.1012 -0.0440
vn 0.6695 0.0561 0.7407
vn -0.0440 -0.1012 -0.9939
vn 0.7407 0.0561 -0.6695
vn 0.9939 0.0441 -0.1012
vn 0.6695 -0.7407 0.0561
vn 0.6229 -0.4330 -0.6515
vn 0.1011 -0.9939 0.0441
vn 0.6514 -0.6230 -0.4330
vn -0.6515 -0.4330 -0.6229
vn -0.4330 -0.6230 -0.6514
vn -0.9939 0.1012 -0.0440
vn -0.6695 -0.0561 0.7407
vn -0.6515 0.4330 0.6229
vn -0.4330 0.6230 0.6514
vn 0.7407 -0.0561 0.6695
vn 0.9939 -0.0441 0.1012
vn 0.6695 0.7407 -0.0561
vn 0.6229 0.4330 0.6515
vn 0.1011 0.9939 -0.0440
vn -0.0562 0.6695 0.7407
vn 0.6514 0.6230 0.4330
vn 0.9939 0.1012 0.0440
vn 0.6695 -0.0561 -0.7407
vn 0.1011 -0.0442 -0.9939
vn -0.0561 0.7406 -0.6696
vn 0.6515 0.4329 -0.6230
vn -0.6695 0.7407 0.0561
vn -0.1011 0.9939 0.0440
vn 0.0562 0.6695 -0.7407
vn 0.0440 0.1011 -0.9939
vn -0.7407 -0.0563 -0.6694
vn -0.0001 -0.7071 0.7071
vn 0.0184 -0.7067 -0.7072
vn 0.6619 -0.7259 0.1872
vn -0.0002 1.0000 0.0095
vn -0.6619 0.7259 0.1872
vn -0.1834 0.6639 0.7250
vn -0.0001 0.7071 0.7071
vn 0.0184 0.7073 -0.7067
vn -0.6619 -0.1872 0.7259
vn 1.0000 -0.0095 0.0002
vn 1.0000 -0.0095 -0.0002
vn -0.1013 -0.9939 -0.0439
vn 0.1011 0.0437 0.9939
vn 0.6514 -0.4333 0.6228
vn 0.4332 -0.6514 -0.6229
vn 0.4332 0.6514 0.6229
vn 0.1011 -0.0437 -0.9939
vn 0.6514 0.4333 -0.6228
vn -0.1848 0.9818 0.0439
vn 0.0440 -0.1012 0.9939
vn -0.7407 0.0561 0.6695
vn -0.9939 0.0441 0.1012
vn -0.6695 -0.7407 -0.0561
vn -0.6229 -0.4330 0.6515
vn -0.1011 -0.9939 -0.0441
vn -0.6514 -0.6230 0.4330
vn 0.6515 -0.4330 0.6229
vn 0.4330 -0.6230 0.6514
vn 0.1011 -0.9939 0.0440
vn -0.1011 0.0442 -0.9939
vn 0.0561 -0.7406 -0.6696
vn -0.6515 -0.4329 -0.6230
vn -0.1011 -0.0442 0.9939
vn 0.0561 0.7406 0.6696
vn -0.6515 0.4329 0.6230
vn -0.0440 0.1011 0.9939
vn 0.7407 -0.0563 0.6694
vn 0.6515 0.4330 -0.6229
vn 0.4330 0.6230 -0.6514
vn -0.9939 -0.0441 -0.1012
vn -0.6229 0.4330 -0.6515
vn -0.6514 0.6230 -0.4330
vn -0.7407 -0.0561 -0.6695
vn -0.0184 -0.7066 0.7074
vn -0.1832 -0.0431 0.9821
vn 0.0001 -0.7071 -0.7071
vn 0.0002 -1.0000 0.0095
vn -0.1832 0.0431 0.9821
vn -0.0186 0.7066 0.7073
vn -0.0184 0.7073 0.7067
vn 0.0186 0.0003 -0.9998
vn 0.1834 0.6638 -0.7251
vn 0.0001 0.7071 -0.7071
vn -1.0000 -0.0095 0.0002
vn -1.0000 -0.0095 -0.0002
vn -0.4332 -0.6514 0.6229
vn 0.1013 -0.9939 0.0439
vn -0.1011 0.0437 -0.9939
vn -0.6514 -0.4333 -0.6228
vn -0.1011 -0.0437 0.9939
vn -0.6514 0.4333 0.6228
vn -0.4332 0.6514 -0.6229
vn -0.1847 -0.7253 0.6631
vn -0.8116 -0.4533 0.3684
vn 0.3382 -0.1728 0.9251
vn 0.4297 -0.9000 -0.0732
vn 0.2828 0.0903 0.9549
vn 0.0185 -0.8667 0.4984
vn 0.7522 -0.4926 0.4375
vn 0.0595 0.1377 0.9887
vn 0.7494 0.4085 0.5211
vn 0.8024 0.5808 -0.1369
vn 0.3384 0.9382 -0.0723
vn 0.4479 0.4996 0.7415
vn -0.0011 0.7888 0.6147
vn 0.2861 0.7548 0.5903
vn -0.2708 0.7940 0.5442
vn -0.1832 -0.0572 0.9814
vn -0.0391 0.6543 0.7552
vn -0.8025 0.5808 -0.1369
vn -0.7494 0.4085 0.5211
vn -0.8154 0.2444 0.5248
vn -0.5016 0.4489 0.7395
vn 0.0769 -0.2398 0.9678
vn -0.2828 0.0899 -0.9550
vn -0.0183 -0.8669 -0.4982
vn -0.3380 -0.1727 -0.9251
vn 0.5717 -0.6012 -0.5584
vn 0.0836 -0.1691 -0.9820
vn 0.5016 0.4490 -0.7395
vn 0.1831 -0.0571 -0.9814
vn 0.0389 0.6544 -0.7551
vn 0.5431 0.5900 -0.5975
vn -0.3384 0.9382 0.0723
vn -0.4351 0.6976 -0.5692
vn -0.7522 -0.4927 -0.4376
vn -0.7640 0.2783 -0.5822
vn -0.5883 -0.5676 -0.5759
vn 0.8879 0.4495 0.0981
vn 0.6612 0.6029 0.4466
vn -0.6611 0.6029 0.4466
vn -0.8879 0.4495 0.0981
vn -0.1098 0.9706 0.2141
vn -0.9980 0.0410 -0.0485
vn -0.9308 0.3634 -0.0385
vn -0.7575 0.3420 0.5561
vn -0.5990 0.5672 0.5652
vn -0.4051 0.3242 0.8549
vn -0.4964 -0.1025 0.8620
vn -0.7879 0.0987 0.6078
vn -0.8524 0.2403 0.4643
vn -0.7951 0.4591 0.3964
vn -0.6321 -0.4829 0.6060
vn -0.7520 -0.5160 0.4103
vn -0.8928 -0.1641 0.4195
vn -0.8224 -0.5686 0.0191
vn -0.4595 -0.6433 0.6124
vn -0.1990 -0.6558 0.7282
vn -0.0465 -0.7937 0.6066
vn 0.2872 -0.9575 0.0269
vn 0.0466 -0.7936 0.6067
vn 0.2830 -0.6163 0.7349
vn 0.5115 -0.7498 0.4198
vn 0.3453 -0.8767 0.3349
vn 0.1611 -0.8859 0.4349
vn 0.8764 -0.3573 0.3229
vn 0.7520 -0.5160 0.4102
vn 0.6301 0.7417 -0.2298
vn 0.9583 -0.1781 0.2237
vn 0.7157 0.1795 0.6749
vn 0.7951 0.4591 0.3964
vn 0.8525 0.2403 0.4643
vn 0.7879 0.0988 0.6078
vn 0.6051 0.7556 -0.2508
vn 0.4105 0.8910 -0.1938
vn 0.1097 0.9706 -0.2141
vn -0.1097 0.9706 -0.2142
vn -0.4106 0.8910 -0.1940
vn -0.6052 0.7555 -0.2510
vn -0.6381 0.0188 -0.7697
vn -0.7949 0.4591 -0.3966
vn -0.8523 0.2402 -0.4646
vn -0.8927 -0.1640 -0.4197
vn -0.2831 -0.6162 -0.7349
vn -0.3451 -0.8767 -0.3350
vn 0.2872 -0.9575 -0.0268
vn 0.1610 -0.8859 -0.4350
vn 0.6321 -0.4829 -0.6060
vn 0.7519 -0.5159 -0.4105
vn 0.8763 -0.3572 -0.3233
vn 0.8927 -0.1641 -0.4197
vn 0.5990 0.5671 -0.5654
vn 0.4050 0.3240 -0.8550
vn 0.7878 0.0986 -0.6080
vn 0.8523 0.2402 -0.4646
vn 0.7950 0.4591 -0.3966
vn -0.0028 -0.0002 1.0000
vn -0.6507 0.5324 -0.5414
vn -0.0110 0.0107 -0.9999
vn 0.0040 -0.0013 -1.0000
vn 0.4866 0.4867 -0.7255
vn 0.0030 0.6654 0.7465
vn -0.3330 0.3178 0.8877
vn -0.3791 -0.8317 0.4057
vn 0.0035 -1.0000 -0.0001
vn -0.4821 0.4873 -0.7281
vn -0.3860 0.6024 -0.6987
vn 0.4886 -0.4804 0.7284
vn 0.7072 -0.7070 0.0022
vn 0.8917 -0.4261 0.1526
vn 0.8917 -0.4261 -0.1526
vn 0.7072 -0.7070 -0.0021
vn 0.7090 0.7051 -0.0072
vn -0.9939 0.1011 -0.0440
vn -0.1832 -0.7250 0.6640
vn 0.0184 -0.7066 -0.7074
vn 0.1832 -0.0431 -0.9821
vn 0.1832 0.0431 -0.9821
vn 0.1832 0.9821 -0.0431
vn 0.9813 -0.1871 -0.0452
vn -0.6229 -0.4332 0.6514
vn -0.6694 0.0562 -0.7408
vn -0.6229 -0.6515 -0.4330
vn -0.6694 -0.0562 0.7408
vn -0.6229 0.4332 -0.6514
vn 0.1847 -0.7253 -0.6631
vn 0.9939 0.1011 0.0440
vn 0.1832 -0.7250 -0.6640
vn -0.1832 0.9821 0.0431
vn 0.1834 0.6639 -0.7250
vn -0.9813 -0.1871 0.0452
vn 0.6694 0.0562 0.7408
vn 0.6229 -0.6515 0.4330
vn 0.6229 -0.4332 -0.6514
vn 0.6229 0.4332 0.6514
vn 0.6694 -0.0562 -0.7408
vn 0.1848 0.9818 -0.0439
vn -0.4296 -0.9001 -0.0732
vn -0.3614 -0.8918 0.2721
vn -0.8116 -0.4535 0.3684
vn 0.2473 -0.9219 0.2983
vn -0.3158 -0.9158 0.2481
vn 0.3380 -0.1727 0.9252
vn -0.5717 -0.6011 0.5584
vn -0.1778 -0.9391 0.2939
vn -0.2473 -0.9219 0.2983
vn 0.8116 -0.4535 0.3683
vn 0.3613 -0.8919 0.2721
vn 0.4295 -0.9001 -0.0732
vn 0.0183 -0.8668 0.4983
vn 0.5548 -0.7536 0.3527
vn 0.9398 -0.3365 -0.0598
vn 0.9805 -0.1838 -0.0695
vn 0.0596 0.1373 0.9887
vn 0.5883 -0.5680 0.5756
vn 0.8145 -0.0245 0.5796
vn -0.0594 0.1835 0.9812
vn 0.3384 0.9382 -0.0724
vn -0.1625 0.0770 0.9837
vn 0.4480 0.4996 0.7414
vn -0.0009 0.7887 0.6148
vn -0.2451 0.8084 0.5352
vn -0.6515 0.7579 0.0341
vn -0.4808 0.4044 0.7780
vn -0.2707 0.7941 0.5442
vn -0.1832 -0.0570 0.9814
vn -0.0389 0.6545 0.7550
vn -0.5431 0.5901 0.5974
vn -0.9797 0.1502 -0.1326
vn -0.7982 0.0125 0.6023
vn -0.9805 -0.1838 -0.0695
vn 0.0769 -0.2397 0.9678
vn -0.7415 -0.4960 0.4518
vn -0.2827 0.0899 -0.9550
vn -0.0182 -0.8669 -0.4982
vn -0.5547 -0.7536 -0.3526
vn -0.3159 -0.9158 -0.2481
vn 0.3614 -0.8918 -0.2721
vn 0.8116 -0.4534 -0.3684
vn 0.3159 -0.9158 -0.2481
vn -0.3380 -0.1729 -0.9251
vn 0.5717 -0.6012 -0.5583
vn 0.1778 -0.9392 -0.2939
vn 0.8156 -0.3563 -0.4559
vn 0.7639 0.2784 -0.5821
vn 0.5240 -0.5946 -0.6098
vn 0.8580 -0.3235 -0.3991
vn 0.7415 -0.4960 -0.4519
vn 0.7493 0.4087 -0.5211
vn 0.7644 -0.2833 -0.5792
vn 0.9797 0.1502 0.1327
vn 0.7981 0.0125 -0.6024
vn -0.2861 0.7548 -0.5903
vn 0.2708 0.7939 -0.5444
vn 0.1830 -0.0569 -0.9815
vn 0.0388 0.6545 -0.7550
vn 0.5429 0.5901 -0.5975
vn -0.3383 0.9382 0.0724
vn 0.1623 0.0771 -0.9837
vn -0.4481 0.4996 -0.7414
vn 0.0009 0.7887 -0.6148
vn -0.9797 0.1502 0.1327
vn -0.8153 0.2444 -0.5249
vn -0.7643 -0.2833 -0.5792
vn -0.7493 0.4086 -0.5212
vn 0.0594 0.1836 -0.9812
vn -0.6633 0.0382 -0.7474
vn -0.5837 0.5509 -0.5965
vn -0.9398 -0.3365 0.0598
vn -0.7639 0.2784 -0.5822
vn -0.0597 0.1372 -0.9887
vn -0.5883 -0.5680 -0.5756
vn -0.8145 -0.0245 -0.5796
vn 0.8879 0.4495 0.0980
vn 0.6611 0.6029 0.4466
vn 0.3637 0.7760 0.5153
vn 0.4113 0.7189 0.5603
vn 0.1096 0.9706 0.2142
vn 0.4106 0.8909 0.1941
vn 0.6052 0.7555 0.2510
vn 0.0343 0.9947 0.0967
vn -0.2209 0.8529 0.4730
vn -0.4113 0.7190 0.5603
vn -0.3637 0.7760 0.5153
vn -0.8879 0.4495 0.0980
vn -0.6054 0.7552 0.2513
vn -0.4108 0.8907 0.1945
vn -0.1099 0.9705 0.2144
vn -0.9980 0.0409 -0.0486
vn -0.5989 0.5673 0.5653
vn -0.7878 0.0990 0.6079
vn -0.8522 0.2404 0.4646
vn -0.7948 0.4595 0.3965
vn -0.9693 0.2443 0.0260
vn -0.6543 -0.2201 0.7235
vn -0.6321 -0.4830 0.6060
vn -0.7518 -0.5160 0.4104
vn -0.8763 -0.3572 0.3234
vn -0.8927 -0.1642 0.4197
vn -0.4595 -0.6432 0.6125
vn -0.1991 -0.6556 0.7284
vn -0.0465 -0.7935 0.6068
vn 0.2870 -0.9575 0.0270
vn -0.1609 -0.8862 0.4345
vn -0.3450 -0.8770 0.3344
vn -0.5113 -0.7502 0.4192
vn -0.2869 -0.9576 0.0270
vn 0.1991 -0.6556 0.7284
vn 0.7931 -0.0790 0.6040
vn 0.9694 0.2443 0.0261
vn 0.8928 -0.1640 0.4196
vn 0.8763 -0.3571 0.3232
vn 0.7520 -0.5159 0.4104
vn 0.6300 0.7418 -0.2297
vn 0.8365 0.4542 -0.3064
vn 0.7156 0.1797 0.6750
vn 0.7949 0.4592 0.3965
vn 0.7879 0.0987 0.6078
vn -0.0342 0.9947 -0.0967
vn 0.3638 0.7760 -0.5153
vn 0.8879 0.4494 -0.0979
vn 0.6053 0.7553 -0.2514
vn 0.4108 0.8907 -0.1946
vn 0.1099 0.9705 -0.2145
vn -0.1098 0.9705 -0.2146
vn -0.4108 0.8907 -0.1946
vn -0.6053 0.7553 -0.2514
vn -0.8879 0.4494 -0.0979
vn -0.3638 0.7760 -0.5153
vn -0.9582 -0.1779 -0.2238
vn -0.6382 0.0189 -0.7697
vn -0.7156 0.1797 -0.6750
vn -0.7948 0.4593 -0.3967
vn -0.8523 0.2403 -0.4647
vn -0.7931 -0.0787 -0.6040
vn -0.9693 0.2445 -0.0260
vn -0.8926 -0.1640 -0.4200
vn -0.8762 -0.3571 -0.3237
vn -0.7518 -0.5159 -0.4107
vn -0.8224 -0.5686 -0.0188
vn -0.5114 -0.7497 -0.4200
vn -0.3451 -0.8766 -0.3353
vn -0.1609 -0.8859 -0.4351
vn 0.2871 -0.9575 -0.0269
vn -0.0466 -0.7936 -0.6067
vn -0.2872 -0.9575 -0.0268
vn 0.1610 -0.8857 -0.4355
vn 0.3452 -0.8764 -0.3358
vn 0.5114 -0.7495 -0.4203
vn 0.8225 -0.5685 -0.0188
vn 0.6169 -0.2965 -0.7290
vn 0.7517 -0.5161 -0.4106
vn 0.8762 -0.3573 -0.3236
vn 0.8926 -0.1643 -0.4198
vn 0.9693 0.2444 -0.0259
vn 0.7931 -0.0787 -0.6040
vn 0.6544 -0.2199 -0.7235
vn 0.5990 0.5671 -0.5653
vn 0.4050 0.3241 -0.8549
vn 0.7878 0.0989 -0.6079
vn 0.8522 0.2404 -0.4647
vn 0.7948 0.4594 -0.3966
vn 0.9309 0.3633 0.0386
vn 0.3168 -0.9320 0.1759
vn -0.0012 -0.8714 0.4905
vn 0.6713 -0.5004 0.5467
vn -0.0028 0.0001 -1.0000
vn 0.6726 0.4978 0.5476
vn -0.0013 0.8725 0.4887
vn 0.1872 0.9645 0.1861
vn 0.3168 0.9324 -0.1739
vn -0.0013 0.8725 -0.4887
vn 0.6726 0.5012 -0.5445
vn 0.5683 -0.8194 0.0741
vn 0.7072 -0.7070 -0.0060
vn 0.5870 -0.5917 0.5525
vn 0.6397 -0.1500 0.7539
vn 0.5926 -0.5928 0.5454
vn 0.0088 -0.0140 0.9999
vn 0.0088 -0.0141 -0.9999
vn 0.5925 -0.5929 -0.5454
vn 0.6378 -0.1483 -0.7558
vn 0.5870 -0.5917 -0.5525
vn 0.7072 -0.7070 0.0060
vn 0.5683 -0.8194 -0.0741
vn 0.0730 0.7567 0.6497
vn -0.5954 0.5910 0.5443
vn -0.6508 0.5323 0.5414
vn -0.5906 0.5901 0.5504
vn -0.7091 0.7051 -0.0071
vn -0.7090 0.7052 0.0072
vn -0.5905 0.5902 -0.5504
vn -0.5954 0.5909 -0.5444
vn 0.6786 -0.0000 -0.7346
vn 0.5500 -0.2919 -0.7825
vn 0.9365 -0.3240 -0.1338
vn 0.7071 0.7072 -0.0022
vn 0.4866 0.4865 0.7256
vn 0.0040 -0.0015 1.0000
vn 0.0040 -0.0015 -1.0000
vn 0.4895 0.4841 -0.7252
vn 0.7070 0.7072 0.0022
vn 0.8601 0.5042 -0.0774
vn 0.0502 -0.0645 0.9967
vn -0.4829 -0.4900 0.7258
vn -0.4276 -0.5510 0.7166
vn -0.7034 -0.7107 -0.0019
vn -0.7035 -0.7107 0.0019
vn -0.4866 -0.4866 -0.7256
vn -0.4277 -0.5510 -0.7166
vn 0.0501 -0.0644 -0.9967
vn 0.0031 0.6657 0.7462
vn -0.3331 0.3182 0.8876
vn 0.0029 0.6657 -0.7462
vn -0.4384 0.8057 -0.3984
vn 0.2905 -0.5374 0.7917
vn -0.3790 -0.8338 -0.4015
vn 0.0837 -0.0101 -0.9964
vn -0.4821 0.4874 0.7280
vn 0.0824 0.1200 0.9894
vn -0.9129 0.4000 0.0807
vn 0.0824 0.1199 -0.9894
vn -0.4821 0.4875 -0.7280
vn -0.3861 0.6023 -0.6987
vn -0.7044 0.7098 -0.0021
vn 0.4886 -0.4804 0.7283
vn 0.7072 -0.7070 0.0021
vn 0.0027 0.0051 -1.0000
vn -0.6855 0.1389 0.7147
vn -0.0200 0.1254 0.9919
vn 0.5418 0.2961 -0.7867
vn 0.6743 -0.0000 -0.7385
vn -0.0088 -0.0139 0.9999
vn -0.6378 -0.1481 0.7558
vn -0.5870 -0.5917 0.5525
vn -0.7072 -0.7070 -0.0060
vn -0.5683 -0.8194 0.0741
vn -0.5870 -0.5917 -0.5525
vn -0.6397 -0.1500 -0.7539
vn -0.5926 -0.5928 -0.5454
vn -0.0088 -0.0140 -0.9999
vn 0.5906 0.5901 0.5504
vn 0.6507 0.5324 0.5414
vn 0.0109 0.0108 0.9999
vn -0.0688 0.7609 0.6453
vn 0.5906 0.5901 -0.5504
vn -0.7407 0.0562 0.6695
vn -0.4330 -0.6515 0.6229
vn -0.6230 -0.4329 0.6516
vn -0.1012 -0.9939 -0.0440
vn -0.6515 -0.6228 0.4331
vn 0.1012 0.0438 0.9939
vn -0.0561 -0.7408 0.6694
vn 0.6516 -0.4331 0.6228
vn 0.7408 -0.6694 -0.0561
vn 0.4330 -0.6228 0.6516
vn 0.6228 -0.6516 0.4330
vn -0.0440 -0.1009 -0.9939
vn 0.7407 0.0563 -0.6695
vn 0.4331 -0.6513 -0.6231
vn 0.9939 0.0442 -0.1012
vn 0.6696 -0.7406 0.0561
vn 0.6230 -0.4328 -0.6516
vn -0.1012 0.0438 -0.9939
vn 0.0561 -0.7408 -0.6694
vn -0.6516 -0.4331 -0.6228
vn -0.7408 -0.6694 0.0561
vn -0.4330 -0.6228 -0.6516
vn -0.1012 -0.0438 0.9939
vn 0.0561 0.7408 0.6694
vn -0.6516 0.4331 0.6228
vn -0.7408 0.6694 -0.0561
vn -0.4330 0.6228 0.6516
vn 0.7407 -0.0562 0.6695
vn 0.4330 0.6515 0.6229
vn 0.9939 -0.0442 0.1012
vn 0.6696 0.7406 -0.0561
vn 0.6230 0.4328 0.6516
vn 0.6515 0.6229 0.4330
vn 0.6228 0.6516 -0.4330
vn 0.1012 -0.0438 -0.9939
vn -0.0561 0.7408 -0.6694
vn 0.6516 0.4331 -0.6228
vn -0.0438 0.9939 -0.1013
vn 0.7408 0.6694 0.0561
vn 0.4331 0.6228 -0.6516
vn -0.6695 0.7406 0.0561
vn -0.6229 0.4329 -0.6516
vn -0.1012 0.9939 0.0440
vn -0.6516 0.6228 -0.4331
vn 0.0440 0.1012 -0.9939
vn -0.7407 -0.0560 -0.6695
vn -0.4330 0.6516 -0.6228
vn -0.1833 -0.6638 0.7251
vn 0.0186 -0.7065 -0.7074
vn 0.1831 -0.0431 -0.9821
vn 0.0452 -0.9813 0.1872
vn 0.7070 -0.7072 0.0095
vn -0.0452 0.9813 0.1872
vn -0.7070 0.7072 0.0095
vn -0.0186 0.0003 0.9998
vn -0.1832 0.6638 0.7251
vn -0.1833 0.7250 0.6639
vn 0.9813 0.0452 0.1872
vn 0.7072 0.7070 0.0095
vn 0.0186 0.7066 -0.7074
vn -0.7071 -0.0000 0.7072
vn -0.7071 -0.0095 0.7070
vn 0.7069 -0.0095 0.7072
vn 0.0452 -0.1871 0.9813
vn 0.7070 -0.0000 -0.7072
vn -0.6619 -0.1872 -0.7259
vn -0.0002 -0.0095 -1.0000
vn 0.6515 -0.4331 0.6228
vn 0.6694 0.0561 0.7408
vn 0.6228 -0.6516 0.4331
vn 0.6515 -0.6228 -0.4331
vn -0.6515 -0.4331 -0.6228
vn 0.0438 -0.9939 -0.1012
vn -0.4332 -0.6228 -0.6515
vn -0.6515 0.4331 0.6228
vn 0.6694 -0.0561 -0.7408
vn 0.6515 0.4331 -0.6228
vn 0.0440 0.1009 -0.9939
vn -0.7407 -0.0564 -0.6694
vn -0.4331 0.6513 -0.6231
vn -0.1848 -0.9818 0.0439
vn -0.0150 -0.7073 0.7067
vn -0.0150 -0.7070 0.7071
vn -0.1848 -0.0442 0.9818
vn 0.1848 -0.7254 -0.6631
vn 0.1848 -0.6630 -0.7254
vn 0.0150 -0.0002 -0.9999
vn -0.1848 0.0442 0.9818
vn -0.0150 0.7070 0.7071
vn -0.0150 0.7073 0.7067
vn 0.0150 0.0001 -0.9999
vn 0.1848 0.6630 -0.7255
vn -0.6640 -0.1831 0.7250
vn -0.4330 -0.6515 0.6230
vn -0.9939 0.0442 0.1012
vn -0.6696 -0.7406 -0.0561
vn -0.6230 -0.4328 0.6516
vn 0.7407 0.0560 -0.6695
vn 0.4330 -0.6516 -0.6228
vn 0.6230 -0.4329 -0.6516
vn 0.1012 -0.9939 0.0440
vn -0.6228 -0.6516 -0.4330
vn 0.0438 -0.9939 -0.1013
vn -0.4331 -0.6228 -0.6516
vn -0.6228 0.6516 0.4330
vn 0.6695 0.7406 -0.0561
vn 0.6229 0.4329 0.6516
vn 0.1012 0.9939 -0.0440
vn 0.6516 0.6228 0.4331
vn 0.4330 0.6228 -0.6516
vn -0.9939 -0.0442 -0.1012
vn -0.6696 0.7406 0.0561
vn -0.6230 0.4328 -0.6516
vn -0.6515 0.6229 -0.4330
vn -0.7407 -0.0563 -0.6695
vn -0.1831 -0.0432 0.9821
vn -0.9813 -0.0452 0.1872
vn -0.7072 -0.7070 0.0095
vn 0.1833 -0.6639 -0.7250
vn -0.1831 0.0432 0.9821
vn -0.0186 0.7066 0.7074
vn 0.1833 0.7250 -0.6639
vn -0.7070 -0.0000 0.7072
vn 0.7071 -0.0000 -0.7072
vn 0.7071 -0.0095 -0.7070
vn -0.7069 -0.0095 -0.7072
vn -0.0452 -0.1871 -0.9813
vn 0.7407 0.0564 -0.6694
vn -0.6694 0.0561 -0.7408
vn -0.6228 -0.6516 -0.4331
vn -0.6694 -0.0561 0.7408
vn -0.0438 0.9939 -0.1012
vn 0.4332 0.6228 -0.6515
vn -0.0150 -0.9999 0.0004
vn -0.1848 -0.7253 0.6632
vn -0.1848 -0.6629 0.7255
vn -0.0150 -0.0000 0.9999
vn 0.1848 -0.9818 -0.0439
vn -0.0150 0.0001 0.9999
vn -0.1848 0.6630 0.7255
vn -0.1848 0.7253 0.6632
vn 0.6640 -0.1831 -0.7250
vn -0.3614 -0.8918 0.2722
vn -0.3159 -0.9158 0.2481
vn 0.3379 -0.1729 0.9252
vn -0.5717 -0.6013 0.5582
vn 0.3159 -0.9158 0.2481
vn -0.2472 -0.9219 0.2983
vn 0.3614 -0.8918 0.2722
vn 0.2827 0.0900 0.9550
vn 0.0182 -0.8669 0.4982
vn 0.5547 -0.7536 0.3527
vn 0.7639 0.2785 0.5822
vn 0.8156 -0.3562 0.4559
vn 0.9805 -0.1837 -0.0695
vn 0.0597 0.1372 0.9887
vn 0.7643 -0.2834 0.5792
vn 0.7493 0.4086 0.5212
vn 0.7285 0.6850 0.0078
vn 0.3383 0.9383 -0.0724
vn 0.4351 0.6977 0.5692
vn -0.2861 0.7548 0.5903
vn 0.2450 0.8085 0.5351
vn -0.1623 0.0771 0.9837
vn 0.4481 0.4996 0.7414
vn -0.2450 0.8085 0.5351
vn -0.2709 0.7939 0.5443
vn -0.1831 -0.0571 0.9814
vn -0.0388 0.6544 0.7551
vn -0.5430 0.5900 0.5976
vn -0.7493 0.4087 0.5211
vn -0.3517 0.7432 0.5692
vn -0.7981 0.0124 0.6024
vn -0.9805 -0.1837 -0.0694
vn -0.8156 -0.3563 0.4559
vn -0.7639 0.2784 0.5822
vn -0.8116 -0.4533 -0.3684
vn -0.3615 -0.8917 -0.2722
vn -0.4297 -0.9000 0.0732
vn -0.2827 0.0896 -0.9550
vn -0.0180 -0.8670 -0.4980
vn -0.5546 -0.7537 -0.3526
vn -0.3159 -0.9158 -0.2482
vn 0.4298 -0.9000 0.0732
vn 0.3616 -0.8917 -0.2722
vn 0.8117 -0.4532 -0.3684
vn 0.3158 -0.9158 -0.2482
vn -0.3379 -0.1731 -0.9251
vn 0.5717 -0.6014 -0.5581
vn 0.1777 -0.9392 -0.2937
vn 0.9805 -0.1836 0.0695
vn 0.8156 -0.3562 -0.4560
vn 0.7639 0.2785 -0.5822
vn 0.7283 -0.6851 -0.0107
vn 0.8580 -0.3233 -0.3991
vn -0.0768 -0.2396 -0.9678
vn 0.6807 -0.0226 -0.7322
vn 0.7415 -0.4959 -0.4520
vn 0.8023 0.5810 0.1370
vn 0.7492 0.4088 -0.5211
vn 0.3515 0.7432 -0.5693
vn 0.8154 0.2444 -0.5249
vn 0.9797 0.1501 0.1327
vn 0.0836 -0.1688 -0.9821
vn 0.5015 0.4492 -0.7394
vn 0.7981 0.0128 -0.6025
vn 0.1373 0.9820 0.1295
vn -0.2862 0.7548 -0.5902
vn 0.6517 0.7577 -0.0343
vn 0.4809 0.4040 -0.7781
vn 0.2710 0.7938 -0.5444
vn 0.1830 -0.0572 -0.9815
vn 0.0388 0.6543 -0.7552
vn 0.5429 0.5899 -0.5977
vn -0.7285 0.6850 -0.0077
vn -0.3382 0.9383 0.0725
vn -0.4350 0.6977 -0.5691
vn 0.2861 0.7548 -0.5903
vn -0.1373 0.9820 0.1295
vn 0.1622 0.0771 -0.9837
vn -0.4482 0.4996 -0.7413
vn -0.9797 0.1501 0.1327
vn -0.7643 -0.2835 -0.5792
vn -0.3515 0.7432 -0.5693
vn -0.7492 0.4088 -0.5211
vn -0.8023 0.5810 0.1370
vn 0.0593 0.1834 -0.9812
vn -0.6633 0.0380 -0.7473
vn -0.6970 -0.7154 -0.0481
vn -0.7639 0.2786 -0.5822
vn -0.8156 -0.3561 -0.4560
vn -0.9805 -0.1836 0.0695
vn -0.5883 -0.5681 -0.5755
vn -0.8145 -0.0245 -0.5797
vn 0.8879 0.4494 0.0979
vn 0.3638 0.7760 0.5153
vn 0.2209 0.8528 0.4731
vn -0.0342 0.9947 0.0968
vn 0.1096 0.9706 0.2144
vn 0.4106 0.8909 0.1943
vn 0.6052 0.7554 0.2511
vn 0.0342 0.9947 0.0967
vn -0.4113 0.7189 0.5604
vn -0.8879 0.4495 0.0979
vn -0.6053 0.7553 0.2514
vn -0.4108 0.8907 0.1946
vn -0.1099 0.9705 0.2145
vn -0.9309 0.3633 -0.0386
vn -0.5989 0.5671 0.5654
vn -0.4049 0.3242 0.8549
vn -0.4962 -0.1026 0.8622
vn -0.7877 0.0990 0.6080
vn -0.8521 0.2404 0.4649
vn -0.7947 0.4595 0.3967
vn -0.9693 0.2445 0.0259
vn -0.7931 -0.0787 0.6040
vn -0.6544 -0.2199 0.7235
vn -0.6170 -0.2964 0.7290
vn -0.5424 -0.8398 0.0236
vn -0.7518 -0.5157 0.4108
vn -0.8762 -0.3569 0.3239
vn -0.8926 -0.1638 0.4201
vn -0.0464 -0.7936 0.6067
vn 0.2872 -0.9575 0.0268
vn -0.1610 -0.8858 0.4351
vn -0.3452 -0.8766 0.3353
vn -0.5114 -0.7498 0.4199
vn -0.2871 -0.9575 0.0269
vn 0.0465 -0.7936 0.6066
vn 0.2830 -0.6162 0.7349
vn 0.5115 -0.7497 0.4199
vn 0.3452 -0.8766 0.3352
vn 0.1610 -0.8859 0.4351
vn 0.5423 -0.8398 0.0234
vn 0.6320 -0.4831 0.6059
vn 0.6169 -0.2965 0.7290
vn 0.6543 -0.2199 0.7235
vn 0.7931 -0.0788 0.6040
vn 0.9693 0.2445 0.0260
vn 0.8926 -0.1638 0.4201
vn 0.8762 -0.3569 0.3239
vn 0.7518 -0.5157 0.4109
vn 0.6300 0.7418 -0.2299
vn 0.8365 0.4542 -0.3066
vn 0.9582 -0.1779 0.2238
vn 0.7156 0.1796 0.6751
vn 0.7947 0.4594 0.3967
vn 0.8521 0.2403 0.4649
vn 0.7877 0.0989 0.6081
vn -0.0344 0.9947 -0.0966
vn 0.2207 0.8530 -0.4730
vn 0.4111 0.7191 -0.5603
vn 0.8880 0.4494 -0.0979
vn 0.6052 0.7554 -0.2512
vn 0.4107 0.8908 -0.1945
vn 0.1098 0.9706 -0.2144
vn -0.4112 0.7190 -0.5603
vn -0.2208 0.8529 -0.4731
vn 0.0344 0.9947 -0.0966
vn -0.4106 0.8909 -0.1943
vn -0.6051 0.7555 -0.2511
vn -0.8880 0.4494 -0.0979
vn -0.3639 0.7759 -0.5154
vn -0.9582 -0.1779 -0.2239
vn -0.6381 0.0189 -0.7697
vn -0.7155 0.1796 -0.6751
vn -0.7947 0.4593 -0.3969
vn -0.8521 0.2400 -0.4652
vn -0.7875 0.0986 -0.6083
vn -0.6300 0.7418 0.2299
vn -0.8364 0.4542 0.3067
vn -0.8671 0.4227 -0.2634
vn -0.6544 -0.2199 -0.7235
vn -0.9693 0.2445 -0.0258
vn -0.8925 -0.1640 -0.4203
vn -0.8760 -0.3571 -0.3242
vn -0.7516 -0.5159 -0.4110
vn -0.5424 -0.8398 -0.0234
vn -0.6169 -0.2965 -0.7290
vn -0.2831 -0.6163 -0.7349
vn -0.8225 -0.5685 -0.0187
vn -0.5114 -0.7494 -0.4205
vn -0.3451 -0.8763 -0.3361
vn -0.1609 -0.8856 -0.4357
vn 0.2872 -0.9575 -0.0266
vn -0.0464 -0.7936 -0.6066
vn -0.1989 -0.6558 -0.7282
vn 0.1989 -0.6558 -0.7283
vn 0.0464 -0.7936 -0.6066
vn -0.2873 -0.9575 -0.0267
vn 0.1610 -0.8855 -0.4358
vn 0.3452 -0.8762 -0.3363
vn 0.5114 -0.7493 -0.4206
vn 0.8225 -0.5685 -0.0187
vn 0.2832 -0.6162 -0.7349
vn 0.5424 -0.8398 -0.0235
vn 0.7516 -0.5160 -0.4108
vn 0.8761 -0.3572 -0.3239
vn 0.8925 -0.1642 -0.4200
vn 0.9693 0.2446 -0.0259
vn 0.7931 -0.0786 -0.6040
vn 0.6544 -0.2198 -0.7235
vn 0.5989 0.5669 -0.5656
vn 0.4049 0.3240 -0.8550
vn 0.4960 -0.1028 -0.8622
vn 0.7876 0.0987 -0.6083
vn 0.8520 0.2402 -0.4651
vn 0.7947 0.4594 -0.3969
vn 0.9309 0.3632 0.0386
vn 0.7575 0.3419 -0.5562
vn -0.0012 -1.0000 0.0001
vn 0.3168 -0.9320 0.1760
vn -0.0012 -0.8714 0.4906
vn -0.0000 0.0004 1.0000
vn 0.6713 -0.5004 0.5468
vn 0.6712 -0.4975 -0.5495
vn -0.0012 -0.8715 -0.4904
vn -0.0013 0.8724 0.4887
vn 0.6397 -0.1498 0.7539
vn 0.0088 -0.0139 -0.9999
vn 0.6378 -0.1481 -0.7558
vn 0.5869 -0.5918 -0.5525
vn 0.5682 -0.8195 -0.0741
vn -0.0111 0.0108 0.9999
vn -0.6507 0.5325 0.5414
vn -0.5905 0.5902 0.5505
vn -0.7089 0.7052 -0.0072
vn -0.5905 0.5901 -0.5505
vn -0.6506 0.5325 -0.5414
vn -0.5954 0.5910 -0.5443
vn -0.0111 0.0108 -0.9999
vn 0.0687 0.7609 -0.6453
vn -0.6780 -0.0067 0.7350
vn -0.6787 -0.0002 0.7345
vn -0.6780 -0.0067 -0.7350
vn 0.5992 0.2667 0.7549
vn 0.0501 -0.0645 0.9967
vn -0.4276 -0.5511 0.7166
vn -0.4865 -0.4867 0.7255
vn -0.4828 -0.4900 -0.7258
vn -0.4384 0.8078 0.3941
vn 0.0031 0.6658 0.7462
vn 0.0033 -0.6654 -0.7465
vn 0.0837 -0.0102 -0.9964
vn -0.4821 0.4876 0.7279
vn 0.0012 -0.0010 1.0000
vn 0.0824 0.1201 0.9893
vn 0.0824 0.1200 -0.9894
vn 0.4886 -0.4804 -0.7283
vn -1.0000 0.0066 0.0036
vn 0.5417 0.2960 0.7867
vn 0.9332 0.3292 0.1444
vn -0.7072 -0.7070 0.0060
vn -0.6397 -0.1498 -0.7539
vn 0.7090 0.7052 -0.0072
vn 0.5905 0.5901 0.5505
vn 0.6506 0.5325 0.5414
vn 0.5954 0.5910 0.5443
vn 0.0111 0.0108 0.9999
vn -0.0687 0.7609 0.6453
vn -0.0730 0.7567 -0.6497
vn 0.0111 0.0108 -0.9999
vn 0.5954 0.5910 -0.5443
vn 0.6507 0.5325 -0.5414
vn 0.5905 0.5902 -0.5505
vn 0.7089 0.7052 0.0072
vn -0.7407 0.0560 0.6695
vn -0.4330 -0.6516 0.6228
vn -0.0438 -0.9939 0.1013
vn 0.4331 -0.6228 0.6516
vn -0.0440 0.1009 0.9939
vn 0.7407 -0.0563 0.6695
vn 0.4331 0.6513 0.6231
vn 0.1832 -0.9821 -0.0431
vn 0.0186 -0.7068 -0.7072
vn 0.1831 -0.0433 -0.9821
vn 0.1831 0.0433 -0.9821
vn 0.0186 0.7068 -0.7072
vn 0.0440 -0.1009 0.9939
vn -0.7407 0.0564 0.6694
vn -0.4331 -0.6513 0.6231
vn 0.0438 0.9939 0.1012
vn -0.4332 0.6228 0.6515
vn -0.0440 0.1012 0.9939
vn 0.1848 -0.6630 -0.7255
vn 0.0150 -0.0001 -0.9999
vn -0.7407 0.0563 0.6695
vn 0.0438 0.9939 0.1013
vn -0.4331 0.6228 0.6516
vn 0.7407 -0.0560 0.6695
vn 0.4330 0.6516 0.6228
vn -0.1832 -0.9821 0.0431
vn -0.0186 -0.7068 0.7072
vn -0.1831 -0.0433 0.9821
vn 0.1833 -0.6638 -0.7251
vn -0.1831 0.0433 0.9821
vn -0.0186 0.7068 0.7072
vn 0.1832 0.6638 -0.7251
vn -0.0438 -0.9939 0.1012
vn 0.4332 -0.6228 0.6515
vn 0.7407 -0.0564 0.6694
vn -0.1848 -0.7254 0.6631
vn -0.1848 -0.6630 0.7255
vn -0.0150 -0.0001 0.9999
vn 0.3380 -0.1728 0.9251
vn -0.5717 -0.6012 0.5583
vn 0.4296 -0.9001 -0.0732
vn 0.7639 0.2784 0.5822
vn 0.8156 -0.3563 0.4559
vn 0.9805 -0.1837 -0.0694
vn 0.0596 0.1371 0.9888
vn 0.5882 -0.5681 0.5755
vn 0.8145 -0.0248 0.5796
vn -0.1624 0.0771 0.9837
vn -0.0010 0.7888 0.6147
vn -0.9805 -0.1838 -0.0694
vn 0.0768 -0.2397 0.9678
vn -0.6807 -0.0226 0.7322
vn -0.7416 -0.4959 0.4518
vn -0.3616 -0.8917 -0.2722
vn -0.2826 0.0902 -0.9550
vn -0.0183 -0.8668 -0.4984
vn -0.5548 -0.7535 -0.3529
vn -0.3158 -0.9158 -0.2481
vn -0.2473 -0.9218 -0.2985
vn 0.3158 -0.9158 -0.2481
vn -0.3380 -0.1730 -0.9251
vn 0.5718 -0.6012 -0.5582
vn 0.8156 -0.3561 -0.4560
vn 0.6807 -0.0227 -0.7322
vn 0.8878 0.4496 0.0981
vn 0.3637 0.7760 0.5154
vn 0.4113 0.7188 0.5604
vn -0.0341 0.9947 0.0969
vn 0.1096 0.9707 0.2140
vn 0.4106 0.8910 0.1936
vn 0.6052 0.7556 0.2507
vn -0.2210 0.8528 0.4731
vn -0.7878 0.0987 0.6080
vn -0.8523 0.2402 0.4647
vn -0.7949 0.4592 0.3966
vn -0.9693 0.2444 0.0260
vn -0.6543 -0.2200 0.7235
vn -0.7519 -0.5159 0.4105
vn -0.8763 -0.3571 0.3234
vn -0.8927 -0.1640 0.4198
vn -0.8224 -0.5685 0.0190
vn -0.4596 -0.6431 0.6125
vn -0.2831 -0.6161 0.7351
vn -0.1991 -0.6557 0.7283
vn -0.1610 -0.8859 0.4350
vn -0.3451 -0.8767 0.3351
vn -0.5114 -0.7499 0.4198
vn 0.1991 -0.6557 0.7283
vn 0.4594 -0.6433 0.6125
vn 0.5114 -0.7500 0.4194
vn 0.3451 -0.8769 0.3346
vn 0.1609 -0.8861 0.4347
vn 0.6543 -0.2201 0.7235
vn 0.8763 -0.3573 0.3232
vn 0.7519 -0.5160 0.4104
vn 0.9583 -0.1779 0.2237
vn 0.7949 0.4592 0.3966
vn 0.8523 0.2402 0.4647
vn 0.7878 0.0987 0.6080
vn 0.2209 0.8528 -0.4732
vn 0.4113 0.7189 -0.5604
vn 0.6612 0.6027 -0.4466
vn 0.8880 0.4493 -0.0979
vn 0.6053 0.7553 -0.2515
vn 0.4107 0.8907 -0.1949
vn 0.1098 0.9705 -0.2146
vn -0.2209 0.8528 -0.4732
vn 0.0343 0.9947 -0.0967
vn -0.1096 0.9705 -0.2145
vn -0.4106 0.8908 -0.1947
vn -0.6052 0.7553 -0.2514
vn -0.8880 0.4493 -0.0978
vn -0.6612 0.6027 -0.4466
vn -0.3639 0.7759 -0.5153
vn -0.7155 0.1797 -0.6751
vn -0.7947 0.4594 -0.3967
vn -0.8521 0.2404 -0.4649
vn -0.7877 0.0990 -0.6081
vn -0.8365 0.4542 0.3066
vn 0.1609 -0.8857 -0.4354
vn 0.5114 -0.7496 -0.4203
vn 0.4597 -0.6432 -0.6123
vn 0.6544 -0.2198 -0.7236
vn 0.5990 0.5669 -0.5656
vn 0.4050 0.3239 -0.8551
vn 0.4961 -0.1029 -0.8621
vn 0.7877 0.0988 -0.6081
vn 0.8521 0.2402 -0.4649
vn 0.7947 0.4594 -0.3968
vn 0.7575 0.3419 -0.5561
vn -0.0013 0.8725 -0.4885
vn 0.6726 0.5013 -0.5444
vn 0.0087 -0.0137 0.9999
vn 0.5925 -0.5927 -0.5455
vn 0.5870 -0.5918 -0.5525
vn -0.5954 0.5911 0.5442
vn -0.5906 0.5901 -0.5504
vn -0.0109 0.0108 -0.9999
vn 0.0688 0.7609 -0.6453
vn 0.5501 -0.2920 0.7824
vn 0.8602 0.5040 0.0774
vn -0.4829 -0.4899 -0.7258
vn 0.0029 -0.0002 -1.0000
vn 0.0836 -0.0100 0.9964
vn 0.0035 -0.6654 0.7464
vn 0.0033 -0.6654 -0.7464
vn 0.0837 -0.0103 -0.9964
vn 0.4846 -0.4846 0.7283
vn -0.5869 -0.5918 0.5525
vn -0.5682 -0.8195 0.0741
vn -0.5683 -0.8194 -0.0741
vn 0.0109 0.0108 -0.9999
vn 0.6508 0.5324 -0.5414
vn -0.6229 -0.4330 0.6516
vn 0.7409 -0.6693 -0.0561
vn 0.4331 -0.6227 0.6517
vn 0.6515 -0.6230 -0.4330
vn 0.1011 0.9939 -0.0441
vn 0.7409 0.6693 0.0561
vn 0.4331 0.6227 -0.6517
vn -0.6229 0.4330 -0.6516
vn -0.1833 -0.6639 0.7250
vn 0.1831 0.0432 -0.9821
vn 0.0439 -0.1009 0.9939
vn -0.7408 0.0565 0.6694
vn -0.4332 -0.6512 0.6231
vn -0.6230 -0.4330 0.6515
vn -0.1010 -0.9939 -0.0442
vn 0.0563 -0.6696 0.7406
vn -0.6514 -0.6231 0.4329
vn 0.1012 0.0440 0.9939
vn 0.7408 -0.6693 -0.0562
vn 0.9939 -0.1014 -0.0440
vn 0.6695 0.0560 0.7407
vn 0.6228 -0.6517 0.4330
vn 0.9939 0.0441 -0.1011
vn 0.6230 -0.4330 -0.6514
vn -0.1012 0.0440 -0.9939
vn 0.0437 -0.9939 -0.1013
vn -0.7409 -0.6693 0.0561
vn -0.4333 -0.6227 -0.6516
vn -0.1012 -0.0440 0.9939
vn 0.0437 0.9939 0.1013
vn -0.7409 0.6693 -0.0561
vn -0.4333 0.6227 0.6516
vn 0.9939 -0.0441 0.1011
vn 0.6230 0.4330 0.6514
vn 0.9939 0.1014 0.0440
vn 0.6695 -0.0560 -0.7407
vn 0.6228 0.6517 -0.4330
vn 0.1012 -0.0440 -0.9939
vn -0.6230 0.4330 -0.6515
vn -0.1010 0.9939 0.0442
vn 0.0563 0.6696 -0.7406
vn -0.6514 0.6231 -0.4329
vn -0.7408 -0.0565 -0.6694
vn -0.4332 0.6512 -0.6231
vn -0.7069 -0.7072 0.0109
vn -0.0449 -0.9814 0.1867
vn 0.7257 -0.6622 0.1867
vn 0.9999 -0.0002 0.0108
vn -0.7257 0.6622 0.1867
vn -0.9999 0.0002 0.0108
vn 0.0150 0.0002 -0.9999
vn 0.1847 0.6631 -0.7254
vn -0.6515 -0.6230 0.4330
vn 0.6229 -0.4330 -0.6516
vn -0.4331 -0.6227 -0.6517
vn -0.4331 0.6227 0.6517
vn 0.6229 0.4330 0.6516
vn -0.1011 0.9939 0.0441
vn -0.0186 -0.7074 0.7066
vn 0.0186 0.0006 -0.9998
vn 0.1832 0.6640 -0.7249
vn -0.9939 0.0441 0.1011
vn -0.6230 -0.4330 0.6514
vn -0.0437 -0.9939 0.1013
vn 0.4333 -0.6227 0.6516
vn -0.0439 -0.1009 -0.9939
vn 0.7408 0.0565 -0.6694
vn 0.4332 -0.6512 -0.6231
vn 0.6230 -0.4330 -0.6515
vn 0.1010 -0.9939 0.0442
vn -0.0563 -0.6696 -0.7406
vn 0.6514 -0.6231 -0.4329
vn -0.9939 -0.1014 0.0440
vn -0.6695 0.0560 -0.7407
vn -0.6228 -0.6517 -0.4330
vn -0.7408 -0.6693 0.0562
vn -0.9939 0.1014 -0.0440
vn -0.6695 -0.0560 0.7407
vn -0.6228 0.6517 0.4330
vn 0.7408 -0.0565 0.6694
vn 0.4332 0.6512 0.6231
vn 0.6230 0.4330 0.6515
vn 0.1010 0.9939 -0.0442
vn -0.0563 0.6696 0.7406
vn 0.6514 0.6231 0.4329
vn -0.0437 0.9939 -0.1013
vn 0.4333 0.6227 -0.6516
vn -0.9939 -0.0441 -0.1011
vn -0.6230 0.4330 -0.6514
vn -0.0150 -0.9999 0.0002
vn 0.0150 -0.7073 -0.7067
vn 0.0150 -0.7069 -0.7071
vn 0.1848 -0.0441 -0.9818
vn -0.0150 0.0002 0.9999
vn -0.1847 0.6631 0.7254
vn 0.1848 0.0441 -0.9818
vn 0.0150 0.7069 -0.7071
vn 0.0150 0.7073 -0.7067
vn 0.8116 -0.4535 0.3684
vn 0.5882 -0.5682 0.5755
vn -0.0837 -0.1691 0.9820
vn -0.5016 0.4490 0.7394
vn -0.7982 0.0126 0.6023
vn -0.7415 -0.4961 0.4517
vn -0.2827 0.0900 -0.9550
vn -0.5547 -0.7536 -0.3527
vn 0.2472 -0.9219 -0.2983
vn 0.5717 -0.6013 -0.5582
vn 0.9805 -0.1837 0.0695
vn -0.0770 -0.2399 -0.9677
vn 0.6806 -0.0231 -0.7322
vn 0.7414 -0.4962 -0.4518
vn 0.3516 0.7432 -0.5692
vn 0.0388 0.6544 -0.7551
vn 0.5430 0.5900 -0.5976
vn -0.3382 0.9383 0.0724
vn 0.1623 0.0770 -0.9837
vn -0.4481 0.4995 -0.7414
vn 0.0009 0.7886 -0.6149
vn -0.3516 0.7432 -0.5693
vn -0.7492 0.4087 -0.5211
vn -0.8023 0.5809 0.1370
vn -0.7639 0.2785 -0.5821
vn -0.8156 -0.3562 -0.4559
vn -0.9805 -0.1837 0.0694
vn -0.0596 0.1371 -0.9888
vn -0.5882 -0.5682 -0.5755
vn -0.8145 -0.0248 -0.5797
vn 0.6612 0.6028 0.4467
vn 0.4114 0.7189 0.5604
vn 0.0342 0.9947 0.0968
vn -0.4107 0.8909 0.1942
vn -0.9309 0.3632 -0.0385
vn -0.7575 0.3418 0.5561
vn -0.5988 0.5675 0.5652
vn -0.4050 0.3247 0.8547
vn -0.4963 -0.1021 0.8621
vn -0.7949 0.4593 0.3966
vn -0.6170 -0.2962 0.7291
vn -0.6322 -0.4828 0.6060
vn -0.5426 -0.8397 0.0237
vn -0.7519 -0.5159 0.4106
vn -0.8762 -0.3571 0.3236
vn -0.8926 -0.1640 0.4199
vn -0.0466 -0.7935 0.6067
vn 0.2870 -0.9575 0.0271
vn -0.3452 -0.8768 0.3348
vn 0.6301 0.7417 -0.2297
vn 0.8366 0.4541 -0.3064
vn 0.8672 0.4226 0.2635
vn 0.7156 0.1798 0.6750
vn 0.8524 0.2401 0.4645
vn -0.0342 0.9947 -0.0968
vn 0.3638 0.7759 -0.5153
vn 0.6612 0.6027 -0.4467
vn 0.6053 0.7552 -0.2514
vn 0.4108 0.8907 -0.1947
vn 0.1098 0.9705 -0.2145
vn -0.4108 0.8907 -0.1947
vn -0.6053 0.7552 -0.2515
vn -0.9583 -0.1779 -0.2238
vn -0.7949 0.4592 -0.3966
vn -0.8523 0.2401 -0.4647
vn -0.8926 -0.1640 -0.4199
vn -0.8762 -0.3572 -0.3237
vn -0.5423 -0.8398 -0.0234
vn -0.6320 -0.4832 -0.6059
vn -0.2830 -0.6162 -0.7349
vn -0.5115 -0.7495 -0.4202
vn -0.3452 -0.8765 -0.3355
vn -0.1611 -0.8858 -0.4353
vn 0.2870 -0.9575 -0.0270
vn 0.0466 -0.7935 -0.6068
vn -0.2870 -0.9575 -0.0270
vn 0.1609 -0.8859 -0.4351
vn 0.3452 -0.8766 -0.3353
vn 0.5114 -0.7498 -0.4199
vn 0.7518 -0.5160 -0.4105
vn 0.8762 -0.3574 -0.3234
vn 0.8927 -0.1643 -0.4197
vn 0.9693 0.2445 -0.0261
vn 0.6543 -0.2198 -0.7236
vn 0.4051 0.3241 -0.8549
vn 0.8523 0.2402 -0.4647
vn 0.7949 0.4592 -0.3966
vn 0.9980 0.0408 0.0486
vn 0.7576 0.3419 -0.5561
vn 0.6713 -0.5005 0.5467
vn -0.0028 -0.0003 -1.0000
vn 0.3169 -0.6354 -0.7042
vn 0.6726 0.4979 0.5475
vn -0.0013 0.8726 0.4885
vn -0.0013 0.8722 -0.4892
vn -0.0000 -0.0004 -1.0000
vn 0.6726 0.5010 -0.5447
vn 0.5682 -0.8195 0.0741
vn 0.5869 -0.5918 0.5525
vn 0.5871 -0.5916 -0.5526
vn 0.7073 -0.7069 0.0060
vn 0.5684 -0.8194 -0.0742
vn -0.0110 0.0107 0.9999
vn -0.6508 0.5322 0.5415
vn -0.5907 0.5900 0.5504
vn -0.7091 0.7050 -0.0071
vn -0.6506 0.5325 -0.5413
vn 0.0502 -0.0644 0.9967
vn -0.4276 -0.5511 -0.7166
vn 0.0031 0.6656 0.7463
vn -0.3331 0.3181 0.8876
vn -0.3790 -0.8338 -0.4014
vn 0.2904 -0.5375 -0.7916
vn 0.0034 -0.0001 -1.0000
vn -0.4846 0.4847 0.7281
vn -0.3860 0.6024 0.6987
vn 0.0027 0.0052 1.0000
vn 0.4846 -0.4845 0.7283
vn 0.5995 -0.1651 -0.7832
vn 0.4846 -0.4845 -0.7283
vn 0.0030 -0.0001 -1.0000
vn -0.5684 -0.8194 -0.0741
vn -0.0088 -0.0138 -0.9999
vn 0.6507 0.5325 -0.5413
vn 0.5905 0.5902 -0.5504
vn 0.6230 0.4329 0.6516
vn -0.0186 -0.0003 0.9998
vn 0.0186 -0.7073 -0.7066
vn 0.4332 -0.6515 -0.6229
vn -0.0150 -0.7069 0.7071
vn -0.1848 -0.0441 0.9818
vn 0.0150 -0.9999 -0.0002
vn -0.1848 0.0441 0.9818
vn -0.0150 0.7069 0.7071
vn 0.0150 0.9999 -0.0002
vn -0.6230 0.4329 -0.6516
vn 0.1833 -0.6639 -0.7251
vn -0.1831 0.0434 0.9821
vn -0.4332 -0.6515 0.6229
vn -0.1848 -0.6631 0.7254
vn -0.0150 0.9999 0.0002
vn 0.3158 -0.9158 0.2481
vn 0.0597 0.1370 0.9888
vn 0.5882 -0.5683 0.5754
vn 0.8145 -0.0248 0.5797
vn 0.9797 0.1502 -0.1327
vn 0.8153 0.2444 0.5249
vn 0.7643 -0.2833 0.5792
vn 0.3516 0.7432 0.5693
vn 0.7492 0.4087 0.5211
vn 0.8023 0.5809 -0.1370
vn -0.0593 0.1833 0.9813
vn 0.6633 0.0378 0.7474
vn 0.5838 0.5505 0.5968
vn 0.3382 0.9383 -0.0724
vn 0.4350 0.6977 0.5692
vn -0.0010 0.7888 0.6146
vn -0.7644 -0.2833 0.5792
vn -0.9797 0.1502 -0.1327
vn -0.0836 -0.1693 0.9820
vn -0.5017 0.4488 0.7396
vn -0.9805 -0.1837 -0.0695
vn -0.7639 0.2784 0.5821
vn -0.8580 -0.3235 0.3991
vn 0.0770 -0.2399 0.9677
vn -0.6806 -0.0231 0.7322
vn -0.7414 -0.4962 0.4518
vn 0.3614 -0.8918 -0.2722
vn -0.3379 -0.1729 -0.9252
vn 0.5016 0.4488 -0.7395
vn 0.7981 0.0124 -0.6024
vn 0.2709 0.7939 -0.5443
vn 0.0593 0.1833 -0.9813
vn -0.6633 0.0378 -0.7474
vn -0.5838 0.5505 -0.5968
vn -0.7522 -0.4926 -0.4377
vn -0.7639 0.2785 -0.5822
vn -0.8156 -0.3562 -0.4560
vn -0.9805 -0.1837 0.0695
vn -0.5882 -0.5681 -0.5755
vn -0.8145 -0.0246 -0.5796
vn 0.8879 0.4496 0.0980
vn 0.6610 0.6030 0.4466
vn 0.4114 0.7188 0.5604
vn 0.2209 0.8528 0.4732
vn 0.1099 0.9705 0.2146
vn 0.4109 0.8907 0.1947
vn 0.6054 0.7551 0.2515
vn -0.2209 0.8528 0.4732
vn -0.3638 0.7760 0.5153
vn -0.8879 0.4494 0.0979
vn -0.6052 0.7554 0.2511
vn -0.4106 0.8909 0.1944
vn -0.1097 0.9706 0.2143
vn -0.9980 0.0408 -0.0486
vn -0.4050 0.3242 0.8549
vn -0.7877 0.0987 0.6082
vn -0.8522 0.2402 0.4649
vn -0.7948 0.4593 0.3967
vn -0.9693 0.2445 0.0260
vn -0.6543 -0.2198 0.7236
vn -0.7518 -0.5160 0.4105
vn -0.8762 -0.3573 0.3234
vn -0.8927 -0.1643 0.4197
vn -0.1610 -0.8859 0.4351
vn -0.3452 -0.8766 0.3352
vn -0.5114 -0.7497 0.4199
vn 0.5423 -0.8399 0.0235
vn 0.6169 -0.2966 0.7290
vn 0.7931 -0.0787 0.6040
vn 0.8926 -0.1641 0.4199
vn 0.8762 -0.3572 0.3237
vn 0.7518 -0.5160 0.4107
vn 0.9583 -0.1779 0.2238
vn 0.8523 0.2401 0.4647
vn 0.7878 0.0986 0.6080
vn 0.6611 0.6029 -0.4466
vn 0.8879 0.4495 -0.0980
vn 0.6055 0.7551 -0.2515
vn 0.4110 0.8906 -0.1948
vn 0.1100 0.9705 -0.2147
vn -0.4113 0.7189 -0.5603
vn -0.1099 0.9705 -0.2146
vn -0.4109 0.8907 -0.1947
vn -0.6054 0.7552 -0.2514
vn -0.8879 0.4495 -0.0980
vn -0.6611 0.6029 -0.4466
vn -0.7156 0.1797 -0.6751
vn -0.8521 0.2402 -0.4649
vn -0.7877 0.0987 -0.6081
vn -0.4596 -0.6432 -0.6124
vn -0.5114 -0.7500 -0.4196
vn -0.3450 -0.8768 -0.3348
vn -0.1609 -0.8860 -0.4348
vn 0.8224 -0.5686 -0.0188
vn 0.4596 -0.6433 -0.6123
vn 0.2831 -0.6163 -0.7349
vn 0.6170 -0.2964 -0.7290
vn 0.7519 -0.5158 -0.4107
vn 0.8762 -0.3571 -0.3237
vn 0.8926 -0.1639 -0.4199
vn 0.4050 0.3242 -0.8549
vn 0.4962 -0.1026 -0.8622
vn 0.7877 0.0987 -0.6081
vn 0.8522 0.2402 -0.4649
vn 0.7948 0.4593 -0.3967
vn 0.3829 -0.9238 0.0088
vn -0.0028 0.0002 -1.0000
vn -0.0000 -0.8714 -0.4905
vn 0.3168 -0.6352 -0.7044
vn 0.1888 -0.9640 -0.1875
vn -0.7071 0.7072 -0.0000
vn -0.0033 0.0003 1.0000
vn -0.0000 0.8725 0.4887
vn 0.3169 0.6364 0.7033
vn 0.3169 0.9317 0.1776
vn -0.0013 1.0000 0.0001
vn 0.7071 0.7072 -0.0000
vn -0.0013 0.8722 -0.4891
vn 0.6724 0.5010 -0.5448
vn 0.5870 -0.5918 0.5525
vn 0.6397 -0.1499 0.7539
vn 0.5926 -0.5927 0.5454
vn 0.0688 0.7609 -0.6452
vn 0.9366 -0.3240 0.1337
vn 0.5501 -0.2919 0.7824
vn 0.6786 -0.0001 0.7346
vn -0.4828 -0.4900 0.7258
vn -0.4275 -0.5512 0.7166
vn -0.4864 -0.4868 0.7256
vn -0.7033 -0.7109 0.0020
vn -0.4864 -0.4868 -0.7255
vn -0.4275 -0.5512 -0.7166
vn -0.4828 -0.4898 -0.7259
vn 0.0501 -0.0642 -0.9967
vn 0.0034 -1.0000 -0.0002
vn -0.3790 -0.8337 -0.4016
vn 0.0824 0.1198 0.9894
vn 0.0027 0.0049 1.0000
vn 0.4846 -0.4849 0.7281
vn 0.5995 -0.1654 0.7831
vn 0.5995 -0.1652 -0.7832
vn 0.5417 0.2960 -0.7867
vn -0.0088 -0.0141 0.9999
vn -0.5925 -0.5929 0.5454
vn -0.6378 -0.1483 0.7558
vn -0.6396 -0.1500 -0.7539
vn -0.5925 -0.5928 -0.5454
vn -0.0088 -0.0141 -0.9999
vn 0.5905 0.5902 0.5504
vn 0.6506 0.5325 0.5413
vn 0.0110 0.0106 -0.9999
vn 0.5954 0.5909 -0.5443
vn 0.1831 0.0434 -0.9821
vn 0.1848 -0.6631 -0.7254
vn -0.0186 -0.7073 0.7066
vn 0.0186 -0.0003 -0.9998
vn -0.0150 -0.0002 0.9999
vn 0.3381 -0.1729 0.9251
vn -0.5716 -0.6013 0.5583
vn 0.9398 -0.3364 -0.0598
vn -0.0594 0.1833 0.9813
vn 0.7287 0.6848 0.0078
vn 0.3385 0.9382 -0.0723
vn 0.4352 0.6976 0.5692
vn -0.7643 -0.2833 0.5792
vn -0.0837 -0.1690 0.9821
vn -0.5016 0.4491 0.7394
vn -0.7982 0.0127 0.6023
vn -0.7640 0.2782 0.5821
vn 0.0769 -0.2399 0.9677
vn -0.7415 -0.4962 0.4517
vn -0.8117 -0.4533 -0.3684
vn -0.2826 0.0897 -0.9550
vn -0.0180 -0.8669 -0.4981
vn -0.5546 -0.7537 -0.3527
vn 0.3159 -0.9158 -0.2482
vn -0.3379 -0.1728 -0.9252
vn 0.5719 -0.6010 -0.5583
vn 0.1779 -0.9390 -0.2942
vn 0.7639 0.2784 -0.5822
vn 0.6807 -0.0226 -0.7323
vn 0.8022 0.5811 0.1371
vn 0.7492 0.4089 -0.5211
vn 0.3514 0.7433 -0.5692
vn 0.7643 -0.2834 -0.5792
vn 0.0837 -0.1690 -0.9821
vn 0.5016 0.4490 -0.7394
vn 0.7981 0.0126 -0.6024
vn 0.2449 0.8085 -0.5351
vn -0.2862 0.7548 -0.5903
vn 0.2709 0.7938 -0.5444
vn 0.1830 -0.0570 -0.9815
vn 0.0387 0.6545 -0.7551
vn 0.5428 0.5900 -0.5977
vn 0.1623 0.0768 -0.9837
vn -0.4481 0.4994 -0.7415
vn -0.7492 0.4087 -0.5212
vn -0.6634 0.0378 -0.7473
vn -0.5837 0.5506 -0.5968
vn -0.6970 -0.7155 -0.0481
vn -0.9398 -0.3366 0.0598
vn -0.7521 -0.4927 -0.4376
vn -0.0598 0.1367 -0.9888
vn -0.5882 -0.5685 -0.5752
vn -0.8145 -0.0250 -0.5797
vn 0.1097 0.9706 0.2144
vn 0.4107 0.8908 0.1944
vn 0.6053 0.7553 0.2512
vn 0.0341 0.9947 0.0968
vn -0.2210 0.8528 0.4732
vn -0.4114 0.7188 0.5604
vn -0.6051 0.7556 0.2508
vn -0.4105 0.8910 0.1939
vn -0.1096 0.9707 0.2140
vn -0.7930 -0.0789 0.6040
vn -0.8927 -0.1641 0.4197
vn -0.2869 -0.9576 0.0271
vn 0.0467 -0.7934 0.6069
vn 0.5113 -0.7502 0.4193
vn 0.3450 -0.8770 0.3344
vn 0.1608 -0.8862 0.4344
vn 0.7949 0.4593 0.3966
vn -0.0343 0.9947 -0.0967
vn 0.6613 0.6027 -0.4466
vn 0.6054 0.7551 -0.2518
vn 0.4110 0.8905 -0.1951
vn 0.1099 0.9705 -0.2148
vn -0.4113 0.7190 -0.5603
vn -0.1098 0.9705 -0.2147
vn -0.4109 0.8906 -0.1950
vn -0.6053 0.7552 -0.2516
vn -0.9583 -0.1778 -0.2239
vn -0.6381 0.0190 -0.7697
vn -0.7947 0.4594 -0.3969
vn -0.8520 0.2401 -0.4652
vn -0.7875 0.0988 -0.6083
vn -0.6299 0.7419 0.2299
vn -0.8364 0.4543 0.3067
vn -0.8671 0.4229 -0.2634
vn -0.8925 -0.1641 -0.4201
vn -0.8760 -0.3572 -0.3240
vn -0.7517 -0.5159 -0.4109
vn -0.4597 -0.6432 -0.6124
vn -0.8225 -0.5685 -0.0188
vn -0.5113 -0.7498 -0.4199
vn -0.3450 -0.8767 -0.3353
vn -0.1608 -0.8859 -0.4351
vn -0.0465 -0.7935 -0.6068
vn 0.0465 -0.7935 -0.6068
vn 0.1607 -0.8861 -0.4347
vn 0.3449 -0.8769 -0.3349
vn 0.5112 -0.7501 -0.4195
vn 0.7517 -0.5161 -0.4107
vn 0.8761 -0.3574 -0.3237
vn 0.8926 -0.1644 -0.4198
vn 0.6543 -0.2197 -0.7236
vn 0.5990 0.5667 -0.5656
vn 0.4050 0.3237 -0.8551
vn 0.4961 -0.1031 -0.8621
vn 0.7877 0.0985 -0.6082
vn 0.8521 0.2400 -0.4650
vn 0.7947 0.4592 -0.3969
vn 0.3169 -0.6364 0.7032
vn -0.0000 -0.8714 0.4906
vn -0.0028 0.0003 1.0000
vn -0.0028 -0.0001 -1.0000
vn 0.3168 -0.6354 -0.7042
vn -0.0023 -0.8716 -0.4903
vn -0.0013 0.8725 0.4886
vn -0.0013 0.8724 -0.4888
vn 0.6726 0.5011 -0.5445
vn 0.5684 -0.8194 0.0741
vn 0.0086 -0.0136 -0.9999
vn 0.0730 0.7566 0.6497
vn -0.0110 0.0106 0.9999
vn -0.5954 0.5909 0.5444
vn -0.5906 0.5902 0.5504
vn -0.4865 -0.4865 -0.7257
vn -0.4276 -0.5509 -0.7166
vn 0.0029 0.6657 0.7462
vn 0.0030 0.6654 0.7464
vn -0.3331 0.3179 0.8877
vn -0.3332 0.3143 -0.8889
vn 0.0030 0.6657 -0.7462
vn -0.3791 -0.8316 0.4059
vn 0.0035 -1.0000 0.0001
vn 0.0823 0.1199 -0.9894
vn 0.7072 -0.7071 -0.0021
vn 0.9332 0.3291 -0.1444
vn 1.0000 0.0001 -0.0036
vn 0.5418 0.2960 -0.7867
vn -0.0024 0.0067 -1.0000
vn -0.5871 -0.5916 0.5526
vn -0.7073 -0.7069 -0.0060
vn -0.5684 -0.8194 0.0742
vn -0.5871 -0.5917 -0.5525
vn -0.0087 -0.0137 -0.9999
vn -0.0688 0.7609 0.6452
vn 0.6508 0.5323 -0.5414
vn -0.1832 -0.7249 0.6640
vn 0.0186 -0.7074 -0.7066
vn -0.0186 0.0006 0.9998
vn -0.1832 0.6640 0.7249
vn -0.1833 0.7250 0.6640
vn 0.0186 0.7074 -0.7066
vn 0.1832 0.9821 -0.0430
vn -0.0186 -0.7065 0.7074
vn -0.1831 -0.0431 0.9821
vn 0.1832 -0.7249 -0.6640
vn -0.0186 0.7074 0.7066
vn -0.1832 0.9821 0.0430
vn 0.1833 0.7250 -0.6640
vn -0.1848 -0.6630 0.7254
vn -0.4297 -0.9000 -0.0732
vn -0.3616 -0.8918 0.2720
vn -0.8117 -0.4533 0.3684
vn 0.2471 -0.9219 0.2984
vn -0.3160 -0.9158 0.2479
vn -0.3180 -0.9436 -0.0924
vn 0.3382 -0.1725 0.9251
vn -0.1778 -0.9391 0.2940
vn 0.3180 -0.9436 -0.0924
vn 0.3159 -0.9158 0.2479
vn 0.8115 -0.4535 0.3684
vn 0.3614 -0.8919 0.2719
vn 0.2829 0.0901 0.9549
vn 0.0185 -0.8669 0.4982
vn 0.5549 -0.7537 0.3523
vn 0.6972 -0.7153 0.0482
vn 0.7524 -0.4925 0.4375
vn 0.7640 0.2782 0.5821
vn 0.8155 -0.3566 0.4558
vn 0.9805 -0.1840 -0.0694
vn 0.0595 0.1373 0.9887
vn 0.5882 -0.5680 0.5756
vn 0.8146 -0.0248 0.5795
vn 0.9797 0.1503 -0.1326
vn 0.8154 0.2445 0.5248
vn 0.7644 -0.2832 0.5792
vn 0.3520 0.7429 0.5693
vn 0.7495 0.4083 0.5211
vn 0.8026 0.5807 -0.1368
vn -0.0595 0.1833 0.9813
vn 0.6633 0.0379 0.7474
vn 0.5838 0.5505 0.5967
vn 0.4350 0.6977 0.5691
vn -0.2860 0.7548 0.5903
vn -0.1626 0.0767 0.9837
vn 0.4480 0.4994 0.7416
vn -0.0009 0.7886 0.6149
vn -0.1374 0.9820 -0.1292
vn 0.2860 0.7548 0.5904
vn -0.6514 0.7580 0.0340
vn -0.4808 0.4046 0.7779
vn -0.2706 0.7942 0.5441
vn -0.1834 -0.0570 0.9814
vn -0.0391 0.6545 0.7550
vn -0.5432 0.5901 0.5972
vn -0.8026 0.5807 -0.1369
vn -0.7495 0.4083 0.5211
vn -0.3520 0.7429 0.5693
vn -0.7644 -0.2832 0.5792
vn -0.8154 0.2446 0.5248
vn -0.9797 0.1503 -0.1326
vn -0.5017 0.4491 0.7394
vn -0.7983 0.0127 0.6021
vn -0.9805 -0.1840 -0.0694
vn -0.8155 -0.3566 0.4558
vn -0.7641 0.2781 0.5821
vn -0.8581 -0.3236 0.3988
vn 0.0767 -0.2397 0.9678
vn -0.6808 -0.0226 0.7321
vn -0.7418 -0.4958 0.4516
vn -0.8115 -0.4535 -0.3684
vn -0.3614 -0.8919 -0.2719
vn -0.4295 -0.9001 0.0732
vn -0.2830 0.0896 -0.9549
vn -0.0183 -0.8670 -0.4980
vn -0.5548 -0.7538 -0.3521
vn -0.3180 -0.9436 0.0924
vn -0.3160 -0.9158 -0.2479
vn 0.2471 -0.9219 -0.2984
vn 0.4295 -0.9001 0.0732
vn 0.3613 -0.8919 -0.2719
vn 0.8115 -0.4536 -0.3684
vn 0.3159 -0.9158 -0.2479
vn 0.3180 -0.9436 0.0924
vn -0.3383 -0.1726 -0.9251
vn 0.5715 -0.6013 -0.5584
vn 0.1776 -0.9393 -0.2936
vn 0.9805 -0.1840 0.0694
vn 0.8155 -0.3566 -0.4558
vn 0.7641 0.2781 -0.5821
vn 0.8580 -0.3236 -0.3989
vn -0.0767 -0.2396 -0.9678
vn 0.6808 -0.0224 -0.7321
vn 0.7418 -0.4958 -0.4516
vn 0.8024 0.5808 0.1369
vn 0.7494 0.4085 -0.5211
vn 0.3518 0.7431 -0.5693
vn 0.7644 -0.2832 -0.5792
vn 0.8153 0.2446 -0.5248
vn 0.9797 0.1503 0.1326
vn 0.0837 -0.1689 -0.9821
vn 0.5016 0.4492 -0.7393
vn 0.7982 0.0129 -0.6022
vn 0.1374 0.9821 0.1291
vn 0.2452 0.8084 -0.5352
vn -0.2860 0.7547 -0.5904
vn 0.6514 0.7579 -0.0340
vn 0.4808 0.4046 -0.7779
vn 0.2707 0.7941 -0.5441
vn 0.1833 -0.0572 -0.9814
vn 0.0391 0.6544 -0.7551
vn 0.5433 0.5901 -0.5972
vn -0.7286 0.6849 -0.0079
vn 0.2860 0.7547 -0.5904
vn -0.1374 0.9821 0.1292
vn 0.1627 0.0766 -0.9837
vn -0.4479 0.4994 -0.7416
vn 0.0010 0.7886 -0.6149
vn -0.9797 0.1503 0.1326
vn -0.8153 0.2446 -0.5248
vn -0.7644 -0.2832 -0.5792
vn -0.3518 0.7430 -0.5693
vn -0.7494 0.4085 -0.5211
vn -0.8024 0.5808 0.1369
vn 0.0594 0.1832 -0.9813
vn -0.6633 0.0377 -0.7474
vn -0.5839 0.5504 -0.5968
vn -0.6972 -0.7153 -0.0482
vn -0.9398 -0.3364 0.0597
vn -0.7524 -0.4925 -0.4375
vn -0.7641 0.2781 -0.5821
vn -0.8155 -0.3566 -0.4558
vn -0.9805 -0.1840 0.0694
vn -0.8146 -0.0249 -0.5795
vn 0.8877 0.4499 0.0981
vn 0.6609 0.6032 0.4465
vn 0.3635 0.7761 0.5153
vn 0.4115 0.7187 0.5605
vn 0.2212 0.8527 0.4732
vn -0.0339 0.9947 0.0972
vn 0.1097 0.9707 0.2136
vn 0.4105 0.8912 0.1929
vn 0.6051 0.7558 0.2502
vn 0.0341 0.9947 0.0969
vn -0.2211 0.8529 0.4730
vn -0.4113 0.7188 0.5604
vn -0.3635 0.7761 0.5153
vn -0.6609 0.6032 0.4465
vn -0.8877 0.4498 0.0982
vn -0.6055 0.7552 0.2511
vn -0.4110 0.8908 0.1938
vn -0.1101 0.9706 0.2143
vn -0.9308 0.3634 -0.0384
vn -0.7575 0.3421 0.5560
vn -0.5988 0.5679 0.5647
vn -0.4052 0.3251 0.8545
vn -0.4967 -0.1014 0.8620
vn -0.7882 0.0991 0.6074
vn -0.8525 0.2408 0.4639
vn -0.7950 0.4594 0.3962
vn -0.9694 0.2441 0.0263
vn -0.7930 -0.0793 0.6040
vn -0.6543 -0.2203 0.7235
vn -0.6171 -0.2960 0.7291
vn -0.6323 -0.4827 0.6060
vn -0.5427 -0.8396 0.0239
vn -0.7520 -0.5160 0.4101
vn -0.8764 -0.3573 0.3227
vn -0.8929 -0.1642 0.4193
vn -0.8224 -0.5687 0.0191
vn -0.0467 -0.7935 0.6068
vn 0.2869 -0.9576 0.0273
vn -0.1612 -0.8860 0.4348
vn -0.3454 -0.8767 0.3347
vn -0.5116 -0.7498 0.4197
vn -0.2869 -0.9576 0.0272
vn 0.0467 -0.7935 0.6067
vn 0.2829 -0.6162 0.7350
vn 0.4594 -0.6433 0.6124
vn 0.8224 -0.5686 0.0192
vn 0.5115 -0.7500 0.4193
vn 0.3453 -0.8770 0.3342
vn 0.1611 -0.8862 0.4345
vn 0.5428 -0.8395 0.0239
vn 0.6323 -0.4827 0.6060
vn 0.6171 -0.2960 0.7291
vn 0.6542 -0.2202 0.7236
vn 0.7930 -0.0792 0.6040
vn 0.9694 0.2442 0.0263
vn 0.8929 -0.1643 0.4192
vn 0.8764 -0.3575 0.3227
vn 0.7520 -0.5161 0.4100
vn 0.6303 0.7416 -0.2297
vn 0.8367 0.4540 -0.3063
vn 0.8672 0.4225 0.2636
vn 0.9582 -0.1782 0.2236
vn 0.6383 0.0186 0.7696
vn 0.7157 0.1794 0.6750
vn 0.7950 0.4594 0.3962
vn 0.8525 0.2407 0.4639
vn 0.7882 0.0991 0.6074
vn -0.0341 0.9947 -0.0969
vn 0.2211 0.8528 -0.4731
vn 0.4113 0.7188 -0.5604
vn 0.3635 0.7762 -0.5151
vn 0.6610 0.6031 -0.4465
vn 0.8878 0.4497 -0.0980
vn 0.4106 0.8910 -0.1937
vn 0.1097 0.9707 -0.2140
vn -0.4114 0.7189 -0.5603
vn -0.2208 0.8530 -0.4730
vn -0.1099 0.9706 -0.2141
vn -0.4108 0.8909 -0.1937
vn -0.6054 0.7553 -0.2508
vn -0.8877 0.4499 -0.0981
vn -0.6608 0.6033 -0.4465
vn -0.3635 0.7762 -0.5152
vn -0.9582 -0.1782 -0.2236
vn -0.6383 0.0186 -0.7696
vn -0.7157 0.1794 -0.6750
vn -0.7950 0.4594 -0.3961
vn -0.8525 0.2407 -0.4639
vn -0.7882 0.0991 -0.6074
vn -0.6303 0.7416 0.2297
vn -0.8367 0.4540 0.3063
vn -0.8672 0.4225 -0.2636
vn -0.6542 -0.2204 -0.7235
vn -0.7930 -0.0793 -0.6040
vn -0.9694 0.2440 -0.0263
vn -0.8929 -0.1642 -0.4193
vn -0.8764 -0.3574 -0.3227
vn -0.7520 -0.5161 -0.4101
vn -0.5428 -0.8395 -0.0239
vn -0.6323 -0.4827 -0.6060
vn -0.6171 -0.2960 -0.7291
vn -0.2829 -0.6162 -0.7350
vn -0.4593 -0.6433 -0.6125
vn -0.8224 -0.5686 -0.0192
vn -0.5114 -0.7503 -0.4189
vn -0.3450 -0.8772 -0.3339
vn -0.1609 -0.8863 -0.4342
vn -0.1991 -0.6556 -0.7284
vn 0.1991 -0.6556 -0.7284
vn -0.2870 -0.9575 -0.0271
vn 0.1610 -0.8861 -0.4346
vn 0.3451 -0.8770 -0.3344
vn 0.5115 -0.7501 -0.4193
vn 0.8224 -0.5687 -0.0191
vn 0.4594 -0.6434 -0.6124
vn 0.2830 -0.6162 -0.7350
vn 0.6170 -0.2962 -0.7291
vn 0.6323 -0.4828 -0.6060
vn 0.5426 -0.8396 -0.0240
vn 0.7522 -0.5159 -0.4099
vn 0.8766 -0.3571 -0.3225
vn 0.8930 -0.1640 -0.4192
vn 0.9694 0.2441 -0.0263
vn 0.7931 -0.0792 -0.6040
vn 0.6543 -0.2202 -0.7235
vn 0.5988 0.5679 -0.5647
vn 0.4052 0.3251 -0.8545
vn 0.4967 -0.1014 -0.8620
vn 0.7881 0.0991 -0.6075
vn 0.8525 0.2408 -0.4639
vn 0.7950 0.4594 -0.3962
vn 0.9308 0.3634 0.0384
vn 0.7575 0.3421 -0.5560
vn -0.4001 -0.9129 0.0807
vn -0.0012 -0.8716 0.4902
vn 0.6712 -0.5006 0.5467
vn -0.0012 -1.0000 -0.0001
vn 0.1871 0.9645 0.1861
vn 0.1871 0.9650 -0.1839
vn -0.0027 0.8724 -0.4888
vn 0.6725 0.5010 -0.5447
vn 0.5926 -0.5927 -0.5454
vn 0.6379 -0.1480 -0.7558
vn -0.0110 0.0109 0.9999
vn -0.0109 0.0107 -0.9999
vn 0.9366 -0.3239 0.1338
vn 0.5502 -0.2919 0.7824
vn 0.6787 -0.0001 0.7345
vn 0.6787 -0.0000 -0.7345
vn 0.5501 -0.2919 -0.7824
vn 1.0000 0.0001 0.0036
vn 0.9366 -0.3239 -0.1338
vn -0.6787 -0.0002 0.7344
vn -0.6787 -0.0002 -0.7344
vn 0.8601 0.5042 0.0774
vn 0.7070 0.7072 -0.0021
vn 0.5992 0.2668 0.7548
vn 0.4867 0.4866 0.7255
vn 0.4867 0.4865 -0.7256
vn 0.5992 0.2668 -0.7549
vn 0.4896 0.4841 -0.7252
vn -0.4829 -0.4899 0.7258
vn -0.4865 -0.4868 0.7255
vn -0.7033 -0.7109 -0.0020
vn -0.0013 -0.0012 -1.0000
vn 0.0500 -0.0644 -0.9967
vn -0.3789 0.8336 0.4020
vn 0.0030 0.6657 0.7462
vn -0.3332 0.3182 0.8875
vn 0.0029 -0.0003 -1.0000
vn -0.0000 0.6653 -0.7466
vn -0.3789 0.3035 -0.8742
vn -0.3789 0.8317 -0.4057
vn 0.0035 -0.6653 0.7466
vn -0.3791 -0.8337 -0.4015
vn 0.2905 -0.5373 -0.7918
vn -0.0000 -0.6652 -0.7467
vn 0.0034 0.0002 -1.0000
vn -0.4821 0.4875 0.7280
vn 0.0823 0.1200 -0.9894
vn -0.4821 0.4875 -0.7279
vn 0.0027 0.0054 1.0000
vn 0.4846 -0.4844 0.7283
vn 0.5996 -0.1649 0.7831
vn 0.4885 -0.4806 0.7283
vn 0.7071 -0.7071 0.0020
vn 0.8916 -0.4263 0.1526
vn 0.7071 -0.7071 -0.0020
vn 0.4885 -0.4806 -0.7283
vn 0.4846 -0.4846 -0.7283
vn 0.0026 0.0051 -1.0000
vn 0.0030 -0.0001 1.0000
vn -0.0198 0.1254 0.9919
vn -0.0199 0.1255 -0.9919
vn 0.6736 0.0069 -0.7390
vn 0.5418 0.2961 -0.7866
vn -0.0085 -0.0135 0.9999
vn -0.5926 -0.5924 0.5458
vn -0.6377 -0.1477 0.7560
vn -0.5869 -0.5919 0.5525
vn -0.7070 -0.7071 -0.0061
vn -0.5682 -0.8196 0.0740
vn 0.6508 0.5323 0.5414
vn 0.5953 0.5912 -0.5442
vn 0.0438 -0.1010 0.9939
vn -0.7408 0.0564 0.6693
vn -0.4332 -0.6513 0.6230
vn 0.0563 -0.6695 0.7407
vn 0.6514 -0.4331 0.6230
vn 0.4332 -0.6228 0.6516
vn -0.0438 -0.1013 -0.9939
vn -0.0563 -0.6695 -0.7407
vn -0.1011 0.0435 -0.9939
vn 0.0564 -0.7410 -0.6691
vn -0.6513 -0.4334 -0.6228
vn -0.4332 -0.6228 -0.6516
vn -0.1011 -0.0435 0.9939
vn 0.0564 0.7410 0.6691
vn -0.6513 0.4334 0.6228
vn -0.7408 0.6693 -0.0562
vn -0.4332 0.6228 0.6516
vn -0.0438 0.1013 0.9939
vn 0.7408 0.6693 0.0562
vn 0.4332 0.6228 -0.6516
vn 0.0438 0.1010 -0.9939
vn -0.7408 -0.0564 -0.6693
vn -0.4332 0.6513 -0.6230
vn -0.1832 -0.6641 0.7249
vn -0.0186 -0.0007 0.9998
vn 0.1832 -0.9821 -0.0434
vn 0.0186 -0.7072 -0.7068
vn 0.0186 -0.7069 -0.7071
vn 0.1832 -0.0434 -0.9821
vn -0.0186 0.0007 0.9998
vn -0.0000 0.7073 0.7069
vn -0.1834 0.6640 0.7249
vn 0.1833 0.0434 -0.9821
vn 0.0186 0.7068 -0.7071
vn 0.0186 0.7071 -0.7068
vn 0.1832 0.9821 -0.0434
vn -0.6619 -0.1871 0.7258
vn 0.7258 -0.1870 0.6619
vn 0.7070 -0.0095 0.7071
vn 0.6619 -0.1871 -0.7258
vn 0.7259 -0.1871 -0.6619
vn 0.7072 -0.0001 -0.7071
vn -0.7259 -0.1871 -0.6619
vn -0.7070 -0.0095 -0.7071
vn 0.0438 -0.1009 0.9939
vn -0.7409 0.0565 0.6693
vn -0.9939 0.0438 0.1012
vn -0.6693 -0.7409 -0.0563
vn -0.6228 -0.4332 0.6515
vn 0.7407 -0.6694 -0.0563
vn 0.6694 0.0563 0.7408
vn 0.6229 -0.6514 0.4331
vn -0.0438 -0.1012 -0.9939
vn 0.9939 0.0436 -0.1012
vn 0.6692 -0.7410 0.0563
vn 0.6228 -0.4333 -0.6514
vn -0.6694 0.0563 -0.7407
vn -0.6229 -0.6514 -0.4331
vn -0.6694 -0.0563 0.7407
vn -0.6229 0.6514 0.4331
vn -0.6514 0.4332 0.6230
vn -0.0438 0.1012 0.9939
vn 0.7408 -0.0561 0.6693
vn 0.9939 -0.0436 0.1012
vn 0.6692 0.7410 -0.0563
vn 0.6228 0.4333 0.6514
vn 0.6694 -0.0563 -0.7408
vn 0.6229 0.6514 -0.4331
vn 0.6514 0.4332 -0.6230
vn 0.7407 0.6694 0.0563
vn -0.9939 -0.0438 -0.1012
vn -0.6693 0.7409 0.0563
vn -0.6228 0.4332 -0.6515
vn 0.0438 0.1009 -0.9939
vn -0.7409 -0.0565 -0.6693
vn -0.0150 -0.7066 0.7075
vn -0.1848 -0.0437 0.9818
vn 0.0150 -0.9999 -0.0004
vn 0.1847 -0.7253 -0.6632
vn 0.0150 -0.0000 -0.9999
vn -0.1848 0.0437 0.9818
vn -0.0150 0.7066 0.7075
vn 0.1847 0.6629 -0.7255
vn 0.1848 0.7253 -0.6632
vn 0.0150 0.9999 -0.0004
vn 0.0438 -0.1013 0.9939
vn 0.1011 0.0435 0.9939
vn -0.0564 -0.7410 0.6691
vn 0.6513 -0.4334 0.6228
vn -0.0438 -0.1010 -0.9939
vn 0.7408 0.0564 -0.6693
vn 0.4332 -0.6513 -0.6230
vn -0.6514 -0.4331 -0.6230
vn -0.0438 0.1010 0.9939
vn 0.7408 -0.0564 0.6693
vn 0.4332 0.6513 0.6230
vn 0.1011 -0.0435 -0.9939
vn -0.0564 0.7410 -0.6691
vn 0.6513 0.4334 -0.6228
vn 0.0438 0.1013 -0.9939
vn -0.0186 -0.7072 0.7067
vn -0.0186 -0.7066 0.7073
vn 0.0186 -0.9998 -0.0003
vn 0.1832 -0.7251 -0.6638
vn -0.1833 0.0431 0.9821
vn -0.0186 0.7072 0.7067
vn 0.1832 0.7251 -0.6638
vn 0.0186 0.9998 -0.0003
vn -0.7072 -0.0096 0.7069
vn 0.7259 -0.1871 0.6619
vn 0.6619 -0.1871 0.7258
vn -0.7258 -0.1870 -0.6619
vn 0.0438 -0.1012 0.9939
vn -0.9939 0.0436 0.1012
vn -0.6692 -0.7410 -0.0563
vn -0.6228 -0.4333 0.6514
vn 0.6694 0.0563 0.7407
vn -0.0438 -0.1009 -0.9939
vn 0.7409 0.0565 -0.6693
vn 0.9939 0.0438 -0.1012
vn 0.6693 -0.7409 0.0563
vn 0.6228 -0.4332 -0.6515
vn -0.6694 0.0563 -0.7408
vn -0.7407 -0.6694 0.0563
vn -0.6694 -0.0563 0.7408
vn -0.7407 0.6694 -0.0563
vn -0.0438 0.1009 0.9939
vn 0.7409 -0.0565 0.6693
vn 0.9939 -0.0438 0.1012
vn 0.6693 0.7409 -0.0563
vn 0.6228 0.4332 0.6515
vn 0.6694 -0.0563 -0.7407
vn -0.9939 -0.0436 -0.1012
vn -0.6692 0.7410 0.0563
vn -0.6228 0.4333 -0.6514
vn 0.0438 0.1012 -0.9939
vn -0.7408 -0.0561 -0.6693
vn -0.1847 -0.7253 0.6632
vn -0.1848 -0.6633 0.7252
vn 0.1848 -0.9818 -0.0437
vn 0.0150 -0.7075 -0.7066
vn -0.1847 0.6633 0.7252
vn -0.0150 0.9999 0.0004
vn 0.0150 0.7075 -0.7066
vn 0.1848 0.9818 -0.0437
vn 0.2472 -0.9219 0.2983
vn -0.3158 -0.9158 0.2479
vn 0.3380 -0.1725 0.9252
vn -0.5718 -0.6010 0.5585
vn -0.1779 -0.9391 0.2940
vn 0.8117 -0.4533 0.3683
vn 0.3616 -0.8918 0.2720
vn 0.2828 0.0899 0.9549
vn 0.0183 -0.8669 0.4981
vn 0.5548 -0.7537 0.3523
vn 0.5882 -0.5681 0.5756
vn 0.8153 0.2446 0.5248
vn 0.3518 0.7430 0.5693
vn -0.0594 0.1832 0.9813
vn 0.6633 0.0377 0.7474
vn 0.5839 0.5504 0.5968
vn 0.7286 0.6848 0.0078
vn 0.2452 0.8084 0.5352
vn 0.1374 0.9821 -0.1291
vn -0.6514 0.7579 0.0340
vn -0.0390 0.6546 0.7550
vn -0.5431 0.5902 0.5972
vn -0.8580 -0.3235 0.3989
vn 0.0767 -0.2398 0.9678
vn -0.6808 -0.0227 0.7321
vn -0.7417 -0.4960 0.4516
vn -0.2828 0.0902 -0.9549
vn 0.3614 -0.8918 -0.2720
vn -0.3381 -0.1729 -0.9251
vn 0.5716 -0.6014 -0.5582
vn 0.8155 -0.3565 -0.4559
vn 0.7640 0.2782 -0.5822
vn 0.7282 -0.6852 -0.0106
vn 0.5239 -0.5947 -0.6098
vn 0.8580 -0.3236 -0.3990
vn 0.6808 -0.0225 -0.7322
vn 0.7416 -0.4959 -0.4518
vn 0.3518 0.7431 -0.5692
vn 0.5016 0.4491 -0.7394
vn 0.7981 0.0127 -0.6024
vn 0.6517 0.7577 -0.0342
vn 0.4809 0.4041 -0.7781
vn 0.2710 0.7939 -0.5443
vn 0.1832 -0.0576 -0.9814
vn 0.0391 0.6541 -0.7554
vn 0.5432 0.5898 -0.5976
vn -0.3383 0.9383 0.0724
vn 0.1625 0.0768 -0.9837
vn 0.0594 0.1833 -0.9813
vn -0.6633 0.0379 -0.7474
vn -0.5838 0.5506 -0.5967
vn -0.6971 -0.7153 -0.0482
vn -0.7523 -0.4926 -0.4375
vn -0.0596 0.1374 -0.9887
vn -0.5883 -0.5679 -0.5757
vn 0.4116 0.7187 0.5605
vn 0.1099 0.9706 0.2140
vn 0.4108 0.8909 0.1935
vn 0.6054 0.7554 0.2508
vn 0.0344 0.9947 0.0967
vn -0.2208 0.8530 0.4729
vn -0.4112 0.7190 0.5603
vn -0.6608 0.6032 0.4466
vn -0.4109 0.8908 0.1940
vn -0.1101 0.9705 0.2143
vn -0.4052 0.3251 0.8544
vn -0.7950 0.4594 0.3961
vn -0.6323 -0.4826 0.6060
vn -0.8763 -0.3572 0.3231
vn -0.4596 -0.6433 0.6123
vn -0.2830 -0.6163 0.7349
vn -0.1607 -0.8864 0.4341
vn -0.3450 -0.8772 0.3339
vn -0.5112 -0.7504 0.4189
vn 0.0467 -0.7935 0.6068
vn 0.4596 -0.6432 0.6124
vn 0.8225 -0.5685 0.0191
vn 0.5113 -0.7504 0.4189
vn 0.3450 -0.8772 0.3339
vn 0.1608 -0.8864 0.4341
vn 0.6302 0.7416 -0.2298
vn 0.8366 0.4540 -0.3064
vn 0.7157 0.1793 0.6750
vn 0.7949 0.4594 0.3963
vn 0.8523 0.2405 0.4644
vn 0.7879 0.0992 0.6078
vn 0.2209 0.8529 -0.4730
vn 0.3637 0.7760 -0.5154
vn 0.8879 0.4495 -0.0981
vn 0.6054 0.7552 -0.2513
vn 0.4109 0.8907 -0.1943
vn 0.1100 0.9705 -0.2144
vn -0.2209 0.8529 -0.4730
vn -0.1099 0.9705 -0.2144
vn -0.4109 0.8908 -0.1942
vn -0.6054 0.7552 -0.2512
vn -0.6611 0.6029 -0.4465
vn -0.8671 0.4228 -0.2634
vn -0.9694 0.2443 -0.0261
vn -0.8928 -0.1645 -0.4194
vn -0.8763 -0.3575 -0.3229
vn -0.7518 -0.5162 -0.4102
vn -0.8225 -0.5685 -0.0189
vn -0.5113 -0.7500 -0.4196
vn -0.1608 -0.8861 -0.4347
vn -0.2870 -0.9575 -0.0269
vn 0.1614 -0.8854 -0.4358
vn 0.3455 -0.8761 -0.3361
vn 0.5117 -0.7491 -0.4207
vn 0.4595 -0.6434 -0.6123
vn 0.2830 -0.6163 -0.7349
vn 0.5425 -0.8397 -0.0238
vn 0.7519 -0.5161 -0.4103
vn 0.9693 0.2443 -0.0261
vn 0.6543 -0.2200 -0.7236
vn 0.4964 -0.1026 -0.8620
vn 0.7879 0.0989 -0.6078
vn 0.8523 0.2404 -0.4645
vn 0.7949 0.4593 -0.3965
vn 0.1888 -0.9643 0.1855
vn -0.0023 -0.8716 0.4903
vn -0.0012 -0.8715 0.4903
vn 0.3169 0.9324 -0.1737
vn 0.6396 -0.1494 0.7540
vn 0.5928 -0.5922 0.5458
vn 0.0086 -0.0132 0.9999
vn 0.7072 -0.7070 0.0061
vn 0.5684 -0.8194 -0.0741
vn 0.0731 0.7567 0.6496
vn -0.0109 0.0108 0.9999
vn -0.0227 -0.1216 -0.9923
vn 0.4896 0.4841 0.7252
vn 0.5991 0.2669 0.7548
vn 0.0039 -0.0015 -1.0000
vn 0.4896 0.4842 -0.7252
vn -0.0011 -0.0014 1.0000
vn -0.4865 -0.4868 -0.7255
vn -0.4275 -0.5511 -0.7166
vn -0.3789 0.3083 0.8726
vn -0.3789 0.8318 -0.4057
vn 0.0034 -0.0003 1.0000
vn -0.0000 -0.6656 0.7463
vn 0.2905 -0.5377 0.7915
vn -0.4386 -0.8051 0.3994
vn -0.4386 -0.8077 -0.3941
vn 0.0035 -0.6655 -0.7464
vn 0.0033 -0.6655 -0.7464
vn -0.4847 0.4846 0.7281
vn -0.4820 0.4875 0.7280
vn 0.0013 -0.0012 1.0000
vn 0.0824 0.1200 -0.9893
vn 0.0012 -0.0010 -1.0000
vn -0.4820 0.4876 -0.7279
vn -0.3862 0.6022 -0.6987
vn -0.4848 0.4844 -0.7283
vn 0.8916 -0.4263 -0.1525
vn 0.5996 -0.1649 -0.7831
vn 0.0027 0.0052 -1.0000
vn -0.0198 0.1254 -0.9919
vn -1.0000 0.0065 -0.0036
vn -0.7073 -0.7069 0.0061
vn -0.5871 -0.5916 -0.5526
vn 0.7091 0.7050 -0.0071
vn 0.5907 0.5900 0.5504
vn 0.6508 0.5322 0.5415
vn 0.5954 0.5910 0.5442
vn 0.0111 0.0107 0.9999
vn -0.0687 0.7609 0.6452
vn 0.5953 0.5911 -0.5442
vn -0.0186 -0.9998 0.0003
vn -0.1832 -0.7251 0.6638
vn 0.0186 -0.7072 -0.7067
vn 0.0186 -0.7066 -0.7073
vn -0.1834 0.6638 0.7251
vn -0.1832 0.7251 0.6638
vn -0.0186 0.9998 0.0003
vn 0.1833 0.0432 -0.9821
vn 0.0186 0.7072 -0.7067
vn 0.7072 -0.0096 -0.7069
vn -0.6619 -0.1871 -0.7258
vn -0.1832 -0.9821 0.0434
vn -0.0186 -0.7072 0.7068
vn -0.0186 -0.7069 0.7071
vn -0.1832 -0.0434 0.9821
vn 0.1832 -0.6641 -0.7249
vn 0.0186 -0.0006 -0.9998
vn -0.1833 0.0433 0.9821
vn -0.0186 0.7071 0.7068
vn -0.1832 0.9821 0.0434
vn 0.0186 0.0007 -0.9998
vn -0.0000 0.7073 -0.7069
vn 0.1834 0.6640 -0.7249
vn -0.7259 -0.1871 0.6619
vn -0.7072 -0.0001 0.7071
vn -0.7070 -0.6979 0.1144
vn -0.3640 -0.9311 -0.0248
vn -0.4531 -0.8508 0.2662
vn -0.1297 -0.9853 -0.1113
vn -0.4363 -0.8492 0.2974
vn -0.3871 -0.9219 0.0145
vn -0.4152 -0.6881 0.5951
vn 0.2411 0.5127 0.8240
vn -0.4572 -0.6859 0.5661
vn -0.7315 -0.5052 0.4579
vn -0.4234 -0.8561 0.2965
vn -0.1384 0.1379 0.9807
vn -0.2186 -0.8834 -0.4145
vn 0.3578 -0.9315 -0.0648
vn 0.3963 -0.9180 0.0138
vn 0.4486 -0.8324 0.3253
vn 0.1176 -0.9885 -0.0954
vn 0.6909 -0.7224 -0.0271
vn 0.6850 -0.6551 0.3186
vn 0.3872 -0.8934 0.2280
vn 0.1238 0.1636 0.9787
vn 0.4281 -0.8377 0.3391
vn 0.7416 -0.4843 0.4642
vn 0.7252 -0.6826 0.0903
vn 0.9414 -0.3333 -0.0517
vn 0.8118 -0.5131 0.2787
vn 0.7820 0.1996 0.5905
vn 0.8100 -0.4993 0.3074
vn 0.9590 -0.2790 -0.0504
vn 0.1089 0.0506 0.9928
vn 0.6690 -0.7013 0.2462
vn 0.8628 -0.2578 0.4350
vn 0.9815 0.1499 -0.1188
vn 0.8153 0.2617 0.5165
vn 0.7623 -0.2914 0.5779
vn 0.7511 0.6597 0.0269
vn 0.4292 0.5024 0.7506
vn 0.8123 0.2775 0.5131
vn -0.0602 0.2019 0.9776
vn 0.6669 0.0386 0.7441
vn 0.6197 0.5420 0.5676
vn 0.5593 0.8178 -0.1358
vn 0.4155 0.7660 0.4905
vn 0.7574 0.3707 0.5376
vn -0.2886 0.7757 0.5613
vn 0.2625 0.8230 0.5037
vn 0.1639 0.9790 -0.1209
vn -0.1782 0.0859 0.9802
vn 0.4696 0.5192 0.7141
vn 0.0101 0.8113 0.5845
vn -0.1639 0.9790 -0.1210
vn -0.2624 0.8231 0.5037
vn 0.2886 0.7757 0.5613
vn -0.7573 0.3709 0.5376
vn -0.4152 0.7662 0.4905
vn -0.5591 0.8179 -0.1358
vn -0.2056 -0.0629 0.9766
vn -0.0378 0.6804 0.7319
vn -0.5497 0.6173 0.5629
vn -0.6877 0.7259 0.0126
vn -0.9379 0.3403 -0.0670
vn -0.7104 0.4468 0.5438
vn -0.7623 -0.2914 0.5779
vn -0.8153 0.2616 0.5165
vn -0.9815 0.1499 -0.1188
vn -0.0782 -0.1695 0.9824
vn -0.5174 0.4685 0.7161
vn -0.8002 -0.0029 0.5997
vn -0.9590 -0.2790 -0.0504
vn -0.8100 -0.4993 0.3074
vn -0.7820 0.1995 0.5905
vn -0.7071 -0.7072 0.0001
vn -0.6299 -0.6975 0.3417
vn -0.8791 -0.4094 0.2441
vn 0.1230 -0.1951 0.9730
vn -0.6502 0.0440 0.7585
vn -0.8192 -0.4572 0.3463
vn -0.6900 -0.7233 0.0281
vn -0.6840 -0.6570 -0.3170
vn -0.3915 -0.8980 -0.2008
vn -0.1385 0.1374 -0.9808
vn -0.4232 -0.8563 -0.2962
vn -0.7313 -0.5055 -0.4579
vn -0.2883 -0.9575 -0.0000
vn 0.1680 -0.9377 0.3042
vn -0.3350 -0.9421 -0.0138
vn -0.3870 -0.9220 -0.0145
vn -0.4361 -0.8493 -0.2974
vn -0.1296 -0.9853 0.1113
vn 0.7056 -0.7000 -0.1102
vn 0.3625 -0.9316 0.0258
vn 0.4627 -0.8397 -0.2842
vn 0.1176 -0.9885 0.0954
vn 0.4486 -0.8324 -0.3253
vn 0.3963 -0.9180 -0.0138
vn 0.4022 -0.6666 -0.6276
vn -0.1854 0.4149 -0.8908
vn 0.4364 -0.7136 -0.5480
vn 0.7415 -0.4843 -0.4643
vn 0.4281 -0.8377 -0.3391
vn 0.1237 0.1635 -0.9788
vn 0.9589 -0.2794 0.0504
vn 0.8098 -0.4997 -0.3073
vn 0.7821 0.1991 -0.5905
vn 0.7071 -0.7071 -0.0001
vn 0.6300 -0.6974 -0.3417
vn 0.8791 -0.4093 -0.2441
vn -0.1229 -0.1952 -0.9730
vn 0.6503 0.0439 -0.7584
vn 0.8193 -0.4572 -0.3460
vn 0.6878 0.7258 -0.0128
vn 0.9380 0.3401 0.0670
vn 0.7104 0.4466 -0.5439
vn 0.7624 -0.2913 -0.5778
vn 0.8153 0.2616 -0.5165
vn 0.9815 0.1499 0.1188
vn 0.0782 -0.1692 -0.9825
vn 0.5174 0.4687 -0.7159
vn 0.8003 -0.0027 -0.5996
vn 0.1640 0.9790 0.1207
vn 0.2627 0.8230 -0.5037
vn -0.2884 0.7757 -0.5614
vn 0.7573 0.3707 -0.5376
vn 0.4155 0.7661 -0.4905
vn 0.5592 0.8178 0.1357
vn 0.2058 -0.0627 -0.9766
vn 0.0380 0.6806 -0.7317
vn 0.5500 0.6175 -0.5623
vn -0.5592 0.8178 0.1358
vn -0.4153 0.7661 -0.4905
vn -0.7573 0.3709 -0.5375
vn 0.2885 0.7757 -0.5613
vn -0.2625 0.8231 -0.5036
vn -0.1639 0.9790 0.1209
vn 0.1782 0.0861 -0.9802
vn -0.4695 0.5193 -0.7141
vn -0.0101 0.8115 -0.5842
vn -0.9815 0.1500 0.1188
vn -0.8153 0.2617 -0.5165
vn -0.7624 -0.2913 -0.5778
vn -0.7511 0.6597 -0.0267
vn -0.4292 0.5024 -0.7505
vn -0.8124 0.2775 -0.5129
vn 0.0601 0.2020 -0.9775
vn -0.6669 0.0386 -0.7441
vn -0.6198 0.5419 -0.5676
vn -0.7254 -0.6824 -0.0903
vn -0.9415 -0.3330 0.0518
vn -0.8120 -0.5128 -0.2787
vn -0.7821 0.1992 -0.5905
vn -0.8098 -0.4997 -0.3073
vn -0.9589 -0.2794 0.0504
vn -0.1087 0.0507 -0.9928
vn -0.6688 -0.7015 -0.2463
vn -0.8627 -0.2581 -0.4349
vn 0.4422 0.7804 0.4421
vn -0.0281 0.9985 0.0478
vn 0.3617 0.8668 0.3432
vn 0.5327 0.8461 -0.0166
vn 0.5806 0.7964 0.1692
vn 0.0385 0.9984 0.0402
vn 0.7386 0.6682 0.0899
vn 0.7104 0.6587 0.2478
vn 0.6049 0.7608 0.2351
vn -0.1622 0.1919 0.9679
vn 0.5218 0.8193 0.2376
vn 0.6636 0.7061 0.2470
vn -0.6662 0.7452 0.0292
vn -0.3399 0.9390 0.0518
vn -0.3702 0.8950 0.2489
vn -0.0385 0.9984 0.0402
vn -0.5806 0.7964 0.1692
vn -0.5327 0.8461 -0.0166
vn -0.5607 0.7528 0.3448
vn -0.0828 0.0727 0.9939
vn -0.6415 0.7365 0.2146
vn -0.6637 0.7060 0.2472
vn -0.5220 0.8191 0.2378
vn 0.1621 0.1917 0.9680
vn -0.9960 0.0870 -0.0220
vn -0.9214 0.3885 0.0098
vn -0.7402 0.3266 0.5878
vn -0.4992 0.3892 0.7741
vn -0.4436 0.3375 0.8303
vn -0.2602 -0.3399 0.9038
vn -0.6030 0.1416 0.7850
vn -0.7366 0.1744 0.6535
vn -0.9398 0.3030 0.1582
vn -0.9435 0.3292 0.0378
vn -0.8076 -0.0061 0.5897
vn -0.6772 -0.1926 0.7101
vn -0.6335 -0.2691 0.7254
vn -0.6667 -0.4401 0.6015
vn -0.6032 -0.7971 0.0272
vn -0.7562 -0.5214 0.3953
vn -0.8868 -0.3352 0.3183
vn -0.8921 -0.1531 0.4250
vn -0.8111 -0.5841 0.0315
vn -0.4612 -0.6602 0.5928
vn -0.2791 -0.6414 0.7147
vn -0.2134 -0.6768 0.7046
vn -0.0401 -0.8103 0.5846
vn 0.2855 -0.9576 0.0382
vn -0.1567 -0.9026 0.4010
vn -0.3472 -0.8882 0.3010
vn -0.5262 -0.7594 0.3826
vn -0.2856 -0.9576 0.0381
vn 0.0401 -0.8104 0.5845
vn 0.2133 -0.6768 0.7045
vn 0.2792 -0.6413 0.7147
vn 0.4613 -0.6601 0.5929
vn 0.8112 -0.5839 0.0316
vn 0.5260 -0.7599 0.3818
vn 0.3469 -0.8886 0.3001
vn 0.1564 -0.9029 0.4003
vn 0.6033 -0.7971 0.0271
vn 0.6667 -0.4401 0.6015
vn 0.6335 -0.2691 0.7254
vn 0.6772 -0.1927 0.7101
vn 0.8076 -0.0061 0.5897
vn 0.9435 0.3292 0.0378
vn 0.8921 -0.1532 0.4250
vn 0.8867 -0.3353 0.3183
vn 0.7562 -0.5214 0.3953
vn 0.5704 0.7397 -0.3570
vn 0.7513 0.4549 -0.4781
vn 0.8519 0.4741 0.2224
vn 0.9550 -0.2409 0.1732
vn 0.6850 -0.0069 0.7285
vn 0.7847 0.0777 0.6150
vn 0.9398 0.3030 0.1581
vn 0.7366 0.1746 0.6535
vn 0.6030 0.1419 0.7850
vn 0.6661 0.7453 -0.0292
vn 0.3398 0.9391 -0.0518
vn 0.3701 0.8950 -0.2488
vn 0.0385 0.9984 -0.0402
vn 0.5807 0.7964 -0.1692
vn 0.5328 0.8461 0.0166
vn 0.5604 0.7532 -0.3445
vn 0.0828 0.0729 -0.9939
vn 0.6412 0.7368 -0.2143
vn 0.6636 0.7061 -0.2470
vn 0.5218 0.8193 -0.2376
vn -0.1622 0.1919 -0.9679
vn -0.7384 0.6683 -0.0899
vn -0.7102 0.6589 -0.2479
vn -0.6047 0.7610 -0.2351
vn 0.1621 0.1916 -0.9680
vn -0.5222 0.8190 -0.2378
vn -0.6639 0.7057 -0.2474
vn -0.4424 0.7802 -0.4423
vn 0.0279 0.9985 -0.0481
vn -0.3619 0.8666 -0.3435
vn -0.5327 0.8461 0.0166
vn -0.5806 0.7964 -0.1692
vn -0.0385 0.9984 -0.0402
vn -0.9550 -0.2410 -0.1730
vn -0.6851 -0.0069 -0.7285
vn -0.7847 0.0779 -0.6150
vn -0.9398 0.3028 -0.1581
vn -0.7371 0.1745 -0.6529
vn -0.6035 0.1414 -0.7847
vn -0.5707 0.7396 0.3568
vn -0.7518 0.4547 0.4776
vn -0.8521 0.4738 -0.2225
vn -0.6772 -0.1931 -0.7101
vn -0.8076 -0.0065 -0.5898
vn -0.9436 0.3289 -0.0381
vn -0.8923 -0.1533 -0.4246
vn -0.8869 -0.3355 -0.3176
vn -0.7563 -0.5215 -0.3949
vn -0.6035 -0.7969 -0.0274
vn -0.6668 -0.4398 -0.6016
vn -0.6336 -0.2688 -0.7254
vn -0.2791 -0.6413 -0.7148
vn -0.4612 -0.6601 -0.5929
vn -0.8111 -0.5841 -0.0318
vn -0.5261 -0.7600 -0.3815
vn -0.3470 -0.8888 -0.2995
vn -0.1565 -0.9031 -0.4000
vn 0.2854 -0.9576 -0.0384
vn -0.0402 -0.8103 -0.5846
vn -0.2135 -0.6767 -0.7046
vn 0.2135 -0.6768 -0.7046
vn 0.0402 -0.8103 -0.5846
vn -0.2854 -0.9576 -0.0383
vn 0.1565 -0.9031 -0.4000
vn 0.3470 -0.8888 -0.2995
vn 0.5260 -0.7601 -0.3815
vn 0.8111 -0.5841 -0.0318
vn 0.4611 -0.6602 -0.5929
vn 0.2791 -0.6413 -0.7147
vn 0.6337 -0.2688 -0.7254
vn 0.6668 -0.4398 -0.6016
vn 0.6035 -0.7969 -0.0274
vn 0.7562 -0.5217 -0.3949
vn 0.8869 -0.3356 -0.3176
vn 0.8923 -0.1535 -0.4245
vn 0.9436 0.3288 -0.0381
vn 0.8076 -0.0066 -0.5897
vn 0.6772 -0.1931 -0.7101
vn 0.4994 0.3900 -0.7736
vn 0.4439 0.3385 -0.8297
vn 0.2607 -0.3389 -0.9040
vn 0.6032 0.1414 -0.7849
vn 0.7367 0.1744 -0.6533
vn 0.9398 0.3029 -0.1582
vn 0.9960 0.0871 0.0219
vn 0.9214 0.3885 -0.0097
vn 0.7402 0.3266 -0.5877
vn -0.7065 -0.7075 0.0172
vn -0.3992 -0.9135 0.0788
vn -0.3822 -0.9240 0.0131
vn -0.0249 -0.9944 0.1029
vn 0.0007 -0.9999 0.0172
vn 0.3637 -0.9282 0.0788
vn 0.3831 -0.9236 0.0131
vn 0.6855 -0.7207 0.1029
vn -0.5091 0.8442 -0.1679
vn -0.1904 0.9569 -0.2194
vn 0.2370 0.9569 -0.1679
vn 0.5420 0.8113 -0.2194
vn 0.7686 -0.6335 0.0888
vn 0.7071 -0.7071 -0.0068
vn 0.6755 -0.6783 0.2890
vn 0.7579 -0.4736 0.4486
vn 0.6816 -0.6816 0.2663
vn 0.0245 -0.0294 0.9993
vn 0.7075 -0.7065 0.0172
vn 0.9135 -0.3992 0.0788
vn 0.9240 -0.3822 0.0131
vn 0.9944 -0.0249 0.1029
vn 0.0246 -0.0298 -0.9993
vn 0.6814 -0.6818 -0.2662
vn 0.7574 -0.4734 -0.4497
vn 0.6754 -0.6784 -0.2891
vn 0.7070 -0.7072 0.0067
vn 0.7684 -0.6336 -0.0901
vn -0.9569 0.2370 -0.1679
vn -0.8113 0.5420 -0.2194
vn -0.5386 -0.3451 0.7687
vn -0.0223 0.0218 0.9995
vn -0.6842 0.6779 0.2691
vn -0.7829 0.5778 0.2306
vn -0.6775 0.6760 0.2899
vn -0.7095 0.7046 -0.0059
vn -0.7097 0.7045 0.0059
vn -0.6776 0.6759 -0.2900
vn -0.7830 0.5776 -0.2307
vn -0.6843 0.6777 -0.2694
vn -0.0224 0.0216 -0.9995
vn -0.5384 -0.3453 -0.7687
vn 0.9221 -0.3500 0.1653
vn 1.0000 -0.0000 -0.0013
vn 0.6761 -0.0068 0.7368
vn 0.5202 -0.3141 0.7942
vn 0.0012 -0.0065 1.0000
vn 0.9999 0.0007 0.0172
vn 0.9282 0.3637 0.0788
vn 0.9236 0.3831 0.0131
vn 0.7207 0.6856 0.1029
vn 0.0014 -0.0064 -1.0000
vn 0.5203 -0.3140 -0.7942
vn 0.6761 -0.0068 -0.7368
vn 1.0000 -0.0000 0.0012
vn 0.9220 -0.3500 -0.1654
vn -0.8442 -0.5091 -0.1679
vn -0.9569 -0.1904 -0.2194
vn -0.0363 -0.1574 0.9869
vn -0.0006 -0.0000 1.0000
vn -0.6756 -0.0040 0.7372
vn -0.6939 -0.1745 0.6986
vn -1.0000 -0.0041 -0.0010
vn -1.0000 -0.0040 0.0010
vn -0.6939 -0.1745 -0.6987
vn -0.6756 -0.0040 -0.7372
vn -0.0006 -0.0000 -1.0000
vn -0.0363 -0.1574 -0.9869
vn 0.7097 0.7045 -0.0002
vn 0.5057 0.5055 0.6992
vn 0.6240 0.4043 0.6687
vn 0.5081 0.5032 0.6991
vn 0.0003 0.0004 1.0000
vn 0.1352 -0.0904 0.9867
vn 0.7065 0.7075 0.0172
vn 0.3992 0.9135 0.0788
vn 0.3822 0.9240 0.0131
vn 0.0249 0.9944 0.1029
vn 0.1351 -0.0904 -0.9867
vn 0.0004 0.0005 -1.0000
vn 0.5081 0.5032 -0.6990
vn 0.6239 0.4045 -0.6687
vn 0.5056 0.5055 -0.6992
vn 0.7096 0.7046 0.0002
vn -0.2370 -0.9569 -0.1679
vn -0.5420 -0.8113 -0.2194
vn 0.0097 -0.0109 0.9999
vn -0.5056 -0.5058 0.6990
vn -0.1827 -0.6219 0.7615
vn -0.4944 -0.5171 0.6987
vn -0.7072 -0.7071 -0.0003
vn -0.4529 -0.8800 0.1431
vn -0.4529 -0.8800 -0.1430
vn -0.7072 -0.7070 0.0003
vn -0.4944 -0.5171 -0.6988
vn -0.1828 -0.6220 -0.7614
vn -0.5056 -0.5059 -0.6989
vn 0.0097 -0.0111 -0.9999
vn 0.0028 1.0000 -0.0003
vn -0.0000 0.6904 0.7235
vn -0.3817 0.8467 0.3706
vn -0.3817 0.3340 0.8618
vn -0.0000 0.6900 0.7238
vn -0.0007 0.9999 0.0172
vn -0.3637 0.9282 0.0788
vn -0.3831 0.9236 0.0131
vn -0.6855 0.7207 0.1029
vn 0.0028 0.0002 -1.0000
vn -0.0000 0.6901 -0.7237
vn -0.3818 0.3301 -0.8633
vn -0.3818 0.8449 -0.3747
vn 0.0028 1.0000 -0.0001
vn 0.5091 -0.8442 -0.1679
vn 0.1904 -0.9569 -0.2194
vn 0.0040 0.0006 1.0000
vn -0.0000 -0.6895 0.7242
vn 0.2932 -0.5616 0.7737
vn 0.0042 -0.6901 0.7237
vn 0.3107 -0.9412 0.1325
vn 0.0038 -1.0000 -0.0001
vn -0.0000 -0.6900 -0.7238
vn 0.0958 -0.6949 -0.7126
vn 0.0036 -0.6899 -0.7239
vn 0.0902 -0.0106 -0.9959
vn -0.5256 0.8477 0.0723
vn -0.7071 0.7071 0.0004
vn -0.5025 0.5079 0.6997
vn -0.2884 0.6184 0.7310
vn -0.5052 0.5051 0.6998
vn 0.0030 0.0023 1.0000
vn -0.7075 0.7065 0.0172
vn -0.9135 0.3992 0.0788
vn -0.9240 0.3822 0.0131
vn -0.9944 0.0249 0.1029
vn 0.0030 0.0023 -1.0000
vn -0.5051 0.5050 -0.6998
vn -0.2884 0.6184 -0.7310
vn -0.5025 0.5080 -0.6996
vn -0.7071 0.7072 -0.0003
vn -0.5255 0.8477 -0.0723
vn 0.9569 -0.2370 -0.1679
vn 0.8113 -0.5420 -0.2194
vn 0.0620 0.0516 0.9967
vn -0.0002 0.0003 1.0000
vn 0.5134 -0.4968 0.6997
vn 0.5619 -0.4530 0.6922
vn 0.5053 -0.5053 0.6995
vn 0.7163 -0.6978 0.0006
vn 0.7163 -0.6978 -0.0005
vn 0.5053 -0.5054 -0.6995
vn 0.5618 -0.4530 -0.6922
vn 0.5134 -0.4968 -0.6997
vn -0.0002 0.0004 -1.0000
vn 0.0620 0.0517 -0.9967
vn -1.0000 0.0065 0.0013
vn -0.6837 0.1267 0.7187
vn -0.6742 0.0060 0.7385
vn 0.0011 -0.0000 1.0000
vn -0.0173 0.1136 0.9934
vn -0.9999 -0.0007 0.0172
vn -0.9282 -0.3637 0.0788
vn -0.9236 -0.3831 0.0131
vn -0.7207 -0.6856 0.1029
vn -0.0172 0.1135 -0.9934
vn 0.0011 -0.0000 -1.0000
vn -0.6742 0.0060 -0.7385
vn -0.6838 0.1266 -0.7187
vn -0.6743 -0.0000 -0.7384
vn -1.0000 0.0064 -0.0012
vn 0.8442 0.5091 -0.1679
vn 0.9569 0.1904 -0.2194
vn -0.0005 0.0039 1.0000
vn 0.6748 -0.0000 0.7380
vn 0.5525 0.2866 0.7827
vn 0.6746 0.0039 0.7382
vn 1.0000 -0.0000 0.0010
vn 0.9384 0.3195 0.1315
vn 0.9384 0.3194 -0.1315
vn 1.0000 -0.0000 -0.0011
vn 0.6746 0.0040 -0.7382
vn 0.5526 0.2866 -0.7826
vn 0.6749 -0.0000 -0.7379
vn -0.0004 0.0039 -1.0000
vn -0.0245 -0.0294 0.9993
vn -0.6816 -0.6816 0.2664
vn -0.7575 -0.4732 0.4498
vn -0.6755 -0.6783 0.2890
vn -0.7071 -0.7071 -0.0068
vn -0.7685 -0.6335 0.0901
vn -0.7685 -0.6337 -0.0888
vn -0.7070 -0.7071 0.0068
vn -0.6754 -0.6784 -0.2891
vn -0.7579 -0.4737 -0.4485
vn -0.6815 -0.6817 -0.2662
vn -0.0247 -0.0297 -0.9993
vn 0.7096 0.7046 -0.0059
vn 0.6775 0.6760 0.2898
vn 0.7829 0.5778 0.2306
vn 0.6839 0.6782 0.2689
vn 0.0221 0.0217 0.9995
vn 0.5389 -0.3443 0.7688
vn 0.5388 -0.3445 -0.7688
vn 0.0221 0.0218 -0.9995
vn 0.6839 0.6782 -0.2690
vn 0.7829 0.5778 -0.2305
vn 0.6776 0.6759 -0.2898
vn 0.7096 0.7046 0.0059
s 0
f 4//1 7//2 1//3
f 6//4 4//5 2//6
f 3//7 5//8 6//9
f 11//10 14//11 8//12
f 13//13 11//14 9//15
f 10//16 12//17 13//18
f 15//19 19//20 21//21
f 20//22 18//23 16//24
f 17//25 19//26 20//27
f 25//28 28//29 22//30
f 27//31 25//32 23//33
f 24//34 26//35 27//36
f 29//37 33//38 35//39
f 34//40 32//41 30//42
f 31//43 33//44 34//45
f 39//46 42//47 36//48
f 37//49 40//50 39//51
f 38//52 40//53 41//54
f 46//55 49//56 43//57
f 48//58 46//59 44//60
f 45//61 47//62 48//63
f 53//64 56//65 50//66
f 51//67 54//68 53//69
f 52//70 54//71 55//72
f 60//73 63//74 57//75
f 58//76 61//77 60//78
f 63//79 62//80 59//81
f 67//82 70//83 64//84
f 69//85 67//86 65//87
f 66//88 68//89 69//90
f 74//91 77//92 71//93
f 72//94 75//95 74//96
f 73//97 75//98 76//99
f 81//100 84//101 78//102
f 83//103 81//104 79//105
f 80//106 82//107 83//108
f 88//109 91//110 85//111
f 86//112 89//113 88//114
f 87//115 89//116 90//117
f 92//118 96//119 98//120
f 97//121 95//122 93//123
f 94//124 96//125 97//126
f 102//127 105//128 99//129
f 104//130 102//131 100//132
f 101//133 103//134 104//135
f 106//136 110//137 112//138
f 111//139 109//140 107//141
f 108//142 110//143 111//144
f 116//145 119//146 113//147
f 118//148 116//149 114//150
f 119//151 118//152 115//153
f 123//154 126//155 120//156
f 125//157 123//158 121//159
f 126//160 125//161 122//162
f 127//163 131//164 133//165
f 128//166 131//167 130//168
f 133//169 132//170 129//171
f 137//172 140//173 134//174
f 139//175 137//176 135//177
f 140//178 139//179 136//180
f 144//181 147//182 141//183
f 146//184 144//185 142//186
f 147//187 146//188 143//189
f 151//190 154//191 148//192
f 153//193 151//194 149//195
f 154//196 153//197 150//198
f 158//199 161//200 155//201
f 160//202 158//203 156//204
f 161//205 160//206 157//207
f 162//208 166//209 168//210
f 163//211 166//212 165//213
f 168//214 167//215 164//216
f 172//217 175//218 169//219
f 174//220 172//221 170//222
f 175//223 174//224 171//225
f 179//226 182//227 176//228
f 181//229 179//230 177//231
f 182//232 181//233 178//234
f 183//235 187//236 189//237
f 188//238 186//239 184//240
f 185//241 187//242 188//243
f 193//244 196//245 190//246
f 195//247 193//248 191//249
f 196//250 195//251 192//252
f 200//253 203//254 197//255
f 202//256 200//257 198//258
f 203//259 202//260 199//261
f 207//262 210//263 204//264
f 209//265 207//266 205//267
f 210//268 209//269 206//270
f 214//271 217//272 211//273
f 216//274 214//275 212//276
f 217//277 216//278 213//279
f 218//280 222//281 224//282
f 223//283 221//284 219//285
f 220//286 222//287 223//288
f 57//289 4//290 1//291
f 63//292 2//293 4//294
f 8//295 6//296 2//297
f 14//298 3//299 6//300
f 65//301 11//302 8//303
f 11//304 64//305 9//306
f 66//307 62//308 58//309
f 69//310 59//311 62//312
f 176//313 123//314 120//315
f 182//316 121//317 123//314
f 122//318 119//319 115//320
f 125//321 113//322 119//323
f 170//324 116//325 113//326
f 172//327 114//328 116//325
f 178//329 174//330 170//331
f 181//332 171//333 174//334
f 9//335 21//336 13//337
f 13//338 17//339 10//340
f 72//341 18//342 15//306
f 74//343 16//344 18//345
f 73//346 70//347 66//348
f 76//349 64//350 70//351
f 183//352 130//353 127//354
f 189//355 128//356 130//353
f 122//357 132//358 126//359
f 126//360 128//361 120//362
f 185//363 179//364 176//365
f 188//366 177//367 179//368
f 16//369 28//370 20//371
f 20//372 24//373 17//374
f 79//375 25//376 22//377
f 25//378 78//379 23//328
f 80//380 77//381 73//382
f 83//383 71//384 77//385
f 190//386 137//387 134//291
f 196//388 135//389 137//387
f 129//390 139//391 133//392
f 133//393 135//394 127//395
f 192//396 186//397 183//398
f 195//399 184//400 186//401
f 23//402 35//403 27//404
f 27//405 31//406 24//407
f 86//408 32//409 29//328
f 88//410 30//411 32//325
f 87//412 84//413 80//414
f 90//415 78//416 84//417
f 197//418 144//294 141//419
f 203//420 142//291 144//294
f 136//421 146//422 140//423
f 140//424 142//425 134//426
f 199//427 193//428 190//429
f 202//430 191//431 193//432
f 30//433 42//434 34//435
f 34//436 38//437 31//438
f 93//439 39//440 36//317
f 95//441 37//442 39//314
f 94//443 91//444 87//309
f 91//445 93//446 85//331
f 204//447 151//448 148//449
f 210//450 149//303 151//448
f 150//451 147//452 143//320
f 153//453 141//454 147//455
f 206//456 200//457 197//297
f 209//458 198//459 200//460
f 43//461 41//462 37//463
f 49//464 38//465 41//466
f 100//467 46//468 43//315
f 102//469 44//470 46//353
f 94//471 104//472 98//473
f 98//474 100//475 92//476
f 211//477 158//345 155//478
f 158//345 213//479 156//306
f 157//480 154//481 150//482
f 160//483 148//484 154//485
f 204//486 216//487 207//488
f 207//489 212//490 205//491
f 50//492 48//493 44//494
f 56//495 45//496 48//497
f 107//498 53//499 50//389
f 109//500 51//501 53//387
f 101//502 111//503 105//504
f 105//505 107//506 99//507
f 218//508 165//509 162//328
f 224//510 163//377 165//509
f 164//511 161//512 157//513
f 167//514 155//515 161//516
f 211//517 223//518 214//519
f 214//520 219//521 212//522
f 52//523 7//524 3//525
f 55//526 1//527 7//528
f 57//529 112//530 60//531
f 60//532 108//533 58//534
f 162//535 118//536 114//537
f 168//538 115//539 118//540
f 171//541 221//542 175//543
f 175//544 218//545 169//546
f 106//291 1//291 51//291
f 59//297 8//297 2//297
f 10//438 115//438 3//438
f 3//438 164//438 52//438
f 10//438 129//438 122//438
f 64//306 15//306 9//306
f 17//438 136//438 129//438
f 71//547 22//547 16//547
f 24//438 143//438 136//438
f 78//328 29//328 23//328
f 38//438 143//438 31//438
f 85//331 36//331 30//331
f 45//438 150//438 38//438
f 92//315 43//315 37//315
f 52//438 157//438 45//438
f 99//548 50//548 44//548
f 58//309 177//309 66//309
f 58//309 219//309 171//309
f 66//309 184//309 73//309
f 73//309 191//309 80//309
f 80//309 198//309 87//309
f 87//309 205//309 94//309
f 101//309 205//309 212//309
f 108//309 212//309 219//309
f 178//331 113//331 121//331
f 169//328 162//328 114//328
f 185//315 120//315 128//315
f 192//548 127//548 135//548
f 199//291 134//291 142//291
f 206//297 141//297 149//297
f 213//306 148//306 156//306
f 220//547 155//547 163//547
f 225//549 229//550 231//551
f 226//552 229//553 228//554
f 227//555 229//556 230//557
f 232//558 236//559 238//560
f 233//561 236//562 235//563
f 234//564 236//565 237//566
f 239//567 243//568 245//569
f 240//570 243//571 242//572
f 241//573 243//574 244//575
f 246//576 250//577 252//578
f 247//579 250//580 249//581
f 248//582 250//583 251//584
f 253//585 257//586 259//587
f 254//588 257//589 256//590
f 255//591 257//592 258//593
f 260//594 264//595 266//596
f 261//597 264//598 263//599
f 262//600 264//601 265//602
f 267//603 271//604 273//605
f 268//606 271//607 270//608
f 269//609 271//610 272//611
f 274//612 278//613 280//614
f 275//615 278//616 277//617
f 276//618 278//619 279//620
f 233//621 231//622 227//297
f 231//623 232//624 225//438
f 246//625 230//626 226//548
f 252//627 227//628 230//291
f 241//629 251//630 245//631
f 251//632 239//633 245//631
f 241//634 237//635 233//297
f 244//636 234//637 237//306
f 275//638 259//639 255//331
f 277//640 253//641 259//315
f 260//642 258//643 254//438
f 258//644 262//645 255//331
f 267//646 265//647 261//547
f 273//648 262//649 265//328
f 268//650 279//651 272//652
f 279//653 269//654 272//655
f 254//656 228//657 225//438
f 228//658 253//659 226//660
f 261//661 238//662 234//547
f 263//663 232//664 238//665
f 268//666 242//667 239//309
f 242//668 267//669 240//547
f 274//670 249//671 246//672
f 280//673 247//674 249//675
f 232//438 254//438 225//438
f 248//297 233//297 227//297
f 226//548 274//548 246//548
f 240//547 261//547 234//547
f 247//309 268//309 239//309
f 262//331 275//331 255//331
f 281//549 285//550 287//551
f 282//552 285//553 284//554
f 283//555 285//556 286//676
f 288//558 292//559 294//560
f 289//561 292//562 291//563
f 290//564 292//565 293//677
f 295//567 299//568 301//678
f 296//570 299//571 298//679
f 297//573 299//574 300//575
f 302//576 306//577 308//680
f 303//579 306//580 305//581
f 304//582 306//583 307//681
f 309//585 313//586 315//682
f 310//588 313//589 312//683
f 311//591 313//592 314//593
f 316//594 320//595 322//684
f 317//597 320//598 319//599
f 318//600 320//601 321//602
f 323//603 327//604 329//685
f 324//606 327//607 326//686
f 325//609 327//610 328//611
f 330//612 334//613 336//614
f 331//615 334//616 333//687
f 332//618 334//619 335//620
f 283//688 291//689 287//690
f 291//691 281//692 287//690
f 302//693 286//694 282//548
f 308//695 283//696 286//291
f 304//697 301//698 297//297
f 301//699 303//700 295//309
f 297//701 293//702 289//303
f 300//703 290//704 293//306
f 331//705 315//706 311//317
f 333//707 309//708 315//315
f 310//709 322//710 314//711
f 322//712 311//713 314//711
f 323//714 321//715 317//547
f 329//716 318//717 321//328
f 332//718 328//719 324//309
f 328//720 331//721 325//331
f 310//722 284//723 281//438
f 312//724 282//725 284//726
f 317//727 294//728 290//547
f 319//729 288//730 294//665
f 324//731 298//732 295//309
f 326//733 296//734 298//735
f 330//736 305//737 302//548
f 336//738 303//739 305//675
f 288//438 310//438 281//438
f 304//297 289//297 283//297
f 282//548 330//548 302//548
f 296//547 317//547 290//547
f 303//309 324//309 295//309
f 318//331 331//331 311//331
f 337//549 341//550 343//740
f 338//552 341//553 340//554
f 339//555 341//556 342//557
f 344//558 348//559 350//560
f 345//561 348//562 347//563
f 346//564 348//565 349//677
f 351//567 355//568 357//678
f 352//570 355//571 354//572
f 353//573 355//574 356//575
f 358//576 362//577 364//680
f 359//579 362//580 361//581
f 360//582 362//583 363//584
f 365//585 369//586 371//682
f 366//588 369//589 368//590
f 367//591 369//592 370//593
f 372//594 376//595 378//684
f 373//597 376//598 375//599
f 374//600 376//601 377//602
f 379//603 383//604 385//685
f 380//606 383//607 382//608
f 381//609 383//610 384//611
f 386//612 390//613 392//614
f 387//615 390//616 389//617
f 388//618 390//619 391//741
f 339//742 347//743 343//690
f 347//744 337//745 343//690
f 358//625 342//626 338//548
f 364//627 339//628 342//291
f 360//746 357//747 353//297
f 357//748 359//749 351//309
f 353//634 349//635 345//297
f 356//750 346//751 349//306
f 387//638 371//639 367//331
f 389//752 365//753 371//315
f 366//754 378//755 370//756
f 378//757 367//758 370//711
f 379//646 377//647 373//547
f 385//648 374//649 377//328
f 388//759 384//760 380//309
f 384//761 387//762 381//331
f 366//656 340//763 337//438
f 340//658 365//659 338//548
f 373//661 350//662 346//764
f 375//765 344//664 350//665
f 380//666 354//766 351//309
f 354//668 379//669 352//767
f 386//670 361//671 358//548
f 392//768 359//674 361//675
f 344//438 366//438 337//438
f 360//297 345//297 339//297
f 338//548 386//548 358//548
f 352//547 373//547 346//547
f 359//309 380//309 351//309
f 374//331 387//331 367//331
f 393//549 397//550 399//551
f 394//552 397//553 396//769
f 395//555 397//556 398//557
f 400//558 404//559 406//560
f 401//561 404//562 403//770
f 402//564 404//565 405//566
f 407//567 411//568 413//678
f 408//570 411//571 410//572
f 409//573 411//574 412//771
f 414//576 418//577 420//578
f 415//579 418//580 417//581
f 416//582 418//583 419//584
f 421//585 425//586 427//587
f 422//588 425//589 424//683
f 423//591 425//592 426//593
f 428//594 432//595 434//684
f 429//597 432//598 431//599
f 430//600 432//601 433//772
f 435//603 439//604 441//605
f 436//606 439//607 438//686
f 437//609 439//610 440//611
f 442//612 446//613 448//614
f 443//615 446//616 445//617
f 444//618 446//619 447//620
f 401//773 399//774 395//297
f 399//775 400//776 393//438
f 414//693 398//694 394//548
f 420//695 395//696 398//291
f 409//777 419//778 413//631
f 419//779 407//780 413//631
f 409//701 405//781 401//303
f 412//703 402//704 405//306
f 443//705 427//782 423//317
f 445//707 421//708 427//315
f 428//783 426//784 422//438
f 426//785 430//786 423//331
f 435//714 433//715 429//547
f 441//716 430//717 433//328
f 436//787 447//788 440//655
f 447//789 437//790 440//655
f 422//722 396//723 393//438
f 424//724 394//725 396//726
f 429//727 406//728 402//547
f 431//729 400//730 406//665
f 436//731 410//732 407//309
f 438//733 408//734 410//735
f 442//736 417//737 414//548
f 448//738 415//739 417//675
f 400//438 422//438 393//438
f 416//297 401//297 395//297
f 394//548 442//548 414//548
f 408//547 429//547 402//547
f 415//309 436//309 407//309
f 430//331 443//331 423//331
f 452//1 455//2 449//3
f 454//791 452//5 450//6
f 451//792 453//8 454//9
f 459//10 462//793 456//12
f 461//13 459//14 457//15
f 458//16 460//794 461//795
f 463//796 467//20 469//21
f 468//797 466//798 464//24
f 465//25 467//26 468//27
f 473//799 476//29 470//30
f 475//800 473//32 471//33
f 472//801 474//35 475//36
f 477//802 481//38 483//803
f 482//40 480//804 478//42
f 479//805 481//806 482//807
f 487//46 490//47 484//808
f 485//49 488//50 487//51
f 486//809 488//53 489//810
f 494//811 497//56 491//57
f 496//58 494//59 492//60
f 493//61 495//62 496//63
f 501//812 504//65 498//66
f 499//67 502//813 501//69
f 500//70 502//814 503//72
f 508//73 511//74 505//75
f 506//76 509//77 508//78
f 511//79 510//80 507//81
f 515//82 518//815 512//84
f 517//816 515//86 513//87
f 514//88 516//817 517//90
f 522//91 525//92 519//93
f 520//94 523//95 522//96
f 521//97 523//818 524//99
f 529//819 532//101 526//102
f 531//103 529//104 527//105
f 528//106 530//107 531//108
f 536//109 539//110 533//111
f 534//112 537//113 536//820
f 535//115 537//116 538//117
f 540//118 544//119 546//821
f 545//121 543//122 541//822
f 542//124 544//125 545//126
f 550//127 553//128 547//129
f 552//130 550//131 548//132
f 549//823 551//134 552//135
f 554//824 558//825 560//138
f 559//139 557//826 555//141
f 556//142 558//827 559//828
f 564//145 567//829 561//147
f 566//830 564//831 562//150
f 567//832 566//152 563//153
f 571//833 574//834 568//156
f 573//157 571//158 569//159
f 574//160 573//161 570//835
f 575//163 579//164 581//165
f 576//166 579//167 578//168
f 581//836 580//170 577//837
f 585//172 588//173 582//174
f 587//838 585//176 583//177
f 588//178 587//839 584//180
f 592//181 595//182 589//183
f 594//840 592//185 590//841
f 595//842 594//843 591//844
f 599//190 602//191 596//192
f 601//193 599//194 597//195
f 602//196 601//197 598//845
f 606//199 609//200 603//201
f 608//202 606//203 604//204
f 609//846 608//206 605//847
f 610//848 614//849 616//850
f 611//211 614//851 613//852
f 616//214 615//853 612//216
f 620//217 623//854 617//219
f 622//220 620//221 618//222
f 623//855 622//856 619//857
f 627//226 630//227 624//228
f 629//229 627//230 625//231
f 630//232 629//233 626//234
f 631//235 635//858 637//237
f 636//859 634//239 632//240
f 633//860 635//861 636//862
f 641//863 644//245 638//246
f 643//247 641//248 639//249
f 644//250 643//251 640//252
f 648//253 651//254 645//255
f 650//256 648//257 646//258
f 651//259 650//260 647//261
f 655//262 658//864 652//865
f 657//265 655//266 653//267
f 658//268 657//269 654//270
f 662//271 665//866 659//273
f 664//867 662//868 660//276
f 665//277 664//869 661//279
f 666//280 670//281 672//282
f 671//870 669//871 667//872
f 668//286 670//287 671//873
f 505//289 452//290 449//291
f 511//292 450//293 452//294
f 456//295 454//874 450//297
f 454//875 458//876 451//438
f 513//877 459//302 456//303
f 515//878 457//879 459//448
f 514//307 510//308 506//309
f 517//310 507//311 510//312
f 624//313 571//314 568//315
f 630//316 569//317 571//314
f 570//880 567//881 563//320
f 567//882 569//883 561//331
f 618//324 564//325 561//326
f 620//327 562//328 564//325
f 626//329 622//330 618//331
f 629//332 619//333 622//334
f 457//335 469//884 461//337
f 461//338 465//339 458//340
f 520//341 466//342 463//306
f 522//343 464//344 466//345
f 521//346 518//347 514//348
f 524//349 512//350 518//351
f 631//352 578//353 575//354
f 637//355 576//356 578//353
f 570//885 580//358 574//359
f 574//360 576//361 568//362
f 633//363 627//364 624//365
f 636//366 625//886 627//368
f 464//369 476//370 468//371
f 468//372 472//373 465//374
f 527//375 473//376 470//377
f 529//887 471//888 473//509
f 528//380 525//381 521//382
f 531//383 519//384 525//385
f 638//386 585//387 582//889
f 644//388 583//389 585//387
f 577//390 587//391 581//392
f 581//393 583//394 575//395
f 640//396 634//397 631//398
f 643//399 632//400 634//401
f 471//890 483//403 475//404
f 475//405 479//406 472//407
f 534//408 480//409 477//328
f 536//410 478//891 480//325
f 535//412 532//413 528//892
f 538//415 526//893 532//417
f 645//418 592//294 589//419
f 592//294 647//894 590//895
f 584//421 594//422 588//896
f 588//897 590//425 582//426
f 647//427 641//428 638//898
f 650//899 639//900 641//901
f 484//902 482//903 478//331
f 490//904 479//905 482//906
f 541//907 487//440 484//317
f 543//441 485//442 487//314
f 535//908 545//909 539//910
f 545//911 533//433 539//910
f 652//447 599//448 596//449
f 658//450 597//303 599//448
f 591//912 601//913 595//914
f 601//453 589//454 595//915
f 654//456 648//457 645//297
f 648//916 653//917 646//918
f 491//461 489//462 485//463
f 497//464 486//465 489//466
f 548//467 494//468 491//315
f 550//469 492//470 494//353
f 542//471 552//472 546//473
f 546//474 548//475 540//476
f 659//477 606//345 603//478
f 665//919 604//920 606//345
f 605//480 602//481 598//482
f 608//483 596//484 602//485
f 652//486 664//487 655//921
f 655//489 660//490 653//491
f 498//492 496//493 492//494
f 504//495 493//496 496//497
f 555//498 501//499 498//389
f 557//922 499//501 501//387
f 549//502 559//923 553//504
f 553//505 555//506 547//507
f 666//508 613//509 610//328
f 672//510 611//377 613//509
f 612//511 609//512 605//924
f 615//514 603//925 609//516
f 659//926 671//518 662//519
f 662//520 667//521 660//522
f 500//523 455//927 451//525
f 503//526 449//527 455//528
f 505//529 560//928 508//531
f 508//532 556//533 506//534
f 610//535 566//536 562//537
f 616//538 563//929 566//540
f 619//930 669//542 623//543
f 623//544 666//545 617//546
f 554//291 449//291 499//291
f 507//297 456//297 450//297
f 458//438 563//438 451//438
f 451//438 612//438 500//438
f 458//438 577//438 570//438
f 512//306 463//306 457//306
f 465//438 584//438 577//438
f 519//547 470//547 464//547
f 472//438 591//438 584//438
f 526//328 477//328 471//328
f 486//438 591//438 479//438
f 533//331 484//331 478//331
f 493//438 598//438 486//438
f 540//315 491//315 485//315
f 500//438 605//438 493//438
f 547//548 498//548 492//548
f 506//309 625//309 514//309
f 506//309 667//309 619//309
f 514//309 632//309 521//309
f 521//309 639//309 528//309
f 528//309 646//309 535//309
f 535//309 653//309 542//309
f 549//309 653//309 660//309
f 556//309 660//309 667//309
f 626//331 561//331 569//331
f 617//328 610//328 562//328
f 633//315 568//315 576//315
f 640//548 575//548 583//548
f 647//291 582//291 590//291
f 654//297 589//297 597//297
f 661//306 596//306 604//306
f 668//547 603//547 611//547
f 673//549 677//550 679//551
f 674//552 677//553 676//769
f 675//555 677//556 678//557
f 680//558 684//559 686//560
f 681//561 684//562 683//770
f 682//564 684//565 685//566
f 687//567 691//568 693//678
f 688//570 691//571 690//572
f 689//573 691//574 692//771
f 694//576 698//577 700//578
f 695//579 698//580 697//581
f 696//582 698//583 699//681
f 701//585 705//586 707//587
f 702//588 705//589 704//590
f 703//591 705//592 706//593
f 708//594 712//595 714//684
f 709//597 712//598 711//599
f 710//600 712//601 713//602
f 715//603 719//604 721//685
f 716//606 719//607 718//608
f 717//609 719//610 720//611
f 722//612 726//613 728//931
f 723//615 726//616 725//617
f 724//932 726//933 727//620
f 681//621 679//622 675//297
f 679//623 680//624 673//438
f 694//625 678//626 674//548
f 678//934 696//935 675//297
f 689//936 699//630 693//631
f 699//632 687//633 693//631
f 689//634 685//635 681//297
f 685//937 688//938 682//547
f 723//638 707//639 703//331
f 707//939 722//940 701//548
f 708//642 706//941 702//438
f 706//644 710//645 703//331
f 715//646 713//647 709//547
f 713//942 717//943 710//331
f 716//944 727//651 720//655
f 727//653 717//654 720//655
f 702//656 676//763 673//438
f 704//945 674//946 676//726
f 709//661 686//662 682//547
f 686//947 708//948 680//438
f 716//666 690//667 687//309
f 718//949 688//950 690//735
f 722//670 697//671 694//548
f 728//768 695//674 697//675
f 680//438 702//438 673//438
f 696//297 681//297 675//297
f 674//548 722//548 694//548
f 688//547 709//547 682//547
f 695//309 716//309 687//309
f 710//331 723//331 703//331
f 729//549 733//550 735//740
f 730//552 733//553 732//769
f 731//555 733//556 734//951
f 736//558 740//559 742//560
f 737//561 740//562 739//563
f 738//564 740//565 741//566
f 743//567 747//568 749//569
f 744//570 747//571 746//679
f 745//573 747//574 748//952
f 750//576 754//577 756//680
f 751//579 754//580 753//581
f 752//582 754//583 755//681
f 757//585 761//586 763//587
f 758//588 761//589 760//683
f 759//591 761//592 762//593
f 764//594 768//595 770//596
f 765//597 768//598 767//599
f 766//600 768//601 769//953
f 771//603 775//604 777//685
f 772//606 775//607 774//608
f 773//609 775//954 776//611
f 778//612 782//613 784//614
f 779//615 782//616 781//955
f 780//618 782//619 783//741
f 731//688 739//689 735//690
f 739//691 729//692 735//690
f 750//693 734//694 730//548
f 756//695 731//956 734//291
f 752//697 749//957 745//297
f 749//699 751//700 743//918
f 745//701 741//781 737//297
f 748//703 738//704 741//306
f 779//705 763//706 759//331
f 781//707 757//708 763//315
f 758//709 770//958 762//959
f 770//712 759//713 762//711
f 771//714 769//715 765//547
f 777//716 766//960 769//328
f 780//718 776//719 772//961
f 776//962 779//721 773//331
f 758//722 732//963 729//438
f 760//964 730//725 732//726
f 765//727 742//728 738//547
f 767//729 736//965 742//665
f 772//731 746//732 743//309
f 774//733 744//734 746//735
f 778//736 753//966 750//548
f 784//967 751//968 753//675
f 736//438 758//438 729//438
f 752//297 737//297 731//297
f 730//548 778//548 750//548
f 744//547 765//547 738//547
f 751//309 772//309 743//309
f 766//331 779//331 759//331
f 785//549 789//550 791//551
f 786//552 789//553 788//554
f 787//555 789//556 790//557
f 792//558 796//559 798//560
f 793//561 796//562 795//563
f 794//564 796//565 797//677
f 799//969 803//970 805//678
f 800//570 803//571 802//572
f 801//573 803//574 804//575
f 806//576 810//577 812//578
f 807//579 810//580 809//971
f 808//582 810//583 811//681
f 813//585 817//586 819//682
f 814//588 817//589 816//590
f 815//591 817//592 818//593
f 820//594 824//595 826//684
f 821//597 824//598 823//599
f 822//600 824//601 825//602
f 827//603 831//604 833//685
f 828//606 831//607 830//608
f 829//609 831//610 832//972
f 834//612 838//613 840//931
f 835//615 838//616 837//687
f 836//618 838//619 839//620
f 787//742 795//743 791//690
f 795//744 785//745 791//690
f 806//625 790//626 786//548
f 790//934 808//935 787//297
f 808//746 805//747 801//297
f 805//748 807//749 799//309
f 801//634 797//635 793//297
f 797//937 800//938 794//547
f 835//638 819//639 815//331
f 819//939 834//940 813//548
f 814//754 826//755 818//711
f 826//757 815//973 818//711
f 827//646 825//647 821//547
f 825//942 829//943 822//331
f 836//759 832//974 828//309
f 832//761 835//762 829//331
f 814//656 788//763 785//438
f 816//945 786//946 788//726
f 821//661 798//662 794//764
f 823//663 792//975 798//665
f 828//666 802//667 799//309
f 830//949 800//950 802//735
f 834//670 809//671 806//548
f 840//976 807//674 809//675
f 792//438 814//438 785//438
f 808//297 793//297 787//297
f 786//548 834//548 806//548
f 800//547 821//547 794//547
f 807//309 828//309 799//309
f 822//331 835//331 815//331
f 841//549 845//550 847//740
f 842//552 845//553 844//769
f 843//555 845//556 846//951
f 848//558 852//559 854//560
f 849//561 852//562 851//770
f 850//564 852//565 853//677
f 855//567 859//568 861//569
f 856//570 859//571 858//679
f 857//573 859//574 860//952
f 862//576 866//577 868//680
f 863//579 866//580 865//581
f 864//582 866//583 867//584
f 869//585 873//586 875//587
f 870//588 873//589 872//590
f 871//591 873//977 874//593
f 876//594 880//595 882//596
f 877//597 880//598 879//599
f 878//600 880//601 881//953
f 883//603 887//604 889//685
f 884//606 887//607 886//686
f 885//609 887//610 888//611
f 890//612 894//613 896//614
f 891//615 894//616 893//955
f 892//618 894//619 895//741
f 849//773 847//978 843//297
f 847//775 848//776 841//320
f 842//979 868//980 846//291
f 868//695 843//956 846//291
f 857//777 867//778 861//631
f 867//779 855//780 861//631
f 857//701 853//781 849//297
f 860//703 850//704 853//306
f 891//705 875//706 871//331
f 893//707 869//708 875//315
f 876//783 874//784 870//981
f 874//982 878//786 871//331
f 883//714 881//715 877//547
f 889//716 878//960 881//328
f 884//787 895//983 888//984
f 895//789 885//790 888//655
f 870//722 844//723 841//438
f 872//724 842//725 844//726
f 877//727 854//985 850//547
f 879//986 848//965 854//665
f 884//731 858//987 855//309
f 886//988 856//734 858//735
f 890//736 865//737 862//548
f 896//738 863//968 865//675
f 848//438 870//438 841//438
f 864//297 849//297 843//297
f 842//548 890//548 862//548
f 856//547 877//547 850//547
f 863//309 884//309 855//309
f 878//331 891//331 871//331
f 900//1 903//2 897//3
f 902//791 900//5 898//6
f 899//792 901//989 902//9
f 907//10 910//793 904//12
f 909//990 907//14 905//15
f 906//991 908//17 909//18
f 911//19 915//20 917//21
f 916//797 914//798 912//24
f 913//992 915//26 916//993
f 921//799 924//29 918//30
f 923//800 921//32 919//33
f 920//34 922//994 923//995
f 925//802 929//38 931//803
f 930//40 928//996 926//42
f 927//805 929//806 930//997
f 935//998 938//47 932//48
f 933//49 936//50 935//51
f 934//999 936//1000 937//1001
f 942//811 945//56 939//57
f 944//58 942//59 940//60
f 941//1002 943//1003 944//1004
f 949//1005 952//65 946//66
f 947//67 950//1006 949//69
f 948//1007 950//1008 951//1009
f 956//1010 959//74 953//75
f 954//76 957//1011 956//78
f 959//79 958//1012 955//81
f 963//82 966//1013 960//84
f 965//85 963//86 961//87
f 962//1014 964//89 965//90
f 970//1015 973//92 967//93
f 968//94 971//95 970//96
f 969//97 971//1016 972//99
f 977//819 980//1017 974//102
f 979//1018 977//1019 975//105
f 976//1020 978//107 979//108
f 984//1021 987//110 981//111
f 982//112 985//113 984//1022
f 983//115 985//116 986//1023
f 988//118 992//1024 994//120
f 993//121 991//122 989//1025
f 990//1026 992//125 993//126
f 998//1027 1001//128 995//129
f 1000//130 998//1028 996//1029
f 997//1030 999//134 1000//1031
f 1002//136 1006//137 1008//1032
f 1007//1033 1005//1034 1003//141
f 1004//142 1006//827 1007//144
f 1012//145 1015//146 1009//147
f 1014//1035 1012//149 1010//150
f 1015//832 1014//1036 1011//153
f 1019//154 1022//155 1016//156
f 1021//157 1019//1037 1017//159
f 1022//1038 1021//1039 1018//835
f 1023//163 1027//1040 1029//1041
f 1024//166 1027//167 1026//168
f 1029//836 1028//1042 1025//837
f 1033//1043 1036//1044 1030//174
f 1035//175 1033//176 1031//177
f 1036//178 1035//839 1032//180
f 1040//181 1043//182 1037//183
f 1042//184 1040//185 1038//841
f 1043//187 1042//843 1039//189
f 1047//1045 1050//1046 1044//1047
f 1049//193 1047//194 1045//195
f 1050//1048 1049//1049 1046//1050
f 1054//199 1057//1051 1051//201
f 1056//1052 1054//203 1052//204
f 1057//846 1056//206 1053//847
f 1058//208 1062//849 1064//210
f 1059//211 1062//212 1061//1053
f 1064//214 1063//1054 1060//1055
f 1068//217 1071//854 1065//219
f 1070//220 1068//1056 1066//222
f 1071//855 1070//224 1067//225
f 1075//226 1078//227 1072//228
f 1077//229 1075//230 1073//231
f 1078//232 1077//1057 1074//234
f 1079//1058 1083//236 1085//237
f 1084//238 1082//1059 1080//1060
f 1081//1061 1083//1062 1084//862
f 1089//1063 1092//245 1086//246
f 1091//247 1089//248 1087//1064
f 1092//250 1091//1065 1088//252
f 1096//253 1099//254 1093//1066
f 1098//256 1096//257 1094//258
f 1099//259 1098//260 1095//1067
f 1103//262 1106//864 1100//264
f 1105//265 1103//266 1101//267
f 1106//268 1105//269 1102//270
f 1110//271 1113//272 1107//273
f 1112//274 1110//275 1108//276
f 1113//1068 1112//869 1109//279
f 1114//280 1118//281 1120//282
f 1119//1069 1117//284 1115//1070
f 1116//1071 1118//1072 1119//1073
f 953//289 900//290 897//291
f 959//292 898//1074 900//294
f 904//295 902//874 898//297
f 910//1075 899//299 902//300
f 961//1076 907//302 904//303
f 963//878 905//879 907//448
f 954//1077 965//1078 958//1079
f 965//310 955//311 958//1079
f 1072//313 1019//314 1016//315
f 1078//316 1017//317 1019//314
f 1018//880 1015//881 1011//320
f 1021//321 1009//322 1015//1080
f 1066//324 1012//325 1009//326
f 1068//327 1010//328 1012//325
f 1074//329 1070//1081 1066//331
f 1077//1082 1067//1083 1070//1084
f 905//1085 917//336 909//1086
f 909//338 913//339 906//1087
f 968//341 914//342 911//306
f 970//343 912//344 914//345
f 969//346 966//1088 962//348
f 972//1089 960//350 966//351
f 1079//352 1026//353 1023//354
f 1085//355 1024//315 1026//353
f 1018//357 1028//358 1022//359
f 1022//360 1024//361 1016//362
f 1081//1090 1075//364 1072//365
f 1084//366 1073//886 1075//1091
f 912//369 924//1092 916//371
f 916//1093 920//373 913//374
f 975//375 921//376 918//377
f 977//887 919//888 921//509
f 976//380 973//1094 969//382
f 979//383 967//384 973//1095
f 1086//386 1033//387 1030//889
f 1092//388 1031//389 1033//387
f 1025//390 1035//391 1029//392
f 1029//393 1031//394 1023//395
f 1088//396 1082//397 1079//398
f 1091//399 1080//400 1082//401
f 919//890 931//403 923//404
f 923//1096 927//406 920//407
f 982//408 928//409 925//328
f 984//410 926//411 928//1097
f 983//412 980//413 976//414
f 986//415 974//893 980//417
f 1093//418 1040//294 1037//419
f 1099//420 1038//291 1040//294
f 1032//421 1042//422 1036//896
f 1036//897 1038//425 1030//426
f 1095//427 1089//428 1086//429
f 1098//1098 1087//431 1089//432
f 932//902 930//1099 926//331
f 938//1100 927//1101 930//1102
f 989//907 935//440 932//317
f 991//441 933//442 935//314
f 990//443 987//444 983//961
f 993//911 981//433 987//910
f 1100//447 1047//448 1044//449
f 1106//450 1045//303 1047//448
f 1046//451 1043//452 1039//438
f 1049//453 1037//454 1043//915
f 1102//456 1096//457 1093//297
f 1105//458 1094//459 1096//460
f 939//461 937//462 933//463
f 945//464 934//465 937//466
f 996//467 942//468 939//315
f 998//1103 940//470 942//353
f 990//1104 1000//472 994//473
f 994//474 996//1105 988//476
f 1107//477 1054//345 1051//478
f 1113//919 1052//920 1054//345
f 1053//1106 1050//481 1046//482
f 1056//483 1044//1107 1050//485
f 1100//486 1112//487 1103//488
f 1103//489 1108//490 1101//491
f 946//492 944//493 940//494
f 952//495 941//1108 944//497
f 1003//498 949//499 946//389
f 1005//1109 947//501 949//387
f 997//502 1007//1110 1001//504
f 1001//505 1003//506 995//507
f 1114//508 1061//509 1058//328
f 1120//510 1059//377 1061//509
f 1060//511 1057//512 1053//513
f 1063//514 1051//515 1057//516
f 1107//926 1119//518 1110//519
f 1110//1111 1115//1112 1108//522
f 948//523 903//927 899//1113
f 951//526 897//527 903//528
f 953//529 1008//530 956//531
f 956//1114 1004//1115 954//534
f 1058//1116 1014//536 1010//537
f 1064//538 1011//929 1014//540
f 1067//930 1117//542 1071//543
f 1071//1117 1114//1118 1065//546
f 1002//291 897//291 947//291
f 955//297 904//297 898//297
f 906//438 1011//438 899//438
f 899//438 1060//438 948//438
f 906//438 1025//438 1018//438
f 960//306 911//306 905//306
f 913//438 1032//438 1025//438
f 967//547 918//547 912//547
f 920//438 1039//438 1032//438
f 974//328 925//328 919//328
f 934//438 1039//438 927//438
f 981//331 932//331 926//331
f 941//438 1046//438 934//438
f 988//315 939//315 933//315
f 948//438 1053//438 941//438
f 995//548 946//548 940//548
f 954//309 1073//309 962//309
f 954//309 1115//309 1067//309
f 962//309 1080//309 969//309
f 969//309 1087//309 976//309
f 976//309 1094//309 983//309
f 983//309 1101//309 990//309
f 997//309 1101//309 1108//309
f 1004//309 1108//309 1115//309
f 1074//331 1009//331 1017//331
f 1065//328 1058//328 1010//328
f 1081//315 1016//315 1024//315
f 1088//548 1023//548 1031//548
f 1095//291 1030//291 1038//291
f 1102//297 1037//297 1045//297
f 1109//306 1044//306 1052//306
f 1116//547 1051//547 1059//547
f 1121//1119 1125//1120 1127//1121
f 1122//552 1125//553 1124//554
f 1123//555 1125//556 1126//557
f 1128//1122 1132//1123 1134//1124
f 1129//561 1132//562 1131//563
f 1130//564 1132//565 1133//677
f 1135//969 1139//970 1141//1125
f 1136//570 1139//571 1138//572
f 1137//573 1139//574 1140//771
f 1142//576 1146//577 1148//680
f 1143//1126 1146//1127 1145//1128
f 1144//582 1146//583 1147//584
f 1149//585 1153//586 1155//682
f 1150//1129 1153//1130 1152//1131
f 1151//591 1153//592 1154//593
f 1156//1132 1160//1133 1162//1134
f 1157//597 1160//598 1159//599
f 1158//600 1160//601 1161//772
f 1163//603 1167//604 1169//685
f 1164//1135 1167//1136 1166//1137
f 1165//609 1167//610 1168//611
f 1170//612 1174//613 1176//931
f 1171//615 1174//616 1173//617
f 1172//932 1174//933 1175//1138
f 1129//621 1127//622 1123//297
f 1127//1139 1128//1140 1121//320
f 1142//625 1126//626 1122//548
f 1148//627 1123//628 1126//291
f 1137//629 1147//630 1141//631
f 1147//632 1135//1141 1141//1142
f 1137//634 1133//635 1129//297
f 1140//636 1130//637 1133//306
f 1171//638 1155//639 1151//331
f 1173//640 1149//641 1155//315
f 1156//1143 1154//1144 1150//981
f 1154//644 1158//645 1151//331
f 1163//646 1161//647 1157//547
f 1169//648 1158//649 1161//328
f 1164//944 1175//651 1168//1145
f 1175//653 1165//1146 1168//655
f 1150//656 1124//763 1121//438
f 1152//945 1122//946 1124//726
f 1157//661 1134//662 1130//547
f 1159//663 1128//664 1134//665
f 1164//666 1138//667 1135//309
f 1166//949 1136//950 1138//735
f 1170//670 1145//671 1142//672
f 1176//768 1143//1147 1145//675
f 1128//438 1150//438 1121//438
f 1144//297 1129//297 1123//297
f 1122//548 1170//548 1142//548
f 1136//547 1157//547 1130//547
f 1143//309 1164//309 1135//309
f 1158//331 1171//331 1151//331
f 1177//549 1181//550 1183//740
f 1178//552 1181//553 1180//769
f 1179//1148 1181//556 1182//951
f 1184//1149 1188//559 1190//1150
f 1185//561 1188//562 1187//563
f 1186//564 1188//565 1189//566
f 1191//567 1195//568 1197//569
f 1192//570 1195//571 1194//679
f 1193//1151 1195//1152 1196//952
f 1198//576 1202//577 1204//680
f 1199//1153 1202//580 1201//1154
f 1200//582 1202//583 1203//681
f 1205//585 1209//586 1211//682
f 1206//1155 1209//589 1208//1156
f 1207//591 1209//592 1210//1157
f 1212//594 1216//595 1218//596
f 1213//597 1216//598 1215//599
f 1214//1158 1216//1159 1217//953
f 1219//603 1223//604 1225//605
f 1220//1160 1223//607 1222//1161
f 1221//609 1223//610 1224//611
f 1226//612 1230//613 1232//614
f 1227//1162 1230//616 1229//955
f 1228//618 1230//619 1231//741
f 1179//688 1187//689 1183//690
f 1187//1163 1177//1164 1183//690
f 1198//693 1182//694 1178//548
f 1204//695 1179//696 1182//291
f 1200//697 1197//698 1193//297
f 1197//1165 1199//1166 1191//309
f 1193//701 1189//781 1185//297
f 1196//703 1186//704 1189//306
f 1227//705 1211//706 1207//317
f 1229//707 1205//708 1211//315
f 1206//1167 1218//1168 1210//711
f 1218//712 1207//713 1210//711
f 1219//714 1217//715 1213//547
f 1225//716 1214//717 1217//328
f 1228//1169 1224//1170 1220//309
f 1224//720 1227//721 1221//331
f 1206//722 1180//723 1177//438
f 1208//724 1178//725 1180//726
f 1213//727 1190//728 1186//547
f 1215//729 1184//730 1190//665
f 1220//731 1194//732 1191//309
f 1222//733 1192//734 1194//735
f 1226//736 1201//737 1198//548
f 1232//738 1199//739 1201//675
f 1184//438 1206//438 1177//438
f 1200//297 1185//297 1179//297
f 1178//548 1226//548 1198//548
f 1192//547 1213//547 1186//547
f 1199//309 1220//309 1191//309
f 1214//331 1227//331 1207//331
f 1233//1119 1237//1120 1239//1121
f 1234//552 1237//553 1236//554
f 1235//555 1237//556 1238//676
f 1240//1122 1244//1123 1246//1124
f 1241//561 1244//562 1243//563
f 1242//564 1244//565 1245//566
f 1247//969 1251//970 1253//1125
f 1248//570 1251//571 1250//572
f 1249//573 1251//574 1252//575
f 1254//576 1258//577 1260//578
f 1255//1126 1258//1127 1257//1128
f 1256//582 1258//583 1259//584
f 1261//585 1265//586 1267//587
f 1262//1129 1265//1130 1264//1131
f 1263//591 1265//592 1266//593
f 1268//1132 1272//1133 1274//1134
f 1269//597 1272//598 1271//1171
f 1270//600 1272//601 1273//602
f 1275//603 1279//604 1281//605
f 1276//1135 1279//1136 1278//1137
f 1277//609 1279//610 1280//611
f 1282//612 1286//613 1288//614
f 1283//615 1286//616 1285//687
f 1284//932 1286//933 1287//1138
f 1235//742 1243//743 1239//690
f 1243//744 1233//1172 1239//1173
f 1254//625 1238//626 1234//548
f 1260//627 1235//628 1238//291
f 1256//746 1253//747 1249//297
f 1253//1174 1255//1175 1247//918
f 1249//634 1245//635 1241//297
f 1252//750 1242//751 1245//306
f 1283//638 1267//639 1263//331
f 1285//752 1261//753 1267//315
f 1262//1176 1274//755 1266//1177
f 1274//757 1263//973 1266//711
f 1275//646 1273//647 1269//547
f 1281//648 1270//649 1273//328
f 1284//1178 1280//1179 1276//961
f 1280//761 1283//762 1277//331
f 1262//656 1236//763 1233//438
f 1264//945 1234//946 1236//726
f 1269//661 1246//662 1242//764
f 1271//663 1240//975 1246//665
f 1276//666 1250//667 1247//309
f 1278//949 1248//950 1250//735
f 1282//670 1257//671 1254//548
f 1288//768 1255//674 1257//675
f 1240//438 1262//438 1233//438
f 1256//297 1241//297 1235//297
f 1234//548 1282//548 1254//548
f 1248//547 1269//547 1242//547
f 1255//309 1276//309 1247//309
f 1270//331 1283//331 1263//331
f 1289//549 1293//550 1295//740
f 1290//552 1293//553 1292//769
f 1291//1148 1293//1180 1294//951
f 1296//1149 1300//559 1302//1150
f 1297//561 1300//562 1299//770
f 1298//564 1300//565 1301//566
f 1303//567 1307//568 1309//569
f 1304//570 1307//571 1306//679
f 1305//1151 1307//574 1308//952
f 1310//576 1314//577 1316//680
f 1311//1153 1314//580 1313//1154
f 1312//582 1314//583 1315//584
f 1317//585 1321//586 1323//682
f 1318//1155 1321//589 1320//1156
f 1319//591 1321//592 1322//593
f 1324//594 1328//595 1330//596
f 1325//597 1328//598 1327//599
f 1326//1158 1328//601 1329//953
f 1331//603 1335//604 1337//605
f 1332//1160 1335//607 1334//1161
f 1333//609 1335//610 1336//972
f 1338//612 1342//613 1344//614
f 1339//1162 1342//1181 1341//955
f 1340//618 1342//619 1343//741
f 1297//773 1295//774 1291//297
f 1295//1182 1296//1183 1289//438
f 1310//693 1294//694 1290//548
f 1316//695 1291//696 1294//291
f 1305//777 1315//778 1309//631
f 1315//1184 1303//1185 1309//631
f 1305//701 1301//781 1297//297
f 1308//703 1298//704 1301//306
f 1339//705 1323//782 1319//317
f 1341//707 1317//708 1323//315
f 1324//1186 1322//1187 1318//438
f 1322//785 1326//786 1319//331
f 1331//714 1329//715 1325//547
f 1337//716 1326//717 1329//328
f 1332//1188 1343//1189 1336//655
f 1343//789 1333//790 1336//655
f 1318//722 1292//723 1289//438
f 1320//724 1290//725 1292//726
f 1325//727 1302//728 1298//547
f 1327//729 1296//730 1302//665
f 1332//731 1306//732 1303//309
f 1334//733 1304//734 1306//735
f 1338//736 1313//737 1310//548
f 1344//738 1311//739 1313//675
f 1296//438 1318//438 1289//438
f 1312//297 1297//297 1291//297
f 1290//548 1338//548 1310//548
f 1304//547 1325//547 1298//547
f 1311//309 1332//309 1303//309
f 1326//331 1339//331 1319//331
f 1348//1 1351//2 1345//3
f 1350//791 1348//5 1346//6
f 1347//1190 1349//8 1350//9
f 1355//10 1358//793 1352//12
f 1357//990 1355//14 1353//15
f 1354//991 1356//17 1357//18
f 1359//19 1363//20 1365//21
f 1364//1191 1362//798 1360//24
f 1361//25 1363//26 1364//993
f 1369//799 1372//1192 1366//30
f 1371//1193 1369//32 1367//33
f 1368//34 1370//35 1371//36
f 1373//802 1377//38 1379//803
f 1378//40 1376//996 1374//1194
f 1375//1195 1377//44 1378//997
f 1383//998 1386//47 1380//48
f 1381//49 1384//50 1383//51
f 1382//1196 1384//1000 1385//1001
f 1390//811 1393//56 1387//57
f 1392//1197 1390//59 1388//60
f 1389//61 1391//1198 1392//1004
f 1397//1005 1400//65 1394//66
f 1395//67 1398//1006 1397//69
f 1396//1199 1398//1008 1399//1009
f 1404//1010 1407//74 1401//75
f 1402//1200 1405//77 1404//1201
f 1407//79 1406//1012 1403//81
f 1411//82 1414//1202 1408//84
f 1413//85 1411//86 1409//87
f 1410//1203 1412//89 1413//90
f 1418//1015 1421//92 1415//93
f 1416//94 1419//95 1418//96
f 1417//1204 1419//1205 1420//1206
f 1425//819 1428//101 1422//102
f 1427//103 1425//104 1423//105
f 1424//106 1426//1207 1427//1208
f 1432//1021 1435//110 1429//111
f 1430//112 1433//113 1432//114
f 1431//115 1433//1209 1434//1210
f 1436//118 1440//119 1442//120
f 1441//121 1439//122 1437//822
f 1438//1211 1440//1212 1441//1213
f 1446//127 1449//128 1443//129
f 1448//1214 1446//131 1444//132
f 1445//133 1447//134 1448//135
f 1450//136 1454//137 1456//138
f 1455//1033 1453//140 1451//141
f 1452//142 1454//143 1455//828
f 1460//145 1463//146 1457//147
f 1462//1035 1460//1215 1458//150
f 1463//1216 1462//1036 1459//153
f 1467//154 1470//155 1464//156
f 1469//157 1467//1037 1465//159
f 1470//160 1469//1217 1466//835
f 1471//163 1475//1218 1477//1041
f 1472//166 1475//167 1474//168
f 1477//1219 1476//170 1473//171
f 1481//1043 1484//1044 1478//174
f 1483//175 1481//176 1479//177
f 1484//178 1483//1220 1480//180
f 1488//181 1491//182 1485//183
f 1490//184 1488//1221 1486//186
f 1491//187 1490//188 1487//1222
f 1495//190 1498//191 1492//1223
f 1497//193 1495//194 1493//195
f 1498//196 1497//197 1494//198
f 1502//199 1505//1051 1499//201
f 1504//1224 1502//203 1500//204
f 1505//846 1504//206 1501//847
f 1506//208 1510//1225 1512//1226
f 1507//211 1510//212 1509//852
f 1512//214 1511//1227 1508//216
f 1516//217 1519//854 1513//219
f 1518//220 1516//1056 1514//222
f 1519//223 1518//1228 1515//857
f 1523//226 1526//1229 1520//228
f 1525//229 1523//230 1521//231
f 1526//232 1525//1057 1522//234
f 1527//235 1531//236 1533//237
f 1532//238 1530//1230 1528//240
f 1529//241 1531//242 1532//1231
f 1537//1232 1540//245 1534//246
f 1539//247 1537//248 1535//1064
f 1540//250 1539//1065 1536//252
f 1544//253 1547//254 1541//255
f 1546//256 1544//257 1542//258
f 1547//259 1546//260 1543//1233
f 1551//262 1554//263 1548//865
f 1553//265 1551//266 1549//1234
f 1554//268 1553//1235 1550//270
f 1558//271 1561//272 1555//273
f 1560//867 1558//1236 1556//276
f 1561//1068 1560//869 1557//279
f 1562//280 1566//281 1568//282
f 1567//870 1565//871 1563//1070
f 1564//286 1566//1237 1567//1238
f 1401//289 1348//290 1345//291
f 1407//292 1346//1074 1348//294
f 1352//295 1350//874 1346//297
f 1350//1239 1354//876 1347//981
f 1409//1076 1355//302 1352//303
f 1411//878 1353//879 1355//448
f 1402//1077 1413//1078 1406//1079
f 1413//310 1403//311 1406//1079
f 1520//313 1467//314 1464//315
f 1526//316 1465//317 1467//314
f 1466//880 1463//319 1459//438
f 1469//321 1457//322 1463//1080
f 1514//324 1460//325 1457//326
f 1516//327 1458//328 1460//325
f 1522//329 1518//1081 1514//331
f 1525//1082 1515//1083 1518//1084
f 1353//335 1365//1240 1357//337
f 1357//1241 1361//339 1354//1087
f 1416//341 1362//342 1359//306
f 1418//343 1360//344 1362//345
f 1417//346 1414//1242 1410//348
f 1420//1243 1408//1244 1414//351
f 1527//352 1474//353 1471//354
f 1533//355 1472//315 1474//353
f 1466//357 1476//358 1470//359
f 1470//360 1472//361 1464//362
f 1529//363 1523//364 1520//365
f 1532//1245 1521//1246 1523//1247
f 1360//369 1372//1092 1364//371
f 1364//1093 1368//373 1361//374
f 1423//375 1369//376 1366//377
f 1425//887 1367//888 1369//509
f 1424//380 1421//1094 1417//382
f 1427//383 1415//384 1421//1095
f 1534//386 1481//387 1478//889
f 1540//388 1479//389 1481//387
f 1473//390 1483//391 1477//392
f 1477//393 1479//394 1471//395
f 1536//396 1530//397 1527//398
f 1539//399 1528//400 1530//401
f 1367//890 1379//403 1371//404
f 1371//1248 1375//1249 1368//1250
f 1430//408 1376//409 1373//328
f 1432//410 1374//411 1376//1097
f 1431//412 1428//413 1424//414
f 1434//415 1422//893 1428//417
f 1541//418 1488//294 1485//419
f 1488//294 1543//894 1486//895
f 1480//421 1490//422 1484//423
f 1484//897 1486//425 1478//426
f 1543//427 1537//428 1534//898
f 1546//1098 1535//900 1537//432
f 1380//902 1378//903 1374//331
f 1386//1251 1375//1101 1378//435
f 1437//907 1383//440 1380//317
f 1439//441 1381//442 1383//314
f 1438//443 1435//444 1431//961
f 1441//911 1429//433 1435//910
f 1492//306 1554//1252 1495//448
f 1554//450 1493//303 1495//448
f 1494//1253 1491//1254 1487//981
f 1497//453 1485//454 1491//915
f 1550//456 1544//457 1541//297
f 1553//458 1542//459 1544//460
f 1387//461 1385//1255 1381//463
f 1393//464 1382//465 1385//466
f 1444//467 1390//468 1387//315
f 1446//1103 1388//470 1390//353
f 1438//471 1448//472 1442//473
f 1442//1256 1444//475 1436//476
f 1555//477 1502//345 1499//478
f 1561//919 1500//920 1502//345
f 1501//480 1498//481 1494//482
f 1504//483 1492//484 1498//485
f 1548//1257 1560//487 1551//921
f 1551//489 1556//490 1549//491
f 1394//492 1392//493 1388//494
f 1400//495 1389//1108 1392//497
f 1451//498 1397//499 1394//389
f 1453//1109 1395//501 1397//387
f 1445//502 1455//1110 1449//504
f 1449//505 1451//506 1443//507
f 1562//508 1509//509 1506//328
f 1568//510 1507//377 1509//509
f 1508//1258 1505//1259 1501//513
f 1511//514 1499//925 1505//516
f 1555//926 1567//518 1558//519
f 1558//1111 1563//1112 1556//522
f 1396//523 1351//524 1347//525
f 1399//526 1345//1260 1351//528
f 1401//529 1456//530 1404//531
f 1404//532 1452//533 1402//1261
f 1506//1116 1462//536 1458//537
f 1512//538 1459//929 1462//540
f 1515//541 1565//542 1519//543
f 1519//544 1562//545 1513//546
f 1450//291 1345//291 1395//291
f 1403//297 1352//297 1346//297
f 1354//438 1459//438 1347//438
f 1347//438 1508//438 1396//438
f 1354//438 1473//438 1466//438
f 1408//306 1359//306 1353//306
f 1361//438 1480//438 1473//438
f 1415//547 1366//547 1360//547
f 1368//438 1487//438 1480//438
f 1422//328 1373//328 1367//328
f 1382//438 1487//438 1375//438
f 1429//331 1380//331 1374//331
f 1389//438 1494//438 1382//438
f 1436//315 1387//315 1381//315
f 1396//438 1501//438 1389//438
f 1443//548 1394//548 1388//548
f 1402//309 1521//309 1410//309
f 1402//309 1563//309 1515//309
f 1410//309 1528//309 1417//309
f 1417//309 1535//309 1424//309
f 1424//309 1542//309 1431//309
f 1431//309 1549//309 1438//309
f 1445//309 1549//309 1556//309
f 1452//309 1556//309 1563//309
f 1522//331 1457//331 1465//331
f 1513//328 1506//328 1458//328
f 1529//315 1464//315 1472//315
f 1536//548 1471//548 1479//548
f 1486//291 1534//291 1478//291
f 1550//297 1485//297 1493//297
f 1500//306 1548//306 1492//306
f 1564//547 1499//547 1507//547
f 1569//1119 1573//1120 1575//1121
f 1570//552 1573//553 1572//769
f 1571//555 1573//556 1574//557
f 1576//558 1580//1262 1582//560
f 1577//1263 1580//1264 1579//563
f 1578//564 1580//565 1581//677
f 1583//567 1587//568 1589//569
f 1584//1265 1587//571 1586//572
f 1585//573 1587//574 1588//771
f 1590//576 1594//577 1596//578
f 1591//579 1594//580 1593//581
f 1592//582 1594//583 1595//681
f 1597//585 1601//586 1603//587
f 1598//588 1601//589 1600//590
f 1599//591 1601//592 1602//1157
f 1604//594 1608//595 1610//596
f 1605//597 1608//598 1607//599
f 1606//600 1608//601 1609//772
f 1611//603 1615//604 1617//605
f 1612//606 1615//607 1614//608
f 1613//1266 1615//954 1616//1267
f 1618//612 1622//613 1624//614
f 1619//615 1622//616 1621//617
f 1620//932 1622//933 1623//1138
f 1577//621 1575//622 1571//1268
f 1575//623 1576//624 1569//320
f 1590//625 1574//626 1570//548
f 1596//627 1571//628 1574//291
f 1585//629 1595//630 1589//631
f 1595//632 1583//633 1589//631
f 1585//634 1581//635 1577//297
f 1588//636 1578//637 1581//306
f 1619//638 1603//639 1599//331
f 1621//640 1597//753 1603//315
f 1604//642 1602//941 1598//981
f 1602//644 1606//645 1599//331
f 1611//646 1609//647 1605//547
f 1617//648 1606//649 1609//328
f 1612//650 1623//651 1616//655
f 1623//653 1613//1146 1616//655
f 1598//656 1572//763 1569//438
f 1600//945 1570//946 1572//726
f 1605//661 1582//662 1578//547
f 1607//663 1576//664 1582//665
f 1612//666 1586//667 1583//309
f 1614//949 1584//950 1586//735
f 1618//670 1593//671 1590//672
f 1624//768 1591//1147 1593//675
f 1576//438 1598//438 1569//438
f 1592//297 1577//297 1571//297
f 1570//548 1618//548 1590//548
f 1584//547 1605//547 1578//547
f 1591//309 1612//309 1583//309
f 1606//331 1619//331 1599//331
f 1625//549 1629//550 1631//740
f 1626//552 1629//553 1628//769
f 1627//1148 1629//1180 1630//951
f 1632//1149 1636//559 1638//1150
f 1633//561 1636//562 1635//563
f 1634//564 1636//1269 1637//677
f 1639//567 1643//568 1645//569
f 1640//570 1643//571 1642//679
f 1641//1151 1643//1152 1644//952
f 1646//576 1650//577 1652//680
f 1647//1153 1650//580 1649//1154
f 1648//582 1650//583 1651//681
f 1653//585 1657//586 1659//682
f 1654//1155 1657//589 1656//1156
f 1655//591 1657//592 1658//1157
f 1660//594 1664//595 1666//596
f 1661//597 1664//598 1663//599
f 1662//1158 1664//1159 1665//953
f 1667//603 1671//1270 1673//685
f 1668//1160 1671//607 1670//1161
f 1669//609 1671//610 1672//611
f 1674//612 1678//613 1680//614
f 1675//1162 1678//1181 1677//955
f 1676//618 1678//619 1679//741
f 1627//688 1635//689 1631//690
f 1635//1163 1625//692 1631//690
f 1646//693 1630//694 1626//548
f 1652//695 1627//696 1630//291
f 1648//697 1645//698 1641//297
f 1645//699 1647//700 1639//309
f 1641//701 1637//781 1633//297
f 1644//703 1634//704 1637//306
f 1675//705 1659//706 1655//317
f 1677//707 1653//708 1659//315
f 1654//1167 1666//1168 1658//711
f 1666//712 1655//713 1658//711
f 1667//714 1665//715 1661//547
f 1673//716 1662//717 1665//328
f 1676//718 1672//719 1668//309
f 1672//720 1675//721 1669//331
f 1654//722 1628//723 1625//438
f 1656//724 1626//725 1628//726
f 1661//727 1638//728 1634//547
f 1663//729 1632//730 1638//665
f 1668//731 1642//732 1639//309
f 1670//733 1640//734 1642//735
f 1674//736 1649//737 1646//548
f 1680//738 1647//739 1649//675
f 1632//438 1654//438 1625//438
f 1648//297 1633//297 1627//297
f 1626//548 1674//548 1646//548
f 1640//547 1661//547 1634//547
f 1647//309 1668//309 1639//309
f 1662//331 1675//331 1655//331
f 1681//549 1685//550 1687//740
f 1682//552 1685//553 1684//554
f 1683//555 1685//556 1686//676
f 1688//558 1692//559 1694//560
f 1689//561 1692//562 1691//770
f 1690//564 1692//565 1693//677
f 1695//969 1699//970 1701//1125
f 1696//570 1699//571 1698//679
f 1697//573 1699//574 1700//575
f 1702//576 1706//577 1708//680
f 1703//579 1706//1271 1705//581
f 1704//1272 1706//1273 1707//584
f 1709//585 1713//586 1715//587
f 1710//588 1713//589 1712//590
f 1711//1274 1713//977 1714//1275
f 1716//1132 1720//1133 1722//1134
f 1717//597 1720//598 1719//599
f 1718//600 1720//601 1721//602
f 1723//603 1727//604 1729//685
f 1724//606 1727//607 1726//608
f 1725//609 1727//610 1728//972
f 1730//1276 1734//613 1736//931
f 1731//615 1734//616 1733//687
f 1732//618 1734//619 1735//741
f 1683//742 1691//743 1687//690
f 1691//744 1681//745 1687//690
f 1702//625 1686//626 1682//548
f 1708//627 1683//628 1686//291
f 1704//746 1701//747 1697//1277
f 1701//748 1703//749 1695//918
f 1697//634 1693//635 1689//297
f 1700//750 1690//751 1693//306
f 1731//638 1715//639 1711//331
f 1733//752 1709//753 1715//315
f 1710//754 1722//755 1714//711
f 1722//757 1711//973 1714//711
f 1723//646 1721//647 1717//547
f 1729//648 1718//649 1721//328
f 1732//759 1728//1278 1724//961
f 1728//761 1731//762 1725//331
f 1710//656 1684//763 1681//438
f 1712//945 1682//946 1684//726
f 1717//661 1694//662 1690//764
f 1719//663 1688//975 1694//665
f 1724//666 1698//667 1695//309
f 1726//949 1696//950 1698//735
f 1730//670 1705//671 1702//548
f 1736//768 1703//674 1705//675
f 1688//438 1710//438 1681//438
f 1704//297 1689//297 1683//297
f 1682//548 1730//548 1702//548
f 1696//547 1717//547 1690//547
f 1703//309 1724//309 1695//309
f 1718//331 1731//331 1711//331
f 1737//549 1741//550 1743//740
f 1738//552 1741//553 1740//769
f 1739//1148 1741//1180 1742//951
f 1744//1149 1748//559 1750//1150
f 1745//561 1748//562 1747//770
f 1746//564 1748//565 1749//566
f 1751//567 1755//568 1757//569
f 1752//570 1755//571 1754//679
f 1753//1151 1755//1152 1756//952
f 1758//576 1762//1279 1764//578
f 1759//1153 1762//580 1761//1154
f 1760//582 1762//583 1763//584
f 1765//585 1769//1280 1771//587
f 1766//1155 1769//589 1768//1156
f 1767//591 1769//592 1770//593
f 1772//594 1776//595 1778//596
f 1773//597 1776//598 1775//599
f 1774//1158 1776//1159 1777//953
f 1779//603 1783//604 1785//605
f 1780//1160 1783//607 1782//1161
f 1781//609 1783//610 1784//972
f 1786//612 1790//613 1792//614
f 1787//1162 1790//1181 1789//955
f 1788//618 1790//619 1791//741
f 1745//773 1743//774 1739//297
f 1743//775 1744//776 1737//438
f 1758//693 1742//694 1738//548
f 1764//695 1739//696 1742//291
f 1753//777 1763//778 1757//631
f 1763//779 1751//780 1757//631
f 1753//701 1749//781 1745//297
f 1756//703 1746//704 1749//306
f 1787//705 1771//782 1767//317
f 1789//707 1765//708 1771//315
f 1772//783 1770//784 1766//438
f 1770//785 1774//786 1767//331
f 1779//714 1777//715 1773//547
f 1785//716 1774//717 1777//328
f 1780//787 1791//788 1784//655
f 1791//789 1781//790 1784//655
f 1766//722 1740//723 1737//438
f 1768//724 1738//725 1740//726
f 1773//727 1750//728 1746//547
f 1775//729 1744//730 1750//665
f 1780//731 1754//732 1751//309
f 1782//733 1752//734 1754//735
f 1786//736 1761//737 1758//548
f 1792//738 1759//739 1761//675
f 1744//438 1766//438 1737//438
f 1760//297 1745//297 1739//297
f 1738//548 1786//548 1758//548
f 1752//547 1773//547 1746//547
f 1759//309 1780//309 1751//309
f 1774//331 1787//331 1767//331
f 1796//1281 1799//1282 1793//3
f 1798//791 1796//1283 1794//6
f 1795//1284 1797//1285 1798//9
f 1803//10 1806//1286 1800//1287
f 1805//13 1803//14 1801//15
f 1802//16 1804//17 1805//18
f 1807//19 1811//20 1813//1288
f 1812//22 1810//1289 1808//24
f 1809//25 1811//26 1812//993
f 1817//28 1820//29 1814//30
f 1819//1193 1817//32 1815//33
f 1816//34 1818//994 1819//36
f 1821//802 1825//1290 1827//803
f 1826//40 1824//996 1822//1291
f 1823//1292 1825//1293 1826//1294
f 1831//46 1834//47 1828//1295
f 1829//49 1832//1296 1831//51
f 1830//52 1832//53 1833//810
f 1838//55 1841//56 1835//1297
f 1840//58 1838//1298 1836//60
f 1837//61 1839//62 1840//1004
f 1845//64 1848//65 1842//66
f 1843//1299 1846//68 1845//69
f 1844//1300 1846//1301 1847//1302
f 1852//73 1855//74 1849//75
f 1850//76 1853//1303 1852//1304
f 1855//79 1854//1012 1851//1305
f 1859//1306 1862//815 1856//84
f 1861//1307 1859//1308 1857//87
f 1858//1309 1860//1310 1861//1311
f 1866//91 1869//1312 1863//93
f 1864//94 1867//95 1866//1313
f 1865//1314 1867//98 1868//1315
f 1873//100 1876//1316 1870//102
f 1875//103 1873//1019 1871//105
f 1872//106 1874//107 1875//1208
f 1880//109 1883//110 1877//1317
f 1878//112 1881//1318 1880//114
f 1879//115 1881//116 1882//1319
f 1884//118 1888//119 1890//120
f 1889//121 1887//122 1885//1025
f 1886//124 1888//1212 1889//126
f 1894//1320 1897//128 1891//129
f 1896//1321 1894//131 1892//132
f 1893//1322 1895//1323 1896//1031
f 1898//824 1902//1324 1904//1032
f 1903//139 1901//140 1899//1325
f 1900//142 1902//1326 1903//144
f 1908//145 1911//146 1905//147
f 1910//1327 1908//1215 1906//1328
f 1911//151 1910//1329 1907//1330
f 1915//1331 1918//1332 1912//1333
f 1917//157 1915//1037 1913//1334
f 1918//1335 1917//1336 1914//1337
f 1919//163 1923//1338 1925//1339
f 1920//166 1923//167 1922//168
f 1925//169 1924//170 1921//837
f 1929//172 1932//173 1926//174
f 1931//175 1929//1340 1927//177
f 1932//1341 1931//1220 1928//1342
f 1936//181 1939//1343 1933//1344
f 1938//184 1936//1221 1934//841
f 1939//187 1938//188 1935//189
f 1943//190 1946//1345 1940//192
f 1945//1346 1943//1347 1941//1348
f 1946//1349 1945//197 1942//1350
f 1950//199 1953//1351 1947//201
f 1952//1224 1950//203 1948//204
f 1953//205 1952//206 1949//207
f 1954//208 1958//1225 1960//1352
f 1955//211 1958//1353 1957//852
f 1960//1354 1959//1355 1956//1356
f 1964//1357 1967//1358 1961//1359
f 1966//220 1964//1056 1962//1360
f 1967//855 1966//1361 1963//225
f 1971//1362 1974//1363 1968//1364
f 1973//1365 1971//1366 1969//1367
f 1974//232 1973//233 1970//234
f 1975//1058 1979//858 1981//1368
f 1980//1369 1978//1370 1976//1371
f 1977//1372 1979//1373 1980//1374
f 1985//1232 1988//245 1982//1375
f 1987//1376 1985//1377 1983//1378
f 1988//250 1987//1379 1984//252
f 1992//1380 1995//1381 1989//1066
f 1994//1382 1992//1383 1990//1384
f 1995//259 1994//1385 1991//1067
f 1999//262 2002//864 1996//865
f 2001//1386 1999//266 1997//1387
f 2002//268 2001//1235 1998//1388
f 2006//271 2009//866 2003//273
f 2008//1389 2006//275 2004//1390
f 2009//277 2008//869 2005//279
f 2010//280 2014//281 2016//282
f 2015//1391 2013//1392 2011//1393
f 2012//1071 2014//1394 2015//1395
f 1849//289 1796//290 1793//291
f 1855//292 1794//1074 1796//294
f 1800//295 1798//296 1794//297
f 1806//1396 1795//1397 1798//1398
f 1857//1076 1803//302 1800//303
f 1859//878 1801//879 1803//448
f 1858//1399 1854//1400 1850//1401
f 1861//310 1851//311 1854//312
f 1968//313 1915//314 1912//315
f 1974//316 1913//317 1915//314
f 1907//1402 1917//1403 1911//1080
f 1917//321 1905//322 1911//1404
f 1962//324 1908//325 1905//326
f 1964//327 1906//328 1908//325
f 1970//329 1966//1405 1962//1406
f 1973//1407 1963//1083 1966//1084
f 1801//1408 1813//1409 1805//1410
f 1805//1411 1809//1412 1802//340
f 1864//341 1810//342 1807//306
f 1866//343 1808//344 1810//345
f 1865//346 1862//1242 1858//1413
f 1868//1243 1856//1244 1862//351
f 1975//352 1922//353 1919//354
f 1981//355 1920//356 1922//353
f 1914//885 1924//1414 1918//1415
f 1918//1416 1920//361 1912//362
f 1977//363 1971//364 1968//1417
f 1980//366 1969//886 1971//368
f 1808//369 1820//370 1812//1418
f 1812//1093 1816//373 1809//374
f 1871//375 1817//376 1814//377
f 1873//887 1815//888 1817//509
f 1872//380 1869//381 1865//382
f 1875//383 1863//384 1869//1095
f 1982//386 1929//387 1926//889
f 1988//388 1927//389 1929//387
f 1921//390 1931//391 1925//1419
f 1925//393 1927//394 1919//395
f 1984//1420 1978//397 1975//398
f 1987//399 1976//400 1978//1421
f 1815//890 1827//1422 1819//404
f 1819//1423 1823//406 1816//1424
f 1878//408 1824//409 1821//328
f 1880//410 1822//891 1824//325
f 1879//1425 1876//1426 1872//414
f 1882//415 1870//416 1876//417
f 1989//418 1936//294 1933//419
f 1995//420 1934//291 1936//294
f 1928//421 1938//422 1932//423
f 1932//424 1934//425 1926//426
f 1991//427 1985//1427 1982//1428
f 1994//430 1983//431 1985//432
f 1828//902 1826//903 1822//331
f 1834//1100 1823//905 1826//1102
f 1885//907 1831//440 1828//317
f 1887//441 1829//442 1831//314
f 1886//443 1883//1429 1879//309
f 1889//911 1877//433 1883//910
f 1996//447 1943//448 1940//449
f 2002//450 1941//303 1943//448
f 1942//1253 1939//452 1935//438
f 1945//453 1933//454 1939//915
f 1998//1430 1992//1431 1989//297
f 2001//1432 1990//1433 1992//1434
f 1835//461 1833//1255 1829//463
f 1841//464 1830//1435 1833//1436
f 1892//467 1838//468 1835//315
f 1894//469 1836//470 1838//353
f 1886//471 1896//472 1890//1437
f 1890//1256 1892//475 1884//476
f 2003//477 1950//345 1947//478
f 2009//919 1948//306 1950//345
f 1949//480 1946//481 1942//482
f 1952//483 1940//1107 1946//485
f 1996//486 2008//1438 1999//921
f 1999//489 2004//490 1997//1439
f 1842//492 1840//493 1836//494
f 1848//1440 1837//1108 1840//1441
f 1899//498 1845//499 1842//389
f 1901//1109 1843//501 1845//387
f 1893//502 1903//1442 1897//504
f 1897//505 1899//506 1891//507
f 2010//508 1957//509 1954//328
f 2016//510 1955//377 1957//509
f 1956//511 1953//512 1949//924
f 1959//514 1947//925 1953//516
f 2003//517 2015//518 2006//519
f 2006//1111 2011//1112 2004//522
f 1844//523 1799//524 1795//525
f 1847//1443 1793//1444 1799//1445
f 1849//1446 1904//1447 1852//1448
f 1852//1449 1900//533 1850//1261
f 1954//535 1910//536 1906//1450
f 1960//1451 1907//1452 1910//1453
f 1963//930 2013//542 1967//543
f 1967//1454 2010//545 1961//546
f 1898//291 1793//291 1843//291
f 1851//297 1800//297 1794//297
f 1802//438 1907//438 1795//438
f 1795//438 1956//438 1844//438
f 1802//438 1921//438 1914//438
f 1856//306 1807//306 1801//306
f 1809//438 1928//438 1921//438
f 1863//547 1814//547 1808//547
f 1816//438 1935//438 1928//438
f 1870//328 1821//328 1815//328
f 1830//438 1935//438 1823//438
f 1877//331 1828//331 1822//331
f 1837//438 1942//438 1830//438
f 1884//315 1835//315 1829//315
f 1844//438 1949//438 1837//438
f 1891//548 1842//548 1836//548
f 1850//309 1969//309 1858//309
f 1850//309 2011//309 1963//309
f 1858//309 1976//309 1865//309
f 1865//309 1983//309 1872//309
f 1872//309 1990//309 1879//309
f 1879//309 1997//309 1886//309
f 1893//309 1997//309 2004//309
f 1900//309 2004//309 2011//309
f 1970//331 1905//331 1913//331
f 1961//328 1954//328 1906//328
f 1977//315 1912//315 1920//315
f 1984//548 1919//548 1927//548
f 1991//291 1926//291 1934//291
f 1998//297 1933//297 1941//297
f 2005//306 1940//306 1948//306
f 2012//547 1947//547 1955//547
f 2017//1119 2021//1120 2023//1455
f 2018//552 2021//553 2020//769
f 2019//555 2021//556 2022//676
f 2024//558 2028//1123 2030//1456
f 2025//1457 2028//1264 2027//1458
f 2026//564 2028//565 2029//566
f 2031//567 2035//970 2037//1125
f 2032//570 2035//571 2034//572
f 2033//573 2035//1152 2036//575
f 2038//576 2042//577 2044//578
f 2039//579 2042//580 2041//1128
f 2040//1272 2042//1273 2043//584
f 2045//585 2049//1280 2051//587
f 2046//588 2049//589 2048//1131
f 2047//1459 2049//977 2050//593
f 2052//594 2056//1133 2058//1134
f 2053//597 2056//598 2055//599
f 2054//600 2056//1159 2057//602
f 2059//603 2063//1270 2065//605
f 2060//606 2063//1136 2062//1460
f 2061//1461 2063//1462 2064//1267
f 2066//612 2070//613 2072//614
f 2067//615 2070//616 2069//687
f 2068//932 2070//933 2071//1463
f 2025//1464 2023//622 2019//1268
f 2023//623 2024//624 2017//438
f 2038//625 2022//626 2018//548
f 2044//627 2019//628 2022//291
f 2033//936 2043//630 2037//1465
f 2043//1466 2031//1141 2037//631
f 2033//634 2029//635 2025//297
f 2036//636 2026//637 2029//306
f 2067//638 2051//639 2047//331
f 2069//640 2045//753 2051//315
f 2052//642 2050//643 2046//438
f 2050//644 2054//1467 2047//1468
f 2059//646 2057//647 2053//547
f 2065//648 2054//649 2057//328
f 2060//944 2071//651 2064//652
f 2071//653 2061//654 2064//1469
f 2046//656 2020//763 2017//438
f 2048//945 2018//946 2020//726
f 2053//661 2030//662 2026//547
f 2055//663 2024//1470 2030//665
f 2060//1471 2034//667 2031//309
f 2062//949 2032//950 2034//735
f 2066//670 2041//671 2038//672
f 2041//1472 2068//1473 2039//309
f 2024//438 2046//438 2017//438
f 2040//297 2025//297 2019//297
f 2018//548 2066//548 2038//548
f 2032//547 2053//547 2026//547
f 2039//309 2060//309 2031//309
f 2054//331 2067//331 2047//331
f 2073//549 2077//1120 2079//1474
f 2074//1475 2077//1476 2076//554
f 2075//1477 2077//1478 2078//1479
f 2080//1480 2084//1481 2086//1150
f 2081//1263 2084//1264 2083//1482
f 2082//1483 2084//1484 2085//566
f 2087//567 2091//970 2093//1485
f 2088//1265 2091//1486 2090//572
f 2089//1151 2091//1487 2092//575
f 2094//576 2098//1279 2100//680
f 2095//1488 2098//1489 2097//1154
f 2096//582 2098//583 2099//681
f 2101//585 2105//1280 2107//682
f 2102//1490 2105//1491 2104//1156
f 2103//591 2105//1492 2106//1493
f 2108//594 2112//1133 2114//1494
f 2109//1495 2112//1496 2111//1171
f 2110//1158 2112//1497 2113//602
f 2115//1498 2119//1499 2121//605
f 2116//1500 2119//1501 2118//1161
f 2117//1266 2119//954 2120//1502
f 2122//1503 2126//1504 2128//931
f 2123//1505 2126//1506 2125//1507
f 2124//618 2126//933 2127//1508
f 2075//688 2083//1509 2079//1510
f 2083//1511 2073//692 2079//690
f 2094//1512 2078//1513 2074//548
f 2100//695 2075//696 2078//291
f 2096//697 2093//698 2089//297
f 2093//1514 2095//700 2087//309
f 2089//1515 2085//1516 2081//297
f 2092//703 2082//704 2085//306
f 2123//1517 2107//1518 2103//331
f 2125//707 2101//708 2107//315
f 2102//709 2114//1168 2106//711
f 2114//1519 2103//713 2106//1520
f 2115//1521 2113//1522 2109//547
f 2121//716 2110//717 2113//328
f 2124//718 2120//1523 2116//309
f 2120//720 2123//721 2117//331
f 2102//722 2076//723 2073//438
f 2104//724 2074//1524 2076//1525
f 2109//727 2086//728 2082//547
f 2111//1526 2080//965 2086//665
f 2116//731 2090//732 2087//309
f 2118//733 2088//734 2090//1527
f 2122//736 2097//1528 2094//672
f 2128//1529 2095//968 2097//675
f 2080//438 2102//438 2073//438
f 2096//297 2081//297 2075//297
f 2074//548 2122//548 2094//548
f 2088//547 2109//547 2082//547
f 2095//309 2116//309 2087//309
f 2110//331 2123//331 2103//331
f 2129//549 2133//1120 2135//1121
f 2130//552 2133//553 2132//554
f 2131//555 2133//1180 2134//557
f 2136//558 2140//559 2142//1124
f 2137//1263 2140//1264 2139//563
f 2138//564 2140//565 2141//677
f 2143//969 2147//970 2149//1530
f 2144//570 2147//571 2146//679
f 2145//573 2147//574 2148//771
f 2150//576 2154//577 2156//680
f 2151//579 2154//1127 2153//1531
f 2152//1532 2154//1273 2155//1533
f 2157//585 2161//1280 2163//682
f 2158//588 2161//1130 2160//1534
f 2159//1459 2161//1535 2162//1275
f 2164//1132 2168//1133 2170//1536
f 2165//597 2168//598 2167//599
f 2166//600 2168//601 2169//772
f 2171//603 2175//1270 2177//685
f 2172//606 2175//607 2174//1137
f 2173//1461 2175//954 2176//611
f 2178//612 2182//613 2184//614
f 2179//615 2182//1181 2181//617
f 2180//618 2182//933 2183//1138
f 2131//1537 2139//743 2135//1538
f 2139//1539 2129//1172 2135//690
f 2150//625 2134//626 2130//548
f 2156//627 2131//628 2134//291
f 2152//1540 2149//747 2145//1277
f 2149//748 2151//749 2143//309
f 2145//634 2141//635 2137//297
f 2148//750 2138//751 2141//306
f 2179//638 2163//639 2159//331
f 2181//752 2157//753 2163//315
f 2158//1176 2170//755 2162//756
f 2170//757 2159//758 2162//1541
f 2171//646 2169//647 2165//547
f 2177//648 2166//649 2169//328
f 2180//759 2176//760 2172//309
f 2176//761 2179//1542 2173//1406
f 2158//1543 2132//763 2129//438
f 2160//945 2130//946 2132//726
f 2165//661 2142//662 2138//764
f 2142//947 2164//948 2136//438
f 2172//666 2146//667 2143//309
f 2174//949 2144//950 2146//735
f 2178//670 2153//671 2150//548
f 2184//768 2151//1544 2153//675
f 2136//438 2158//438 2129//438
f 2152//297 2137//297 2131//297
f 2130//548 2178//548 2150//548
f 2144//547 2165//547 2138//547
f 2151//309 2172//309 2143//309
f 2166//331 2179//331 2159//331
f 2185//549 2189//1120 2191//1474
f 2186//1545 2189//1476 2188//554
f 2187//1148 2189//1546 2190//557
f 2192//1480 2196//1547 2198//1150
f 2193//561 2196//562 2195//770
f 2194//564 2196//1269 2197//566
f 2199//567 2203//970 2205//1485
f 2200//1548 2203//1486 2202//572
f 2201//1549 2203//1550 2204//1551
f 2206//1552 2210//1553 2212//680
f 2207//1488 2210//1554 2209//1154
f 2208//1272 2210//1273 2211//1555
f 2213//1556 2217//1557 2219//682
f 2214//1490 2217//1558 2216//1156
f 2215//1274 2217//977 2218//1493
f 2220//594 2224//1133 2226//1494
f 2221//1559 2224//1496 2223//1171
f 2222//1560 2224//1561 2225//1562
f 2227//603 2231//1270 2233//605
f 2228//1500 2231//1563 2230//1161
f 2229//609 2231//1564 2232//1502
f 2234//1276 2238//1504 2240//931
f 2235//1162 2238//1565 2237//617
f 2236//618 2238//933 2239//1508
f 2193//773 2191//774 2187//297
f 2191//1566 2192//776 2185//438
f 2206//1512 2190//1513 2186//548
f 2212//695 2187//696 2190//291
f 2201//777 2211//1567 2205//1568
f 2211//1569 2199//780 2205//631
f 2201//1515 2197//1516 2193//297
f 2204//703 2194//704 2197//306
f 2235//1517 2219//1518 2215//331
f 2237//707 2213//708 2219//315
f 2220//783 2218//1570 2214//438
f 2218//785 2222//786 2215//331
f 2227//1521 2225//1522 2221//547
f 2233//716 2222//717 2225//328
f 2228//787 2239//1189 2232//655
f 2239//1571 2229//790 2232//1572
f 2214//722 2188//723 2185//438
f 2216//724 2186//725 2188//1525
f 2221//727 2198//1573 2194//764
f 2223//1526 2192//965 2198//665
f 2228//731 2202//732 2199//309
f 2230//733 2200//1574 2202//1527
f 2234//736 2209//737 2206//548
f 2240//1529 2207//968 2209//675
f 2192//438 2214//438 2185//438
f 2208//297 2193//297 2187//297
f 2186//548 2234//548 2206//548
f 2200//547 2221//547 2194//547
f 2207//309 2228//309 2199//309
f 2222//331 2235//331 2215//331
f 2244//1281 2247//2 2241//3
f 2246//791 2244//1283 2242//6
f 2243//1575 2245//1576 2246//1577
f 2251//10 2254//1286 2248//12
f 2253//13 2251//14 2249//15
f 2250//16 2252//17 2253//18
f 2255//19 2259//20 2261//1288
f 2260//22 2258//23 2256//24
f 2257//1578 2259//1579 2260//27
f 2265//28 2268//29 2262//30
f 2267//800 2265//32 2263//33
f 2264//1580 2266//994 2267//1581
f 2269//802 2273//38 2275//803
f 2274//40 2272//804 2270//1582
f 2271//1583 2273//806 2274//1584
f 2279//998 2282//47 2276//1295
f 2277//1585 2280//1296 2279//51
f 2278//52 2280//1586 2281//810
f 2286//55 2289//56 2283//57
f 2288//58 2286//59 2284//60
f 2285//61 2287//62 2288//1587
f 2293//64 2296//1588 2290//66
f 2291//67 2294//68 2293//69
f 2292//1300 2294//1301 2295//1589
f 2300//73 2303//1590 2297//75
f 2298//76 2301//1303 2300//78
f 2303//79 2302//1012 2299//81
f 2307//1306 2310//815 2304//84
f 2309//1307 2307//1308 2305//87
f 2306//1014 2308//817 2309//1311
f 2314//91 2317//1591 2311//93
f 2312//94 2315//95 2314//96
f 2313//1592 2315//1593 2316//1594
f 2321//100 2324//1316 2318//102
f 2323//103 2321//1595 2319//105
f 2320//106 2322//107 2323//108
f 2328//109 2331//110 2325//111
f 2326//112 2329//1596 2328//114
f 2327//115 2329//116 2330//117
f 2332//1597 2336//119 2338//821
f 2337//121 2335//1598 2333//1599
f 2334//124 2336//1212 2337//126
f 2342//127 2345//128 2339//1600
f 2344//1321 2342//131 2340//132
f 2341//1601 2343//1602 2344//1603
f 2346//136 2350//137 2352//1604
f 2351//139 2349//140 2347//141
f 2348//1605 2350//1606 2351//144
f 2356//145 2359//146 2353//1607
f 2358//1035 2356//1215 2354//150
f 2359//151 2358//1329 2355//1608
f 2363//833 2366//1332 2360//1609
f 2365//1610 2363//158 2361//159
f 2366//160 2365//161 2362//162
f 2367//163 2371//1338 2373//1041
f 2368//166 2371//167 2370//168
f 2373//169 2372//170 2369//837
f 2377//172 2380//173 2374//174
f 2379//175 2377//1340 2375//177
f 2380//1341 2379//1220 2376//1342
f 2384//181 2387//1343 2381//1344
f 2386//840 2384//1611 2382//841
f 2387//187 2386//188 2383//189
f 2391//1612 2394//1345 2388//1613
f 2393//1346 2391//194 2389//1348
f 2394//1349 2393//197 2390//198
f 2398//199 2401//1614 2395//201
f 2400//1052 2398//203 2396//1615
f 2401//205 2400//206 2397//1616
f 2402//1617 2406//1618 2408//1619
f 2403//211 2406//1353 2405//852
f 2408//214 2407//1355 2404//1356
f 2412//1620 2415//218 2409//219
f 2414//1621 2412//221 2410//222
f 2415//223 2414//224 2411//225
f 2419//226 2422//1622 2416//228
f 2421//229 2419//1623 2417//1624
f 2422//232 2421//233 2418//1625
f 2423//235 2427//1626 2429//237
f 2428//238 2426//1059 2424//1371
f 2425//241 2427//242 2428//862
f 2433//1232 2436//245 2430//1375
f 2435//1376 2433//1627 2431//1378
f 2436//250 2435//1379 2432//252
f 2440//1380 2443//1381 2437//1066
f 2442//1382 2440//1383 2438//258
f 2443//1628 2442//1629 2439//1067
f 2447//1630 2450//1631 2444//1632
f 2449//265 2447//266 2445//267
f 2450//1633 2449//1235 2446//1388
f 2454//271 2457//1634 2451//273
f 2456//1635 2454//1636 2452//1390
f 2457//277 2456//278 2453//279
f 2458//1637 2462//1638 2464//1639
f 2463//283 2461//284 2459//1640
f 2460//1641 2462//1642 2463//1395
f 2297//289 2244//290 2241//291
f 2303//292 2242//1074 2244//294
f 2248//295 2246//296 2242//297
f 2246//1643 2250//876 2243//981
f 2305//1076 2251//302 2248//303
f 2307//878 2249//879 2251//448
f 2306//307 2302//1644 2298//961
f 2302//1645 2305//1646 2299//297
f 2416//313 2363//314 2360//315
f 2422//316 2361//317 2363//314
f 2362//880 2359//881 2355//320
f 2365//321 2353//322 2359//323
f 2410//324 2356//325 2353//326
f 2412//327 2354//328 2356//325
f 2418//329 2414//330 2410//331
f 2421//1647 2411//1648 2414//1649
f 2249//1408 2261//1409 2253//1410
f 2253//1241 2257//339 2250//1087
f 2312//341 2258//342 2255//306
f 2314//343 2256//344 2258//345
f 2313//346 2310//1242 2306//348
f 2316//1650 2304//1244 2310//1651
f 2423//352 2370//353 2367//354
f 2429//355 2368//356 2370//353
f 2362//885 2372//1652 2366//359
f 2366//1416 2368//361 2360//362
f 2425//363 2419//364 2416//1417
f 2428//1653 2417//1654 2419//1655
f 2256//369 2268//1092 2260//371
f 2260//372 2264//373 2257//374
f 2319//375 2265//376 2262//377
f 2321//887 2263//888 2265//509
f 2320//380 2317//1094 2313//382
f 2323//383 2311//384 2317//1095
f 2430//386 2377//387 2374//889
f 2436//388 2375//389 2377//387
f 2369//390 2379//391 2373//1419
f 2373//393 2375//394 2367//395
f 2432//396 2426//397 2423//398
f 2435//399 2424//400 2426//401
f 2263//890 2275//403 2267//404
f 2267//1096 2271//406 2264//407
f 2326//408 2272//409 2269//328
f 2328//410 2270//891 2272//325
f 2327//412 2324//1426 2320//414
f 2330//415 2318//416 2324//417
f 2437//418 2384//294 2381//419
f 2443//420 2382//291 2384//294
f 2376//421 2386//422 2380//423
f 2380//424 2382//425 2374//426
f 2439//1656 2433//1427 2430//1428
f 2442//430 2431//431 2433//432
f 2270//433 2282//1657 2274//1658
f 2282//1251 2271//1101 2274//435
f 2333//907 2279//440 2276//317
f 2335//441 2277//442 2279//314
f 2334//443 2331//1659 2327//309
f 2337//911 2325//433 2331//910
f 2444//447 2391//448 2388//449
f 2450//450 2389//303 2391//448
f 2383//1660 2393//1661 2387//1662
f 2393//453 2381//454 2387//915
f 2446//1430 2440//1431 2437//297
f 2449//1432 2438//1433 2440//1434
f 2283//1663 2281//1664 2277//1665
f 2289//1666 2278//1435 2281//466
f 2340//467 2286//468 2283//315
f 2342//469 2284//470 2286//353
f 2334//471 2344//472 2338//473
f 2338//1256 2340//475 2332//476
f 2451//477 2398//345 2395//478
f 2457//919 2396//306 2398//345
f 2397//480 2394//481 2390//482
f 2400//483 2388//484 2394//485
f 2444//486 2456//487 2447//921
f 2447//489 2452//490 2445//491
f 2290//492 2288//493 2284//494
f 2296//495 2285//496 2288//1667
f 2347//498 2293//499 2290//389
f 2349//500 2291//501 2293//387
f 2341//502 2351//1668 2345//504
f 2345//505 2347//506 2339//507
f 2458//508 2405//509 2402//328
f 2464//510 2403//377 2405//509
f 2404//1258 2401//1259 2397//513
f 2407//514 2395//925 2401//516
f 2451//926 2463//518 2454//519
f 2454//1669 2459//1112 2452//1670
f 2292//523 2247//927 2243//525
f 2295//526 2241//527 2247//528
f 2297//1446 2352//1447 2300//1448
f 2300//1449 2348//533 2298//1261
f 2402//1671 2358//1672 2354//537
f 2408//538 2355//929 2358//540
f 2411//1673 2461//1674 2415//1675
f 2415//1454 2458//545 2409//546
f 2346//291 2241//291 2291//291
f 2299//297 2248//297 2242//297
f 2250//438 2355//438 2243//438
f 2243//438 2404//438 2292//438
f 2250//438 2369//438 2362//438
f 2304//306 2255//306 2249//306
f 2257//438 2376//438 2369//438
f 2311//547 2262//547 2256//547
f 2264//438 2383//438 2376//438
f 2318//328 2269//328 2263//328
f 2278//438 2383//438 2271//438
f 2325//331 2276//331 2270//331
f 2285//438 2390//438 2278//438
f 2332//315 2283//315 2277//315
f 2292//438 2397//438 2285//438
f 2339//548 2290//548 2284//548
f 2298//309 2417//309 2306//309
f 2298//309 2459//309 2411//309
f 2306//309 2424//309 2313//309
f 2313//309 2431//309 2320//309
f 2320//309 2438//309 2327//309
f 2327//309 2445//309 2334//309
f 2341//309 2445//309 2452//309
f 2348//309 2452//309 2459//309
f 2418//331 2353//331 2361//331
f 2409//328 2402//328 2354//328
f 2425//315 2360//315 2368//315
f 2432//548 2367//548 2375//548
f 2439//291 2374//291 2382//291
f 2446//297 2381//297 2389//297
f 2453//306 2388//306 2396//306
f 2460//547 2395//547 2403//547
f 2465//1676 2469//1677 2471//740
f 2466//552 2469//1476 2468//1678
f 2467//1679 2469//1680 2470//676
f 2472//1149 2476//1681 2478//1682
f 2473//1683 2476//1684 2475//770
f 2474//1685 2476//1686 2477//1687
f 2479//1688 2483//1689 2485//1690
f 2480//570 2483//1486 2482//1691
f 2481//573 2483//574 2484//575
f 2486//576 2490//577 2492//680
f 2487//1126 2490//1692 2489//1128
f 2488//1693 2490//583 2491//681
f 2493//585 2497//586 2499//682
f 2494//1129 2497//1694 2496//1131
f 2495//591 2497//592 2498//1157
f 2500//1695 2504//1696 2506//1697
f 2501//597 2504//1496 2503//1698
f 2502//600 2504//601 2505//772
f 2507//1699 2511//1700 2513//1701
f 2508//1160 2511//1702 2510//1703
f 2509//1704 2511//1564 2512//972
f 2514//612 2518//1504 2520//1705
f 2515//1706 2518//1707 2517//687
f 2516//1708 2518//1709 2519//741
f 2473//621 2471//622 2467//1268
f 2471//1710 2472//1711 2465//981
f 2486//625 2470//626 2466//548
f 2492//1712 2467//1713 2470//291
f 2481//936 2491//630 2485//631
f 2491//1714 2479//1141 2485//631
f 2481//634 2477//635 2473//297
f 2484//636 2474//637 2477//306
f 2515//638 2499//639 2495//331
f 2517//752 2493//753 2499//315
f 2500//1715 2498//1716 2494//320
f 2498//644 2502//645 2495//1468
f 2507//646 2505//647 2501//547
f 2513//1717 2502//649 2505//328
f 2508//1718 2519//1719 2512//1720
f 2519//1721 2509//654 2512//655
f 2494//656 2468//763 2465//438
f 2496//1722 2466//946 2468//726
f 2501//1723 2478//662 2474//764
f 2478//947 2500//948 2472//438
f 2508//666 2482//667 2479//309
f 2482//668 2507//1724 2480//767
f 2514//670 2489//671 2486//548
f 2520//976 2487//674 2489//675
f 2472//438 2494//438 2465//438
f 2488//297 2473//297 2467//297
f 2466//548 2514//548 2486//548
f 2480//547 2501//547 2474//547
f 2487//309 2508//309 2479//309
f 2502//331 2515//331 2495//331
f 2521//549 2525//1120 2527//1474
f 2522//1475 2525//1476 2524//554
f 2523//1477 2525//1478 2526//1479
f 2528//1725 2532//1481 2534//1456
f 2529//1263 2532//1264 2531//1482
f 2530//1483 2532//1484 2533//566
f 2535//1726 2539//1727 2541//1530
f 2536//1265 2539//1486 2538//572
f 2537//1151 2539//1487 2540//952
f 2542//576 2546//1279 2548//680
f 2543//1488 2546//1489 2545//1154
f 2544//1532 2546//1273 2547//584
f 2549//585 2553//1280 2555//682
f 2550//1490 2553//1491 2552//1156
f 2551//1459 2553//977 2554//1275
f 2556//1728 2560//1729 2562//1536
f 2557//1495 2560//1496 2559//1171
f 2558//1158 2560//1497 2561//953
f 2563//1498 2567//1499 2569//605
f 2564//1730 2567//1501 2566//1460
f 2565//1266 2567//954 2568//1502
f 2570//1503 2574//1504 2576//931
f 2571//1505 2574//1506 2573//1507
f 2572//618 2574//933 2575//1508
f 2523//688 2531//689 2527//690
f 2531//1511 2521//692 2527//690
f 2542//1512 2526//1513 2522//548
f 2548//695 2523//696 2526//291
f 2544//697 2541//698 2537//297
f 2541//1165 2543//1166 2535//961
f 2537//1515 2533//1516 2529//297
f 2540//703 2530//704 2533//306
f 2571//1517 2555//1518 2551//331
f 2573//707 2549//708 2555//315
f 2550//709 2562//1168 2554//711
f 2562//1731 2551//713 2554//711
f 2563//1521 2561//1522 2557//547
f 2569//716 2558//717 2561//328
f 2572//1169 2568//1170 2564//918
f 2568//720 2571//721 2565//331
f 2550//722 2524//723 2521//438
f 2552//724 2522//1524 2524//1525
f 2557//727 2534//728 2530//547
f 2559//1526 2528//965 2534//665
f 2564//731 2538//732 2535//309
f 2566//733 2536//734 2538//1527
f 2570//736 2545//1528 2542//672
f 2576//1529 2543//968 2545//675
f 2528//438 2550//438 2521//438
f 2544//297 2529//297 2523//297
f 2522//548 2570//548 2542//548
f 2536//547 2557//547 2530//547
f 2543//309 2564//309 2535//309
f 2558//331 2571//331 2551//331
f 2577//1732 2581//1733 2583//1734
f 2578//552 2581//1476 2580//1678
f 2579//555 2581//556 2582//557
f 2584//1122 2588//1735 2590//1124
f 2585//1736 2588//562 2587//770
f 2586//564 2588//565 2589//566
f 2591//1737 2595//1738 2597//569
f 2592//570 2595//1486 2594//1691
f 2593//1739 2595//1740 2596//771
f 2598//1741 2602//1742 2604//1743
f 2599//1153 2602//1744 2601//1745
f 2600//1746 2602//1747 2603//681
f 2605//1748 2609//1749 2611//1750
f 2606//1155 2609//1751 2608//1752
f 2607//1753 2609//1492 2610//1157
f 2612//1754 2616//1755 2618//596
f 2613//597 2616//1496 2615//1698
f 2614//1756 2616//1757 2617//772
f 2619//603 2623//604 2625//605
f 2620//1135 2623//1758 2622//1137
f 2621//609 2623//610 2624//972
f 2626//612 2630//1504 2632//1705
f 2627//615 2630//616 2629//687
f 2628//1759 2630//1760 2631//1761
f 2579//1537 2587//743 2583//690
f 2587//1762 2577//745 2583//690
f 2598//625 2582//626 2578//548
f 2604//1712 2579//628 2582//291
f 2600//746 2597//747 2593//297
f 2597//1174 2599//749 2591//918
f 2593//634 2589//635 2585//297
f 2596//636 2586//637 2589//306
f 2627//638 2611//639 2607//331
f 2629//752 2605//753 2611//315
f 2606//754 2618//1763 2610//756
f 2618//1764 2607//758 2610//711
f 2619//646 2617//647 2613//547
f 2625//1717 2614//1765 2617//328
f 2628//759 2624//760 2620//309
f 2624//761 2627//762 2621//1406
f 2606//656 2580//763 2577//438
f 2580//658 2605//1766 2578//660
f 2613//661 2590//662 2586//547
f 2615//1767 2584//664 2590//665
f 2620//666 2594//667 2591//309
f 2622//1768 2592//950 2594//735
f 2626//1769 2601//671 2598//672
f 2601//1472 2628//1473 2599//309
f 2584//438 2606//438 2577//438
f 2600//297 2585//297 2579//297
f 2578//548 2626//548 2598//548
f 2592//547 2613//547 2586//547
f 2599//309 2620//309 2591//309
f 2614//331 2627//331 2607//331
f 2633//1770 2637//1771 2639//1455
f 2634//1545 2637//1476 2636//554
f 2635//1148 2637//1546 2638//951
f 2640//1480 2644//1547 2646//1150
f 2641//1457 2644//1264 2643//563
f 2642//564 2644//1269 2645//566
f 2647//567 2651//970 2653//1485
f 2648//1548 2651//1486 2650//572
f 2649//1549 2651//1550 2652//1551
f 2654//1552 2658//1553 2660//680
f 2655//1772 2658//1554 2657//1531
f 2656//1272 2658//1273 2659//1555
f 2661//1556 2665//1557 2667//682
f 2662//1773 2665//1558 2664//1534
f 2663//1274 2665//977 2666//1493
f 2668//594 2672//1133 2674//1494
f 2669//1559 2672//1496 2671//1171
f 2670//1560 2672//1561 2673//1562
f 2675//603 2679//1270 2681//605
f 2676//1500 2679//1563 2678//1161
f 2677//1461 2679//954 2680//1267
f 2682//1276 2686//1504 2688//931
f 2683//1162 2686//1565 2685//955
f 2684//1774 2686//1775 2687//1463
f 2641//1776 2639//978 2635//297
f 2639//1566 2640//776 2633//438
f 2654//1512 2638//1513 2634//548
f 2660//695 2635//696 2638//291
f 2649//777 2659//1567 2653//1568
f 2659//1569 2647//1185 2653//1568
f 2649//1515 2645//1516 2641//297
f 2652//703 2642//704 2645//306
f 2683//1517 2667//1518 2663//331
f 2685//707 2661//708 2667//315
f 2668//783 2666//1570 2662//438
f 2666//982 2670//786 2663//331
f 2675//1521 2673//1522 2669//547
f 2681//716 2670//717 2673//328
f 2676//787 2687//1189 2680//655
f 2687//1777 2677//790 2680//655
f 2662//722 2636//723 2633//438
f 2664//724 2634//725 2636//1525
f 2669//727 2646//1573 2642//764
f 2671//1526 2640//965 2646//665
f 2676//731 2650//732 2647//309
f 2678//733 2648//1574 2650//1527
f 2682//736 2657//737 2654//548
f 2688//1529 2655//968 2657//675
f 2640//438 2662//438 2633//438
f 2656//297 2641//297 2635//297
f 2634//548 2682//548 2654//548
f 2648//547 2669//547 2642//547
f 2655//309 2676//309 2647//309
f 2670//331 2683//331 2663//331
f 2692//1281 2695//2 2689//3
f 2694//791 2692//1283 2690//6
f 2691//1284 2693//8 2694//9
f 2699//10 2702//1286 2696//12
f 2701//13 2699//1778 2697//15
f 2698//16 2700//1779 2701//795
f 2703//1780 2707//1781 2709//1782
f 2708//797 2706//23 2704//24
f 2705//1783 2707//1784 2708//1785
f 2713//28 2716//29 2710//30
f 2715//800 2713//32 2711//33
f 2712//1580 2714//994 2715//1581
f 2717//1786 2721//1787 2723//1788
f 2722//40 2720//804 2718//1582
f 2719//1195 2721//806 2722//997
f 2727//998 2730//1789 2724//808
f 2725//49 2728//1296 2727//51
f 2726//1196 2728//1790 2729//1001
f 2734//55 2737//56 2731//57
f 2736//58 2734//1298 2732//60
f 2733//61 2735//62 2736//1587
f 2741//1791 2744//65 2738//66
f 2739//67 2742//1792 2741//69
f 2740//1793 2742//1794 2743//1795
f 2748//1796 2751//1590 2745//75
f 2746//76 2749//1303 2748//78
f 2751//79 2750//1012 2747//81
f 2755//1306 2758//815 2752//84
f 2757//1307 2755//1308 2753//87
f 2754//1797 2756//1310 2757//1798
f 2762//91 2765//92 2759//93
f 2760//1799 2763//1800 2762//1313
f 2761//1314 2763//98 2764//1315
f 2769//100 2772//1316 2766//102
f 2771//103 2769//1019 2767//105
f 2768//1801 2770//1802 2771//1803
f 2776//1021 2779//1804 2773//1317
f 2774//112 2777//1805 2776//1022
f 2775//1806 2777//1807 2778//1808
f 2780//118 2784//1809 2786//821
f 2785//121 2783//122 2781//1025
f 2782//124 2784//1212 2785//126
f 2790//1320 2793//1810 2787//129
f 2792//130 2790//131 2788//132
f 2789//1322 2791//1323 2792//1031
f 2794//136 2798//137 2800//1032
f 2799//1811 2797//1034 2795//1812
f 2796//142 2798//1606 2799//144
f 2804//145 2807//829 2801//1813
f 2806//148 2804//1814 2802//1815
f 2807//151 2806//1329 2803//153
f 2811//833 2814//155 2808//156
f 2813//157 2811//158 2809//159
f 2814//1816 2813//161 2810//835
f 2815//1817 2819//1818 2821//1819
f 2816//166 2819//167 2818//168
f 2821//836 2820//170 2817//1820
f 2825//172 2828//173 2822//174
f 2827//1821 2825//1822 2823//177
f 2828//178 2827//839 2824//180
f 2832//1823 2835//1343 2829//1344
f 2834//1824 2832//1825 2830//1826
f 2835//187 2834//843 2831//189
f 2839//1045 2842//1827 2836//192
f 2841//1828 2839//1347 2837//1829
f 2842//196 2841//197 2838//1050
f 2846//199 2849//200 2843//201
f 2848//1830 2846//203 2844//1615
f 2849//846 2848//1831 2845//1832
f 2850//1833 2854//1834 2856//1619
f 2851//1835 2854//1836 2853//852
f 2856//214 2855//1837 2852//1055
f 2860//1357 2863//854 2857//219
f 2862//1621 2860//221 2858//222
f 2863//855 2862//1361 2859//225
f 2867//1838 2870//1229 2864//228
f 2869//1839 2867//1366 2865//1840
f 2870//232 2869//233 2866//1625
f 2871//1058 2875//858 2877//1841
f 2876//1369 2874//1059 2872//1371
f 2873//1372 2875//1373 2876//1842
f 2881//1232 2884//245 2878//1375
f 2883//1843 2881//1627 2879//1844
f 2884//250 2883//1379 2880//252
f 2888//1380 2891//1381 2885//1066
f 2890//1382 2888//257 2886//258
f 2891//1628 2890//1385 2887//1845
f 2895//1630 2898//1631 2892//1632
f 2897//265 2895//266 2893//1387
f 2898//1633 2897//1235 2894//1388
f 2902//271 2905//866 2899//273
f 2904//1635 2902//1636 2900//1846
f 2905//277 2904//869 2901//279
f 2906//280 2910//281 2912//282
f 2911//1391 2909//1392 2907//1393
f 2908//1071 2910//1394 2911//1238
f 2745//289 2692//290 2689//291
f 2751//292 2690//1074 2692//294
f 2696//295 2694//296 2690//297
f 2694//1847 2698//1848 2691//1849
f 2753//1076 2699//302 2696//303
f 2755//878 2697//879 2699//448
f 2754//307 2750//1850 2746//961
f 2750//1645 2753//1646 2747//297
f 2864//313 2811//314 2808//315
f 2870//316 2809//317 2811//314
f 2810//1851 2807//1852 2803//1853
f 2813//321 2801//322 2807//1404
f 2858//324 2804//325 2801//326
f 2860//327 2802//328 2804//325
f 2866//329 2862//1405 2858//1406
f 2869//1407 2859//1083 2862//1084
f 2697//1408 2709//1854 2701//1410
f 2701//1411 2705//1412 2698//340
f 2760//341 2706//342 2703//306
f 2762//343 2704//344 2706//345
f 2761//346 2758//347 2754//348
f 2764//1243 2752//1244 2758//1855
f 2871//352 2818//353 2815//354
f 2877//355 2816//356 2818//353
f 2810//885 2820//358 2814//359
f 2814//1856 2816//1857 2808//1858
f 2873//1859 2867//1860 2864//1861
f 2876//1245 2865//367 2867//1862
f 2704//369 2716//370 2708//1418
f 2708//1093 2712//373 2705//374
f 2767//375 2713//376 2710//377
f 2769//887 2711//888 2713//509
f 2768//380 2765//1094 2761//382
f 2771//1863 2759//1864 2765//1095
f 2878//386 2825//387 2822//889
f 2884//388 2823//389 2825//387
f 2817//390 2827//391 2821//1419
f 2821//393 2823//394 2815//395
f 2880//396 2874//397 2871//398
f 2883//399 2872//400 2874//401
f 2711//890 2723//403 2715//404
f 2715//1096 2719//406 2712//407
f 2774//408 2720//409 2717//328
f 2776//410 2718//891 2720//325
f 2775//1425 2772//1426 2768//414
f 2778//1865 2766//1866 2772//1867
f 2885//418 2832//294 2829//419
f 2891//420 2830//291 2832//294
f 2824//421 2834//422 2828//423
f 2828//1868 2830//1869 2822//1870
f 2887//1656 2881//1871 2878//1428
f 2890//430 2879//431 2881//432
f 2718//433 2730//1657 2722//1658
f 2730//904 2719//1101 2722//435
f 2781//907 2727//440 2724//317
f 2783//441 2725//442 2727//314
f 2782//1872 2779//1873 2775//961
f 2785//911 2773//433 2779//910
f 2892//447 2839//448 2836//449
f 2898//450 2837//303 2839//448
f 2838//451 2835//452 2831//438
f 2835//1874 2837//1875 2829//1268
f 2894//1430 2888//1431 2885//297
f 2897//1432 2886//459 2888//1434
f 2731//1876 2729//1664 2725//463
f 2737//464 2726//1435 2729//466
f 2788//467 2734//468 2731//315
f 2790//469 2732//470 2734//353
f 2782//1877 2792//1878 2786//473
f 2786//474 2788//475 2780//476
f 2899//477 2846//345 2843//478
f 2905//919 2844//306 2846//345
f 2845//480 2842//481 2838//482
f 2848//1879 2836//1107 2842//1880
f 2892//486 2904//487 2895//921
f 2895//489 2900//490 2893//491
f 2738//492 2736//493 2732//494
f 2744//1440 2733//1108 2736//1441
f 2795//498 2741//499 2738//389
f 2797//500 2739//501 2741//387
f 2789//1881 2799//1110 2793//504
f 2793//505 2795//506 2787//507
f 2906//508 2853//509 2850//328
f 2912//510 2851//377 2853//509
f 2852//1258 2849//1259 2845//513
f 2855//514 2843//515 2849//516
f 2899//926 2911//518 2902//519
f 2902//1669 2907//1112 2900//1670
f 2740//523 2695//1882 2691//525
f 2743//526 2689//527 2695//528
f 2745//1446 2800//1447 2748//1448
f 2748//1449 2796//533 2746//1261
f 2850//1883 2806//1884 2802//1885
f 2856//538 2803//929 2806//540
f 2859//930 2909//542 2863//543
f 2863//1886 2906//1118 2857//1887
f 2794//291 2689//291 2739//291
f 2747//297 2696//297 2690//297
f 2698//438 2803//438 2691//438
f 2691//438 2852//438 2740//438
f 2698//438 2817//438 2810//438
f 2752//306 2703//306 2697//306
f 2705//438 2824//438 2817//438
f 2759//547 2710//547 2704//547
f 2712//438 2831//438 2824//438
f 2766//328 2717//328 2711//328
f 2726//438 2831//438 2719//438
f 2773//331 2724//331 2718//331
f 2733//438 2838//438 2726//438
f 2780//315 2731//315 2725//315
f 2740//438 2845//438 2733//438
f 2787//548 2738//548 2732//548
f 2746//309 2865//309 2754//309
f 2746//309 2907//309 2859//309
f 2754//309 2872//309 2761//309
f 2761//309 2879//309 2768//309
f 2768//309 2886//309 2775//309
f 2775//309 2893//309 2782//309
f 2789//309 2893//309 2900//309
f 2796//309 2900//309 2907//309
f 2866//331 2801//331 2809//331
f 2857//328 2850//328 2802//328
f 2873//315 2808//315 2816//315
f 2880//548 2815//548 2823//548
f 2887//291 2822//291 2830//291
f 2894//297 2829//297 2837//297
f 2901//306 2836//306 2844//306
f 2908//547 2843//547 2851//547
f 2913//1676 2917//1677 2919//740
f 2914//1888 2917//553 2916//554
f 2915//1679 2917//1680 2918//676
f 2920//1149 2924//1681 2926//1682
f 2921//1683 2924//1684 2923//770
f 2922//1685 2924//1686 2925//1687
f 2927//1688 2931//1689 2933//1690
f 2928//570 2931//1486 2930//1691
f 2929//573 2931//574 2932//575
f 2934//1889 2938//1279 2940//1890
f 2935//1126 2938//1692 2937//1128
f 2936//1693 2938//583 2939//681
f 2941//1891 2945//1280 2947//1892
f 2942//1129 2945//1694 2944//1131
f 2943//591 2945//592 2946//1157
f 2948//1695 2952//1696 2954//1697
f 2949//597 2952//1496 2951//1698
f 2950//600 2952//601 2953//772
f 2955//1699 2959//1700 2961//1701
f 2956//1160 2959//1702 2958//1703
f 2957//1704 2959//1564 2960//972
f 2962//1893 2966//613 2968//931
f 2963//1706 2966//1707 2965//687
f 2964//1708 2966//1709 2967//741
f 2921//621 2919//622 2915//297
f 2919//1710 2920//1711 2913//981
f 2934//625 2918//626 2914//548
f 2940//1712 2915//1713 2918//291
f 2929//629 2939//1894 2933//631
f 2939//1895 2927//1141 2933//631
f 2929//634 2925//635 2921//297
f 2932//636 2922//637 2925//306
f 2963//638 2947//639 2943//331
f 2965//752 2941//753 2947//315
f 2948//1715 2946//643 2942//438
f 2946//644 2950//1896 2943//331
f 2955//646 2953//647 2949//547
f 2961//1717 2950//649 2953//328
f 2956//650 2967//1897 2960//652
f 2967//1898 2957//654 2960//655
f 2942//656 2916//763 2913//438
f 2944//1722 2914//946 2916//726
f 2949//1723 2926//662 2922//764
f 2926//947 2948//948 2920//438
f 2956//666 2930//667 2927//309
f 2958//949 2928//1899 2930//735
f 2962//670 2937//671 2934//548
f 2968//976 2935//674 2937//675
f 2920//438 2942//438 2913//438
f 2936//297 2921//297 2915//297
f 2914//548 2962//548 2934//548
f 2928//547 2949//547 2922//547
f 2935//309 2956//309 2927//309
f 2950//331 2963//331 2943//331
f 2969//549 2973//1120 2975//1474
f 2970//1900 2973//553 2972//1901
f 2971//1477 2973//1478 2974//1479
f 2976//1725 2980//1481 2982//1456
f 2977//1263 2980//1264 2979//1482
f 2978//1483 2980//1484 2981//566
f 2983//1726 2987//1727 2989//1530
f 2984//1265 2987//1486 2986//572
f 2985//1151 2987//1487 2988//952
f 2990//1889 2994//1902 2996//1890
f 2991//1488 2994//1489 2993//1154
f 2992//1532 2994//1273 2995//584
f 2997//1891 3001//1903 3003//1892
f 2998//1490 3001//1491 3000//1156
f 2999//1459 3001//977 3002//1275
f 3004//1728 3008//1729 3010//1536
f 3005//1495 3008//1496 3007//1171
f 3006//1158 3008//1497 3009//953
f 3011//1498 3015//1499 3017//605
f 3012//1730 3015//1501 3014//1460
f 3013//1266 3015//954 3016//1502
f 3018//1904 3022//613 3024//1905
f 3019//1505 3022//1506 3021//1507
f 3020//618 3022//933 3023//1508
f 2971//688 2979//689 2975//690
f 2979//1511 2969//692 2975//690
f 2990//1512 2974//1513 2970//548
f 2996//695 2971//696 2974//291
f 2992//1906 2989//957 2985//297
f 2989//1514 2991//700 2983//309
f 2985//1515 2981//1516 2977//297
f 2988//703 2978//704 2981//306
f 3019//1517 3003//1518 2999//331
f 3021//707 2997//708 3003//315
f 2998//709 3010//1168 3002//711
f 3010//1731 2999//713 3002//711
f 3011//1521 3009//1522 3005//547
f 3017//716 3006//717 3009//328
f 3020//718 3016//1523 3012//309
f 3016//962 3019//721 3013//331
f 2998//722 2972//723 2969//438
f 3000//724 2970//1524 2972//1525
f 3005//727 2982//728 2978//547
f 3007//1526 2976//965 2982//665
f 3012//731 2986//732 2983//309
f 3014//733 2984//734 2986//1527
f 3018//736 2993//1528 2990//672
f 3024//1529 2991//968 2993//675
f 2976//438 2998//438 2969//438
f 2992//297 2977//297 2971//297
f 2970//548 3018//548 2990//548
f 2984//547 3005//547 2978//547
f 2991//309 3012//309 2983//309
f 3006//331 3019//331 2999//331
f 3025//1732 3029//1733 3031//1734
f 3026//552 3029//1476 3028//1678
f 3027//555 3029//556 3030//557
f 3032//1122 3036//1735 3038//1124
f 3033//1736 3036//562 3035//770
f 3034//1907 3036//1269 3037//1908
f 3039//1737 3043//1738 3045//569
f 3040//1909 3043//571 3042//572
f 3041//1739 3043//1740 3044//771
f 3046//1741 3050//1742 3052//1743
f 3047//1153 3050//1744 3049//1745
f 3048//1746 3050//1747 3051//681
f 3053//1748 3057//1749 3059//1750
f 3054//1155 3057//1751 3056//1752
f 3055//1753 3057//1492 3058//1157
f 3060//1754 3064//1755 3066//596
f 3061//1910 3064//598 3063//1171
f 3062//1756 3064//1757 3065//772
f 3067//1911 3071//1270 3073//1912
f 3068//1135 3071//1758 3070//1137
f 3069//609 3071//610 3072//972
f 3074//612 3078//1504 3080//1705
f 3075//615 3078//616 3077//687
f 3076//1759 3078//1760 3079//1761
f 3027//742 3035//1913 3031//690
f 3035//1914 3025//1172 3031//690
f 3046//625 3030//626 3026//548
f 3052//1712 3027//628 3030//291
f 3048//746 3045//747 3041//297
f 3045//1915 3047//1916 3039//961
f 3041//634 3037//635 3033//297
f 3044//636 3034//637 3037//306
f 3075//638 3059//639 3055//331
f 3077//752 3053//753 3059//315
f 3054//754 3066//1763 3058//756
f 3066//1917 3055//758 3058//711
f 3067//646 3065//647 3061//547
f 3073//1717 3062//1765 3065//328
f 3076//1918 3072//760 3068//309
f 3072//761 3075//1919 3069//331
f 3054//656 3028//763 3025//438
f 3056//945 3026//1920 3028//726
f 3061//661 3038//662 3034//547
f 3063//1767 3032//664 3038//665
f 3068//666 3042//667 3039//309
f 3070//1768 3040//950 3042//735
f 3074//1769 3049//671 3046//672
f 3049//1472 3076//1473 3047//309
f 3032//438 3054//438 3025//438
f 3048//297 3033//297 3027//297
f 3026//548 3074//548 3046//548
f 3040//547 3061//547 3034//547
f 3047//309 3068//309 3039//309
f 3062//331 3075//331 3055//331
f 3081//1770 3085//1771 3087//1455
f 3082//1545 3085//1476 3084//554
f 3083//1148 3085//1546 3086//951
f 3088//1480 3092//1547 3094//1150
f 3089//1457 3092//1264 3091//563
f 3090//1907 3092//1921 3093//1908
f 3095//567 3099//970 3101//1485
f 3096//1922 3099//571 3098//1923
f 3097//1549 3099//1550 3100//1551
f 3102//1552 3106//1553 3108//680
f 3103//1772 3106//1554 3105//1531
f 3104//1272 3106//1273 3107//1555
f 3109//1556 3113//1557 3115//682
f 3110//1773 3113//1558 3112//1534
f 3111//1274 3113//977 3114//1493
f 3116//594 3120//1133 3122//1494
f 3117//1924 3120//598 3119//1925
f 3118//1560 3120//1561 3121//1562
f 3123//1911 3127//1926 3129//1912
f 3124//1500 3127//1563 3126//1161
f 3125//1461 3127//954 3128//1267
f 3130//1276 3134//1504 3136//931
f 3131//1162 3134//1565 3133//955
f 3132//1774 3134//1775 3135//1463
f 3089//1776 3087//978 3083//297
f 3087//1566 3088//776 3081//438
f 3102//1512 3086//1513 3082//548
f 3108//695 3083//696 3086//291
f 3097//777 3107//778 3101//631
f 3107//1569 3095//780 3101//631
f 3097//1515 3093//1516 3089//297
f 3100//703 3090//704 3093//306
f 3131//1517 3115//1518 3111//331
f 3133//707 3109//708 3115//315
f 3116//783 3114//1570 3110//438
f 3114//982 3118//786 3111//331
f 3123//1521 3121//1522 3117//547
f 3129//716 3118//717 3121//328
f 3124//787 3135//1189 3128//655
f 3135//1777 3125//790 3128//655
f 3110//722 3084//723 3081//438
f 3112//724 3082//725 3084//1525
f 3117//727 3094//1573 3090//764
f 3119//1526 3088//965 3094//665
f 3124//731 3098//732 3095//309
f 3126//733 3096//1574 3098//1527
f 3130//736 3105//737 3102//548
f 3136//1529 3103//968 3105//675
f 3088//438 3110//438 3081//438
f 3104//297 3089//297 3083//297
f 3082//548 3130//548 3102//548
f 3096//547 3117//547 3090//547
f 3103//309 3124//309 3095//309
f 3118//331 3131//331 3111//331
f 3140//1 3143//2 3137//3
f 3142//1927 3140//1283 3138//1928
f 3139//1929 3141//1930 3142//1931
f 3147//10 3150//1932 3144//1287
f 3149//1933 3147//14 3145//15
f 3146//1934 3148//1935 3149//1936
f 3151//19 3155//1937 3157//1938
f 3156//22 3154//1289 3152//24
f 3153//1578 3155//1939 3156//1940
f 3161//1941 3164//1192 3158//30
f 3163//1193 3161//1942 3159//1943
f 3160//1944 3162//1945 3163//1946
f 3165//802 3169//1947 3171//1948
f 3170//1949 3168//996 3166//1194
f 3167//1292 3169//1950 3170//1951
f 3175//998 3178//47 3172//1952
f 3173//1953 3176//1954 3175//51
f 3174//52 3176//1586 3177//810
f 3182//55 3185//1955 3179//1956
f 3184//1197 3182//1298 3180//60
f 3181//1957 3183//1003 3184//1004
f 3189//1005 3192//65 3186//66
f 3187//67 3190//68 3189//69
f 3188//1958 3190//1301 3191//1959
f 3196//73 3199//74 3193//75
f 3194//1960 3197//1303 3196//1961
f 3199//79 3198//1012 3195//81
f 3203//82 3206//83 3200//84
f 3205//1307 3203//1308 3201//87
f 3202//1962 3204//1310 3205//1798
f 3210//1963 3213//92 3207//93
f 3208//94 3211//95 3210//96
f 3209//1964 3211//1593 3212//1965
f 3217//100 3220//1017 3214//1966
f 3219//1967 3217//1968 3215//105
f 3216//1969 3218//1970 3219//1971
f 3224//1972 3227//110 3221//111
f 3222//1973 3225//1974 3224//1022
f 3223//1975 3225//1976 3226//1977
f 3228//118 3232//1809 3234//1978
f 3233//121 3231//122 3229//1025
f 3230//1979 3232//1980 3233//1981
f 3238//1982 3241//128 3235//129
f 3240//1214 3238//1028 3236//1029
f 3237//1030 3239//1983 3240//1984
f 3242//1985 3246//1324 3248//1986
f 3247//1033 3245//140 3243//141
f 3244//1987 3246//1988 3247//144
f 3252//1989 3255//1990 3249//147
f 3254//1991 3252//1215 3250//1328
f 3255//1992 3254//152 3251//1993
f 3259//1331 3262//1994 3256//1333
f 3261//1995 3259//1996 3257//159
f 3262//1997 3261//1998 3258//835
f 3263//163 3267//1999 3269//1041
f 3264//166 3267//167 3266//168
f 3269//169 3268//2000 3265//2001
f 3273//172 3276//2002 3270//2003
f 3275//175 3273//1822 3271//177
f 3276//2004 3275//2005 3272//2006
f 3280//2007 3283//2008 3277//2009
f 3282//184 3280//2010 3278//841
f 3283//2011 3282//843 3279//844
f 3287//190 3290//2012 3284//1047
f 3289//2013 3287//2014 3285//2015
f 3290//1349 3289//197 3286//1350
f 3294//2016 3297//1051 3291//201
f 3296//1052 3294//203 3292//204
f 3297//2017 3296//2018 3293//1832
f 3298//2019 3302//2020 3304//2021
f 3299//211 3302//2022 3301//1053
f 3304//2023 3303//1054 3300//2024
f 3308//2025 3311//2026 3305//1359
f 3310//2027 3308//2028 3306//222
f 3311//2029 3310//2030 3307//2031
f 3315//1362 3318//1363 3312//1364
f 3317//2032 3315//2033 3313//2034
f 3318//2035 3317//2036 3314//234
f 3319//1058 3323//858 3325//2037
f 3324//2038 3322//239 3320//2039
f 3321//2040 3323//1373 3324//1842
f 3329//2041 3332//2042 3326//2043
f 3331//2044 3329//2045 3327//2046
f 3332//2047 3331//1379 3328//252
f 3336//2048 3339//2049 3333//1066
f 3338//2050 3336//2051 3334//258
f 3339//259 3338//260 3335//261
f 3343//2052 3346//2053 3340//865
f 3345//2054 3343//2055 3341//1387
f 3346//2056 3345//2057 3342//1388
f 3350//271 3353//866 3347//273
f 3352//2058 3350//2059 3348//2060
f 3353//2061 3352//2062 3349//2063
f 3354//280 3358//281 3360//282
f 3359//870 3357//2064 3355//872
f 3356//2065 3358//1072 3359//1073
f 3193//289 3140//290 3137//291
f 3199//292 3138//293 3140//294
f 3144//295 3142//2066 3138//297
f 3150//2067 3139//2068 3142//2069
f 3201//877 3147//302 3144//303
f 3203//878 3145//879 3147//448
f 3202//2070 3198//308 3194//309
f 3205//310 3195//311 3198//312
f 3312//313 3259//314 3256//315
f 3318//316 3257//317 3259//314
f 3251//2071 3261//2072 3255//2073
f 3261//2074 3249//322 3255//1404
f 3306//324 3252//325 3249//326
f 3308//327 3250//328 3252//325
f 3314//2075 3310//330 3306//331
f 3317//2076 3307//333 3310//1084
f 3145//2077 3157//2078 3149//2079
f 3149//2080 3153//339 3146//2081
f 3208//341 3154//342 3151//306
f 3210//343 3152//344 3154//345
f 3209//2082 3206//2083 3202//2084
f 3212//2085 3200//2086 3206//2087
f 3319//352 3266//353 3263//354
f 3325//355 3264//356 3266//353
f 3258//357 3268//2088 3262//2089
f 3262//2090 3264//2091 3256//2092
f 3321//1859 3315//364 3312//2093
f 3324//1245 3313//1246 3315//1247
f 3152//369 3164//1092 3156//371
f 3156//372 3160//2094 3153//374
f 3215//375 3161//376 3158//377
f 3217//2095 3159//888 3161//509
f 3216//380 3213//381 3209//382
f 3219//2096 3207//384 3213//385
f 3326//386 3273//387 3270//889
f 3332//388 3271//389 3273//387
f 3265//2097 3275//2098 3269//2099
f 3269//393 3271//394 3263//395
f 3328//396 3322//397 3319//398
f 3331//2100 3320//400 3322//401
f 3159//2101 3171//1422 3163//404
f 3163//2102 3167//2103 3160//1250
f 3222//408 3168//409 3165//328
f 3224//410 3166//891 3168//325
f 3223//412 3220//2104 3216//892
f 3226//415 3214//416 3220//417
f 3333//418 3280//294 3277//419
f 3339//420 3278//291 3280//294
f 3272//421 3282//422 3276//423
f 3276//2105 3278//1869 3270//426
f 3335//427 3329//428 3326//429
f 3338//2106 3327//2107 3329//2108
f 3166//2109 3178//2110 3170//435
f 3178//2111 3167//1101 3170//435
f 3229//439 3175//2112 3172//317
f 3231//441 3173//442 3175//314
f 3230//2113 3227//2114 3223//2115
f 3233//2116 3221//2117 3227//910
f 3340//447 3287//448 3284//449
f 3346//450 3285//303 3287//448
f 3286//451 3283//452 3279//438
f 3289//2118 3277//454 3283//915
f 3342//2119 3336//457 3333//297
f 3345//2120 3334//459 3336//1434
f 3179//461 3177//462 3173//463
f 3185//1666 3174//2121 3177//2122
f 3236//467 3182//468 3179//315
f 3238//469 3180//470 3182//353
f 3230//471 3240//2123 3234//473
f 3234//2124 3236//2125 3228//476
f 3347//477 3294//345 3291//478
f 3353//919 3292//920 3294//345
f 3293//480 3290//481 3286//482
f 3296//1879 3284//1107 3290//1880
f 3340//486 3352//2126 3343//921
f 3343//2127 3348//2128 3341//2129
f 3186//492 3184//493 3180//494
f 3192//495 3181//496 3184//1667
f 3243//498 3189//499 3186//389
f 3245//500 3187//501 3189//387
f 3237//502 3247//923 3241//2130
f 3241//505 3243//2131 3235//507
f 3354//508 3301//509 3298//328
f 3360//510 3299//377 3301//509
f 3300//511 3297//512 3293//513
f 3303//514 3291//925 3297//516
f 3347//926 3359//518 3350//2132
f 3350//520 3355//521 3348//522
f 3188//2133 3143//1882 3139//2134
f 3191//2135 3137//1260 3143//2136
f 3193//2137 3248//2138 3196//2139
f 3196//2140 3244//533 3194//2141
f 3298//535 3254//1672 3250//537
f 3304//2142 3251//2143 3254//2144
f 3307//541 3357//2145 3311//2146
f 3311//1454 3354//1118 3305//2147
f 3242//291 3137//291 3187//291
f 3195//297 3144//297 3138//297
f 3146//438 3251//438 3139//438
f 3139//438 3300//438 3188//438
f 3146//438 3265//438 3258//438
f 3200//306 3151//306 3145//306
f 3153//438 3272//438 3265//438
f 3207//547 3158//547 3152//547
f 3160//438 3279//438 3272//438
f 3214//328 3165//328 3159//328
f 3174//438 3279//438 3167//438
f 3221//331 3172//331 3166//331
f 3181//438 3286//438 3174//438
f 3228//315 3179//315 3173//315
f 3188//438 3293//438 3181//438
f 3235//548 3186//548 3180//548
f 3194//309 3313//309 3202//309
f 3194//309 3355//309 3307//309
f 3202//309 3320//309 3209//309
f 3209//309 3327//309 3216//309
f 3216//309 3334//309 3223//309
f 3223//309 3341//309 3230//309
f 3237//309 3341//309 3348//309
f 3244//309 3348//309 3355//309
f 3314//331 3249//331 3257//331
f 3305//328 3298//328 3250//328
f 3321//315 3256//315 3264//315
f 3328//548 3263//548 3271//548
f 3335//291 3270//291 3278//291
f 3342//297 3277//297 3285//297
f 3349//306 3284//306 3292//306
f 3356//547 3291//547 3299//547
f 3361//2148 3365//2149 3367//1121
f 3362//552 3365//553 3364//554
f 3363//1148 3365//2150 3366//951
f 3368//2151 3372//1262 3374//2152
f 3369//1683 3372//562 3371//770
f 3370//2153 3372//2154 3373//2155
f 3375//2156 3379//2157 3381//1125
f 3376//1265 3379//2158 3378//1691
f 3377//2159 3379//2160 3380//2161
f 3382//1741 3386//2162 3388//2163
f 3383//2164 3386//2165 3385//2166
f 3384//582 3386//2167 3387//584
f 3389//1748 3393//2168 3395//2169
f 3390//2170 3393//2171 3392//2172
f 3391//591 3393//2173 3394//593
f 3396//2174 3400//2175 3402//1134
f 3397//1495 3400//2176 3399//1698
f 3398//1158 3400//2177 3401//2178
f 3403//2179 3407//2180 3409//2181
f 3404//2182 3407//2183 3406//2184
f 3405//609 3407//610 3408//972
f 3410//612 3414//613 3416//931
f 3411//1162 3414//2185 3413//2186
f 3412//2187 3414//2188 3415//1138
f 3369//621 3367//622 3363//297
f 3367//623 3368//2189 3361//320
f 3382//625 3366//626 3362//548
f 3388//1712 3363//628 3366//291
f 3377//936 3387//2190 3381//631
f 3387//632 3375//633 3381//1142
f 3369//2191 3380//2192 3373//2193
f 3380//636 3370//637 3373//306
f 3391//2194 3413//2195 3395//2196
f 3413//752 3389//753 3395//315
f 3396//2197 3394//2198 3390//438
f 3394//644 3398//645 3391//331
f 3397//2199 3409//2200 3401//2201
f 3409//1717 3398//649 3401//328
f 3404//650 3415//2202 3408//655
f 3415//653 3405//654 3408//655
f 3390//2203 3364//2204 3361//438
f 3392//945 3362//946 3364//726
f 3397//1723 3374//662 3370//764
f 3399//1767 3368//664 3374//2205
f 3404//2206 3378//2207 3375//309
f 3406//949 3376//1899 3378//735
f 3410//1769 3385//2208 3382//548
f 3385//2209 3412//2210 3383//309
f 3368//438 3390//438 3361//438
f 3384//297 3369//297 3363//297
f 3362//548 3410//548 3382//548
f 3376//547 3397//547 3370//547
f 3383//309 3404//309 3375//309
f 3398//331 3411//331 3391//331
f 3417//2211 3421//1120 3423//1121
f 3418//552 3421//553 3420//769
f 3419//1148 3421//1180 3422//951
f 3424//558 3428//1262 3430//1124
f 3425//1263 3428//562 3427//1458
f 3426//564 3428//565 3429//566
f 3431//2212 3435//970 3437//1125
f 3432//1922 3435//1486 3434//572
f 3433//1151 3435//1152 3436//952
f 3438//1889 3442//1279 3444//578
f 3439//2213 3442//2214 3441//2215
f 3440//1532 3442//583 3443//1533
f 3445//1891 3449//1280 3451//587
f 3446//588 3449//2171 3448//1131
f 3447//1459 3449//2216 3450//1275
f 3452//2217 3456//1133 3458//1134
f 3453//597 3456//1496 3455//1171
f 3454//1158 3456//1159 3457//953
f 3459//603 3463//604 3465//605
f 3460//1160 3463//2218 3462//1703
f 3461//1266 3463//2219 3464//1267
f 3466//612 3470//613 3472//614
f 3467//2220 3470//2221 3469//955
f 3468//2222 3470//933 3471//1138
f 3419//2223 3427//2224 3423//690
f 3427//2225 3417//2226 3423//2227
f 3438//693 3422//694 3418//548
f 3444//695 3419//696 3422//291
f 3440//1906 3437//957 3433//297
f 3437//699 3439//700 3431//309
f 3433//701 3429//702 3425//303
f 3436//703 3426//704 3429//306
f 3467//705 3451//706 3447//331
f 3469//707 3445//708 3451//315
f 3446//2228 3458//2229 3450//2230
f 3458//2231 3447//713 3450//711
f 3459//714 3457//715 3453//547
f 3465//716 3454//717 3457//328
f 3468//718 3464//719 3460//309
f 3464//962 3467//2232 3461//331
f 3446//722 3420//963 3417//438
f 3448//724 3418//1524 3420//726
f 3453//727 3430//728 3426//547
f 3455//729 3424//965 3430//665
f 3460//731 3434//732 3431//309
f 3462//733 3432//734 3434//735
f 3466//736 3441//737 3438//672
f 3472//2233 3439//968 3441//675
f 3424//438 3446//438 3417//438
f 3440//297 3425//297 3419//297
f 3418//548 3466//548 3438//548
f 3432//547 3453//547 3426//547
f 3439//309 3460//309 3431//309
f 3454//331 3467//331 3447//331
f 3473//2148 3477//2149 3479//1121
f 3474//1545 3477//2234 3476//1678
f 3475//1148 3477//2150 3478//2235
f 3480//2151 3484//1262 3486//2152
f 3481//561 3484//2236 3483//563
f 3482//1685 3484//2237 3485//2155
f 3487//2156 3491//2157 3493//1125
f 3488//570 3491//571 3490//572
f 3489//1151 3491//2238 3492//952
f 3494//2239 3498//2240 3500//2163
f 3495//2213 3498//2241 3497//2242
f 3496//1746 3498//583 3499//681
f 3501//2243 3505//2244 3507//2169
f 3502//2170 3505//2171 3504//2172
f 3503//591 3505//592 3506//1157
f 3508//2174 3512//2175 3514//1134
f 3509//597 3512//598 3511//1171
f 3510//1158 3512//2177 3513//2178
f 3515//1699 3519//2245 3521//2181
f 3516//2246 3519//2247 3518//2248
f 3517//609 3519//2249 3520//611
f 3522//1276 3526//2250 3528//1705
f 3523//2251 3526//2221 3525//2186
f 3524//2187 3526//2188 3527//1138
f 3475//1537 3483//2252 3479//690
f 3483//2253 3473//1172 3479//2254
f 3474//2255 3500//2256 3478//2257
f 3500//1712 3475//628 3478//291
f 3496//746 3493//747 3489//1277
f 3493//2258 3495//1916 3487//961
f 3481//2191 3492//2192 3485//2193
f 3492//636 3482//751 3485//306
f 3523//638 3507//639 3503//331
f 3525//752 3501//753 3507//315
f 3502//2259 3514//2260 3506//2261
f 3514//757 3503//758 3506//711
f 3515//646 3513//647 3509//547
f 3521//1717 3510//649 3513//328
f 3524//2262 3520//2263 3516//918
f 3520//761 3523//762 3517//331
f 3502//2203 3476//2204 3473//438
f 3504//945 3474//1920 3476//726
f 3509//1723 3486//2264 3482//547
f 3511//1767 3480//975 3486//2265
f 3516//2206 3490//2207 3487//309
f 3518//949 3488//950 3490//735
f 3522//1769 3497//671 3494//672
f 3528//976 3495//674 3497//2266
f 3480//438 3502//438 3473//438
f 3496//297 3481//297 3475//297
f 3474//548 3522//548 3494//548
f 3488//547 3509//547 3482//547
f 3495//309 3516//309 3487//309
f 3510//331 3523//331 3503//331
f 3529//2267 3533//1120 3535//1121
f 3530//1900 3533//1476 3532//554
f 3531//1148 3533//1180 3534//951
f 3536//558 3540//1262 3542//2268
f 3537//1457 3540//562 3539//1458
f 3538//1907 3540//1269 3541//677
f 3543//2269 3547//970 3549//1125
f 3544//570 3547//571 3546//679
f 3545//2270 3547//2160 3548//952
f 3550//576 3554//577 3556//680
f 3551//1153 3554//2271 3553//1745
f 3552//1272 3554//583 3555//1533
f 3557//585 3561//586 3563//682
f 3558//588 3561//2171 3560//1131
f 3559//1274 3561//2216 3562//1275
f 3564//2272 3568//1133 3570//1134
f 3565//597 3568//598 3567//599
f 3566//1158 3568//1159 3569//953
f 3571//1911 3575//1270 3577//685
f 3572//2273 3575//2274 3574//2275
f 3573//1461 3575//2219 3576//1267
f 3578//612 3582//1504 3584//931
f 3579//1162 3582//1181 3581//955
f 3580//2276 3582//933 3583//1138
f 3537//1776 3535//2277 3531//1277
f 3535//2278 3536//2279 3529//2280
f 3550//693 3534//694 3530//548
f 3556//695 3531//696 3534//291
f 3545//777 3555//1567 3549//1568
f 3555//2281 3543//2282 3549//2283
f 3545//701 3541//781 3537//303
f 3548//703 3538//704 3541//306
f 3579//705 3563//706 3559//331
f 3581//707 3557//708 3563//315
f 3564//2284 3562//2285 3558//1849
f 3562//2286 3566//2287 3559//1406
f 3571//714 3569//715 3565//547
f 3577//716 3566//717 3569//328
f 3572//2288 3583//2289 3576//2290
f 3583//789 3573//790 3576//655
f 3558//722 3532//723 3529//438
f 3560//724 3530//725 3532//726
f 3565//727 3542//728 3538//764
f 3567//2291 3536//965 3542//665
f 3572//731 3546//987 3543//309
f 3574//733 3544//1574 3546//735
f 3578//736 3553//737 3550//548
f 3584//738 3551//968 3553//675
f 3536//438 3558//438 3529//438
f 3552//297 3537//297 3531//297
f 3530//548 3578//548 3550//548
f 3544//547 3565//547 3538//547
f 3551//309 3572//309 3543//309
f 3566//331 3579//331 3559//331
f 3588//1 3591//2 3585//3
f 3590//2292 3588//1283 3586//1928
f 3587//2293 3589//2294 3590//2295
f 3595//10 3598//11 3592//1287
f 3597//13 3595//14 3593//15
f 3594//2296 3596//17 3597//2297
f 3599//1780 3603//2298 3605//2299
f 3604//1191 3602//23 3600//24
f 3601//2300 3603//2301 3604//27
f 3609//1941 3612//1192 3606//30
f 3611//1193 3609//1942 3607//1943
f 3608//1944 3610//2302 3611//2303
f 3613//2304 3617//1787 3619//1788
f 3618//40 3616//41 3614//1194
f 3615//2305 3617//2306 3618//2307
f 3623//46 3626//47 3620//1952
f 3621//2308 3624//2309 3623//2310
f 3622//2311 3624//1586 3625//2312
f 3630//55 3633//1955 3627//1956
f 3632//2313 3630//2314 3628//60
f 3629//1957 3631//1003 3632//2315
f 3637//812 3640//65 3634//2316
f 3635//67 3638//2317 3637//69
f 3636//1958 3638//1301 3639//1589
f 3644//2318 3647//74 3641//75
f 3642//2319 3645//2320 3644//2321
f 3647//79 3646//2322 3643//1305
f 3651//82 3654//2323 3648//84
f 3653//2324 3651//1308 3649//87
f 3650//2325 3652//2326 3653//2327
f 3658//1963 3661//1312 3655//93
f 3656//2328 3659//1800 3658//1313
f 3657//2329 3659//2330 3660//2331
f 3665//100 3668//1017 3662//1966
f 3667//2332 3665//1968 3663//2333
f 3664//2334 3666//2335 3667//2336
f 3672//109 3675//2337 3669//1317
f 3670//2338 3673//2339 3672//2340
f 3671//2341 3673//2342 3674//2343
f 3676//2344 3680//2345 3682//2346
f 3681//2347 3679//122 3677//1025
f 3678//2348 3680//2349 3681//2350
f 3686//1982 3689//1810 3683//2351
f 3688//2352 3686//1028 3684//1029
f 3685//2353 3687//2354 3688//1984
f 3690//2355 3694//2356 3696//2357
f 3695//2358 3693//140 3691//141
f 3692//2359 3694//2360 3695//2361
f 3700//1989 3703//2362 3697//147
f 3702//2363 3700//1215 3698//1328
f 3703//2364 3702//2365 3699//2366
f 3707//2367 3710//2368 3704//1333
f 3709//2369 3707//1996 3705//159
f 3710//2370 3709//2371 3706//2372
f 3711//2373 3715//2374 3717//1041
f 3712//2375 3715//167 3714//2376
f 3717//2377 3716//2000 3713//2378
f 3721//2379 3724//2380 3718//2003
f 3723//2381 3721//176 3719//2382
f 3724//2383 3723//2384 3720//2385
f 3728//2386 3731//2387 3725//183
f 3730//2388 3728//2010 3726//841
f 3731//2389 3730//188 3727//844
f 3735//190 3738//191 3732//192
f 3737//2390 3735//2014 3733//2015
f 3738//2391 3737//2392 3734//1350
f 3742//2393 3745//2394 3739//201
f 3744//2395 3742//2396 3740//2397
f 3745//2398 3744//2399 3741//2400
f 3746//2401 3750//2402 3752//2403
f 3747//2404 3750//1836 3749//2405
f 3752//2406 3751//2407 3748//2408
f 3756//2025 3759//2409 3753//1359
f 3758//2410 3756//2028 3754//2411
f 3759//2412 3758//2413 3755//2031
f 3763//2414 3766//2415 3760//1364
f 3765//2416 3763//2033 3761//2034
f 3766//2417 3765//2418 3762//2419
f 3767//1058 3771//2420 3773//2037
f 3772//2421 3770//2422 3768//2423
f 3769//2424 3771//2425 3772//2426
f 3777//2427 3780//2428 3774//2043
f 3779//2429 3777//2430 3775//2431
f 3780//2432 3779//2433 3776//2434
f 3784//2435 3787//2049 3781//1066
f 3786//2436 3784//2437 3782//2438
f 3787//2439 3786//2440 3783//261
f 3791//2441 3794//2053 3788//1632
f 3793//2442 3791//2443 3789//2444
f 3794//2056 3793//2445 3790//2446
f 3798//271 3801//866 3795//2447
f 3800//2448 3798//2449 3796//2450
f 3801//2061 3800//2451 3797//2452
f 3802//2453 3806//2454 3808//2455
f 3807//2456 3805//2457 3803//2458
f 3804//2065 3806//2459 3807//2460
f 3641//289 3588//290 3585//291
f 3647//292 3586//293 3588//294
f 3592//295 3590//2066 3586//297
f 3598//2461 3587//2068 3590//2462
f 3649//877 3595//302 3592//303
f 3651//878 3593//879 3595//448
f 3642//2463 3653//2464 3646//2465
f 3653//310 3643//311 3646//2466
f 3760//313 3707//314 3704//315
f 3766//316 3705//317 3707//314
f 3699//1402 3709//2467 3703//323
f 3709//2074 3697//2468 3703//1404
f 3754//324 3700//325 3697//326
f 3756//327 3698//328 3700//325
f 3762//2469 3758//330 3754//331
f 3765//1407 3755//333 3758//2470
f 3593//2471 3605//2472 3597//2079
f 3597//2080 3601//339 3594//2081
f 3656//341 3602//342 3599//306
f 3658//343 3600//344 3602//345
f 3657//2473 3654//1088 3650//2084
f 3660//2085 3648//350 3654//2087
f 3767//352 3714//353 3711//354
f 3773//355 3712//356 3714//353
f 3706//2474 3716//1652 3710//359
f 3710//2475 3712//2476 3704//2477
f 3769//1859 3763//1860 3760//2478
f 3772//366 3761//2479 3763//1655
f 3600//369 3612//1092 3604//371
f 3604//372 3608//2094 3601//374
f 3663//375 3609//376 3606//377
f 3665//2095 3607//888 3609//509
f 3664//380 3661//381 3657//382
f 3667//2096 3655//384 3661//385
f 3774//386 3721//387 3718//889
f 3780//388 3719//389 3721//387
f 3713//390 3723//2480 3717//2099
f 3717//393 3719//394 3711//395
f 3776//2481 3770//397 3767//398
f 3779//2482 3768//400 3770//401
f 3607//402 3619//1422 3611//404
f 3611//2483 3615//2484 3608//2485
f 3670//408 3616//409 3613//328
f 3672//410 3614//891 3616//325
f 3671//2486 3668//2487 3664//2488
f 3674//1865 3662//893 3668//417
f 3781//418 3728//294 3725//419
f 3787//420 3726//291 3728//294
f 3720//2489 3730//2490 3724//423
f 3724//2105 3726//1869 3718//426
f 3783//1656 3777//1427 3774//429
f 3786//2491 3775//2492 3777//901
f 3614//433 3626//2493 3618//435
f 3626//1100 3615//374 3618//1102
f 3677//439 3623//2112 3620//317
f 3679//441 3621//442 3623//314
f 3678//2113 3675//2114 3671//2115
f 3681//911 3669//433 3675//910
f 3788//447 3735//448 3732//449
f 3794//450 3733//303 3735//448
f 3734//2494 3731//2495 3727//320
f 3737//2118 3725//454 3731//915
f 3790//2119 3784//457 3781//297
f 3793//2496 3782//2497 3784//2498
f 3627//461 3625//2499 3621//463
f 3633//1666 3622//465 3625//2122
f 3684//467 3630//468 3627//315
f 3686//469 3628//470 3630//353
f 3678//2500 3688//472 3682//1437
f 3682//2501 3684//475 3676//2502
f 3795//477 3742//345 3739//478
f 3801//919 3740//920 3742//345
f 3741//480 3738//481 3734//482
f 3744//483 3732//484 3738//485
f 3788//486 3800//2126 3791//921
f 3791//2127 3796//2128 3789//2129
f 3634//2503 3632//493 3628//494
f 3640//1440 3629//496 3632//1667
f 3691//498 3637//499 3634//389
f 3693//500 3635//501 3637//387
f 3685//502 3695//923 3689//2130
f 3689//505 3691//2131 3683//507
f 3802//508 3749//509 3746//328
f 3808//510 3747//377 3749//509
f 3748//511 3745//2504 3741//513
f 3751//514 3739//925 3745//516
f 3795//926 3807//518 3798//2132
f 3798//520 3803//521 3796//522
f 3636//2505 3591//1882 3587//2134
f 3639//2135 3585//2506 3591//2136
f 3641//2507 3696//2508 3644//2139
f 3644//2140 3692//533 3642//2141
f 3746//1883 3702//2509 3698//2510
f 3752//1451 3699//2143 3702//540
f 3755//1673 3805//2511 3759//543
f 3759//2512 3802//2513 3753//2514
f 3690//291 3585//291 3635//291
f 3643//297 3592//297 3586//297
f 3594//438 3699//438 3587//438
f 3587//438 3748//438 3636//438
f 3594//438 3713//438 3706//438
f 3648//306 3599//306 3593//306
f 3601//438 3720//438 3713//438
f 3655//547 3606//547 3600//547
f 3608//438 3727//438 3720//438
f 3662//328 3613//328 3607//328
f 3622//438 3727//438 3615//438
f 3669//331 3620//331 3614//331
f 3629//438 3734//438 3622//438
f 3676//315 3627//315 3621//315
f 3636//438 3741//438 3629//438
f 3683//548 3634//548 3628//548
f 3642//309 3761//309 3650//309
f 3642//309 3803//309 3755//309
f 3650//309 3768//309 3657//309
f 3657//309 3775//309 3664//309
f 3664//309 3782//309 3671//309
f 3671//309 3789//309 3678//309
f 3685//309 3789//309 3796//309
f 3692//309 3796//309 3803//309
f 3762//331 3697//331 3705//331
f 3753//328 3746//328 3698//328
f 3769//315 3704//315 3712//315
f 3776//548 3711//548 3719//548
f 3783//291 3718//291 3726//291
f 3790//297 3725//297 3733//297
f 3797//306 3732//306 3740//306
f 3804//547 3739//547 3747//547
f 3809//2148 3813//2149 3815//1121
f 3810//552 3813//553 3812//554
f 3811//1148 3813//2150 3814//951
f 3816//2515 3820//2516 3822//2517
f 3817//1683 3820//562 3819//770
f 3818//2153 3820//2154 3821//2155
f 3823//2156 3827//2157 3829//1125
f 3824//1265 3827//2158 3826//1691
f 3825//2159 3827//2160 3828//2161
f 3830//1741 3834//2162 3836//2163
f 3831//2164 3834//2165 3833//2166
f 3832//582 3834//2167 3835//584
f 3837//1748 3841//2168 3843//2169
f 3838//2518 3841//2519 3840//2520
f 3839//591 3841//2173 3842//593
f 3844//2174 3848//2175 3850//1134
f 3845//1495 3848//2176 3847//1698
f 3846//2521 3848//2522 3849//2178
f 3851//2179 3855//2180 3857//2181
f 3852//2182 3855//2183 3854//2184
f 3853//609 3855//610 3856//972
f 3858//612 3862//613 3864//931
f 3859//1162 3862//2185 3861//2186
f 3860//2187 3862//2188 3863//1138
f 3817//2523 3815//622 3811//297
f 3815//2524 3816//2525 3809//1853
f 3830//625 3814//626 3810//548
f 3836//1712 3811//628 3814//291
f 3825//936 3835//2190 3829//631
f 3835//2526 3823//2527 3829//2283
f 3817//2191 3828//2192 3821//2193
f 3828//636 3818//637 3821//306
f 3839//2194 3861//2195 3843//2196
f 3861//752 3837//753 3843//315
f 3844//2528 3842//2529 3838//2530
f 3842//644 3846//1896 3839//331
f 3845//2199 3857//2200 3849//2201
f 3857//1717 3846//649 3849//328
f 3852//1718 3863//2531 3856//2532
f 3863//653 3853//654 3856//655
f 3838//2203 3812//2204 3809//438
f 3840//945 3810//946 3812//726
f 3845//1723 3822//662 3818//764
f 3847//1767 3816//664 3822//2205
f 3852//2206 3826//2207 3823//309
f 3854//949 3824//1899 3826//735
f 3858//1769 3833//2208 3830//548
f 3864//976 3831//1147 3833//2533
f 3816//438 3838//438 3809//438
f 3832//297 3817//297 3811//297
f 3810//548 3858//548 3830//548
f 3824//547 3845//547 3818//547
f 3831//309 3852//309 3823//309
f 3846//331 3859//331 3839//331
f 3865//2211 3869//1120 3871//1121
f 3866//552 3869//553 3868//769
f 3867//2534 3869//2535 3870//951
f 3872//1149 3876//2536 3878//1682
f 3873//1263 3876//562 3875//1458
f 3874//564 3876//565 3877//566
f 3879//2212 3883//970 3885//1125
f 3880//1922 3883//1486 3882//572
f 3881//1151 3883//1152 3884//952
f 3886//1889 3890//1279 3892//578
f 3887//2213 3890//2214 3889//2215
f 3888//1532 3890//583 3891//1533
f 3893//1891 3897//1280 3899//587
f 3894//2537 3897//2538 3896//2539
f 3895//1459 3897//2216 3898//1275
f 3900//2217 3904//1133 3906//1134
f 3901//597 3904//1496 3903//1171
f 3902//1158 3904//1159 3905//953
f 3907//603 3911//604 3913//605
f 3908//1160 3911//2218 3910//1703
f 3909//1266 3911//2219 3912//1267
f 3914//612 3918//613 3920//614
f 3915//2220 3918//2221 3917//955
f 3916//2222 3918//933 3919//1138
f 3867//688 3875//1509 3871//1510
f 3875//2540 3865//2541 3871//2542
f 3886//693 3870//694 3866//548
f 3892//695 3867//696 3870//291
f 3888//1906 3885//957 3881//297
f 3885//699 3887//700 3879//309
f 3881//701 3877//702 3873//303
f 3884//703 3874//704 3877//306
f 3915//705 3899//706 3895//331
f 3917//707 3893//708 3899//315
f 3894//2228 3906//2229 3898//2230
f 3906//2543 3895//713 3898//1520
f 3907//714 3905//715 3901//547
f 3913//716 3902//717 3905//328
f 3916//718 3912//719 3908//309
f 3912//962 3915//2232 3909//331
f 3894//722 3868//963 3865//438
f 3896//724 3866//1524 3868//726
f 3901//727 3878//728 3874//547
f 3903//729 3872//965 3878//665
f 3908//731 3882//732 3879//309
f 3910//733 3880//734 3882//735
f 3914//736 3889//737 3886//672
f 3920//2233 3887//968 3889//675
f 3872//438 3894//438 3865//438
f 3888//297 3873//297 3867//297
f 3866//548 3914//548 3886//548
f 3880//547 3901//547 3874//547
f 3887//309 3908//309 3879//309
f 3902//331 3915//331 3895//331
f 3921//2148 3925//2149 3927//1121
f 3922//1545 3925//2234 3924//1678
f 3923//2544 3925//2535 3926//2235
f 3928//2545 3932//2546 3934//2547
f 3929//561 3932//2236 3931//563
f 3930//1685 3932//2237 3933//2155
f 3935//2156 3939//2157 3941//1125
f 3936//570 3939//571 3938//572
f 3937//1151 3939//2238 3940//952
f 3942//2239 3946//2240 3948//2163
f 3943//2213 3946//2241 3945//2242
f 3944//1746 3946//583 3947//681
f 3949//2243 3953//2244 3955//2169
f 3950//2548 3953//2549 3952//2550
f 3951//591 3953//592 3954//1157
f 3956//2174 3960//2175 3962//1134
f 3957//597 3960//598 3959//1171
f 3958//1158 3960//2177 3961//2178
f 3963//1699 3967//2245 3969//2181
f 3964//2246 3967//2247 3966//2248
f 3965//609 3967//2249 3968//611
f 3970//1276 3974//2250 3976//1705
f 3971//2251 3974//2221 3973//2186
f 3972//2187 3974//2188 3975//1138
f 3923//1537 3931//2252 3927//690
f 3931//2253 3921//2551 3927//2254
f 3922//2255 3948//2256 3926//2257
f 3948//1712 3923//628 3926//291
f 3944//2552 3941//747 3937//297
f 3941//2553 3943//2554 3935//1401
f 3929//2191 3940//2192 3933//2193
f 3940//636 3930//751 3933//306
f 3971//638 3955//639 3951//331
f 3973//752 3949//753 3955//315
f 3950//2259 3962//2260 3954//2261
f 3962//757 3951//758 3954//711
f 3963//646 3961//647 3957//547
f 3969//1717 3958//649 3961//328
f 3972//2555 3968//2556 3964//2115
f 3968//761 3971//1919 3965//331
f 3950//2203 3924//2204 3921//438
f 3952//945 3922//1920 3924//726
f 3957//1723 3934//2264 3930//547
f 3959//1767 3928//975 3934//2265
f 3964//2206 3938//2207 3935//309
f 3966//949 3936//950 3938//735
f 3970//1769 3945//671 3942//672
f 3976//976 3943//674 3945//2266
f 3928//438 3950//438 3921//438
f 3944//297 3929//297 3923//297
f 3922//548 3970//548 3942//548
f 3936//547 3957//547 3930//547
f 3943//309 3964//309 3935//309
f 3958//331 3971//331 3951//331
f 3977//2267 3981//1120 3983//1121
f 3978//1900 3981//1476 3980//554
f 3979//1148 3981//1180 3982//951
f 3984//2515 3988//2557 3990//2558
f 3985//1457 3988//562 3987//1458
f 3986//1907 3988//1269 3989//677
f 3991//2269 3995//970 3997//1125
f 3992//570 3995//571 3994//679
f 3993//2270 3995//2160 3996//952
f 3998//576 4002//577 4004//680
f 3999//1153 4002//2271 4001//1745
f 4000//1272 4002//583 4003//1533
f 4005//585 4009//586 4011//682
f 4006//1155 4009//2559 4008//1752
f 4007//1274 4009//2216 4010//1275
f 4012//2272 4016//1133 4018//1134
f 4013//597 4016//598 4015//599
f 4014//2560 4016//2522 4017//953
f 4019//1911 4023//1270 4025//685
f 4020//2273 4023//2274 4022//2275
f 4021//1461 4023//2219 4024//1267
f 4026//612 4030//1504 4032//931
f 4027//1162 4030//1181 4029//955
f 4028//2276 4030//933 4031//1138
f 3985//1776 3983//978 3979//297
f 3983//775 3984//776 3977//438
f 3998//693 3982//694 3978//548
f 4004//695 3979//696 3982//291
f 3993//777 4003//1567 3997//1568
f 4003//2561 3991//2562 3997//2563
f 3993//701 3989//781 3985//297
f 3996//703 3986//704 3989//306
f 4027//705 4011//706 4007//331
f 4029//707 4005//708 4011//315
f 4012//783 4010//784 4006//438
f 4010//982 4014//2287 4007//331
f 4019//714 4017//715 4013//547
f 4025//716 4014//717 4017//328
f 4020//2288 4031//2289 4024//2290
f 4031//2564 4021//790 4024//1572
f 4006//722 3980//723 3977//438
f 4008//724 3978//725 3980//726
f 4013//727 3990//728 3986//764
f 4015//2291 3984//965 3990//665
f 4020//731 3994//987 3991//309
f 4022//733 3992//1574 3994//735
f 4026//736 4001//737 3998//548
f 4032//738 3999//968 4001//675
f 3984//438 4006//438 3977//438
f 4000//297 3985//297 3979//297
f 3978//548 4026//548 3998//548
f 3992//547 4013//547 3986//547
f 3999//309 4020//309 3991//309
f 4014//331 4027//331 4007//331
f 4036//1 4039//2 4033//3
f 4038//4 4036//1283 4034//6
f 4035//1929 4037//1930 4038//1931
f 4043//2565 4046//2566 4040//12
f 4045//1933 4043//14 4041//15
f 4042//2567 4044//17 4045//2568
f 4047//19 4051//20 4053//2569
f 4052//2570 4050//2571 4048//2572
f 4049//1578 4051//2573 4052//2574
f 4057//1941 4060//1192 4054//30
f 4059//1193 4057//1942 4055//1943
f 4056//1944 4058//1945 4059//1946
f 4061//2304 4065//1787 4067//39
f 4066//1949 4064//996 4062//1194
f 4063//1292 4065//1950 4066//1951
f 4071//46 4074//47 4068//48
f 4069//1953 4072//1954 4071//51
f 4070//52 4072//1586 4073//810
f 4078//55 4081//1955 4075//1956
f 4080//1197 4078//1298 4076//60
f 4077//1957 4079//1003 4080//1004
f 4085//812 4088//2575 4082//2316
f 4083//67 4086//2576 4085//69
f 4084//2577 4086//814 4087//2578
f 4092//2318 4095//74 4089//75
f 4090//2579 4093//1303 4092//2580
f 4095//2581 4094//1012 4091//81
f 4099//82 4102//2323 4096//84
f 4101//2582 4099//2583 4097//87
f 4098//2584 4100//2585 4101//2586
f 4106//1963 4109//1312 4103//93
f 4104//2587 4107//2588 4106//2589
f 4105//2329 4107//2590 4108//2331
f 4113//100 4116//1017 4110//1966
f 4115//2332 4113//1968 4111//2333
f 4112//2334 4114//2335 4115//2336
f 4120//109 4123//110 4117//111
f 4118//2338 4121//2339 4120//2340
f 4119//2341 4121//2342 4122//2343
f 4124//2344 4128//2591 4130//2592
f 4129//2347 4127//122 4125//1025
f 4126//2348 4128//2349 4129//2350
f 4134//1982 4137//1810 4131//2351
f 4136//2352 4134//1028 4132//1029
f 4133//2353 4135//2354 4136//1984
f 4138//136 4142//1324 4144//2593
f 4143//2358 4141//140 4139//141
f 4140//2359 4142//2360 4143//2361
f 4148//1989 4151//2594 4145//147
f 4150//1991 4148//1215 4146//1328
f 4151//2595 4150//152 4147//1993
f 4155//1331 4158//1332 4152//1333
f 4157//1995 4155//1996 4153//159
f 4158//2596 4157//2597 4154//2598
f 4159//2599 4163//2600 4165//1041
f 4160//166 4163//167 4162//168
f 4165//169 4164//2000 4161//2001
f 4169//172 4172//2002 4166//2003
f 4171//2601 4169//1822 4167//2382
f 4172//2004 4171//2005 4168//2006
f 4176//181 4179//2602 4173//183
f 4178//184 4176//2010 4174//841
f 4179//2603 4178//2604 4175//189
f 4183//190 4186//191 4180//192
f 4185//2013 4183//2014 4181//2015
f 4186//1349 4185//2392 4182//198
f 4190//2016 4193//1051 4187//201
f 4192//202 4190//203 4188//204
f 4193//2605 4192//2606 4189//2607
f 4194//208 4198//209 4200//850
f 4195//211 4198//1353 4197//1053
f 4200//2406 4199//2608 4196//1356
f 4204//2609 4207//2610 4201//219
f 4206//2410 4204//2611 4202//1360
f 4207//2612 4206//2613 4203//2614
f 4211//2414 4214//1363 4208//1364
f 4213//2615 4211//2616 4209//2034
f 4214//2617 4213//2036 4210//234
f 4215//1058 4219//2618 4221//2037
f 4220//2619 4218//2620 4216//2621
f 4217//2622 4219//2623 4220//2624
f 4225//2427 4228//2428 4222//2043
f 4227//2429 4225//2430 4223//2431
f 4228//2432 4227//2433 4224//2434
f 4232//2435 4235//2049 4229//1066
f 4234//2436 4232//2437 4230//2438
f 4235//2439 4234//2440 4231//261
f 4239//2625 4242//864 4236//865
f 4241//2054 4239//2055 4237//1387
f 4242//2056 4241//2445 4238//2446
f 4246//271 4249//866 4243//2447
f 4248//2626 4246//2449 4244//2450
f 4249//2061 4248//2451 4245//2452
f 4250//280 4254//2454 4256//2627
f 4255//2628 4253//2629 4251//2630
f 4252//2065 4254//2631 4255//1073
f 4089//289 4036//290 4033//291
f 4095//292 4034//293 4036//294
f 4040//295 4038//2066 4034//1268
f 4046//2067 4035//2632 4038//2069
f 4097//877 4043//302 4040//303
f 4099//878 4041//879 4043//448
f 4098//2633 4094//1644 4090//961
f 4101//310 4091//311 4094//2466
f 4208//313 4155//314 4152//315
f 4214//316 4153//317 4155//314
f 4154//2634 4151//2635 4147//981
f 4151//882 4153//883 4145//331
f 4202//324 4148//325 4145//326
f 4204//327 4146//328 4148//325
f 4210//2075 4206//330 4202//331
f 4213//2636 4203//2637 4206//334
f 4041//2077 4053//2078 4045//2079
f 4045//1241 4049//2638 4042//340
f 4104//341 4050//342 4047//306
f 4106//343 4048//344 4050//345
f 4105//2639 4102//347 4098//2640
f 4108//349 4096//1244 4102//2641
f 4215//352 4162//353 4159//354
f 4221//355 4160//356 4162//353
f 4154//2474 4164//1652 4158//359
f 4158//1416 4160//1857 4152//2642
f 4217//363 4211//2643 4208//365
f 4220//2644 4209//2645 4211//2646
f 4048//369 4060//1092 4052//371
f 4052//372 4056//373 4049//374
f 4111//375 4057//376 4054//377
f 4113//2095 4055//888 4057//509
f 4112//380 4109//381 4105//382
f 4115//2096 4103//384 4109//385
f 4222//386 4169//387 4166//889
f 4228//388 4167//389 4169//387
f 4161//2097 4171//2098 4165//2099
f 4165//393 4167//394 4159//395
f 4224//2481 4218//397 4215//398
f 4227//2482 4216//400 4218//401
f 4055//2647 4067//2648 4059//2649
f 4059//2102 4063//2103 4056//1250
f 4118//408 4064//409 4061//328
f 4120//410 4062//891 4064//325
f 4119//2650 4116//2487 4112//892
f 4122//1865 4110//1866 4116//1867
f 4229//418 4176//294 4173//419
f 4235//420 4174//291 4176//294
f 4168//2489 4178//2490 4172//423
f 4172//897 4174//425 4166//426
f 4231//1656 4225//1427 4222//898
f 4234//430 4223//900 4225//901
f 4062//433 4074//2493 4066//435
f 4074//1100 4063//2651 4066//2652
f 4125//439 4071//2112 4068//317
f 4127//441 4069//442 4071//314
f 4126//2113 4123//2653 4119//2115
f 4129//911 4117//433 4123//910
f 4236//447 4183//448 4180//449
f 4242//450 4181//303 4183//448
f 4175//2654 4185//2655 4179//914
f 4185//2656 4173//2657 4179//914
f 4238//2658 4232//2659 4229//1268
f 4241//2120 4230//459 4232//1434
f 4075//461 4073//2499 4069//463
f 4081//1666 4070//465 4073//2660
f 4132//467 4078//468 4075//315
f 4134//469 4076//470 4078//353
f 4126//2500 4136//472 4130//1437
f 4130//2124 4132//2125 4124//476
f 4243//477 4190//345 4187//478
f 4249//919 4188//920 4190//345
f 4189//2661 4186//2662 4182//2663
f 4192//483 4180//484 4186//1880
f 4236//486 4248//2126 4239//921
f 4239//2664 4244//2665 4237//2666
f 4082//2503 4080//493 4076//494
f 4088//1440 4077//496 4080//1667
f 4139//498 4085//499 4082//389
f 4141//500 4083//501 4085//387
f 4133//502 4143//923 4137//2130
f 4137//505 4139//2131 4131//507
f 4250//508 4197//509 4194//328
f 4256//510 4195//377 4197//509
f 4196//511 4193//512 4189//513
f 4199//514 4187//925 4193//516
f 4243//926 4255//518 4246//2132
f 4246//520 4251//521 4244//522
f 4084//2133 4039//927 4035//525
f 4087//526 4033//527 4039//2667
f 4089//2137 4144//2138 4092//2139
f 4092//2140 4140//533 4090//2141
f 4194//1883 4150//2509 4146//2668
f 4200//1451 4147//929 4150//540
f 4203//2669 4253//2670 4207//2671
f 4207//2672 4250//2673 4201//2674
f 4138//291 4033//291 4083//291
f 4091//297 4040//297 4034//297
f 4042//438 4147//438 4035//438
f 4035//438 4196//438 4084//438
f 4042//438 4161//438 4154//438
f 4096//306 4047//306 4041//306
f 4049//438 4168//438 4161//438
f 4103//547 4054//547 4048//547
f 4056//438 4175//438 4168//438
f 4110//328 4061//328 4055//328
f 4070//438 4175//438 4063//438
f 4117//331 4068//331 4062//331
f 4077//438 4182//438 4070//438
f 4124//315 4075//315 4069//315
f 4084//438 4189//438 4077//438
f 4131//548 4082//548 4076//548
f 4090//309 4209//309 4098//309
f 4090//309 4251//309 4203//309
f 4098//309 4216//309 4105//309
f 4105//309 4223//309 4112//309
f 4112//309 4230//309 4119//309
f 4119//309 4237//309 4126//309
f 4133//309 4237//309 4244//309
f 4140//309 4244//309 4251//309
f 4210//331 4145//331 4153//331
f 4201//328 4194//328 4146//328
f 4217//315 4152//315 4160//315
f 4224//548 4159//548 4167//548
f 4231//291 4166//291 4174//291
f 4238//297 4173//297 4181//297
f 4245//306 4180//306 4188//306
f 4252//547 4187//547 4195//547
f 4257//2148 4261//2149 4263//1121
f 4258//552 4261//553 4260//554
f 4259//1148 4261//2150 4262//951
f 4264//2515 4268//2516 4270//2517
f 4265//2675 4268//1684 4267//770
f 4266//2153 4268//2154 4269//2155
f 4271//2156 4275//2157 4277//1125
f 4272//570 4275//571 4274//572
f 4273//2159 4275//2676 4276//2677
f 4278//576 4282//2678 4284//680
f 4279//2164 4282//2165 4281//2166
f 4280//582 4282//2167 4283//584
f 4285//585 4289//2679 4291//1750
f 4286//2518 4289//2519 4288//2520
f 4287//591 4289//2173 4290//593
f 4292//2174 4296//2175 4298//1134
f 4293//597 4296//598 4295//1171
f 4294//2521 4296//2680 4297//2681
f 4299//2179 4303//2180 4305//2181
f 4300//2182 4303//2183 4302//2184
f 4301//2682 4303//1564 4304//972
f 4306//612 4310//613 4312//931
f 4307//1162 4310//2185 4309//2186
f 4308//2187 4310//2188 4311//1138
f 4265//2523 4263//2683 4259//1277
f 4263//2524 4264//2525 4257//1853
f 4278//625 4262//626 4258//548
f 4284//1712 4259//628 4262//291
f 4273//936 4283//2190 4277//631
f 4283//632 4271//633 4277//631
f 4265//2191 4276//2192 4269//2193
f 4276//636 4266//637 4269//306
f 4287//2194 4309//2195 4291//2196
f 4309//752 4285//753 4291//315
f 4292//2197 4290//941 4286//981
f 4290//644 4294//1896 4287//331
f 4293//2199 4305//2200 4297//2201
f 4305//1717 4294//649 4297//328
f 4300//2684 4311//2685 4304//1469
f 4311//653 4301//654 4304//1469
f 4286//2203 4260//2204 4257//438
f 4288//945 4258//946 4260//726
f 4293//1723 4270//662 4266//764
f 4295//1767 4264//664 4270//2205
f 4300//2206 4274//2207 4271//309
f 4302//949 4272//1899 4274//735
f 4306//1769 4281//2208 4278//548
f 4312//976 4279//1147 4281//2533
f 4264//438 4286//438 4257//438
f 4280//297 4265//297 4259//297
f 4258//548 4306//548 4278//548
f 4272//547 4293//547 4266//547
f 4279//309 4300//309 4271//309
f 4294//331 4307//331 4287//331
f 4313//549 4317//1120 4319//551
f 4314//552 4317//553 4316//554
f 4315//2686 4317//2687 4318//2688
f 4320//1149 4324//1481 4326//1150
f 4321//1683 4324//1684 4323//1482
f 4322//1685 4324//2689 4325//566
f 4327//567 4331//970 4333//569
f 4328//2690 4331//2691 4330//2692
f 4329//2693 4331//2694 4332//952
f 4334//1741 4338//2695 4340//680
f 4335//2696 4338//2697 4337//2698
f 4336//2699 4338//2700 4339//2701
f 4341//1748 4345//2702 4347//2703
f 4342//2537 4345//2538 4344//2704
f 4343//2705 4345//2706 4346//2707
f 4348//2217 4352//1133 4354//596
f 4349//2708 4352//2709 4351//2710
f 4350//1158 4352//2711 4353//953
f 4355//1699 4359//2712 4361//605
f 4356//1160 4359//1501 4358//608
f 4357//2682 4359//1564 4360//1502
f 4362//612 4366//613 4368//931
f 4363//2713 4366//2714 4365//2715
f 4364//2276 4366//933 4367//620
f 4315//2716 4323//1509 4319//1538
f 4323//1511 4313//692 4319//690
f 4334//1512 4318//1513 4314//548
f 4340//695 4315//696 4318//291
f 4336//1906 4333//2717 4329//1268
f 4333//2718 4335//2719 4327//1401
f 4329//2720 4325//1516 4321//297
f 4325//2721 4328//2722 4322//764
f 4363//2723 4347//1518 4343//331
f 4347//2724 4362//2725 4341//660
f 4342//2726 4354//958 4346//1177
f 4354//1519 4343//713 4346//1541
f 4355//1521 4353//1522 4349//547
f 4361//716 4350//717 4353//328
f 4364//2727 4360//2728 4356//2115
f 4360//2729 4363//2232 4357//1468
f 4342//722 4316//723 4313//438
f 4344//724 4314//1524 4316//1525
f 4349//727 4326//728 4322//547
f 4351//1526 4320//965 4326//665
f 4356//731 4330//732 4327//309
f 4358//733 4328//734 4330//1527
f 4362//736 4337//1528 4334//672
f 4368//1529 4335//968 4337//675
f 4320//438 4342//438 4313//438
f 4336//297 4321//297 4315//297
f 4314//548 4362//548 4334//548
f 4328//547 4349//547 4322//547
f 4335//309 4356//309 4327//309
f 4350//331 4363//331 4343//331
f 4369//2148 4373//2149 4375//1121
f 4370//552 4373//553 4372//554
f 4371//2544 4373//2730 4374//2731
f 4376//2545 4380//2546 4382//2547
f 4377//561 4380//2236 4379//563
f 4378//564 4380//2732 4381//566
f 4383//2156 4387//2157 4389//1125
f 4384//570 4387//571 4386//572
f 4385//1151 4387//2238 4388//952
f 4390//2239 4394//2240 4396//2163
f 4391//2213 4394//2241 4393//2242
f 4392//2733 4394//1747 4395//681
f 4397//2243 4401//2244 4403//2169
f 4398//2548 4401//2549 4400//2550
f 4399//2734 4401//1492 4402//1157
f 4404//2174 4408//2175 4410//1134
f 4405//597 4408//598 4407//1171
f 4406//1158 4408//2177 4409//2178
f 4411//603 4415//2735 4417//1701
f 4412//2246 4415//2247 4414//2248
f 4413//609 4415//2249 4416//611
f 4418//612 4422//613 4424//931
f 4419//2251 4422//2736 4421//2737
f 4420//2187 4422//2188 4423//1138
f 4371//1537 4379//2252 4375//690
f 4379//744 4369//745 4375//1173
f 4370//2255 4396//2256 4374//2257
f 4396//1712 4371//628 4374//291
f 4392//746 4389//747 4385//297
f 4389//2258 4391//1916 4383//961
f 4377//2191 4388//2192 4381//2193
f 4388//636 4378//637 4381//306
f 4419//638 4403//639 4399//331
f 4421//752 4397//753 4403//315
f 4398//2259 4410//2260 4402//2261
f 4410//757 4399//758 4402//711
f 4411//646 4409//647 4405//547
f 4417//1717 4406//649 4409//328
f 4420//2738 4416//2263 4412//309
f 4416//761 4419//1919 4413//331
f 4398//2203 4372//2204 4369//438
f 4400//945 4370//1920 4372//726
f 4405//1723 4382//2264 4378//547
f 4407//1767 4376//975 4382//2265
f 4412//2206 4386//2207 4383//309
f 4414//949 4384//950 4386//735
f 4418//1769 4393//671 4390//672
f 4424//976 4391//674 4393//2266
f 4376//438 4398//438 4369//438
f 4392//297 4377//297 4371//297
f 4370//548 4418//548 4390//548
f 4384//547 4405//547 4378//547
f 4391//309 4412//309 4383//309
f 4406//331 4419//331 4399//331
f 4425//549 4429//1120 4431//740
f 4426//2739 4429//2740 4428//2741
f 4427//2742 4429//2743 4430//951
f 4432//2744 4436//2745 4438//2746
f 4433//2747 4436//2748 4435//2749
f 4434//1685 4436//2750 4437//566
f 4439//567 4443//970 4445//678
f 4440//570 4443//571 4442//572
f 4441//2751 4443//2752 4444//2753
f 4446//1741 4450//2754 4452//680
f 4447//1153 4450//1554 4449//1154
f 4448//1746 4450//1747 4451//1555
f 4453//1748 4457//2755 4459//682
f 4454//1155 4457//1558 4456//590
f 4455//2734 4457//1492 4458//1493
f 4460//2217 4464//1133 4466//684
f 4461//597 4464//598 4463//1171
f 4462//2756 4464//2757 4465//2758
f 4467//1699 4471//2759 4473//2760
f 4468//2273 4471//2274 4470//2761
f 4469//2762 4471//2763 4472//2764
f 4474//2765 4478//2766 4480//2767
f 4475//1162 4478//2768 4477//955
f 4476//2276 4478//933 4479//741
f 4433//773 4431//774 4427//297
f 4431//1182 4432//1183 4425//981
f 4446//1512 4430//1513 4426//548
f 4452//695 4427//696 4430//291
f 4441//777 4451//778 4445//631
f 4451//2769 4439//2562 4445//2283
f 4441//2720 4437//1516 4433//297
f 4444//703 4434//704 4437//306
f 4475//2723 4459//1518 4455//331
f 4459//2724 4474//2725 4453//660
f 4460//1186 4458//1187 4454//320
f 4458//785 4462//786 4455//331
f 4467//1521 4465//1522 4461//547
f 4473//716 4462//717 4465//328
f 4468//2770 4479//983 4472//1145
f 4479//1777 4469//790 4472//655
f 4454//722 4428//723 4425//438
f 4456//724 4426//725 4428//1525
f 4461//727 4438//1573 4434//764
f 4463//1526 4432//965 4438//665
f 4468//731 4442//732 4439//309
f 4470//733 4440//1574 4442//1527
f 4474//736 4449//737 4446//548
f 4480//1529 4447//968 4449//675
f 4432//438 4454//438 4425//438
f 4448//297 4433//297 4427//297
f 4426//548 4474//548 4446//548
f 4440//547 4461//547 4434//547
f 4447//309 4468//309 4439//309
f 4462//331 4475//331 4455//331
f 4484//1 4487//2 4481//3
f 4486//1927 4484//1283 4482//1928
f 4483//1929 4485//1930 4486//1931
f 4491//10 4494//1932 4488//1287
f 4493//13 4491//14 4489//15
f 4490//2567 4492//17 4493//2568
f 4495//2771 4499//2772 4501//2299
f 4500//1191 4498//1289 4496//24
f 4497//992 4499//2773 4500//1785
f 4505//1941 4508//1192 4502//30
f 4507//1193 4505//1942 4503//1943
f 4504//1944 4506//1945 4507//1946
f 4509//802 4513//1947 4515//1948
f 4514//1949 4512//996 4510//1194
f 4511//1292 4513//1950 4514//1951
f 4519//998 4522//47 4516//1952
f 4517//49 4520//2309 4519//51
f 4518//52 4520//1586 4521//810
f 4526//55 4529//1955 4523//1956
f 4528//58 4526//1298 4524//60
f 4525//1957 4527//1003 4528//1004
f 4533//1791 4536//65 4530//66
f 4531//67 4534//2576 4533//69
f 4532//2577 4534//814 4535//2578
f 4540//73 4543//74 4537//75
f 4538//2774 4541//77 4540//2775
f 4543//79 4542//80 4539//1305
f 4547//82 4550//83 4544//84
f 4549//2324 4547//1308 4545//2776
f 4546//1962 4548//1310 4549//1798
f 4554//1963 4557//1312 4551//93
f 4552//94 4555//95 4554//96
f 4553//2777 4555//98 4556//2778
f 4561//100 4564//1017 4558//1966
f 4563//1967 4561//1968 4559//105
f 4560//2779 4562//107 4563//2780
f 4568//109 4571//2337 4565//2781
f 4566//112 4569//1318 4568//114
f 4567//2782 4569//1976 4570//2783
f 4572//2784 4576//1024 4578//1978
f 4577//121 4575//122 4573//1025
f 4574//1979 4576//1980 4577//1981
f 4582//1982 4585//128 4579//129
f 4584//1214 4582//1028 4580//1029
f 4581//823 4583//2785 4584//2786
f 4586//2787 4590//2788 4592//1986
f 4591//1033 4589//140 4587//141
f 4588//2789 4590//2790 4591//2791
f 4596//1989 4599//1990 4593//147
f 4598//2792 4596//831 4594//150
f 4599//1992 4598//152 4595//1993
f 4603//2793 4606//2794 4600//156
f 4605//1995 4603//1996 4601//159
f 4606//2596 4605//2795 4602//2598
f 4607//2599 4611//2600 4613//2796
f 4608//2797 4611//2798 4610//2799
f 4613//1219 4612//2800 4609//2801
f 4617//172 4620//2802 4614//2003
f 4619//175 4617//1340 4615//177
f 4620//2803 4619//2804 4616//2385
f 4624//181 4627//2008 4621//183
f 4626//2805 4624//185 4622//2806
f 4627//187 4626//843 4623//844
f 4631//190 4634//191 4628//192
f 4633//2013 4631//2014 4629//2015
f 4634//1349 4633//2392 4630//198
f 4638//2016 4641//1351 4635//201
f 4640//202 4638//203 4636//204
f 4641//2605 4640//2606 4637//2607
f 4642//2807 4646//2808 4648//2809
f 4643//2404 4646//2810 4645//2811
f 4648//2812 4647//2813 4644//2814
f 4652//2609 4655//2409 4649//219
f 4654//2815 4652//2611 4650//1360
f 4655//2029 4654//2816 4651//2817
f 4659//2818 4662//2819 4656//228
f 4661//2416 4659//2820 4657//2821
f 4662//2035 4661//2036 4658//234
f 4663//1058 4667//2822 4669//2037
f 4668//2823 4666//2824 4664//2825
f 4665//2040 4667//1373 4668//2826
f 4673//863 4676//245 4670//1375
f 4675//2827 4673//2828 4671//2829
f 4676//2432 4675//2433 4672//2830
f 4680//253 4683//254 4677//1066
f 4682//2831 4680//1383 4678//1384
f 4683//259 4682//2832 4679//261
f 4687//2833 4690//864 4684//2834
f 4689//2835 4687//2055 4685//267
f 4690//2056 4689//2057 4686//1388
f 4694//271 4697//866 4691//273
f 4696//2836 4694//2837 4692//2838
f 4697//277 4696//2839 4693//2840
f 4698//280 4702//281 4704//282
f 4703//2841 4701//2064 4699//2842
f 4700//2065 4702//1072 4703//1073
f 4537//289 4484//290 4481//291
f 4543//292 4482//293 4484//294
f 4488//295 4486//2066 4482//297
f 4494//2461 4483//299 4486//2843
f 4545//877 4491//302 4488//303
f 4547//878 4489//879 4491//448
f 4546//2844 4542//2845 4538//2846
f 4549//310 4539//311 4542//2466
f 4656//313 4603//314 4600//315
f 4662//316 4601//317 4603//314
f 4595//2847 4605//2848 4599//2849
f 4605//2074 4593//322 4599//1404
f 4650//324 4596//325 4593//326
f 4652//327 4594//328 4596//325
f 4658//2075 4654//330 4650//331
f 4661//2850 4651//1648 4654//2851
f 4489//1408 4501//336 4493//2852
f 4493//1241 4497//2638 4490//1087
f 4552//341 4498//342 4495//306
f 4554//343 4496//344 4498//345
f 4553//346 4550//2853 4546//2854
f 4556//2855 4544//2086 4550//2087
f 4663//352 4610//353 4607//354
f 4669//355 4608//356 4610//353
f 4602//357 4612//2088 4606//2089
f 4606//2090 4608//2091 4600//2092
f 4665//1859 4659//1860 4656//365
f 4668//2856 4657//2857 4659//2858
f 4496//369 4508//1092 4500//371
f 4500//372 4504//373 4497//374
f 4559//375 4505//376 4502//377
f 4561//2095 4503//888 4505//509
f 4560//380 4557//381 4553//382
f 4563//2096 4551//384 4557//385
f 4670//386 4617//387 4614//889
f 4676//388 4615//389 4617//387
f 4609//390 4619//2480 4613//2099
f 4613//393 4615//394 4607//395
f 4672//2481 4666//397 4663//398
f 4675//2482 4664//400 4666//401
f 4503//2647 4515//2648 4507//2649
f 4507//2102 4511//2103 4504//1250
f 4566//408 4512//409 4509//328
f 4568//410 4510//891 4512//325
f 4567//2486 4564//2487 4560//2488
f 4570//1865 4558//1866 4564//1867
f 4677//418 4624//294 4621//419
f 4683//420 4622//291 4624//294
f 4616//421 4626//422 4620//2859
f 4620//2105 4622//1869 4614//426
f 4679//1656 4673//1427 4670//1428
f 4682//2106 4671//431 4673//432
f 4510//433 4522//2493 4514//435
f 4522//2860 4511//905 4514//1102
f 4573//439 4519//2112 4516//317
f 4575//441 4517//442 4519//314
f 4574//2861 4571//1873 4567//961
f 4577//911 4565//433 4571//910
f 4684//447 4631//448 4628//449
f 4690//450 4629//303 4631//448
f 4630//2862 4627//2863 4623//1853
f 4633//2656 4621//2657 4627//914
f 4686//456 4680//457 4677//297
f 4680//2864 4685//2865 4678//2115
f 4523//461 4521//2499 4517//463
f 4529//2866 4518//2121 4521//2122
f 4580//467 4526//468 4523//315
f 4582//469 4524//470 4526//353
f 4574//2500 4584//472 4578//1437
f 4578//2124 4580//2125 4572//476
f 4691//477 4638//345 4635//478
f 4697//919 4636//920 4638//345
f 4637//1106 4634//2662 4630//2663
f 4640//483 4628//484 4634//485
f 4684//1257 4696//487 4687//921
f 4687//2867 4692//2868 4685//491
f 4530//2503 4528//493 4524//494
f 4536//1440 4525//496 4528//1667
f 4587//498 4533//499 4530//389
f 4589//500 4531//501 4533//387
f 4581//1881 4591//923 4585//2869
f 4585//505 4587//2870 4579//507
f 4698//508 4645//509 4642//328
f 4704//510 4643//377 4645//509
f 4644//511 4641//512 4637//513
f 4647//514 4635//925 4641//516
f 4691//926 4703//518 4694//2132
f 4694//520 4699//521 4692//522
f 4532//2133 4487//927 4483//525
f 4535//2135 4481//2506 4487//2136
f 4537//2137 4592//2138 4540//2139
f 4540//2140 4588//533 4538//2141
f 4642//2871 4598//2872 4594//2873
f 4648//2874 4595//2875 4598//2876
f 4651//2877 4701//542 4655//2878
f 4655//1454 4698//545 4649//546
f 4586//291 4481//291 4531//291
f 4539//297 4488//297 4482//297
f 4490//438 4595//438 4483//438
f 4483//438 4644//438 4532//438
f 4490//438 4609//438 4602//438
f 4544//306 4495//306 4489//306
f 4497//438 4616//438 4609//438
f 4551//547 4502//547 4496//547
f 4504//438 4623//438 4616//438
f 4558//328 4509//328 4503//328
f 4518//438 4623//438 4511//438
f 4565//331 4516//331 4510//331
f 4525//438 4630//438 4518//438
f 4572//315 4523//315 4517//315
f 4532//438 4637//438 4525//438
f 4579//548 4530//548 4524//548
f 4538//309 4657//309 4546//309
f 4538//309 4699//309 4651//309
f 4546//309 4664//309 4553//309
f 4553//309 4671//309 4560//309
f 4560//309 4678//309 4567//309
f 4567//309 4685//309 4574//309
f 4581//309 4685//309 4692//309
f 4588//309 4692//309 4699//309
f 4658//331 4593//331 4601//331
f 4649//328 4642//328 4594//328
f 4665//315 4600//315 4608//315
f 4672//548 4607//548 4615//548
f 4679//291 4614//291 4622//291
f 4686//297 4621//297 4629//297
f 4693//306 4628//306 4636//306
f 4700//547 4635//547 4643//547
f 4705//2148 4709//2149 4711//1121
f 4706//552 4709//553 4708//554
f 4707//1148 4709//2150 4710//2235
f 4712//2515 4716//2516 4718//2517
f 4713//2675 4716//1684 4715//770
f 4714//2153 4716//2879 4717//2155
f 4719//2156 4723//2157 4725//1125
f 4720//570 4723//571 4722//572
f 4721//2751 4723//2676 4724//2753
f 4726//576 4730//577 4732//680
f 4727//2164 4730//2165 4729//2166
f 4728//582 4730//2167 4731//584
f 4733//585 4737//2679 4739//682
f 4734//2518 4737//2519 4736//2520
f 4735//591 4737//2173 4738//593
f 4740//2174 4744//2175 4746//1134
f 4741//597 4744//598 4743//1171
f 4742//2880 4744//2680 4745//2758
f 4747//2179 4751//2881 4753//2181
f 4748//2182 4751//2183 4750//2184
f 4749//2682 4751//1564 4752//972
f 4754//612 4758//613 4760//931
f 4755//1162 4758//2185 4757//2186
f 4756//2187 4758//2188 4759//1138
f 4713//621 4711//622 4707//297
f 4711//2524 4712//2525 4705//1853
f 4726//625 4710//626 4706//548
f 4732//1712 4707//628 4710//291
f 4721//936 4731//2190 4725//631
f 4731//2882 4719//1141 4725//2283
f 4713//2191 4724//2192 4717//2193
f 4724//636 4714//637 4717//306
f 4735//2194 4757//2195 4739//2196
f 4757//752 4733//753 4739//315
f 4740//2883 4738//2529 4734//1849
f 4738//644 4742//1896 4735//331
f 4741//2199 4753//2200 4745//2201
f 4753//1717 4742//649 4745//328
f 4748//1718 4759//2531 4752//2532
f 4759//653 4749//654 4752//655
f 4734//2203 4708//2204 4705//438
f 4736//945 4706//946 4708//726
f 4741//1723 4718//662 4714//764
f 4743//1767 4712//664 4718//2205
f 4748//2206 4722//2207 4719//309
f 4750//949 4720//1899 4722//735
f 4754//1769 4729//2208 4726//548
f 4760//976 4727//1147 4729//2533
f 4712//438 4734//438 4705//438
f 4728//297 4713//297 4707//297
f 4706//548 4754//548 4726//548
f 4720//547 4741//547 4714//547
f 4727//309 4748//309 4719//309
f 4742//331 4755//331 4735//331
f 4761//549 4765//1120 4767//551
f 4762//1545 4765//1476 4764//554
f 4763//2686 4765//2687 4766//2688
f 4768//558 4772//1481 4774//1150
f 4769//1683 4772//1684 4771//1482
f 4770//1685 4772//2689 4773//566
f 4775//567 4779//970 4781//569
f 4776//2690 4779//2691 4778//2692
f 4777//2693 4779//2694 4780//952
f 4782//1741 4786//2695 4788//680
f 4783//2696 4786//2884 4785//2698
f 4784//2699 4786//2700 4787//2701
f 4789//1748 4793//2702 4795//2703
f 4790//2885 4793//2886 4792//2704
f 4791//2705 4793//2706 4794//2707
f 4796//2217 4800//1133 4802//596
f 4797//2708 4800//2709 4799//2710
f 4798//1158 4800//2711 4801//953
f 4803//1699 4807//2712 4809//605
f 4804//606 4807//1501 4806//608
f 4805//2682 4807//1564 4808//1502
f 4810//1276 4814//1504 4816//931
f 4811//2713 4814//2714 4813//2715
f 4812//2276 4814//933 4815//620
f 4763//2716 4771//1509 4767//1538
f 4771//2887 4761//2541 4767//2254
f 4782//1512 4766//1513 4762//548
f 4788//695 4763//696 4766//291
f 4784//697 4781//698 4777//297
f 4781//1165 4783//1166 4775//961
f 4777//2720 4773//1516 4769//297
f 4773//2721 4776//2722 4770//764
f 4811//2723 4795//1518 4791//331
f 4795//2724 4810//2725 4789//660
f 4790//2726 4802//958 4794//1177
f 4802//1519 4791//2888 4794//1541
f 4803//1521 4801//1522 4797//547
f 4809//716 4798//717 4801//328
f 4812//1169 4808//1170 4804//918
f 4808//720 4811//721 4805//331
f 4790//722 4764//723 4761//438
f 4792//724 4762//1524 4764//1525
f 4797//727 4774//728 4770//547
f 4799//1526 4768//965 4774//665
f 4804//731 4778//732 4775//309
f 4806//733 4776//734 4778//1527
f 4810//736 4785//1528 4782//672
f 4816//1529 4783//968 4785//675
f 4768//438 4790//438 4761//438
f 4784//297 4769//297 4763//297
f 4762//548 4810//548 4782//548
f 4776//547 4797//547 4770//547
f 4783//309 4804//309 4775//309
f 4798//331 4811//331 4791//331
f 4817//2148 4821//2149 4823//1121
f 4818//552 4821//553 4820//554
f 4819//2686 4821//2730 4822//2688
f 4824//2545 4828//2546 4830//2547
f 4825//561 4828//2236 4827//563
f 4826//564 4828//565 4829//566
f 4831//2156 4835//2157 4837//1125
f 4832//570 4835//571 4834//572
f 4833//1151 4835//2238 4836//2161
f 4838//2239 4842//2889 4844//2163
f 4839//2213 4842//2241 4841//2242
f 4840//2733 4842//1747 4843//681
f 4845//2243 4849//2890 4851//2169
f 4846//2548 4849//2549 4848//2550
f 4847//2734 4849//1492 4850//1157
f 4852//2174 4856//2175 4858//1134
f 4853//597 4856//598 4855//1171
f 4854//1158 4856//2177 4857//2178
f 4859//603 4863//2735 4865//605
f 4860//2246 4863//2247 4862//2248
f 4861//609 4863//2249 4864//611
f 4866//612 4870//613 4872//931
f 4867//2891 4870//2736 4869//2715
f 4868//2187 4870//2188 4871//1138
f 4819//1537 4827//2252 4823//690
f 4827//2253 4817//2551 4823//2542
f 4818//2255 4844//2256 4822//2257
f 4844//1712 4819//628 4822//291
f 4840//2552 4837//2892 4833//1268
f 4837//2553 4839//2554 4831//1401
f 4825//2191 4836//2192 4829//2193
f 4836//636 4826//637 4829//306
f 4867//638 4851//639 4847//331
f 4869//752 4845//753 4851//315
f 4846//2259 4858//2260 4850//2261
f 4858//757 4847//758 4850//1520
f 4859//646 4857//647 4853//547
f 4865//1717 4854//649 4857//328
f 4868//2555 4864//1278 4860//961
f 4864//761 4867//1919 4861//331
f 4846//2203 4820//2204 4817//438
f 4848//945 4818//1920 4820//726
f 4853//1723 4830//2264 4826//547
f 4855//1767 4824//975 4830//2265
f 4860//2206 4834//2207 4831//309
f 4862//949 4832//950 4834//735
f 4866//1769 4841//671 4838//672
f 4872//976 4839//674 4841//2266
f 4824//438 4846//438 4817//438
f 4840//297 4825//297 4819//297
f 4818//548 4866//548 4838//548
f 4832//547 4853//547 4826//547
f 4839//309 4860//309 4831//309
f 4854//331 4867//331 4847//331
f 4873//549 4877//1120 4879//740
f 4874//2739 4877//2740 4876//2741
f 4875//2742 4877//2743 4878//951
f 4880//2744 4884//2893 4886//2746
f 4881//2747 4884//2748 4883//2749
f 4882//1685 4884//2750 4885//566
f 4887//567 4891//970 4893//678
f 4888//1265 4891//1486 4890//572
f 4889//2751 4891//2752 4892//2753
f 4894//1741 4898//2754 4900//680
f 4895//579 4898//1554 4897//1154
f 4896//1746 4898//1747 4899//1555
f 4901//1748 4905//2755 4907//682
f 4902//588 4905//1558 4904//590
f 4903//2734 4905//1492 4906//1493
f 4908//2217 4912//1133 4914//684
f 4909//1495 4912//1496 4911//1171
f 4910//2756 4912//2757 4913//2758
f 4915//1699 4919//2759 4921//2760
f 4916//2894 4919//2895 4918//2761
f 4917//2762 4919//2763 4920//2764
f 4922//2765 4926//2766 4928//2767
f 4923//1162 4926//2768 4925//955
f 4924//2276 4926//933 4927//741
f 4881//773 4879//774 4875//297
f 4879//2896 4880//2897 4873//1853
f 4894//1512 4878//1513 4874//548
f 4900//695 4875//696 4878//291
f 4889//2898 4899//1567 4893//1465
f 4899//1569 4887//780 4893//631
f 4889//2720 4885//1516 4881//297
f 4892//703 4882//704 4885//306
f 4923//2723 4907//1518 4903//331
f 4907//2724 4922//2725 4901//660
f 4908//2899 4906//2900 4902//2530
f 4906//785 4910//786 4903//331
f 4915//1521 4913//1522 4909//547
f 4921//716 4910//717 4913//328
f 4916//2770 4927//983 4920//1145
f 4927//1571 4917//2901 4920//1469
f 4902//722 4876//723 4873//438
f 4904//724 4874//725 4876//1525
f 4909//727 4886//1573 4882//764
f 4911//1526 4880//965 4886//665
f 4916//731 4890//732 4887//309
f 4918//733 4888//1574 4890//1527
f 4922//736 4897//737 4894//548
f 4928//1529 4895//968 4897//675
f 4880//438 4902//438 4873//438
f 4896//297 4881//297 4875//297
f 4874//548 4922//548 4894//548
f 4888//547 4909//547 4882//547
f 4895//309 4916//309 4887//309
f 4910//331 4923//331 4903//331
f 4932//1 4935//2 4929//3
f 4934//2292 4932//1283 4930//6
f 4931//2293 4933//2294 4934//2295
f 4939//2565 4942//11 4936//12
f 4941//1933 4939//2902 4937//2903
f 4938//2296 4940//17 4941//2297
f 4943//2904 4947//2905 4949//2299
f 4948//2906 4946//23 4944//24
f 4945//992 4947//2907 4948//2908
f 4953//2909 4956//2910 4950//30
f 4955//1193 4953//1942 4951//1943
f 4952//2911 4954//2912 4955//2913
f 4957//2914 4961//2915 4963//2916
f 4962//40 4960//41 4958//1194
f 4959//2305 4961//2917 4962//2307
f 4967//2918 4970//47 4964//48
f 4965//2308 4968//2309 4967//2310
f 4966//2311 4968//1586 4969//2312
f 4974//811 4977//56 4971//57
f 4976//2919 4974//2920 4972//60
f 4973//1957 4975//62 4976//2315
f 4981//1791 4984//2921 4978//66
f 4979//67 4982//68 4981//69
f 4980//1958 4982//71 4983//1959
f 4988//73 4991//1590 4985//75
f 4986//2774 4989//77 4988//2775
f 4991//2922 4990//80 4987//81
f 4995//82 4998//83 4992//84
f 4997//2324 4995//1308 4993//87
f 4994//1309 4996//2326 4997//2923
f 5002//1963 5005//1312 4999//93
f 5000//94 5003//95 5002//96
f 5001//2777 5003//98 5004//2778
f 5009//100 5012//1017 5006//1966
f 5011//2924 5009//1019 5007//105
f 5008//1020 5010//2925 5011//108
f 5016//109 5019//110 5013//111
f 5014//1973 5017//2339 5016//1022
f 5015//2782 5017//1976 5018//2783
f 5020//118 5024//1809 5026//2926
f 5025//121 5023//122 5021//1025
f 5022//1979 5024//1980 5025//1981
f 5030//1982 5033//128 5027//129
f 5032//1214 5030//1028 5028//1029
f 5029//2927 5031//2928 5032//2929
f 5034//824 5038//1324 5040//2930
f 5039//2358 5037//140 5035//141
f 5036//2931 5038//2932 5039//2933
f 5044//145 5047//2594 5041//147
f 5046//2934 5044//1215 5042//1328
f 5047//2935 5046//2936 5043//2937
f 5051//2793 5054//2938 5048//156
f 5053//2939 5051//1996 5049//159
f 5054//1997 5053//2940 5050//835
f 5055//2373 5059//2941 5061//2942
f 5056//2375 5059//167 5058//2376
f 5061//2943 5060//2944 5057//2945
f 5065//2946 5068//2947 5062//2948
f 5067//175 5065//2949 5063//177
f 5068//2950 5067//2951 5064//2952
f 5072//2953 5075//2954 5069//2009
f 5074//2955 5072//2956 5070//2806
f 5075//2389 5074//188 5071//189
f 5079//190 5082//2957 5076//192
f 5081//2390 5079//2014 5077//2015
f 5082//2391 5081//2392 5078//1350
f 5086//2016 5089//1351 5083//201
f 5088//2395 5086//2396 5084//2397
f 5089//2958 5088//2018 5085//2959
f 5090//2960 5094//2961 5096//2962
f 5091//2404 5094//2810 5093//2405
f 5096//2023 5095//2963 5092//2964
f 5100//2609 5103//2965 5097//219
f 5102//1621 5100//221 5098//222
f 5103//2966 5102//2413 5099//2967
f 5107//2414 5110//1363 5104//1364
f 5109//2615 5107//2968 5105//2969
f 5110//232 5109//2970 5106//234
f 5111//1058 5115//2618 5117//2037
f 5116//2971 5114//2620 5112//2621
f 5113//2972 5115//2973 5116//2974
f 5121//1232 5124//2975 5118//1375
f 5123//2827 5121//2828 5119//2829
f 5124//2432 5123//2433 5120//2830
f 5128//253 5131//254 5125//1066
f 5130//1382 5128//257 5126//258
f 5131//259 5130//2832 5127//261
f 5135//2976 5138//2977 5132//2834
f 5137//2835 5135//2055 5133//267
f 5138//2056 5137//2057 5134//1388
f 5142//2978 5145//866 5139//273
f 5144//2626 5142//2979 5140//2980
f 5145//2981 5144//2982 5141//2983
f 5146//2984 5150//281 5152//2627
f 5151//2628 5149//2985 5147//2630
f 5148//2065 5150//2986 5151//1073
f 4985//289 4932//290 4929//291
f 4991//292 4930//1074 4932//294
f 4936//295 4934//2066 4930//1268
f 4942//2067 4931//2068 4934//2069
f 4993//877 4939//302 4936//303
f 4995//878 4937//879 4939//448
f 4994//2987 4990//1850 4986//2115
f 4997//2988 4987//311 4990//2989
f 5104//313 5051//314 5048//315
f 5110//316 5049//317 5051//314
f 5050//2990 5047//319 5043//320
f 5047//882 5049//883 5041//331
f 5098//324 5044//325 5041//326
f 5100//327 5042//328 5044//325
f 5106//2469 5102//330 5098//331
f 5109//2991 5099//1648 5102//2851
f 4937//1408 4949//336 4941//2852
f 4941//2080 4945//339 4938//2081
f 5000//341 4946//342 4943//306
f 5002//343 4944//344 4946//345
f 5001//346 4998//2083 4994//2854
f 5004//2085 4992//2086 4998//2087
f 5111//352 5058//353 5055//354
f 5117//355 5056//356 5058//353
f 5050//2992 5060//2993 5054//2994
f 5054//1416 5056//361 5048//362
f 5113//363 5107//1860 5104//365
f 5116//2995 5105//2996 5107//2997
f 4944//369 4956//1092 4948//371
f 4948//372 4952//373 4945//374
f 5007//375 4953//376 4950//377
f 5009//2095 4951//888 4953//509
f 5008//2998 5005//381 5001//382
f 5011//2096 4999//384 5005//385
f 5118//386 5065//387 5062//889
f 5124//388 5063//389 5065//387
f 5057//2097 5067//2098 5061//2099
f 5061//393 5063//394 5055//395
f 5120//2481 5114//397 5111//398
f 5123//2482 5112//400 5114//401
f 4951//2101 4963//403 4955//404
f 4955//2102 4959//1249 4952//2999
f 5014//408 4960//409 4957//328
f 5016//410 4958//891 4960//325
f 5015//2486 5012//2487 5008//2488
f 5018//1865 5006//893 5012//417
f 5125//418 5072//294 5069//419
f 5131//420 5070//291 5072//294
f 5064//2489 5074//3000 5068//3001
f 5068//3002 5070//3003 5062//3004
f 5127//1656 5121//1427 5118//1428
f 5130//1098 5119//900 5121//901
f 4958//2109 4970//2110 4962//1102
f 4970//2111 4959//1101 4962//435
f 5021//439 4967//2112 4964//317
f 5023//441 4965//442 4967//314
f 5022//2113 5019//2114 5015//2115
f 5025//911 5013//433 5019//910
f 5132//447 5079//448 5076//449
f 5138//450 5077//303 5079//448
f 5078//451 5075//452 5071//320
f 5081//2656 5069//2657 5075//914
f 5134//456 5128//3005 5125//1268
f 5137//3006 5126//459 5128//460
f 4971//461 4969//462 4965//463
f 4977//3007 4966//1435 4969//3008
f 5028//467 4974//468 4971//315
f 5030//469 4972//470 4974//353
f 5022//2500 5032//472 5026//1437
f 5026//2124 5028//2125 5020//476
f 5139//477 5086//345 5083//478
f 5145//919 5084//920 5086//345
f 5085//480 5082//481 5078//482
f 5088//3009 5076//3010 5082//3011
f 5132//3012 5144//3013 5135//3014
f 5135//3015 5140//3016 5133//3017
f 4978//3018 4976//493 4972//494
f 4984//3019 4973//496 4976//3020
f 5035//498 4981//499 4978//389
f 5037//500 4979//501 4981//387
f 5029//502 5039//923 5033//2130
f 5033//505 5035//2131 5027//507
f 5146//508 5093//509 5090//328
f 5152//510 5091//377 5093//509
f 5092//511 5089//512 5085//513
f 5095//514 5083//925 5089//516
f 5139//926 5151//518 5142//2132
f 5142//1669 5147//1112 5140//522
f 4980//523 4935//3021 4931//3022
f 4983//2135 4929//527 4935//2136
f 4985//1446 5040//530 4988//3023
f 4988//2140 5036//533 4986//3024
f 5090//1883 5046//2509 5042//2510
f 5096//3025 5043//539 5046//3026
f 5099//541 5149//2145 5103//3027
f 5103//1454 5146//545 5097//546
f 5034//291 4929//291 4979//291
f 4987//297 4936//297 4930//297
f 4938//438 5043//438 4931//438
f 4931//438 5092//438 4980//438
f 4938//438 5057//438 5050//438
f 4992//306 4943//306 4937//306
f 4945//438 5064//438 5057//438
f 4999//547 4950//547 4944//547
f 4952//438 5071//438 5064//438
f 5006//328 4957//328 4951//328
f 4966//438 5071//438 4959//438
f 5013//331 4964//331 4958//331
f 4973//438 5078//438 4966//438
f 5020//315 4971//315 4965//315
f 4980//438 5085//438 4973//438
f 5027//548 4978//548 4972//548
f 4986//309 5105//309 4994//309
f 4986//309 5147//309 5099//309
f 4994//309 5112//309 5001//309
f 5001//309 5119//309 5008//309
f 5008//309 5126//309 5015//309
f 5015//309 5133//309 5022//309
f 5029//309 5133//309 5140//309
f 5036//309 5140//309 5147//309
f 5106//331 5041//331 5049//331
f 5097//328 5090//328 5042//328
f 5113//315 5048//315 5056//315
f 5120//548 5055//548 5063//548
f 5127//291 5062//291 5070//291
f 5134//297 5069//297 5077//297
f 5141//306 5076//306 5084//306
f 5148//547 5083//547 5091//547
f 5153//2148 5157//2149 5159//1121
f 5154//552 5157//553 5156//554
f 5155//1148 5157//2150 5158//2235
f 5160//2515 5164//2516 5166//2517
f 5161//2675 5164//1684 5163//770
f 5162//2153 5164//2879 5165//2155
f 5167//2156 5171//2157 5173//1125
f 5168//570 5171//571 5170//572
f 5169//2751 5171//2676 5172//2753
f 5174//576 5178//577 5180//680
f 5175//2164 5178//2165 5177//2166
f 5176//582 5178//2167 5179//584
f 5181//585 5185//2679 5187//682
f 5182//2518 5185//2519 5184//2520
f 5183//591 5185//2173 5186//593
f 5188//2174 5192//2175 5194//1134
f 5189//597 5192//598 5191//1171
f 5190//2880 5192//2680 5193//2758
f 5195//2179 5199//2881 5201//2181
f 5196//2182 5199//2183 5198//2184
f 5197//2682 5199//1564 5200//972
f 5202//612 5206//613 5208//931
f 5203//1162 5206//2185 5205//2186
f 5204//2187 5206//2188 5207//1138
f 5161//2523 5159//2683 5155//297
f 5159//2524 5160//2525 5153//1853
f 5174//625 5158//626 5154//548
f 5180//1712 5155//628 5158//291
f 5169//936 5179//2190 5173//631
f 5179//2526 5167//2527 5173//2563
f 5161//2191 5172//2192 5165//2193
f 5172//636 5162//637 5165//306
f 5183//2194 5205//2195 5187//2196
f 5205//752 5181//753 5187//315
f 5188//2528 5186//1144 5182//2530
f 5186//644 5190//1896 5183//331
f 5189//2199 5201//2200 5193//2201
f 5201//1717 5190//649 5193//328
f 5196//1718 5207//2531 5200//2532
f 5207//653 5197//654 5200//655
f 5182//2203 5156//2204 5153//438
f 5184//945 5154//946 5156//726
f 5189//1723 5166//662 5162//764
f 5191//1767 5160//664 5166//2205
f 5196//2206 5170//2207 5167//309
f 5198//949 5168//1899 5170//735
f 5202//1769 5177//2208 5174//548
f 5208//976 5175//1147 5177//2533
f 5160//438 5182//438 5153//438
f 5176//297 5161//297 5155//297
f 5154//548 5202//548 5174//548
f 5168//547 5189//547 5162//547
f 5175//309 5196//309 5167//309
f 5190//331 5203//331 5183//331
f 5209//549 5213//1120 5215//551
f 5210//1545 5213//1476 5212//554
f 5211//2686 5213//2687 5214//2688
f 5216//558 5220//1481 5222//1150
f 5217//1683 5220//1684 5219//1482
f 5218//1685 5220//2689 5221//566
f 5223//567 5227//970 5229//569
f 5224//2690 5227//2691 5226//2692
f 5225//2693 5227//2694 5228//952
f 5230//1741 5234//2695 5236//680
f 5231//2696 5234//2884 5233//2698
f 5232//2699 5234//2700 5235//2701
f 5237//1748 5241//2702 5243//2703
f 5238//2885 5241//2886 5240//2704
f 5239//2705 5241//2706 5242//2707
f 5244//2217 5248//1133 5250//596
f 5245//2708 5248//2709 5247//2710
f 5246//1158 5248//2711 5249//953
f 5251//1699 5255//2712 5257//605
f 5252//606 5255//1501 5254//608
f 5253//2682 5255//1564 5256//1502
f 5258//1276 5262//1504 5264//931
f 5259//2713 5262//2714 5261//2715
f 5260//2276 5262//933 5263//620
f 5211//2716 5219//1509 5215//1538
f 5219//3028 5209//3029 5215//690
f 5230//1512 5214//1513 5210//548
f 5236//695 5211//696 5214//291
f 5232//697 5229//698 5225//297
f 5229//1165 5231//1166 5223//961
f 5225//2720 5221//1516 5217//297
f 5221//2721 5224//2722 5218//764
f 5259//2723 5243//1518 5239//331
f 5243//2724 5258//2725 5237//660
f 5238//2726 5250//958 5242//1177
f 5250//1519 5239//2888 5242//1541
f 5251//1521 5249//1522 5245//547
f 5257//716 5246//717 5249//328
f 5260//1169 5256//1170 5252//918
f 5256//720 5259//721 5253//331
f 5238//722 5212//723 5209//438
f 5240//724 5210//1524 5212//1525
f 5245//727 5222//728 5218//547
f 5247//1526 5216//965 5222//665
f 5252//731 5226//732 5223//309
f 5254//733 5224//734 5226//1527
f 5258//736 5233//1528 5230//672
f 5264//1529 5231//968 5233//675
f 5216//438 5238//438 5209//438
f 5232//297 5217//297 5211//297
f 5210//548 5258//548 5230//548
f 5224//547 5245//547 5218//547
f 5231//309 5252//309 5223//309
f 5246//331 5259//331 5239//331
f 5265//2148 5269//2149 5271//1121
f 5266//552 5269//553 5268//554
f 5267//2686 5269//2730 5270//2688
f 5272//2545 5276//2546 5278//2547
f 5273//561 5276//2236 5275//563
f 5274//564 5276//565 5277//566
f 5279//2156 5283//2157 5285//1125
f 5280//570 5283//571 5282//572
f 5281//1151 5283//2238 5284//2161
f 5286//2239 5290//2889 5292//2163
f 5287//2213 5290//2241 5289//2242
f 5288//2733 5290//1747 5291//681
f 5293//2243 5297//2890 5299//2169
f 5294//2548 5297//2549 5296//2550
f 5295//2734 5297//1492 5298//1157
f 5300//2174 5304//2175 5306//1134
f 5301//597 5304//598 5303//1171
f 5302//1158 5304//2177 5305//2178
f 5307//603 5311//2735 5313//605
f 5308//2246 5311//2247 5310//2248
f 5309//609 5311//2249 5312//611
f 5314//612 5318//613 5320//931
f 5315//2891 5318//2736 5317//2715
f 5316//2187 5318//2188 5319//1138
f 5267//1537 5275//2252 5271//690
f 5275//2253 5265//1172 5271//2254
f 5266//2255 5292//2256 5270//2257
f 5292//1712 5267//628 5270//291
f 5288//2552 5285//747 5281//297
f 5285//2553 5287//2554 5279//1401
f 5273//2191 5284//2192 5277//2193
f 5284//636 5274//637 5277//306
f 5315//638 5299//639 5295//331
f 5317//752 5293//753 5299//315
f 5294//2259 5306//2260 5298//2261
f 5306//757 5295//758 5298//711
f 5307//646 5305//647 5301//547
f 5313//1717 5302//649 5305//328
f 5316//3030 5312//2556 5308//2115
f 5312//761 5315//1919 5309//331
f 5294//2203 5268//2204 5265//438
f 5296//945 5266//1920 5268//726
f 5301//1723 5278//2264 5274//547
f 5303//1767 5272//975 5278//2265
f 5308//2206 5282//2207 5279//309
f 5310//949 5280//950 5282//735
f 5314//1769 5289//671 5286//672
f 5320//976 5287//674 5289//2266
f 5272//438 5294//438 5265//438
f 5288//297 5273//297 5267//297
f 5266//548 5314//548 5286//548
f 5280//547 5301//547 5274//547
f 5287//309 5308//309 5279//309
f 5302//331 5315//331 5295//331
f 5321//549 5325//1120 5327//740
f 5322//2739 5325//2740 5324//2741
f 5323//2742 5325//2743 5326//951
f 5328//2744 5332//2893 5334//2746
f 5329//2747 5332//2748 5331//2749
f 5330//1685 5332//2750 5333//566
f 5335//567 5339//970 5341//678
f 5336//1265 5339//1486 5338//572
f 5337//2751 5339//2752 5340//2753
f 5342//1741 5346//2754 5348//680
f 5343//579 5346//1554 5345//1154
f 5344//1746 5346//1747 5347//1555
f 5349//1748 5353//2755 5355//682
f 5350//588 5353//1558 5352//590
f 5351//2734 5353//1492 5354//1493
f 5356//2217 5360//1133 5362//684
f 5357//1495 5360//1496 5359//1171
f 5358//2756 5360//2757 5361//2758
f 5363//1699 5367//2759 5369//2760
f 5364//2894 5367//2895 5366//2761
f 5365//2762 5367//2763 5368//2764
f 5370//2765 5374//2766 5376//2767
f 5371//1162 5374//2768 5373//955
f 5372//2276 5374//933 5375//741
f 5329//773 5327//774 5323//297
f 5327//1182 5328//1183 5321//981
f 5342//1512 5326//1513 5322//548
f 5348//695 5323//696 5326//291
f 5337//2898 5347//1567 5341//1465
f 5347//2769 5335//2282 5341//2283
f 5337//2720 5333//1516 5329//297
f 5340//703 5330//704 5333//306
f 5371//2723 5355//1518 5351//331
f 5355//2724 5370//2725 5349//660
f 5356//1186 5354//1187 5350//320
f 5354//785 5358//786 5351//331
f 5363//1521 5361//1522 5357//547
f 5369//716 5358//717 5361//328
f 5364//2770 5375//983 5368//1145
f 5375//1571 5365//2901 5368//1469
f 5350//722 5324//723 5321//438
f 5352//724 5322//725 5324//1525
f 5357//727 5334//1573 5330//764
f 5359//1526 5328//965 5334//665
f 5364//731 5338//732 5335//309
f 5366//733 5336//1574 5338//1527
f 5370//736 5345//737 5342//548
f 5376//1529 5343//968 5345//675
f 5328//438 5350//438 5321//438
f 5344//297 5329//297 5323//297
f 5322//548 5370//548 5342//548
f 5336//547 5357//547 5330//547
f 5343//309 5364//309 5335//309
f 5358//331 5371//331 5351//331
f 5380//1281 5383//3031 5377//3
f 5382//4 5380//3032 5378//6
f 5379//1284 5381//3033 5382//9
f 5387//10 5390//1932 5384//1287
f 5389//13 5387//1778 5385//15
f 5386//2567 5388//17 5389//2568
f 5391//19 5395//20 5397//2569
f 5396//1191 5394//1289 5392//24
f 5393//992 5395//3034 5396//1785
f 5401//2909 5404//29 5398//30
f 5403//1193 5401//1942 5399//1943
f 5400//3035 5402//3036 5403//3037
f 5405//802 5409//1290 5411//1788
f 5410//1949 5408//996 5406//1194
f 5407//1292 5409//3038 5410//1294
f 5415//998 5418//47 5412//1952
f 5413//49 5416//3039 5415//3040
f 5414//52 5416//1586 5417//810
f 5422//55 5425//1955 5419//1956
f 5424//58 5422//2920 5420//60
f 5421//3041 5423//62 5424//63
f 5429//64 5432//65 5426//66
f 5427//1299 5430//68 5429//69
f 5428//70 5430//814 5431//3042
f 5436//3043 5439//3044 5433//3045
f 5434//3046 5437//3047 5436//3048
f 5439//79 5438//80 5435//1305
f 5443//3049 5446//3050 5440//3051
f 5445//3052 5443//1308 5441//87
f 5442//2325 5444//3053 5445//3054
f 5450//3055 5453//3056 5447//3057
f 5448//2587 5451//2588 5450//3058
f 5449//2329 5451//2590 5452//2331
f 5457//100 5460//1017 5454//1966
f 5459//2924 5457//1019 5455//105
f 5456//3059 5458//3060 5459//3061
f 5464//1972 5467//1804 5461//111
f 5462//3062 5465//3063 5464//2340
f 5463//3064 5465//2342 5466//2343
f 5468//1597 5472//1809 5474//821
f 5473//2347 5471//122 5469//1025
f 5470//3065 5472//3066 5473//3067
f 5478//1982 5481//1810 5475//2351
f 5480//2352 5478//1028 5476//1029
f 5477//3068 5479//3069 5480//2929
f 5482//2787 5486//2788 5488//1986
f 5487//3070 5485//3071 5483//3072
f 5484//2359 5486//2360 5487//2361
f 5492//1989 5495//1990 5489//147
f 5494//3073 5492//3074 5490//3075
f 5495//1992 5494//3076 5491//1993
f 5499//833 5502//2794 5496//156
f 5501//1995 5499//1996 5497//159
f 5502//2596 5501//2795 5498//2598
f 5503//2599 5507//2600 5509//2796
f 5504//2797 5507//2798 5506//2799
f 5509//1219 5508//2800 5505//2801
f 5513//172 5516//1044 5510//174
f 5515//175 5513//1340 5511//177
f 5516//3077 5515//1220 5512//3078
f 5520//181 5523//2008 5517//183
f 5522//3079 5520//3080 5518//2806
f 5523//187 5522//843 5519//844
f 5527//190 5530//191 5524//192
f 5529//3081 5527//194 5525//195
f 5530//3082 5529//3083 5526//3084
f 5534//2016 5537//1351 5531//201
f 5536//1052 5534//203 5532//204
f 5537//2605 5536//2606 5533//2607
f 5538//3085 5542//3086 5544//3087
f 5539//2404 5542//3088 5541//2811
f 5544//1354 5543//215 5540//3089
f 5548//2609 5551//2409 5545//219
f 5550//2410 5548//2611 5546//1360
f 5551//3090 5550//3091 5547//3092
f 5555//3093 5558//2819 5552//3094
f 5557//2615 5555//2616 5553//3095
f 5558//3096 5557//3097 5554//234
f 5559//1058 5563//2420 5565//2037
f 5564//3098 5562//2620 5560//3099
f 5561//3100 5563//3101 5564//3102
f 5569//863 5572//2975 5566//1375
f 5571//3103 5569//3104 5567//2829
f 5572//2432 5571//2433 5568//2434
f 5576//2435 5579//2049 5573//1066
f 5578//3105 5576//2051 5574//3106
f 5579//259 5578//2440 5575//1067
f 5583//2833 5586//2977 5580//2834
f 5585//3107 5583//3108 5581//3109
f 5586//2056 5585//2445 5582//2446
f 5590//3110 5593//866 5587//273
f 5592//3111 5590//2979 5588//3112
f 5593//3113 5592//2839 5589//2452
f 5594//3114 5598//3115 5600//3116
f 5599//3117 5597//3118 5595//3119
f 5596//3120 5598//3121 5599//2460
f 5433//289 5380//290 5377//291
f 5439//292 5378//293 5380//294
f 5384//295 5382//2066 5378//297
f 5382//3122 5386//3123 5379//1849
f 5441//877 5387//302 5384//303
f 5443//878 5385//879 5387//448
f 5442//2987 5438//2845 5434//2846
f 5445//2988 5435//311 5438//2466
f 5552//313 5499//314 5496//315
f 5558//316 5497//317 5499//314
f 5491//2071 5501//2072 5495//2073
f 5501//2074 5489//322 5495//1404
f 5546//324 5492//325 5489//326
f 5548//327 5490//328 5492//325
f 5554//2075 5550//330 5546//331
f 5557//2636 5547//2637 5550//334
f 5385//2077 5397//2078 5389//2079
f 5389//2080 5393//339 5386//2081
f 5448//341 5394//342 5391//306
f 5450//343 5392//344 5394//345
f 5449//3124 5446//3125 5442//3126
f 5452//2085 5440//3127 5446//2087
f 5559//352 5506//353 5503//354
f 5565//355 5504//356 5506//353
f 5498//2992 5508//2993 5502//2994
f 5502//2475 5504//3128 5496//1858
f 5561//3129 5555//3130 5552//3131
f 5564//3132 5553//886 5555//1091
f 5392//369 5404//1092 5396//371
f 5396//372 5400//373 5393//374
f 5455//375 5401//376 5398//377
f 5457//2095 5399//888 5401//509
f 5456//2998 5453//381 5449//382
f 5459//2096 5447//384 5453//385
f 5566//386 5513//387 5510//889
f 5572//388 5511//389 5513//387
f 5505//390 5515//2480 5509//2099
f 5509//393 5511//394 5503//395
f 5568//2481 5562//397 5559//398
f 5571//2482 5560//400 5562//401
f 5399//2101 5411//403 5403//404
f 5403//2102 5407//1249 5400//2999
f 5462//408 5408//409 5405//328
f 5464//410 5406//891 5408//325
f 5463//412 5460//2104 5456//892
f 5466//1865 5454//893 5460//417
f 5573//418 5520//294 5517//419
f 5579//420 5518//291 5520//294
f 5512//421 5522//3133 5516//896
f 5516//3002 5518//3003 5510//3004
f 5575//1656 5569//1871 5566//1428
f 5578//1098 5567//431 5569//432
f 5406//3134 5418//3135 5410//1102
f 5418//3136 5407//3137 5410//3138
f 5469//439 5415//2112 5412//317
f 5471//441 5413//442 5415//314
f 5463//908 5473//3139 5467//910
f 5473//2116 5461//2117 5467//910
f 5580//447 5527//448 5524//449
f 5586//450 5525//303 5527//448
f 5526//2494 5523//2495 5519//320
f 5523//3140 5525//3141 5517//1277
f 5582//2658 5576//457 5573//1268
f 5585//2496 5574//3142 5576//460
f 5419//461 5417//462 5413//463
f 5425//1666 5414//465 5417//2122
f 5476//467 5422//468 5419//315
f 5478//469 5420//470 5422//353
f 5470//2500 5480//472 5474//1437
f 5474//2124 5476//2125 5468//476
f 5587//477 5534//345 5531//478
f 5593//919 5532//920 5534//345
f 5533//480 5530//3143 5526//3144
f 5536//1879 5524//1107 5530//1880
f 5580//1257 5592//487 5583//921
f 5583//2867 5588//2868 5581//491
f 5426//3018 5424//493 5420//494
f 5432//3019 5421//496 5424//3020
f 5483//498 5429//499 5426//389
f 5485//500 5427//501 5429//387
f 5477//502 5487//923 5481//2130
f 5481//505 5483//2131 5475//507
f 5594//508 5541//509 5538//328
f 5600//510 5539//377 5541//509
f 5540//511 5537//512 5533//513
f 5543//514 5531//925 5537//516
f 5587//926 5599//518 5590//3145
f 5590//1111 5595//521 5588//3146
f 5428//2133 5383//1882 5379//525
f 5431//2135 5377//2506 5383//2136
f 5433//1446 5488//2138 5436//3023
f 5436//3147 5484//3148 5434//3149
f 5538//1883 5494//2509 5490//2510
f 5544//3150 5491//3151 5494//3152
f 5547//541 5597//2145 5551//2146
f 5551//3153 5594//3154 5545//2674
f 5482//291 5377//291 5427//291
f 5435//297 5384//297 5378//297
f 5386//438 5491//438 5379//438
f 5379//438 5540//438 5428//438
f 5386//438 5505//438 5498//438
f 5440//306 5391//306 5385//306
f 5393//438 5512//438 5505//438
f 5447//547 5398//547 5392//547
f 5400//438 5519//438 5512//438
f 5454//328 5405//328 5399//328
f 5414//438 5519//438 5407//438
f 5461//331 5412//331 5406//331
f 5421//438 5526//438 5414//438
f 5468//315 5419//315 5413//315
f 5428//438 5533//438 5421//438
f 5475//548 5426//548 5420//548
f 5434//309 5553//309 5442//309
f 5434//309 5595//309 5547//309
f 5442//309 5560//309 5449//309
f 5449//309 5567//309 5456//309
f 5456//309 5574//309 5463//309
f 5463//309 5581//309 5470//309
f 5477//309 5581//309 5588//309
f 5484//309 5588//309 5595//309
f 5554//331 5489//331 5497//331
f 5545//328 5538//328 5490//328
f 5561//315 5496//315 5504//315
f 5568//548 5503//548 5511//548
f 5575//291 5510//291 5518//291
f 5582//297 5517//297 5525//297
f 5589//306 5524//306 5532//306
f 5596//547 5531//547 5539//547
f 5601//2148 5605//2149 5607//1121
f 5602//552 5605//553 5604//554
f 5603//1148 5605//2150 5606//2235
f 5608//2515 5612//2516 5614//2517
f 5609//2675 5612//1684 5611//770
f 5610//2153 5612//2879 5613//2155
f 5615//2156 5619//2157 5621//1125
f 5616//570 5619//571 5618//572
f 5617//2751 5619//2676 5620//2753
f 5622//576 5626//577 5628//680
f 5623//2164 5626//2165 5625//2166
f 5624//582 5626//2167 5627//584
f 5629//585 5633//2679 5635//682
f 5630//2518 5633//2519 5632//2520
f 5631//591 5633//2173 5634//593
f 5636//2174 5640//2175 5642//1134
f 5637//597 5640//598 5639//1171
f 5638//2880 5640//2680 5641//2758
f 5643//2179 5647//2881 5649//2181
f 5644//2182 5647//2183 5646//2184
f 5645//2682 5647//1564 5648//972
f 5650//612 5654//613 5656//931
f 5651//1162 5654//2185 5653//2186
f 5652//2187 5654//2188 5655//1138
f 5609//2523 5607//3155 5603//1277
f 5607//3156 5608//1711 5601//981
f 5622//625 5606//626 5602//548
f 5628//1712 5603//628 5606//291
f 5617//629 5627//3157 5621//2283
f 5627//632 5615//633 5621//631
f 5609//2191 5620//2192 5613//2193
f 5620//636 5610//637 5613//306
f 5631//2194 5653//2195 5635//2196
f 5653//752 5629//753 5635//315
f 5636//2197 5634//3158 5630//981
f 5634//3159 5638//3160 5631//3161
f 5637//2199 5649//2200 5641//2201
f 5649//1717 5638//649 5641//328
f 5644//2684 5655//2685 5648//1469
f 5655//3162 5645//1146 5648//655
f 5630//2203 5604//2204 5601//438
f 5632//945 5602//946 5604//726
f 5637//1723 5614//662 5610//764
f 5639//1767 5608//664 5614//2205
f 5644//2206 5618//2207 5615//309
f 5646//949 5616//1899 5618//735
f 5650//1769 5625//2208 5622//548
f 5656//976 5623//1147 5625//2533
f 5608//438 5630//438 5601//438
f 5624//297 5609//297 5603//297
f 5602//548 5650//548 5622//548
f 5616//547 5637//547 5610//547
f 5623//309 5644//309 5615//309
f 5638//331 5651//331 5631//331
f 5657//549 5661//1120 5663//551
f 5658//1545 5661//1476 5660//554
f 5659//2686 5661//2687 5662//2688
f 5664//558 5668//1481 5670//1150
f 5665//1683 5668//1684 5667//1482
f 5666//1907 5668//1921 5669//1908
f 5671//567 5675//970 5677//569
f 5672//1265 5675//1486 5674//572
f 5673//2693 5675//2694 5676//952
f 5678//1741 5682//2695 5684//680
f 5679//2696 5682//2884 5681//2698
f 5680//2699 5682//2700 5683//2701
f 5685//1748 5689//2702 5691//2703
f 5686//2885 5689//2886 5688//2704
f 5687//2705 5689//2706 5690//2707
f 5692//2217 5696//1133 5698//596
f 5693//1495 5696//1496 5695//1171
f 5694//1158 5696//2711 5697//953
f 5699//1911 5703//1926 5705//1912
f 5700//606 5703//1501 5702//608
f 5701//2682 5703//1564 5704//1502
f 5706//1276 5710//1504 5712//931
f 5707//2713 5710//2714 5709//2715
f 5708//2276 5710//933 5711//620
f 5659//688 5667//689 5663//690
f 5667//3163 5657//2541 5663//3164
f 5678//1512 5662//1513 5658//548
f 5684//695 5659//696 5662//291
f 5680//1906 5677//2717 5673//1268
f 5677//2718 5679//2719 5671//1401
f 5673//2720 5669//1516 5665//297
f 5669//2721 5672//2722 5666//764
f 5707//2723 5691//1518 5687//331
f 5691//2724 5706//2725 5685//660
f 5686//2726 5698//958 5690//1177
f 5698//1519 5687//713 5690//1520
f 5699//1521 5697//1522 5693//547
f 5705//716 5694//717 5697//328
f 5708//2727 5704//2728 5700//2115
f 5704//2729 5707//2232 5701//1468
f 5686//722 5660//723 5657//438
f 5688//724 5658//1524 5660//1525
f 5693//727 5670//728 5666//547
f 5695//1526 5664//965 5670//665
f 5700//731 5674//732 5671//309
f 5702//733 5672//734 5674//1527
f 5706//736 5681//1528 5678//672
f 5712//1529 5679//968 5681//675
f 5664//438 5686//438 5657//438
f 5680//297 5665//297 5659//297
f 5658//548 5706//548 5678//548
f 5672//547 5693//547 5666//547
f 5679//309 5700//309 5671//309
f 5694//331 5707//331 5687//331
f 5713//2148 5717//2149 5719//1121
f 5714//552 5717//553 5716//554
f 5715//2686 5717//2730 5718//2688
f 5720//2545 5724//2546 5726//2547
f 5721//561 5724//2236 5723//563
f 5722//564 5724//565 5725//566
f 5727//2156 5731//2157 5733//1125
f 5728//570 5731//571 5730//572
f 5729//1151 5731//2238 5732//2161
f 5734//2239 5738//2889 5740//2163
f 5735//2213 5738//2241 5737//2242
f 5736//2733 5738//1747 5739//681
f 5741//2243 5745//2890 5747//2169
f 5742//2548 5745//2549 5744//2550
f 5743//2734 5745//1492 5746//1157
f 5748//2174 5752//2175 5754//1134
f 5749//597 5752//598 5751//1171
f 5750//1158 5752//2177 5753//2178
f 5755//603 5759//2735 5761//605
f 5756//2246 5759//2247 5758//2248
f 5757//609 5759//2249 5760//611
f 5762//612 5766//613 5768//931
f 5763//2891 5766//2736 5765//2715
f 5764//2187 5766//2188 5767//1138
f 5715//742 5723//3165 5719//2254
f 5723//744 5713//745 5719//690
f 5714//2255 5740//2256 5718//2257
f 5740//1712 5715//628 5718//291
f 5736//2552 5733//3166 5729//1268
f 5733//2258 5735//1916 5727//961
f 5721//2191 5732//2192 5725//2193
f 5732//636 5722//637 5725//306
f 5763//638 5747//639 5743//331
f 5765//752 5741//753 5747//315
f 5742//3167 5754//3168 5746//1541
f 5754//3169 5743//973 5746//711
f 5755//646 5753//647 5749//547
f 5761//1717 5750//649 5753//328
f 5764//2738 5760//974 5756//961
f 5760//3170 5763//3171 5757//3172
f 5742//2203 5716//2204 5713//438
f 5744//945 5714//1920 5716//726
f 5749//1723 5726//2264 5722//547
f 5751//1767 5720//975 5726//2265
f 5756//2206 5730//2207 5727//309
f 5758//949 5728//950 5730//735
f 5762//1769 5737//671 5734//672
f 5768//976 5735//674 5737//2266
f 5720//438 5742//438 5713//438
f 5736//297 5721//297 5715//297
f 5714//548 5762//548 5734//548
f 5728//547 5749//547 5722//547
f 5735//309 5756//309 5727//309
f 5750//331 5763//331 5743//331
f 5769//549 5773//1120 5775//740
f 5770//1545 5773//1476 5772//554
f 5771//2742 5773//2743 5774//951
f 5776//2744 5780//2893 5782//2746
f 5777//2747 5780//2748 5779//2749
f 5778//1685 5780//2750 5781//566
f 5783//567 5787//970 5789//678
f 5784//1265 5787//1486 5786//572
f 5785//2751 5787//2752 5788//2753
f 5790//1889 5794//1902 5796//1890
f 5791//579 5794//1554 5793//1154
f 5792//1746 5794//1747 5795//1555
f 5797//1891 5801//1903 5803//1892
f 5798//588 5801//1558 5800//590
f 5799//2734 5801//1492 5802//1493
f 5804//2217 5808//1133 5810//684
f 5805//1495 5808//1496 5807//1171
f 5806//2756 5808//2757 5809//2758
f 5811//1699 5815//2759 5817//2760
f 5812//2894 5815//2895 5814//2761
f 5813//2762 5815//2763 5816//2764
f 5818//1276 5822//1504 5824//931
f 5819//1162 5822//2768 5821//955
f 5820//2276 5822//933 5823//741
f 5777//1776 5775//2277 5771//1277
f 5775//2896 5776//2897 5769//1853
f 5790//1512 5774//1513 5770//548
f 5796//695 5771//696 5774//291
f 5785//777 5795//778 5789//631
f 5795//3173 5783//2562 5789//3174
f 5785//2720 5781//1516 5777//297
f 5788//703 5778//704 5781//306
f 5819//2723 5803//1518 5799//331
f 5803//2724 5818//2725 5797//660
f 5804//2899 5802//2900 5798//2530
f 5802//2286 5806//2287 5799//1406
f 5811//1521 5809//1522 5805//547
f 5817//716 5806//717 5809//328
f 5812//2770 5823//983 5816//1145
f 5823//1571 5813//790 5816//1572
f 5798//722 5772//723 5769//438
f 5800//724 5770//725 5772//1525
f 5805//727 5782//1573 5778//764
f 5807//1526 5776//965 5782//665
f 5812//731 5786//732 5783//309
f 5814//733 5784//1574 5786//1527
f 5818//736 5793//737 5790//548
f 5824//1529 5791//968 5793//675
f 5776//438 5798//438 5769//438
f 5792//297 5777//297 5771//297
f 5770//548 5818//548 5790//548
f 5784//547 5805//547 5778//547
f 5791//309 5812//309 5783//309
f 5806//331 5819//331 5799//331
f 5828//3175 5831//1282 5825//3176
f 5830//3177 5828//1283 5826//1928
f 5827//3178 5829//3179 5830//3180
f 5835//3181 5838//1286 5832//12
f 5837//1933 5835//3182 5833//3183
f 5834//3184 5836//3185 5837//3186
f 5839//3187 5843//3188 5845//1938
f 5844//3189 5842//1289 5840//24
f 5841//1783 5843//3190 5844//3191
f 5849//28 5852//3192 5846//3193
f 5851//3194 5849//3195 5847//3196
f 5848//1944 5850//3197 5851//3198
f 5853//802 5857//3199 5859//1948
f 5858//3200 5856//41 5854//1582
f 5855//3201 5857//3202 5858//3203
f 5863//998 5866//1789 5860//3204
f 5861//3205 5864//1954 5863//3206
f 5862//3207 5864//3208 5865//3209
f 5870//3210 5873//3211 5867//3212
f 5872//3213 5870//1298 5868//3214
f 5869//3215 5871//3216 5872//3217
f 5877//1005 5880//3218 5874//2316
f 5875//3219 5878//3220 5877//3221
f 5876//3222 5878//3223 5879//3224
f 5884//3225 5887//3226 5881//75
f 5882//3227 5885//3228 5884//3229
f 5887//79 5886//3230 5883//1305
f 5891//1306 5894//3231 5888//84
f 5893//85 5891//2583 5889//87
f 5890//3232 5892//3233 5893//3234
f 5898//1015 5901//3235 5895//3236
f 5896//3237 5899//3238 5898//3239
f 5897//3240 5899//3241 5900//3242
f 5905//819 5908//101 5902//102
f 5907//3243 5905//1595 5903//3244
f 5904//3245 5906//3246 5907//3061
f 5912//3247 5915//3248 5909//3249
f 5910//3250 5913//3251 5912//3252
f 5911//3253 5913//3254 5914//3255
f 5916//3256 5920//3257 5922//3258
f 5921//3259 5919//3260 5917//822
f 5918//3261 5920//3262 5921//3263
f 5926//1320 5929//3264 5923//1600
f 5928//1321 5926//1028 5924//1029
f 5925//3265 5927//3266 5928//3267
f 5930//3268 5934//3269 5936//3270
f 5935//3271 5933//140 5931//141
f 5932//3272 5934//3273 5935//3274
f 5940//3275 5943//3276 5937//1813
f 5942//3277 5940//3074 5938//3278
f 5943//3279 5942//3280 5939//3281
f 5947//833 5950//3282 5944//3283
f 5949//3284 5947//3285 5945//159
f 5950//3286 5949//3287 5946//3288
f 5951//3289 5955//3290 5957//3291
f 5952//3292 5955//3293 5954//3294
f 5957//3295 5956//2800 5953//3296
f 5961//3297 5964//3298 5958//174
f 5963//2601 5961//176 5959//2382
f 5964//3299 5963//3300 5960//3301
f 5968//3302 5971//3303 5965//3304
f 5970//3305 5968//1221 5966//841
f 5971//3306 5970//3307 5967//3308
f 5975//3309 5978//3310 5972//3311
f 5977//3312 5975//3313 5973//3314
f 5978//3315 5977//3316 5974//3317
f 5982//3318 5985//3319 5979//201
f 5984//1052 5982//3320 5980//204
f 5985//3321 5984//3322 5981//3323
f 5986//3324 5990//3325 5992//3326
f 5987//211 5990//3327 5989//213
f 5992//2023 5991//1837 5988//3328
f 5996//1620 5999//3329 5993//3330
f 5998//3331 5996//3332 5994//1360
f 5999//223 5998//3333 5995//3334
f 6003//3335 6006//1363 6000//228
f 6005//2032 6003//3336 6001//3337
f 6006//3338 6005//3339 6002//3340
f 6007//235 6011//3341 6013//1368
f 6012//2823 6010//3342 6008//3343
f 6009//3344 6011//3345 6012//3346
f 6017//3347 6020//3348 6014//3349
f 6019//3350 6017//1627 6015//3351
f 6020//3352 6019//3353 6016//252
f 6024//3354 6027//3355 6021//3356
f 6026//3357 6024//3358 6022//3359
f 6027//3360 6026//3361 6023//3362
f 6031//3363 6034//3364 6028//264
f 6033//3365 6031//3366 6029//3367
f 6034//3368 6033//3369 6030//3370
f 6038//3371 6041//272 6035//2447
f 6040//3372 6038//3373 6036//3374
f 6041//3375 6040//3376 6037//2063
f 6042//3377 6046//3378 6048//3379
f 6047//3380 6045//3381 6043//3382
f 6044//3383 6046//3384 6047//3385
f 5881//289 5828//290 5825//895
f 5887//292 5826//293 5828//294
f 5832//295 5830//874 5826//1268
f 5838//298 5827//3386 5830//3387
f 5889//1076 5835//302 5832//303
f 5891//878 5833//879 5835//448
f 5890//2844 5886//2845 5882//3388
f 5886//3389 5889//3390 5883//297
f 6000//313 5947//314 5944//315
f 6006//316 5945//317 5947//314
f 5946//318 5943//3391 5939//438
f 5949//321 5937//322 5943//1404
f 5994//324 5940//325 5937//326
f 5996//327 5938//328 5940//325
f 5994//322 6005//3392 5998//1084
f 6005//2076 5995//3393 5998//1084
f 5833//335 5845//336 5837//2852
f 5837//1411 5841//339 5834//3394
f 5896//341 5842//342 5839//306
f 5898//343 5840//344 5842//345
f 5897//2082 5894//1088 5890//3395
f 5900//2085 5888//3396 5894//3397
f 6007//352 5954//353 5951//354
f 6013//355 5952//356 5954//353
f 5946//357 5956//2088 5950//3398
f 5950//3399 5952//1857 5944//1858
f 6009//3400 6003//3401 6000//3402
f 6012//3403 6001//3404 6003//3405
f 5840//369 5852//1092 5844//371
f 5844//1093 5848//3406 5841//3407
f 5903//375 5849//376 5846//377
f 5905//2095 5847//888 5849//509
f 5904//3408 5901//1094 5897//3409
f 5907//2096 5895//3410 5901//385
f 6014//386 5961//387 5958//889
f 6020//388 5959//389 5961//387
f 5953//3411 5963//2480 5957//2099
f 5957//393 5959//394 5951//395
f 6016//396 6010//397 6007//398
f 6019//2482 6008//400 6010//3412
f 5847//2101 5859//1422 5851//3413
f 5851//3414 5855//2103 5848//3415
f 5910//408 5856//409 5853//328
f 5912//410 5854//891 5856//325
f 5911//2650 5908//2487 5904//892
f 5914//1865 5902//893 5908//417
f 6021//418 5968//294 5965//297
f 6027//420 5966//291 5968//294
f 5960//2489 5970//3416 5964//3417
f 5964//2105 5966//3418 5958//426
f 6023//1656 6017//3419 6014//3420
f 6026//1098 6015//3421 6017//3422
f 5860//3423 5858//903 5854//331
f 5866//3136 5855//3137 5858//3138
f 5917//439 5863//2112 5860//317
f 5919//441 5861//442 5863//314
f 5918//2861 5915//444 5911//309
f 5915//3424 5917//3425 5909//3172
f 6028//447 5975//448 5972//449
f 6034//450 5973//303 5975//448
f 5974//451 5971//2495 5967//320
f 5977//3426 5965//2657 5971//914
f 6030//3427 6024//3005 6021//1268
f 6024//3428 6029//3429 6022//918
f 5867//461 5865//462 5861//463
f 5873//3430 5862//465 5865//466
f 5924//467 5870//468 5867//315
f 5926//1103 5868//470 5870//353
f 5918//2500 5928//472 5922//1437
f 5922//3431 5924//2125 5916//476
f 6035//477 5982//345 5979//478
f 6041//919 5980//306 5982//345
f 5981//480 5978//3432 5974//482
f 5984//1879 5972//1107 5978//3433
f 6028//3434 6040//2126 6031//488
f 6031//3435 6036//490 6029//491
f 5874//3436 5872//493 5868//494
f 5880//3437 5869//1108 5872//3438
f 5931//498 5877//499 5874//389
f 5933//500 5875//501 5877//387
f 5925//502 5935//3439 5929//2869
f 5929//505 5931//2131 5923//507
f 6042//508 5989//509 5986//328
f 6048//510 5987//377 5989//509
f 5988//511 5985//2504 5981//513
f 5991//514 5979//925 5985//3440
f 6035//926 6047//518 6038//3145
f 6038//1111 6043//521 6036//522
f 5876//3441 5831//3442 5827//3443
f 5879//3444 5825//3445 5831//3446
f 5881//2137 5936//2138 5884//2139
f 5884//1114 5932//533 5882//3447
f 5986//1883 5942//2509 5938//537
f 5992//3448 5939//3449 5942//3152
f 5995//3450 6045//1674 5999//1675
f 5999//3153 6042//3451 5993//546
f 5930//291 5825//291 5875//291
f 5883//297 5832//297 5826//297
f 5834//438 5939//438 5827//438
f 5827//438 5988//438 5876//438
f 5834//438 5953//438 5946//438
f 5888//306 5839//306 5833//306
f 5841//438 5960//438 5953//438
f 5895//547 5846//547 5840//547
f 5848//438 5967//438 5960//438
f 5902//328 5853//328 5847//328
f 5862//438 5967//438 5855//438
f 5909//331 5860//331 5854//331
f 5869//438 5974//438 5862//438
f 5916//315 5867//315 5861//315
f 5876//438 5981//438 5869//438
f 5923//548 5874//548 5868//548
f 5882//309 6001//309 5890//309
f 5882//309 6043//309 5995//309
f 5890//309 6008//309 5897//309
f 5897//309 6015//309 5904//309
f 5904//309 6022//309 5911//309
f 5911//309 6029//309 5918//309
f 5925//309 6029//309 6036//309
f 5932//309 6036//309 6043//309
f 6002//331 5937//331 5945//331
f 5993//328 5986//328 5938//328
f 6009//315 5944//315 5952//315
f 6016//548 5951//548 5959//548
f 6023//291 5958//291 5966//291
f 6030//297 5965//297 5973//297
f 6037//306 5972//306 5980//306
f 6044//547 5979//547 5987//547
f 6049//3452 6053//3453 6055//3454
f 6050//1900 6053//3455 6052//769
f 6051//2544 6053//3456 6054//3457
f 6056//3458 6060//1547 6062//3459
f 6057//1736 6060//3460 6059//1482
f 6058//1685 6060//2750 6061//3461
f 6063//969 6067//3462 6069//1485
f 6064//570 6067//3463 6066//572
f 6065//2159 6067//3464 6068//3465
f 6070//576 6074//1279 6076//578
f 6071//3466 6074//2214 6073//3467
f 6072//582 6074//3468 6075//1555
f 6077//585 6081//1280 6083//587
f 6078//3469 6081//2538 6080//3470
f 6079//591 6081//3471 6082//1493
f 6084//1132 6088//3472 6090//1494
f 6085//1924 6088//3473 6087//1171
f 6086//2521 6088//3474 6089//3475
f 6091//1699 6095//2759 6097//2181
f 6092//3476 6095//1563 6094//3477
f 6093//609 6095//3478 6096//1502
f 6098//1904 6102//3479 6104//614
f 6099//2251 6102//3480 6101//3481
f 6100//3482 6102//3483 6103//3484
f 6057//1464 6055//3485 6051//1268
f 6055//3486 6056//3487 6049//438
f 6070//625 6054//626 6050//548
f 6076//627 6051//628 6054//291
f 6065//3488 6075//3489 6069//1465
f 6075//1466 6063//1141 6069//631
f 6065//634 6061//635 6057//297
f 6068//750 6058//637 6061//306
f 6099//638 6083//639 6079//331
f 6101//640 6077//753 6083//315
f 6084//1715 6082//643 6078//438
f 6082//3490 6086//1467 6079//1468
f 6091//646 6089//647 6085//547
f 6097//648 6086//649 6089//328
f 6092//944 6103//651 6096//3491
f 6103//3492 6093//3493 6096//1469
f 6078//656 6052//3494 6049//438
f 6080//3495 6050//946 6052//726
f 6085//661 6062//3496 6058//764
f 6087//3497 6056//664 6062//665
f 6092//666 6066//3498 6063//309
f 6066//668 6091//669 6064//767
f 6098//670 6073//671 6070//548
f 6104//3499 6071//674 6073//675
f 6056//438 6078//438 6049//438
f 6072//297 6057//297 6051//297
f 6050//548 6098//548 6070//548
f 6064//547 6085//547 6058//547
f 6071//309 6092//309 6063//309
f 6086//331 6099//331 6079//331
f 6105//1119 6109//3500 6111//1474
f 6106//1900 6109//3501 6108//3502
f 6107//1477 6109//1478 6110//3503
f 6112//1480 6116//3504 6118//1150
f 6113//1457 6116//2236 6115//1458
f 6114//3505 6116//3506 6117//3507
f 6119//969 6123//3462 6125//1485
f 6120//1922 6123//3508 6122//3509
f 6121//1549 6123//1550 6124//1551
f 6126//3510 6130//3511 6132//3512
f 6127//3513 6130//2697 6129//3514
f 6128//1272 6130//1273 6131//1533
f 6133//3515 6137//3516 6139//3517
f 6134//3518 6137//3519 6136//3520
f 6135//1274 6137//977 6138//1275
f 6140//1132 6144//3472 6146//1494
f 6141//1924 6144//3521 6143//3522
f 6142//1560 6144//1561 6145//1562
f 6147//3523 6151//3524 6153//3525
f 6148//1500 6151//3526 6150//1161
f 6149//1266 6151//954 6152//1267
f 6154//612 6158//3527 6160//3528
f 6155//1505 6158//1506 6157//3529
f 6156//932 6158//3530 6159//1508
f 6107//2223 6115//2224 6111//1173
f 6115//3531 6105//1164 6111//1538
f 6126//693 6110//694 6106//548
f 6132//695 6107//696 6110//291
f 6128//3532 6125//3533 6121//3534
f 6125//2718 6127//2719 6119//1401
f 6121//701 6117//702 6113//303
f 6124//703 6114//704 6117//306
f 6155//705 6139//706 6135//331
f 6157//707 6133//708 6139//315
f 6134//1167 6146//3535 6138//1541
f 6146//3536 6135//3537 6138//959
f 6147//714 6145//715 6141//547
f 6153//716 6142//717 6145//328
f 6156//2727 6152//2728 6148//2115
f 6152//3538 6155//3539 6149//3540
f 6134//722 6108//723 6105//438
f 6136//724 6106//1524 6108//1525
f 6141//727 6118//728 6114//547
f 6143//1526 6112//965 6118//665
f 6148//731 6122//732 6119//309
f 6150//733 6120//734 6122//1527
f 6154//736 6129//1528 6126//672
f 6160//1529 6127//968 6129//675
f 6112//438 6134//438 6105//438
f 6128//297 6113//297 6107//297
f 6106//548 6154//548 6126//548
f 6120//547 6141//547 6114//547
f 6127//309 6148//309 6119//309
f 6142//331 6155//331 6135//331
f 6161//1119 6165//3500 6167//1474
f 6162//552 6165//3455 6164//554
f 6163//2544 6165//3456 6166//3457
f 6168//3541 6172//2557 6174//3542
f 6169//561 6172//3460 6171//1482
f 6170//564 6172//1269 6173//677
f 6175//3543 6179//3544 6181//3545
f 6176//1922 6179//3463 6178//679
f 6177//2159 6179//3464 6180//3465
f 6182//1741 6186//2695 6188//3546
f 6183//3547 6186//1489 6185//3548
f 6184//1693 6186//3468 6187//1555
f 6189//1748 6193//2702 6195//2169
f 6190//3549 6193//1491 6192//3550
f 6191//591 6193//3471 6194//1493
f 6196//3551 6200//3552 6202//3553
f 6197//1924 6200//3473 6199//599
f 6198//2521 6200//3474 6201//3475
f 6203//603 6207//1270 6209//685
f 6204//3554 6207//2274 6206//3555
f 6205//609 6207//3478 6208//1502
f 6210//1904 6214//3479 6216//931
f 6211//2251 6214//3480 6213//3481
f 6212//932 6214//3530 6215//1508
f 6163//1537 6171//743 6167//1510
f 6171//3556 6161//3557 6167//3558
f 6182//625 6166//626 6162//548
f 6188//627 6163//628 6166//291
f 6184//3559 6181//3560 6177//3561
f 6181//3562 6183//3563 6175//3564
f 6177//634 6173//635 6169//297
f 6180//750 6170//751 6173//306
f 6211//638 6195//639 6191//331
f 6213//752 6189//753 6195//315
f 6190//3565 6202//3566 6194//3567
f 6202//757 6191//758 6194//1541
f 6203//646 6201//647 6197//547
f 6209//648 6198//649 6201//328
f 6212//1178 6208//3568 6204//2115
f 6208//3569 6211//3570 6205//3571
f 6190//656 6164//3494 6161//438
f 6192//3572 6162//1920 6164//726
f 6197//661 6174//662 6170//547
f 6174//3573 6196//948 6168//438
f 6204//666 6178//3498 6175//309
f 6206//3574 6176//950 6178//735
f 6210//670 6185//3575 6182//672
f 6216//3499 6183//674 6185//675
f 6168//438 6190//438 6161//438
f 6184//297 6169//297 6163//297
f 6162//548 6210//548 6182//548
f 6176//547 6197//547 6170//547
f 6183//309 6204//309 6175//309
f 6198//331 6211//331 6191//331
f 6217//1119 6221//3500 6223//1474
f 6218//1900 6221//3501 6220//3502
f 6219//1477 6221//1478 6222//1479
f 6224//3576 6228//2745 6230//3577
f 6225//1263 6228//1264 6227//1458
f 6226//3578 6228//3579 6229//3580
f 6231//969 6235//3462 6237//1485
f 6232//1922 6235//3508 6234//3509
f 6233//1549 6235//1550 6236//3581
f 6238//3582 6242//3583 6244//3584
f 6239//1488 6242//3585 6241//1154
f 6240//1532 6242//2167 6243//1533
f 6245//3586 6249//3587 6251//3588
f 6246//1490 6249//3589 6248//1156
f 6247//1274 6249//977 6250//1275
f 6252//1132 6256//3472 6258//1494
f 6253//597 6256//3521 6255//3522
f 6254//1560 6256//1561 6257//3590
f 6259//3591 6263//3592 6265//3593
f 6260//3594 6263//3595 6262//3596
f 6261//1266 6263//954 6264//1267
f 6266//1904 6270//3527 6272//3528
f 6267//1505 6270//1506 6269//1507
f 6268//932 6270//3530 6271//1508
f 6225//1776 6223//2277 6219//1277
f 6223//3597 6224//3598 6217//1849
f 6238//693 6222//694 6218//548
f 6244//695 6219//696 6222//291
f 6233//3599 6243//3600 6237//1142
f 6243//3601 6231//3602 6237//2563
f 6233//701 6229//781 6225//297
f 6236//703 6226//704 6229//306
f 6267//705 6251//706 6247//331
f 6269//707 6245//708 6251//315
f 6252//3603 6250//3604 6246//2280
f 6250//2286 6254//2287 6247//1406
f 6259//714 6257//715 6253//547
f 6265//716 6254//717 6257//328
f 6260//2562 6271//3605 6264//3606
f 6271//3607 6261//3608 6264//1145
f 6246//722 6220//723 6217//438
f 6248//724 6218//725 6220//1525
f 6253//727 6230//1573 6226//764
f 6255//1526 6224//965 6230//665
f 6260//731 6234//732 6231//309
f 6262//733 6232//1574 6234//1527
f 6266//736 6241//737 6238//548
f 6272//1529 6239//968 6241//675
f 6224//438 6246//438 6217//438
f 6240//297 6225//297 6219//297
f 6218//548 6266//548 6238//548
f 6232//547 6253//547 6226//547
f 6239//309 6260//309 6231//309
f 6254//331 6267//331 6247//331
f 6276//1281 6279//2 6273//3
f 6278//1927 6276//5 6274//6
f 6275//3178 6277//3609 6278//3610
f 6283//10 6286//1932 6280//1287
f 6285//1933 6283//1778 6281//15
f 6282//3611 6284//3612 6285//1936
f 6287//3187 6291//3188 6293//3613
f 6292//3189 6290//1289 6288//24
f 6289//1783 6291//3190 6292//3191
f 6297//28 6300//3192 6294//3193
f 6299//800 6297//1942 6295//1943
f 6296//3614 6298//3615 6299//3616
f 6301//802 6305//1290 6307//1948
f 6306//3617 6304//3618 6302//3619
f 6303//3620 6305//3621 6306//3622
f 6311//3623 6314//3624 6308//3625
f 6309//3626 6312//1954 6311//3627
f 6310//3628 6312//3629 6313//3630
f 6318//3210 6321//3211 6315//3212
f 6320//3213 6318//1298 6316//3214
f 6317//3215 6319//3216 6320//3217
f 6325//3631 6328//3218 6322//2316
f 6323//3219 6326//3632 6325//3221
f 6324//3633 6326//3223 6327//3634
f 6332//3635 6335//74 6329//75
f 6330//3636 6333//1303 6332//1304
f 6335//79 6334//3230 6331//1305
f 6339//3637 6342//3231 6336//84
f 6341//816 6339//1308 6337//2776
f 6338//3638 6340//3639 6341//3640
f 6346//91 6349//92 6343//93
f 6344//3641 6347//3642 6346//3643
f 6345//2777 6347//3644 6348//1965
f 6353//100 6356//101 6350//102
f 6355//1967 6353//1019 6351//105
f 6352//2334 6354//3645 6355//3646
f 6360//3247 6363//3647 6357//3249
f 6358//1973 6361//1805 6360//1022
f 6359//3648 6361//116 6362//1210
f 6364//1597 6368//3649 6370//120
f 6369//3650 6367//1598 6365//3651
f 6366//3652 6368//3653 6369//3654
f 6374//1320 6377//128 6371//129
f 6376//1321 6374//3655 6372//3656
f 6373//3657 6375//3658 6376//135
f 6378//1985 6382//137 6384//1032
f 6383//1033 6381//826 6379//141
f 6380//2789 6382//3659 6383//828
f 6388//3275 6391//3276 6385//1813
f 6390//148 6388//1215 6386//1328
f 6391//3279 6390//3280 6387//3281
f 6395//1331 6398//3660 6392//1333
f 6397//3284 6395//3285 6393//159
f 6398//3661 6397//1998 6394//3662
f 6399//3289 6403//3290 6405//3291
f 6400//3292 6403//3293 6402//3294
f 6405//3295 6404//2800 6401//3296
f 6409//1043 6412//3663 6406//2003
f 6411//2601 6409//176 6407//2382
f 6412//3664 6411//3665 6408//3666
f 6416//2386 6419//2008 6413//3667
f 6418//3305 6416//1221 6414//841
f 6419//3668 6418//3669 6415//3670
f 6423//3671 6426//3672 6420//3673
f 6425//2013 6423//2014 6421//195
f 6426//3674 6425//3675 6422//3676
f 6430//3318 6433//3319 6427//201
f 6432//1052 6430//3320 6428//204
f 6433//3321 6432//3322 6429//3323
f 6434//3677 6438//3678 6440//3679
f 6435//211 6438//1836 6437//213
f 6440//2406 6439//3680 6436//3681
f 6444//1357 6447//1358 6441//1359
f 6446//220 6444//3682 6442//222
f 6447//3683 6446//3684 6443//3685
f 6451//1362 6454//1363 6448//1364
f 6453//3686 6451//3687 6449//3688
f 6454//232 6453//233 6450//1625
f 6455//1058 6459//236 6461//1841
f 6460//3098 6458//1370 6456//1371
f 6457//2040 6459//3689 6460//2826
f 6465//1232 6468//245 6462//246
f 6467//1376 6465//1377 6463//3351
f 6468//250 6467//251 6464//252
f 6472//3690 6475//2049 6469//1066
f 6474//3105 6472//3691 6470//3692
f 6475//3360 6474//2832 6471//261
f 6479//2833 6482//3364 6476//2834
f 6481//265 6479//3693 6477//3109
f 6482//3694 6481//3695 6478//3696
f 6486//271 6489//272 6483//273
f 6488//3372 6486//1636 6484//3697
f 6489//3698 6488//3699 6485//2063
f 6490//280 6494//3700 6496//3701
f 6495//1391 6493//3702 6491//1393
f 6492//1071 6494//1394 6495//1395
f 6329//289 6276//290 6273//895
f 6335//292 6274//293 6276//294
f 6274//3703 6286//3704 6278//2843
f 6286//3705 6275//3706 6278//3707
f 6337//1076 6283//302 6280//303
f 6339//878 6281//879 6283//448
f 6338//2844 6334//2845 6330//3388
f 6334//3389 6337//3390 6331//297
f 6448//313 6395//314 6392//315
f 6454//316 6393//317 6395//314
f 6394//318 6391//881 6387//1853
f 6397//321 6385//322 6391//1404
f 6442//324 6388//325 6385//326
f 6444//327 6386//328 6388//325
f 6450//3708 6446//1081 6442//3161
f 6453//3709 6443//333 6446//2470
f 6281//3710 6293//3711 6285//2079
f 6285//3712 6289//3713 6282//3714
f 6344//341 6290//342 6287//306
f 6346//343 6288//344 6290//345
f 6345//3715 6342//3716 6338//3717
f 6348//2085 6336//3396 6342//2087
f 6455//352 6402//353 6399//354
f 6461//355 6400//356 6402//353
f 6394//2992 6404//3718 6398//3719
f 6398//2475 6400//3128 6392//1858
f 6457//1090 6451//1860 6448//365
f 6460//1653 6449//2857 6451//3720
f 6288//369 6300//1092 6292//371
f 6292//1093 6296//3406 6289//3407
f 6351//375 6297//376 6294//377
f 6353//2095 6295//888 6297//509
f 6352//3408 6349//1094 6345//3409
f 6355//2096 6343//3410 6349//385
f 6462//386 6409//387 6406//889
f 6468//388 6407//389 6409//387
f 6401//3411 6411//2480 6405//2099
f 6405//393 6407//394 6399//395
f 6464//396 6458//3721 6455//3722
f 6467//3723 6456//3724 6458//3412
f 6295//2647 6307//3725 6299//3726
f 6299//1248 6303//2103 6296//407
f 6358//408 6304//409 6301//328
f 6360//410 6302//891 6304//325
f 6359//3727 6356//3728 6352//3729
f 6362//1865 6350//1866 6356//1867
f 6469//418 6416//294 6413//297
f 6475//420 6414//291 6416//294
f 6408//421 6418//3730 6412//3731
f 6412//3732 6414//1869 6406//3004
f 6471//1656 6465//1427 6462//1428
f 6474//3733 6463//3734 6465//3735
f 6308//902 6306//3736 6302//331
f 6306//436 6310//3737 6303//438
f 6365//439 6311//2112 6308//317
f 6367//441 6309//442 6311//314
f 6366//2113 6363//2114 6359//2115
f 6363//3424 6365//3425 6357//3172
f 6476//447 6423//448 6420//449
f 6482//450 6421//303 6423//448
f 6422//3738 6419//3739 6415//2530
f 6425//3740 6413//3741 6419//915
f 6469//3742 6481//3743 6472//1434
f 6481//3744 6470//3745 6472//3746
f 6315//461 6313//462 6309//463
f 6321//3007 6310//3747 6313//3748
f 6372//467 6318//468 6315//315
f 6374//1103 6316//470 6318//353
f 6366//471 6376//1878 6370//3749
f 6370//1256 6372//3750 6364//3751
f 6483//477 6430//345 6427//478
f 6489//919 6428//306 6430//345
f 6429//2661 6426//3752 6422//3753
f 6432//1879 6420//3754 6426//3755
f 6476//486 6488//1438 6479//921
f 6479//2127 6484//2868 6477//491
f 6322//3018 6320//493 6316//494
f 6328//3437 6317//496 6320//1441
f 6379//498 6325//499 6322//389
f 6381//500 6323//501 6325//387
f 6373//1881 6383//3756 6377//3757
f 6377//505 6379//2870 6371//3758
f 6490//508 6437//509 6434//328
f 6496//510 6435//377 6437//509
f 6436//511 6433//2504 6429//513
f 6439//514 6427//925 6433//3440
f 6483//926 6495//518 6486//3145
f 6486//1111 6491//521 6484//522
f 6324//3441 6279//3759 6275//3760
f 6327//3444 6273//3445 6279//3446
f 6329//2137 6384//2138 6332//2139
f 6332//3761 6380//1115 6330//3762
f 6434//1883 6390//3763 6386//537
f 6440//3764 6387//3765 6390//3766
f 6443//3450 6493//1674 6447//1675
f 6447//3153 6490//3451 6441//546
f 6378//291 6273//291 6323//291
f 6331//297 6280//297 6274//297
f 6282//438 6387//438 6275//438
f 6275//438 6436//438 6324//438
f 6282//438 6401//438 6394//438
f 6336//306 6287//306 6281//306
f 6289//438 6408//438 6401//438
f 6343//547 6294//547 6288//547
f 6296//438 6415//438 6408//438
f 6350//328 6301//328 6295//328
f 6310//438 6415//438 6303//438
f 6357//331 6308//331 6302//331
f 6317//438 6422//438 6310//438
f 6364//315 6315//315 6309//315
f 6324//438 6429//438 6317//438
f 6371//548 6322//548 6316//548
f 6330//309 6449//309 6338//309
f 6330//309 6491//309 6443//309
f 6338//309 6456//309 6345//309
f 6345//309 6463//309 6352//309
f 6352//309 6470//309 6359//309
f 6359//309 6477//309 6366//309
f 6373//309 6477//309 6484//309
f 6380//309 6484//309 6491//309
f 6450//331 6385//331 6393//331
f 6441//328 6434//328 6386//328
f 6457//315 6392//315 6400//315
f 6464//548 6399//548 6407//548
f 6471//291 6406//291 6414//291
f 6478//297 6413//297 6421//297
f 6485//306 6420//306 6428//306
f 6492//547 6427//547 6435//547
f 6497//3452 6501//3453 6503//3454
f 6498//1900 6501//3455 6500//769
f 6499//2544 6501//3456 6502//3457
f 6504//3458 6508//1547 6510//3459
f 6505//1736 6508//3460 6507//1482
f 6506//1685 6508//2750 6509//3461
f 6511//969 6515//3462 6517//1485
f 6512//570 6515//3463 6514//572
f 6513//2159 6515//3464 6516//3465
f 6518//576 6522//1279 6524//578
f 6519//3466 6522//2214 6521//3467
f 6520//582 6522//3468 6523//1555
f 6525//585 6529//1280 6531//587
f 6526//3469 6529//2538 6528//3470
f 6527//591 6529//3471 6530//1493
f 6532//1132 6536//3472 6538//1494
f 6533//1924 6536//3473 6535//1171
f 6534//2521 6536//3474 6537//3475
f 6539//1699 6543//2759 6545//2181
f 6540//3476 6543//1563 6542//3477
f 6541//609 6543//3478 6544//1502
f 6546//1904 6550//3479 6552//614
f 6547//2251 6550//3480 6549//3481
f 6548//3482 6550//3483 6551//3484
f 6505//3767 6503//3768 6499//3769
f 6503//3770 6504//3771 6497//2280
f 6518//625 6502//626 6498//548
f 6524//627 6499//628 6502//291
f 6513//936 6523//630 6517//1568
f 6523//3772 6511//3773 6517//1465
f 6513//634 6509//635 6505//297
f 6516//750 6506//637 6509//306
f 6547//638 6531//639 6527//331
f 6549//640 6525//753 6531//315
f 6532//1143 6530//3774 6526//2530
f 6530//3775 6534//3776 6527//3540
f 6539//646 6537//647 6533//547
f 6545//648 6534//649 6537//328
f 6540//3777 6551//3778 6544//3779
f 6551//653 6541//654 6544//1469
f 6526//656 6500//3494 6497//438
f 6528//3495 6498//946 6500//726
f 6533//661 6510//3496 6506//764
f 6535//3497 6504//664 6510//665
f 6540//666 6514//3498 6511//309
f 6542//3780 6512//1899 6514//735
f 6546//670 6521//671 6518//548
f 6521//3781 6548//1473 6519//309
f 6504//438 6526//438 6497//438
f 6520//297 6505//297 6499//297
f 6498//548 6546//548 6518//548
f 6512//547 6533//547 6506//547
f 6519//309 6540//309 6511//309
f 6534//331 6547//331 6527//331
f 6553//1119 6557//3500 6559//1474
f 6554//1900 6557//3501 6556//3502
f 6555//1477 6557//1478 6558//3503
f 6560//1480 6564//3504 6566//1150
f 6561//1457 6564//2236 6563//1458
f 6562//3505 6564//3506 6565//3507
f 6567//969 6571//3462 6573//1485
f 6568//1922 6571//3508 6570//3509
f 6569//1549 6571//1550 6572//1551
f 6574//3510 6578//3511 6580//3512
f 6575//3513 6578//2697 6577//3514
f 6576//1272 6578//1273 6579//1533
f 6581//3515 6585//3516 6587//3517
f 6582//3518 6585//3519 6584//3520
f 6583//1274 6585//977 6586//1275
f 6588//1132 6592//3472 6594//1494
f 6589//1924 6592//3521 6591//3522
f 6590//1560 6592//1561 6593//1562
f 6595//3523 6599//3524 6601//3525
f 6596//1500 6599//3526 6598//1161
f 6597//1266 6599//954 6600//1267
f 6602//612 6606//3527 6608//3528
f 6603//1505 6606//1506 6605//3529
f 6604//932 6606//3530 6607//1508
f 6555//2223 6563//2224 6559//1173
f 6563//1511 6553//692 6559//690
f 6574//693 6558//694 6554//548
f 6580//695 6555//696 6558//291
f 6576//1906 6573//2717 6569//1268
f 6573//2718 6575//2719 6567//1401
f 6569//701 6565//702 6561//303
f 6572//703 6562//704 6565//306
f 6603//705 6587//706 6583//331
f 6605//707 6581//708 6587//315
f 6582//1167 6594//3535 6586//1541
f 6594//3536 6583//3537 6586//711
f 6595//714 6593//715 6589//547
f 6601//716 6590//717 6593//328
f 6604//2727 6600//2728 6596//2115
f 6600//2729 6603//2232 6597//1468
f 6582//722 6556//723 6553//438
f 6584//724 6554//1524 6556//1525
f 6589//727 6566//728 6562//547
f 6591//1526 6560//965 6566//665
f 6596//731 6570//732 6567//309
f 6598//733 6568//734 6570//1527
f 6602//736 6577//1528 6574//672
f 6608//1529 6575//968 6577//675
f 6560//438 6582//438 6553//438
f 6576//297 6561//297 6555//297
f 6554//548 6602//548 6574//548
f 6568//547 6589//547 6562//547
f 6575//309 6596//309 6567//309
f 6590//331 6603//331 6583//331
f 6609//1119 6613//3500 6615//1474
f 6610//552 6613//3455 6612//554
f 6611//2544 6613//3456 6614//3457
f 6616//3541 6620//2557 6622//3542
f 6617//561 6620//3460 6619//1482
f 6618//564 6620//1269 6621//677
f 6623//3543 6627//3544 6629//3545
f 6624//1922 6627//3463 6626//679
f 6625//2159 6627//3464 6628//3465
f 6630//1741 6634//2695 6636//3546
f 6631//3547 6634//1489 6633//3548
f 6632//1693 6634//3468 6635//1555
f 6637//1748 6641//2702 6643//2169
f 6638//3549 6641//1491 6640//3550
f 6639//591 6641//3471 6642//1493
f 6644//3551 6648//3552 6650//3553
f 6645//1924 6648//3473 6647//599
f 6646//2521 6648//3474 6649//3475
f 6651//603 6655//1270 6657//685
f 6652//3554 6655//2274 6654//3555
f 6653//609 6655//3478 6656//1502
f 6658//1904 6662//3479 6664//931
f 6659//2251 6662//3480 6661//3481
f 6660//932 6662//3530 6663//1508
f 6611//3782 6619//3783 6615//1538
f 6619//1539 6609//745 6615//690
f 6630//625 6614//626 6610//548
f 6636//627 6611//628 6614//291
f 6632//1540 6629//3784 6625//3561
f 6629//3785 6631//3786 6623//309
f 6625//634 6621//635 6617//297
f 6628//750 6618//751 6621//306
f 6659//638 6643//639 6639//331
f 6661//752 6637//753 6643//315
f 6638//1176 6650//755 6642//3787
f 6650//3788 6639//3789 6642//1541
f 6651//646 6649//647 6645//547
f 6657//648 6646//649 6649//328
f 6660//759 6656//760 6652//309
f 6656//3790 6659//1542 6653//1406
f 6638//656 6612//3494 6609//438
f 6612//658 6637//659 6610//660
f 6645//661 6622//662 6618//547
f 6647//3497 6616//664 6622//665
f 6652//666 6626//3498 6623//309
f 6654//3574 6624//950 6626//735
f 6658//670 6633//3575 6630//672
f 6664//3499 6631//674 6633//675
f 6616//438 6638//438 6609//438
f 6632//297 6617//297 6611//297
f 6610//548 6658//548 6630//548
f 6624//547 6645//547 6618//547
f 6631//309 6652//309 6623//309
f 6646//331 6659//331 6639//331
f 6665//1119 6669//3500 6671//1474
f 6666//1900 6669//3501 6668//3502
f 6667//1477 6669//1478 6670//1479
f 6672//3576 6676//2745 6678//3577
f 6673//1263 6676//1264 6675//1458
f 6674//3578 6676//3579 6677//3580
f 6679//969 6683//3462 6685//1485
f 6680//1922 6683//3508 6682//3509
f 6681//1549 6683//1550 6684//3581
f 6686//3582 6690//3583 6692//3584
f 6687//1488 6690//3585 6689//1154
f 6688//1532 6690//2167 6691//1533
f 6693//3586 6697//3587 6699//3588
f 6694//1490 6697//3589 6696//1156
f 6695//1274 6697//977 6698//1275
f 6700//1132 6704//3472 6706//1494
f 6701//597 6704//3521 6703//3522
f 6702//1560 6704//1561 6705//3590
f 6707//3591 6711//3592 6713//3593
f 6708//3594 6711//3595 6710//3596
f 6709//1266 6711//954 6712//1267
f 6714//1904 6718//3527 6720//3528
f 6715//1505 6718//1506 6717//1507
f 6716//932 6718//3530 6719//1508
f 6673//1776 6671//2277 6667//1277
f 6671//2896 6672//2897 6665//1853
f 6686//693 6670//694 6666//548
f 6692//695 6667//696 6670//291
f 6681//2898 6691//1567 6685//1465
f 6691//2769 6679//2562 6685//2283
f 6681//701 6677//781 6673//297
f 6684//703 6674//704 6677//306
f 6715//705 6699//706 6695//331
f 6717//707 6693//708 6699//315
f 6700//2899 6698//2900 6694//2530
f 6698//2286 6702//2287 6695//1406
f 6707//714 6705//715 6701//547
f 6713//716 6702//717 6705//328
f 6708//2562 6719//3605 6712//3606
f 6719//1777 6709//790 6712//655
f 6694//722 6668//723 6665//438
f 6696//724 6666//725 6668//1525
f 6701//727 6678//1573 6674//764
f 6703//1526 6672//965 6678//665
f 6708//731 6682//732 6679//309
f 6710//733 6680//1574 6682//1527
f 6714//736 6689//737 6686//548
f 6720//1529 6687//968 6689//675
f 6672//438 6694//438 6665//438
f 6688//297 6673//297 6667//297
f 6666//548 6714//548 6686//548
f 6680//547 6701//547 6674//547
f 6687//309 6708//309 6679//309
f 6702//331 6715//331 6695//331
f 6721//3791 6726//3792 6729//3793
f 6727//3794 6725//3795 6722//3796
f 6723//3797 6726//3798 6727//3799
f 6729//3800 6728//3801 6724//3802
f 6730//3803 6735//3804 6738//3805
f 6736//3806 6734//3807 6731//3808
f 6732//3809 6735//3810 6736//3811
f 6738//3812 6737//3813 6733//3814
f 6739//3815 6743//3816 6745//3817
f 6744//3818 6742//3819 6740//3820
f 6741//3821 6743//3822 6744//3823
f 6749//3824 6752//3825 6746//3826
f 6747//3827 6750//3828 6749//3829
f 6748//3830 6750//3831 6751//3832
f 6756//3833 6759//3834 6753//3835
f 6758//3836 6756//3837 6754//3838
f 6755//3839 6757//3840 6758//3841
f 6763//3842 6766//3843 6760//3844
f 6765//3845 6763//3846 6761//3847
f 6762//3848 6764//3849 6765//3850
f 6767//3851 6771//3852 6773//3853
f 6772//3854 6770//3855 6768//3856
f 6769//3857 6771//3858 6772//3859
f 6777//3860 6780//3861 6774//3862
f 6775//3863 6778//3864 6777//3865
f 6776//3866 6778//3867 6779//3868
f 6781//3869 6786//3870 6789//3871
f 6787//3872 6785//3873 6782//3874
f 6783//3875 6786//3876 6787//3877
f 6789//3878 6788//3879 6784//3880
f 6790//3881 6795//3882 6798//3883
f 6796//3884 6794//3885 6791//3886
f 6792//3887 6795//3888 6796//3889
f 6798//3890 6797//3891 6793//3892
f 6802//3893 6805//3894 6799//3895
f 6800//3896 6803//3897 6802//3898
f 6801//3899 6803//3900 6804//3901
f 6806//3902 6810//3903 6812//3904
f 6811//3905 6809//3906 6807//3907
f 6808//3908 6810//3909 6811//3910
f 6816//3911 6819//3912 6813//3913
f 6818//3914 6816//3915 6814//3916
f 6815//3917 6817//3918 6818//3919
f 6823//3920 6826//3921 6820//3922
f 6825//3923 6823//3924 6821//3925
f 6822//3926 6824//3927 6825//3928
f 6830//3929 6833//3930 6827//3931
f 6828//3932 6831//3933 6830//3934
f 6829//3935 6831//3936 6832//3937
f 6834//3938 6838//3939 6840//3940
f 6839//3941 6837//3942 6835//3943
f 6836//3944 6838//3945 6839//3946
f 6841//3947 6846//3948 6849//3949
f 6847//3950 6845//3951 6842//3952
f 6843//3953 6846//3954 6847//3955
f 6849//3956 6848//3957 6844//3958
f 6850//3959 6855//3960 6858//3961
f 6856//3962 6854//3963 6851//3964
f 6852//3965 6855//3966 6856//3967
f 6858//3968 6857//3969 6853//3970
f 6859//3971 6863//3972 6865//3973
f 6860//3974 6863//3975 6862//3976
f 6865//3977 6864//3978 6861//3979
f 6869//3980 6872//3981 6866//3982
f 6871//3983 6869//3984 6867//3985
f 6872//3986 6871//3987 6868//3988
f 6876//3989 6879//3990 6873//3991
f 6878//3992 6876//3993 6874//3994
f 6879//3995 6878//3996 6875//3997
f 6883//3998 6886//3999 6880//4000
f 6885//4001 6883//4002 6881//4003
f 6886//4004 6885//4005 6882//4006
f 6890//4007 6893//4008 6887//4009
f 6892//4010 6890//4011 6888//4012
f 6893//4013 6892//4014 6889//4015
f 6894//4016 6898//4017 6900//4018
f 6895//4019 6898//4020 6897//4021
f 6900//4022 6899//4023 6896//4024
f 6901//4025 6906//4026 6909//4027
f 6907//4028 6905//4029 6902//4030
f 6903//4031 6906//4032 6907//4033
f 6909//4034 6908//4035 6904//4036
f 6910//4037 6915//4038 6918//4039
f 6916//4040 6914//4041 6911//4042
f 6912//4043 6915//4044 6916//4045
f 6918//4046 6917//4047 6913//4048
f 6919//4049 6923//4050 6925//4051
f 6924//4052 6922//4053 6920//4054
f 6921//4055 6923//4056 6924//4057
f 6929//4058 6932//4059 6926//4060
f 6931//4061 6929//4062 6927//4063
f 6932//4064 6931//4065 6928//4066
f 6936//4067 6939//4068 6933//4069
f 6938//4070 6936//4071 6934//4072
f 6939//4073 6938//4074 6935//4075
f 6943//4076 6946//4077 6940//4078
f 6945//4079 6943//4080 6941//4081
f 6946//4082 6945//4083 6942//4084
f 6950//4085 6953//4086 6947//4087
f 6952//4088 6950//4089 6948//4090
f 6953//4091 6952//4092 6949//4093
f 6954//4094 6958//4095 6960//4096
f 6959//4097 6957//4098 6955//4099
f 6956//4100 6958//4101 6959//4102
f 6781//4103 6725//4104 6721//895
f 6789//4105 6722//4106 6725//294
f 6731//297 6727//297 6722//297
f 6734//297 6723//297 6727//297
f 6791//4107 6736//4108 6731//303
f 6794//4109 6732//4110 6736//448
f 6783//297 6796//297 6788//297
f 6788//297 6791//297 6784//297
f 6910//4111 6854//314 6850//315
f 6918//4112 6851//317 6854//314
f 6852//331 6845//331 6841//331
f 6856//331 6842//331 6845//331
f 6902//4113 6847//325 6842//326
f 6905//4114 6843//328 6847//325
f 6913//331 6907//331 6902//331
f 6917//331 6903//331 6907//331
f 6723//438 6849//438 6728//438
f 6728//2280 6844//2280 6724//2280
f 6853//2530 6738//2530 6733//2530
f 6857//2530 6730//2530 6738//2530
f 6792//309 6916//309 6797//309
f 6797//309 6911//309 6793//309
f 6904//3388 6787//3388 6782//3388
f 6908//309 6783//309 6787//309
f 6732//4115 6745//4116 6737//4117
f 6737//4118 6741//4119 6733//4120
f 6800//4121 6742//4122 6739//306
f 6802//4123 6740//4124 6742//345
f 6801//4125 6798//4126 6793//4127
f 6804//4128 6790//4129 6798//4130
f 6919//4131 6862//353 6859//354
f 6925//4132 6860//356 6862//353
f 6853//4133 6864//4134 6858//4135
f 6858//4136 6860//4137 6850//4138
f 6921//4139 6914//4140 6910//4141
f 6924//4142 6911//4143 6914//4144
f 6740//4145 6752//4146 6744//4147
f 6744//4148 6748//4149 6741//4150
f 6807//4151 6749//4152 6746//377
f 6809//4153 6747//4154 6749//509
f 6808//4155 6805//4156 6801//4157
f 6811//4158 6799//4159 6805//4160
f 6926//4161 6869//387 6866//889
f 6932//4162 6867//389 6869//387
f 6861//4163 6871//4164 6865//4165
f 6865//4166 6867//4167 6859//4168
f 6928//4169 6922//4170 6919//4171
f 6931//4172 6920//4173 6922//4174
f 6753//4175 6751//4176 6747//4177
f 6759//4178 6748//4179 6751//4180
f 6814//4181 6756//4182 6753//328
f 6816//4183 6754//4184 6756//1097
f 6808//4185 6818//4186 6812//4187
f 6812//4188 6814//4189 6806//4190
f 6933//4191 6876//294 6873//419
f 6939//4192 6874//895 6876//294
f 6875//4193 6872//4194 6868//4195
f 6878//4196 6866//4197 6872//4198
f 6926//4199 6938//4200 6929//4201
f 6929//4202 6934//4203 6927//4204
f 6760//4205 6758//4206 6754//3172
f 6758//4207 6762//4208 6755//320
f 6821//4209 6763//4210 6760//317
f 6823//4211 6761//4212 6763//314
f 6822//4213 6819//4214 6815//961
f 6819//4215 6821//4216 6813//331
f 6940//4217 6883//448 6880//449
f 6946//4218 6881//303 6883//448
f 6882//4219 6879//4220 6875//1853
f 6885//4221 6873//4222 6879//4223
f 6942//4224 6936//4225 6933//297
f 6945//4226 6934//4227 6936//4228
f 6761//4229 6773//4230 6765//4231
f 6765//4232 6769//4233 6762//4234
f 6828//4235 6770//4236 6767//315
f 6830//4237 6768//4238 6770//353
f 6829//4239 6826//4240 6822//4241
f 6832//4242 6820//4243 6826//4244
f 6947//4245 6890//345 6887//478
f 6953//4246 6888//920 6890//345
f 6882//4247 6892//4248 6886//4249
f 6886//4250 6888//4251 6880//4252
f 6949//4253 6943//4254 6940//4255
f 6952//4256 6941//4257 6943//4258
f 6774//4259 6772//4260 6768//4261
f 6780//4262 6769//4263 6772//4264
f 6835//4265 6777//4266 6774//389
f 6837//4267 6775//4268 6777//387
f 6829//4269 6839//4270 6833//4271
f 6833//4272 6835//4273 6827//4274
f 6954//4275 6897//509 6894//4276
f 6960//4277 6895//377 6897//509
f 6896//4278 6893//4279 6889//4280
f 6899//4281 6887//4282 6893//4283
f 6947//4284 6959//4285 6950//4286
f 6950//4287 6955//4288 6948//4289
f 6776//4290 6729//4291 6724//4292
f 6779//4293 6721//4294 6729//4295
f 6781//4296 6840//4297 6785//4298
f 6785//4299 6836//4300 6782//4301
f 6894//4302 6848//4303 6843//4304
f 6900//4305 6844//4306 6848//4307
f 6904//4308 6957//4309 6909//4310
f 6909//4311 6954//4312 6901//4313
f 6834//291 6721//291 6775//291
f 6784//297 6731//297 6722//297
f 6723//331 6852//331 6841//331
f 6724//438 6896//438 6776//438
f 6733//438 6861//438 6853//438
f 6790//306 6739//306 6732//306
f 6741//438 6868//438 6861//438
f 6799//547 6746//547 6740//547
f 6755//438 6868//438 6748//438
f 6806//328 6753//328 6747//328
f 6762//438 6875//438 6755//438
f 6813//331 6760//331 6754//331
f 6762//438 6889//438 6882//438
f 6820//315 6767//315 6761//315
f 6776//438 6889//438 6769//438
f 6827//548 6774//548 6768//548
f 6792//331 6903//331 6912//331
f 6782//309 6955//309 6904//309
f 6793//309 6920//309 6801//309
f 6801//309 6927//309 6808//309
f 6815//309 6927//309 6934//309
f 6815//309 6941//309 6822//309
f 6822//309 6948//309 6829//309
f 6836//309 6948//309 6955//309
f 6913//331 6842//331 6851//331
f 6901//328 6894//328 6843//328
f 6921//315 6850//315 6860//315
f 6928//548 6859//548 6867//548
f 6935//291 6866//291 6874//291
f 6942//297 6873//297 6881//297
f 6949//306 6880//306 6888//306
f 6956//547 6887//547 6895//547
f 4//4314 5//4315 7//4316
f 6//4317 5//4318 4//4319
f 3//4320 7//4321 5//4322
f 11//4323 12//4324 14//4325
f 13//4326 12//4327 11//4328
f 10//4329 14//4330 12//4331
f 15//4332 18//4333 19//4334
f 20//4335 19//4336 18//4337
f 17//4338 21//4339 19//4340
f 25//4341 26//4342 28//4343
f 27//4344 26//4345 25//4346
f 24//4347 28//4348 26//4349
f 29//4350 32//4351 33//4352
f 34//4353 33//4354 32//4355
f 31//4356 35//4357 33//4358
f 39//4359 40//4360 42//4361
f 37//4362 41//4363 40//4364
f 38//4365 42//4366 40//4367
f 46//4368 47//4369 49//4370
f 48//4371 47//4372 46//4373
f 45//4374 49//4375 47//4376
f 53//4377 54//4378 56//4379
f 51//4380 55//4381 54//4382
f 52//4383 56//4384 54//4385
f 60//4386 61//4387 63//4388
f 58//4389 62//4390 61//4391
f 63//4392 61//4393 62//4394
f 67//4395 68//4396 70//4397
f 69//4398 68//4399 67//4400
f 66//4401 70//4402 68//4403
f 74//4404 75//4405 77//4406
f 72//4407 76//4408 75//4409
f 73//4410 77//4411 75//4412
f 81//4413 82//4414 84//4415
f 83//4416 82//4417 81//4418
f 80//4419 84//4420 82//4421
f 88//4422 89//4423 91//4424
f 86//4425 90//4426 89//4427
f 87//4428 91//4429 89//4430
f 92//4431 95//4432 96//4433
f 97//4434 96//4435 95//4436
f 94//4437 98//4438 96//4439
f 102//4440 103//4441 105//4442
f 104//4443 103//4444 102//4445
f 101//4446 105//4447 103//4448
f 106//4449 109//4450 110//4451
f 111//4452 110//4453 109//4454
f 108//4455 112//4456 110//4457
f 116//4458 117//4459 119//4460
f 118//4461 117//4462 116//4463
f 119//4464 117//4465 118//4466
f 123//4467 124//4468 126//4469
f 125//4470 124//4471 123//4472
f 126//4473 124//4474 125//4475
f 127//4476 130//4477 131//4478
f 128//4479 132//4480 131//4481
f 133//4482 131//4483 132//4484
f 137//4485 138//4486 140//4487
f 139//4488 138//4489 137//4490
f 140//4491 138//4492 139//4493
f 144//4494 145//4495 147//4496
f 146//4497 145//4498 144//4499
f 147//4500 145//4501 146//4502
f 151//4503 152//4504 154//4505
f 153//4506 152//4507 151//4508
f 154//4509 152//4510 153//4511
f 158//4512 159//4513 161//4514
f 160//4515 159//4516 158//4517
f 161//4518 159//4519 160//4520
f 162//4521 165//4522 166//4523
f 163//4524 167//4525 166//4526
f 168//4527 166//4528 167//4529
f 172//4530 173//4531 175//4532
f 174//4533 173//4534 172//4535
f 175//4536 173//4537 174//4538
f 179//4539 180//4540 182//4541
f 181//4542 180//4543 179//4544
f 182//4545 180//4546 181//4547
f 183//4548 186//4549 187//4550
f 188//4551 187//4552 186//4553
f 185//4554 189//4555 187//4556
f 193//4557 194//4558 196//4559
f 195//4560 194//4561 193//4562
f 196//4563 194//4564 195//4565
f 200//4566 201//4567 203//4568
f 202//4569 201//4570 200//4571
f 203//4572 201//4573 202//4574
f 207//4575 208//4576 210//4577
f 209//4578 208//4579 207//4580
f 210//4581 208//4582 209//4583
f 214//4584 215//4585 217//4586
f 216//4587 215//4588 214//4589
f 217//4590 215//4591 216//4592
f 218//4593 221//4594 222//4595
f 223//4596 222//4597 221//4598
f 220//4599 224//4600 222//4601
f 57//4602 63//294 4//4603
f 63//4604 59//419 2//4605
f 8//4606 14//2843 6//4607
f 14//4608 10//438 3//4609
f 65//4610 67//448 11//4611
f 11//4612 67//448 64//4613
f 66//4614 69//1079 62//4615
f 69//4616 65//297 59//4617
f 176//315 182//314 123//4618
f 182//314 178//317 121//4619
f 122//4620 125//1080 119//4621
f 125//4622 121//331 113//4623
f 170//326 172//325 116//4624
f 172//325 169//328 114//4625
f 178//4626 181//2470 174//4627
f 181//4628 177//309 171//4629
f 9//4630 15//4631 21//4632
f 13//4633 21//4634 17//4635
f 72//4636 74//345 18//4637
f 74//4638 71//478 16//4639
f 73//4640 76//4641 70//4642
f 76//4643 72//4644 64//4645
f 183//354 189//353 130//4646
f 189//353 185//356 128//4647
f 122//4648 129//4649 132//4650
f 126//4651 132//4652 128//4653
f 185//4654 188//4655 179//4656
f 188//4657 184//4658 177//4659
f 16//4660 22//4661 28//4662
f 20//4663 28//4664 24//4665
f 79//4666 81//509 25//4667
f 25//4668 81//509 78//4669
f 80//4670 83//4671 77//4672
f 83//4673 79//4674 71//4675
f 190//889 196//387 137//4676
f 196//387 192//389 135//4677
f 129//4678 136//4679 139//4680
f 133//4681 139//4682 135//4683
f 192//4684 195//4685 186//4686
f 195//4687 191//4688 184//4689
f 23//4690 29//4691 35//4692
f 27//4693 35//4694 31//4695
f 86//4696 88//325 32//4697
f 88//4698 85//326 30//4699
f 87//4700 90//4701 84//4702
f 90//4703 86//4704 78//4705
f 197//419 203//294 144//4706
f 203//294 199//895 142//4707
f 136//4708 143//407 146//4709
f 140//4710 146//4711 142//4712
f 199//4713 202//4714 193//4715
f 202//4716 198//892 191//4717
f 30//4718 36//331 42//4719
f 34//4720 42//435 38//4721
f 93//4722 95//4723 39//4724
f 95//4725 92//315 37//4726
f 94//4727 97//910 91//4728
f 91//4729 97//910 93//4730
f 204//306 210//448 151//4731
f 210//448 206//303 149//4732
f 150//4733 153//914 147//4734
f 153//4735 149//297 141//4736
f 206//4737 209//1434 200//4738
f 209//4739 205//918 198//4740
f 43//4741 49//4742 41//4743
f 49//4744 45//4745 38//4746
f 100//4747 102//353 46//4748
f 102//4749 99//354 44//4750
f 94//4751 101//491 104//4752
f 98//4753 104//4754 100//4755
f 211//478 217//345 158//4756
f 158//4757 217//345 213//920
f 157//4758 160//4759 154//4760
f 160//4761 156//4762 148//4763
f 204//4764 213//4765 216//4766
f 207//4767 216//4768 212//4769
f 50//4770 56//4771 48//4772
f 56//4773 52//4774 45//4775
f 107//4776 109//387 53//4777
f 109//4778 106//291 51//4779
f 101//4780 108//4781 111//4782
f 105//4783 111//4784 107//4785
f 218//4276 224//509 165//4786
f 224//509 220//377 163//4787
f 164//4788 167//4789 161//4790
f 167//4791 163//4792 155//4793
f 211//4794 220//4795 223//4796
f 214//4797 223//4798 219//4799
f 52//4800 55//4801 7//4802
f 55//4803 51//4804 1//4805
f 57//4806 106//4807 112//4808
f 60//4809 112//4810 108//4811
f 162//4812 168//4813 118//4814
f 168//4815 164//4816 115//4817
f 171//4818 219//4819 221//4820
f 175//4821 221//4822 218//4823
f 106//291 57//291 1//291
f 59//297 65//297 8//297
f 10//438 122//438 115//438
f 3//438 115//438 164//438
f 10//438 17//438 129//438
f 64//306 72//306 15//306
f 17//438 24//438 136//438
f 71//547 79//547 22//547
f 24//438 31//438 143//438
f 78//328 86//328 29//328
f 38//438 150//438 143//438
f 85//331 93//331 36//331
f 45//438 157//438 150//438
f 92//315 100//315 43//315
f 52//438 164//438 157//438
f 99//548 107//548 50//548
f 58//309 171//309 177//309
f 58//309 108//309 219//309
f 66//309 177//309 184//309
f 73//309 184//309 191//309
f 80//309 191//309 198//309
f 87//309 198//309 205//309
f 101//309 94//309 205//309
f 108//309 101//309 212//309
f 178//331 170//331 113//331
f 169//328 218//328 162//328
f 185//315 176//315 120//315
f 192//548 183//548 127//548
f 199//291 190//291 134//291
f 206//297 197//297 141//297
f 213//306 204//306 148//306
f 220//547 211//547 155//547
f 225//4824 228//4825 229//4826
f 226//4827 230//4828 229//4829
f 227//4830 231//4831 229//4832
f 232//4833 235//4834 236//4835
f 233//4836 237//4837 236//4838
f 234//4839 238//4840 236//4841
f 239//4842 242//4843 243//4844
f 240//4845 244//4846 243//4847
f 241//4848 245//4849 243//4850
f 246//4851 249//4852 250//4853
f 247//4854 251//4855 250//4856
f 248//4857 252//4858 250//4859
f 253//4860 256//4861 257//4862
f 254//4863 258//4864 257//4865
f 255//4866 259//4867 257//4868
f 260//4869 263//4870 264//4871
f 261//4872 265//4873 264//4874
f 262//4875 266//4876 264//4877
f 267//4878 270//4879 271//4880
f 268//4881 272//4882 271//4883
f 269//4884 273//4885 271//4886
f 274//4887 277//4888 278//4889
f 275//4890 279//4891 278//4892
f 276//4893 280//4894 278//4895
f 233//4896 235//690 231//4897
f 231//4898 235//690 232//4899
f 246//4900 252//291 230//4901
f 252//4902 248//297 227//4903
f 241//4904 248//297 251//4905
f 251//4906 247//309 239//4907
f 241//4908 244//306 237//4909
f 244//4910 240//547 234//4911
f 275//4912 277//315 259//4913
f 277//4914 274//548 253//4915
f 260//4916 266//711 258//4917
f 258//4918 266//711 262//4919
f 267//4920 273//328 265//4921
f 273//4922 269//331 262//4923
f 268//4924 276//309 279//4925
f 279//4926 275//331 269//4927
f 254//4928 256//726 228//4929
f 228//4930 256//726 253//4931
f 261//4932 263//665 238//4933
f 263//4934 260//438 232//4935
f 268//4936 270//735 242//4937
f 242//4938 270//735 267//4939
f 274//4940 280//675 249//4941
f 280//4942 276//309 247//4943
f 232//438 260//438 254//438
f 248//297 241//297 233//297
f 226//548 253//548 274//548
f 240//547 267//547 261//547
f 247//309 276//309 268//309
f 262//331 269//331 275//331
f 281//4824 284//4825 285//4826
f 282//4827 286//4828 285//4829
f 283//4830 287//4831 285//4832
f 288//4833 291//4834 292//4835
f 289//4836 293//4837 292//4838
f 290//4944 294//4945 292//4841
f 295//4842 298//4843 299//4844
f 296//4946 300//4846 299//4847
f 297//4848 301//4849 299//4850
f 302//4851 305//4852 306//4853
f 303//4947 307//4855 306//4856
f 304//4857 308//4858 306//4859
f 309//4860 312//4861 313//4862
f 310//4948 314//4864 313//4865
f 311//4866 315//4867 313//4868
f 316//4949 319//4870 320//4871
f 317//4950 321//4873 320//4874
f 318//4875 322//4876 320//4877
f 323//4951 326//4879 327//4880
f 324//4881 328//4882 327//4883
f 325//4884 329//4885 327//4886
f 330//4952 333//4888 334//4889
f 331//4953 335//4891 334//4892
f 332//4893 336//4894 334//4895
f 283//4954 289//297 291//4955
f 291//4956 288//438 281//4957
f 302//4958 308//291 286//4959
f 308//4960 304//419 283//4961
f 304//4962 307//631 301//4963
f 301//4964 307//631 303//4965
f 297//4966 300//306 293//4967
f 300//4968 296//547 290//4969
f 331//4970 333//315 315//4971
f 333//4972 330//548 309//4973
f 310//4974 316//438 322//4975
f 322//4976 318//331 311//4977
f 323//4978 329//328 321//4979
f 329//4980 325//326 318//4981
f 332//4982 335//655 328//4983
f 328//4984 335//655 331//4985
f 310//4986 312//726 284//4987
f 312//4988 309//548 282//4989
f 317//4990 319//665 294//4991
f 319//4992 316//438 288//4993
f 324//4994 326//735 298//4995
f 326//4996 323//547 296//4997
f 330//4998 336//675 305//4999
f 336//5000 332//309 303//5001
f 288//438 316//438 310//438
f 304//297 297//297 289//297
f 282//548 309//548 330//548
f 296//547 323//547 317//547
f 303//309 332//309 324//309
f 318//331 325//331 331//331
f 337//4824 340//4825 341//4826
f 338//5002 342//4828 341//4829
f 339//4830 343//4831 341//4832
f 344//5003 347//4834 348//4835
f 345//4836 349//4837 348//4838
f 346//4944 350//4945 348//4841
f 351//4842 354//4843 355//4844
f 352//4946 356//4846 355//4847
f 353//4848 357//4849 355//4850
f 358//5004 361//5005 362//4853
f 359//4947 363//4855 362//4856
f 360//4857 364//4858 362//4859
f 365//4860 368//4861 369//4862
f 366//4948 370//4864 369//4865
f 367//4866 371//4867 369//4868
f 372//4949 375//4870 376//4871
f 373//4872 377//4873 376//4874
f 374//5006 378//4876 376//4877
f 379//4878 382//4879 383//4880
f 380//5007 384//4882 383//4883
f 381//4884 385//4885 383//4886
f 386//4887 389//4888 390//4889
f 387//4953 391//4891 390//4892
f 388//5008 392//4894 390//4895
f 339//5009 345//297 347//5010
f 347//5011 344//438 337//5012
f 358//5013 364//291 342//5014
f 364//4902 360//297 339//4903
f 360//5015 363//631 357//5016
f 357//5017 363//631 359//5018
f 353//4908 356//306 349//4909
f 356//4910 352//547 346//4911
f 387//4912 389//315 371//4913
f 389//4914 386//548 365//4915
f 366//5019 372//438 378//5020
f 378//5021 374//331 367//5022
f 379//5023 385//328 377//5024
f 385//4922 381//331 374//4923
f 388//5025 391//655 384//5026
f 384//5027 391//655 387//5028
f 366//4928 368//726 340//5029
f 340//5030 368//726 365//4931
f 373//4932 375//665 350//5031
f 375//5032 372//438 344//4935
f 380//4936 382//735 354//5033
f 354//5034 382//735 379//4939
f 386//4940 392//675 361//5035
f 392//5036 388//309 359//4943
f 344//438 372//438 366//438
f 360//297 353//297 345//297
f 338//548 365//548 386//548
f 352//547 379//547 373//547
f 359//309 388//309 380//309
f 374//331 381//331 387//331
f 393//4824 396//4825 397//4826
f 394//4827 398//4828 397//4829
f 395//4830 399//4831 397//4832
f 400//4833 403//4834 404//4835
f 401//4836 405//4837 404//4838
f 402//4944 406//4945 404//4841
f 407//4842 410//4843 411//4844
f 408//4946 412//4846 411//4847
f 409//4848 413//4849 411//4850
f 414//4851 417//4852 418//4853
f 415//4947 419//4855 418//4856
f 416//4857 420//4858 418//4859
f 421//5037 424//4861 425//4862
f 422//4948 426//4864 425//4865
f 423//4866 427//4867 425//4868
f 428//4949 431//4870 432//4871
f 429//4950 433//4873 432//4874
f 430//4875 434//4876 432//4877
f 435//4878 438//4879 439//4880
f 436//4881 440//4882 439//4883
f 437//4884 441//4885 439//4886
f 442//4952 445//4888 446//4889
f 443//4953 447//4891 446//4892
f 444//4893 448//4894 446//4895
f 401//5038 403//690 399//5039
f 399//5040 403//690 400//5041
f 414//4958 420//291 398//4959
f 420//5042 416//419 395//4961
f 409//5043 416//297 419//5044
f 419//5045 415//309 407//5046
f 409//4966 412//306 405//4967
f 412//4968 408//547 402//4969
f 443//4970 445//315 427//4971
f 445//4972 442//548 421//4973
f 428//5047 434//711 426//5048
f 426//5049 434//711 430//5050
f 435//4978 441//328 433//4979
f 441//5051 437//326 430//4981
f 436//5052 444//309 447//5053
f 447//5054 443//331 437//5055
f 422//4986 424//726 396//4987
f 424//4988 421//548 394//4989
f 429//4990 431//665 406//4991
f 431//4992 428//438 400//4993
f 436//4994 438//735 410//4995
f 438//4996 435//547 408//4997
f 442//4998 448//675 417//4999
f 448//5000 444//309 415//5001
f 400//438 428//438 422//438
f 416//297 409//297 401//297
f 394//548 421//548 442//548
f 408//547 435//547 429//547
f 415//309 444//309 436//309
f 430//331 437//331 443//331
f 452//4314 453//5056 455//4316
f 454//5057 453//4318 452//4319
f 451//4320 455//5058 453//4322
f 459//4323 460//5059 462//5060
f 461//4326 460//5061 459//4328
f 458//4329 462//4330 460//4331
f 463//4332 466//4333 467//5062
f 468//5063 467//4336 466//5064
f 465//5065 469//4339 467//5066
f 473//4341 474//5067 476//5068
f 475//4344 474//5069 473//5070
f 472//5071 476//4348 474//4349
f 477//4350 480//4351 481//4352
f 482//4353 481//5072 480//5073
f 479//5074 483//5075 481//5076
f 487//5077 488//4360 490//4361
f 485//4362 489//5078 488//4364
f 486//4365 490//4366 488//4367
f 494//5079 495//4369 497//4370
f 496//4371 495//4372 494//4373
f 493//4374 497//4375 495//5080
f 501//5081 502//4378 504//4379
f 499//4380 503//4381 502//4382
f 500//5082 504//5083 502//5084
f 508//4386 509//4387 511//4388
f 506//5085 510//4390 509//4391
f 511//4392 509//4393 510//5086
f 515//4395 516//4396 518//5087
f 517//5088 516//4399 515//4400
f 514//4401 518//5089 516//4403
f 522//4404 523//4405 525//4406
f 520//5090 524//4408 523//5091
f 521//5092 525//4411 523//4412
f 529//5093 530//4414 532//4415
f 531//5094 530//5095 529//4418
f 528//5096 532//4420 530//5097
f 536//4422 537//4423 539//4424
f 534//4425 538//4426 537//4427
f 535//4428 539//4429 537//4430
f 540//4431 543//4432 544//4433
f 545//5098 544//5099 543//5100
f 542//4437 546//5101 544//4439
f 550//4440 551//4441 553//5102
f 552//4443 551//5103 550//5104
f 549//4446 553//5105 551//5106
f 554//4449 557//4450 558//4451
f 559//4452 558//4453 557//4454
f 556//4455 560//5107 558//4457
f 564//5108 565//4459 567//5109
f 566//4461 565//5110 564//4463
f 567//5111 565//4465 566//4466
f 571//4467 572//5112 574//5113
f 573//4470 572//4471 571//4472
f 574//4473 572//4474 573//5114
f 575//4476 578//4477 579//5115
f 576//5116 580//5117 579//5118
f 581//5119 579//4483 580//5120
f 585//5121 586//4486 588//4487
f 587//5122 586//4489 585//4490
f 588//5123 586//5124 587//5125
f 592//5126 593//4495 595//5127
f 594//5128 593//4498 592//4499
f 595//5129 593//5130 594//5131
f 599//4503 600//4504 602//5132
f 601//5133 600//5134 599//5135
f 602//5136 600//5137 601//5138
f 606//4512 607//4513 609//4514
f 608//5139 607//4516 606//5140
f 609//5141 607//5142 608//5143
f 610//4521 613//5144 614//4523
f 611//4524 615//5145 614//4526
f 616//5146 614//4528 615//4529
f 620//4530 621//5147 623//4532
f 622//5148 621//4534 620//5149
f 623//5150 621//4537 622//5151
f 627//4539 628//5152 630//4541
f 629//5153 628//4543 627//4544
f 630//4545 628//4546 629//5154
f 631//4548 634//5155 635//5156
f 636//4551 635//5157 634//4553
f 633//4554 637//4555 635//4556
f 641//5158 642//5159 644//4559
f 643//4560 642//4561 641//4562
f 644//5160 642//5161 643//4565
f 648//4566 649//5162 651//4568
f 650//5163 649//4570 648//4571
f 651//4572 649//4573 650//4574
f 655//5164 656//5165 658//5166
f 657//5167 656//5168 655//5169
f 658//5170 656//4582 657//4583
f 662//5171 663//5172 665//5173
f 664//4587 663//5174 662//5175
f 665//4590 663//4591 664//4592
f 666//5176 669//5177 670//4595
f 671//5178 670//5179 669//4598
f 668//4599 672//4600 670//5180
f 505//4602 511//294 452//4603
f 511//4604 507//419 450//4605
f 456//4606 462//300 454//4607
f 454//5181 462//300 458//5182
f 513//5183 515//448 459//4611
f 515//5184 512//306 457//5185
f 514//4614 517//1079 510//4615
f 517//4616 513//297 507//4617
f 624//315 630//314 571//4618
f 630//314 626//317 569//4619
f 570//4620 573//1080 567//4621
f 567//5186 573//323 569//4626
f 618//326 620//325 564//4624
f 620//325 617//328 562//4625
f 626//4626 629//2470 622//4627
f 629//4628 625//309 619//4629
f 457//4630 463//4631 469//4632
f 461//4633 469//5187 465//5188
f 520//4636 522//345 466//5189
f 522//4638 519//478 464//4639
f 521//4640 524//4641 518//4642
f 524//4643 520//5190 512//4645
f 631//354 637//353 578//4646
f 637//353 633//315 576//4647
f 570//5191 577//4649 580//4650
f 574//5192 580//4652 576//4653
f 633//4654 636//4655 627//5193
f 636//4657 632//4658 625//4659
f 464//4660 470//4661 476//4662
f 468//4663 476//4664 472//4665
f 527//4666 529//509 473//4667
f 529//5194 526//328 471//5195
f 528//4670 531//5196 525//4672
f 531//4673 527//4674 519//4675
f 638//889 644//387 585//4676
f 644//387 640//389 583//4677
f 577//4678 584//5197 587//4680
f 581//4681 587//4682 583//4683
f 640//5198 643//4685 634//4686
f 643//4687 639//4688 632//4689
f 471//4690 477//4691 483//5199
f 475//4693 483//4694 479//4695
f 534//4696 536//325 480//4697
f 536//5200 533//326 478//5201
f 535//4700 538//4701 532//4702
f 538//4703 534//4704 526//4705
f 645//419 651//294 592//4706
f 592//5202 651//294 647//291
f 584//4708 591//407 594//4709
f 588//4710 594//5203 590//4712
f 647//4713 650//4714 641//4715
f 650//4716 646//892 639//4717
f 484//4730 490//435 482//5204
f 490//5205 486//438 479//5206
f 541//5207 543//314 487//4724
f 543//4725 540//315 485//4726
f 535//5208 542//961 545//5209
f 545//5210 541//331 533//5211
f 652//306 658//448 599//4731
f 658//448 654//303 597//4732
f 591//5212 598//438 601//5213
f 601//4735 597//297 589//4736
f 654//4737 657//1434 648//4738
f 648//5214 657//460 653//2637
f 491//4741 497//4742 489//4743
f 497//4744 493//4745 486//4746
f 548//4747 550//353 494//4748
f 550//4749 547//354 492//4750
f 542//4751 549//491 552//4752
f 546//4753 552//5215 548//5216
f 659//478 665//345 606//4756
f 665//345 661//920 604//5217
f 605//5218 608//4759 602//4760
f 608//5219 604//4762 596//4763
f 652//4764 661//4765 664//5220
f 655//4767 664//5221 660//4769
f 498//4770 504//4771 496//5222
f 504//4773 500//4774 493//4775
f 555//4776 557//387 501//4777
f 557//4778 554//291 499//4779
f 549//4780 556//4781 559//4782
f 553//4783 559//4784 555//4785
f 666//4276 672//509 613//4786
f 672//509 668//377 611//4787
f 612//4788 615//4789 609//4790
f 615//4791 611//4792 603//4793
f 659//4794 668//4795 671//4796
f 662//4797 671//4798 667//4799
f 500//4800 503//4801 455//4802
f 503//4803 499//5223 449//4805
f 505//4806 554//4807 560//4808
f 508//4809 560//5224 556//5225
f 610//4812 616//4813 566//5226
f 616//4815 612//4816 563//4817
f 619//4818 667//4819 669//4820
f 623//4821 669//4822 666//4823
f 554//291 505//291 449//291
f 507//297 513//297 456//297
f 458//438 570//438 563//438
f 451//438 563//438 612//438
f 458//438 465//438 577//438
f 512//306 520//306 463//306
f 465//438 472//438 584//438
f 519//547 527//547 470//547
f 472//438 479//438 591//438
f 526//328 534//328 477//328
f 486//438 598//438 591//438
f 533//331 541//331 484//331
f 493//438 605//438 598//438
f 540//315 548//315 491//315
f 500//438 612//438 605//438
f 547//548 555//548 498//548
f 506//309 619//309 625//309
f 506//309 556//309 667//309
f 514//309 625//309 632//309
f 521//309 632//309 639//309
f 528//309 639//309 646//309
f 535//309 646//309 653//309
f 549//309 542//309 653//309
f 556//309 549//309 660//309
f 626//331 618//331 561//331
f 617//328 666//328 610//328
f 633//315 624//315 568//315
f 640//548 631//548 575//548
f 647//291 638//291 582//291
f 654//297 645//297 589//297
f 661//306 652//306 596//306
f 668//547 659//547 603//547
f 673//4824 676//4825 677//4826
f 674//4827 678//5227 677//4829
f 675//4830 679//4831 677//4832
f 680//4833 683//4834 684//4835
f 681//4836 685//4837 684//4838
f 682//4839 686//4840 684//4841
f 687//4842 690//4843 691//4844
f 688//4845 692//4846 691//4847
f 689//4848 693//4849 691//4850
f 694//4851 697//4852 698//4853
f 695//4947 699//5228 698//4856
f 696//4857 700//4858 698//4859
f 701//4860 704//4861 705//4862
f 702//4948 706//4864 705//4865
f 703//4866 707//4867 705//4868
f 708//4949 711//4870 712//4871
f 709//4872 713//4873 712//4874
f 710//4875 714//4876 712//4877
f 715//4878 718//4879 719//4880
f 716//4881 720//5229 719//4883
f 717//5230 721//4885 719//4886
f 722//4887 725//4888 726//4889
f 723//4953 727//4891 726//4892
f 724//4893 728//4894 726//4895
f 681//4896 683//690 679//4897
f 679//4898 683//690 680//4899
f 694//4900 700//291 678//4901
f 678//5231 700//291 696//5232
f 689//4904 696//297 699//4905
f 699//4906 695//309 687//4907
f 689//4908 692//306 685//4909
f 685//5233 692//306 688//5234
f 723//4912 725//315 707//4913
f 707//5235 725//315 722//5236
f 708//4916 714//711 706//5237
f 706//4918 714//711 710//4919
f 715//4920 721//328 713//4921
f 713//5238 721//328 717//5239
f 716//4924 724//309 727//5240
f 727//4926 723//331 717//4927
f 702//5241 704//726 676//5029
f 704//5242 701//660 674//5243
f 709//4932 711//665 686//4933
f 686//5244 711//665 708//5245
f 716//4936 718//735 690//5246
f 718//5247 715//547 688//5248
f 722//4940 728//675 697//4941
f 728//5036 724//309 695//4943
f 680//438 708//438 702//438
f 696//297 689//297 681//297
f 674//548 701//548 722//548
f 688//547 715//547 709//547
f 695//309 724//309 716//309
f 710//331 717//331 723//331
f 729//4824 732//4825 733//4826
f 730//4827 734//4828 733//4829
f 731//4830 735//4831 733//4832
f 736//5249 739//5250 740//4835
f 737//4836 741//5251 740//4838
f 738//5252 742//4945 740//4841
f 743//4842 746//4843 747//4844
f 744//4946 748//4846 747//4847
f 745//4848 749//4849 747//4850
f 750//4851 753//4852 754//4853
f 751//5253 755//4855 754//4856
f 752//4857 756//5254 754//4859
f 757//4860 760//4861 761//4862
f 758//5255 762//4864 761//4865
f 759//4866 763//5256 761//4868
f 764//4949 767//4870 768//4871
f 765//4950 769//4873 768//4874
f 766//4875 770//4876 768//4877
f 771//4951 774//4879 775//4880
f 772//5257 776//5258 775//4883
f 773//4884 777//5259 775//4886
f 778//4952 781//4888 782//4889
f 779//4953 783//4891 782//4892
f 780//4893 784//4894 782//4895
f 731//4954 737//297 739//5260
f 739//4956 736//320 729//4957
f 750//4958 756//291 734//4959
f 756//4960 752//419 731//4961
f 752//4962 755//631 749//4963
f 749//4964 755//631 751//4965
f 745//5261 748//306 741//4967
f 748//4968 744//547 738//4969
f 779//5262 781//315 763//4971
f 781//4972 778//548 757//4973
f 758//4974 764//981 770//4975
f 770//5263 766//331 759//4977
f 771//4978 777//328 769//4979
f 777//5051 773//331 766//4981
f 780//4982 783//984 776//5264
f 776//4984 783//655 779//4985
f 758//5265 760//726 732//5266
f 760//5267 757//548 730//4989
f 765//4990 767//665 742//4991
f 767//4992 764//438 736//4993
f 772//5268 774//735 746//4995
f 774//4996 771//547 744//4997
f 778//4998 784//675 753//5269
f 784//5270 780//309 751//5001
f 736//438 764//438 758//438
f 752//297 745//297 737//297
f 730//548 757//548 778//548
f 744//547 771//547 765//547
f 751//309 780//309 772//309
f 766//331 773//331 779//331
f 785//4824 788//4825 789//4826
f 786//5002 790//4828 789//4829
f 787//4830 791//4831 789//4832
f 792//4833 795//4834 796//4835
f 793//4836 797//4837 796//4838
f 794//4944 798//4945 796//4841
f 799//4842 802//4843 803//4844
f 800//4946 804//4846 803//4847
f 801//4848 805//4849 803//4850
f 806//5004 809//5005 810//4853
f 807//4947 811//5228 810//4856
f 808//4857 812//4858 810//4859
f 813//4860 816//4861 817//4862
f 814//4948 818//4864 817//4865
f 815//4866 819//4867 817//4868
f 820//4949 823//4870 824//4871
f 821//4872 825//4873 824//4874
f 822//4875 826//4876 824//4877
f 827//4878 830//4879 831//4880
f 828//4881 832//5229 831//4883
f 829//4884 833//4885 831//4886
f 834//4887 837//4888 838//4889
f 835//4953 839//4891 838//4892
f 836//4893 840//4894 838//4895
f 787//5009 793//297 795//5010
f 795//5011 792//438 785//5012
f 806//5013 812//291 790//5014
f 790//5231 812//291 808//5232
f 808//5271 811//631 805//5016
f 805//5017 811//631 807//5018
f 801//4908 804//306 797//4909
f 797//5272 804//306 800//5273
f 835//4912 837//315 819//4913
f 819//5274 837//315 834//5275
f 814//5019 820//438 826//5020
f 826//5021 822//331 815//5022
f 827//5023 833//328 825//5024
f 825//5238 833//328 829//5239
f 836//5276 839//655 832//5277
f 832//5027 839//655 835//5278
f 814//4928 816//726 788//5029
f 816//5242 813//548 786//5243
f 821//4932 823//665 798//5031
f 823//4934 820//438 792//4935
f 828//4936 830//735 802//4937
f 830//5247 827//547 800//5248
f 834//4940 840//675 809//5035
f 840//5036 836//309 807//4943
f 792//438 820//438 814//438
f 808//297 801//297 793//297
f 786//548 813//548 834//548
f 800//547 827//547 821//547
f 807//309 836//309 828//309
f 822//331 829//331 835//331
f 841//4824 844//4825 845//4826
f 842//4827 846//4828 845//4829
f 843//4830 847//4831 845//4832
f 848//5249 851//4834 852//4835
f 849//4836 853//5251 852//4838
f 850//4944 854//4945 852//4841
f 855//4842 858//4843 859//4844
f 856//4946 860//4846 859//4847
f 857//4848 861//4849 859//4850
f 862//5279 865//4852 866//4853
f 863//5253 867//5280 866//4856
f 864//4857 868//5254 866//4859
f 869//5037 872//4861 873//4862
f 870//5255 874//5281 873//4865
f 871//4866 875//5256 873//4868
f 876//4949 879//4870 880//4871
f 877//4950 881//4873 880//4874
f 878//4875 882//4876 880//4877
f 883//4878 886//4879 887//4880
f 884//5257 888//4882 887//4883
f 885//4884 889//5259 887//4886
f 890//4952 893//4888 894//4889
f 891//4953 895//4891 894//4892
f 892//4893 896//4894 894//4895
f 849//5038 851//690 847//5039
f 847//5040 851//690 848//5041
f 842//5282 862//548 868//5283
f 868//5042 864//419 843//4961
f 857//5043 864//297 867//5284
f 867//5045 863//918 855//5046
f 857//5261 860//306 853//4967
f 860//4968 856//547 850//4969
f 891//5262 893//315 875//4971
f 893//4972 890//548 869//4973
f 876//5047 882//959 874//5285
f 874//5049 882//711 878//5050
f 883//4978 889//328 881//4979
f 889//5051 885//331 878//4981
f 884//5052 892//961 895//5053
f 895//5286 891//331 885//5055
f 870//5265 872//726 844//4987
f 872//4988 869//548 842//4989
f 877//4990 879//665 854//5287
f 879//5288 876//438 848//4993
f 884//5268 886//735 858//5289
f 886//5290 883//547 856//4997
f 890//4998 896//675 865//4999
f 896//5000 892//309 863//5001
f 848//438 876//438 870//438
f 864//297 857//297 849//297
f 842//548 869//548 890//548
f 856//547 883//547 877//547
f 863//309 892//309 884//309
f 878//331 885//331 891//331
f 900//4314 901//5056 903//4316
f 902//5057 901//4318 900//4319
f 899//4320 903//5058 901//5291
f 907//4323 908//5059 910//5060
f 909//5292 908//5061 907//4328
f 906//4329 910//4330 908//5293
f 911//4332 914//4333 915//5062
f 916//5294 915//5295 914//5064
f 913//5065 917//5296 915//5297
f 921//4341 922//4342 924//5068
f 923//4344 922//5069 921//5070
f 920//5071 924//5298 922//5299
f 925//4350 928//5300 929//4352
f 930//4353 929//5072 928//5301
f 927//5074 931//5075 929//5302
f 935//5077 936//5303 938//4361
f 933//4362 937//4363 936//4364
f 934//5304 938//4366 936//4367
f 942//5305 943//5306 945//4370
f 944//4371 943//4372 942//4373
f 941//4374 945//4375 943//5080
f 949//5081 950//5307 952//4379
f 947//4380 951//4381 950//4382
f 948//5082 952//5083 950//5084
f 956//5308 957//4387 959//4388
f 954//5085 958//4390 957//4391
f 959//4392 957//4393 958//5309
f 963//4395 964//4396 966//5310
f 965//4398 964//4399 963//4400
f 962//4401 966//5311 964//4403
f 970//5312 971//4405 973//4406
f 968//4407 972//4408 971//4409
f 969//4410 973//4411 971//4412
f 977//5093 978//4414 980//4415
f 979//5094 978//5095 977//5313
f 976//5314 980//5315 978//5097
f 984//5316 985//5317 987//4424
f 982//4425 986//4426 985//4427
f 983//4428 987//4429 985//4430
f 988//5318 991//5319 992//5320
f 993//5098 992//5321 991//5322
f 990//4437 994//4438 992//4439
f 998//5323 999//5324 1001//5102
f 1000//4443 999//5103 998//4445
f 997//4446 1001//5105 999//5106
f 1002//4449 1005//4450 1006//4451
f 1007//4452 1006//4453 1005//5325
f 1004//4455 1008//5107 1006//4457
f 1012//4458 1013//4459 1015//5326
f 1014//5327 1013//5110 1012//4463
f 1015//5328 1013//5329 1014//5330
f 1019//4467 1020//5331 1022//4469
f 1021//5332 1020//4471 1019//4472
f 1022//5333 1020//5334 1021//5114
f 1023//4476 1026//4477 1027//4478
f 1024//5116 1028//5117 1027//5118
f 1029//4482 1027//4483 1028//5335
f 1033//4485 1034//4486 1036//4487
f 1035//4488 1034//4489 1033//5336
f 1036//5337 1034//5338 1035//5125
f 1040//5339 1041//4495 1043//5340
f 1042//5341 1041//5342 1040//4499
f 1043//5343 1041//5130 1042//5344
f 1047//5345 1048//5346 1050//4505
f 1049//4506 1048//4507 1047//4508
f 1050//5347 1048//5348 1049//5349
f 1054//4512 1055//4513 1057//5350
f 1056//4515 1055//4516 1054//4517
f 1057//5141 1055//5351 1056//5143
f 1058//4521 1061//5144 1062//4523
f 1059//4524 1063//5352 1062//5353
f 1064//5354 1062//5355 1063//4529
f 1068//4530 1069//5147 1071//4532
f 1070//5356 1069//5357 1068//5149
f 1071//5358 1069//5359 1070//4538
f 1075//4539 1076//4540 1078//4541
f 1077//4542 1076//5360 1075//5361
f 1078//5362 1076//5363 1077//5364
f 1079//5365 1082//5366 1083//5367
f 1084//5368 1083//5369 1082//5370
f 1081//4554 1085//4555 1083//4556
f 1089//4557 1090//4558 1092//4559
f 1091//5371 1090//4561 1089//5372
f 1092//5373 1090//5374 1091//5375
f 1096//4566 1097//4567 1099//5376
f 1098//5377 1097//5378 1096//4571
f 1099//4572 1097//4573 1098//5379
f 1103//5380 1104//5165 1106//5166
f 1105//5167 1104//5168 1103//5381
f 1106//5170 1104//4582 1105//5382
f 1110//4584 1111//5383 1113//4586
f 1112//5384 1111//5385 1110//5386
f 1113//4590 1111//5387 1112//4592
f 1114//4593 1117//5388 1118//5389
f 1119//4596 1118//4597 1117//4598
f 1116//5390 1120//4600 1118//4601
f 953//4602 959//294 900//4603
f 959//4604 955//419 898//5391
f 904//4606 910//300 902//4607
f 910//5392 906//981 899//4609
f 961//5393 963//448 907//4611
f 963//5184 960//306 905//5185
f 954//5394 962//961 965//5395
f 965//5396 961//297 955//4617
f 1072//315 1078//314 1019//4618
f 1078//314 1074//317 1017//4619
f 1018//4620 1021//1080 1015//5397
f 1021//5398 1017//331 1009//4623
f 1066//326 1068//325 1012//4624
f 1068//325 1065//328 1010//4625
f 1074//4626 1077//334 1070//4627
f 1077//4628 1073//309 1067//5399
f 905//4630 911//5400 917//4632
f 909//5401 917//5402 913//4635
f 968//4636 970//345 914//4637
f 970//4638 967//478 912//4639
f 969//5403 972//5404 966//4642
f 972//4643 968//4644 960//5405
f 1079//354 1085//353 1026//4646
f 1085//353 1081//315 1024//4647
f 1018//5191 1025//4649 1028//4650
f 1022//4651 1028//4652 1024//4653
f 1081//4654 1084//4655 1075//5193
f 1084//5406 1080//4658 1073//5407
f 912//4660 918//4661 924//4662
f 916//5408 924//4664 920//5409
f 975//4666 977//509 921//5410
f 977//5194 974//328 919//5195
f 976//4670 979//4671 973//4672
f 979//4673 975//4674 967//4675
f 1086//889 1092//387 1033//4676
f 1092//387 1088//389 1031//4677
f 1025//4678 1032//4679 1035//4680
f 1029//4681 1035//4682 1031//4683
f 1088//5198 1091//4685 1082//4686
f 1091//5411 1087//4688 1080//5412
f 919//4690 925//4691 931//5199
f 923//4693 931//5413 927//5414
f 982//4696 984//325 928//4697
f 984//5200 981//326 926//5201
f 983//4700 986//4701 980//4702
f 986//4703 982//4704 974//4705
f 1093//419 1099//294 1040//4706
f 1099//294 1095//895 1038//4707
f 1032//4708 1039//1250 1042//4709
f 1036//4710 1042//5203 1038//4712
f 1095//5415 1098//4714 1089//4715
f 1098//4716 1094//892 1087//4717
f 932//5416 938//435 930//5204
f 938//5205 934//981 927//5206
f 989//4722 991//4723 935//4724
f 991//4725 988//315 933//4726
f 990//4727 993//5417 987//5418
f 993//5210 989//331 981//5211
f 1100//306 1106//448 1047//4731
f 1106//448 1102//303 1045//4732
f 1046//4733 1049//455 1043//5419
f 1049//4735 1045//297 1037//4736
f 1102//4737 1105//1434 1096//4738
f 1105//4739 1101//309 1094//4740
f 939//5420 945//4742 937//4743
f 945//4744 941//482 934//4746
f 996//4747 998//353 942//4748
f 998//4749 995//354 940//4750
f 990//4751 997//491 1000//5421
f 994//4753 1000//4754 996//5422
f 1107//478 1113//345 1054//4756
f 1113//345 1109//306 1052//5217
f 1053//4758 1056//5423 1050//5424
f 1056//5219 1052//4762 1044//4763
f 1100//4764 1109//4765 1112//5220
f 1103//4767 1112//5221 1108//4769
f 946//4770 952//5425 944//4772
f 952//5426 948//4774 941//4775
f 1003//4776 1005//387 949//4777
f 1005//4778 1002//291 947//4779
f 997//4780 1004//4781 1007//5427
f 1001//5428 1007//4784 1003//4785
f 1114//328 1120//509 1061//4786
f 1120//509 1116//377 1059//4787
f 1060//4788 1063//4789 1057//4790
f 1063//4791 1059//4792 1051//4793
f 1107//4794 1116//4795 1119//4796
f 1110//4797 1119//4798 1115//4799
f 948//5429 951//5430 903//4802
f 951//4803 947//5431 897//4805
f 953//4806 1002//5432 1008//4808
f 956//4809 1008//5433 1004//4811
f 1058//4812 1064//4813 1014//5226
f 1064//4815 1060//4816 1011//5434
f 1067//5435 1115//4819 1117//5436
f 1071//4821 1117//4822 1114//5437
f 1002//291 953//291 897//291
f 955//297 961//297 904//297
f 906//438 1018//438 1011//438
f 899//438 1011//438 1060//438
f 906//438 913//438 1025//438
f 960//306 968//306 911//306
f 913//438 920//438 1032//438
f 967//547 975//547 918//547
f 920//438 927//438 1039//438
f 974//328 982//328 925//328
f 934//438 1046//438 1039//438
f 981//331 989//331 932//331
f 941//438 1053//438 1046//438
f 988//315 996//315 939//315
f 948//438 1060//438 1053//438
f 995//548 1003//548 946//548
f 954//309 1067//309 1073//309
f 954//309 1004//309 1115//309
f 962//309 1073//309 1080//309
f 969//309 1080//309 1087//309
f 976//309 1087//309 1094//309
f 983//309 1094//309 1101//309
f 997//309 990//309 1101//309
f 1004//309 997//309 1108//309
f 1074//331 1066//331 1009//331
f 1065//328 1114//328 1058//328
f 1081//315 1072//315 1016//315
f 1088//548 1079//548 1023//548
f 1095//291 1086//291 1030//291
f 1102//297 1093//297 1037//297
f 1109//306 1100//306 1044//306
f 1116//547 1107//547 1051//547
f 1121//4824 1124//5438 1125//5439
f 1122//5440 1126//5441 1125//4829
f 1123//4830 1127//4831 1125//4832
f 1128//4833 1131//5442 1132//4835
f 1129//5443 1133//5444 1132//4838
f 1130//4839 1134//4840 1132//4841
f 1135//5445 1138//5446 1139//5447
f 1136//4845 1140//4846 1139//4847
f 1137//4848 1141//4849 1139//4850
f 1142//5279 1145//4852 1146//4853
f 1143//4947 1147//5228 1146//4856
f 1144//4857 1148//4858 1146//4859
f 1149//5037 1152//4861 1153//4862
f 1150//4948 1154//5448 1153//4865
f 1151//4866 1155//4867 1153//4868
f 1156//4949 1159//5449 1160//5450
f 1157//4872 1161//4873 1160//4874
f 1158//4875 1162//5451 1160//4877
f 1163//4878 1166//4879 1167//4880
f 1164//4881 1168//5229 1167//4883
f 1165//5230 1169//5452 1167//4886
f 1170//5453 1173//5454 1174//4889
f 1171//4890 1175//4891 1174//4892
f 1172//4893 1176//5455 1174//5456
f 1129//4896 1131//690 1127//4897
f 1127//4898 1131//1173 1128//5457
f 1142//4900 1148//291 1126//4901
f 1148//4902 1144//297 1123//4903
f 1137//4904 1144//297 1147//4905
f 1147//5458 1143//918 1135//5459
f 1137//4908 1140//306 1133//4909
f 1140//4910 1136//547 1130//4911
f 1171//4912 1173//315 1155//4913
f 1173//4914 1170//548 1149//4915
f 1156//5460 1162//1177 1154//5237
f 1154//4918 1162//711 1158//4919
f 1163//4920 1169//328 1161//4921
f 1169//4922 1165//331 1158//4923
f 1164//5461 1172//961 1175//5462
f 1175//4926 1171//331 1165//4927
f 1150//5241 1152//726 1124//5029
f 1152//5242 1149//660 1122//5243
f 1157//4932 1159//665 1134//4933
f 1159//4934 1156//438 1128//4935
f 1164//4936 1166//735 1138//4937
f 1166//5247 1163//547 1136//5248
f 1170//4940 1176//675 1145//4941
f 1176//5036 1172//309 1143//4943
f 1128//438 1156//438 1150//438
f 1144//297 1137//297 1129//297
f 1122//548 1149//548 1170//548
f 1136//547 1163//547 1157//547
f 1143//309 1172//309 1164//309
f 1158//331 1165//331 1171//331
f 1177//5463 1180//5464 1181//4826
f 1178//4827 1182//4828 1181//4829
f 1179//4830 1183//4831 1181//4832
f 1184//5249 1187//5250 1188//4835
f 1185//4836 1189//5251 1188//4838
f 1186//4944 1190//4945 1188//4841
f 1191//5465 1194//5466 1195//4844
f 1192//4946 1196//4846 1195//4847
f 1193//4848 1197//4849 1195//4850
f 1198//4851 1201//4852 1202//4853
f 1199//5253 1203//5280 1202//4856
f 1200//4857 1204//5254 1202//4859
f 1205//4860 1208//4861 1209//4862
f 1206//5255 1210//4864 1209//4865
f 1207//4866 1211//5256 1209//4868
f 1212//4869 1215//5467 1216//4871
f 1213//4950 1217//4873 1216//4874
f 1214//4875 1218//4876 1216//4877
f 1219//4878 1222//4879 1223//4880
f 1220//5257 1224//5258 1223//4883
f 1221//4884 1225//5259 1223//4886
f 1226//4952 1229//4888 1230//4889
f 1227//4953 1231//4891 1230//4892
f 1228//5008 1232//5468 1230//4895
f 1179//4954 1185//297 1187//4955
f 1187//5469 1184//438 1177//5470
f 1198//4958 1204//291 1182//4959
f 1204//4960 1200//297 1179//4961
f 1200//4962 1203//631 1197//4963
f 1197//5471 1203//631 1199//5472
f 1193//4966 1196//306 1189//4967
f 1196//4968 1192//547 1186//4969
f 1227//4970 1229//315 1211//4971
f 1229//4972 1226//548 1205//4973
f 1206//5473 1212//438 1218//5474
f 1218//4976 1214//331 1207//4977
f 1219//4978 1225//328 1217//4979
f 1225//4980 1221//326 1214//4981
f 1228//5475 1231//655 1224//5476
f 1224//4984 1231//655 1227//4985
f 1206//4986 1208//726 1180//4987
f 1208//4988 1205//548 1178//4989
f 1213//4990 1215//665 1190//4991
f 1215//4992 1212//438 1184//4993
f 1220//4994 1222//735 1194//4995
f 1222//4996 1219//547 1192//4997
f 1226//4998 1232//675 1201//4999
f 1232//5000 1228//309 1199//5001
f 1184//438 1212//438 1206//438
f 1200//297 1193//297 1185//297
f 1178//548 1205//548 1226//548
f 1192//547 1219//547 1213//547
f 1199//309 1228//309 1220//309
f 1214//331 1221//331 1227//331
f 1233//5477 1236//5478 1237//5439
f 1234//5002 1238//4828 1237//4829
f 1235//4830 1239//4831 1237//4832
f 1240//4833 1243//5442 1244//4835
f 1241//4836 1245//4837 1244//4838
f 1242//5252 1246//4945 1244//4841
f 1247//4842 1250//5479 1251//5447
f 1248//5480 1252//5481 1251//4847
f 1249//4848 1253//4849 1251//4850
f 1254//5004 1257//5005 1258//4853
f 1255//4947 1259//5228 1258//4856
f 1256//5482 1260//5483 1258//4859
f 1261//4860 1264//4861 1265//4862
f 1262//4948 1266//5448 1265//4865
f 1263//5484 1267//5485 1265//4868
f 1268//4949 1271//5449 1272//5450
f 1269//5486 1273//5487 1272//4874
f 1270//5006 1274//4876 1272//4877
f 1275//4951 1278//4879 1279//4880
f 1276//4881 1280//5229 1279//4883
f 1277//4884 1281//4885 1279//4886
f 1282//4887 1285//4888 1286//4889
f 1283//4953 1287//5488 1286//4892
f 1284//4893 1288//5455 1286//5456
f 1235//5009 1241//297 1243//5010
f 1243//5489 1240//320 1233//5490
f 1254//5013 1260//291 1238//5014
f 1260//4902 1256//297 1235//4903
f 1256//5015 1259//631 1253//5016
f 1253//5017 1259//1142 1255//5491
f 1249//4908 1252//306 1245//4909
f 1252//4910 1248//547 1242//4911
f 1283//4912 1285//315 1267//4913
f 1285//4914 1282//548 1261//4915
f 1262//5492 1268//981 1274//5493
f 1274//5021 1270//331 1263//5022
f 1275//5023 1281//328 1273//5024
f 1281//4922 1277//331 1270//4923
f 1284//5276 1287//1145 1280//5277
f 1280//5027 1287//655 1283//5028
f 1262//4928 1264//726 1236//5029
f 1264//5242 1261//548 1234//5243
f 1269//4932 1271//665 1246//5031
f 1271//4934 1268//438 1240//4935
f 1276//5494 1278//735 1250//4937
f 1278//5247 1275//767 1248//5248
f 1282//4940 1288//675 1257//5035
f 1288//5036 1284//309 1255//4943
f 1240//438 1268//438 1262//438
f 1256//297 1249//297 1241//297
f 1234//548 1261//548 1282//548
f 1248//547 1275//547 1269//547
f 1255//309 1284//309 1276//309
f 1270//331 1277//331 1283//331
f 1289//5463 1292//5464 1293//4826
f 1290//4827 1294//4828 1293//4829
f 1291//4830 1295//4831 1293//4832
f 1296//5249 1299//5250 1300//4835
f 1297//4836 1301//5251 1300//4838
f 1298//4944 1302//4945 1300//4841
f 1303//5465 1306//5466 1307//4844
f 1304//4946 1308//4846 1307//4847
f 1305//4848 1309//4849 1307//4850
f 1310//4851 1313//4852 1314//4853
f 1311//5253 1315//5280 1314//4856
f 1312//4857 1316//5254 1314//4859
f 1317//4860 1320//4861 1321//4862
f 1318//5255 1322//5281 1321//4865
f 1319//4866 1323//5256 1321//4868
f 1324//4869 1327//5467 1328//4871
f 1325//4950 1329//4873 1328//4874
f 1326//4875 1330//4876 1328//4877
f 1331//4878 1334//4879 1335//4880
f 1332//5257 1336//5258 1335//4883
f 1333//4884 1337//5259 1335//4886
f 1338//4952 1341//4888 1342//4889
f 1339//4953 1343//4891 1342//4892
f 1340//5008 1344//5468 1342//4895
f 1297//5038 1299//690 1295//5039
f 1295//5495 1299//690 1296//5496
f 1310//4958 1316//291 1294//4959
f 1316//4960 1312//297 1291//4961
f 1305//5043 1312//297 1315//5044
f 1315//5497 1311//309 1303//5498
f 1305//4966 1308//306 1301//4967
f 1308//4968 1304//547 1298//4969
f 1339//4970 1341//315 1323//4971
f 1341//4972 1338//548 1317//4973
f 1324//5499 1330//711 1322//5500
f 1322//5049 1330//711 1326//5050
f 1331//4978 1337//328 1329//4979
f 1337//5051 1333//326 1326//4981
f 1332//5501 1340//309 1343//5502
f 1343//5054 1339//331 1333//5055
f 1318//4986 1320//726 1292//4987
f 1320//4988 1317//548 1290//4989
f 1325//4990 1327//665 1302//4991
f 1327//4992 1324//438 1296//4993
f 1332//4994 1334//735 1306//4995
f 1334//4996 1331//547 1304//4997
f 1338//4998 1344//675 1313//4999
f 1344//5000 1340//309 1311//5001
f 1296//438 1324//438 1318//438
f 1312//297 1305//297 1297//297
f 1290//548 1317//548 1338//548
f 1304//547 1331//547 1325//547
f 1311//309 1340//309 1332//309
f 1326//331 1333//331 1339//331
f 1348//4314 1349//5056 1351//4316
f 1350//5057 1349//4318 1348//4319
f 1347//5503 1351//4321 1349//4322
f 1355//4323 1356//4324 1358//5504
f 1357//5292 1356//5505 1355//4328
f 1354//4329 1358//4330 1356//5293
f 1359//5506 1362//4333 1363//4334
f 1364//4335 1363//5295 1362//5064
f 1361//5065 1365//5507 1363//5508
f 1369//4341 1370//4342 1372//5068
f 1371//4344 1370//4345 1369//4346
f 1368//4347 1372//5298 1370//5299
f 1373//4350 1376//4351 1377//4352
f 1378//5509 1377//4354 1376//5073
f 1375//5510 1379//5511 1377//4358
f 1383//5512 1384//4360 1386//4361
f 1381//4362 1385//4363 1384//4364
f 1382//4365 1386//4366 1384//4367
f 1390//5079 1391//4369 1393//4370
f 1392//5513 1391//4372 1390//4373
f 1389//4374 1393//4375 1391//5514
f 1397//5081 1398//4378 1400//5515
f 1395//4380 1399//4381 1398//4382
f 1396//5082 1400//5516 1398//5517
f 1404//5308 1405//5518 1407//4388
f 1402//4389 1406//4390 1405//5519
f 1407//4392 1405//4393 1406//5309
f 1411//4395 1412//5520 1414//4397
f 1413//4398 1412//4399 1411//4400
f 1410//5521 1414//5311 1412//4403
f 1418//5312 1419//4405 1421//4406
f 1416//5522 1420//5523 1419//5091
f 1417//5524 1421//5525 1419//5526
f 1425//5093 1426//4414 1428//4415
f 1427//4416 1426//4417 1425//4418
f 1424//4419 1428//5527 1426//5097
f 1432//5528 1433//5317 1435//4424
f 1430//4425 1434//4426 1433//4427
f 1431//4428 1435//4429 1433//4430
f 1436//4431 1439//4432 1440//5320
f 1441//5098 1440//4435 1439//5100
f 1438//4437 1442//5101 1440//5529
f 1446//4440 1447//5530 1449//4442
f 1448//4443 1447//4444 1446//4445
f 1445//4446 1449//5531 1447//5532
f 1450//4449 1453//4450 1454//4451
f 1455//4452 1454//4453 1453//5325
f 1452//5533 1456//5534 1454//5535
f 1460//4458 1461//4459 1463//5326
f 1462//5536 1461//4462 1460//4463
f 1463//5328 1461//5537 1462//5330
f 1467//4467 1468//5331 1470//4469
f 1469//5538 1468//4471 1467//5539
f 1470//5333 1468//5540 1469//5114
f 1471//4476 1474//4477 1475//4478
f 1472//4479 1476//5541 1475//4481
f 1477//5542 1475//5543 1476//5335
f 1481//4485 1482//4486 1484//4487
f 1483//4488 1482//4489 1481//5336
f 1484//5123 1482//5338 1483//5125
f 1488//5544 1489//5545 1491//5340
f 1490//5341 1489//5546 1488//4499
f 1491//5547 1489//5548 1490//5549
f 1495//5550 1496//5551 1498//4505
f 1497//5552 1496//4507 1495//5553
f 1498//5554 1496//5555 1497//4511
f 1502//5556 1503//5557 1505//5350
f 1504//5558 1503//4516 1502//4517
f 1505//5141 1503//5142 1504//5143
f 1506//4521 1509//5559 1510//4523
f 1507//4524 1511//5145 1510//4526
f 1512//5560 1510//5561 1511//5562
f 1516//5563 1517//5147 1519//5564
f 1518//5148 1517//4534 1516//5149
f 1519//4536 1517//4537 1518//5151
f 1523//4539 1524//4540 1526//5565
f 1525//5566 1524//5567 1523//5568
f 1526//5362 1524//5569 1525//5364
f 1527//4548 1530//5155 1531//4550
f 1532//5570 1531//5369 1530//5571
f 1529//4554 1533//4555 1531//4556
f 1537//4557 1538//4558 1540//4559
f 1539//5572 1538//4561 1537//5573
f 1540//5574 1538//4564 1539//5375
f 1544//5575 1545//4567 1547//5376
f 1546//5576 1545//5577 1544//5578
f 1547//4572 1545//5579 1546//4574
f 1551//4575 1552//5580 1554//4577
f 1553//5167 1552//5581 1551//5381
f 1554//5582 1552//4582 1553//4583
f 1558//4584 1559//5583 1561//5584
f 1560//5384 1559//5585 1558//5386
f 1561//4590 1559//4591 1560//4592
f 1562//4593 1565//5177 1566//5586
f 1567//5587 1566//5588 1565//5589
f 1564//4599 1568//4600 1566//4601
f 1401//4602 1407//294 1348//4603
f 1407//4604 1403//419 1346//5391
f 1352//4606 1358//300 1350//4607
f 1350//5590 1358//2843 1354//5591
f 1409//5393 1411//448 1355//4611
f 1411//5184 1408//306 1353//5185
f 1402//5394 1410//961 1413//5395
f 1413//5396 1409//297 1403//4617
f 1520//315 1526//314 1467//4618
f 1526//314 1522//317 1465//4619
f 1466//4620 1469//1080 1463//5397
f 1469//5398 1465//331 1457//4623
f 1514//326 1516//325 1460//4624
f 1516//325 1513//328 1458//4625
f 1522//4626 1525//334 1518//4627
f 1525//5592 1521//918 1515//5399
f 1353//4630 1359//4631 1365//4632
f 1357//4633 1365//5402 1361//4635
f 1416//4636 1418//345 1362//4637
f 1418//4638 1415//478 1360//4639
f 1417//4640 1420//5593 1414//4642
f 1420//5594 1416//5190 1408//5405
f 1527//354 1533//353 1474//4646
f 1533//353 1529//315 1472//4647
f 1466//5191 1473//4649 1476//4650
f 1470//5192 1476//4652 1472//4653
f 1529//4654 1532//4655 1523//5193
f 1532//5595 1528//4658 1521//4659
f 1360//4660 1366//4661 1372//4662
f 1364//5596 1372//4664 1368//5409
f 1423//4666 1425//509 1369//5410
f 1425//5194 1422//328 1367//5195
f 1424//4670 1427//4671 1421//4672
f 1427//4673 1423//4674 1415//4675
f 1534//889 1540//387 1481//4676
f 1540//387 1536//389 1479//4677
f 1473//4678 1480//4679 1483//4680
f 1477//4681 1483//4682 1479//4683
f 1536//4684 1539//4685 1530//4686
f 1539//4687 1535//4688 1528//4689
f 1367//4690 1373//4691 1379//5199
f 1371//4693 1379//5413 1375//5414
f 1430//4696 1432//325 1376//4697
f 1432//5200 1429//326 1374//5201
f 1431//4700 1434//4701 1428//4702
f 1434//5597 1430//4704 1422//4705
f 1541//419 1547//294 1488//4706
f 1488//5202 1547//294 1543//291
f 1480//4708 1487//1250 1490//4709
f 1484//4710 1490//4711 1486//5598
f 1543//5415 1546//4714 1537//4715
f 1546//4716 1542//892 1535//4717
f 1380//4730 1386//435 1378//5599
f 1386//5205 1382//438 1375//5206
f 1437//4722 1439//4723 1383//4724
f 1439//4725 1436//315 1381//4726
f 1438//4727 1441//5417 1435//5418
f 1441//5210 1437//331 1429//5211
f 1492//5600 1548//449 1554//448
f 1554//448 1550//303 1493//4732
f 1494//4733 1497//915 1491//5601
f 1497//5602 1493//297 1485//5603
f 1550//5604 1553//5605 1544//4738
f 1553//4739 1549//918 1542//5606
f 1387//5420 1393//4742 1385//4743
f 1393//4744 1389//4745 1382//5607
f 1444//4747 1446//353 1390//4748
f 1446//4749 1443//354 1388//4750
f 1438//4751 1445//491 1448//4752
f 1442//4753 1448//4754 1444//5216
f 1555//478 1561//345 1502//4756
f 1561//345 1557//306 1500//5217
f 1501//4758 1504//4759 1498//5608
f 1504//5219 1500//4762 1492//4763
f 1548//4764 1557//4765 1560//5220
f 1551//4767 1560//4768 1556//4769
f 1394//4770 1400//4771 1392//4772
f 1400//5426 1396//4774 1389//4775
f 1451//4776 1453//387 1397//4777
f 1453//4778 1450//291 1395//4779
f 1445//4780 1452//4781 1455//5427
f 1449//5428 1455//4784 1451//4785
f 1562//328 1568//509 1509//4786
f 1568//509 1564//377 1507//4787
f 1508//4788 1511//4789 1505//4790
f 1511//4791 1507//4792 1499//4793
f 1555//4794 1564//4795 1567//4796
f 1558//4797 1567//4798 1563//4799
f 1396//5429 1399//5430 1351//4802
f 1399//4803 1395//5431 1345//4805
f 1401//4806 1450//4807 1456//4808
f 1404//4809 1456//5433 1452//4811
f 1506//4812 1512//4813 1462//5226
f 1512//5609 1508//4816 1459//4817
f 1515//5610 1563//4819 1565//4820
f 1519//5611 1565//4822 1562//5612
f 1450//291 1401//291 1345//291
f 1403//297 1409//297 1352//297
f 1354//438 1466//438 1459//438
f 1347//438 1459//438 1508//438
f 1354//438 1361//438 1473//438
f 1408//306 1416//306 1359//306
f 1361//438 1368//438 1480//438
f 1415//547 1423//547 1366//547
f 1368//438 1375//438 1487//438
f 1422//328 1430//328 1373//328
f 1382//438 1494//438 1487//438
f 1429//331 1437//331 1380//331
f 1389//438 1501//438 1494//438
f 1436//315 1444//315 1387//315
f 1396//438 1508//438 1501//438
f 1443//548 1451//548 1394//548
f 1402//309 1515//309 1521//309
f 1402//309 1452//309 1563//309
f 1410//309 1521//309 1528//309
f 1417//309 1528//309 1535//309
f 1424//309 1535//309 1542//309
f 1431//309 1542//309 1549//309
f 1445//309 1438//309 1549//309
f 1452//309 1445//309 1556//309
f 1522//331 1514//331 1457//331
f 1513//328 1562//328 1506//328
f 1529//315 1520//315 1464//315
f 1536//548 1527//548 1471//548
f 1486//291 1543//291 1534//291
f 1550//297 1541//297 1485//297
f 1500//306 1557//306 1548//306
f 1564//547 1555//547 1499//547
f 1569//4824 1572//4825 1573//5613
f 1570//4827 1574//5227 1573//4829
f 1571//4830 1575//4831 1573//4832
f 1576//5249 1579//5250 1580//4835
f 1577//5443 1581//4837 1580//4838
f 1578//4839 1582//4840 1580//4841
f 1583//4842 1586//4843 1587//5614
f 1584//5615 1588//5481 1587//4847
f 1585//5616 1589//5617 1587//4850
f 1590//4851 1593//4852 1594//4853
f 1591//4947 1595//5228 1594//4856
f 1592//4857 1596//5254 1594//4859
f 1597//4860 1600//4861 1601//4862
f 1598//4948 1602//5448 1601//4865
f 1599//5618 1603//5256 1601//4868
f 1604//4949 1607//4870 1608//5619
f 1605//4872 1609//5620 1608//4874
f 1606//5006 1610//5451 1608//4877
f 1611//4951 1614//4879 1615//4880
f 1612//5257 1616//5258 1615//4883
f 1613//5230 1617//5452 1615//4886
f 1618//4887 1621//4888 1622//4889
f 1619//4953 1623//4891 1622//4892
f 1620//4893 1624//4894 1622//5621
f 1577//4896 1579//690 1575//4897
f 1575//4898 1579//690 1576//4899
f 1590//4900 1596//291 1574//4901
f 1596//4902 1592//297 1571//4903
f 1585//4904 1592//1277 1595//4905
f 1595//4906 1591//918 1583//4907
f 1585//4908 1588//306 1581//4909
f 1588//4910 1584//547 1578//4911
f 1619//4912 1621//315 1603//4913
f 1621//4914 1618//548 1597//4915
f 1604//4916 1610//711 1602//5237
f 1602//4918 1610//711 1606//4919
f 1611//4920 1617//328 1609//4921
f 1617//4922 1613//331 1606//4923
f 1612//4924 1620//961 1623//4925
f 1623//4926 1619//331 1613//4927
f 1598//5241 1600//726 1572//5029
f 1600//5242 1597//660 1570//5243
f 1605//4932 1607//665 1582//4933
f 1607//4934 1604//438 1576//4935
f 1612//4936 1614//735 1586//4937
f 1614//5247 1611//547 1584//5248
f 1618//4940 1624//675 1593//4941
f 1624//5036 1620//309 1591//4943
f 1576//438 1604//438 1598//438
f 1592//297 1585//297 1577//297
f 1570//548 1597//548 1618//548
f 1584//547 1611//547 1605//547
f 1591//309 1620//309 1612//309
f 1606//331 1613//331 1619//331
f 1625//5463 1628//5464 1629//4826
f 1626//5440 1630//5441 1629//4829
f 1627//4830 1631//4831 1629//4832
f 1632//5249 1635//5250 1636//4835
f 1633//4836 1637//5251 1636//4838
f 1634//4944 1638//4945 1636//4841
f 1639//5465 1642//5466 1643//4844
f 1640//4946 1644//5622 1643//4847
f 1641//4848 1645//4849 1643//4850
f 1646//4851 1649//4852 1650//4853
f 1647//5253 1651//5280 1650//4856
f 1648//4857 1652//5254 1650//4859
f 1653//4860 1656//4861 1657//4862
f 1654//5255 1658//4864 1657//4865
f 1655//4866 1659//5256 1657//4868
f 1660//4869 1663//5467 1664//4871
f 1661//4950 1665//5620 1664//4874
f 1662//4875 1666//4876 1664//4877
f 1667//4878 1670//4879 1671//4880
f 1668//5257 1672//5258 1671//4883
f 1669//4884 1673//5259 1671//4886
f 1674//5623 1677//5454 1678//4889
f 1675//4953 1679//4891 1678//4892
f 1676//5008 1680//5468 1678//4895
f 1627//4954 1633//297 1635//4955
f 1635//4956 1632//438 1625//4957
f 1646//4958 1652//291 1630//4959
f 1652//4960 1648//297 1627//4961
f 1648//4962 1651//631 1645//4963
f 1645//4964 1651//631 1647//4965
f 1641//4966 1644//306 1637//4967
f 1644//4968 1640//547 1634//4969
f 1675//4970 1677//315 1659//4971
f 1677//4972 1674//548 1653//4973
f 1654//4974 1660//438 1666//4975
f 1666//4976 1662//331 1655//4977
f 1667//4978 1673//328 1665//4979
f 1673//4980 1669//326 1662//4981
f 1676//4982 1679//655 1672//4983
f 1672//4984 1679//655 1675//4985
f 1654//4986 1656//726 1628//4987
f 1656//4988 1653//548 1626//4989
f 1661//4990 1663//665 1638//4991
f 1663//4992 1660//438 1632//4993
f 1668//4994 1670//735 1642//4995
f 1670//4996 1667//547 1640//4997
f 1674//4998 1680//675 1649//4999
f 1680//5000 1676//309 1647//5001
f 1632//438 1660//438 1654//438
f 1648//297 1641//297 1633//297
f 1626//548 1653//548 1674//548
f 1640//547 1667//547 1661//547
f 1647//309 1676//309 1668//309
f 1662//331 1669//331 1675//331
f 1681//4824 1684//4825 1685//5613
f 1682//5002 1686//5227 1685//4829
f 1683//5624 1687//5625 1685//4832
f 1688//4833 1691//5442 1692//4835
f 1689//4836 1693//5251 1692//4838
f 1690//4944 1694//4945 1692//4841
f 1695//4842 1698//4843 1699//5614
f 1696//4946 1700//5622 1699//4847
f 1697//4848 1701//4849 1699//4850
f 1702//5626 1705//5627 1706//4853
f 1703//5253 1707//5280 1706//4856
f 1704//5482 1708//4858 1706//4859
f 1709//4860 1712//4861 1713//4862
f 1710//5255 1714//5281 1713//4865
f 1711//5484 1715//5485 1713//4868
f 1716//4949 1719//4870 1720//5619
f 1717//4872 1721//4873 1720//4874
f 1718//4875 1722//4876 1720//4877
f 1723//4878 1726//4879 1727//4880
f 1724//4881 1728//5229 1727//4883
f 1725//5628 1729//5259 1727//4886
f 1730//5453 1733//5454 1734//4889
f 1731//4890 1735//5488 1734//4892
f 1732//4893 1736//4894 1734//5621
f 1683//5009 1689//1268 1691//5010
f 1691//5011 1688//320 1681//5012
f 1702//5013 1708//291 1686//5014
f 1708//4902 1704//297 1683//4903
f 1704//5015 1707//631 1701//5016
f 1701//5017 1707//631 1703//5018
f 1697//4908 1700//306 1693//4909
f 1700//4910 1696//547 1690//4911
f 1731//4912 1733//315 1715//4913
f 1733//4914 1730//548 1709//4915
f 1710//5019 1716//981 1722//5020
f 1722//5021 1718//331 1711//5022
f 1723//4920 1729//328 1721//5024
f 1729//4922 1725//331 1718//4923
f 1732//5025 1735//655 1728//5277
f 1728//5027 1735//655 1731//5028
f 1710//4928 1712//726 1684//5029
f 1712//5242 1709//548 1682//5243
f 1717//4932 1719//665 1694//5031
f 1719//4934 1716//438 1688//4935
f 1724//5494 1726//735 1698//4937
f 1726//5247 1723//767 1696//5248
f 1730//4940 1736//675 1705//5035
f 1736//5036 1732//309 1703//4943
f 1688//438 1716//438 1710//438
f 1704//297 1697//297 1689//297
f 1682//548 1709//548 1730//548
f 1696//547 1723//547 1717//547
f 1703//309 1732//309 1724//309
f 1718//331 1725//331 1731//331
f 1737//5463 1740//5464 1741//4826
f 1738//4827 1742//5227 1741//4829
f 1739//4830 1743//4831 1741//4832
f 1744//5249 1747//5250 1748//4835
f 1745//4836 1749//5251 1748//4838
f 1746//4944 1750//4945 1748//4841
f 1751//5465 1754//5466 1755//4844
f 1752//5480 1756//5481 1755//4847
f 1753//4848 1757//4849 1755//4850
f 1758//4851 1761//4852 1762//4853
f 1759//5253 1763//5280 1762//4856
f 1760//4857 1764//5254 1762//4859
f 1765//4860 1768//4861 1769//4862
f 1766//5255 1770//5281 1769//4865
f 1767//4866 1771//5256 1769//4868
f 1772//4869 1775//5467 1776//4871
f 1773//5629 1777//5487 1776//4874
f 1774//4875 1778//4876 1776//4877
f 1779//4878 1782//4879 1783//4880
f 1780//5257 1784//5258 1783//4883
f 1781//4884 1785//5259 1783//4886
f 1786//4952 1789//5630 1790//4889
f 1787//4953 1791//4891 1790//4892
f 1788//5008 1792//5468 1790//4895
f 1745//5038 1747//690 1743//5039
f 1743//5495 1747//690 1744//5041
f 1758//4958 1764//291 1742//4959
f 1764//4960 1760//297 1739//4961
f 1753//5043 1760//297 1763//5044
f 1763//5045 1759//309 1751//5046
f 1753//4966 1756//306 1749//4967
f 1756//4968 1752//547 1746//4969
f 1787//4970 1789//315 1771//4971
f 1789//4972 1786//548 1765//4973
f 1772//5499 1778//711 1770//5500
f 1770//5049 1778//711 1774//5050
f 1779//4978 1785//328 1777//4979
f 1785//5051 1781//326 1774//4981
f 1780//5052 1788//309 1791//5053
f 1791//5054 1787//331 1781//5055
f 1766//4986 1768//726 1740//4987
f 1768//4988 1765//548 1738//4989
f 1773//4990 1775//665 1750//4991
f 1775//4992 1772//438 1744//4993
f 1780//4994 1782//735 1754//4995
f 1782//4996 1779//547 1752//4997
f 1786//4998 1792//675 1761//4999
f 1792//5000 1788//309 1759//5001
f 1744//438 1772//438 1766//438
f 1760//297 1753//297 1745//297
f 1738//548 1765//548 1786//548
f 1752//547 1779//547 1773//547
f 1759//309 1788//309 1780//309
f 1774//331 1781//331 1787//331
f 1796//4314 1797//4315 1799//5631
f 1798//5632 1797//5633 1796//4319
f 1795//5634 1799//4321 1797//5635
f 1803//4323 1804//4324 1806//5504
f 1805//5636 1804//4327 1803//4328
f 1802//4329 1806//4330 1804//5637
f 1807//5506 1810//5638 1811//5639
f 1812//4335 1811//4336 1810//4337
f 1809//4338 1813//5640 1811//5641
f 1817//5642 1818//5643 1820//5068
f 1819//5644 1818//5069 1817//5070
f 1816//5071 1820//5645 1818//4349
f 1821//4350 1824//4351 1825//4352
f 1826//5509 1825//4354 1824//5646
f 1823//5510 1827//4357 1825//4358
f 1831//5647 1832//4360 1834//4361
f 1829//5648 1833//5078 1832//5649
f 1830//4365 1834//4366 1832//5650
f 1838//5079 1839//4369 1841//4370
f 1840//4371 1839//4372 1838//4373
f 1837//5651 1841//4375 1839//4376
f 1845//4377 1846//4378 1848//4379
f 1843//4380 1847//4381 1846//4382
f 1844//5652 1848//5083 1846//5084
f 1852//5653 1853//4387 1855//4388
f 1850//5654 1854//5655 1853//5656
f 1855//4392 1853//5657 1854//5086
f 1859//4395 1860//4396 1862//5310
f 1861//5088 1860//5658 1859//4400
f 1858//5659 1862//5311 1860//5660
f 1866//5661 1867//4405 1869//4406
f 1864//4407 1868//5662 1867//5091
f 1865//4410 1869//4411 1867//5663
f 1873//5664 1874//4414 1876//4415
f 1875//5094 1874//5665 1873//5313
f 1872//5096 1876//4420 1874//5666
f 1880//5667 1881//5317 1883//5668
f 1878//4425 1882//4426 1881//5669
f 1879//5670 1883//5671 1881//5672
f 1884//4431 1887//4432 1888//5673
f 1889//5098 1888//5099 1887//5674
f 1886//4437 1890//4438 1888//4439
f 1894//4440 1895//5675 1897//5102
f 1896//4443 1895//5103 1894//5676
f 1893//4446 1897//4447 1895//4448
f 1898//4449 1901//4450 1902//4451
f 1903//5677 1902//5678 1901//5679
f 1900//5680 1904//5107 1902//4457
f 1908//4458 1909//4459 1911//5681
f 1910//5682 1909//4462 1908//5683
f 1911//5684 1909//5685 1910//5686
f 1915//5687 1916//5331 1918//5688
f 1917//4470 1916//5689 1915//4472
f 1918//5690 1916//5691 1917//5692
f 1919//4476 1922//4477 1923//5693
f 1920//5694 1924//5695 1923//5696
f 1925//5697 1923//5698 1924//4484
f 1929//4485 1930//5699 1932//5700
f 1931//5701 1930//5702 1929//5703
f 1932//4491 1930//5704 1931//5705
f 1936//4494 1937//5706 1939//5707
f 1938//4497 1937//5342 1936//5708
f 1939//5709 1937//5710 1938//5711
f 1943//5712 1944//5713 1946//4505
f 1945//5133 1944//5714 1943//5715
f 1946//5716 1944//5717 1945//4511
f 1950//5718 1951//4513 1953//4514
f 1952//5139 1951//4516 1950//4517
f 1953//5719 1951//5720 1952//4520
f 1954//4521 1957//5144 1958//4523
f 1955//4524 1959//5721 1958//5353
f 1960//4527 1958//5722 1959//5723
f 1964//5724 1965//5147 1967//5564
f 1966//5148 1965//4534 1964//5725
f 1967//5150 1965//5726 1966//5727
f 1971//5728 1972//4540 1974//5729
f 1973//5730 1972//5731 1971//5361
f 1974//5732 1972//4546 1973//5154
f 1975//5365 1978//5366 1979//5156
f 1980//5368 1979//5733 1978//5734
f 1977//4554 1981//5735 1979//4556
f 1985//5736 1986//4558 1988//4559
f 1987//5737 1986//5738 1985//5739
f 1988//5160 1986//5161 1987//4565
f 1992//4566 1993//4567 1995//5376
f 1994//5740 1993//5741 1992//5742
f 1995//4572 1993//4573 1994//4574
f 1999//5380 2000//5165 2002//5743
f 2001//5744 2000//5168 1999//5169
f 2002//5582 2000//5745 2001//5382
f 2006//5746 2007//5747 2009//5748
f 2008//5749 2007//5750 2006//5751
f 2009//4590 2007//5387 2008//4592
f 2010//5752 2013//5753 2014//5754
f 2015//5755 2014//5756 2013//5757
f 2012//5390 2016//4600 2014//5758
f 1849//4602 1855//294 1796//4603
f 1855//4604 1851//419 1794//5391
f 1800//4606 1806//2843 1798//4607
f 1806//4608 1802//438 1795//5759
f 1857//5393 1859//448 1803//4611
f 1859//5184 1856//306 1801//5185
f 1858//5760 1861//5761 1854//5762
f 1861//5396 1857//297 1851//4617
f 1968//315 1974//314 1915//4618
f 1974//314 1970//317 1913//4619
f 1907//5763 1914//2280 1917//5764
f 1917//4622 1913//331 1905//4623
f 1962//326 1964//325 1908//4624
f 1964//325 1961//328 1906//4625
f 1970//4626 1973//2470 1966//4627
f 1973//5765 1969//1401 1963//5399
f 1801//4630 1807//5766 1813//5767
f 1805//4633 1813//5187 1809//5768
f 1864//4636 1866//345 1810//5769
f 1866//4638 1863//478 1808//4639
f 1865//5403 1868//5404 1862//5770
f 1868//4643 1864//4644 1856//4645
f 1975//354 1981//353 1922//4646
f 1981//353 1977//315 1920//4647
f 1914//5191 1921//4649 1924//5771
f 1918//5772 1924//4652 1920//5773
f 1977//5774 1980//4655 1971//4656
f 1980//4657 1976//4658 1969//4659
f 1808//4660 1814//4661 1820//4662
f 1812//4663 1820//4664 1816//5409
f 1871//4666 1873//509 1817//4667
f 1873//5194 1870//328 1815//5195
f 1872//4670 1875//5775 1869//4672
f 1875//4673 1871//4674 1863//4675
f 1982//291 1988//387 1929//4676
f 1988//387 1984//389 1927//4677
f 1921//5776 1928//5197 1931//4680
f 1925//5777 1931//4682 1927//5778
f 1984//5198 1987//4685 1978//4686
f 1987//4687 1983//5779 1976//4689
f 1815//5780 1821//4691 1827//5781
f 1819//5782 1827//4694 1823//5414
f 1878//4696 1880//325 1824//4697
f 1880//5200 1877//326 1822//5201
f 1879//4700 1882//5783 1876//5784
f 1882//4703 1878//4704 1870//4705
f 1989//419 1995//294 1936//4706
f 1995//294 1991//895 1934//4707
f 1928//4708 1935//407 1938//4709
f 1932//4710 1938//4711 1934//4712
f 1991//4713 1994//5785 1985//4715
f 1994//4716 1990//892 1983//4717
f 1828//5786 1834//3138 1826//5787
f 1834//5205 1830//981 1823//5788
f 1885//5207 1887//314 1831//4724
f 1887//4725 1884//315 1829//4726
f 1886//4727 1889//910 1883//4728
f 1889//5210 1885//331 1877//5211
f 1996//306 2002//448 1943//4731
f 2002//448 1998//303 1941//4732
f 1942//1402 1945//914 1939//4734
f 1945//5602 1941//297 1933//5603
f 1998//4737 2001//1434 1992//4738
f 2001//4739 1997//309 1990//4740
f 1835//5789 1841//4742 1833//5790
f 1841//5791 1837//2663 1830//5792
f 1892//4747 1894//353 1838//4748
f 1894//4749 1891//354 1836//4750
f 1886//4751 1893//491 1896//5421
f 1890//4753 1896//4754 1892//4755
f 2003//478 2009//345 1950//4756
f 2009//345 2005//920 1948//5217
f 1949//5218 1952//5423 1946//5793
f 1952//4761 1948//5794 1940//4763
f 1996//4764 2005//4765 2008//5220
f 1999//5795 2008//5221 2004//4769
f 1842//4770 1848//4771 1840//4772
f 1848//5426 1844//4774 1837//4775
f 1899//4776 1901//387 1845//4777
f 1901//4778 1898//291 1843//4779
f 1893//4780 1900//4781 1903//4782
f 1897//5428 1903//4784 1899//4785
f 2010//4276 2016//509 1957//4786
f 2016//509 2012//377 1955//4787
f 1956//4788 1959//4789 1953//4790
f 1959//4791 1955//4792 1947//4793
f 2003//4794 2012//4795 2015//4796
f 2006//4797 2015//4798 2011//4799
f 1844//4800 1847//4801 1799//4802
f 1847//4803 1843//4804 1793//4805
f 1849//4806 1898//5796 1904//5797
f 1852//4809 1904//5224 1900//5798
f 1954//4812 1960//5799 1910//4814
f 1960//4815 1956//5800 1907//4817
f 1963//5610 2011//4819 2013//4820
f 1967//4821 2013//5801 2010//5802
f 1898//291 1849//291 1793//291
f 1851//297 1857//297 1800//297
f 1802//438 1914//438 1907//438
f 1795//438 1907//438 1956//438
f 1802//438 1809//438 1921//438
f 1856//306 1864//306 1807//306
f 1809//438 1816//438 1928//438
f 1863//547 1871//547 1814//547
f 1816//438 1823//438 1935//438
f 1870//328 1878//328 1821//328
f 1830//438 1942//438 1935//438
f 1877//331 1885//331 1828//331
f 1837//438 1949//438 1942//438
f 1884//315 1892//315 1835//315
f 1844//438 1956//438 1949//438
f 1891//548 1899//548 1842//548
f 1850//309 1963//309 1969//309
f 1850//309 1900//309 2011//309
f 1858//309 1969//309 1976//309
f 1865//309 1976//309 1983//309
f 1872//309 1983//309 1990//309
f 1879//309 1990//309 1997//309
f 1893//309 1886//309 1997//309
f 1900//309 1893//309 2004//309
f 1970//331 1962//331 1905//331
f 1961//328 2010//328 1954//328
f 1977//315 1968//315 1912//315
f 1984//548 1975//548 1919//548
f 1991//291 1982//291 1926//291
f 1998//297 1989//297 1933//297
f 2005//306 1996//306 1940//306
f 2012//547 2003//547 1947//547
f 2017//5463 2020//5464 2021//4826
f 2018//4827 2022//5227 2021//4829
f 2019//5624 2023//5625 2021//4832
f 2024//4833 2027//5442 2028//5803
f 2025//5804 2029//5251 2028//4838
f 2026//4839 2030//4840 2028//4841
f 2031//5805 2034//5479 2035//5447
f 2032//5615 2036//5481 2035//4847
f 2033//5616 2037//5617 2035//4850
f 2038//4851 2041//4852 2042//4853
f 2039//5806 2043//5807 2042//5808
f 2040//5482 2044//4858 2042//4859
f 2045//4860 2048//4861 2049//5809
f 2046//5810 2050//5811 2049//5812
f 2047//5484 2051//5485 2049//4868
f 2052//4949 2055//5449 2056//5619
f 2053//5486 2057//5487 2056//4874
f 2054//5006 2058//5451 2056//5813
f 2059//4878 2062//4879 2063//5814
f 2060//4881 2064//5229 2063//5815
f 2061//5628 2065//5259 2063//4886
f 2066//4887 2069//4888 2070//4889
f 2067//4890 2071//5488 2070//4892
f 2068//4893 2072//5468 2070//4895
f 2025//5816 2027//1538 2023//4897
f 2023//5817 2027//690 2024//5457
f 2038//4900 2044//291 2022//4901
f 2044//4902 2040//297 2019//4903
f 2033//5818 2040//1277 2043//4905
f 2043//4906 2039//309 2031//4907
f 2033//4908 2036//306 2029//4909
f 2036//4910 2032//547 2026//4911
f 2067//4912 2069//315 2051//4913
f 2069//4914 2066//548 2045//4915
f 2052//5460 2058//711 2050//4917
f 2050//4918 2058//1541 2054//5819
f 2059//4920 2065//328 2057//4921
f 2065//4922 2061//331 2054//4923
f 2060//4924 2068//309 2071//4925
f 2071//4926 2067//1406 2061//5820
f 2046//4928 2048//726 2020//5029
f 2048//5242 2045//660 2018//5243
f 2053//4932 2055//665 2030//4933
f 2055//4934 2052//438 2024//5821
f 2060//5822 2062//735 2034//4937
f 2062//5247 2059//547 2032//5248
f 2066//4940 2072//675 2041//4941
f 2041//5823 2072//675 2068//5824
f 2024//438 2052//438 2046//438
f 2040//297 2033//297 2025//297
f 2018//548 2045//548 2066//548
f 2032//547 2059//547 2053//547
f 2039//309 2068//309 2060//309
f 2054//331 2061//331 2067//331
f 2073//5825 2076//5826 2077//5827
f 2074//5828 2078//5441 2077//4829
f 2075//5624 2079//5829 2077//5830
f 2080//4833 2083//5831 2084//5803
f 2081//4836 2085//4837 2084//5832
f 2082//5833 2086//4840 2084//5834
f 2087//5465 2090//5466 2091//5835
f 2088//5480 2092//5481 2091//5836
f 2089//5616 2093//4849 2091//5837
f 2094//5838 2097//5839 2098//5840
f 2095//4947 2099//5841 2098//5842
f 2096//5482 2100//4858 2098//5843
f 2101//5844 2104//5845 2105//5846
f 2102//4948 2106//5847 2105//4865
f 2103//4866 2107//5256 2105//5848
f 2108//4869 2111//5467 2112//5849
f 2109//5629 2113//5487 2112//5850
f 2110//5006 2114//5851 2112//4877
f 2115//5852 2118//5853 2119//5854
f 2116//4881 2120//5855 2119//4883
f 2117//4884 2121//5259 2119//5856
f 2122//5453 2125//5454 2126//4889
f 2123//4890 2127//5857 2126//5858
f 2124//5859 2128//5860 2126//5861
f 2075//4954 2081//297 2083//4955
f 2083//5862 2080//438 2073//4957
f 2094//4958 2100//291 2078//4959
f 2100//5863 2096//419 2075//5864
f 2096//4962 2099//1568 2093//5865
f 2093//5471 2099//631 2095//4965
f 2089//4966 2092//306 2085//4967
f 2092//5866 2088//547 2082//5867
f 2123//4970 2125//315 2107//4971
f 2125//5868 2122//548 2101//5869
f 2102//4974 2108//438 2114//5870
f 2114//4976 2110//331 2103//4977
f 2115//4978 2121//328 2113//4979
f 2121//5871 2117//331 2110//5872
f 2124//4982 2127//655 2120//5873
f 2120//5874 2127//1572 2123//4985
f 2102//5265 2104//726 2076//5875
f 2104//5876 2101//660 2074//4989
f 2109//4990 2111//5877 2086//4991
f 2111//4992 2108//438 2080//4993
f 2116//5268 2118//735 2090//5878
f 2118//4996 2115//547 2088//4997
f 2122//5879 2128//5880 2097//4999
f 2128//5000 2124//309 2095//5001
f 2080//438 2108//438 2102//438
f 2096//297 2089//297 2081//297
f 2074//548 2101//548 2122//548
f 2088//547 2115//547 2109//547
f 2095//309 2124//309 2116//309
f 2110//331 2117//331 2123//331
f 2129//5881 2132//5438 2133//5439
f 2130//5828 2134//5441 2133//4829
f 2131//5624 2135//5625 2133//4832
f 2136//5882 2139//5883 2140//5884
f 2137//5443 2141//4837 2140//4838
f 2138//4944 2142//4945 2140//4841
f 2143//5465 2146//5466 2147//4844
f 2144//4946 2148//5622 2147//4847
f 2145//5616 2149//5617 2147//4850
f 2150//5004 2153//5005 2154//4853
f 2151//4947 2155//5228 2154//5842
f 2152//5885 2156//5254 2154//4859
f 2157//4860 2160//4861 2161//5809
f 2158//4948 2162//5448 2161//5886
f 2159//5618 2163//5256 2161//4868
f 2164//4949 2167//5467 2168//4871
f 2165//4872 2169//4873 2168//4874
f 2166//5006 2170//5451 2168//4877
f 2171//4878 2174//4879 2175//5814
f 2172//5887 2176//5888 2175//5889
f 2173//5230 2177//5452 2175//4886
f 2178//5453 2181//5454 2182//4889
f 2179//4890 2183//5488 2182//5890
f 2180//4893 2184//5455 2182//5621
f 2131//5891 2137//1268 2139//5010
f 2139//5011 2136//438 2129//5012
f 2150//5013 2156//291 2134//5014
f 2156//4902 2152//297 2131//4903
f 2152//5271 2155//1465 2149//5016
f 2149//5892 2155//631 2151//5491
f 2145//4908 2148//306 2141//4909
f 2148//4910 2144//547 2138//4911
f 2179//4912 2181//315 2163//4913
f 2181//4914 2178//548 2157//4915
f 2158//5019 2164//438 2170//5020
f 2170//5021 2166//1468 2159//5893
f 2171//4920 2177//328 2169//5024
f 2177//4922 2173//331 2166//4923
f 2180//5276 2183//655 2176//5026
f 2176//5027 2183//1469 2179//5278
f 2158//5894 2160//726 2132//5029
f 2160//5242 2157//548 2130//5243
f 2165//4932 2167//665 2142//5031
f 2142//5244 2167//665 2164//5245
f 2172//4936 2174//735 2146//4937
f 2174//5247 2171//767 2144//5248
f 2178//4940 2184//675 2153//5035
f 2184//5036 2180//309 2151//5895
f 2136//438 2164//438 2158//438
f 2152//297 2145//297 2137//297
f 2130//548 2157//548 2178//548
f 2144//547 2171//547 2165//547
f 2151//309 2180//309 2172//309
f 2166//331 2173//331 2179//331
f 2185//5463 2188//5464 2189//5896
f 2186//5440 2190//5441 2189//5897
f 2187//5624 2191//4831 2189//5830
f 2192//4833 2195//5831 2196//5803
f 2193//5443 2197//4837 2196//5898
f 2194//5899 2198//5900 2196//5834
f 2199//5901 2202//5902 2203//5903
f 2200//5615 2204//5481 2203//4847
f 2201//5616 2205//5904 2203//5837
f 2206//5905 2209//5005 2210//5840
f 2207//4947 2211//5841 2210//5842
f 2208//4857 2212//4858 2210//5906
f 2213//5907 2216//5908 2217//5846
f 2214//4948 2218//5847 2217//4865
f 2215//4866 2219//5256 2217//5909
f 2220//5910 2223//5911 2224//5912
f 2221//5486 2225//5487 2224//4874
f 2222//5006 2226//5913 2224//5914
f 2227//5915 2230//5916 2231//5854
f 2228//4881 2232//5855 2231//4883
f 2229//4884 2233//5259 2231//5917
f 2234//5623 2237//5454 2238//5918
f 2235//4890 2239//5919 2238//4892
f 2236//5008 2240//5468 2238//5920
f 2193//5038 2195//1510 2191//5921
f 2191//5495 2195//690 2192//5041
f 2206//4958 2212//291 2190//4959
f 2212//5863 2208//419 2187//5864
f 2201//5043 2208//297 2211//5044
f 2211//5922 2207//309 2199//5046
f 2201//4966 2204//306 2197//4967
f 2204//5866 2200//547 2194//5867
f 2235//4970 2237//315 2219//4971
f 2237//5868 2234//548 2213//5869
f 2220//5047 2226//711 2218//5923
f 2218//5924 2226//1520 2222//5050
f 2227//4978 2233//328 2225//4979
f 2233//5871 2229//331 2222//5872
f 2228//5052 2236//309 2239//5925
f 2239//5054 2235//331 2229//5055
f 2214//5265 2216//726 2188//5875
f 2216//4988 2213//548 2186//4989
f 2221//5926 2223//5877 2198//4991
f 2223//4992 2220//438 2192//4993
f 2228//5268 2230//735 2202//5878
f 2230//5927 2227//767 2200//4997
f 2234//4998 2240//5880 2209//4999
f 2240//5000 2236//309 2207//5001
f 2192//438 2220//438 2214//438
f 2208//297 2201//297 2193//297
f 2186//548 2213//548 2234//548
f 2200//547 2227//547 2221//547
f 2207//309 2236//309 2228//309
f 2222//331 2229//331 2235//331
f 2244//4314 2245//4315 2247//4316
f 2246//5057 2245//4318 2244//4319
f 2243//5634 2247//4321 2245//5635
f 2251//4323 2252//5059 2254//5060
f 2253//5636 2252//4327 2251//4328
f 2250//5928 2254//5929 2252//5930
f 2255//4332 2258//4333 2259//4334
f 2260//4335 2259//4336 2258//4337
f 2257//5931 2261//5640 2259//4340
f 2265//5642 2266//5643 2268//5068
f 2267//4344 2266//5069 2265//4346
f 2264//4347 2268//5645 2266//4349
f 2269//4350 2272//4351 2273//4352
f 2274//5509 2273//4354 2272//5646
f 2271//5510 2275//5932 2273//5933
f 2279//5077 2280//5303 2282//4361
f 2277//5648 2281//5934 2280//5649
f 2278//4365 2282//5935 2280//5650
f 2286//5936 2287//4369 2289//4370
f 2288//4371 2287//4372 2286//4373
f 2285//5651 2289//5937 2287//5938
f 2293//4377 2294//5939 2296//5515
f 2291//4380 2295//5940 2294//4382
f 2292//4383 2296//5941 2294//5942
f 2300//4386 2301//5518 2303//4388
f 2298//5085 2302//5943 2301//5944
f 2303//4392 2301//4393 2302//4394
f 2307//4395 2308//4396 2310//5087
f 2309//5088 2308//4399 2307//4400
f 2306//4401 2310//5311 2308//5660
f 2314//4404 2315//5945 2317//5946
f 2312//4407 2316//4408 2315//4409
f 2313//4410 2317//4411 2315//5947
f 2321//5664 2322//4414 2324//4415
f 2323//4416 2322//5665 2321//4418
f 2320//5096 2324//5527 2322//5948
f 2328//5667 2329//5317 2331//4424
f 2326//5949 2330//5950 2329//5951
f 2327//5670 2331//5952 2329//5953
f 2332//4431 2335//4432 2336//5320
f 2337//5098 2336//5321 2335//5954
f 2334//4437 2338//4438 2336//4439
f 2342//5323 2343//4441 2345//4442
f 2344//4443 2343//5103 2342//4445
f 2341//4446 2345//4447 2343//4448
f 2346//4449 2349//4450 2350//4451
f 2351//4452 2350//4453 2349//4454
f 2348//5680 2352//5107 2350//4457
f 2356//4458 2357//4459 2359//5681
f 2358//4461 2357//5955 2356//4463
f 2359//5684 2357//5956 2358//5957
f 2363//5687 2364//5331 2366//5113
f 2365//4470 2364//5689 2363//4472
f 2366//5958 2364//5959 2365//4475
f 2367//4476 2370//4477 2371//5693
f 2368//5960 2372//5541 2371//5961
f 2373//5697 2371//5962 2372//4484
f 2377//4485 2378//5699 2380//5700
f 2379//5701 2378//5702 2377//5703
f 2380//4491 2378//5704 2379//5705
f 2384//4494 2385//5706 2387//5707
f 2386//4497 2385//5963 2384//5708
f 2387//5709 2385//5710 2386//5711
f 2391//5550 2392//4504 2394//5132
f 2393//5133 2392//5134 2391//4508
f 2394//5964 2392//5717 2393//5965
f 2398//5718 2399//5966 2401//5967
f 2400//4515 2399//4516 2398//4517
f 2401//5968 2399//5969 2400//5143
f 2402//4521 2405//5144 2406//4523
f 2403//4524 2407//5721 2406//5353
f 2408//4527 2406//5561 2407//4529
f 2412//5724 2413//5147 2415//4532
f 2414//4533 2413//5970 2412//4535
f 2415//5971 2413//5972 2414//5151
f 2419//4539 2420//4540 2422//5565
f 2421//5566 2420//5567 2419//5568
f 2422//4545 2420//4546 2421//5973
f 2423//4548 2426//5366 2427//5974
f 2428//4551 2427//5369 2426//4553
f 2425//5975 2429//5976 2427//5977
f 2433//4557 2434//4558 2436//4559
f 2435//4560 2434//5978 2433//4562
f 2436//4563 2434//4564 2435//5375
f 2440//5979 2441//5980 2443//5981
f 2442//5982 2441//5983 2440//5984
f 2443//5985 2441//5986 2442//5987
f 2447//5988 2448//5989 2450//5990
f 2449//5744 2448//5991 2447//5169
f 2450//5582 2448//5992 2449//5993
f 2454//5994 2455//5747 2457//5748
f 2456//4587 2455//5995 2454//5751
f 2457//4590 2455//4591 2456//5996
f 2458//5176 2461//5177 2462//5586
f 2463//4596 2462//5997 2461//4598
f 2460//4599 2464//4600 2462//5758
f 2297//4602 2303//294 2244//4603
f 2303//4604 2299//419 2242//5391
f 2248//4606 2254//2843 2246//4607
f 2246//5998 2254//2843 2250//5591
f 2305//5393 2307//448 2251//4611
f 2307//5184 2304//306 2249//5185
f 2306//4614 2309//1079 2302//4615
f 2302//5999 2309//312 2305//4606
f 2416//315 2422//314 2363//4618
f 2422//314 2418//317 2361//4619
f 2362//4620 2365//1080 2359//4621
f 2365//4622 2361//331 2353//4623
f 2410//326 2412//325 2356//4624
f 2412//325 2409//328 2354//4625
f 2418//6000 2421//2470 2414//6001
f 2421//5765 2417//1401 2411//5399
f 2249//6002 2255//5766 2261//6003
f 2253//6004 2261//6005 2257//5188
f 2312//4636 2314//345 2258//5769
f 2314//4638 2311//478 2256//4639
f 2313//4640 2316//4641 2310//4642
f 2316//6006 2312//5190 2304//5405
f 2423//354 2429//353 2370//4646
f 2429//353 2425//315 2368//4647
f 2362//4648 2369//4649 2372//4650
f 2366//6007 2372//6008 2368//6009
f 2425//5774 2428//4655 2419//4656
f 2428//5595 2424//6010 2417//6011
f 2256//4660 2262//4661 2268//4662
f 2260//5596 2268//4664 2264//4665
f 2319//4666 2321//509 2265//4667
f 2321//5194 2318//328 2263//5195
f 2320//6012 2323//4671 2317//4672
f 2323//4673 2319//4674 2311//4675
f 2430//291 2436//387 2377//4676
f 2436//387 2432//389 2375//4677
f 2369//5776 2376//5197 2379//4680
f 2373//5777 2379//4682 2375//5778
f 2432//5198 2435//4685 2426//4686
f 2435//4687 2431//5779 2424//5412
f 2263//5780 2269//4691 2275//5781
f 2267//4693 2275//4694 2271//4695
f 2326//4696 2328//325 2272//4697
f 2328//5200 2325//326 2270//5201
f 2327//4700 2330//5783 2324//5784
f 2330//4703 2326//4704 2318//4705
f 2437//419 2443//294 2384//4706
f 2443//294 2439//895 2382//4707
f 2376//4708 2383//1250 2386//4709
f 2380//4710 2386//4711 2382//4712
f 2439//4713 2442//5785 2433//4715
f 2442//4716 2438//892 2431//4717
f 2270//6013 2276//1468 2282//4719
f 2282//6014 2278//438 2271//6015
f 2333//5207 2335//314 2279//4724
f 2335//4725 2332//315 2277//4726
f 2334//6016 2337//910 2331//6017
f 2337//5210 2333//1406 2325//5211
f 2444//306 2450//448 2391//4731
f 2450//448 2446//303 2389//4732
f 2383//6018 2390//320 2393//6019
f 2393//4735 2389//297 2381//4736
f 2446//4737 2449//1434 2440//4738
f 2449//6020 2445//961 2438//6021
f 2283//5789 2289//6022 2281//5790
f 2289//6023 2285//4745 2278//5607
f 2340//4747 2342//353 2286//4748
f 2342//4749 2339//354 2284//4750
f 2334//4751 2341//491 2344//5421
f 2338//4753 2344//4754 2340//4755
f 2451//478 2457//345 2398//4756
f 2457//345 2453//920 2396//5217
f 2397//5218 2400//5423 2394//5793
f 2400//6024 2396//5794 2388//4763
f 2444//4764 2453//4765 2456//5220
f 2447//5795 2456//6025 2452//6026
f 2290//4770 2296//5425 2288//4772
f 2296//4773 2292//4774 2285//4775
f 2347//4776 2349//387 2293//4777
f 2349//4778 2346//291 2291//4779
f 2341//4780 2348//4781 2351//4782
f 2345//4783 2351//6027 2347//4785
f 2458//4276 2464//509 2405//4786
f 2464//509 2460//377 2403//4787
f 2404//6028 2407//4147 2401//4790
f 2407//4791 2403//4792 2395//4793
f 2451//4794 2460//4795 2463//4796
f 2454//4797 2463//6029 2459//4799
f 2292//4800 2295//4801 2247//4802
f 2295//6030 2291//5223 2241//4805
f 2297//4806 2346//5796 2352//6031
f 2300//4809 2352//5433 2348//4811
f 2402//4812 2408//5799 2358//5226
f 2408//5609 2404//6032 2355//6033
f 2411//6034 2459//6035 2461//6036
f 2415//6037 2461//5801 2458//5802
f 2346//291 2297//291 2241//291
f 2299//297 2305//297 2248//297
f 2250//438 2362//438 2355//438
f 2243//438 2355//438 2404//438
f 2250//438 2257//438 2369//438
f 2304//306 2312//306 2255//306
f 2257//438 2264//438 2376//438
f 2311//547 2319//547 2262//547
f 2264//438 2271//438 2383//438
f 2318//328 2326//328 2269//328
f 2278//438 2390//438 2383//438
f 2325//331 2333//331 2276//331
f 2285//438 2397//438 2390//438
f 2332//315 2340//315 2283//315
f 2292//438 2404//438 2397//438
f 2339//548 2347//548 2290//548
f 2298//309 2411//309 2417//309
f 2298//309 2348//309 2459//309
f 2306//309 2417//309 2424//309
f 2313//309 2424//309 2431//309
f 2320//309 2431//309 2438//309
f 2327//309 2438//309 2445//309
f 2341//309 2334//309 2445//309
f 2348//309 2341//309 2452//309
f 2418//331 2410//331 2353//331
f 2409//328 2458//328 2402//328
f 2425//315 2416//315 2360//315
f 2432//548 2423//548 2367//548
f 2439//291 2430//291 2374//291
f 2446//297 2437//297 2381//297
f 2453//306 2444//306 2388//306
f 2460//547 2451//547 2395//547
f 2465//5881 2468//5478 2469//5439
f 2466//5828 2470//5441 2469//4829
f 2467//6038 2471//5829 2469//4832
f 2472//6039 2475//6040 2476//6041
f 2473//4836 2477//4837 2476//4838
f 2474//6042 2478//6043 2476//4841
f 2479//6044 2482//6045 2483//4844
f 2480//6046 2484//6047 2483//6048
f 2481//6049 2485//5904 2483//6050
f 2486//5626 2489//5627 2490//4853
f 2487//5253 2491//5280 2490//6051
f 2488//5482 2492//5483 2490//6052
f 2493//6053 2496//6054 2497//4862
f 2494//5255 2498//5281 2497//6055
f 2495//5484 2499//5485 2497//6056
f 2500//4869 2503//6057 2504//5912
f 2501//6058 2505//6059 2504//6060
f 2502//6061 2506//6062 2504//6063
f 2507//6064 2510//6065 2511//4880
f 2508//6066 2512//6067 2511//6068
f 2509//4884 2513//4885 2511//4886
f 2514//5453 2517//6069 2518//4889
f 2515//6070 2519//6071 2518//4892
f 2516//6072 2520//6073 2518//5456
f 2473//5816 2475//690 2471//4897
f 2471//5817 2475//6074 2472//4899
f 2486//5013 2492//291 2470//5014
f 2492//4902 2488//297 2467//4903
f 2481//4904 2488//297 2491//4905
f 2491//6075 2487//918 2479//4907
f 2481//4908 2484//306 2477//6076
f 2484//4910 2480//547 2474//4911
f 2515//6077 2517//315 2499//6078
f 2517//4914 2514//548 2493//4915
f 2500//4916 2506//711 2498//6079
f 2498//4918 2506//6080 2502//5819
f 2507//4920 2513//328 2505//4921
f 2513//4922 2509//331 2502//4923
f 2508//4924 2516//309 2519//4925
f 2519//6081 2515//1406 2509//4927
f 2494//4928 2496//726 2468//6082
f 2496//5242 2493//548 2466//5243
f 2501//6083 2503//665 2478//5031
f 2478//5244 2503//665 2500//5245
f 2508//4936 2510//735 2482//4937
f 2482//5034 2510//735 2507//6084
f 2514//4940 2520//675 2489//5035
f 2520//5036 2516//309 2487//4943
f 2472//438 2500//438 2494//438
f 2488//297 2481//297 2473//297
f 2466//548 2493//548 2514//548
f 2480//547 2507//547 2501//547
f 2487//309 2516//309 2508//309
f 2502//331 2509//331 2515//331
f 2521//5825 2524//5826 2525//5827
f 2522//5828 2526//5441 2525//4829
f 2523//6085 2527//5625 2525//4832
f 2528//6086 2531//5883 2532//6087
f 2529//5804 2533//5251 2532//5832
f 2530//5833 2534//4840 2532//5834
f 2535//4842 2538//5479 2539//6088
f 2536//5480 2540//5481 2539//5836
f 2537//5616 2541//4849 2539//5837
f 2542//5838 2545//5839 2546//5840
f 2543//4947 2547//5841 2546//5842
f 2544//5482 2548//4858 2546//5843
f 2549//5844 2552//5845 2553//5846
f 2550//4948 2554//5847 2553//4865
f 2551//4866 2555//5256 2553//5848
f 2556//4949 2559//5449 2560//6089
f 2557//5629 2561//5487 2560//5850
f 2558//5006 2562//5851 2560//4877
f 2563//5852 2566//5853 2567//5854
f 2564//6090 2568//5888 2567//6091
f 2565//5628 2569//5259 2567//5856
f 2570//5453 2573//5454 2574//4889
f 2571//4890 2575//5488 2574//4892
f 2572//5859 2576//5860 2574//5861
f 2523//4954 2529//297 2531//5260
f 2531//5862 2528//438 2521//4957
f 2542//4958 2548//291 2526//4959
f 2548//5863 2544//419 2523//5864
f 2544//4962 2547//1568 2541//5865
f 2541//5471 2547//1568 2543//5472
f 2537//4966 2540//306 2533//4967
f 2540//5866 2536//547 2530//5867
f 2571//4970 2573//315 2555//4971
f 2573//5868 2570//548 2549//5869
f 2550//4974 2556//438 2562//5870
f 2562//5263 2558//331 2551//6092
f 2563//4978 2569//328 2561//4979
f 2569//5871 2565//331 2558//5872
f 2572//4982 2575//655 2568//5873
f 2568//4984 2575//655 2571//4985
f 2550//5265 2552//726 2524//5875
f 2552//5876 2549//660 2522//4989
f 2557//4990 2559//5877 2534//4991
f 2559//4992 2556//438 2528//4993
f 2564//5268 2566//735 2538//5878
f 2566//4996 2563//547 2536//4997
f 2570//5879 2576//5880 2545//4999
f 2576//5000 2572//309 2543//5001
f 2528//438 2556//438 2550//438
f 2544//297 2537//297 2529//297
f 2522//548 2549//548 2570//548
f 2536//547 2563//547 2557//547
f 2543//309 2572//309 2564//309
f 2558//331 2565//331 2571//331
f 2577//6093 2580//6094 2581//4826
f 2578//6095 2582//6096 2581//6097
f 2579//6098 2583//5829 2581//6099
f 2584//5249 2587//5250 2588//6100
f 2585//5443 2589//5444 2588//6101
f 2586//6042 2590//6043 2588//4841
f 2591//5805 2594//5446 2595//5447
f 2592//5615 2596//5481 2595//4847
f 2593//6102 2597//5904 2595//4850
f 2598//5626 2601//5627 2602//4853
f 2599//6103 2603//6104 2602//6105
f 2600//4857 2604//4858 2602//4859
f 2605//6053 2608//6054 2609//4862
f 2606//6106 2610//6107 2609//6108
f 2607//4866 2611//4867 2609//4868
f 2612//6109 2615//6110 2616//5450
f 2613//5486 2617//6059 2616//4874
f 2614//6061 2618//6062 2616//4877
f 2619//6064 2622//6065 2623//4880
f 2620//5257 2624//5258 2623//6111
f 2621//5230 2625//5452 2623//6112
f 2626//6113 2629//6069 2630//6114
f 2627//6070 2631//6071 2630//6115
f 2628//5008 2632//6116 2630//5861
f 2579//5009 2585//1268 2587//5010
f 2587//6117 2584//981 2577//6118
f 2598//5013 2604//291 2582//5014
f 2604//4902 2600//297 2579//4903
f 2600//5271 2603//631 2597//5016
f 2597//5017 2603//6119 2599//5491
f 2593//6120 2596//306 2589//6076
f 2596//4910 2592//547 2586//4911
f 2627//4912 2629//315 2611//6078
f 2629//4914 2626//548 2605//4915
f 2606//6121 2612//320 2618//6122
f 2618//6123 2614//1468 2607//5022
f 2619//4920 2625//328 2617//4921
f 2625//4922 2621//331 2614//4923
f 2628//6124 2631//1145 2624//6125
f 2624//5027 2631//6126 2627//5278
f 2606//4928 2608//726 2580//5029
f 2580//4930 2608//726 2605//6127
f 2613//4932 2615//665 2590//4933
f 2615//4934 2612//438 2584//4935
f 2620//4936 2622//735 2594//5246
f 2622//5247 2619//547 2592//5248
f 2626//6128 2632//675 2601//4941
f 2601//5823 2632//675 2628//5824
f 2584//438 2612//438 2606//438
f 2600//297 2593//297 2585//297
f 2578//548 2605//548 2626//548
f 2592//547 2619//547 2613//547
f 2599//309 2628//309 2620//309
f 2614//331 2621//331 2627//331
f 2633//4824 2636//5438 2637//6129
f 2634//5440 2638//5441 2637//5897
f 2635//5624 2639//4831 2637//5830
f 2640//4833 2643//5831 2644//5803
f 2641//5443 2645//4837 2644//5898
f 2642//5899 2646//5900 2644//5834
f 2647//5901 2650//5902 2651//5903
f 2648//5615 2652//5481 2651//4847
f 2649//6130 2653//5617 2651//4850
f 2654//5905 2657//5005 2658//5840
f 2655//6131 2659//5807 2658//6132
f 2656//5885 2660//5254 2658//5906
f 2661//5907 2664//5908 2665//5846
f 2662//6133 2666//5811 2665//6134
f 2663//5618 2667//5256 2665//5909
f 2668//5910 2671//5911 2672//5912
f 2669//5486 2673//5487 2672//4874
f 2670//5006 2674//5451 2672//4877
f 2675//5915 2678//5916 2679//5854
f 2676//4881 2680//5855 2679//4883
f 2677//4884 2681//5259 2679//5917
f 2682//5623 2685//5454 2686//5918
f 2683//4890 2687//5919 2686//4892
f 2684//4893 2688//5455 2686//6135
f 2641//5038 2643//690 2639//6136
f 2639//5495 2643//690 2640//5041
f 2654//4958 2660//291 2638//4959
f 2660//5863 2656//419 2635//5864
f 2649//5043 2656//297 2659//5044
f 2659//5497 2655//961 2647//5498
f 2649//4966 2652//306 2645//4967
f 2652//5866 2648//547 2642//5867
f 2683//4970 2685//315 2667//4971
f 2685//5868 2682//548 2661//5869
f 2668//5047 2674//711 2666//5923
f 2666//5049 2674//711 2670//5050
f 2675//4978 2681//328 2673//4979
f 2681//5871 2677//331 2670//5872
f 2676//5501 2684//918 2687//5502
f 2687//5054 2683//331 2677//5055
f 2662//5265 2664//726 2636//5875
f 2664//4988 2661//548 2634//4989
f 2669//5926 2671//5877 2646//4991
f 2671//4992 2668//438 2640//4993
f 2676//5268 2678//735 2650//5878
f 2678//5927 2675//767 2648//4997
f 2682//4998 2688//5880 2657//4999
f 2688//5000 2684//309 2655//5001
f 2640//438 2668//438 2662//438
f 2656//297 2649//297 2641//297
f 2634//548 2661//548 2682//548
f 2648//547 2675//547 2669//547
f 2655//309 2684//309 2676//309
f 2670//331 2677//331 2683//331
f 2692//4314 2693//4315 2695//6137
f 2694//5057 2693//5633 2692//4319
f 2691//6138 2695//5058 2693//5291
f 2699//4323 2700//5059 2702//5060
f 2701//5292 2700//4327 2699//6139
f 2698//6140 2702//6141 2700//5930
f 2703//4332 2706//4333 2707//6142
f 2708//5294 2707//4336 2706//5064
f 2705//6143 2709//5296 2707//5297
f 2713//5642 2714//5643 2716//5068
f 2715//4344 2714//6144 2713//6145
f 2712//5071 2716//5298 2714//5299
f 2717//4350 2720//6146 2721//4352
f 2722//5509 2721//4354 2720//5301
f 2719//5074 2723//6147 2721//6148
f 2727//5512 2728//4360 2730//6149
f 2725//5648 2729//5078 2728//6150
f 2726//6151 2730//6152 2728//4367
f 2734//6153 2735//6154 2737//4370
f 2736//5513 2735//6155 2734//4373
f 2733//5651 2737//6156 2735//5514
f 2741//5081 2742//4378 2744//4379
f 2739//4380 2743//5940 2742//4382
f 2740//6157 2744//5083 2742//5084
f 2748//5653 2749//4387 2751//4388
f 2746//6158 2750//6159 2749//5944
f 2751//4392 2749//4393 2750//4394
f 2755//4395 2756//4396 2758//5310
f 2757//5088 2756//4399 2755//4400
f 2754//6160 2758//6161 2756//5660
f 2762//4404 2763//4405 2765//5946
f 2760//5522 2764//4408 2763//5091
f 2761//4410 2765//4411 2763//5947
f 2769//4413 2770//4414 2772//4415
f 2771//5094 2770//5665 2769//5313
f 2768//6162 2772//6163 2770//5948
f 2776//4422 2777//4423 2779//4424
f 2774//4425 2778//4426 2777//5669
f 2775//6164 2779//6165 2777//6166
f 2780//4431 2783//6167 2784//6168
f 2785//5098 2784//5099 2783//5674
f 2782//4437 2786//4438 2784//4439
f 2790//4440 2791//5324 2793//5102
f 2792//4443 2791//5103 2790//5104
f 2789//4446 2793//4447 2791//5106
f 2794//4449 2797//4450 2798//6169
f 2799//6170 2798//4453 2797//5679
f 2796//5533 2800//6171 2798//5535
f 2804//6172 2805//6173 2807//5681
f 2806//4461 2805//5110 2804//4463
f 2807//4464 2805//4465 2806//4466
f 2811//4467 2812//5331 2814//5113
f 2813//4470 2812//6174 2811//6175
f 2814//5333 2812//5540 2813//6176
f 2815//6177 2818//6178 2819//6179
f 2816//6180 2820//6181 2819//6182
f 2821//6183 2819//6184 2820//6185
f 2825//4485 2826//5699 2828//4487
f 2827//4488 2826//6186 2825//5336
f 2828//6187 2826//4492 2827//6188
f 2832//6189 2833//6190 2835//5127
f 2834//6191 2833//6192 2832//6193
f 2835//5129 2833//5130 2834//5344
f 2839//5550 2840//6194 2842//5132
f 2841//6195 2840//5134 2839//5715
f 2842//6196 2840//6197 2841//6198
f 2846//4512 2847//4513 2849//5967
f 2848//5558 2847//4516 2846//4517
f 2849//5141 2847//6199 2848//6200
f 2850//6201 2853//5144 2854//4523
f 2851//6202 2855//4525 2854//6203
f 2856//6204 2854//6205 2855//6206
f 2860//4530 2861//4531 2863//4532
f 2862//5148 2861//4534 2860//5725
f 2863//6207 2861//6208 2862//6209
f 2867//4539 2868//5152 2870//5565
f 2869//6210 2868//6211 2867//6212
f 2870//5732 2868//4546 2869//5154
f 2871//5365 2874//6213 2875//5156
f 2876//6214 2875//6215 2874//5370
f 2873//4554 2877//5735 2875//4556
f 2881//5736 2882//4558 2884//4559
f 2883//6216 2882//5738 2881//5739
f 2884//5160 2882//5161 2883//4565
f 2888//6217 2889//4567 2891//5376
f 2890//5163 2889//6218 2888//5984
f 2891//6219 2889//5986 2890//5987
f 2895//5988 2896//5989 2898//5990
f 2897//6220 2896//5991 2895//5169
f 2898//5582 2896//4582 2897//4583
f 2902//4584 2903//6221 2905//5748
f 2904//6222 2903//6223 2902//6224
f 2905//4590 2903//4591 2904//4592
f 2906//6225 2909//6226 2910//5754
f 2911//6227 2910//6228 2909//6229
f 2908//5390 2912//4600 2910//5758
f 2745//4602 2751//294 2692//4603
f 2751//4604 2747//419 2690//5391
f 2696//4606 2702//2843 2694//4607
f 2694//5998 2702//2462 2698//6230
f 2753//5393 2755//448 2699//4611
f 2755//5184 2752//306 2697//5185
f 2754//4614 2757//1079 2750//4615
f 2750//5999 2757//312 2753//4606
f 2864//315 2870//314 2811//4618
f 2870//314 2866//317 2809//4619
f 2810//4620 2813//1080 2807//4621
f 2813//4622 2809//331 2801//4623
f 2858//326 2860//325 2804//4624
f 2860//325 2857//328 2802//4625
f 2866//6000 2869//2470 2862//6001
f 2869//4628 2865//309 2859//4629
f 2697//4630 2703//5766 2709//6003
f 2701//4633 2709//5187 2705//5768
f 2760//4636 2762//345 2706//5769
f 2762//4638 2759//478 2704//4639
f 2761//4640 2764//4641 2758//4642
f 2764//6006 2760//5190 2752//5405
f 2871//354 2877//353 2818//4646
f 2877//353 2873//315 2816//4647
f 2810//5191 2817//4649 2820//4650
f 2814//6007 2820//6008 2816//6009
f 2873//5774 2876//4655 2867//6231
f 2876//5406 2872//6232 2865//4659
f 2704//4660 2710//4661 2716//4662
f 2708//5408 2716//4664 2712//5409
f 2767//4666 2769//509 2713//4667
f 2769//5194 2766//328 2711//5195
f 2768//6012 2771//4671 2765//4672
f 2771//4673 2767//4674 2759//4675
f 2878//291 2884//387 2825//4676
f 2884//387 2880//389 2823//4677
f 2817//5776 2824//5197 2827//4680
f 2821//5777 2827//4682 2823//5778
f 2880//5198 2883//4685 2874//4686
f 2883//4687 2879//5779 2872//5412
f 2711//5780 2717//4691 2723//5781
f 2715//4693 2723//4694 2719//4695
f 2774//4696 2776//325 2720//4697
f 2776//5200 2773//326 2718//5201
f 2775//6233 2778//6234 2772//4702
f 2778//4703 2774//4704 2766//4705
f 2885//419 2891//294 2832//4706
f 2891//294 2887//895 2830//4707
f 2824//4708 2831//1250 2834//4709
f 2828//4710 2834//4711 2830//5598
f 2887//4713 2890//5785 2881//4715
f 2890//4716 2886//892 2879//4717
f 2718//4718 2724//331 2730//4719
f 2730//6235 2726//1853 2719//6236
f 2781//5207 2783//314 2727//4724
f 2783//4725 2780//315 2725//4726
f 2782//4727 2785//910 2779//4728
f 2785//5210 2781//1406 2773//5211
f 2892//306 2898//448 2839//4731
f 2898//448 2894//303 2837//4732
f 2838//1402 2841//914 2835//4734
f 2835//6237 2841//915 2837//6238
f 2894//4737 2897//1434 2888//4738
f 2897//4739 2893//309 2886//4740
f 2731//5789 2737//6022 2729//5790
f 2737//6023 2733//4745 2726//5607
f 2788//4747 2790//353 2734//4748
f 2790//4749 2787//354 2732//4750
f 2782//4751 2789//2129 2792//6239
f 2786//6240 2792//5215 2788//5216
f 2899//478 2905//345 2846//4756
f 2905//345 2901//920 2844//5217
f 2845//5218 2848//5423 2842//5793
f 2848//6241 2844//6242 2836//6243
f 2892//6244 2901//6245 2904//5220
f 2895//5795 2904//5221 2900//4769
f 2738//4770 2744//4771 2736//4772
f 2744//5426 2740//4774 2733//4775
f 2795//4776 2797//387 2741//4777
f 2797//4778 2794//291 2739//4779
f 2789//4780 2796//4781 2799//5427
f 2793//4783 2799//6027 2795//4785
f 2906//4276 2912//509 2853//4786
f 2912//509 2908//377 2851//4787
f 2852//4788 2855//4789 2849//4790
f 2855//4791 2851//4792 2843//4793
f 2899//4794 2908//4795 2911//4796
f 2902//4797 2911//6029 2907//4799
f 2740//4800 2743//4801 2695//4802
f 2743//6030 2739//5223 2689//4805
f 2745//4806 2794//5796 2800//4808
f 2748//4809 2800//5224 2796//5798
f 2850//6246 2856//4813 2806//4814
f 2856//4815 2852//5800 2803//4817
f 2859//5610 2907//4819 2909//4820
f 2863//6037 2909//5801 2906//5802
f 2794//291 2745//291 2689//291
f 2747//297 2753//297 2696//297
f 2698//438 2810//438 2803//438
f 2691//438 2803//438 2852//438
f 2698//438 2705//438 2817//438
f 2752//306 2760//306 2703//306
f 2705//438 2712//438 2824//438
f 2759//547 2767//547 2710//547
f 2712//438 2719//438 2831//438
f 2766//328 2774//328 2717//328
f 2726//438 2838//438 2831//438
f 2773//331 2781//331 2724//331
f 2733//438 2845//438 2838//438
f 2780//315 2788//315 2731//315
f 2740//438 2852//438 2845//438
f 2787//548 2795//548 2738//548
f 2746//309 2859//309 2865//309
f 2746//309 2796//309 2907//309
f 2754//309 2865//309 2872//309
f 2761//309 2872//309 2879//309
f 2768//309 2879//309 2886//309
f 2775//309 2886//309 2893//309
f 2789//309 2782//309 2893//309
f 2796//309 2789//309 2900//309
f 2866//331 2858//331 2801//331
f 2857//328 2906//328 2850//328
f 2873//315 2864//315 2808//315
f 2880//548 2871//548 2815//548
f 2887//291 2878//291 2822//291
f 2894//297 2885//297 2829//297
f 2901//306 2892//306 2836//306
f 2908//547 2899//547 2843//547
f 2913//5881 2916//5478 2917//5439
f 2914//5002 2918//5227 2917//4829
f 2915//6038 2919//5829 2917//4832
f 2920//6039 2923//6040 2924//6041
f 2921//4836 2925//4837 2924//4838
f 2922//6042 2926//6043 2924//4841
f 2927//6044 2930//6045 2931//4844
f 2928//6046 2932//6047 2931//6048
f 2929//6049 2933//5904 2931//6050
f 2934//5004 2937//5005 2938//4853
f 2935//5253 2939//5280 2938//6051
f 2936//5482 2940//5483 2938//6052
f 2941//6247 2944//5908 2945//4862
f 2942//5255 2946//5281 2945//6055
f 2943//5484 2947//5485 2945//6056
f 2948//4869 2951//6057 2952//5912
f 2949//6058 2953//6059 2952//6060
f 2950//6061 2954//6062 2952//6063
f 2955//6064 2958//6065 2959//4880
f 2956//6066 2960//6067 2959//6068
f 2957//4884 2961//4885 2959//4886
f 2962//4887 2965//5630 2966//4889
f 2963//6070 2967//6071 2966//4892
f 2964//6072 2968//6073 2966//5456
f 2921//4896 2923//690 2919//6248
f 2919//4898 2923//6074 2920//5457
f 2934//5013 2940//291 2918//5014
f 2940//4902 2936//297 2915//4903
f 2929//4904 2936//297 2939//4905
f 2939//6249 2935//961 2927//6250
f 2929//4908 2932//306 2925//6076
f 2932//4910 2928//547 2922//4911
f 2963//6077 2965//315 2947//6078
f 2965//4914 2962//548 2941//4915
f 2948//4916 2954//711 2946//6079
f 2946//4918 2954//6080 2950//5819
f 2955//4920 2961//328 2953//4921
f 2961//4922 2957//331 2950//4923
f 2956//6251 2964//309 2967//4925
f 2967//6081 2963//331 2957//6252
f 2942//4928 2944//726 2916//6082
f 2944//5242 2941//548 2914//5243
f 2949//6083 2951//665 2926//5031
f 2926//5244 2951//665 2948//5245
f 2956//4936 2958//735 2930//4937
f 2958//5247 2955//547 2928//6253
f 2962//4940 2968//675 2937//5035
f 2968//5036 2964//309 2935//4943
f 2920//438 2948//438 2942//438
f 2936//297 2929//297 2921//297
f 2914//548 2941//548 2962//548
f 2928//547 2955//547 2949//547
f 2935//309 2964//309 2956//309
f 2950//331 2957//331 2963//331
f 2969//5825 2972//5826 2973//5827
f 2970//5002 2974//5227 2973//6254
f 2971//6085 2975//5625 2973//4832
f 2976//6086 2979//5883 2980//6087
f 2977//5804 2981//5251 2980//5832
f 2978//5833 2982//4840 2980//5834
f 2983//4842 2986//5479 2987//6088
f 2984//5480 2988//5481 2987//5836
f 2985//5616 2989//4849 2987//5837
f 2990//5279 2993//6255 2994//6256
f 2991//4947 2995//5841 2994//5842
f 2992//5482 2996//4858 2994//5843
f 2997//5037 3000//6257 3001//5809
f 2998//4948 3002//5847 3001//4865
f 2999//4866 3003//5256 3001//5848
f 3004//4949 3007//5449 3008//6089
f 3005//5629 3009//5487 3008//5850
f 3006//5006 3010//5851 3008//4877
f 3011//5852 3014//5853 3015//5854
f 3012//6090 3016//5888 3015//6091
f 3013//5628 3017//5259 3015//5856
f 3018//4887 3021//5630 3022//6258
f 3019//4890 3023//5488 3022//4892
f 3020//5859 3024//5860 3022//5861
f 2971//4954 2977//297 2979//5260
f 2979//5862 2976//438 2969//4957
f 2990//4958 2996//291 2974//4959
f 2996//5863 2992//419 2971//5864
f 2992//4962 2995//631 2989//6259
f 2989//5471 2995//631 2991//4965
f 2985//4966 2988//306 2981//4967
f 2988//5866 2984//547 2978//5867
f 3019//4970 3021//315 3003//4971
f 3021//5868 3018//548 2997//5869
f 2998//4974 3004//438 3010//5870
f 3010//5263 3006//331 2999//6092
f 3011//4978 3017//328 3009//4979
f 3017//5871 3013//331 3006//5872
f 3020//4982 3023//655 3016//5873
f 3016//4984 3023//655 3019//4985
f 2998//5265 3000//726 2972//5875
f 3000//5876 2997//660 2970//4989
f 3005//4990 3007//5877 2982//4991
f 3007//4992 3004//438 2976//4993
f 3012//5268 3014//735 2986//5878
f 3014//4996 3011//547 2984//4997
f 3018//5879 3024//5880 2993//4999
f 3024//5000 3020//309 2991//5001
f 2976//438 3004//438 2998//438
f 2992//297 2985//297 2977//297
f 2970//548 2997//548 3018//548
f 2984//547 3011//547 3005//547
f 2991//309 3020//309 3012//309
f 3006//331 3013//331 3019//331
f 3025//6093 3028//6094 3029//4826
f 3026//6095 3030//6096 3029//6097
f 3027//6098 3031//5829 3029//6099
f 3032//5249 3035//5250 3036//6100
f 3033//5443 3037//5444 3036//6101
f 3034//4839 3038//4840 3036//4841
f 3039//5805 3042//5446 3043//5447
f 3040//4845 3044//5622 3043//4847
f 3041//6102 3045//5904 3043//4850
f 3046//5626 3049//5627 3050//4853
f 3047//6103 3051//6104 3050//6105
f 3048//4857 3052//4858 3050//4859
f 3053//6053 3056//6054 3057//4862
f 3054//6106 3058//6107 3057//6108
f 3055//4866 3059//4867 3057//4868
f 3060//6109 3063//6110 3064//5450
f 3061//4872 3065//5620 3064//4874
f 3062//6061 3066//6062 3064//4877
f 3067//6260 3070//5853 3071//4880
f 3068//5257 3072//5258 3071//6111
f 3069//5230 3073//5452 3071//6112
f 3074//6113 3077//6069 3078//6114
f 3075//6070 3079//6071 3078//6115
f 3076//5008 3080//6116 3078//5861
f 3027//5009 3033//297 3035//5010
f 3035//6117 3032//981 3025//6118
f 3046//5013 3052//291 3030//5014
f 3052//4902 3048//297 3027//4903
f 3048//5015 3051//631 3045//6261
f 3045//5017 3051//6119 3047//5491
f 3041//6120 3044//306 3037//6076
f 3044//4910 3040//547 3034//4911
f 3075//4912 3077//315 3059//6078
f 3077//4914 3074//548 3053//4915
f 3054//6121 3060//438 3066//5020
f 3066//6123 3062//331 3055//6262
f 3067//4920 3073//328 3065//4921
f 3073//4922 3069//331 3062//4923
f 3076//5025 3079//655 3072//6263
f 3072//5027 3079//6126 3075//5278
f 3054//4928 3056//726 3028//5029
f 3056//5242 3053//548 3026//6264
f 3061//4932 3063//665 3038//4933
f 3063//4934 3060//438 3032//4935
f 3068//4936 3070//735 3042//5246
f 3070//5247 3067//547 3040//5248
f 3074//6128 3080//675 3049//4941
f 3049//5823 3080//675 3076//5824
f 3032//438 3060//438 3054//438
f 3048//297 3041//297 3033//297
f 3026//548 3053//548 3074//548
f 3040//547 3067//547 3061//547
f 3047//309 3076//309 3068//309
f 3062//331 3069//331 3075//331
f 3081//4824 3084//5438 3085//6129
f 3082//5440 3086//5441 3085//5897
f 3083//5624 3087//4831 3085//5830
f 3088//4833 3091//5831 3092//5803
f 3089//5443 3093//4837 3092//5898
f 3090//5252 3094//6265 3092//6266
f 3095//5901 3098//5902 3099//5903
f 3096//4845 3100//5622 3099//6267
f 3097//6130 3101//5617 3099//4850
f 3102//5905 3105//5005 3106//5840
f 3103//6131 3107//5807 3106//6132
f 3104//5885 3108//5254 3106//5906
f 3109//5907 3112//5908 3113//5846
f 3110//6133 3114//5811 3113//6134
f 3111//5618 3115//5256 3113//5909
f 3116//5910 3119//5911 3120//5912
f 3117//4872 3121//5620 3120//6268
f 3118//5006 3122//5451 3120//4877
f 3123//4951 3126//6269 3127//5814
f 3124//4881 3128//5855 3127//4883
f 3125//4884 3129//5259 3127//5917
f 3130//5623 3133//5454 3134//5918
f 3131//4890 3135//5919 3134//4892
f 3132//4893 3136//5455 3134//6135
f 3089//5038 3091//690 3087//6136
f 3087//5495 3091//690 3088//5041
f 3102//4958 3108//291 3086//4959
f 3108//5863 3104//419 3083//5864
f 3097//5043 3104//297 3107//5284
f 3107//5922 3103//309 3095//5046
f 3097//4966 3100//306 3093//4967
f 3100//5866 3096//547 3090//5867
f 3131//4970 3133//315 3115//4971
f 3133//5868 3130//548 3109//5869
f 3116//5047 3122//711 3114//5923
f 3114//5049 3122//711 3118//5050
f 3123//4978 3129//328 3121//4979
f 3129//5871 3125//331 3118//5872
f 3124//5052 3132//309 3135//5925
f 3135//5286 3131//331 3125//6270
f 3110//5265 3112//726 3084//5875
f 3112//4988 3109//548 3082//4989
f 3117//5926 3119//5877 3094//4991
f 3119//4992 3116//438 3088//4993
f 3124//5268 3126//735 3098//5878
f 3126//5927 3123//767 3096//4997
f 3130//4998 3136//5880 3105//4999
f 3136//5000 3132//309 3103//5001
f 3088//438 3116//438 3110//438
f 3104//297 3097//297 3089//297
f 3082//548 3109//548 3130//548
f 3096//547 3123//547 3117//547
f 3103//309 3132//309 3124//309
f 3118//331 3125//331 3131//331
f 3140//6271 3141//6272 3143//6273
f 3142//6274 3141//6275 3140//4319
f 3139//6276 3143//6277 3141//6278
f 3147//4323 3148//4324 3150//6279
f 3149//6280 3148//6281 3147//6282
f 3146//5928 3150//6283 3148//6284
f 3151//4332 3154//6285 3155//4334
f 3156//5063 3155//4336 3154//6286
f 3153//6287 3157//6288 3155//6289
f 3161//5642 3162//5067 3164//5068
f 3163//4344 3162//5069 3161//6145
f 3160//6290 3164//5645 3162//5299
f 3165//4350 3168//6291 3169//4352
f 3170//5509 3169//5072 3168//5646
f 3167//6292 3171//6293 3169//6294
f 3175//5077 3176//6295 3178//4361
f 3173//6296 3177//6297 3176//6298
f 3174//6299 3178//6300 3176//6301
f 3182//4368 3183//4369 3185//4370
f 3184//4371 3183//4372 3182//6302
f 3181//4374 3185//6156 3183//6303
f 3189//6304 3190//4378 3192//5515
f 3187//4380 3191//5940 3190//4382
f 3188//6305 3192//5941 3190//6306
f 3196//4386 3197//4387 3199//4388
f 3194//6307 3198//6308 3197//6309
f 3199//4392 3197//6310 3198//5086
f 3203//4395 3204//6311 3206//6312
f 3205//5088 3204//6313 3203//4400
f 3202//6314 3206//6315 3204//6316
f 3210//5661 3211//6317 3213//6318
f 3208//4407 3212//6319 3211//6320
f 3209//5092 3213//4411 3211//6321
f 3217//5664 3218//6322 3220//4415
f 3219//6323 3218//4417 3217//6324
f 3216//6162 3220//6163 3218//6325
f 3224//4422 3225//4423 3227//6326
f 3222//4425 3226//4426 3225//6327
f 3223//6328 3227//6329 3225//6330
f 3228//4431 3231//6331 3232//5673
f 3233//5098 3232//4435 3231//5954
f 3230//6332 3234//6333 3232//6334
f 3238//6335 3239//6336 3241//6337
f 3240//4443 3239//6338 3238//4445
f 3237//6339 3241//6340 3239//6341
f 3242//4449 3245//6342 3246//4451
f 3247//6343 3246//5678 3245//5679
f 3244//6344 3248//6345 3246//6346
f 3252//6347 3253//6348 3255//6349
f 3254//6350 3253//4462 3252//5683
f 3255//6351 3253//6352 3254//6353
f 3259//6354 3260//6355 3262//6356
f 3261//6357 3260//6174 3259//6358
f 3262//6359 3260//6360 3261//6361
f 3263//6362 3266//4477 3267//5693
f 3264//6363 3268//5117 3267//5696
f 3269//6364 3267//6365 3268//6366
f 3273//6367 3274//4486 3276//6368
f 3275//4488 3274//6369 3273//4490
f 3276//6370 3274//6371 3275//6372
f 3280//6189 3281//6373 3283//5127
f 3282//6374 3281//6375 3280//6376
f 3283//6377 3281//6378 3282//6379
f 3287//6380 3288//5713 3290//6381
f 3289//5133 3288//5134 3287//5715
f 3290//5136 3288//5717 3289//4511
f 3294//5556 3295//5557 3297//5350
f 3296//4515 3295//6382 3294//6383
f 3297//6384 3295//6385 3296//6386
f 3298//6387 3301//6388 3302//4523
f 3299//4524 3303//5721 3302//6389
f 3304//6390 3302//4528 3303//6391
f 3308//6392 3309//5147 3311//5564
f 3310//6393 3309//4534 3308//6394
f 3311//6395 3309//6396 3310//6397
f 3315//5728 3316//4540 3318//5729
f 3317//6398 3316//6399 3315//6400
f 3318//6401 3316//4546 3317//6402
f 3319//6403 3322//6404 3323//6405
f 3324//6406 3323//6407 3322//5370
f 3321//4554 3325//4555 3323//4556
f 3329//5736 3330//6408 3332//6409
f 3331//6410 3330//6411 3329//6412
f 3332//5160 3330//4564 3331//4565
f 3336//6217 3337//4567 3339//6413
f 3338//6414 3337//6415 3336//6416
f 3339//6417 3337//6418 3338//5379
f 3343//5380 3344//5165 3346//6419
f 3345//6420 3344//6421 3343//6422
f 3346//6423 3344//5745 3345//5993
f 3350//6424 3351//4585 3353//5173
f 3352//6425 3351//6426 3350//6427
f 3353//6428 3351//6429 3352//6430
f 3354//6431 3357//6432 3358//5754
f 3359//6433 3358//6434 3357//6435
f 3356//5390 3360//6436 3358//5758
f 3193//4602 3199//294 3140//4603
f 3199//4604 3195//419 3138//4605
f 3144//4606 3150//2462 3142//6437
f 3150//6438 3146//2530 3139//6439
f 3201//5183 3203//448 3147//4611
f 3203//5184 3200//306 3145//5185
f 3202//6440 3205//1079 3198//4615
f 3205//5396 3201//297 3195//4617
f 3312//315 3318//314 3259//4618
f 3318//314 3314//317 3257//4619
f 3251//6441 3258//2530 3261//6442
f 3261//4622 3257//331 3249//6443
f 3306//326 3308//325 3252//4624
f 3308//325 3305//328 3250//4625
f 3314//4626 3317//1084 3310//6444
f 3317//6445 3313//2115 3307//6446
f 3145//6447 3151//6448 3157//6449
f 3149//6450 3157//6451 3153//6452
f 3208//4636 3210//345 3154//5769
f 3210//4638 3207//478 3152//4639
f 3209//6453 3212//6454 3206//6455
f 3212//6456 3208//6457 3200//6458
f 3319//354 3325//353 3266//4646
f 3325//353 3321//315 3264//4647
f 3258//6459 3265//4649 3268//6460
f 3262//6461 3268//6462 3264//6463
f 3321//6464 3324//6465 3315//6231
f 3324//6466 3320//6232 3313//4659
f 3152//4660 3158//4661 3164//4662
f 3156//5408 3164//4664 3160//4665
f 3215//4666 3217//509 3161//4667
f 3217//5194 3214//328 3159//5195
f 3216//4670 3219//6467 3213//6468
f 3219//4673 3215//4674 3207//6469
f 3326//889 3332//387 3273//4676
f 3332//387 3328//389 3271//4677
f 3265//4678 3272//4679 3275//4680
f 3269//4681 3275//4682 3271//5778
f 3328//4684 3331//4685 3322//4686
f 3331//4687 3327//4688 3320//4689
f 3159//4690 3165//6470 3171//5781
f 3163//4693 3171//6471 3167//6472
f 3222//4696 3224//325 3168//4697
f 3224//4698 3221//326 3166//4699
f 3223//6473 3226//5783 3220//5784
f 3226//6474 3222//6475 3214//6476
f 3333//419 3339//294 3280//4706
f 3339//294 3335//895 3278//4707
f 3272//6477 3279//1424 3282//6478
f 3276//6479 3282//5203 3278//6480
f 3335//6481 3338//6482 3329//6483
f 3338//4716 3334//414 3327//6484
f 3166//4718 3172//331 3178//4719
f 3178//6485 3174//981 3167//6486
f 3229//5207 3231//314 3175//4724
f 3231//4725 3228//315 3173//4726
f 3230//6016 3233//910 3227//6017
f 3233//6487 3229//1468 3221//6488
f 3340//306 3346//448 3287//4731
f 3346//448 3342//303 3285//4732
f 3286//4733 3289//914 3283//6489
f 3289//4735 3285//297 3277//4736
f 3342//4737 3345//5605 3336//6490
f 3345//4739 3341//309 3334//6491
f 3179//5420 3185//4742 3177//5790
f 3185//6492 3181//482 3174//6493
f 3236//4747 3238//353 3182//6494
f 3238//4749 3235//354 3180//4750
f 3230//6495 3237//1439 3240//6496
f 3234//6497 3240//5215 3236//6498
f 3347//478 3353//345 3294//4756
f 3353//345 3349//920 3292//5217
f 3293//4758 3296//4759 3290//4760
f 3296//6499 3292//6500 3284//6243
f 3340//4764 3349//4765 3352//5220
f 3343//4767 3352//4768 3348//6501
f 3186//4770 3192//4771 3184//6502
f 3192//4773 3188//4774 3181//6503
f 3243//4776 3245//387 3189//4777
f 3245//4778 3242//291 3187//4779
f 3237//4780 3244//4781 3247//4782
f 3241//5428 3247//4784 3243//4785
f 3354//4276 3360//509 3301//4786
f 3360//509 3356//377 3299//4787
f 3300//4788 3303//4789 3297//4790
f 3303//4791 3299//4792 3291//4793
f 3347//4794 3356//4795 3359//4796
f 3350//6504 3359//6505 3355//4799
f 3188//6506 3191//4801 3143//6507
f 3191//6508 3187//6509 3137//6510
f 3193//4806 3242//5432 3248//6511
f 3196//6512 3248//6513 3244//6514
f 3298//4812 3304//6515 3254//6516
f 3304//4815 3300//6517 3251//6518
f 3307//5610 3355//4819 3357//4820
f 3311//6037 3357//6519 3354//5612
f 3242//291 3193//291 3137//291
f 3195//297 3201//297 3144//297
f 3146//438 3258//438 3251//438
f 3139//438 3251//438 3300//438
f 3146//438 3153//438 3265//438
f 3200//306 3208//306 3151//306
f 3153//438 3160//438 3272//438
f 3207//547 3215//547 3158//547
f 3160//438 3167//438 3279//438
f 3214//328 3222//328 3165//328
f 3174//438 3286//438 3279//438
f 3221//331 3229//331 3172//331
f 3181//438 3293//438 3286//438
f 3228//315 3236//315 3179//315
f 3188//438 3300//438 3293//438
f 3235//548 3243//548 3186//548
f 3194//309 3307//309 3313//309
f 3194//309 3244//309 3355//309
f 3202//309 3313//309 3320//309
f 3209//309 3320//309 3327//309
f 3216//309 3327//309 3334//309
f 3223//309 3334//309 3341//309
f 3237//309 3230//309 3341//309
f 3244//309 3237//309 3348//309
f 3314//331 3306//331 3249//331
f 3305//328 3354//328 3298//328
f 3321//315 3312//315 3256//315
f 3328//548 3319//548 3263//548
f 3335//291 3326//291 3270//291
f 3342//297 3333//297 3277//297
f 3349//306 3340//306 3284//306
f 3356//547 3347//547 3291//547
f 3361//5881 3364//6520 3365//6521
f 3362//6095 3366//6096 3365//6522
f 3363//6523 3367//4831 3365//6524
f 3368//6525 3371//6526 3372//6527
f 3369//5804 3373//6528 3372//6529
f 3370//6042 3374//6043 3372//6530
f 3375//6531 3378//6532 3379//6533
f 3376//6534 3380//6535 3379//6536
f 3377//6102 3381//5904 3379//5837
f 3382//5626 3385//5005 3386//6256
f 3383//6537 3387//6538 3386//6539
f 3384//5885 3388//6540 3386//6541
f 3389//6053 3392//5908 3393//5809
f 3390//6542 3394//6543 3393//6544
f 3391//5618 3395//6545 3393//6546
f 3396//6109 3399//6547 3400//6548
f 3397//6549 3401//6550 3400//6551
f 3398//6061 3402//6062 3400//6552
f 3403//6064 3406//6065 3407//6553
f 3404//6554 3408//6555 3407//6556
f 3405//6557 3409//6558 3407//6559
f 3410//6113 3413//6560 3414//6561
f 3411//6562 3415//4891 3414//6563
f 3412//6564 3416//6565 3414//6566
f 3369//5816 3371//690 3367//4897
f 3367//6567 3371//2254 3368//5457
f 3382//4900 3388//291 3366//5014
f 3388//4902 3384//297 3363//4903
f 3377//4904 3384//1277 3387//4905
f 3387//6568 3383//961 3375//6569
f 3369//6570 3377//297 3380//6571
f 3380//4910 3376//547 3370//4911
f 3391//6572 3411//331 3413//6573
f 3413//4914 3410//548 3389//4915
f 3396//6574 3402//2261 3394//6575
f 3394//6576 3402//711 3398//5819
f 3397//6577 3403//547 3409//6578
f 3409//4922 3405//331 3398//4923
f 3404//6251 3412//918 3415//6579
f 3415//4926 3411//331 3405//4927
f 3390//5241 3392//6580 3364//6082
f 3392//6581 3389//548 3362//6264
f 3397//6083 3399//665 3374//5031
f 3399//6582 3396//438 3368//6583
f 3404//4936 3406//6584 3378//5246
f 3406//5247 3403//547 3376//6253
f 3410//4940 3416//675 3385//4941
f 3385//6585 3416//2533 3412//6586
f 3368//438 3396//438 3390//438
f 3384//297 3377//297 3369//297
f 3362//548 3389//548 3410//548
f 3376//547 3403//547 3397//547
f 3383//309 3412//309 3404//309
f 3398//331 3405//331 3411//331
f 3417//5881 3420//4825 3421//5439
f 3418//5002 3422//5227 3421//4829
f 3419//5624 3423//5625 3421//4832
f 3424//5003 3427//5442 3428//6587
f 3425//5804 3429//5251 3428//4838
f 3426//5252 3430//6588 3428//6589
f 3431//6044 3434//6045 3435//5903
f 3432//5615 3436//5481 3435//4847
f 3433//5616 3437//5617 3435//6590
f 3438//5626 3441//6255 3442//4853
f 3439//4854 3443//5228 3442//6591
f 3440//6592 3444//5254 3442//6593
f 3445//6053 3448//6257 3449//4862
f 3446//4863 3450//5448 3449//6594
f 3447//4866 3451//5256 3449//4868
f 3452//6109 3455//4870 3456//5619
f 3453//5486 3457//5487 3456//4874
f 3454//5006 3458//5451 3456//5813
f 3459//4951 3462//6595 3463//6553
f 3460//5007 3464//5229 3463//6596
f 3461//5628 3465//5259 3463//4886
f 3466//4887 3469//5630 3470//4889
f 3467//4890 3471//5488 3470//4892
f 3468//6597 3472//6598 3470//6599
f 3419//6600 3425//1277 3427//6601
f 3427//6602 3424//2280 3417//6603
f 3438//4958 3444//291 3422//4959
f 3444//4960 3440//297 3419//4961
f 3440//4962 3443//1568 3437//6604
f 3437//6605 3443//2283 3439//6606
f 3433//4966 3436//306 3429//4967
f 3436//4968 3432//547 3426//4969
f 3467//4970 3469//315 3451//4971
f 3469//4972 3466//548 3445//4973
f 3446//6607 3452//1849 3458//6608
f 3458//6609 3454//1406 3447//6092
f 3459//4978 3465//328 3457//4979
f 3465//5051 3461//331 3454//4981
f 3468//6610 3471//2290 3464//6611
f 3464//4984 3471//655 3467//4985
f 3446//5265 3448//726 3420//6612
f 3448//4988 3445//660 3418//4989
f 3453//4990 3455//665 3430//4991
f 3455//4992 3452//438 3424//4993
f 3460//5268 3462//735 3434//4995
f 3462//4996 3459//547 3432//4997
f 3466//5879 3472//675 3441//4999
f 3472//5270 3468//309 3439//5001
f 3424//438 3452//438 3446//438
f 3440//297 3433//297 3425//297
f 3418//548 3445//548 3466//548
f 3432//547 3459//547 3453//547
f 3439//309 3468//309 3460//309
f 3454//331 3461//331 3467//331
f 3473//5881 3476//6520 3477//6613
f 3474//6614 3478//6615 3477//6616
f 3475//6038 3479//5829 3477//5830
f 3480//6525 3483//6526 3484//6527
f 3481//5804 3485//6528 3484//6529
f 3482//6042 3486//4840 3484//6266
f 3487//6044 3490//6617 3491//6618
f 3488//6046 3492//6047 3491//6619
f 3489//6620 3493//4849 3491//6590
f 3494//5626 3497//5627 3498//6621
f 3495//6537 3499//6538 3498//6539
f 3496//6622 3500//6540 3498//6623
f 3501//6053 3504//6054 3505//6624
f 3502//6542 3506//6543 3505//6544
f 3503//5618 3507//6545 3505//6546
f 3508//6109 3511//6547 3512//6548
f 3509//6058 3513//6625 3512//6626
f 3510//6627 3514//4876 3512//6628
f 3515//6064 3518//5853 3519//5814
f 3516//6554 3520//6555 3519//6556
f 3517//5628 3521//6558 3519//6629
f 3522//6630 3525//6631 3526//6632
f 3523//6070 3527//6071 3526//6633
f 3524//6597 3528//6634 3526//6599
f 3475//5009 3481//297 3483//5010
f 3483//5011 3480//320 3473//6635
f 3474//6636 3494//548 3500//6637
f 3500//4902 3496//297 3475//4903
f 3496//5271 3499//631 3493//5016
f 3493//6638 3499//1142 3495//5018
f 3481//6570 3489//297 3492//6571
f 3492//4910 3488//547 3482//4911
f 3523//4912 3525//315 3507//6078
f 3525//4914 3522//548 3501//4915
f 3502//6639 3508//438 3514//6640
f 3514//5021 3510//331 3503//5022
f 3515//4920 3521//328 3513//4921
f 3521//4922 3517//331 3510//4923
f 3524//5025 3527//655 3520//5277
f 3520//6641 3527//655 3523//5278
f 3502//4928 3504//6642 3476//6082
f 3504//5242 3501//548 3474//6264
f 3509//4932 3511//665 3486//5031
f 3511//6582 3508//438 3480//6583
f 3516//5494 3518//6643 3490//5246
f 3518//6644 3515//547 3488//6253
f 3522//6128 3528//675 3497//4941
f 3528//6645 3524//309 3495//6646
f 3480//438 3508//438 3502//438
f 3496//297 3489//297 3481//297
f 3474//548 3501//548 3522//548
f 3488//547 3515//547 3509//547
f 3495//309 3524//309 3516//309
f 3510//331 3517//331 3523//331
f 3529//5881 3532//4825 3533//5613
f 3530//5828 3534//5441 3533//4829
f 3531//5624 3535//5625 3533//6524
f 3536//5003 3539//5442 3540//6587
f 3537//4836 3541//5251 3540//4838
f 3538//6042 3542//6265 3540//4841
f 3543//6531 3546//6647 3547//6533
f 3544//4845 3548//5622 3547//4847
f 3545//5616 3549//5617 3547//4850
f 3550//5279 3553//6648 3554//6649
f 3551//4854 3555//5228 3554//6591
f 3552//5885 3556//5254 3554//4859
f 3557//5037 3560//6650 3561//6624
f 3558//4863 3562//5448 3561//6594
f 3559//5618 3563//5256 3561//4868
f 3564//6109 3567//4870 3568//5619
f 3565//4872 3569//5620 3568//4874
f 3566//5006 3570//5451 3568//4877
f 3571//6064 3574//6269 3575//4880
f 3572//5007 3576//5229 3575//6596
f 3573//6651 3577//5259 3575//6652
f 3578//5453 3581//5454 3582//4889
f 3579//4890 3583//5488 3582//5890
f 3580//6564 3584//6116 3582//5861
f 3537//6653 3539//690 3535//6654
f 3535//6655 3539//2227 3536//6656
f 3550//4958 3556//291 3534//4959
f 3556//5042 3552//419 3531//4961
f 3545//6657 3552//297 3555//5284
f 3555//5045 3551//309 3543//5046
f 3545//4966 3548//306 3541//4967
f 3548//4968 3544//547 3538//4969
f 3579//4970 3581//315 3563//4971
f 3581//4972 3578//548 3557//4973
f 3564//6658 3570//2230 3562//6659
f 3562//6660 3570//711 3566//5050
f 3571//4978 3577//328 3569//4979
f 3577//5051 3573//331 3566//4981
f 3572//5052 3580//309 3583//5053
f 3583//5286 3579//331 3573//6270
f 3558//5265 3560//726 3532//4987
f 3560//4988 3557//548 3530//4989
f 3565//5926 3567//665 3542//4991
f 3567//5288 3564//438 3536//4993
f 3572//5268 3574//735 3546//6661
f 3574//4996 3571//767 3544//4997
f 3578//4998 3584//675 3553//4999
f 3584//5000 3580//309 3551//5001
f 3536//438 3564//438 3558//438
f 3552//297 3545//297 3537//297
f 3530//548 3557//548 3578//548
f 3544//547 3571//547 3565//547
f 3551//309 3580//309 3572//309
f 3566//331 3573//331 3579//331
f 3588//4314 3589//6662 3591//4316
f 3590//4317 3589//6663 3588//4319
f 3587//6664 3591//6665 3589//4322
f 3595//4323 3596//6666 3598//6667
f 3597//4326 3596//6668 3595//6139
f 3594//6669 3598//6670 3596//6671
f 3599//4332 3602//6285 3603//4334
f 3604//6672 3603//6673 3602//6674
f 3601//6675 3605//6288 3603//6289
f 3609//4341 3610//5067 3612//6676
f 3611//4344 3610//6677 3609//4346
f 3608//6290 3612//5645 3610//4349
f 3613//6678 3616//6679 3617//6680
f 3618//6681 3617//6682 3616//5646
f 3615//6683 3619//6684 3617//6294
f 3623//5647 3624//6685 3626//6149
f 3621//4362 3625//4363 3624//6686
f 3622//6687 3626//6688 3624//6689
f 3630//4368 3631//6690 3633//6691
f 3632//4371 3631//4372 3630//6302
f 3629//4374 3633//5937 3631//6692
f 3637//6693 3638//6694 3640//6695
f 3635//4380 3639//5940 3638//4382
f 3636//6305 3640//5941 3638//6306
f 3644//6696 3645//6697 3647//6698
f 3642//6699 3646//6700 3645//6701
f 3647//4392 3645//6702 3646//5086
f 3651//6703 3652//6704 3654//6705
f 3653//5088 3652//6706 3651//4400
f 3650//6707 3654//6708 3652//6709
f 3658//6710 3659//6711 3661//6712
f 3656//6713 3660//4408 3659//6714
f 3657//6715 3661//6716 3659//6717
f 3665//6718 3666//6719 3668//6720
f 3667//5094 3666//6721 3665//6722
f 3664//6723 3668//6724 3666//6725
f 3672//6726 3673//4423 3675//6727
f 3670//6728 3674//6729 3673//6730
f 3671//6731 3675//6732 3673//6733
f 3676//6734 3679//6735 3680//6736
f 3681//6737 3680//4435 3679//6738
f 3678//6739 3682//6740 3680//6334
f 3686//6741 3687//6336 3689//6742
f 3688//6743 3687//6744 3686//6745
f 3685//6746 3689//6747 3687//5106
f 3690//6748 3693//6342 3694//6169
f 3695//6749 3694//6750 3693//6751
f 3692//6344 3696//6752 3694//6753
f 3700//6754 3701//4459 3703//6755
f 3702//6350 3701//6756 3700//6757
f 3703//6758 3701//6759 3702//6760
f 3707//6761 3708//5331 3710//6762
f 3709//6357 3708//4471 3707//6763
f 3710//6764 3708//6765 3709//6766
f 3711//6362 3714//6767 3715//5693
f 3712//6768 3716//6769 3715//6770
f 3717//6771 3715//6772 3716//6773
f 3721//6774 3722//6775 3724//6776
f 3723//6777 3722//4489 3721//6778
f 3724//6779 3722//6780 3723//6781
f 3728//4494 3729//6373 3731//4496
f 3730//4497 3729//6782 3728//6783
f 3731//6784 3729//6785 3730//6786
f 3735//6787 3736//6788 3738//5132
f 3737//6789 3736//5134 3735//5715
f 3738//6790 3736//6791 3737//6792
f 3742//6793 3743//6794 3745//6795
f 3744//6796 3743//6797 3742//6798
f 3745//6799 3743//6800 3744//6801
f 3746//6802 3749//6803 3750//4523
f 3747//6804 3751//5352 3750//6805
f 3752//6806 3750//6807 3751//6808
f 3756//6809 3757//6810 3759//6811
f 3758//4533 3757//4534 3756//6812
f 3759//6813 3757//6814 3758//6815
f 3763//6816 3764//6817 3766//6818
f 3765//5153 3764//6819 3763//6820
f 3766//6821 3764//4546 3765//6822
f 3767//6823 3770//6824 3771//6825
f 3772//6826 3771//6827 3770//6828
f 3769//6829 3773//6830 3771//6831
f 3777//6832 3778//5159 3780//6833
f 3779//6834 3778//6835 3777//6836
f 3780//6837 3778//5161 3779//6838
f 3784//6839 3785//4567 3787//6840
f 3786//6841 3785//6842 3784//6843
f 3787//6844 3785//6845 3786//6846
f 3791//6847 3792//6848 3794//6849
f 3793//6850 3792//6851 3791//6852
f 3794//6853 3792//5745 3793//6854
f 3798//6424 3799//4585 3801//6855
f 3800//6856 3799//6857 3798//6858
f 3801//6859 3799//6860 3800//6861
f 3802//6862 3805//6863 3806//6864
f 3807//6865 3806//6866 3805//6867
f 3804//5390 3808//6868 3806//6869
f 3641//4602 3647//294 3588//4603
f 3647//4604 3643//419 3586//4605
f 3592//6870 3598//2462 3590//6871
f 3598//6872 3594//6873 3587//6874
f 3649//5183 3651//448 3595//4611
f 3651//5184 3648//306 3593//5185
f 3642//6875 3650//309 3653//6876
f 3653//4616 3649//1277 3643//4617
f 3760//315 3766//314 3707//4618
f 3766//314 3762//317 3705//4619
f 3699//6441 3706//981 3709//6877
f 3709//4622 3705//331 3697//6443
f 3754//326 3756//325 3700//4624
f 3756//325 3753//328 3698//4625
f 3762//6000 3765//334 3758//6001
f 3765//4628 3761//918 3755//4629
f 3593//4630 3599//6448 3605//6449
f 3597//6878 3605//4634 3601//4635
f 3656//4636 3658//345 3602//5769
f 3658//4638 3655//478 3600//4639
f 3657//6879 3660//4641 3654//6880
f 3660//6881 3656//5190 3648//6882
f 3767//354 3773//353 3714//4646
f 3773//353 3769//315 3712//4647
f 3706//6459 3713//6883 3716//6460
f 3710//6884 3716//6885 3712//6886
f 3769//6464 3772//6887 3763//6888
f 3772//6889 3768//6890 3761//6891
f 3600//4660 3606//4661 3612//4662
f 3604//5408 3612//4664 3608//4665
f 3663//4666 3665//509 3609//4667
f 3665//5194 3662//328 3607//5195
f 3664//4670 3667//6467 3661//6468
f 3667//4673 3663//4674 3655//6469
f 3774//889 3780//387 3721//4676
f 3780//387 3776//389 3719//4677
f 3713//5776 3720//4679 3723//6892
f 3717//4681 3723//6893 3719//5778
f 3776//5198 3779//4685 3770//4686
f 3779//6894 3775//4688 3768//4689
f 3607//4690 3613//6470 3619//5781
f 3611//6895 3619//6471 3615//6472
f 3670//4696 3672//325 3616//4697
f 3672//4698 3669//326 3614//4699
f 3671//6473 3674//5783 3668//5784
f 3674//6474 3670//6475 3662//6476
f 3781//419 3787//294 3728//4706
f 3787//294 3783//895 3726//4707
f 3720//6896 3727//407 3730//6478
f 3724//6897 3730//6898 3726//4712
f 3783//5415 3786//5785 3777//4715
f 3786//6899 3782//414 3775//6484
f 3614//6900 3620//331 3626//4719
f 3626//6901 3622//2530 3615//6486
f 3677//5207 3679//314 3623//4724
f 3679//4725 3676//315 3621//4726
f 3678//4727 3681//910 3675//6017
f 3681//5210 3677//331 3669//6488
f 3788//306 3794//448 3735//4731
f 3794//448 3790//303 3733//4732
f 3734//4733 3737//914 3731//6489
f 3737//4735 3733//297 3725//4736
f 3790//4737 3793//1434 3784//6490
f 3793//6902 3789//918 3782//6903
f 3627//5420 3633//4742 3625//5790
f 3633//6904 3629//6905 3622//6906
f 3684//4747 3686//353 3630//6494
f 3686//4749 3683//354 3628//4750
f 3678//6907 3685//3017 3688//6496
f 3682//6497 3688//4754 3684//4755
f 3795//478 3801//345 3742//4756
f 3801//345 3797//920 3740//5217
f 3741//4758 3744//4759 3738//4760
f 3744//5219 3740//4762 3732//6243
f 3788//6244 3797//6245 3800//6908
f 3791//4767 3800//4768 3796//6501
f 3634//6909 3640//4771 3632//4772
f 3640//4773 3636//4774 3629//4775
f 3691//4776 3693//387 3637//4777
f 3693//4778 3690//291 3635//4779
f 3685//4780 3692//4781 3695//4782
f 3689//5428 3695//4784 3691//4785
f 3802//4276 3808//509 3749//4786
f 3808//509 3804//377 3747//4787
f 3748//4788 3751//4789 3745//6910
f 3751//4791 3747//4792 3739//6911
f 3795//4794 3804//4795 3807//4796
f 3798//6504 3807//6505 3803//4799
f 3636//6506 3639//4801 3591//6507
f 3639//6508 3635//6509 3585//6510
f 3641//4806 3690//6912 3696//6511
f 3644//6913 3696//4810 3692//4811
f 3746//6914 3752//6915 3702//6916
f 3752//6917 3748//6918 3699//6919
f 3755//6920 3803//6921 3805//6922
f 3759//6923 3805//6924 3802//6925
f 3690//291 3641//291 3585//291
f 3643//297 3649//297 3592//297
f 3594//438 3706//438 3699//438
f 3587//438 3699//438 3748//438
f 3594//438 3601//438 3713//438
f 3648//306 3656//306 3599//306
f 3601//438 3608//438 3720//438
f 3655//547 3663//547 3606//547
f 3608//438 3615//438 3727//438
f 3662//328 3670//328 3613//328
f 3622//438 3734//438 3727//438
f 3669//331 3677//331 3620//331
f 3629//438 3741//438 3734//438
f 3676//315 3684//315 3627//315
f 3636//438 3748//438 3741//438
f 3683//548 3691//548 3634//548
f 3642//309 3755//309 3761//309
f 3642//309 3692//309 3803//309
f 3650//309 3761//309 3768//309
f 3657//309 3768//309 3775//309
f 3664//309 3775//309 3782//309
f 3671//309 3782//309 3789//309
f 3685//309 3678//309 3789//309
f 3692//309 3685//309 3796//309
f 3762//331 3754//331 3697//331
f 3753//328 3802//328 3746//328
f 3769//315 3760//315 3704//315
f 3776//548 3767//548 3711//548
f 3783//291 3774//291 3718//291
f 3790//297 3781//297 3725//297
f 3797//306 3788//306 3732//306
f 3804//547 3795//547 3739//547
f 3809//6093 3812//6926 3813//6927
f 3810//6095 3814//6096 3813//6522
f 3811//6523 3815//4831 3813//6524
f 3816//6525 3819//6526 3820//6527
f 3817//6928 3821//6528 3820//6929
f 3818//6042 3822//6043 3820//6530
f 3823//6531 3826//6532 3827//6533
f 3824//6534 3828//6535 3827//6536
f 3825//6102 3829//5904 3827//5837
f 3830//5626 3833//5005 3834//6256
f 3831//6537 3835//6538 3834//6539
f 3832//5885 3836//6540 3834//6541
f 3837//6053 3840//5908 3841//5809
f 3838//6542 3842//6543 3841//6544
f 3839//5618 3843//6545 3841//6546
f 3844//6930 3847//6931 3848//6932
f 3845//6549 3849//6550 3848//6551
f 3846//6061 3850//6062 3848//6552
f 3851//6064 3854//6065 3855//6553
f 3852//6554 3856//6555 3855//6556
f 3853//6557 3857//6558 3855//6559
f 3858//6113 3861//6560 3862//6561
f 3859//6562 3863//4891 3862//6563
f 3860//6564 3864//6565 3862//6566
f 3817//5816 3819//690 3815//4897
f 3815//6567 3819//2254 3816//5457
f 3830//4900 3836//291 3814//5014
f 3836//4902 3832//297 3811//4903
f 3825//6933 3832//297 3835//4905
f 3835//6934 3831//1401 3823//6935
f 3817//6570 3825//297 3828//6571
f 3828//4910 3824//547 3818//4911
f 3839//6572 3859//331 3861//6573
f 3861//4914 3858//548 3837//4915
f 3844//6574 3850//2261 3842//6575
f 3842//6576 3850//711 3846//5819
f 3845//6577 3851//547 3857//6578
f 3857//4922 3853//331 3846//4923
f 3852//6936 3860//2115 3863//6937
f 3863//4926 3859//331 3853//6252
f 3838//5241 3840//6580 3812//6082
f 3840//6581 3837//548 3810//6264
f 3845//6083 3847//665 3822//5031
f 3847//6582 3844//438 3816//6583
f 3852//4936 3854//6584 3826//5246
f 3854//5247 3851//547 3824//6253
f 3858//4940 3864//675 3833//4941
f 3864//6645 3860//309 3831//6646
f 3816//438 3844//438 3838//438
f 3832//297 3825//297 3817//297
f 3810//548 3837//548 3858//548
f 3824//547 3851//547 3845//547
f 3831//309 3860//309 3852//309
f 3846//331 3853//331 3859//331
f 3865//6938 3868//6939 3869//6940
f 3866//5002 3870//5227 3869//4829
f 3867//5624 3871//5625 3869//4832
f 3872//5003 3875//5442 3876//6587
f 3873//5804 3877//5251 3876//4838
f 3874//5252 3878//6588 3876//6589
f 3879//6044 3882//6045 3883//5903
f 3880//5615 3884//5481 3883//4847
f 3881//5616 3885//5617 3883//6590
f 3886//5626 3889//6255 3890//4853
f 3887//4854 3891//5228 3890//6591
f 3888//6592 3892//5254 3890//6593
f 3893//6053 3896//6257 3897//4862
f 3894//4863 3898//5448 3897//6594
f 3895//6941 3899//5256 3897//6942
f 3900//6943 3903//6057 3904//5912
f 3901//5486 3905//5487 3904//4874
f 3902//5006 3906//5451 3904//5813
f 3907//4951 3910//6595 3911//6553
f 3908//5007 3912//5229 3911//6596
f 3909//5628 3913//5259 3911//4886
f 3914//4887 3917//5630 3918//4889
f 3915//4890 3919//5488 3918//4892
f 3916//6597 3920//6598 3918//6599
f 3867//6600 3873//297 3875//5260
f 3875//4956 3872//438 3865//4957
f 3886//4958 3892//291 3870//4959
f 3892//4960 3888//297 3867//4961
f 3888//4962 3891//1568 3885//6604
f 3885//6944 3891//2563 3887//6945
f 3881//4966 3884//306 3877//4967
f 3884//4968 3880//547 3874//4969
f 3915//4970 3917//315 3899//4971
f 3917//4972 3914//548 3893//4973
f 3894//4974 3900//438 3906//4975
f 3906//5263 3902//331 3895//6092
f 3907//4978 3913//328 3905//4979
f 3913//5051 3909//331 3902//4981
f 3916//6610 3919//2290 3912//6611
f 3912//5874 3919//1572 3915//4985
f 3894//5265 3896//726 3868//6612
f 3896//4988 3893//660 3866//4989
f 3901//4990 3903//665 3878//4991
f 3903//4992 3900//438 3872//4993
f 3908//5268 3910//735 3882//4995
f 3910//4996 3907//547 3880//4997
f 3914//5879 3920//675 3889//4999
f 3920//5270 3916//309 3887//5001
f 3872//438 3900//438 3894//438
f 3888//297 3881//297 3873//297
f 3866//548 3893//548 3914//548
f 3880//547 3907//547 3901//547
f 3887//309 3916//309 3908//309
f 3902//331 3909//331 3915//331
f 3921//6938 3924//6946 3925//6940
f 3922//6614 3926//6615 3925//6616
f 3923//6038 3927//5829 3925//5830
f 3928//6525 3931//6526 3932//6527
f 3929//5804 3933//6528 3932//6529
f 3930//6042 3934//4840 3932//6266
f 3935//6044 3938//6617 3939//6618
f 3936//6046 3940//6047 3939//6619
f 3937//6620 3941//4849 3939//6590
f 3942//5626 3945//5627 3946//6621
f 3943//6537 3947//6538 3946//6539
f 3944//6622 3948//6540 3946//6623
f 3949//6053 3952//6054 3953//6624
f 3950//6542 3954//6543 3953//6544
f 3951//6947 3955//6545 3953//6948
f 3956//6943 3959//6949 3960//6950
f 3957//6058 3961//6625 3960//6626
f 3958//6627 3962//4876 3960//6628
f 3963//6064 3966//5853 3967//5814
f 3964//6554 3968//6555 3967//6556
f 3965//5628 3969//6558 3967//6629
f 3970//6630 3973//6631 3974//6632
f 3971//6070 3975//6071 3974//6633
f 3972//6597 3976//6634 3974//6599
f 3923//6951 3929//297 3931//5010
f 3931//6952 3928//1853 3921//6953
f 3922//6636 3942//548 3948//6637
f 3948//4902 3944//297 3923//4903
f 3944//5271 3947//631 3941//5016
f 3941//6954 3947//2283 3943//5491
f 3929//6570 3937//297 3940//6571
f 3940//4910 3936//547 3930//4911
f 3971//4912 3973//315 3955//6078
f 3973//4914 3970//548 3949//4915
f 3950//6955 3956//2530 3962//6956
f 3962//5021 3958//331 3951//6262
f 3963//4920 3969//328 3961//4921
f 3969//4922 3965//331 3958//4923
f 3972//6124 3975//2532 3968//6957
f 3968//6641 3975//655 3971//5278
f 3950//4928 3952//6642 3924//6082
f 3952//5242 3949//548 3922//6264
f 3957//4932 3959//665 3934//5031
f 3959//6582 3956//438 3928//6583
f 3964//5494 3966//6643 3938//5246
f 3966//6644 3963//547 3936//6253
f 3970//6128 3976//675 3945//4941
f 3976//6645 3972//309 3943//6646
f 3928//438 3956//438 3950//438
f 3944//297 3937//297 3929//297
f 3922//548 3949//548 3970//548
f 3936//547 3963//547 3957//547
f 3943//309 3972//309 3964//309
f 3958//331 3965//331 3971//331
f 3977//6093 3980//6094 3981//5827
f 3978//5828 3982//5441 3981//4829
f 3979//5624 3983//5625 3981//6524
f 3984//5003 3987//5442 3988//6587
f 3985//6958 3989//5251 3988//6959
f 3986//6042 3990//6265 3988//4841
f 3991//6531 3994//6647 3995//6533
f 3992//4845 3996//5622 3995//4847
f 3993//5616 3997//5617 3995//4850
f 3998//5279 4001//6648 4002//6649
f 3999//4854 4003//5228 4002//6591
f 4000//5885 4004//5254 4002//4859
f 4005//5037 4008//6650 4009//6624
f 4006//4863 4010//5448 4009//6594
f 4007//5618 4011//5256 4009//4868
f 4012//6930 4015//6960 4016//6932
f 4013//4872 4017//5620 4016//4874
f 4014//5006 4018//5451 4016//4877
f 4019//6064 4022//6269 4023//4880
f 4020//5007 4024//5229 4023//6596
f 4021//6651 4025//5259 4023//6652
f 4026//5453 4029//5454 4030//4889
f 4027//4890 4031//5488 4030//5890
f 4028//6564 4032//6116 4030//5861
f 3985//5038 3987//1510 3983//6961
f 3983//6962 3987//2542 3984//6963
f 3998//4958 4004//291 3982//4959
f 4004//5042 4000//419 3979//4961
f 3993//6657 4000//297 4003//5284
f 4003//5045 3999//309 3991//5046
f 3993//4966 3996//306 3989//4967
f 3996//4968 3992//547 3986//4969
f 4027//4970 4029//315 4011//4971
f 4029//4972 4026//548 4005//4973
f 4012//6658 4018//2230 4010//6659
f 4010//5924 4018//1520 4014//5050
f 4019//4978 4025//328 4017//4979
f 4025//5051 4021//331 4014//4981
f 4020//5052 4028//309 4031//5053
f 4031//5286 4027//331 4021//6270
f 4006//5265 4008//726 3980//4987
f 4008//4988 4005//548 3978//4989
f 4013//5926 4015//665 3990//4991
f 4015//5288 4012//438 3984//4993
f 4020//5268 4022//735 3994//6661
f 4022//4996 4019//767 3992//4997
f 4026//4998 4032//675 4001//4999
f 4032//5000 4028//309 3999//5001
f 3984//438 4012//438 4006//438
f 4000//297 3993//297 3985//297
f 3978//548 4005//548 4026//548
f 3992//547 4019//547 4013//547
f 3999//309 4028//309 4020//309
f 4014//331 4021//331 4027//331
f 4036//6271 4037//6272 4039//6273
f 4038//6274 4037//6275 4036//4319
f 4035//6964 4039//6965 4037//4322
f 4043//4323 4044//5059 4046//6279
f 4045//4326 4044//5505 4043//6966
f 4042//5928 4046//6283 4044//6284
f 4047//4332 4050//6285 4051//5639
f 4052//6967 4051//6968 4050//6969
f 4049//6970 4053//6971 4051//6972
f 4057//5642 4058//5067 4060//4343
f 4059//4344 4058//5069 4057//6145
f 4056//6290 4060//5645 4058//5299
f 4061//4350 4064//6291 4065//4352
f 4066//5509 4065//5072 4064//5646
f 4063//6973 4067//6293 4065//6974
f 4071//5512 4072//5303 4074//4361
f 4069//6296 4073//6297 4072//6298
f 4070//6299 4074//6300 4072//6301
f 4078//4368 4079//4369 4081//4370
f 4080//4371 4079//4372 4078//6302
f 4077//4374 4081//6156 4079//6303
f 4085//6975 4086//6694 4088//6695
f 4083//4380 4087//5940 4086//4382
f 4084//6976 4088//6977 4086//6978
f 4092//6696 4093//6979 4095//6698
f 4090//6980 4094//6981 4093//6982
f 4095//4392 4093//6983 4094//5309
f 4099//6703 4100//6704 4102//6705
f 4101//6984 4100//6985 4099//4400
f 4098//6986 4102//6987 4100//6316
f 4106//6710 4107//6988 4109//6712
f 4104//4407 4108//6319 4107//6714
f 4105//6715 4109//6989 4107//6717
f 4113//6718 4114//6719 4116//6720
f 4115//5094 4114//6721 4113//6722
f 4112//6723 4116//6724 4114//6725
f 4120//6726 4121//4423 4123//6727
f 4118//6728 4122//6729 4121//6730
f 4119//6731 4123//6732 4121//6733
f 4124//6734 4127//6735 4128//6736
f 4129//6737 4128//4435 4127//6738
f 4126//6739 4130//6740 4128//6334
f 4134//6741 4135//6336 4137//6742
f 4136//6743 4135//6744 4134//6745
f 4133//6746 4137//6747 4135//5106
f 4138//6748 4141//6342 4142//6169
f 4143//6749 4142//6750 4141//6751
f 4140//6344 4144//6752 4142//6753
f 4148//6990 4149//6348 4151//6991
f 4150//6992 4149//5955 4148//6993
f 4151//6994 4149//6995 4150//6996
f 4155//4467 4156//6997 4158//6762
f 4157//6357 4156//6174 4155//6358
f 4158//4473 4156//5691 4157//5114
f 4159//6362 4162//4477 4163//5693
f 4160//6363 4164//5117 4163//5696
f 4165//6998 4163//6999 4164//7000
f 4169//7001 4170//4486 4172//7002
f 4171//4488 4170//6186 4169//4490
f 4172//7003 4170//7004 4171//7005
f 4176//7006 4177//7007 4179//7008
f 4178//7009 4177//5546 4176//5708
f 4179//7010 4177//7011 4178//7012
f 4183//6787 4184//4504 4186//7013
f 4185//5133 4184//7014 4183//5715
f 4186//7015 4184//7016 4185//7017
f 4190//5718 4191//5966 4193//4514
f 4192//7018 4191//6382 4190//6383
f 4193//4518 4191//7019 4192//7020
f 4194//4521 4197//5559 4198//4523
f 4195//7021 4199//5352 4198//6389
f 4200//7022 4198//7023 4199//7024
f 4204//5724 4205//7025 4207//7026
f 4206//6393 4205//7027 4204//7028
f 4207//7029 4205//7030 4206//7031
f 4211//4539 4212//7032 4214//7033
f 4213//7034 4212//7035 4211//7036
f 4214//7037 4212//7038 4213//7039
f 4215//6823 4218//6824 4219//7040
f 4220//7041 4219//7042 4218//7043
f 4217//6829 4221//7044 4219//6831
f 4225//6832 4226//5159 4228//6833
f 4227//6834 4226//6835 4225//6836
f 4228//6837 4226//5161 4227//6838
f 4232//6839 4233//4567 4235//6840
f 4234//6841 4233//6842 4232//6843
f 4235//6844 4233//6845 4234//6846
f 4239//5380 4240//5165 4242//5743
f 4241//7045 4240//6421 4239//7046
f 4242//6853 4240//7047 4241//6854
f 4246//6424 4247//4585 4249//6855
f 4248//6856 4247//6857 4246//6858
f 4249//6859 4247//6860 4248//7048
f 4250//7049 4253//7050 4254//7051
f 4255//7052 4254//7053 4253//7054
f 4252//5390 4256//6868 4254//7055
f 4089//4602 4095//294 4036//4603
f 4095//4604 4091//419 4034//4605
f 4040//6870 4046//2462 4038//6871
f 4046//6872 4042//6873 4035//6874
f 4097//5393 4099//448 4043//4611
f 4099//5184 4096//306 4041//5185
f 4098//6440 4101//1079 4094//4615
f 4101//5396 4097//1277 4091//4617
f 4208//315 4214//314 4155//4618
f 4214//314 4210//317 4153//4619
f 4154//912 4157//2073 4151//4621
f 4151//5186 4157//1404 4153//4626
f 4202//326 4204//325 4148//4624
f 4204//325 4201//328 4146//4625
f 4210//4626 4213//1084 4206//6444
f 4213//7056 4209//2846 4203//7057
f 4041//4630 4047//5400 4053//6449
f 4045//6878 4053//4634 4049//7058
f 4104//4636 4106//345 4050//5769
f 4106//4638 4103//478 4048//4639
f 4105//4640 4108//7059 4102//6880
f 4108//7060 4104//5190 4096//4645
f 4215//354 4221//353 4162//4646
f 4221//353 4217//315 4160//4647
f 4154//6459 4161//6883 4164//7061
f 4158//6007 4164//6885 4160//6009
f 4217//4654 4220//7062 4211//6231
f 4220//4657 4216//7063 4209//7064
f 4048//4660 4054//4661 4060//4662
f 4052//7065 4060//4664 4056//4665
f 4111//4666 4113//509 4057//4667
f 4113//5194 4110//328 4055//5195
f 4112//4670 4115//6467 4109//6468
f 4115//4673 4111//4674 4103//6469
f 4222//889 4228//387 4169//4676
f 4228//387 4224//389 4167//4677
f 4161//4678 4168//4679 4171//4680
f 4165//4681 4171//4682 4167//5778
f 4224//5198 4227//4685 4218//4686
f 4227//6894 4223//4688 4216//4689
f 4055//7066 4061//4691 4067//5199
f 4059//6895 4067//6471 4063//6472
f 4118//4696 4120//325 4064//4697
f 4120//4698 4117//326 4062//4699
f 4119//6233 4122//4701 4116//4702
f 4122//4703 4118//4704 4110//4705
f 4229//419 4235//294 4176//4706
f 4235//294 4231//895 4174//4707
f 4168//6477 4175//1424 4178//6478
f 4172//6479 4178//4711 4174//4712
f 4231//5415 4234//5785 4225//4715
f 4234//7067 4230//892 4223//6484
f 4062//6900 4068//331 4074//4719
f 4074//6901 4070//2530 4063//6486
f 4125//4722 4127//314 4071//4724
f 4127//4725 4124//315 4069//4726
f 4126//7068 4129//5417 4123//5418
f 4129//5210 4125//331 4117//6488
f 4236//306 4242//448 4183//4731
f 4242//448 4238//303 4181//4732
f 4175//7069 4182//438 4185//5213
f 4185//7070 4181//1277 4173//4736
f 4238//4737 4241//5605 4232//6490
f 4241//7071 4237//1401 4230//7072
f 4075//5420 4081//4742 4073//5790
f 4081//6492 4077//482 4070//6493
f 4132//4747 4134//353 4078//6494
f 4134//4749 4131//354 4076//4750
f 4126//6495 4133//1439 4136//6496
f 4130//6497 4136//4754 4132//4755
f 4243//478 4249//345 4190//4756
f 4249//345 4245//920 4188//5217
f 4189//5218 4192//7073 4186//5424
f 4192//6024 4188//6500 4180//6243
f 4236//4764 4245//4765 4248//5220
f 4239//5795 4248//6025 4244//4769
f 4082//6909 4088//4771 4080//4772
f 4088//4773 4084//4774 4077//4775
f 4139//4776 4141//387 4085//4777
f 4141//4778 4138//291 4083//4779
f 4133//4780 4140//4781 4143//4782
f 4137//5428 4143//4784 4139//4785
f 4250//4276 4256//509 4197//4786
f 4256//509 4252//377 4195//4787
f 4196//4788 4199//4789 4193//4790
f 4199//4791 4195//4792 4187//4793
f 4243//4794 4252//4795 4255//4796
f 4246//6504 4255//6505 4251//4799
f 4084//6506 4087//4801 4039//6507
f 4087//7074 4083//5223 4033//7075
f 4089//7076 4138//6912 4144//6511
f 4092//6913 4144//4810 4140//4811
f 4194//6914 4200//6915 4150//6916
f 4200//6917 4196//6918 4147//6919
f 4203//6920 4251//7077 4253//6036
f 4207//7078 4253//6519 4250//5612
f 4138//291 4089//291 4033//291
f 4091//297 4097//297 4040//297
f 4042//438 4154//438 4147//438
f 4035//438 4147//438 4196//438
f 4042//438 4049//438 4161//438
f 4096//306 4104//306 4047//306
f 4049//438 4056//438 4168//438
f 4103//547 4111//547 4054//547
f 4056//438 4063//438 4175//438
f 4110//328 4118//328 4061//328
f 4070//438 4182//438 4175//438
f 4117//331 4125//331 4068//331
f 4077//438 4189//438 4182//438
f 4124//315 4132//315 4075//315
f 4084//438 4196//438 4189//438
f 4131//548 4139//548 4082//548
f 4090//309 4203//309 4209//309
f 4090//309 4140//309 4251//309
f 4098//309 4209//309 4216//309
f 4105//309 4216//309 4223//309
f 4112//309 4223//309 4230//309
f 4119//309 4230//309 4237//309
f 4133//309 4126//309 4237//309
f 4140//309 4133//309 4244//309
f 4210//331 4202//331 4145//331
f 4201//328 4250//328 4194//328
f 4217//315 4208//315 4152//315
f 4224//548 4215//548 4159//548
f 4231//291 4222//291 4166//291
f 4238//297 4229//297 4173//297
f 4245//306 4236//306 4180//306
f 4252//547 4243//547 4187//547
f 4257//6093 4260//6926 4261//6927
f 4258//5828 4262//6096 4261//7079
f 4259//6523 4263//4831 4261//6524
f 4264//6525 4267//6526 4268//6527
f 4265//6928 4269//7080 4268//7081
f 4266//6042 4270//4840 4268//6266
f 4271//6531 4274//6532 4275//6533
f 4272//6534 4276//6535 4275//6536
f 4273//6049 4277//5904 4275//7082
f 4278//5626 4281//5005 4282//6256
f 4279//6537 4283//6538 4282//6539
f 4280//5885 4284//6540 4282//6541
f 4285//6053 4288//5908 4289//5809
f 4286//6542 4290//6543 4289//6544
f 4287//5618 4291//6545 4289//6546
f 4292//6930 4295//6931 4296//6932
f 4293//6549 4297//6550 4296//6551
f 4294//7083 4298//6062 4296//5914
f 4299//6064 4302//5853 4303//5814
f 4300//6554 4304//6555 4303//6556
f 4301//6557 4305//7084 4303//7085
f 4306//5453 4309//6069 4310//7086
f 4307//6562 4311//4891 4310//6563
f 4308//6564 4312//6565 4310//6566
f 4265//5816 4267//690 4263//4897
f 4263//7087 4267//1173 4264//4899
f 4278//5013 4284//291 4262//5014
f 4284//4902 4280//297 4259//4903
f 4273//4904 4280//297 4283//4905
f 4283//6568 4279//961 4271//6569
f 4265//6570 4273//297 4276//6571
f 4276//4910 4272//547 4266//4911
f 4287//6572 4307//331 4309//6573
f 4309//4914 4306//548 4285//4915
f 4292//6574 4298//2261 4290//6575
f 4290//6576 4298//711 4294//5819
f 4293//6577 4299//547 4305//6578
f 4305//4922 4301//331 4294//4923
f 4300//7088 4308//309 4311//6579
f 4311//4926 4307//331 4301//6252
f 4286//5241 4288//6580 4260//6082
f 4288//6581 4285//548 4258//6264
f 4293//6083 4295//665 4270//5031
f 4295//6582 4292//438 4264//6583
f 4300//4936 4302//6584 4274//5246
f 4302//5247 4299//547 4272//6253
f 4306//4940 4312//675 4281//4941
f 4312//6645 4308//309 4279//6646
f 4264//438 4292//438 4286//438
f 4280//297 4273//297 4265//297
f 4258//548 4285//548 4306//548
f 4272//547 4299//547 4293//547
f 4279//309 4308//309 4300//309
f 4294//331 4301//331 4307//331
f 4313//7089 4316//7090 4317//7091
f 4314//6095 4318//5441 4317//7092
f 4315//7093 4319//7094 4317//7095
f 4320//7096 4323//4834 4324//4835
f 4321//6958 4325//7097 4324//6959
f 4322//7098 4326//7099 4324//7100
f 4327//5465 4330//5466 4331//4844
f 4328//7101 4332//5481 4331//7102
f 4329//6102 4333//5904 4331//7082
f 4334//5626 4337//5005 4338//6256
f 4335//7103 4339//4855 4338//4856
f 4336//7104 4340//7105 4338//7106
f 4341//6053 4344//5908 4345//5809
f 4342//7107 4346//4864 4345//4865
f 4343//7108 4347//7109 4345//7110
f 4348//4869 4351//5467 4352//4871
f 4349//7111 4353//5487 4352//7112
f 4350//6061 4354//5913 4352//5914
f 4355//7113 4358//7114 4359//7115
f 4356//7116 4360//4882 4359//4883
f 4357//5628 4361//5259 4359//6652
f 4362//6113 4365//5454 4366//7117
f 4363//7118 4367//7119 4366//7120
f 4364//6597 4368//7121 4366//7122
f 4315//4954 4321//297 4323//4955
f 4323//5469 4320//981 4313//5470
f 4334//4958 4340//291 4318//4959
f 4340//7123 4336//297 4315//7124
f 4336//4962 4339//631 4333//6259
f 4333//6605 4339//2283 4335//6945
f 4329//4966 4332//306 4325//4967
f 4325//7125 4332//306 4328//7126
f 4363//4970 4365//315 4347//4971
f 4347//7127 4365//315 4362//7128
f 4342//5473 4348//320 4354//5474
f 4354//4976 4350//331 4343//4977
f 4355//4978 4361//328 4353//4979
f 4361//5871 4357//331 4350//5872
f 4364//7129 4367//1145 4360//7130
f 4360//4984 4367//655 4363//4985
f 4342//5265 4344//726 4316//5875
f 4344//5876 4341//660 4314//4989
f 4349//4990 4351//5877 4326//4991
f 4351//4992 4348//438 4320//4993
f 4356//5268 4358//735 4330//5878
f 4358//4996 4355//547 4328//4997
f 4362//5879 4368//5880 4337//4999
f 4368//5000 4364//309 4335//5001
f 4320//438 4348//438 4342//438
f 4336//297 4329//297 4321//297
f 4314//548 4341//548 4362//548
f 4328//547 4355//547 4349//547
f 4335//309 4364//309 4356//309
f 4350//331 4357//331 4363//331
f 4369//6938 4372//6946 4373//6940
f 4370//6614 4374//6615 4373//6616
f 4371//6098 4375//5829 4373//7131
f 4376//6525 4379//6526 4380//6527
f 4377//5804 4381//6528 4380//6529
f 4378//6042 4382//4840 4380//6266
f 4383//6044 4386//6617 4387//6618
f 4384//5615 4388//6047 4387//7132
f 4385//6620 4389//4849 4387//6590
f 4390//5626 4393//5005 4394//6256
f 4391//6537 4395//6538 4394//6539
f 4392//6622 4396//7105 4394//7133
f 4397//6053 4400//5908 4401//5809
f 4398//6542 4402//6543 4401//6544
f 4399//6947 4403//7109 4401//7134
f 4404//6943 4407//6949 4408//6950
f 4405//5486 4409//6059 4408//7135
f 4406//6627 4410//4876 4408//6628
f 4411//6064 4414//5853 4415//5814
f 4412//6554 4416//6555 4415//6556
f 4413//5628 4417//6558 4415//6629
f 4418//6630 4421//6631 4422//6632
f 4419//7136 4423//6071 4422//5858
f 4420//6597 4424//6634 4422//6599
f 4371//6951 4377//1277 4379//7137
f 4379//6952 4376//1853 4369//6953
f 4370//6636 4390//548 4396//6637
f 4396//4902 4392//297 4371//4903
f 4392//5271 4395//631 4389//5016
f 4389//6638 4395//631 4391//5018
f 4377//6570 4385//297 4388//6571
f 4388//4910 4384//547 4378//4911
f 4419//4912 4421//315 4403//6078
f 4421//4914 4418//548 4397//4915
f 4398//6639 4404//981 4410//5020
f 4410//5021 4406//331 4399//6262
f 4411//4920 4417//328 4409//4921
f 4417//4922 4413//331 4406//4923
f 4420//7138 4423//1469 4416//7139
f 4416//6641 4423//1469 4419//5278
f 4398//4928 4400//6642 4372//6082
f 4400//5242 4397//548 4370//6264
f 4405//4932 4407//665 4382//5031
f 4407//6582 4404//438 4376//6583
f 4412//5494 4414//6643 4386//5246
f 4414//6644 4411//547 4384//6253
f 4418//6128 4424//675 4393//4941
f 4424//6645 4420//309 4391//6646
f 4376//438 4404//438 4398//438
f 4392//297 4385//297 4377//297
f 4370//548 4397//548 4418//548
f 4384//547 4411//547 4405//547
f 4391//309 4420//309 4412//309
f 4406//331 4413//331 4419//331
f 4425//5463 4428//5464 4429//4826
f 4426//7140 4430//5441 4429//7141
f 4427//6038 4431//5829 4429//7131
f 4432//7096 4435//4834 4436//4835
f 4433//7142 4437//7080 4436//7143
f 4434//6042 4438//4840 4436//6266
f 4439//7144 4442//7145 4443//7146
f 4440//6046 4444//5481 4443//7147
f 4441//7148 4445//7149 4443//7150
f 4446//7151 4449//7152 4450//7153
f 4447//7103 4451//4855 4450//4856
f 4448//6592 4452//7154 4450//6593
f 4453//7155 4456//7156 4457//7157
f 4454//7107 4458//4864 4457//4865
f 4455//5618 4459//5256 4457//6942
f 4460//6930 4463//7158 4464//7159
f 4461//6058 4465//5487 4464//7160
f 4462//7161 4466//7162 4464//7163
f 4467//6064 4470//5853 4471//5814
f 4468//7116 4472//4882 4471//4883
f 4469//7164 4473//7084 4471//7165
f 4474//7166 4477//5454 4478//7167
f 4475//6070 4479//5857 4478//5858
f 4476//5008 4480//5468 4478//4895
f 4433//7168 4435//1538 4431//5921
f 4431//5495 4435//690 4432//5041
f 4446//4958 4452//291 4430//4959
f 4452//7123 4448//297 4427//7124
f 4441//6657 4448//1268 4451//7169
f 4451//7170 4447//1401 4439//7171
f 4441//4966 4444//306 4437//4967
f 4444//5866 4440//547 4434//5867
f 4475//4970 4477//315 4459//4971
f 4459//7127 4477//315 4474//7128
f 4460//7172 4466//1177 4458//7173
f 4458//5924 4466//1541 4462//5050
f 4467//4978 4473//328 4465//4979
f 4473//5871 4469//331 4462//5872
f 4468//7174 4476//2115 4479//7175
f 4479//7176 4475//1468 4469//6270
f 4454//5265 4456//726 4428//5875
f 4456//4988 4453//548 4426//4989
f 4461//5926 4463//5877 4438//4991
f 4463//4992 4460//438 4432//4993
f 4468//5268 4470//735 4442//5878
f 4470//5927 4467//767 4440//4997
f 4474//4998 4480//5880 4449//4999
f 4480//5000 4476//309 4447//5001
f 4432//438 4460//438 4454//438
f 4448//297 4441//297 4433//297
f 4426//548 4453//548 4474//548
f 4440//547 4467//547 4461//547
f 4447//309 4476//309 4468//309
f 4462//331 4469//331 4475//331
f 4484//6271 4485//6272 4487//6273
f 4486//6274 4485//5633 4484//4319
f 4483//6964 4487//6965 4485//4322
f 4491//4323 4492//5059 4494//6279
f 4493//7177 4492//5505 4491//6966
f 4490//5928 4494//6283 4492//6284
f 4495//4332 4498//4333 4499//5639
f 4500//6967 4499//6968 4498//6969
f 4497//6970 4501//7178 4499//6972
f 4505//5642 4506//5067 4508//4343
f 4507//4344 4506//5069 4505//6145
f 4504//6290 4508//5645 4506//5299
f 4509//4350 4512//6291 4513//4352
f 4514//5509 4513//5072 4512//5646
f 4511//6973 4515//6293 4513//6974
f 4519//5512 4520//5303 4522//4361
f 4517//5648 4521//5934 4520//6150
f 4518//6299 4522//6300 4520//6301
f 4526//4368 4527//4369 4529//4370
f 4528//4371 4527//4372 4526//6302
f 4525//7179 4529//7180 4527//7181
f 4533//6975 4534//6694 4536//6695
f 4531//4380 4535//5940 4534//4382
f 4532//6157 4536//5083 4534//7182
f 4540//4386 4541//5518 4543//4388
f 4538//7183 4542//6308 4541//7184
f 4543//4392 4541//6983 4542//7185
f 4547//4395 4548//6311 4550//6312
f 4549//5088 4548//6313 4547//4400
f 4546//6986 4550//7186 4548//6709
f 4554//7187 4555//6317 4557//6318
f 4552//4407 4556//6319 4555//6320
f 4553//7188 4557//7189 4555//7190
f 4561//6718 4562//6322 4564//7191
f 4563//6323 4562//4417 4561//6324
f 4560//6162 4564//5315 4562//6325
f 4568//5667 4569//4423 4571//6326
f 4566//4425 4570//5950 4569//5669
f 4567//6164 4571//7192 4569//7193
f 4572//5318 4575//7194 4576//6736
f 4577//5098 4576//4435 4575//5954
f 4574//7195 4578//7196 4576//7197
f 4582//6335 4583//6336 4585//6337
f 4584//7198 4583//7199 4582//7200
f 4581//6746 4585//4447 4583//5106
f 4586//4449 4589//6342 4590//4451
f 4591//7201 4590//7202 4589//7203
f 4588//7204 4592//7205 4590//7206
f 4596//4458 4597//7207 4599//5681
f 4598//7208 4597//5955 4596//4463
f 4599//6351 4597//6352 4598//6353
f 4603//7209 4604//5331 4606//6762
f 4605//6357 4604//6174 4603//6358
f 4606//5958 4604//7210 4605//5114
f 4607//6362 4610//7211 4611//7212
f 4608//7213 4612//7214 4611//7215
f 4613//6998 4611//6999 4612//7216
f 4617//7001 4618//4486 4620//7002
f 4619//7217 4618//7218 4617//7219
f 4620//7220 4618//7221 4619//7222
f 4624//6189 4625//6373 4627//5127
f 4626//7009 4625//7223 4624//7224
f 4627//5129 4625//7225 4626//5131
f 4631//6787 4632//4504 4634//7013
f 4633//5133 4632//7014 4631//5715
f 4634//7015 4632//7016 4633//7017
f 4638//5718 4639//5966 4641//4514
f 4640//7018 4639//6382 4638//6383
f 4641//4518 4639//7019 4640//7020
f 4642//7226 4645//7227 4646//7228
f 4643//7021 4647//5352 4646//7229
f 4648//4527 4646//7230 4647//5562
f 4652//7231 4653//7025 4655//7026
f 4654//7232 4653//7233 4652//7028
f 4655//7234 4653//7235 4654//7236
f 4659//4539 4660//5152 4662//7033
f 4661//6398 4660//7237 4659//7238
f 4662//5362 4660//7038 4661//6822
f 4663//7239 4666//6404 4667//6405
f 4668//7240 4667//7241 4666//5734
f 4665//4554 4669//4555 4667//4556
f 4673//5158 4674//5159 4676//6409
f 4675//7242 4674//7243 4673//6412
f 4676//7244 4674//7245 4675//6838
f 4680//7246 4681//5162 4683//5981
f 4682//7247 4681//7248 4680//7249
f 4683//7250 4681//4573 4682//5379
f 4687//5164 4688//7251 4690//7252
f 4689//7253 4688//7254 4687//7255
f 4690//6423 4688//5745 4689//5993
f 4694//5171 4695//4585 4697//5173
f 4696//7256 4695//7257 4694//7258
f 4697//7259 4695//5387 4696//7260
f 4698//6431 4701//7261 4702//5754
f 4703//6227 4702//7262 4701//7263
f 4700//7264 4704//6436 4702//7265
f 4537//4602 4543//294 4484//4603
f 4543//4604 4539//419 4482//4605
f 4488//6870 4494//2462 4486//6871
f 4494//4608 4490//438 4483//7266
f 4545//5183 4547//448 4491//4611
f 4547//5184 4544//306 4489//5185
f 4546//7267 4549//2989 4542//7268
f 4549//4616 4545//1277 4539//4617
f 4656//315 4662//314 4603//4618
f 4662//314 4658//317 4601//4619
f 4595//7269 4602//6873 4605//7270
f 4605//4622 4601//331 4593//6443
f 4650//326 4652//325 4596//4624
f 4652//325 4649//328 4594//4625
f 4658//4626 4661//1084 4654//6444
f 4661//7271 4657//7272 4651//7273
f 4489//7274 4495//5766 4501//7275
f 4493//4633 4501//5402 4497//4635
f 4552//4636 4554//345 4498//5769
f 4554//4638 4551//478 4496//4639
f 4553//6879 4556//4641 4550//6880
f 4556//7276 4552//7277 4544//7278
f 4663//354 4669//353 4610//4646
f 4669//353 4665//315 4608//4647
f 4602//6459 4609//7279 4612//6460
f 4606//7280 4612//7281 4608//7282
f 4665//6464 4668//6465 4659//7283
f 4668//4657 4664//7063 4657//7064
f 4496//4660 4502//4661 4508//4662
f 4500//7065 4508//4664 4504//4665
f 4559//4666 4561//509 4505//4667
f 4561//5194 4558//328 4503//5195
f 4560//4670 4563//6467 4557//6468
f 4563//4673 4559//4674 4551//6469
f 4670//889 4676//387 4617//4676
f 4676//387 4672//389 4615//4677
f 4609//5776 4616//4679 4619//6892
f 4613//4681 4619//6893 4615//5778
f 4672//5198 4675//4685 4666//4686
f 4675//6894 4671//4688 4664//4689
f 4503//7066 4509//4691 4515//5199
f 4507//5782 4515//6471 4511//6472
f 4566//4696 4568//325 4512//4697
f 4568//4698 4565//326 4510//4699
f 4567//6473 4570//5783 4564//5784
f 4570//4703 4566//4704 4558//4705
f 4677//419 4683//294 4624//4706
f 4683//294 4679//895 4622//4707
f 4616//7284 4623//407 4626//4709
f 4620//6897 4626//4711 4622//5598
f 4679//5415 4682//5785 4673//7285
f 4682//6899 4678//414 4671//6484
f 4510//6900 4516//331 4522//4719
f 4522//7286 4518//438 4511//7287
f 4573//5207 4575//314 4519//4724
f 4575//4725 4572//315 4517//4726
f 4574//7068 4577//5417 4571//5418
f 4577//5210 4573//331 4565//6488
f 4684//306 4690//448 4631//4731
f 4690//448 4686//303 4629//4732
f 4630//4733 4633//914 4627//6489
f 4633//7070 4629//1277 4621//4736
f 4686//4737 4689//1434 4680//7288
f 4680//7289 4689//1434 4685//7290
f 4523//5420 4529//7291 4521//7292
f 4529//6492 4525//482 4518//6493
f 4580//4747 4582//353 4526//6494
f 4582//4749 4579//354 4524//4750
f 4574//6907 4581//3017 4584//6496
f 4578//6497 4584//4754 4580//4755
f 4691//478 4697//345 4638//4756
f 4697//345 4693//920 4636//5217
f 4637//7293 4640//7294 4634//5424
f 4640//6024 4636//4762 4628//4763
f 4684//6244 4693//4765 4696//5220
f 4687//7295 4696//7296 4692//6501
f 4530//6909 4536//4771 4528//4772
f 4536//4773 4532//4774 4525//4775
f 4587//4776 4589//387 4533//4777
f 4589//4778 4586//291 4531//4779
f 4581//4780 4588//7297 4591//5427
f 4585//5428 4591//4784 4587//4785
f 4698//4276 4704//509 4645//4786
f 4704//509 4700//377 4643//4787
f 4644//4788 4647//4789 4641//4790
f 4647//4791 4643//4792 4635//4793
f 4691//4794 4700//4795 4703//4796
f 4694//6504 4703//6505 4699//4799
f 4532//6506 4535//4801 4487//6507
f 4535//6508 4531//6509 4481//6510
f 4537//7298 4586//6912 4592//6511
f 4540//6913 4592//4810 4588//7299
f 4642//4812 4648//6515 4598//6516
f 4648//4815 4644//6517 4595//6518
f 4651//6920 4699//7077 4701//6036
f 4655//7300 4701//7301 4698//5802
f 4586//291 4537//291 4481//291
f 4539//297 4545//297 4488//297
f 4490//438 4602//438 4595//438
f 4483//438 4595//438 4644//438
f 4490//438 4497//438 4609//438
f 4544//306 4552//306 4495//306
f 4497//438 4504//438 4616//438
f 4551//547 4559//547 4502//547
f 4504//438 4511//438 4623//438
f 4558//328 4566//328 4509//328
f 4518//438 4630//438 4623//438
f 4565//331 4573//331 4516//331
f 4525//438 4637//438 4630//438
f 4572//315 4580//315 4523//315
f 4532//438 4644//438 4637//438
f 4579//548 4587//548 4530//548
f 4538//309 4651//309 4657//309
f 4538//309 4588//309 4699//309
f 4546//309 4657//309 4664//309
f 4553//309 4664//309 4671//309
f 4560//309 4671//309 4678//309
f 4567//309 4678//309 4685//309
f 4581//309 4574//309 4685//309
f 4588//309 4581//309 4692//309
f 4658//331 4650//331 4593//331
f 4649//328 4698//328 4642//328
f 4665//315 4656//315 4600//315
f 4672//548 4663//548 4607//548
f 4679//291 4670//291 4614//291
f 4686//297 4677//297 4621//297
f 4693//306 4684//306 4628//306
f 4700//547 4691//547 4635//547
f 4705//6093 4708//6926 4709//6927
f 4706//5828 4710//4828 4709//6097
f 4707//6523 4711//4831 4709//6524
f 4712//6525 4715//6526 4716//6527
f 4713//7142 4717//7080 4716//7081
f 4714//6042 4718//4840 4716//6266
f 4719//6531 4722//6532 4723//6533
f 4720//6534 4724//6535 4723//6619
f 4721//6049 4725//5904 4723//7082
f 4726//5626 4729//5005 4730//6256
f 4727//6537 4731//6538 4730//6539
f 4728//5885 4732//6540 4730//6541
f 4733//6053 4736//5908 4737//5809
f 4734//6542 4738//6543 4737//6544
f 4735//5618 4739//6545 4737//6546
f 4740//6930 4743//6931 4744//6932
f 4741//6549 4745//6550 4744//7302
f 4742//7083 4746//6062 4744//5914
f 4747//6064 4750//5853 4751//5814
f 4748//6554 4752//6555 4751//6556
f 4749//7164 4753//7084 4751//7085
f 4754//5453 4757//6069 4758//7086
f 4755//6562 4759//4891 4758//6563
f 4756//6564 4760//6565 4758//6566
f 4713//5816 4715//690 4711//4897
f 4711//6567 4715//2542 4712//7303
f 4726//5013 4732//291 4710//5014
f 4732//4902 4728//297 4707//4903
f 4721//6933 4728//1268 4731//7304
f 4731//6934 4727//1401 4719//6935
f 4713//6570 4721//297 4724//6571
f 4724//4910 4720//547 4714//4911
f 4735//6572 4755//331 4757//6573
f 4757//4914 4754//548 4733//4915
f 4740//6574 4746//2261 4738//6575
f 4738//6576 4746//1520 4742//5819
f 4741//6577 4747//547 4753//6578
f 4753//4922 4749//331 4742//4923
f 4748//6936 4756//961 4759//4925
f 4759//4926 4755//331 4749//6252
f 4734//5241 4736//6580 4708//6082
f 4736//6581 4733//548 4706//6264
f 4741//6083 4743//665 4718//5031
f 4743//6582 4740//438 4712//6583
f 4748//4936 4750//6584 4722//5246
f 4750//5247 4747//547 4720//6253
f 4754//4940 4760//675 4729//4941
f 4760//6645 4756//309 4727//6646
f 4712//438 4740//438 4734//438
f 4728//297 4721//297 4713//297
f 4706//548 4733//548 4754//548
f 4720//547 4747//547 4741//547
f 4727//309 4756//309 4748//309
f 4742//331 4749//331 4755//331
f 4761//7089 4764//7090 4765//7091
f 4762//6095 4766//5441 4765//7092
f 4763//7093 4767//7094 4765//7095
f 4768//7096 4771//4834 4772//4835
f 4769//6958 4773//7097 4772//6959
f 4770//7098 4774//7099 4772//7100
f 4775//5465 4778//5466 4779//7305
f 4776//7101 4780//5481 4779//7102
f 4777//6102 4781//5904 4779//7082
f 4782//5905 4785//5627 4786//5840
f 4783//7103 4787//4855 4786//4856
f 4784//7104 4788//7105 4786//7106
f 4789//5907 4792//6054 4793//5846
f 4790//7107 4794//4864 4793//4865
f 4791//7108 4795//7109 4793//7110
f 4796//4869 4799//5467 4800//4871
f 4797//7111 4801//5487 4800//7112
f 4798//6061 4802//5913 4800//5914
f 4803//7113 4806//7114 4807//7115
f 4804//7116 4808//4882 4807//4883
f 4805//5628 4809//5259 4807//6652
f 4810//6113 4813//5454 4814//7117
f 4811//7118 4815//7119 4814//7120
f 4812//6597 4816//7121 4814//7122
f 4763//4954 4769//297 4771//4955
f 4771//7306 4768//1853 4761//7307
f 4782//4958 4788//291 4766//4959
f 4788//7123 4784//297 4763//7124
f 4784//7308 4787//1465 4781//5865
f 4781//5471 4787//631 4783//4965
f 4777//4966 4780//306 4773//4967
f 4773//7125 4780//306 4776//7126
f 4811//4970 4813//315 4795//4971
f 4795//7127 4813//315 4810//7128
f 4790//7309 4796//2530 4802//7310
f 4802//4976 4798//331 4791//4977
f 4803//4978 4809//328 4801//4979
f 4809//5871 4805//331 4798//5872
f 4812//7129 4815//1145 4808//7130
f 4808//5874 4815//1469 4811//7311
f 4790//5265 4792//726 4764//5875
f 4792//5876 4789//660 4762//4989
f 4797//4990 4799//5877 4774//4991
f 4799//4992 4796//438 4768//4993
f 4804//5268 4806//735 4778//5878
f 4806//4996 4803//547 4776//4997
f 4810//5879 4816//5880 4785//4999
f 4816//5000 4812//309 4783//5001
f 4768//438 4796//438 4790//438
f 4784//297 4777//297 4769//297
f 4762//548 4789//548 4810//548
f 4776//547 4803//547 4797//547
f 4783//309 4812//309 4804//309
f 4798//331 4805//331 4811//331
f 4817//6938 4820//6946 4821//6940
f 4818//6614 4822//6615 4821//6522
f 4819//6098 4823//5829 4821//7131
f 4824//6525 4827//6526 4828//6527
f 4825//5804 4829//6528 4828//6529
f 4826//6042 4830//4840 4828//6266
f 4831//6044 4834//6617 4835//6618
f 4832//5615 4836//4846 4835//6048
f 4833//6620 4837//4849 4835//6590
f 4838//5626 4841//5005 4842//6256
f 4839//6537 4843//6538 4842//6539
f 4840//7104 4844//7105 4842//7133
f 4845//6053 4848//5908 4849//5809
f 4846//6542 4850//6543 4849//6544
f 4847//7108 4851//7109 4849//7134
f 4852//6943 4855//6949 4856//6950
f 4853//5486 4857//6059 4856//7135
f 4854//6627 4858//4876 4856//6628
f 4859//6064 4862//5853 4863//5814
f 4860//6554 4864//6555 4863//6556
f 4861//5628 4865//6558 4863//6629
f 4866//6630 4869//6631 4870//7312
f 4867//7136 4871//6071 4870//5858
f 4868//6597 4872//6634 4870//6599
f 4819//5009 4825//297 4827//5010
f 4827//6952 4824//1853 4817//6953
f 4818//6636 4838//548 4844//6637
f 4844//4902 4840//297 4819//4903
f 4840//5271 4843//631 4837//5016
f 4837//7313 4843//2283 4839//5491
f 4825//6570 4833//297 4836//6571
f 4836//4910 4832//547 4826//4911
f 4867//4912 4869//315 4851//6078
f 4869//4914 4866//548 4845//4915
f 4846//7314 4852//1849 4858//6956
f 4858//5021 4854//331 4847//6262
f 4859//4920 4865//328 4857//4921
f 4865//4922 4861//331 4854//4923
f 4868//6124 4871//2532 4864//6957
f 4864//6641 4871//655 4867//5278
f 4846//4928 4848//6642 4820//6082
f 4848//5242 4845//548 4818//6264
f 4853//4932 4855//665 4830//5031
f 4855//6582 4852//438 4824//6583
f 4860//5494 4862//6643 4834//5246
f 4862//6644 4859//547 4832//6253
f 4866//6128 4872//675 4841//4941
f 4872//6645 4868//309 4839//6646
f 4824//438 4852//438 4846//438
f 4840//297 4833//297 4825//297
f 4818//548 4845//548 4866//548
f 4832//547 4859//547 4853//547
f 4839//309 4868//309 4860//309
f 4854//331 4861//331 4867//331
f 4873//5463 4876//5464 4877//7315
f 4874//7140 4878//5441 4877//7141
f 4875//6038 4879//5829 4877//7131
f 4880//7096 4883//4834 4884//4835
f 4881//7142 4885//7080 4884//7143
f 4882//5833 4886//6043 4884//5834
f 4887//7144 4890//7145 4891//7146
f 4888//6046 4892//5481 4891//7147
f 4889//7148 4893//7149 4891//7150
f 4894//7151 4897//7152 4898//7153
f 4895//7103 4899//4855 4898//4856
f 4896//6592 4900//7154 4898//6593
f 4901//7155 4904//7156 4905//7157
f 4902//7107 4906//4864 4905//4865
f 4903//5618 4907//5256 4905//6942
f 4908//6930 4911//7158 4912//7159
f 4909//6058 4913//5487 4912//7160
f 4910//7161 4914//7162 4912//7163
f 4915//5852 4918//6065 4919//5854
f 4916//7116 4920//4882 4919//4883
f 4917//7164 4921//7084 4919//7165
f 4922//7166 4925//5454 4926//7167
f 4923//6070 4927//5857 4926//5858
f 4924//5008 4928//5468 4926//4895
f 4881//7168 4883//1538 4879//5921
f 4879//7316 4883//2254 4880//6963
f 4894//4958 4900//291 4878//4959
f 4900//7123 4896//297 4875//7124
f 4889//5043 4896//297 4899//5044
f 4899//5497 4895//961 4887//5498
f 4889//4966 4892//306 4885//4967
f 4892//5866 4888//547 4882//5867
f 4923//4970 4925//315 4907//4971
f 4907//7127 4925//315 4922//7128
f 4908//7172 4914//1177 4906//7173
f 4906//5924 4914//1541 4910//7317
f 4915//4978 4921//328 4913//4979
f 4921//5871 4917//331 4910//5872
f 4916//5501 4924//918 4927//5502
f 4927//5054 4923//331 4917//5055
f 4902//5265 4904//726 4876//5875
f 4904//4988 4901//548 4874//4989
f 4909//5926 4911//5877 4886//4991
f 4911//4992 4908//438 4880//4993
f 4916//5268 4918//735 4890//5878
f 4918//5927 4915//767 4888//4997
f 4922//4998 4928//5880 4897//4999
f 4928//5000 4924//309 4895//5001
f 4880//438 4908//438 4902//438
f 4896//297 4889//297 4881//297
f 4874//548 4901//548 4922//548
f 4888//547 4915//547 4909//547
f 4895//309 4924//309 4916//309
f 4910//331 4917//331 4923//331
f 4932//4314 4933//6662 4935//4316
f 4934//4317 4933//6663 4932//4319
f 4931//6664 4935//6665 4933//4322
f 4939//4323 4940//7318 4942//6667
f 4941//4326 4940//5505 4939//4328
f 4938//6669 4942//6670 4940//6671
f 4943//4332 4946//6285 4947//4334
f 4948//6672 4947//6673 4946//6674
f 4945//7319 4949//7320 4947//7321
f 4953//7322 4954//7323 4956//7324
f 4955//7325 4954//7326 4953//7327
f 4952//7328 4956//7329 4954//7330
f 4957//6678 4960//7331 4961//7332
f 4962//6681 4961//6682 4960//5646
f 4959//6973 4963//6293 4961//7333
f 4967//5647 4968//6685 4970//6149
f 4965//4362 4969//4363 4968//6686
f 4966//6687 4970//6688 4968//6689
f 4974//5936 4975//4369 4977//4370
f 4976//7334 4975//6155 4974//7335
f 4973//7336 4977//7337 4975//5938
f 4981//7338 4982//6694 4984//7339
f 4979//4380 4983//5940 4982//7340
f 4980//7341 4984//7342 4982//7343
f 4988//4386 4989//5518 4991//4388
f 4986//7183 4990//6159 4989//7184
f 4991//4392 4989//6983 4990//7185
f 4995//4395 4996//7344 4998//6312
f 4997//5088 4996//6313 4995//4400
f 4994//7345 4998//7186 4996//4403
f 5002//7187 5003//6317 5005//6318
f 5000//4407 5004//6319 5003//6320
f 5001//7188 5005//7189 5003//7190
f 5009//6718 5010//6719 5012//7191
f 5011//4416 5010//4417 5009//5313
f 5008//4419 5012//7346 5010//7347
f 5016//5667 5017//4423 5019//6326
f 5014//4425 5018//4426 5017//7348
f 5015//6164 5019//7192 5017//7193
f 5020//4431 5023//6331 5024//5673
f 5025//5098 5024//4435 5023//5954
f 5022//7195 5026//7196 5024//7197
f 5030//6335 5031//6336 5033//6337
f 5032//7198 5031//7199 5030//7200
f 5029//7349 5033//7350 5031//7351
f 5034//4449 5037//4450 5038//7352
f 5039//7353 5038//7354 5037//7355
f 5036//7204 5040//7356 5038//7357
f 5044//7358 5045//7359 5047//6349
f 5046//7360 5045//7361 5044//6757
f 5047//7362 5045//7363 5046//7364
f 5051//7209 5052//7365 5054//6762
f 5053//7366 5052//4471 5051//7367
f 5054//7368 5052//7369 5053//7370
f 5055//7371 5058//6767 5059//5693
f 5056//6768 5060//7372 5059//6770
f 5061//7373 5059//7374 5060//7375
f 5065//7376 5066//6775 5068//7377
f 5067//5122 5066//4489 5065//6778
f 5068//7378 5066//7379 5067//7380
f 5072//4494 5073//6190 5075//4496
f 5074//5128 5073//5546 5072//6376
f 5075//7381 5073//7382 5074//7383
f 5079//4503 5080//4504 5082//5132
f 5081//6789 5080//5134 5079//5715
f 5082//6790 5080//6791 5081//6792
f 5086//7384 5087//5966 5089//7385
f 5088//6796 5087//7386 5086//6798
f 5089//7387 5087//7388 5088//7389
f 5090//4521 5093//5559 5094//4523
f 5091//7390 5095//5352 5094//6389
f 5096//7022 5094//7391 5095//7392
f 5100//7231 5101//7025 5103//7026
f 5102//4533 5101//7393 5100//7394
f 5103//7395 5101//7396 5102//7397
f 5107//7398 5108//6817 5110//7033
f 5109//7399 5108//7400 5107//7401
f 5110//7402 5108//7403 5109//5973
f 5111//7239 5114//6404 5115//7404
f 5116//6406 5115//7405 5114//7406
f 5113//6829 5117//7044 5115//4556
f 5121//5158 5122//5159 5124//6409
f 5123//7242 5122//6411 5121//6412
f 5124//7244 5122//7245 5123//6838
f 5128//5575 5129//7407 5131//5376
f 5130//7408 5129//7409 5128//7410
f 5131//7250 5129//4573 5130//5379
f 5135//5164 5136//7251 5138//7252
f 5137//7253 5136//7254 5135//7255
f 5138//7411 5136//7412 5137//7413
f 5142//7414 5143//4585 5145//5173
f 5144//7415 5143//7416 5142//7417
f 5145//7259 5143//5387 5144//7260
f 5146//5752 5149//7418 5150//7419
f 5151//7420 5150//7421 5149//7422
f 5148//7264 5152//6436 5150//7055
f 4985//4602 4991//294 4932//4603
f 4991//4604 4987//419 4930//4605
f 4936//6870 4942//2462 4934//6871
f 4942//6872 4938//6873 4931//6874
f 4993//5183 4995//448 4939//4611
f 4995//7423 4992//449 4937//5185
f 4994//7424 4997//7425 4990//7426
f 4997//4616 4993//1277 4987//7427
f 5104//7428 5110//314 5051//4618
f 5110//314 5106//317 5049//4619
f 5050//7429 5053//7430 5047//7431
f 5047//7432 5053//1404 5049//7433
f 5098//326 5100//325 5044//4624
f 5100//325 5097//7434 5042//4625
f 5106//6000 5109//334 5102//6001
f 5109//7435 5105//3564 5099//7436
f 4937//4630 4943//4631 4949//7437
f 4941//7438 4949//7439 4945//5188
f 5000//4636 5002//345 4946//5769
f 5002//4638 4999//478 4944//4639
f 5001//6879 5004//4641 4998//6880
f 5004//6456 5000//6457 4992//6458
f 5111//354 5117//353 5058//4646
f 5117//353 5113//315 5056//4647
f 5050//6459 5057//7279 5060//6460
f 5054//6007 5060//6462 5056//6009
f 5113//5774 5116//7062 5107//6231
f 5116//6889 5112//6232 5105//7440
f 4944//7441 4950//4661 4956//4662
f 4948//7442 4956//7443 4952//4665
f 5007//4666 5009//509 4953//4667
f 5009//5194 5006//328 4951//5195
f 5008//4670 5011//4671 5005//4672
f 5011//4673 5007//4674 4999//4675
f 5118//889 5124//387 5065//4676
f 5124//387 5120//389 5063//4677
f 5057//4678 5064//4679 5067//4680
f 5061//4681 5067//4682 5063//5778
f 5120//5198 5123//4685 5114//4686
f 5123//6894 5119//4688 5112//4689
f 4951//7066 4957//4691 4963//5199
f 4955//4693 4963//5413 4959//6472
f 5014//4696 5016//325 4960//4697
f 5016//4698 5013//326 4958//4699
f 5015//6473 5018//5783 5012//5784
f 5018//4703 5014//4704 5006//4705
f 5125//419 5131//294 5072//4706
f 5131//294 5127//895 5070//4707
f 5064//6896 5071//1424 5074//7444
f 5068//7445 5074//7446 5070//5598
f 5127//7447 5130//7448 5121//7449
f 5130//7450 5126//2488 5119//7451
f 4958//6900 4964//331 4970//4719
f 4970//6901 4966//2530 4959//6486
f 5021//5207 5023//314 4967//4724
f 5023//4725 5020//315 4965//4726
f 5022//4727 5025//910 5019//6017
f 5025//5210 5021//331 5013//6488
f 5132//306 5138//448 5079//4731
f 5138//448 5134//303 5077//4732
f 5078//4733 5081//914 5075//6489
f 5081//7070 5077//1277 5069//4736
f 5134//7452 5137//2498 5128//7453
f 5137//4739 5133//309 5126//4740
f 4971//5789 4977//4742 4969//5790
f 4977//6023 4973//2663 4966//7454
f 5028//4747 5030//353 4974//6494
f 5030//4749 5027//354 4972//4750
f 5022//6495 5029//1439 5032//6496
f 5026//6497 5032//4754 5028//6498
f 5139//478 5145//345 5086//4756
f 5145//345 5141//920 5084//5217
f 5085//7455 5088//7456 5082//7457
f 5088//5219 5084//4762 5076//4763
f 5132//6244 5141//4765 5144//5220
f 5135//7458 5144//4768 5140//6501
f 4978//4770 4984//4771 4976//6502
f 4984//4773 4980//4774 4973//4775
f 5035//4776 5037//387 4981//4777
f 5037//4778 5034//291 4979//4779
f 5029//4780 5036//4781 5039//4782
f 5033//5428 5039//4784 5035//4785
f 5146//4276 5152//509 5093//4786
f 5152//509 5148//377 5091//4787
f 5092//4788 5095//4789 5089//4790
f 5095//4791 5091//4792 5083//4793
f 5139//4794 5148//4795 5151//4796
f 5142//7459 5151//6505 5147//4799
f 4980//7460 4983//7461 4935//7462
f 4983//6508 4979//6509 4929//6510
f 4985//4806 5034//5432 5040//6511
f 4988//7463 5040//7464 5036//7465
f 5090//6914 5096//7466 5046//7467
f 5096//4815 5092//6517 5043//6518
f 5099//6034 5147//7468 5149//7469
f 5103//6037 5149//6519 5146//5802
f 5034//291 4985//291 4929//291
f 4987//297 4993//297 4936//297
f 4938//438 5050//438 5043//438
f 4931//438 5043//438 5092//438
f 4938//438 4945//438 5057//438
f 4992//306 5000//306 4943//306
f 4945//438 4952//438 5064//438
f 4999//547 5007//547 4950//547
f 4952//438 4959//438 5071//438
f 5006//328 5014//328 4957//328
f 4966//438 5078//438 5071//438
f 5013//331 5021//331 4964//331
f 4973//438 5085//438 5078//438
f 5020//315 5028//315 4971//315
f 4980//438 5092//438 5085//438
f 5027//548 5035//548 4978//548
f 4986//309 5099//309 5105//309
f 4986//309 5036//309 5147//309
f 4994//309 5105//309 5112//309
f 5001//309 5112//309 5119//309
f 5008//309 5119//309 5126//309
f 5015//309 5126//309 5133//309
f 5029//309 5022//309 5133//309
f 5036//309 5029//309 5140//309
f 5106//331 5098//331 5041//331
f 5097//328 5146//328 5090//328
f 5113//315 5104//315 5048//315
f 5120//548 5111//548 5055//548
f 5127//291 5118//291 5062//291
f 5134//297 5125//297 5069//297
f 5141//306 5132//306 5076//306
f 5148//547 5139//547 5083//547
f 5153//6093 5156//6926 5157//6927
f 5154//5828 5158//4828 5157//6097
f 5155//6523 5159//4831 5157//6524
f 5160//6525 5163//6526 5164//6527
f 5161//7142 5165//7080 5164//7081
f 5162//6042 5166//4840 5164//6266
f 5167//6531 5170//6532 5171//6533
f 5168//6534 5172//6535 5171//6619
f 5169//6049 5173//5904 5171//7082
f 5174//5626 5177//5005 5178//6256
f 5175//6537 5179//6538 5178//6539
f 5176//5885 5180//6540 5178//6541
f 5181//6053 5184//5908 5185//5809
f 5182//6542 5186//6543 5185//6544
f 5183//5618 5187//6545 5185//6546
f 5188//6930 5191//6931 5192//6932
f 5189//6549 5193//6550 5192//7302
f 5190//7083 5194//6062 5192//5914
f 5195//6064 5198//5853 5199//5814
f 5196//6554 5200//6555 5199//6556
f 5197//7164 5201//7084 5199//7085
f 5202//5453 5205//6069 5206//7086
f 5203//6562 5207//4891 5206//6563
f 5204//6564 5208//6565 5206//6566
f 5161//5816 5163//690 5159//4897
f 5159//6567 5163//2254 5160//5457
f 5174//5013 5180//291 5158//5014
f 5180//4902 5176//297 5155//4903
f 5169//6933 5176//297 5179//4905
f 5179//6934 5175//1401 5167//6935
f 5161//6570 5169//297 5172//6571
f 5172//4910 5168//547 5162//4911
f 5183//6572 5203//331 5205//6573
f 5205//4914 5202//548 5181//4915
f 5188//6574 5194//2261 5186//6575
f 5186//6576 5194//711 5190//5819
f 5189//6577 5195//547 5201//6578
f 5201//4922 5197//331 5190//4923
f 5196//7470 5204//2115 5207//6937
f 5207//4926 5203//331 5197//6252
f 5182//5241 5184//6580 5156//6082
f 5184//6581 5181//548 5154//6264
f 5189//6083 5191//665 5166//5031
f 5191//6582 5188//438 5160//6583
f 5196//4936 5198//6584 5170//5246
f 5198//5247 5195//547 5168//6253
f 5202//4940 5208//675 5177//4941
f 5208//6645 5204//309 5175//6646
f 5160//438 5188//438 5182//438
f 5176//297 5169//297 5161//297
f 5154//548 5181//548 5202//548
f 5168//547 5195//547 5189//547
f 5175//309 5204//309 5196//309
f 5190//331 5197//331 5203//331
f 5209//7089 5212//7090 5213//7091
f 5210//6095 5214//5441 5213//7092
f 5211//7093 5215//7094 5213//7095
f 5216//7096 5219//4834 5220//4835
f 5217//6958 5221//7097 5220//6959
f 5218//7098 5222//7099 5220//7100
f 5223//5465 5226//5466 5227//7305
f 5224//7101 5228//5481 5227//7102
f 5225//6102 5229//5904 5227//7082
f 5230//5905 5233//5627 5234//5840
f 5231//7103 5235//4855 5234//4856
f 5232//7104 5236//7105 5234//7106
f 5237//5907 5240//6054 5241//5846
f 5238//7107 5242//4864 5241//4865
f 5239//7108 5243//7109 5241//7110
f 5244//4869 5247//5467 5248//4871
f 5245//7111 5249//5487 5248//7112
f 5246//6061 5250//5913 5248//5914
f 5251//7113 5254//7114 5255//7115
f 5252//7116 5256//4882 5255//4883
f 5253//5628 5257//5259 5255//6652
f 5258//6113 5261//5454 5262//7117
f 5259//7118 5263//7119 5262//7120
f 5260//6597 5264//7121 5262//7122
f 5211//4954 5217//297 5219//4955
f 5219//5469 5216//981 5209//5470
f 5230//4958 5236//291 5214//4959
f 5236//7123 5232//297 5211//7124
f 5232//7308 5235//1465 5229//5865
f 5229//7471 5235//2283 5231//6606
f 5225//4966 5228//306 5221//4967
f 5221//7125 5228//306 5224//7126
f 5259//4970 5261//315 5243//4971
f 5243//7127 5261//315 5258//7128
f 5238//5473 5244//320 5250//5474
f 5250//4976 5246//331 5239//4977
f 5251//4978 5257//328 5249//4979
f 5257//5871 5253//331 5246//5872
f 5260//7129 5263//1145 5256//7130
f 5256//5874 5263//1469 5259//7311
f 5238//5265 5240//726 5212//5875
f 5240//5876 5237//660 5210//4989
f 5245//4990 5247//5877 5222//4991
f 5247//4992 5244//438 5216//4993
f 5252//5268 5254//735 5226//5878
f 5254//4996 5251//547 5224//4997
f 5258//5879 5264//5880 5233//4999
f 5264//5000 5260//309 5231//5001
f 5216//438 5244//438 5238//438
f 5232//297 5225//297 5217//297
f 5210//548 5237//548 5258//548
f 5224//547 5251//547 5245//547
f 5231//309 5260//309 5252//309
f 5246//331 5253//331 5259//331
f 5265//6938 5268//6946 5269//6940
f 5266//6614 5270//6615 5269//6522
f 5267//6098 5271//5829 5269//7131
f 5272//6525 5275//6526 5276//6527
f 5273//5804 5277//6528 5276//6529
f 5274//6042 5278//4840 5276//6266
f 5279//6044 5282//6617 5283//6618
f 5280//5615 5284//4846 5283//6048
f 5281//6620 5285//4849 5283//6590
f 5286//5626 5289//5005 5290//6256
f 5287//6537 5291//6538 5290//6539
f 5288//7104 5292//7105 5290//7133
f 5293//6053 5296//5908 5297//5809
f 5294//6542 5298//6543 5297//6544
f 5295//7108 5299//7109 5297//7134
f 5300//6943 5303//6949 5304//6950
f 5301//5486 5305//6059 5304//7135
f 5302//6627 5306//4876 5304//6628
f 5307//6064 5310//5853 5311//5814
f 5308//6554 5312//6555 5311//6556
f 5309//5628 5313//6558 5311//6629
f 5314//6630 5317//6631 5318//7312
f 5315//7136 5319//6071 5318//5858
f 5316//6597 5320//6634 5318//6599
f 5267//6951 5273//297 5275//7472
f 5275//6952 5272//1853 5265//6953
f 5266//6636 5286//548 5292//6637
f 5292//4902 5288//297 5267//4903
f 5288//5271 5291//631 5285//5016
f 5285//6954 5291//2563 5287//7473
f 5273//6570 5281//297 5284//6571
f 5284//4910 5280//547 5274//4911
f 5315//4912 5317//315 5299//6078
f 5317//4914 5314//548 5293//4915
f 5294//6955 5300//2530 5306//5493
f 5306//5021 5302//331 5295//6262
f 5307//4920 5313//328 5305//4921
f 5313//4922 5309//331 5302//4923
f 5316//6124 5319//2532 5312//6957
f 5312//6641 5319//655 5315//5278
f 5294//4928 5296//6642 5268//6082
f 5296//5242 5293//548 5266//6264
f 5301//4932 5303//665 5278//5031
f 5303//6582 5300//438 5272//6583
f 5308//5494 5310//6643 5282//5246
f 5310//6644 5307//547 5280//6253
f 5314//6128 5320//675 5289//4941
f 5320//6645 5316//309 5287//6646
f 5272//438 5300//438 5294//438
f 5288//297 5281//297 5273//297
f 5266//548 5293//548 5314//548
f 5280//547 5307//547 5301//547
f 5287//309 5316//309 5308//309
f 5302//331 5309//331 5315//331
f 5321//5463 5324//5464 5325//7315
f 5322//7140 5326//5441 5325//7141
f 5323//6038 5327//5829 5325//7131
f 5328//7096 5331//4834 5332//4835
f 5329//7142 5333//7080 5332//7143
f 5330//5833 5334//6043 5332//5834
f 5335//7144 5338//7145 5339//7146
f 5336//6046 5340//5481 5339//7147
f 5337//7148 5341//7149 5339//7150
f 5342//7151 5345//7152 5346//7153
f 5343//7103 5347//4855 5346//4856
f 5344//6592 5348//7154 5346//6593
f 5349//7155 5352//7156 5353//7157
f 5350//7107 5354//4864 5353//4865
f 5351//5618 5355//5256 5353//6942
f 5356//6930 5359//7158 5360//7159
f 5357//6058 5361//5487 5360//7160
f 5358//7161 5362//7162 5360//7163
f 5363//5852 5366//6065 5367//5854
f 5364//7116 5368//4882 5367//4883
f 5365//7164 5369//7084 5367//7165
f 5370//7166 5373//5454 5374//7167
f 5371//6070 5375//5857 5374//5858
f 5372//5008 5376//5468 5374//4895
f 5329//7168 5331//1538 5327//5921
f 5327//5040 5331//690 5328//7474
f 5342//4958 5348//291 5326//4959
f 5348//7123 5344//297 5323//7124
f 5337//5043 5344//297 5347//5044
f 5347//5497 5343//961 5335//5498
f 5337//4966 5340//306 5333//4967
f 5340//5866 5336//547 5330//5867
f 5371//4970 5373//315 5355//4971
f 5355//7127 5373//315 5370//7128
f 5356//7172 5362//1177 5354//7173
f 5354//5924 5362//1541 5358//7317
f 5363//4978 5369//328 5361//4979
f 5369//5871 5365//331 5358//5872
f 5364//5501 5372//918 5375//5502
f 5375//5054 5371//331 5365//5055
f 5350//5265 5352//726 5324//5875
f 5352//4988 5349//548 5322//4989
f 5357//5926 5359//5877 5334//4991
f 5359//4992 5356//438 5328//4993
f 5364//5268 5366//735 5338//5878
f 5366//5927 5363//767 5336//4997
f 5370//4998 5376//5880 5345//4999
f 5376//5000 5372//309 5343//5001
f 5328//438 5356//438 5350//438
f 5344//297 5337//297 5329//297
f 5322//548 5349//548 5370//548
f 5336//547 5363//547 5357//547
f 5343//309 5372//309 5364//309
f 5358//331 5365//331 5371//331
f 5380//6271 5381//6272 5383//6273
f 5382//4317 5381//4318 5380//4319
f 5379//7475 5383//7476 5381//4322
f 5387//4323 5388//5059 5390//6279
f 5389//4326 5388//5505 5387//6966
f 5386//5928 5390//6283 5388//6284
f 5391//5506 5394//7477 5395//5639
f 5396//5063 5395//4336 5394//6286
f 5393//6970 5397//7178 5395//6972
f 5401//5642 5402//5067 5404//6676
f 5403//4344 5402//5069 5401//6145
f 5400//7478 5404//7329 5402//7330
f 5405//7479 5408//7480 5409//7481
f 5410//5509 5409//5072 5408//5646
f 5407//6292 5411//6293 5409//6974
f 5415//5512 5416//5303 5418//4361
f 5413//5648 5417//5934 5416//6150
f 5414//6299 5418//6300 5416//6301
f 5422//4368 5423//4369 5425//4370
f 5424//7482 5423//4372 5422//6302
f 5421//7483 5425//7484 5423//7485
f 5429//4377 5430//4378 5432//7486
f 5427//4380 5431//5940 5430//4382
f 5428//7487 5432//5516 5430//7488
f 5436//7489 5437//6979 5439//6698
f 5434//7490 5438//7491 5437//7492
f 5439//4392 5437//6702 5438//7185
f 5443//6703 5444//6704 5446//6705
f 5445//5088 5444//7493 5443//4400
f 5442//7494 5446//7495 5444//7496
f 5450//7187 5451//6711 5453//7497
f 5448//4407 5452//6319 5451//6714
f 5449//6715 5453//7498 5451//6717
f 5457//7499 5458//7500 5460//7501
f 5459//7502 5458//5095 5457//6722
f 5456//7503 5460//7504 5458//7505
f 5464//6726 5465//7506 5467//7507
f 5462//6728 5466//6729 5465//7508
f 5463//7509 5467//7510 5465//7511
f 5468//4431 5471//6167 5472//6168
f 5473//6737 5472//4435 5471//6738
f 5470//7512 5474//7513 5472//7197
f 5478//6741 5479//6336 5481//6742
f 5480//7198 5479//7514 5478//7200
f 5477//7349 5481//7515 5479//7516
f 5482//7517 5485//7518 5486//7519
f 5487//7353 5486//7354 5485//7355
f 5484//7520 5488//7521 5486//7522
f 5492//4458 5493//7207 5495//5681
f 5494//6350 5493//4462 5492//5683
f 5495//7523 5493//7524 5494//7525
f 5499//7526 5500//7527 5502//7528
f 5501//6357 5500//6174 5499//6358
f 5502//7529 5500//7530 5501//7531
f 5503//6362 5506//7211 5507//7212
f 5504//7213 5508//7214 5507//7215
f 5509//6998 5507//6999 5508//7216
f 5513//5121 5514//7532 5516//7002
f 5515//7217 5514//7218 5513//7219
f 5516//7003 5514//6371 5515//7533
f 5520//6189 5521//6373 5523//5127
f 5522//7009 5521//7223 5520//7224
f 5523//5129 5521//7225 5522//5131
f 5527//7534 5528//7535 5530//6381
f 5529//5133 5528//5134 5527//4508
f 5530//7536 5528//7537 5529//7538
f 5534//5718 5535//5966 5537//4514
f 5536//4515 5535//6382 5534//6383
f 5537//4518 5535//7019 5536//7020
f 5538//6201 5541//5144 5542//7228
f 5539//7021 5543//5352 5542//6389
f 5544//7539 5542//7023 5543//7024
f 5548//7540 5549//7025 5551//5564
f 5550//6393 5549//7541 5548//7028
f 5551//7542 5549//7543 5550//7544
f 5555//7545 5556//5152 5558//7033
f 5557//7546 5556//7547 5555//7548
f 5558//7037 5556//5569 5557//7039
f 5559//7549 5562//7550 5563//7040
f 5564//7551 5563//7552 5562//7553
f 5561//7554 5565//7555 5563//7556
f 5569//5736 5570//5159 5572//6409
f 5571//7557 5570//7558 5569//7559
f 5572//6837 5570//5161 5571//6838
f 5576//4566 5577//7560 5579//7561
f 5578//7562 5577//7563 5576//7564
f 5579//4572 5577//7565 5578//4574
f 5583//4575 5584//7566 5586//5166
f 5585//7567 5584//7568 5583//7569
f 5586//6853 5584//7047 5585//6854
f 5590//6424 5591//5172 5593//6855
f 5592//7570 5591//7571 5590//7572
f 5593//6859 5591//6860 5592//7573
f 5594//7574 5597//7575 5598//7576
f 5599//7577 5598//7578 5597//7579
f 5596//5390 5600//6868 5598//7055
f 5433//4602 5439//294 5380//4603
f 5439//4604 5435//419 5378//4605
f 5384//4606 5390//2462 5382//4607
f 5382//7580 5390//7581 5386//7582
f 5441//5183 5443//448 5387//4611
f 5443//5184 5440//306 5385//5185
f 5442//7583 5445//2989 5438//7584
f 5445//7585 5441//1277 5435//4617
f 5552//315 5558//314 5499//4618
f 5558//314 5554//317 5497//4619
f 5491//7269 5498//1849 5501//7586
f 5501//4622 5497//331 5489//6443
f 5546//326 5548//325 5492//4624
f 5548//325 5545//328 5490//4625
f 5554//4626 5557//1084 5550//6444
f 5557//7587 5553//309 5547//7588
f 5385//7589 5391//6448 5397//4632
f 5389//7438 5397//7439 5393//5188
f 5448//4636 5450//345 5394//5769
f 5450//4638 5447//478 5392//4639
f 5449//7590 5452//5404 5446//4642
f 5452//7060 5448//5190 5440//4645
f 5559//354 5565//353 5506//4646
f 5565//353 5561//315 5504//4647
f 5498//7591 5505//7592 5508//7593
f 5502//6007 5508//7594 5504//6009
f 5561//5774 5564//4655 5555//6231
f 5564//6889 5560//6890 5553//6891
f 5392//7441 5398//4661 5404//4662
f 5396//7442 5404//7443 5400//4665
f 5455//4666 5457//509 5401//4667
f 5457//5194 5454//328 5399//5195
f 5456//4670 5459//4671 5453//4672
f 5459//4673 5455//4674 5447//4675
f 5566//889 5572//387 5513//4676
f 5572//387 5568//389 5511//4677
f 5505//5776 5512//4679 5515//6892
f 5509//4681 5515//6893 5511//5778
f 5568//5198 5571//4685 5562//4686
f 5571//6894 5567//4688 5560//4689
f 5399//7066 5405//4691 5411//5199
f 5403//4693 5411//5413 5407//4695
f 5462//4696 5464//325 5408//4697
f 5464//4698 5461//326 5406//4699
f 5463//6473 5466//5783 5460//5784
f 5466//4703 5462//4704 5454//4705
f 5573//419 5579//294 5520//4706
f 5579//294 5575//895 5518//4707
f 5512//4708 5519//1250 5522//4709
f 5516//4710 5522//4711 5518//5598
f 5575//6481 5578//7595 5569//7596
f 5578//6899 5574//414 5567//6484
f 5406//4718 5412//1406 5418//7597
f 5418//7598 5414//1853 5407//7599
f 5469//5207 5471//314 5415//4724
f 5471//4725 5468//315 5413//4726
f 5463//7600 5470//2115 5473//7601
f 5473//6487 5469//331 5461//6488
f 5580//306 5586//448 5527//4731
f 5586//448 5582//303 5525//4732
f 5526//1402 5529//914 5523//6489
f 5523//7602 5529//914 5525//7603
f 5582//4737 5585//5605 5576//6490
f 5585//4739 5581//309 5574//6491
f 5419//5420 5425//4742 5417//5790
f 5425//6492 5421//482 5414//6493
f 5476//4747 5478//353 5422//6494
f 5478//4749 5475//354 5420//4750
f 5470//7604 5477//1439 5480//6496
f 5474//4753 5480//4754 5476//4755
f 5587//478 5593//345 5534//4756
f 5593//345 5589//920 5532//5217
f 5533//4758 5536//4759 5530//4760
f 5536//5219 5532//4762 5524//4763
f 5580//6244 5589//7605 5592//5220
f 5583//7458 5592//5221 5588//4769
f 5426//4770 5432//4771 5424//6502
f 5432//4773 5428//4774 5421//4775
f 5483//4776 5485//387 5429//4777
f 5485//4778 5482//291 5427//4779
f 5477//4780 5484//4781 5487//4782
f 5481//5428 5487//4784 5483//4785
f 5594//4276 5600//509 5541//4786
f 5600//509 5596//377 5539//4787
f 5540//4788 5543//4789 5537//4790
f 5543//4791 5539//4792 5531//4793
f 5587//7606 5596//7607 5599//4796
f 5590//7608 5599//4160 5595//7609
f 5428//6506 5431//4801 5383//6507
f 5431//7610 5427//7611 5377//7612
f 5433//7298 5482//5432 5488//7613
f 5436//6913 5488//4810 5484//7614
f 5538//6246 5544//6515 5494//6516
f 5544//6917 5540//5800 5491//7615
f 5547//5610 5595//4819 5597//4820
f 5551//7616 5597//6519 5594//4823
f 5482//291 5433//291 5377//291
f 5435//297 5441//297 5384//297
f 5386//438 5498//438 5491//438
f 5379//438 5491//438 5540//438
f 5386//438 5393//438 5505//438
f 5440//306 5448//306 5391//306
f 5393//438 5400//438 5512//438
f 5447//547 5455//547 5398//547
f 5400//438 5407//438 5519//438
f 5454//328 5462//328 5405//328
f 5414//438 5526//438 5519//438
f 5461//331 5469//331 5412//331
f 5421//438 5533//438 5526//438
f 5468//315 5476//315 5419//315
f 5428//438 5540//438 5533//438
f 5475//548 5483//548 5426//548
f 5434//309 5547//309 5553//309
f 5434//309 5484//309 5595//309
f 5442//309 5553//309 5560//309
f 5449//309 5560//309 5567//309
f 5456//309 5567//309 5574//309
f 5463//309 5574//309 5581//309
f 5477//309 5470//309 5581//309
f 5484//309 5477//309 5588//309
f 5554//331 5546//331 5489//331
f 5545//328 5594//328 5538//328
f 5561//315 5552//315 5496//315
f 5568//548 5559//548 5503//548
f 5575//291 5566//291 5510//291
f 5582//297 5573//297 5517//297
f 5589//306 5580//306 5524//306
f 5596//547 5587//547 5531//547
f 5601//6093 5604//6926 5605//6927
f 5602//5828 5606//4828 5605//6097
f 5603//6523 5607//4831 5605//6524
f 5608//6525 5611//6526 5612//6527
f 5609//7142 5613//7080 5612//7081
f 5610//6042 5614//4840 5612//6266
f 5615//6531 5618//6532 5619//6533
f 5616//6534 5620//6535 5619//6619
f 5617//6049 5621//5904 5619//7082
f 5622//5626 5625//5005 5626//6256
f 5623//6537 5627//6538 5626//6539
f 5624//5885 5628//6540 5626//6541
f 5629//6053 5632//5908 5633//5809
f 5630//6542 5634//6543 5633//6544
f 5631//5618 5635//6545 5633//6546
f 5636//6930 5639//6931 5640//6932
f 5637//6549 5641//6550 5640//7302
f 5638//7083 5642//6062 5640//5914
f 5643//6064 5646//5853 5647//5814
f 5644//6554 5648//6555 5647//6556
f 5645//7164 5649//7084 5647//7085
f 5650//5453 5653//6069 5654//7086
f 5651//6562 5655//4891 5654//6563
f 5652//6564 5656//6565 5654//6566
f 5609//4896 5611//2254 5607//7617
f 5607//7087 5611//690 5608//4899
f 5622//5013 5628//291 5606//5014
f 5628//4902 5624//297 5603//4903
f 5617//6933 5624//1268 5627//7618
f 5627//6568 5623//961 5615//6569
f 5609//6570 5617//297 5620//6571
f 5620//4910 5616//547 5610//4911
f 5631//6572 5651//331 5653//6573
f 5653//4914 5650//548 5629//4915
f 5636//7619 5642//1541 5634//7620
f 5634//7621 5642//711 5638//4919
f 5637//6577 5643//547 5649//6578
f 5649//4922 5645//331 5638//4923
f 5644//7088 5652//961 5655//5240
f 5655//7622 5651//3172 5645//7623
f 5630//5241 5632//6580 5604//6082
f 5632//6581 5629//548 5602//6264
f 5637//6083 5639//665 5614//5031
f 5639//6582 5636//438 5608//6583
f 5644//4936 5646//6584 5618//5246
f 5646//5247 5643//547 5616//6253
f 5650//4940 5656//675 5625//4941
f 5656//6645 5652//309 5623//6646
f 5608//438 5636//438 5630//438
f 5624//297 5617//297 5609//297
f 5602//548 5629//548 5650//548
f 5616//547 5643//547 5637//547
f 5623//309 5652//309 5644//309
f 5638//331 5645//331 5651//331
f 5657//7089 5660//7090 5661//7091
f 5658//6095 5662//5441 5661//7092
f 5659//7093 5663//7094 5661//7095
f 5664//7096 5667//4834 5668//4835
f 5665//6958 5669//7097 5668//6959
f 5666//5833 5670//5900 5668//5834
f 5671//5465 5674//5466 5675//7305
f 5672//4845 5676//5622 5675//6267
f 5673//6102 5677//5904 5675//7082
f 5678//5905 5681//5627 5682//5840
f 5679//7103 5683//4855 5682//4856
f 5680//7104 5684//7105 5682//7106
f 5685//5907 5688//6054 5689//5846
f 5686//7107 5690//4864 5689//4865
f 5687//7108 5691//7109 5689//7110
f 5692//4869 5695//5467 5696//4871
f 5693//4872 5697//5620 5696//6268
f 5694//6061 5698//5913 5696//5914
f 5699//5852 5702//5853 5703//5854
f 5700//7116 5704//4882 5703//4883
f 5701//5628 5705//5259 5703//6652
f 5706//6113 5709//5454 5710//7117
f 5707//7118 5711//7119 5710//7120
f 5708//6597 5712//7121 5710//7122
f 5659//6600 5665//1277 5667//6601
f 5667//7306 5664//1853 5657//7307
f 5678//4958 5684//291 5662//4959
f 5684//7123 5680//297 5659//7124
f 5680//4962 5683//631 5677//6259
f 5677//6605 5683//3174 5679//6945
f 5673//4966 5676//306 5669//4967
f 5669//7125 5676//306 5672//7126
f 5707//4970 5709//315 5691//4971
f 5691//7127 5709//315 5706//7128
f 5686//7309 5692//2530 5698//7310
f 5698//6609 5694//1406 5687//6092
f 5699//4978 5705//328 5697//4979
f 5705//5871 5701//331 5694//5872
f 5708//7129 5711//1145 5704//7130
f 5704//5874 5711//1572 5707//4985
f 5686//5265 5688//726 5660//5875
f 5688//5876 5685//660 5658//4989
f 5693//4990 5695//5877 5670//4991
f 5695//4992 5692//438 5664//4993
f 5700//5268 5702//735 5674//5878
f 5702//4996 5699//547 5672//4997
f 5706//5879 5712//5880 5681//4999
f 5712//5000 5708//309 5679//5001
f 5664//438 5692//438 5686//438
f 5680//297 5673//297 5665//297
f 5658//548 5685//548 5706//548
f 5672//547 5699//547 5693//547
f 5679//309 5708//309 5700//309
f 5694//331 5701//331 5707//331
f 5713//6938 5716//6946 5717//6940
f 5714//6614 5718//6615 5717//6522
f 5715//6098 5719//5829 5717//7131
f 5720//6525 5723//6526 5724//6527
f 5721//5804 5725//6528 5724//6529
f 5722//6042 5726//4840 5724//6266
f 5727//6044 5730//6617 5731//6618
f 5728//5615 5732//4846 5731//6048
f 5729//6620 5733//4849 5731//6590
f 5734//5626 5737//5005 5738//6256
f 5735//6537 5739//6538 5738//6539
f 5736//7104 5740//7105 5738//7133
f 5741//6053 5744//5908 5745//5809
f 5742//6542 5746//6543 5745//6544
f 5743//7108 5747//7109 5745//7134
f 5748//6943 5751//6949 5752//6950
f 5749//5486 5753//6059 5752//7135
f 5750//6627 5754//4876 5752//6628
f 5755//6064 5758//5853 5759//5814
f 5756//6554 5760//6555 5759//6556
f 5757//5628 5761//6558 5759//6629
f 5762//6630 5765//6631 5766//7312
f 5763//7136 5767//6071 5766//5858
f 5764//6597 5768//6634 5766//6599
f 5715//6951 5721//1277 5723//7137
f 5723//7624 5720//981 5713//7625
f 5714//6636 5734//548 5740//6637
f 5740//4902 5736//297 5715//4903
f 5736//5015 5739//2283 5733//7626
f 5733//6638 5739//631 5735//5018
f 5721//6570 5729//297 5732//6571
f 5732//4910 5728//547 5722//4911
f 5763//4912 5765//315 5747//6078
f 5765//4914 5762//548 5741//4915
f 5742//6639 5748//981 5754//6122
f 5754//7627 5750//3161 5743//7628
f 5755//4920 5761//328 5753//4921
f 5761//4922 5757//331 5750//4923
f 5764//7138 5767//1469 5760//7139
f 5760//7629 5767//655 5763//5028
f 5742//4928 5744//6642 5716//6082
f 5744//5242 5741//548 5714//6264
f 5749//4932 5751//665 5726//5031
f 5751//6582 5748//438 5720//6583
f 5756//5494 5758//6643 5730//5246
f 5758//6644 5755//547 5728//6253
f 5762//6128 5768//675 5737//4941
f 5768//6645 5764//309 5735//6646
f 5720//438 5748//438 5742//438
f 5736//297 5729//297 5721//297
f 5714//548 5741//548 5762//548
f 5728//547 5755//547 5749//547
f 5735//309 5764//309 5756//309
f 5750//331 5757//331 5763//331
f 5769//5463 5772//5464 5773//7315
f 5770//5002 5774//5227 5773//6254
f 5771//6038 5775//5829 5773//7131
f 5776//7096 5779//4834 5780//4835
f 5777//7142 5781//7080 5780//7143
f 5778//5833 5782//6043 5780//5834
f 5783//7144 5786//7145 5787//7146
f 5784//6046 5788//5481 5787//7147
f 5785//7148 5789//7149 5787//7150
f 5790//5905 5793//5839 5794//5840
f 5791//7103 5795//4855 5794//4856
f 5792//6592 5796//7154 5794//6593
f 5797//5907 5800//5908 5801//5846
f 5798//7107 5802//4864 5801//4865
f 5799//5618 5803//5256 5801//6942
f 5804//6930 5807//7158 5808//7159
f 5805//6058 5809//5487 5808//7160
f 5806//7161 5810//7162 5808//7163
f 5811//5852 5814//6065 5815//5854
f 5812//7116 5816//4882 5815//4883
f 5813//7164 5817//7084 5815//7165
f 5818//4887 5821//5630 5822//6258
f 5819//6070 5823//5857 5822//5858
f 5820//5008 5824//5468 5822//4895
f 5777//5038 5779//690 5775//6136
f 5775//7630 5779//3164 5776//6963
f 5790//4958 5796//291 5774//4959
f 5796//7123 5792//297 5771//7124
f 5785//6657 5792//1268 5795//7169
f 5795//7170 5791//1401 5783//7171
f 5785//4966 5788//306 5781//4967
f 5788//5866 5784//547 5778//5867
f 5819//4970 5821//315 5803//4971
f 5803//7127 5821//315 5818//7128
f 5804//7172 5810//1177 5802//7173
f 5802//5924 5810//1520 5806//5050
f 5811//4978 5817//328 5809//4979
f 5817//5871 5813//331 5806//5872
f 5812//7174 5820//2115 5823//7175
f 5823//7176 5819//1468 5813//6270
f 5798//5265 5800//726 5772//5875
f 5800//4988 5797//548 5770//4989
f 5805//5926 5807//5877 5782//4991
f 5807//4992 5804//438 5776//4993
f 5812//5268 5814//735 5786//5878
f 5814//5927 5811//767 5784//4997
f 5818//4998 5824//5880 5793//4999
f 5824//5000 5820//309 5791//5001
f 5776//438 5804//438 5798//438
f 5792//297 5785//297 5777//297
f 5770//548 5797//548 5818//548
f 5784//547 5811//547 5805//547
f 5791//309 5820//309 5812//309
f 5806//331 5813//331 5819//331
f 5828//7631 5829//7632 5831//7633
f 5830//7634 5829//7635 5828//7636
f 5827//7637 5831//6277 5829//7638
f 5835//7639 5836//7640 5838//4325
f 5837//7641 5836//7642 5835//6282
f 5834//7643 5838//7644 5836//7645
f 5839//7646 5842//5638 5843//7647
f 5844//7648 5843//7649 5842//7650
f 5841//7651 5845//7652 5843//7653
f 5849//7654 5850//7655 5852//7656
f 5851//7657 5850//7658 5849//7659
f 5848//7660 5852//7661 5850//7662
f 5853//4350 5856//6679 5857//7663
f 5858//7664 5857//4354 5856//5073
f 5855//7665 5859//7666 5857//7667
f 5863//7668 5864//5303 5866//7669
f 5861//7670 5865//7671 5864//7672
f 5862//7673 5866//7674 5864//7675
f 5870//7676 5871//7677 5873//7678
f 5872//7679 5871//7680 5870//7681
f 5869//7483 5873//7682 5871//7683
f 5877//7684 5878//7685 5880//7686
f 5875//4380 5879//5940 5878//7687
f 5876//7688 5880//7689 5878//7690
f 5884//7691 5885//7692 5887//7693
f 5882//7694 5886//7695 5885//7696
f 5887//7697 5885//7698 5886//7699
f 5891//7700 5892//7701 5894//7702
f 5893//5088 5892//7703 5891//7704
f 5890//7705 5894//7706 5892//7707
f 5898//7708 5899//7709 5901//7710
f 5896//4407 5900//6319 5899//7711
f 5897//7712 5901//7713 5899//7714
f 5905//7715 5906//7716 5908//7717
f 5907//7718 5906//7719 5905//7720
f 5904//7721 5908//7722 5906//7723
f 5912//7724 5913//7725 5915//7726
f 5910//7727 5914//7728 5913//7729
f 5911//7730 5915//7731 5913//7732
f 5916//7733 5919//6167 5920//5320
f 5921//7734 5920//5321 5919//7735
f 5918//7736 5922//7737 5920//7738
f 5926//7739 5927//7740 5929//7741
f 5928//7742 5927//7743 5926//7744
f 5925//7745 5929//7746 5927//7747
f 5930//7748 5933//7749 5934//7750
f 5935//7751 5934//7752 5933//7753
f 5932//7204 5936//7205 5934//7754
f 5940//7755 5941//7756 5943//7757
f 5942//7758 5941//7759 5940//7760
f 5943//7761 5941//7762 5942//7763
f 5947//7764 5948//7765 5950//7766
f 5949//7767 5948//7768 5947//7769
f 5950//7770 5948//7771 5949//7772
f 5951//4476 5954//7773 5955//7774
f 5952//7775 5956//7776 5955//7777
f 5957//7778 5955//7779 5956//7780
f 5961//7781 5962//7782 5964//7783
f 5963//7784 5962//7785 5961//7786
f 5964//7787 5962//7788 5963//7789
f 5968//7790 5969//6190 5971//5127
f 5970//6374 5969//7791 5968//7792
f 5971//7793 5969//7794 5970//7795
f 5975//7796 5976//7797 5978//6381
f 5977//7798 5976//7799 5975//7800
f 5978//7801 5976//7802 5977//7803
f 5982//7804 5983//7805 5985//7806
f 5984//7807 5983//7808 5982//7809
f 5985//7810 5983//7811 5984//7812
f 5986//7813 5989//7814 5990//7815
f 5987//7816 5991//7817 5990//7818
f 5992//7819 5990//7820 5991//7821
f 5996//7822 5997//7823 5999//7824
f 5998//7825 5997//7826 5996//7827
f 5999//6207 5997//7828 5998//7829
f 6003//7830 6004//7831 6006//5729
f 6005//7832 6004//7833 6003//7834
f 6006//7835 6004//7836 6005//7837
f 6007//7838 6010//7839 6011//7840
f 6012//7841 6011//7842 6010//7843
f 6009//7844 6013//7845 6011//7846
f 6017//7847 6018//7848 6020//7849
f 6019//7850 6018//7851 6017//7852
f 6020//7853 6018//7854 6019//7855
f 6024//7856 6025//7857 6027//7858
f 6026//7859 6025//7860 6024//7861
f 6027//4572 6025//4573 6026//7862
f 6031//7863 6032//7566 6034//7864
f 6033//7865 6032//7866 6031//7867
f 6034//7868 6032//7869 6033//7870
f 6038//7871 6039//7872 6041//7873
f 6040//7874 6039//7875 6038//7876
f 6041//7877 6039//7878 6040//7879
f 6042//7880 6045//7881 6046//7882
f 6047//7883 6046//7884 6045//7885
f 6044//4599 6048//7886 6046//7887
f 5881//4602 5887//294 5828//7888
f 5887//4604 5883//419 5826//5391
f 5832//6870 5838//2843 5830//4607
f 5838//7889 5834//1853 5827//7890
f 5889//5393 5891//448 5835//4611
f 5891//5184 5888//306 5833//5185
f 5890//4614 5893//1079 5886//4615
f 5886//5999 5893//1079 5889//7891
f 6000//315 6006//314 5947//4618
f 6006//314 6002//317 5945//4619
f 5946//912 5949//1080 5943//4621
f 5949//5398 5945//1468 5937//7892
f 5994//326 5996//325 5940//4624
f 5996//325 5993//328 5938//4625
f 5994//7893 6002//1406 6005//7894
f 6005//7435 6001//7272 5995//7895
f 5833//4630 5839//5400 5845//6449
f 5837//7438 5845//7439 5841//6452
f 5896//4636 5898//345 5842//5769
f 5898//4638 5895//478 5840//4639
f 5897//6879 5900//7896 5894//7897
f 5900//7060 5896//5190 5888//4645
f 6007//354 6013//353 5954//4646
f 6013//353 6009//315 5952//4647
f 5946//6459 5953//7898 5956//5771
f 5950//6461 5956//6462 5952//4653
f 6009//4654 6012//7062 6003//6231
f 6012//4657 6008//7899 6001//7440
f 5840//7900 5846//4661 5852//4662
f 5844//7901 5852//7902 5848//5409
f 5903//4666 5905//509 5849//5410
f 5905//5194 5902//328 5847//5195
f 5904//6012 5907//7903 5901//7904
f 5907//4673 5903//7905 5895//7906
f 6014//291 6020//387 5961//4676
f 6020//387 6016//389 5959//4677
f 5953//5776 5960//4679 5963//6892
f 5957//4681 5963//7907 5959//5778
f 6016//5198 6019//7908 6010//4686
f 6019//6894 6015//4688 6008//4689
f 5847//7909 5853//7910 5859//5781
f 5851//7911 5859//7912 5855//5414
f 5910//4696 5912//325 5856//4697
f 5912//4698 5909//326 5854//4699
f 5911//6473 5914//7913 5908//7914
f 5914//7915 5910//6475 5902//6476
f 6021//419 6027//294 5968//4706
f 6027//294 6023//895 5966//4707
f 5960//4708 5967//407 5970//7916
f 5964//7445 5970//7917 5966//7918
f 6023//6481 6026//4714 6017//4715
f 6026//7067 6022//7919 6015//7920
f 5860//5416 5866//435 5858//7921
f 5866//7922 5862//2530 5855//7923
f 5917//5207 5919//314 5863//4724
f 5919//4725 5916//315 5861//4726
f 5918//7924 5921//7925 5915//7926
f 5915//7927 5921//910 5917//5786
f 6028//306 6034//448 5975//4731
f 6034//448 6030//297 5973//4732
f 5974//4733 5977//455 5971//5601
f 5977//7928 5973//1268 5965//5603
f 6030//7452 6033//460 6024//7929
f 6024//7930 6033//7931 6029//7932
f 5867//5789 5873//6022 5865//5790
f 5873//7933 5869//3144 5862//6493
f 5924//4747 5926//353 5870//6494
f 5926//4749 5923//354 5868//4750
f 5918//7934 5925//2666 5928//7935
f 5922//6497 5928//5215 5924//4755
f 6035//478 6041//345 5982//4756
f 6041//345 6037//920 5980//5217
f 5981//7936 5984//7937 5978//7938
f 5984//7939 5980//7940 5972//7941
f 6028//4764 6037//7942 6040//7943
f 6031//7458 6040//7944 6036//7945
f 5874//6909 5880//4771 5872//6502
f 5880//5426 5876//7946 5869//7947
f 5931//4776 5933//387 5877//4777
f 5933//4778 5930//291 5875//4779
f 5925//7948 5932//4781 5935//4782
f 5929//5428 5935//4784 5931//4785
f 6042//4276 6048//509 5989//4786
f 6048//509 6044//377 5987//4787
f 5988//4788 5991//4147 5985//6910
f 5991//4791 5987//4792 5979//4793
f 6035//7606 6044//7607 6047//7949
f 6038//7950 6047//6505 6043//7609
f 5876//7951 5879//7952 5831//7953
f 5879//7954 5875//7955 5825//7956
f 5881//4806 5930//5432 5936//4808
f 5884//6913 5936//5224 5932//7299
f 5986//4812 5992//5799 5942//7957
f 5992//5609 5988//4816 5939//6033
f 5995//6920 6043//6035 6045//7958
f 5999//7616 6045//6519 6042//4823
f 5930//291 5881//291 5825//291
f 5883//297 5889//297 5832//297
f 5834//438 5946//438 5939//438
f 5827//438 5939//438 5988//438
f 5834//438 5841//438 5953//438
f 5888//306 5896//306 5839//306
f 5841//438 5848//438 5960//438
f 5895//547 5903//547 5846//547
f 5848//438 5855//438 5967//438
f 5902//328 5910//328 5853//328
f 5862//438 5974//438 5967//438
f 5909//331 5917//331 5860//331
f 5869//438 5981//438 5974//438
f 5916//315 5924//315 5867//315
f 5876//438 5988//438 5981//438
f 5923//548 5931//548 5874//548
f 5882//309 5995//309 6001//309
f 5882//309 5932//309 6043//309
f 5890//309 6001//309 6008//309
f 5897//309 6008//309 6015//309
f 5904//309 6015//309 6022//309
f 5911//309 6022//309 6029//309
f 5925//309 5918//309 6029//309
f 5932//309 5925//309 6036//309
f 6002//331 5994//331 5937//331
f 5993//328 6042//328 5986//328
f 6009//315 6000//315 5944//315
f 6016//548 6007//548 5951//548
f 6023//291 6014//291 5958//291
f 6030//297 6021//297 5965//297
f 6037//306 6028//306 5972//306
f 6044//547 6035//547 5979//547
f 6049//7959 6052//7960 6053//7961
f 6050//5440 6054//4828 6053//4829
f 6051//6038 6055//7962 6053//6099
f 6056//4833 6059//5831 6060//7963
f 6057//6928 6061//7097 6060//7964
f 6058//6042 6062//4840 6060//6266
f 6063//7965 6066//5902 6067//5903
f 6064//7101 6068//6535 6067//7147
f 6065//6102 6069//7966 6067//6050
f 6070//5279 6073//4852 6074//4853
f 6071//7967 6075//7968 6074//7969
f 6072//6592 6076//7154 6074//7970
f 6077//5037 6080//4861 6081//4862
f 6078//7971 6082//7972 6081//7973
f 6079//6941 6083//7974 6081//7975
f 6084//7976 6087//5911 6088//5912
f 6085//7111 6089//6550 6088//7160
f 6086//6061 6090//5913 6088//6063
f 6091//4951 6094//5853 6095//4880
f 6092//4881 6096//5855 6095//5815
f 6093//6651 6097//7977 6095//7978
f 6098//5453 6101//4888 6102//4889
f 6099//6070 6103//5857 6102//6115
f 6100//7979 6104//7980 6102//7981
f 6057//5816 6059//1510 6055//4897
f 6055//7982 6059//3558 6056//7983
f 6070//4900 6076//291 6054//4901
f 6076//4902 6072//297 6051//4903
f 6065//7984 6072//3561 6075//7985
f 6075//7986 6071//3564 6063//7987
f 6065//4908 6068//306 6061//4909
f 6068//4910 6064//547 6058//4911
f 6099//4912 6101//315 6083//4913
f 6101//4914 6098//548 6077//4915
f 6084//7988 6090//7989 6082//7990
f 6082//4918 6090//1541 6086//5819
f 6091//4920 6097//328 6089//4921
f 6097//4922 6093//331 6086//4923
f 6092//7991 6100//2115 6103//7992
f 6103//7993 6099//3571 6093//7994
f 6078//4928 6080//726 6052//7995
f 6080//5242 6077//548 6050//5243
f 6085//6083 6087//5877 6062//7996
f 6087//7997 6084//438 6056//4935
f 6092//4936 6094//735 6066//7998
f 6066//7999 6094//8000 6091//6084
f 6098//4940 6104//675 6073//8001
f 6104//8002 6100//309 6071//4943
f 6056//438 6084//438 6078//438
f 6072//297 6065//297 6057//297
f 6050//548 6077//548 6098//548
f 6064//547 6091//547 6085//547
f 6071//309 6100//309 6092//309
f 6086//331 6093//331 6099//331
f 6105//8003 6108//8004 6109//7091
f 6106//8005 6110//8006 6109//8007
f 6107//5624 6111//5625 6109//4832
f 6112//4833 6115//5831 6116//7963
f 6113//5443 6117//8008 6116//5898
f 6114//5252 6118//8009 6116//8010
f 6119//8011 6122//5902 6123//5835
f 6120//8012 6124//8013 6123//8014
f 6121//5616 6125//5617 6123//6590
f 6126//5279 6129//8015 6130//8016
f 6127//4947 6131//5841 6130//5808
f 6128//5482 6132//4858 6130//5843
f 6133//4860 6136//8017 6137//8018
f 6134//4948 6138//5847 6137//8019
f 6135//5484 6139//4867 6137//5848
f 6140//8020 6143//8021 6144//5849
f 6141//8022 6145//8023 6144//8024
f 6142//5006 6146//5451 6144//4877
f 6147//4878 6150//8025 6151//8026
f 6148//4881 6152//5855 6151//8027
f 6149//5230 6153//8028 6151//5917
f 6154//8029 6157//8030 6158//8031
f 6155//4890 6159//5488 6158//4892
f 6156//8032 6160//8033 6158//7122
f 6107//6600 6113//1277 6115//6601
f 6115//8034 6112//1849 6105//8035
f 6126//4958 6132//291 6110//4959
f 6132//4960 6128//297 6107//4961
f 6128//8036 6131//1142 6125//8037
f 6125//6944 6131//2563 6127//8038
f 6121//4966 6124//306 6117//4967
f 6124//4968 6120//547 6114//4969
f 6155//4970 6157//315 6139//4971
f 6157//4972 6154//548 6133//4973
f 6134//8039 6140//2280 6146//8040
f 6146//6609 6142//1406 6135//6092
f 6147//4978 6153//328 6145//4979
f 6153//5051 6149//331 6142//4981
f 6156//6945 6159//3606 6152//8041
f 6152//8042 6159//1145 6155//8043
f 6134//5265 6136//726 6108//5875
f 6136//5876 6133//660 6106//4989
f 6141//4990 6143//5877 6118//4991
f 6143//4992 6140//438 6112//4993
f 6148//5268 6150//735 6122//5878
f 6150//4996 6147//547 6120//4997
f 6154//5879 6160//5880 6129//4999
f 6160//5000 6156//309 6127//5001
f 6112//438 6140//438 6134//438
f 6128//297 6121//297 6113//297
f 6106//548 6133//548 6154//548
f 6120//547 6147//547 6141//547
f 6127//309 6156//309 6148//309
f 6142//331 6149//331 6155//331
f 6161//8044 6164//5826 6165//5827
f 6162//7140 6166//6615 6165//7092
f 6163//6038 6167//7962 6165//6099
f 6168//8045 6171//8046 6172//8047
f 6169//6958 6173//7097 6172//7964
f 6170//5252 6174//4945 6172//4841
f 6175//8048 6178//8049 6179//8050
f 6176//5480 6180//4846 6179//4847
f 6177//6102 6181//7966 6179//6050
f 6182//5626 6185//5005 6186//6256
f 6183//4947 6187//5841 6186//8051
f 6184//6622 6188//7154 6186//7970
f 6189//5037 6192//5908 6193//4862
f 6190//4948 6194//5847 6193//5886
f 6191//6941 6195//7974 6193//7975
f 6196//8052 6199//8053 6200//8054
f 6197//5486 6201//4873 6200//4874
f 6198//6061 6202//5913 6200//6063
f 6203//4951 6206//4879 6207//4880
f 6204//8055 6208//8056 6207//8057
f 6205//6651 6209//7977 6207//7978
f 6210//7166 6213//6631 6214//7117
f 6211//6070 6215//5857 6214//6115
f 6212//8058 6216//5860 6214//5861
f 6163//5891 6169//1268 6171//8059
f 6171//8060 6168//438 6161//6118
f 6182//5013 6188//291 6166//4901
f 6188//4902 6184//297 6163//4903
f 6184//8061 6187//1465 6181//8062
f 6181//5892 6187//631 6183//5491
f 6177//4908 6180//306 6173//4909
f 6180//4910 6176//547 6170//4911
f 6211//4912 6213//315 6195//4913
f 6213//4914 6210//548 6189//4915
f 6190//8063 6196//438 6202//5020
f 6202//8064 6198//1468 6191//5893
f 6203//4920 6209//328 6201//5024
f 6209//4922 6205//331 6198//4923
f 6212//5276 6215//984 6208//6125
f 6208//8065 6215//1469 6211//8066
f 6190//4928 6192//726 6164//7995
f 6192//8067 6189//548 6162//5243
f 6197//4932 6199//665 6174//8068
f 6174//8069 6199//665 6196//5245
f 6204//4936 6206//735 6178//7998
f 6206//5247 6203//547 6176//5248
f 6210//6128 6216//5880 6185//8070
f 6216//8002 6212//309 6183//4943
f 6168//438 6196//438 6190//438
f 6184//297 6177//297 6169//297
f 6162//548 6189//548 6210//548
f 6176//547 6203//547 6197//547
f 6183//309 6212//309 6204//309
f 6198//331 6205//331 6211//331
f 6217//8071 6220//5826 6221//5896
f 6218//8072 6222//8073 6221//8074
f 6219//5624 6223//5625 6221//6524
f 6224//4833 6227//5831 6228//5884
f 6225//5443 6229//4837 6228//5898
f 6226//5252 6230//8075 6228//8010
f 6231//8076 6234//8077 6235//7146
f 6232//8078 6236//8079 6235//8080
f 6233//5616 6237//5617 6235//4850
f 6238//5279 6241//8081 6242//8016
f 6239//4947 6243//5841 6242//8051
f 6240//5482 6244//8082 6242//5843
f 6245//4860 6248//8083 6249//8018
f 6246//4948 6250//5847 6249//8019
f 6247//5484 6251//8084 6249//5848
f 6252//8085 6255//8086 6256//7159
f 6253//8087 6257//8088 6256//8089
f 6254//5006 6258//5451 6256//4877
f 6259//4878 6262//8090 6263//8026
f 6260//4881 6264//5855 6263//8027
f 6261//5230 6265//4885 6263//5917
f 6266//8091 6269//8092 6270//8093
f 6267//4890 6271//5488 6270//4892
f 6268//8094 6272//8095 6270//5920
f 6225//6653 6227//1173 6223//8096
f 6223//8097 6227//1538 6224//5496
f 6238//4958 6244//291 6222//4959
f 6244//5042 6240//419 6219//4961
f 6233//8098 6240//3534 6243//8099
f 6243//7170 6239//1401 6231//7171
f 6233//4966 6236//306 6229//4967
f 6236//4968 6232//547 6226//4969
f 6267//4970 6269//315 6251//4971
f 6269//4972 6266//548 6245//4973
f 6252//5499 6258//1541 6250//8100
f 6250//6660 6258//959 6254//8101
f 6259//4978 6265//328 6257//4979
f 6265//5051 6261//331 6254//4981
f 6260//7174 6268//2115 6271//7175
f 6271//8102 6267//3540 6261//8103
f 6246//5265 6248//726 6220//5875
f 6248//4988 6245//548 6218//4989
f 6253//5926 6255//5877 6230//4991
f 6255//4992 6252//438 6224//4993
f 6260//5268 6262//735 6234//5878
f 6262//5927 6259//767 6232//4997
f 6266//4998 6272//5880 6241//4999
f 6272//5000 6268//309 6239//5001
f 6224//438 6252//438 6246//438
f 6240//297 6233//297 6225//297
f 6218//548 6245//548 6266//548
f 6232//547 6259//547 6253//547
f 6239//309 6268//309 6260//309
f 6254//331 6261//331 6267//331
f 6276//7631 6277//5056 6279//7633
f 6278//8104 6277//8105 6276//4319
f 6275//8106 6279//8107 6277//8108
f 6283//7639 6284//7640 6286//4325
f 6285//8109 6284//8110 6283//6139
f 6282//8111 6286//8112 6284//8113
f 6287//7646 6290//5638 6291//7647
f 6292//7648 6291//7649 6290//7650
f 6289//7651 6293//8114 6291//7653
f 6297//7654 6298//8115 6300//7656
f 6299//8116 6298//6144 6297//6145
f 6296//8117 6300//8118 6298//8119
f 6301//8120 6304//6146 6305//4352
f 6306//4353 6305//8121 6304//8122
f 6303//5510 6307//5511 6305//7667
f 6311//7668 6312//5303 6314//7669
f 6309//8123 6313//7671 6312//7672
f 6310//6299 6314//8124 6312//8125
f 6318//7676 6319//7677 6321//7678
f 6320//7679 6319//7680 6318//7681
f 6317//7483 6321//7682 6319//7683
f 6325//5081 6326//4378 6328//7486
f 6323//4380 6327//5940 6326//8126
f 6324//8127 6328//8128 6326//8129
f 6332//4386 6333//4387 6335//4388
f 6330//8130 6334//4390 6333//5656
f 6335//4392 6333//4393 6334//5086
f 6339//4395 6340//8131 6342//6312
f 6341//4398 6340//5658 6339//4400
f 6338//8132 6342//8133 6340//7707
f 6346//4404 6347//8134 6349//8135
f 6344//8136 6348//8137 6347//8138
f 6345//6715 6349//8139 6347//8140
f 6353//4413 6354//4414 6356//8141
f 6355//4416 6354//4417 6353//6324
f 6352//7503 6356//8142 6354//8143
f 6360//5316 6361//5317 6363//6326
f 6358//8144 6362//8145 6361//8146
f 6359//8147 6363//8148 6361//8149
f 6364//5318 6367//8150 6368//5320
f 6369//5098 6368//5099 6367//5674
f 6366//8151 6370//4438 6368//4439
f 6374//6741 6375//5324 6377//6337
f 6376//4443 6375//5103 6374//4445
f 6373//8152 6377//8153 6375//8154
f 6378//8155 6381//7749 6382//8156
f 6383//6170 6382//4453 6381//5679
f 6380//8157 6384//8158 6382//6346
f 6388//7755 6389//7756 6391//7757
f 6390//8159 6389//7759 6388//7760
f 6391//8160 6389//8161 6390//8162
f 6395//8163 6396//8164 6398//8165
f 6397//7767 6396//8166 6395//7769
f 6398//7770 6396//8167 6397//8168
f 6399//4476 6402//7773 6403//7774
f 6400//7775 6404//8169 6403//7777
f 6405//7778 6403//7779 6404//8170
f 6409//5121 6410//4486 6412//6368
f 6411//7784 6410//8171 6409//7786
f 6412//5123 6410//8172 6411//5705
f 6416//4494 6417//8173 6419//8174
f 6418//6374 6417//7791 6416//7792
f 6419//8175 6417//8176 6418//8177
f 6423//7796 6424//8178 6426//6381
f 6425//5133 6424//8179 6423//8180
f 6426//8181 6424//8182 6425//8183
f 6430//7804 6431//7805 6433//7806
f 6432//7807 6431//7808 6430//7809
f 6433//7810 6431//7811 6432//7812
f 6434//8184 6437//8185 6438//7815
f 6435//7816 6439//7817 6438//8186
f 6440//8187 6438//8188 6439//8189
f 6444//5724 6445//8190 6447//5564
f 6446//8191 6445//7393 6444//8192
f 6447//8193 6445//8194 6446//8195
f 6451//4539 6452//8196 6454//5729
f 6453//8197 6452//8198 6451//8199
f 6454//7402 6452//8200 6453//5973
f 6455//5365 6458//4549 6459//5156
f 6460//4551 6459//5369 6458//5571
f 6457//4554 6461//4555 6459//8201
f 6465//4557 6466//4558 6468//8202
f 6467//8203 6466//8204 6465//8205
f 6468//5373 6466//5374 6467//5375
f 6472//4566 6473//7560 6475//8206
f 6474//8207 6473//7409 6472//8208
f 6475//6417 6473//6418 6474//5379
f 6479//5380 6480//5165 6482//8209
f 6481//8210 6480//8211 6479//8212
f 6482//7411 6480//8213 6481//8214
f 6486//4584 6487//5583 6489//8215
f 6488//8216 6487//5585 6486//5386
f 6489//8217 6487//4591 6488//8218
f 6490//6431 6493//7261 6494//8219
f 6495//8220 6494//8221 6493//8222
f 6492//5390 6496//4600 6494//4601
f 6329//4602 6335//294 6276//4603
f 6335//4604 6331//419 6274//5391
f 6274//8223 6280//297 6286//8224
f 6286//8225 6282//438 6275//7890
f 6337//5183 6339//448 6283//4611
f 6339//5184 6336//449 6281//5185
f 6338//5760 6341//5761 6334//5762
f 6334//5999 6341//312 6337//7891
f 6448//315 6454//314 6395//4618
f 6454//314 6450//317 6393//4619
f 6394//912 6397//1080 6391//4621
f 6397//5398 6393//1468 6385//7892
f 6442//326 6444//325 6388//4624
f 6444//325 6441//328 6386//4625
f 6450//7433 6453//1084 6446//8226
f 6453//7435 6449//1401 6443//7436
f 6281//4630 6287//5400 6293//7437
f 6285//8227 6293//8228 6289//8229
f 6344//4636 6346//345 6290//5769
f 6346//4638 6343//478 6288//4639
f 6345//6879 6348//7896 6342//7897
f 6348//4643 6344//8230 6336//8231
f 6455//354 6461//353 6402//4646
f 6461//353 6457//315 6400//4647
f 6394//8232 6401//8233 6404//5771
f 6398//6461 6404//6462 6400//4653
f 6457//6464 6460//6887 6451//6231
f 6460//5595 6456//4658 6449//6011
f 6288//7900 6294//4661 6300//4662
f 6292//7901 6300//7902 6296//5409
f 6351//4666 6353//509 6297//5410
f 6353//5194 6350//328 6295//5195
f 6352//6012 6355//7903 6349//7904
f 6355//4673 6351//7905 6343//7906
f 6462//291 6468//387 6409//4676
f 6468//387 6464//389 6407//4677
f 6401//5776 6408//4679 6411//6892
f 6405//4681 6411//7907 6407//5778
f 6464//5198 6467//7908 6458//4686
f 6467//5411 6463//4688 6456//8234
f 6295//7066 6301//4691 6307//8235
f 6299//8236 6307//7912 6303//4695
f 6358//4696 6360//325 6304//4697
f 6360//4698 6357//326 6302//4699
f 6359//8237 6362//5783 6356//5784
f 6362//8238 6358//6475 6350//6476
f 6469//419 6475//294 6416//4706
f 6475//294 6471//895 6414//4707
f 6408//6477 6415//8239 6418//7444
f 6412//6897 6418//7917 6414//7918
f 6471//7447 6474//8240 6465//8241
f 6474//6899 6470//414 6463//6484
f 6308//4730 6314//435 6306//5204
f 6306//8242 6314//435 6310//4721
f 6365//5207 6367//314 6311//4724
f 6367//4725 6364//315 6309//4726
f 6366//7924 6369//7925 6363//7926
f 6363//8243 6369//910 6365//4730
f 6476//306 6482//448 6423//4731
f 6482//448 6478//297 6421//4732
f 6422//8244 6425//8245 6419//8246
f 6425//5602 6421//1268 6413//8247
f 6469//8248 6478//1268 6481//8249
f 6481//8250 6477//1401 6470//7072
f 6315//5420 6321//8251 6313//5790
f 6321//8252 6317//8253 6310//6493
f 6372//4747 6374//353 6318//6494
f 6374//4749 6371//354 6316//4750
f 6366//8254 6373//8255 6376//8256
f 6370//8257 6376//8258 6372//4755
f 6483//478 6489//345 6430//4756
f 6489//345 6485//920 6428//5217
f 6429//7936 6432//7937 6426//7938
f 6432//6024 6428//6500 6420//6243
f 6476//8259 6485//4765 6488//7943
f 6479//8260 6488//7296 6484//8261
f 6322//4770 6328//4771 6320//6502
f 6328//4773 6324//4774 6317//4775
f 6379//4776 6381//387 6325//4777
f 6381//4778 6378//291 6323//4779
f 6373//8262 6380//7297 6383//5427
f 6377//5428 6383//4784 6379//8263
f 6490//4276 6496//509 6437//4786
f 6496//509 6492//377 6435//4787
f 6436//4788 6439//4147 6433//6910
f 6439//4791 6435//4792 6427//4793
f 6483//7606 6492//7607 6495//7949
f 6486//7950 6495//6505 6491//7609
f 6324//7951 6327//7952 6279//7953
f 6327//7954 6323//7955 6273//7956
f 6329//7298 6378//8264 6384//8265
f 6332//6913 6384//4810 6380//7299
f 6434//8266 6440//8267 6390//8268
f 6440//8269 6436//8270 6387//8271
f 6443//6920 6491//6035 6493//8272
f 6447//6037 6493//6519 6490//5612
f 6378//291 6329//291 6273//291
f 6331//297 6337//297 6280//297
f 6282//438 6394//438 6387//438
f 6275//438 6387//438 6436//438
f 6282//438 6289//438 6401//438
f 6336//306 6344//306 6287//306
f 6289//438 6296//438 6408//438
f 6343//547 6351//547 6294//547
f 6296//438 6303//438 6415//438
f 6350//328 6358//328 6301//328
f 6310//438 6422//438 6415//438
f 6357//331 6365//331 6308//331
f 6317//438 6429//438 6422//438
f 6364//315 6372//315 6315//315
f 6324//438 6436//438 6429//438
f 6371//548 6379//548 6322//548
f 6330//309 6443//309 6449//309
f 6330//309 6380//309 6491//309
f 6338//309 6449//309 6456//309
f 6345//309 6456//309 6463//309
f 6352//309 6463//309 6470//309
f 6359//309 6470//309 6477//309
f 6373//309 6366//309 6477//309
f 6380//309 6373//309 6484//309
f 6450//331 6442//331 6385//331
f 6441//328 6490//328 6434//328
f 6457//315 6448//315 6392//315
f 6464//548 6455//548 6399//548
f 6471//291 6462//291 6406//291
f 6478//297 6469//297 6413//297
f 6485//306 6476//306 6420//306
f 6492//547 6483//547 6427//547
f 6497//7959 6500//7960 6501//7961
f 6498//5440 6502//4828 6501//4829
f 6499//6038 6503//7962 6501//6099
f 6504//4833 6507//5831 6508//7963
f 6505//6928 6509//7097 6508//7964
f 6506//6042 6510//4840 6508//6266
f 6511//7965 6514//5902 6515//5903
f 6512//7101 6516//6535 6515//7147
f 6513//6102 6517//7966 6515//6050
f 6518//5279 6521//4852 6522//4853
f 6519//7967 6523//7968 6522//7969
f 6520//6592 6524//7154 6522//7970
f 6525//5037 6528//4861 6529//4862
f 6526//7971 6530//7972 6529//7973
f 6527//6941 6531//7974 6529//7975
f 6532//7976 6535//5911 6536//5912
f 6533//7111 6537//6550 6536//7160
f 6534//6061 6538//5913 6536//6063
f 6539//4951 6542//5853 6543//4880
f 6540//4881 6544//5855 6543//5815
f 6541//6651 6545//7977 6543//7978
f 6546//5453 6549//4888 6550//4889
f 6547//6070 6551//5857 6550//6115
f 6548//7979 6552//7980 6550//7981
f 6505//8273 6507//1538 6503//8274
f 6503//5817 6507//690 6504//4899
f 6518//4900 6524//291 6502//4901
f 6524//4902 6520//297 6499//4903
f 6513//5818 6520//3561 6523//8275
f 6523//8276 6519//309 6511//6250
f 6513//4908 6516//306 6509//4909
f 6516//4910 6512//547 6506//4911
f 6547//4912 6549//315 6531//4913
f 6549//4914 6546//548 6525//4915
f 6532//5460 6538//959 6530//8277
f 6530//8278 6538//1541 6534//8279
f 6539//4920 6545//328 6537//4921
f 6545//4922 6541//331 6534//4923
f 6540//8280 6548//309 6551//4925
f 6551//8281 6547//1406 6541//5820
f 6526//4928 6528//726 6500//7995
f 6528//5242 6525//548 6498//5243
f 6533//6083 6535//5877 6510//7996
f 6535//7997 6532//438 6504//4935
f 6540//4936 6542//735 6514//7998
f 6542//8282 6539//547 6512//5248
f 6546//4940 6552//675 6521//8001
f 6521//8283 6552//675 6548//5824
f 6504//438 6532//438 6526//438
f 6520//297 6513//297 6505//297
f 6498//548 6525//548 6546//548
f 6512//547 6539//547 6533//547
f 6519//309 6548//309 6540//309
f 6534//331 6541//331 6547//331
f 6553//8003 6556//8004 6557//7091
f 6554//8005 6558//8006 6557//8007
f 6555//5624 6559//5625 6557//4832
f 6560//4833 6563//5831 6564//7963
f 6561//5443 6565//8008 6564//5898
f 6562//5252 6566//8009 6564//8010
f 6567//8011 6570//5902 6571//5835
f 6568//8012 6572//8013 6571//8014
f 6569//5616 6573//5617 6571//6590
f 6574//5279 6577//8015 6578//8016
f 6575//4947 6579//5841 6578//5808
f 6576//5482 6580//4858 6578//5843
f 6581//4860 6584//8017 6585//8018
f 6582//4948 6586//5847 6585//8019
f 6583//5484 6587//4867 6585//5848
f 6588//8020 6591//8021 6592//5849
f 6589//8022 6593//8023 6592//8024
f 6590//5006 6594//5451 6592//4877
f 6595//4878 6598//8025 6599//8026
f 6596//4881 6600//5855 6599//8027
f 6597//5230 6601//8028 6599//5917
f 6602//8029 6605//8030 6606//8031
f 6603//4890 6607//5488 6606//4892
f 6604//8032 6608//8033 6606//7122
f 6555//6600 6561//1277 6563//6601
f 6563//7306 6560//1853 6553//7307
f 6574//4958 6580//291 6558//4959
f 6580//4960 6576//297 6555//4961
f 6576//7308 6579//1465 6573//5865
f 6573//7471 6579//2283 6575//6945
f 6569//4966 6572//306 6565//4967
f 6572//4968 6568//547 6562//4969
f 6603//4970 6605//315 6587//4971
f 6605//4972 6602//548 6581//4973
f 6582//7309 6588//2530 6594//7310
f 6594//6609 6590//1406 6583//6092
f 6595//4978 6601//328 6593//4979
f 6601//5051 6597//331 6590//4981
f 6604//6945 6607//3606 6600//8041
f 6600//4984 6607//655 6603//4985
f 6582//5265 6584//726 6556//5875
f 6584//5876 6581//660 6554//4989
f 6589//4990 6591//5877 6566//4991
f 6591//4992 6588//438 6560//4993
f 6596//5268 6598//735 6570//5878
f 6598//4996 6595//547 6568//4997
f 6602//5879 6608//5880 6577//4999
f 6608//5000 6604//309 6575//5001
f 6560//438 6588//438 6582//438
f 6576//297 6569//297 6561//297
f 6554//548 6581//548 6602//548
f 6568//547 6595//547 6589//547
f 6575//309 6604//309 6596//309
f 6590//331 6597//331 6603//331
f 6609//8044 6612//5826 6613//5827
f 6610//7140 6614//6615 6613//7092
f 6611//6038 6615//7962 6613//6099
f 6616//8045 6619//8046 6620//8047
f 6617//6958 6621//7097 6620//7964
f 6618//5252 6622//4945 6620//4841
f 6623//8048 6626//8049 6627//8050
f 6624//5480 6628//4846 6627//4847
f 6625//6102 6629//7966 6627//6050
f 6630//5626 6633//5005 6634//6256
f 6631//4947 6635//5841 6634//8051
f 6632//6622 6636//7154 6634//7970
f 6637//5037 6640//5908 6641//4862
f 6638//4948 6642//5847 6641//5886
f 6639//6941 6643//7974 6641//7975
f 6644//8052 6647//8053 6648//8054
f 6645//5486 6649//4873 6648//4874
f 6646//6061 6650//5913 6648//6063
f 6651//4951 6654//4879 6655//4880
f 6652//8055 6656//8056 6655//8057
f 6653//6651 6657//7977 6655//7978
f 6658//7166 6661//6631 6662//7117
f 6659//6070 6663//5857 6662//6115
f 6660//8058 6664//5860 6662//5861
f 6611//8284 6617//3769 6619//8285
f 6619//8286 6616//2280 6609//8287
f 6630//5013 6636//291 6614//4901
f 6636//4902 6632//297 6611//4903
f 6632//5271 6635//1568 6629//5016
f 6629//8288 6635//1465 6631//8289
f 6625//4908 6628//306 6621//4909
f 6628//4910 6624//547 6618//4911
f 6659//4912 6661//315 6643//4913
f 6661//4914 6658//548 6637//4915
f 6638//8290 6644//2530 6650//6956
f 6650//8291 6646//3540 6639//8292
f 6651//4920 6657//328 6649//5024
f 6657//4922 6653//331 6646//4923
f 6660//8293 6663//8294 6656//8295
f 6656//5027 6663//1469 6659//5278
f 6638//4928 6640//726 6612//7995
f 6612//8296 6640//8297 6637//6127
f 6645//4932 6647//665 6622//8068
f 6647//7997 6644//438 6616//4935
f 6652//4936 6654//735 6626//7998
f 6654//5247 6651//547 6624//5248
f 6658//6128 6664//5880 6633//8070
f 6664//8002 6660//309 6631//4943
f 6616//438 6644//438 6638//438
f 6632//297 6625//297 6617//297
f 6610//548 6637//548 6658//548
f 6624//547 6651//547 6645//547
f 6631//309 6660//309 6652//309
f 6646//331 6653//331 6659//331
f 6665//8071 6668//5826 6669//5896
f 6666//8072 6670//8073 6669//8074
f 6667//5624 6671//5625 6669//6524
f 6672//4833 6675//5831 6676//5884
f 6673//5443 6677//4837 6676//5898
f 6674//5252 6678//8075 6676//8010
f 6679//8076 6682//8077 6683//7146
f 6680//8078 6684//8079 6683//8080
f 6681//5616 6685//5617 6683//4850
f 6686//5279 6689//8081 6690//8016
f 6687//4947 6691//5841 6690//8051
f 6688//5482 6692//8082 6690//5843
f 6693//4860 6696//8083 6697//8018
f 6694//4948 6698//5847 6697//8019
f 6695//5484 6699//8084 6697//5848
f 6700//8085 6703//8086 6704//7159
f 6701//8087 6705//8088 6704//8089
f 6702//5006 6706//5451 6704//4877
f 6707//4878 6710//8090 6711//8026
f 6708//4881 6712//5855 6711//8027
f 6709//5230 6713//4885 6711//5917
f 6714//8091 6717//8092 6718//8093
f 6715//4890 6719//5488 6718//4892
f 6716//8094 6720//8095 6718//5920
f 6673//6653 6675//1173 6671//8096
f 6671//5495 6675//690 6672//5041
f 6686//4958 6692//291 6670//4959
f 6692//5042 6688//419 6667//4961
f 6681//6657 6688//1268 6691//7169
f 6691//7170 6687//1401 6679//7171
f 6681//4966 6684//306 6677//4967
f 6684//4968 6680//547 6674//4969
f 6715//4970 6717//315 6699//4971
f 6717//4972 6714//548 6693//4973
f 6700//5499 6706//1541 6698//8100
f 6698//6660 6706//711 6702//8101
f 6707//4978 6713//328 6705//4979
f 6713//5051 6709//331 6702//4981
f 6708//7174 6716//2115 6719//7175
f 6719//7176 6715//1468 6709//6270
f 6694//5265 6696//726 6668//5875
f 6696//4988 6693//548 6666//4989
f 6701//5926 6703//5877 6678//4991
f 6703//4992 6700//438 6672//4993
f 6708//5268 6710//735 6682//5878
f 6710//5927 6707//767 6680//4997
f 6714//4998 6720//5880 6689//4999
f 6720//5000 6716//309 6687//5001
f 6672//438 6700//438 6694//438
f 6688//297 6681//297 6673//297
f 6666//548 6693//548 6714//548
f 6680//547 6707//547 6701//547
f 6687//309 6716//309 6708//309
f 6702//331 6709//331 6715//331
f 6721//8298 6725//8299 6726//8300
f 6727//8301 6726//8302 6725//8303
f 6723//8304 6728//8305 6726//8306
f 6729//8307 6726//8308 6728//8309
f 6730//3887 6734//8310 6735//8311
f 6736//8312 6735//8313 6734//8314
f 6732//8315 6737//8316 6735//8317
f 6738//8318 6735//8319 6737//8320
f 6739//8321 6742//8322 6743//8323
f 6744//8324 6743//8325 6742//8326
f 6741//8327 6745//8328 6743//8329
f 6749//8330 6750//8331 6752//8332
f 6747//8333 6751//8334 6750//8335
f 6748//8336 6752//8337 6750//8338
f 6756//8339 6757//8340 6759//8341
f 6758//8342 6757//8343 6756//8344
f 6755//8345 6759//8346 6757//8347
f 6763//8348 6764//8349 6766//8350
f 6765//8351 6764//8352 6763//8353
f 6762//8354 6766//8355 6764//8356
f 6767//8357 6770//8358 6771//8359
f 6772//8360 6771//8361 6770//8362
f 6769//8363 6773//8364 6771//8365
f 6777//8366 6778//8367 6780//8368
f 6775//8369 6779//8370 6778//8371
f 6776//8372 6780//8373 6778//8374
f 6781//8375 6785//8376 6786//8377
f 6787//8378 6786//8379 6785//8380
f 6783//8381 6788//8382 6786//8383
f 6789//8384 6786//8385 6788//8386
f 6790//8387 6794//8388 6795//8389
f 6796//8390 6795//8391 6794//8392
f 6792//8393 6797//8394 6795//8395
f 6798//8396 6795//8397 6797//8398
f 6802//8399 6803//8400 6805//8401
f 6800//8402 6804//8403 6803//8404
f 6801//8405 6805//8406 6803//8407
f 6806//8408 6809//8409 6810//8410
f 6811//8411 6810//8412 6809//8413
f 6808//8414 6812//8415 6810//8416
f 6816//8417 6817//8418 6819//8419
f 6818//8420 6817//8421 6816//8422
f 6815//8423 6819//8424 6817//8425
f 6823//8426 6824//8427 6826//8428
f 6825//8429 6824//8430 6823//8431
f 6822//8432 6826//8433 6824//8434
f 6830//8435 6831//8436 6833//8437
f 6828//8438 6832//8439 6831//8440
f 6829//8441 6833//8442 6831//8443
f 6834//8444 6837//8445 6838//8446
f 6839//8447 6838//8448 6837//8449
f 6836//8450 6840//8451 6838//8452
f 6841//8453 6845//8454 6846//8455
f 6847//8456 6846//8457 6845//8458
f 6843//8459 6848//8460 6846//8461
f 6849//8462 6846//8463 6848//8464
f 6850//8465 6854//8466 6855//8467
f 6856//8468 6855//8469 6854//8470
f 6852//8471 6857//8472 6855//8473
f 6858//8474 6855//8475 6857//8476
f 6859//8477 6862//8478 6863//8479
f 6860//8480 6864//8481 6863//8482
f 6865//8483 6863//8484 6864//8485
f 6869//8486 6870//8487 6872//8488
f 6871//8489 6870//8490 6869//8491
f 6872//8492 6870//8493 6871//8494
f 6876//8495 6877//8496 6879//8497
f 6878//8498 6877//8499 6876//8500
f 6879//8501 6877//8502 6878//8503
f 6883//8504 6884//8505 6886//8506
f 6885//8507 6884//8508 6883//8509
f 6886//8510 6884//8511 6885//8512
f 6890//8513 6891//8514 6893//8515
f 6892//8516 6891//8517 6890//8518
f 6893//8519 6891//8520 6892//8521
f 6894//8522 6897//8523 6898//8524
f 6895//8525 6899//8526 6898//8527
f 6900//8528 6898//8529 6899//8530
f 6901//8531 6905//8532 6906//8533
f 6907//8534 6906//8535 6905//8536
f 6903//8537 6908//8538 6906//8539
f 6909//8540 6906//8541 6908//8542
f 6910//8543 6914//8544 6915//8545
f 6916//8546 6915//8547 6914//8548
f 6912//8549 6917//8550 6915//8551
f 6918//8552 6915//8553 6917//8554
f 6919//8555 6922//8556 6923//8557
f 6924//8558 6923//8559 6922//8560
f 6921//8561 6925//8562 6923//8563
f 6929//8564 6930//8565 6932//8566
f 6931//8567 6930//8568 6929//8569
f 6932//8570 6930//8571 6931//8572
f 6936//8573 6937//8574 6939//8575
f 6938//8576 6937//8577 6936//8578
f 6939//8579 6937//8580 6938//8581
f 6943//8582 6944//8583 6946//8584
f 6945//8585 6944//8586 6943//8587
f 6946//8588 6944//8589 6945//8590
f 6950//8591 6951//8592 6953//8593
f 6952//8594 6951//8595 6950//8596
f 6953//8597 6951//8598 6952//8599
f 6954//8600 6957//8601 6958//8602
f 6959//8603 6958//8604 6957//8605
f 6956//8606 6960//8607 6958//8608
f 6781//8609 6789//294 6725//8610
f 6789//8611 6784//419 6722//8612
f 6731//297 6734//297 6727//297
f 6734//297 6730//297 6723//297
f 6791//8613 6794//448 6736//8614
f 6794//8615 6790//449 6732//8616
f 6783//297 6792//297 6796//297
f 6788//297 6796//297 6791//297
f 6910//315 6918//314 6854//8617
f 6918//314 6913//317 6851//8618
f 6852//331 6856//331 6845//331
f 6856//331 6851//331 6842//331
f 6902//326 6905//325 6847//8619
f 6905//325 6901//328 6843//8620
f 6913//331 6917//331 6907//331
f 6917//331 6912//331 6903//331
f 6723//320 6841//320 6849//320
f 6728//438 6849//438 6844//438
f 6853//438 6857//438 6738//438
f 6857//438 6852//438 6730//438
f 6792//309 6912//309 6916//309
f 6797//2115 6916//2115 6911//2115
f 6904//309 6908//309 6787//309
f 6908//309 6903//309 6783//309
f 6732//8621 6739//8622 6745//8623
f 6737//8624 6745//8625 6741//8626
f 6800//8627 6802//345 6742//8628
f 6802//8629 6799//478 6740//8630
f 6801//8631 6804//8632 6798//8633
f 6804//8634 6800//8635 6790//8636
f 6919//354 6925//353 6862//8637
f 6925//353 6921//315 6860//8638
f 6853//8639 6861//8640 6864//8641
f 6858//8642 6864//8643 6860//8644
f 6921//8645 6924//8646 6914//8647
f 6924//8648 6920//8649 6911//8650
f 6740//8651 6746//8652 6752//8653
f 6744//8654 6752//4283 6748//8655
f 6807//8656 6809//509 6749//8657
f 6809//8658 6806//328 6747//8659
f 6808//8660 6811//4286 6805//8661
f 6811//8662 6807//8663 6799//8664
f 6926//291 6932//387 6869//8665
f 6932//387 6928//389 6867//8666
f 6861//8667 6868//8668 6871//8669
f 6865//8670 6871//4264 6867//8671
f 6928//8672 6931//4271 6922//8673
f 6931//8674 6927//8675 6920//8676
f 6753//8677 6759//8678 6751//8679
f 6759//8680 6755//8681 6748//8682
f 6814//8683 6816//325 6756//8684
f 6816//8685 6813//326 6754//8686
f 6808//8687 6815//8688 6818//8689
f 6812//8690 6818//8691 6814//8692
f 6933//419 6939//294 6876//8693
f 6939//294 6935//895 6874//8694
f 6875//8695 6878//8696 6872//8697
f 6878//8698 6874//8699 6866//8700
f 6926//8701 6935//8702 6938//8703
f 6929//8704 6938//8705 6934//8706
f 6760//8707 6766//8708 6758//8709
f 6758//8710 6766//8711 6762//4774
f 6821//8712 6823//314 6763//8713
f 6823//8714 6820//7428 6761//8715
f 6822//8716 6825//8717 6819//8718
f 6819//8719 6825//8717 6821//8720
f 6940//449 6946//448 6883//8721
f 6946//448 6942//303 6881//8722
f 6882//8723 6885//8724 6879//8725
f 6885//8726 6881//297 6873//8727
f 6942//8728 6945//8729 6936//8730
f 6945//8731 6941//309 6934//8732
f 6761//8733 6767//8734 6773//8735
f 6765//8736 6773//8737 6769//8738
f 6828//8739 6830//353 6770//8740
f 6830//8741 6827//354 6768//8742
f 6829//8743 6832//8744 6826//8745
f 6832//8746 6828//8747 6820//8748
f 6947//478 6953//345 6890//8749
f 6953//345 6949//306 6888//8750
f 6882//8751 6889//8752 6892//8753
f 6886//8754 6892//8755 6888//8756
f 6949//8757 6952//8758 6943//8759
f 6952//8760 6948//8761 6941//8762
f 6774//8763 6780//2099 6772//8764
f 6780//8765 6776//8766 6769//8767
f 6835//8768 6837//387 6777//8769
f 6837//8770 6834//291 6775//8771
f 6829//8772 6836//8773 6839//8774
f 6833//8775 6839//8776 6835//8777
f 6954//328 6960//509 6897//8778
f 6960//509 6956//377 6895//8779
f 6896//8780 6899//8781 6893//8782
f 6899//8783 6895//8784 6887//8785
f 6947//8786 6956//8787 6959//8788
f 6950//8789 6959//8790 6955//8791
f 6776//8792 6779//8793 6729//8794
f 6779//8795 6775//8796 6721//8797
f 6781//8798 6834//8799 6840//8800
f 6785//8801 6840//8802 6836//8803
f 6894//8804 6900//8805 6848//8806
f 6900//8807 6896//8808 6844//8809
f 6904//8810 6955//8811 6957//8812
f 6909//8813 6957//8814 6954//8815
f 6834//291 6781//291 6721//291
f 6784//297 6791//297 6731//297
f 6723//331 6730//331 6852//331
f 6724//438 6844//438 6896//438
f 6733//438 6741//438 6861//438
f 6790//306 6800//306 6739//306
f 6741//438 6748//438 6868//438
f 6799//547 6807//547 6746//547
f 6755//438 6875//438 6868//438
f 6806//328 6814//328 6753//328
f 6762//438 6882//438 6875//438
f 6813//331 6821//331 6760//331
f 6762//438 6769//438 6889//438
f 6820//315 6828//315 6767//315
f 6776//438 6896//438 6889//438
f 6827//548 6835//548 6774//548
f 6792//297 6783//297 6903//297
f 6782//309 6836//309 6955//309
f 6793//309 6911//309 6920//309
f 6801//309 6920//309 6927//309
f 6815//309 6808//309 6927//309
f 6815//309 6934//309 6941//309
f 6822//309 6941//309 6948//309
f 6836//309 6829//309 6948//309
f 6913//331 6902//331 6842//331
f 6901//328 6954//328 6894//328
f 6921//315 6910//315 6850//315
f 6928//548 6919//548 6859//548
f 6935//291 6926//291 6866//291
f 6942//297 6933//297 6873//297
f 6949//306 6940//306 6880//306
f 6956//547 6947//547 6887//547
