# Blender 5.0.1
# www.blender.org
o light_white
v 2.002929 0.217071 1.850000
v 2.100929 0.315071 1.850000
v 2.086787 0.329213 1.850000
v 1.988787 0.231213 1.850000
v 2.002929 0.217071 0.950000
v 2.100929 0.315071 0.950000
v 2.086787 0.329213 0.950000
v 1.988787 0.231213 0.950000
v 2.212929 0.427071 1.850000
v 2.310929 0.525071 1.850000
v 2.296787 0.539213 1.850000
v 2.198787 0.441213 1.850000
v 2.212929 0.427071 0.950000
v 2.310929 0.525071 0.950000
v 2.296787 0.539213 0.950000
v 2.198787 0.441213 0.950000
v 2.422929 0.637071 1.850000
v 2.520929 0.735071 1.850000
v 2.506787 0.749213 1.850000
v 2.408787 0.651213 1.850000
v 2.422929 0.637071 0.950000
v 2.520929 0.735071 0.950000
v 2.506787 0.749213 0.950000
v 2.408787 0.651213 0.950000
v 2.632929 0.847071 1.850000
v 2.730929 0.945071 1.850000
v 2.716787 0.959213 1.850000
v 2.618787 0.861213 1.850000
v 2.632929 0.847071 0.950000
v 2.730929 0.945071 0.950000
v 2.716787 0.959213 0.950000
v 2.618787 0.861213 0.950000
v 2.842929 1.057071 1.850000
v 2.940929 1.155071 1.850000
v 2.926787 1.169213 1.850000
v 2.828787 1.071213 1.850000
v 2.842929 1.057071 0.950000
v 2.940929 1.155071 0.950000
v 2.926787 1.169213 0.950000
v 2.828787 1.071213 0.950000
v 2.002929 0.217071 0.600000
v 2.100929 0.315071 0.600000
v 2.086787 0.329213 0.600000
v 1.988787 0.231213 0.600000
v 2.002929 0.217071 -0.300000
v 2.100929 0.315071 -0.300000
v 2.086787 0.329213 -0.300000
v 1.988787 0.231213 -0.300000
v 2.212929 0.427071 0.600000
v 2.310929 0.525071 0.600000
v 2.296787 0.539213 0.600000
v 2.198787 0.441213 0.600000
v 2.212929 0.427071 -0.300000
v 2.310929 0.525071 -0.300000
v 2.296787 0.539213 -0.300000
v 2.198787 0.441213 -0.300000
v 2.422929 0.637071 0.600000
v 2.520929 0.735071 0.600000
v 2.506787 0.749213 0.600000
v 2.408787 0.651213 0.600000
v 2.422929 0.637071 -0.300000
v 2.520929 0.735071 -0.300000
v 2.506787 0.749213 -0.300000
v 2.408787 0.651213 -0.300000
v 2.632929 0.847071 0.600000
v 2.730929 0.945071 0.600000
v 2.716787 0.959213 0.600000
v 2.618787 0.861213 0.600000
v 2.632929 0.847071 -0.300000
v 2.730929 0.945071 -0.300000
v 2.716787 0.959213 -0.300000
v 2.618787 0.861213 -0.300000
v 2.842929 1.057071 0.600000
v 2.940929 1.155071 0.600000
v 2.926787 1.169213 0.600000
v 2.828787 1.071213 0.600000
v 2.842929 1.057071 -0.300000
v 2.940929 1.155071 -0.300000
v 2.926787 1.169213 -0.300000
v 2.828787 1.071213 -0.300000
v 2.002929 0.217071 -0.650000
v 2.100929 0.315071 -0.650000
v 2.086787 0.329213 -0.650000
v 1.988787 0.231213 -0.650000
v 2.002929 0.217071 -1.550000
v 2.100929 0.315071 -1.550000
v 2.086787 0.329213 -1.550000
v 1.988787 0.231213 -1.550000
v 2.212929 0.427071 -0.650000
v 2.310929 0.525071 -0.650000
v 2.296787 0.539213 -0.650000
v 2.198787 0.441213 -0.650000
v 2.212929 0.427071 -1.550000
v 2.310929 0.525071 -1.550000
v 2.296787 0.539213 -1.550000
v 2.198787 0.441213 -1.550000
v 2.422929 0.637071 -0.650000
v 2.520929 0.735071 -0.650000
v 2.506787 0.749213 -0.650000
v 2.408787 0.651213 -0.650000
v 2.422929 0.637071 -1.550000
v 2.520929 0.735071 -1.550000
v 2.506787 0.749213 -1.550000
v 2.408787 0.651213 -1.550000
v 2.632929 0.847071 -0.650000
v 2.730929 0.945071 -0.650000
v 2.716787 0.959213 -0.650000
v 2.618787 0.861213 -0.650000
v 2.632929 0.847071 -1.550000
v 2.730929 0.945071 -1.550000
v 2.716787 0.959213 -1.550000
v 2.618787 0.861213 -1.550000
v 2.842929 1.057071 -0.650000
v 2.940929 1.155071 -0.650000
v 2.926787 1.169213 -0.650000
v 2.828787 1.071213 -0.650000
v 2.842929 1.057071 -1.550000
v 2.940929 1.155071 -1.550000
v 2.926787 1.169213 -1.550000
v 2.828787 1.071213 -1.550000
v 2.002929 0.217071 -1.900000
v 2.100929 0.315071 -1.900000
v 2.086787 0.329213 -1.900000
v 1.988787 0.231213 -1.900000
v 2.002929 0.217071 -2.800000
v 2.100929 0.315071 -2.800000
v 2.086787 0.329213 -2.800000
v 1.988787 0.231213 -2.800000
v 2.212929 0.427071 -1.900000
v 2.310929 0.525071 -1.900000
v 2.296787 0.539213 -1.900000
v 2.198787 0.441213 -1.900000
v 2.212929 0.427071 -2.800000
v 2.310929 0.525071 -2.800000
v 2.296787 0.539213 -2.800000
v 2.198787 0.441213 -2.800000
v 2.422929 0.637071 -1.900000
v 2.520929 0.735071 -1.900000
v 2.506787 0.749213 -1.900000
v 2.408787 0.651213 -1.900000
v 2.422929 0.637071 -2.800000
v 2.520929 0.735071 -2.800000
v 2.506787 0.749213 -2.800000
v 2.408787 0.651213 -2.800000
v 2.632929 0.847071 -1.900000
v 2.730929 0.945071 -1.900000
v 2.716787 0.959213 -1.900000
v 2.618787 0.861213 -1.900000
v 2.632929 0.847071 -2.800000
v 2.730929 0.945071 -2.800000
v 2.716787 0.959213 -2.800000
v 2.618787 0.861213 -2.800000
v 2.842929 1.057071 -1.900000
v 2.940929 1.155071 -1.900000
v 2.926787 1.169213 -1.900000
v 2.828787 1.071213 -1.900000
v 2.842929 1.057071 -2.800000
v 2.940929 1.155071 -2.800000
v 2.926787 1.169213 -2.800000
v 2.828787 1.071213 -2.800000
v 2.002929 0.217071 -3.150000
v 2.100929 0.315071 -3.150000
v 2.086787 0.329213 -3.150000
v 1.988787 0.231213 -3.150000
v 2.002929 0.217071 -4.050000
v 2.100929 0.315071 -4.050000
v 2.086787 0.329213 -4.050000
v 1.988787 0.231213 -4.050000
v 2.212929 0.427071 -3.150000
v 2.310929 0.525071 -3.150000
v 2.296787 0.539213 -3.150000
v 2.198787 0.441213 -3.150000
v 2.212929 0.427071 -4.050000
v 2.310929 0.525071 -4.050000
v 2.296787 0.539213 -4.050000
v 2.198787 0.441213 -4.050000
v 2.422929 0.637071 -3.150000
v 2.520929 0.735071 -3.150000
v 2.506787 0.749213 -3.150000
v 2.408787 0.651213 -3.150000
v 2.422929 0.637071 -4.050000
v 2.520929 0.735071 -4.050000
v 2.506787 0.749213 -4.050000
v 2.408787 0.651213 -4.050000
v 2.632929 0.847071 -3.150000
v 2.730929 0.945071 -3.150000
v 2.716787 0.959213 -3.150000
v 2.618787 0.861213 -3.150000
v 2.632929 0.847071 -4.050000
v 2.730929 0.945071 -4.050000
v 2.716787 0.959213 -4.050000
v 2.618787 0.861213 -4.050000
v 2.842929 1.057071 -3.150000
v 2.940929 1.155071 -3.150000
v 2.926787 1.169213 -3.150000
v 2.828787 1.071213 -3.150000
v 2.842929 1.057071 -4.050000
v 2.940929 1.155071 -4.050000
v 2.926787 1.169213 -4.050000
v 2.828787 1.071213 -4.050000
v 2.002929 0.217071 -4.400000
v 2.100929 0.315071 -4.400000
v 2.086787 0.329213 -4.400000
v 1.988787 0.231213 -4.400000
v 2.002929 0.217071 -5.300000
v 2.100929 0.315071 -5.300000
v 2.086787 0.329213 -5.300000
v 1.988787 0.231213 -5.300000
v 2.212929 0.427071 -4.400000
v 2.310929 0.525071 -4.400000
v 2.296787 0.539213 -4.400000
v 2.198787 0.441213 -4.400000
v 2.212929 0.427071 -5.300000
v 2.310929 0.525071 -5.300000
v 2.296787 0.539213 -5.300000
v 2.198787 0.441213 -5.300000
v 2.422929 0.637071 -4.400000
v 2.520929 0.735071 -4.400000
v 2.506787 0.749213 -4.400000
v 2.408787 0.651213 -4.400000
v 2.422929 0.637071 -5.300000
v 2.520929 0.735071 -5.300000
v 2.506787 0.749213 -5.300000
v 2.408787 0.651213 -5.300000
v 2.632929 0.847071 -4.400000
v 2.730929 0.945071 -4.400000
v 2.716787 0.959213 -4.400000
v 2.618787 0.861213 -4.400000
v 2.632929 0.847071 -5.300000
v 2.730929 0.945071 -5.300000
v 2.716787 0.959213 -5.300000
v 2.618787 0.861213 -5.300000
v 2.842929 1.057071 -4.400000
v 2.940929 1.155071 -4.400000
v 2.926787 1.169213 -4.400000
v 2.828787 1.071213 -4.400000
v 2.842929 1.057071 -5.300000
v 2.940929 1.155071 -5.300000
v 2.926787 1.169213 -5.300000
v 2.828787 1.071213 -5.300000
v 2.002929 0.217071 -5.650000
v 2.100929 0.315071 -5.650000
v 2.086787 0.329213 -5.650000
v 1.988787 0.231213 -5.650000
v 2.002929 0.217071 -6.550000
v 2.100929 0.315071 -6.550000
v 2.086787 0.329213 -6.550000
v 1.988787 0.231213 -6.550000
v 2.212929 0.427071 -5.650000
v 2.310929 0.525071 -5.650000
v 2.296787 0.539213 -5.650000
v 2.198787 0.441213 -5.650000
v 2.212929 0.427071 -6.550000
v 2.310929 0.525071 -6.550000
v 2.296787 0.539213 -6.550000
v 2.198787 0.441213 -6.550000
v 2.422929 0.637071 -5.650000
v 2.520929 0.735071 -5.650000
v 2.506787 0.749213 -5.650000
v 2.408787 0.651213 -5.650000
v 2.422929 0.637071 -6.550000
v 2.520929 0.735071 -6.550000
v 2.506787 0.749213 -6.550000
v 2.408787 0.651213 -6.550000
v 2.632929 0.847071 -5.650000
v 2.730929 0.945071 -5.650000
v 2.716787 0.959213 -5.650000
v 2.618787 0.861213 -5.650000
v 2.632929 0.847071 -6.550000
v 2.730929 0.945071 -6.550000
v 2.716787 0.959213 -6.550000
v 2.618787 0.861213 -6.550000
v 2.842929 1.057071 -5.650000
v 2.940929 1.155071 -5.650000
v 2.926787 1.169213 -5.650000
v 2.828787 1.071213 -5.650000
v 2.842929 1.057071 -6.550000
v 2.940929 1.155071 -6.550000
v 2.926787 1.169213 -6.550000
v 2.828787 1.071213 -6.550000
v 2.002929 0.217071 -6.900000
v 2.100929 0.315071 -6.900000
v 2.086787 0.329213 -6.900000
v 1.988787 0.231213 -6.900000
v 2.002929 0.217071 -7.800000
v 2.100929 0.315071 -7.800000
v 2.086787 0.329213 -7.800000
v 1.988787 0.231213 -7.800000
v 2.212929 0.427071 -6.900000
v 2.310929 0.525071 -6.900000
v 2.296787 0.539213 -6.900000
v 2.198787 0.441213 -6.900000
v 2.212929 0.427071 -7.800000
v 2.310929 0.525071 -7.800000
v 2.296787 0.539213 -7.800000
v 2.198787 0.441213 -7.800000
v 2.422929 0.637071 -6.900000
v 2.520929 0.735071 -6.900000
v 2.506787 0.749213 -6.900000
v 2.408787 0.651213 -6.900000
v 2.422929 0.637071 -7.800000
v 2.520929 0.735071 -7.800000
v 2.506787 0.749213 -7.800000
v 2.408787 0.651213 -7.800000
v 2.632929 0.847071 -6.900000
v 2.730929 0.945071 -6.900000
v 2.716787 0.959213 -6.900000
v 2.618787 0.861213 -6.900000
v 2.632929 0.847071 -7.800000
v 2.730929 0.945071 -7.800000
v 2.716787 0.959213 -7.800000
v 2.618787 0.861213 -7.800000
v 2.842929 1.057071 -6.900000
v 2.940929 1.155071 -6.900000
v 2.926787 1.169213 -6.900000
v 2.828787 1.071213 -6.900000
v 2.842929 1.057071 -7.800000
v 2.940929 1.155071 -7.800000
v 2.926787 1.169213 -7.800000
v 2.828787 1.071213 -7.800000
v 2.002929 0.217071 -8.150000
v 2.100929 0.315071 -8.150000
v 2.086787 0.329213 -8.150000
v 1.988787 0.231213 -8.150000
v 2.002929 0.217071 -9.050000
v 2.100929 0.315071 -9.050000
v 2.086787 0.329213 -9.050000
v 1.988787 0.231213 -9.050000
v 2.212929 0.427071 -8.150000
v 2.310929 0.525071 -8.150000
v 2.296787 0.539213 -8.150000
v 2.198787 0.441213 -8.150000
v 2.212929 0.427071 -9.050000
v 2.310929 0.525071 -9.050000
v 2.296787 0.539213 -9.050000
v 2.198787 0.441213 -9.050000
v 2.422929 0.637071 -8.150000
v 2.520929 0.735071 -8.150000
v 2.506787 0.749213 -8.150000
v 2.408787 0.651213 -8.150000
v 2.422929 0.637071 -9.050000
v 2.520929 0.735071 -9.050000
v 2.506787 0.749213 -9.050000
v 2.408787 0.651213 -9.050000
v 2.632929 0.847071 -8.150000
v 2.730929 0.945071 -8.150000
v 2.716787 0.959213 -8.150000
v 2.618787 0.861213 -8.150000
v 2.632929 0.847071 -9.050000
v 2.730929 0.945071 -9.050000
v 2.716787 0.959213 -9.050000
v 2.618787 0.861213 -9.050000
v 2.842929 1.057071 -8.150000
v 2.940929 1.155071 -8.150000
v 2.926787 1.169213 -8.150000
v 2.828787 1.071213 -8.150000
v 2.842929 1.057071 -9.050000
v 2.940929 1.155071 -9.050000
v 2.926787 1.169213 -9.050000
v 2.828787 1.071213 -9.050000
v 2.002929 0.217071 -9.400000
v 2.100929 0.315071 -9.400000
v 2.086787 0.329213 -9.400000
v 1.988787 0.231213 -9.400000
v 2.002929 0.217071 -10.300000
v 2.100929 0.315071 -10.300000
v 2.086787 0.329213 -10.300000
v 1.988787 0.231213 -10.300000
v 2.212929 0.427071 -9.400000
v 2.310929 0.525071 -9.400000
v 2.296787 0.539213 -9.400000
v 2.198787 0.441213 -9.400000
v 2.212929 0.427071 -10.300000
v 2.310929 0.525071 -10.300000
v 2.296787 0.539213 -10.300000
v 2.198787 0.441213 -10.300000
v 2.422929 0.637071 -9.400000
v 2.520929 0.735071 -9.400000
v 2.506787 0.749213 -9.400000
v 2.408787 0.651213 -9.400000
v 2.422929 0.637071 -10.300000
v 2.520929 0.735071 -10.300000
v 2.506787 0.749213 -10.300000
v 2.408787 0.651213 -10.300000
v 2.632929 0.847071 -9.400000
v 2.730929 0.945071 -9.400000
v 2.716787 0.959213 -9.400000
v 2.618787 0.861213 -9.400000
v 2.632929 0.847071 -10.300000
v 2.730929 0.945071 -10.300000
v 2.716787 0.959213 -10.300000
v 2.618787 0.861213 -10.300000
v 2.842929 1.057071 -9.400000
v 2.940929 1.155071 -9.400000
v 2.926787 1.169213 -9.400000
v 2.828787 1.071213 -9.400000
v 2.842929 1.057071 -10.300000
v 2.940929 1.155071 -10.300000
v 2.926787 1.169213 -10.300000
v 2.828787 1.071213 -10.300000
v 2.002929 0.217071 -10.650000
v 2.100929 0.315071 -10.650000
v 2.086787 0.329213 -10.650000
v 1.988787 0.231213 -10.650000
v 2.002929 0.217071 -11.550000
v 2.100929 0.315071 -11.550000
v 2.086787 0.329213 -11.550000
v 1.988787 0.231213 -11.550000
v 2.212929 0.427071 -10.650000
v 2.310929 0.525071 -10.650000
v 2.296787 0.539213 -10.650000
v 2.198787 0.441213 -10.650000
v 2.212929 0.427071 -11.550000
v 2.310929 0.525071 -11.550000
v 2.296787 0.539213 -11.550000
v 2.198787 0.441213 -11.550000
v 2.422929 0.637071 -10.650000
v 2.520929 0.735071 -10.650000
v 2.506787 0.749213 -10.650000
v 2.408787 0.651213 -10.650000
v 2.422929 0.637071 -11.550000
v 2.520929 0.735071 -11.550000
v 2.506787 0.749213 -11.550000
v 2.408787 0.651213 -11.550000
v 2.632929 0.847071 -10.650000
v 2.730929 0.945071 -10.650000
v 2.716787 0.959213 -10.650000
v 2.618787 0.861213 -10.650000
v 2.632929 0.847071 -11.550000
v 2.730929 0.945071 -11.550000
v 2.716787 0.959213 -11.550000
v 2.618787 0.861213 -11.550000
v 2.842929 1.057071 -10.650000
v 2.940929 1.155071 -10.650000
v 2.926787 1.169213 -10.650000
v 2.828787 1.071213 -10.650000
v 2.842929 1.057071 -11.550000
v 2.940929 1.155071 -11.550000
v 2.926787 1.169213 -11.550000
v 2.828787 1.071213 -11.550000
v 2.002929 0.217071 -11.900000
v 2.100929 0.315071 -11.900000
v 2.086787 0.329213 -11.900000
v 1.988787 0.231213 -11.900000
v 2.002929 0.217071 -12.800000
v 2.100929 0.315071 -12.800000
v 2.086787 0.329213 -12.800000
v 1.988787 0.231213 -12.800000
v 2.212929 0.427071 -11.900000
v 2.310929 0.525071 -11.900000
v 2.296787 0.539213 -11.900000
v 2.198787 0.441213 -11.900000
v 2.212929 0.427071 -12.800000
v 2.310929 0.525071 -12.800000
v 2.296787 0.539213 -12.800000
v 2.198787 0.441213 -12.800000
v 2.422929 0.637071 -11.900000
v 2.520929 0.735071 -11.900000
v 2.506787 0.749213 -11.900000
v 2.408787 0.651213 -11.900000
v 2.422929 0.637071 -12.800000
v 2.520929 0.735071 -12.800000
v 2.506787 0.749213 -12.800000
v 2.408787 0.651213 -12.800000
v 2.632929 0.847071 -11.900000
v 2.730929 0.945071 -11.900000
v 2.716787 0.959213 -11.900000
v 2.618787 0.861213 -11.900000
v 2.632929 0.847071 -12.800000
v 2.730929 0.945071 -12.800000
v 2.716787 0.959213 -12.800000
v 2.618787 0.861213 -12.800000
v 2.842929 1.057071 -11.900000
v 2.940929 1.155071 -11.900000
v 2.926787 1.169213 -11.900000
v 2.828787 1.071213 -11.900000
v 2.842929 1.057071 -12.800000
v 2.940929 1.155071 -12.800000
v 2.926787 1.169213 -12.800000
v 2.828787 1.071213 -12.800000
v 2.002929 0.217071 -13.150000
v 2.100929 0.315071 -13.150000
v 2.086787 0.329213 -13.150000
v 1.988787 0.231213 -13.150000
v 2.002929 0.217071 -14.050000
v 2.100929 0.315071 -14.050000
v 2.086787 0.329213 -14.050000
v 1.988787 0.231213 -14.050000
v 2.212929 0.427071 -13.150000
v 2.310929 0.525071 -13.150000
v 2.296787 0.539213 -13.150000
v 2.198787 0.441213 -13.150000
v 2.212929 0.427071 -14.050000
v 2.310929 0.525071 -14.050000
v 2.296787 0.539213 -14.050000
v 2.198787 0.441213 -14.050000
v 2.422929 0.637071 -13.150000
v 2.520929 0.735071 -13.150000
v 2.506787 0.749213 -13.150000
v 2.408787 0.651213 -13.150000
v 2.422929 0.637071 -14.050000
v 2.520929 0.735071 -14.050000
v 2.506787 0.749213 -14.050000
v 2.408787 0.651213 -14.050000
v 2.632929 0.847071 -13.150000
v 2.730929 0.945071 -13.150000
v 2.716787 0.959213 -13.150000
v 2.618787 0.861213 -13.150000
v 2.632929 0.847071 -14.050000
v 2.730929 0.945071 -14.050000
v 2.716787 0.959213 -14.050000
v 2.618787 0.861213 -14.050000
v 2.842929 1.057071 -13.150000
v 2.940929 1.155071 -13.150000
v 2.926787 1.169213 -13.150000
v 2.828787 1.071213 -13.150000
v 2.842929 1.057071 -14.050000
v 2.940929 1.155071 -14.050000
v 2.926787 1.169213 -14.050000
v 2.828787 1.071213 -14.050000
v 2.002929 0.217071 -14.400000
v 2.100929 0.315071 -14.400000
v 2.086787 0.329213 -14.400000
v 1.988787 0.231213 -14.400000
v 2.002929 0.217071 -15.300000
v 2.100929 0.315071 -15.300000
v 2.086787 0.329213 -15.300000
v 1.988787 0.231213 -15.300000
v 2.212929 0.427071 -14.400000
v 2.310929 0.525071 -14.400000
v 2.296787 0.539213 -14.400000
v 2.198787 0.441213 -14.400000
v 2.212929 0.427071 -15.300000
v 2.310929 0.525071 -15.300000
v 2.296787 0.539213 -15.300000
v 2.198787 0.441213 -15.300000
v 2.422929 0.637071 -14.400000
v 2.520929 0.735071 -14.400000
v 2.506787 0.749213 -14.400000
v 2.408787 0.651213 -14.400000
v 2.422929 0.637071 -15.300000
v 2.520929 0.735071 -15.300000
v 2.506787 0.749213 -15.300000
v 2.408787 0.651213 -15.300000
v 2.632929 0.847071 -14.400000
v 2.730929 0.945071 -14.400000
v 2.716787 0.959213 -14.400000
v 2.618787 0.861213 -14.400000
v 2.632929 0.847071 -15.300000
v 2.730929 0.945071 -15.300000
v 2.716787 0.959213 -15.300000
v 2.618787 0.861213 -15.300000
v 2.842929 1.057071 -14.400000
v 2.940929 1.155071 -14.400000
v 2.926787 1.169213 -14.400000
v 2.828787 1.071213 -14.400000
v 2.842929 1.057071 -15.300000
v 2.940929 1.155071 -15.300000
v 2.926787 1.169213 -15.300000
v 2.828787 1.071213 -15.300000
v 2.002929 0.217071 -15.650000
v 2.100929 0.315071 -15.650000
v 2.086787 0.329213 -15.650000
v 1.988787 0.231213 -15.650000
v 2.002929 0.217071 -16.549999
v 2.100929 0.315071 -16.549999
v 2.086787 0.329213 -16.549999
v 1.988787 0.231213 -16.549999
v 2.212929 0.427071 -15.650000
v 2.310929 0.525071 -15.650000
v 2.296787 0.539213 -15.650000
v 2.198787 0.441213 -15.650000
v 2.212929 0.427071 -16.549999
v 2.310929 0.525071 -16.549999
v 2.296787 0.539213 -16.549999
v 2.198787 0.441213 -16.549999
v 2.422929 0.637071 -15.650000
v 2.520929 0.735071 -15.650000
v 2.506787 0.749213 -15.650000
v 2.408787 0.651213 -15.650000
v 2.422929 0.637071 -16.549999
v 2.520929 0.735071 -16.549999
v 2.506787 0.749213 -16.549999
v 2.408787 0.651213 -16.549999
v 2.632929 0.847071 -15.650000
v 2.730929 0.945071 -15.650000
v 2.716787 0.959213 -15.650000
v 2.618787 0.861213 -15.650000
v 2.632929 0.847071 -16.549999
v 2.730929 0.945071 -16.549999
v 2.716787 0.959213 -16.549999
v 2.618787 0.861213 -16.549999
v 2.842929 1.057071 -15.650000
v 2.940929 1.155071 -15.650000
v 2.926787 1.169213 -15.650000
v 2.828787 1.071213 -15.650000
v 2.842929 1.057071 -16.549999
v 2.940929 1.155071 -16.549999
v 2.926787 1.169213 -16.549999
v 2.828787 1.071213 -16.549999
v 2.002929 0.217071 -16.900000
v 2.100929 0.315071 -16.900000
v 2.086787 0.329213 -16.900000
v 1.988787 0.231213 -16.900000
v 2.002929 0.217071 -17.799999
v 2.100929 0.315071 -17.799999
v 2.086787 0.329213 -17.799999
v 1.988787 0.231213 -17.799999
v 2.212929 0.427071 -16.900000
v 2.310929 0.525071 -16.900000
v 2.296787 0.539213 -16.900000
v 2.198787 0.441213 -16.900000
v 2.212929 0.427071 -17.799999
v 2.310929 0.525071 -17.799999
v 2.296787 0.539213 -17.799999
v 2.198787 0.441213 -17.799999
v 2.422929 0.637071 -16.900000
v 2.520929 0.735071 -16.900000
v 2.506787 0.749213 -16.900000
v 2.408787 0.651213 -16.900000
v 2.422929 0.637071 -17.799999
v 2.520929 0.735071 -17.799999
v 2.506787 0.749213 -17.799999
v 2.408787 0.651213 -17.799999
v 2.632929 0.847071 -16.900000
v 2.730929 0.945071 -16.900000
v 2.716787 0.959213 -16.900000
v 2.618787 0.861213 -16.900000
v 2.632929 0.847071 -17.799999
v 2.730929 0.945071 -17.799999
v 2.716787 0.959213 -17.799999
v 2.618787 0.861213 -17.799999
v 2.842929 1.057071 -16.900000
v 2.940929 1.155071 -16.900000
v 2.926787 1.169213 -16.900000
v 2.828787 1.071213 -16.900000
v 2.842929 1.057071 -17.799999
v 2.940929 1.155071 -17.799999
v 2.926787 1.169213 -17.799999
v 2.828787 1.071213 -17.799999
v 2.002929 0.217071 -18.150000
v 2.100929 0.315071 -18.150000
v 2.086787 0.329213 -18.150000
v 1.988787 0.231213 -18.150000
v 2.002929 0.217071 -19.049999
v 2.100929 0.315071 -19.049999
v 2.086787 0.329213 -19.049999
v 1.988787 0.231213 -19.049999
v 2.212929 0.427071 -18.150000
v 2.310929 0.525071 -18.150000
v 2.296787 0.539213 -18.150000
v 2.198787 0.441213 -18.150000
v 2.212929 0.427071 -19.049999
v 2.310929 0.525071 -19.049999
v 2.296787 0.539213 -19.049999
v 2.198787 0.441213 -19.049999
v 2.422929 0.637071 -18.150000
v 2.520929 0.735071 -18.150000
v 2.506787 0.749213 -18.150000
v 2.408787 0.651213 -18.150000
v 2.422929 0.637071 -19.049999
v 2.520929 0.735071 -19.049999
v 2.506787 0.749213 -19.049999
v 2.408787 0.651213 -19.049999
v 2.632929 0.847071 -18.150000
v 2.730929 0.945071 -18.150000
v 2.716787 0.959213 -18.150000
v 2.618787 0.861213 -18.150000
v 2.632929 0.847071 -19.049999
v 2.730929 0.945071 -19.049999
v 2.716787 0.959213 -19.049999
v 2.618787 0.861213 -19.049999
v 2.842929 1.057071 -18.150000
v 2.940929 1.155071 -18.150000
v 2.926787 1.169213 -18.150000
v 2.828787 1.071213 -18.150000
v 2.842929 1.057071 -19.049999
v 2.940929 1.155071 -19.049999
v 2.926787 1.169213 -19.049999
v 2.828787 1.071213 -19.049999
v 2.002929 0.217071 -19.400000
v 2.100929 0.315071 -19.400000
v 2.086787 0.329213 -19.400000
v 1.988787 0.231213 -19.400000
v 2.002929 0.217071 -20.299999
v 2.100929 0.315071 -20.299999
v 2.086787 0.329213 -20.299999
v 1.988787 0.231213 -20.299999
v 2.212929 0.427071 -19.400000
v 2.310929 0.525071 -19.400000
v 2.296787 0.539213 -19.400000
v 2.198787 0.441213 -19.400000
v 2.212929 0.427071 -20.299999
v 2.310929 0.525071 -20.299999
v 2.296787 0.539213 -20.299999
v 2.198787 0.441213 -20.299999
v 2.422929 0.637071 -19.400000
v 2.520929 0.735071 -19.400000
v 2.506787 0.749213 -19.400000
v 2.408787 0.651213 -19.400000
v 2.422929 0.637071 -20.299999
v 2.520929 0.735071 -20.299999
v 2.506787 0.749213 -20.299999
v 2.408787 0.651213 -20.299999
v 2.632929 0.847071 -19.400000
v 2.730929 0.945071 -19.400000
v 2.716787 0.959213 -19.400000
v 2.618787 0.861213 -19.400000
v 2.632929 0.847071 -20.299999
v 2.730929 0.945071 -20.299999
v 2.716787 0.959213 -20.299999
v 2.618787 0.861213 -20.299999
v 2.842929 1.057071 -19.400000
v 2.940929 1.155071 -19.400000
v 2.926787 1.169213 -19.400000
v 2.828787 1.071213 -19.400000
v 2.842929 1.057071 -20.299999
v 2.940929 1.155071 -20.299999
v 2.926787 1.169213 -20.299999
v 2.828787 1.071213 -20.299999
v 2.002929 0.217071 -20.650000
v 2.100929 0.315071 -20.650000
v 2.086787 0.329213 -20.650000
v 1.988787 0.231213 -20.650000
v 2.002929 0.217071 -21.549999
v 2.100929 0.315071 -21.549999
v 2.086787 0.329213 -21.549999
v 1.988787 0.231213 -21.549999
v 2.212929 0.427071 -20.650000
v 2.310929 0.525071 -20.650000
v 2.296787 0.539213 -20.650000
v 2.198787 0.441213 -20.650000
v 2.212929 0.427071 -21.549999
v 2.310929 0.525071 -21.549999
v 2.296787 0.539213 -21.549999
v 2.198787 0.441213 -21.549999
v 2.422929 0.637071 -20.650000
v 2.520929 0.735071 -20.650000
v 2.506787 0.749213 -20.650000
v 2.408787 0.651213 -20.650000
v 2.422929 0.637071 -21.549999
v 2.520929 0.735071 -21.549999
v 2.506787 0.749213 -21.549999
v 2.408787 0.651213 -21.549999
v 2.632929 0.847071 -20.650000
v 2.730929 0.945071 -20.650000
v 2.716787 0.959213 -20.650000
v 2.618787 0.861213 -20.650000
v 2.632929 0.847071 -21.549999
v 2.730929 0.945071 -21.549999
v 2.716787 0.959213 -21.549999
v 2.618787 0.861213 -21.549999
v 2.842929 1.057071 -20.650000
v 2.940929 1.155071 -20.650000
v 2.926787 1.169213 -20.650000
v 2.828787 1.071213 -20.650000
v 2.842929 1.057071 -21.549999
v 2.940929 1.155071 -21.549999
v 2.926787 1.169213 -21.549999
v 2.828787 1.071213 -21.549999
v 2.002929 0.217071 -21.900000
v 2.100929 0.315071 -21.900000
v 2.086787 0.329213 -21.900000
v 1.988787 0.231213 -21.900000
v 2.002929 0.217071 -22.799999
v 2.100929 0.315071 -22.799999
v 2.086787 0.329213 -22.799999
v 1.988787 0.231213 -22.799999
v 2.212929 0.427071 -21.900000
v 2.310929 0.525071 -21.900000
v 2.296787 0.539213 -21.900000
v 2.198787 0.441213 -21.900000
v 2.212929 0.427071 -22.799999
v 2.310929 0.525071 -22.799999
v 2.296787 0.539213 -22.799999
v 2.198787 0.441213 -22.799999
v 2.422929 0.637071 -21.900000
v 2.520929 0.735071 -21.900000
v 2.506787 0.749213 -21.900000
v 2.408787 0.651213 -21.900000
v 2.422929 0.637071 -22.799999
v 2.520929 0.735071 -22.799999
v 2.506787 0.749213 -22.799999
v 2.408787 0.651213 -22.799999
v 2.632929 0.847071 -21.900000
v 2.730929 0.945071 -21.900000
v 2.716787 0.959213 -21.900000
v 2.618787 0.861213 -21.900000
v 2.632929 0.847071 -22.799999
v 2.730929 0.945071 -22.799999
v 2.716787 0.959213 -22.799999
v 2.618787 0.861213 -22.799999
v 2.842929 1.057071 -21.900000
v 2.940929 1.155071 -21.900000
v 2.926787 1.169213 -21.900000
v 2.828787 1.071213 -21.900000
v 2.842929 1.057071 -22.799999
v 2.940929 1.155071 -22.799999
v 2.926787 1.169213 -22.799999
v 2.828787 1.071213 -22.799999
v 2.002929 0.217071 -23.150000
v 2.100929 0.315071 -23.150000
v 2.086787 0.329213 -23.150000
v 1.988787 0.231213 -23.150000
v 2.002929 0.217071 -24.049999
v 2.100929 0.315071 -24.049999
v 2.086787 0.329213 -24.049999
v 1.988787 0.231213 -24.049999
v 2.212929 0.427071 -23.150000
v 2.310929 0.525071 -23.150000
v 2.296787 0.539213 -23.150000
v 2.198787 0.441213 -23.150000
v 2.212929 0.427071 -24.049999
v 2.310929 0.525071 -24.049999
v 2.296787 0.539213 -24.049999
v 2.198787 0.441213 -24.049999
v 2.422929 0.637071 -23.150000
v 2.520929 0.735071 -23.150000
v 2.506787 0.749213 -23.150000
v 2.408787 0.651213 -23.150000
v 2.422929 0.637071 -24.049999
v 2.520929 0.735071 -24.049999
v 2.506787 0.749213 -24.049999
v 2.408787 0.651213 -24.049999
v 2.632929 0.847071 -23.150000
v 2.730929 0.945071 -23.150000
v 2.716787 0.959213 -23.150000
v 2.618787 0.861213 -23.150000
v 2.632929 0.847071 -24.049999
v 2.730929 0.945071 -24.049999
v 2.716787 0.959213 -24.049999
v 2.618787 0.861213 -24.049999
v 2.842929 1.057071 -23.150000
v 2.940929 1.155071 -23.150000
v 2.926787 1.169213 -23.150000
v 2.828787 1.071213 -23.150000
v 2.842929 1.057071 -24.049999
v 2.940929 1.155071 -24.049999
v 2.926787 1.169213 -24.049999
v 2.828787 1.071213 -24.049999
v 2.002929 0.217071 -24.400000
v 2.100929 0.315071 -24.400000
v 2.086787 0.329213 -24.400000
v 1.988787 0.231213 -24.400000
v 2.002929 0.217071 -25.299999
v 2.100929 0.315071 -25.299999
v 2.086787 0.329213 -25.299999
v 1.988787 0.231213 -25.299999
v 2.212929 0.427071 -24.400000
v 2.310929 0.525071 -24.400000
v 2.296787 0.539213 -24.400000
v 2.198787 0.441213 -24.400000
v 2.212929 0.427071 -25.299999
v 2.310929 0.525071 -25.299999
v 2.296787 0.539213 -25.299999
v 2.198787 0.441213 -25.299999
v 2.422929 0.637071 -24.400000
v 2.520929 0.735071 -24.400000
v 2.506787 0.749213 -24.400000
v 2.408787 0.651213 -24.400000
v 2.422929 0.637071 -25.299999
v 2.520929 0.735071 -25.299999
v 2.506787 0.749213 -25.299999
v 2.408787 0.651213 -25.299999
v 2.632929 0.847071 -24.400000
v 2.730929 0.945071 -24.400000
v 2.716787 0.959213 -24.400000
v 2.618787 0.861213 -24.400000
v 2.632929 0.847071 -25.299999
v 2.730929 0.945071 -25.299999
v 2.716787 0.959213 -25.299999
v 2.618787 0.861213 -25.299999
v 2.842929 1.057071 -24.400000
v 2.940929 1.155071 -24.400000
v 2.926787 1.169213 -24.400000
v 2.828787 1.071213 -24.400000
v 2.842929 1.057071 -25.299999
v 2.940929 1.155071 -25.299999
v 2.926787 1.169213 -25.299999
v 2.828787 1.071213 -25.299999
v 2.002929 0.217071 -25.650000
v 2.100929 0.315071 -25.650000
v 2.086787 0.329213 -25.650000
v 1.988787 0.231213 -25.650000
v 2.002929 0.217071 -26.549999
v 2.100929 0.315071 -26.549999
v 2.086787 0.329213 -26.549999
v 1.988787 0.231213 -26.549999
v 2.212929 0.427071 -25.650000
v 2.310929 0.525071 -25.650000
v 2.296787 0.539213 -25.650000
v 2.198787 0.441213 -25.650000
v 2.212929 0.427071 -26.549999
v 2.310929 0.525071 -26.549999
v 2.296787 0.539213 -26.549999
v 2.198787 0.441213 -26.549999
v 2.422929 0.637071 -25.650000
v 2.520929 0.735071 -25.650000
v 2.506787 0.749213 -25.650000
v 2.408787 0.651213 -25.650000
v 2.422929 0.637071 -26.549999
v 2.520929 0.735071 -26.549999
v 2.506787 0.749213 -26.549999
v 2.408787 0.651213 -26.549999
v 2.632929 0.847071 -25.650000
v 2.730929 0.945071 -25.650000
v 2.716787 0.959213 -25.650000
v 2.618787 0.861213 -25.650000
v 2.632929 0.847071 -26.549999
v 2.730929 0.945071 -26.549999
v 2.716787 0.959213 -26.549999
v 2.618787 0.861213 -26.549999
v 2.842929 1.057071 -25.650000
v 2.940929 1.155071 -25.650000
v 2.926787 1.169213 -25.650000
v 2.828787 1.071213 -25.650000
v 2.842929 1.057071 -26.549999
v 2.940929 1.155071 -26.549999
v 2.926787 1.169213 -26.549999
v 2.828787 1.071213 -26.549999
v 2.002929 0.217071 -26.900000
v 2.100929 0.315071 -26.900000
v 2.086787 0.329213 -26.900000
v 1.988787 0.231213 -26.900000
v 2.002929 0.217071 -27.799999
v 2.100929 0.315071 -27.799999
v 2.086787 0.329213 -27.799999
v 1.988787 0.231213 -27.799999
v 2.212929 0.427071 -26.900000
v 2.310929 0.525071 -26.900000
v 2.296787 0.539213 -26.900000
v 2.198787 0.441213 -26.900000
v 2.212929 0.427071 -27.799999
v 2.310929 0.525071 -27.799999
v 2.296787 0.539213 -27.799999
v 2.198787 0.441213 -27.799999
v 2.422929 0.637071 -26.900000
v 2.520929 0.735071 -26.900000
v 2.506787 0.749213 -26.900000
v 2.408787 0.651213 -26.900000
v 2.422929 0.637071 -27.799999
v 2.520929 0.735071 -27.799999
v 2.506787 0.749213 -27.799999
v 2.408787 0.651213 -27.799999
v 2.632929 0.847071 -26.900000
v 2.730929 0.945071 -26.900000
v 2.716787 0.959213 -26.900000
v 2.618787 0.861213 -26.900000
v 2.632929 0.847071 -27.799999
v 2.730929 0.945071 -27.799999
v 2.716787 0.959213 -27.799999
v 2.618787 0.861213 -27.799999
v 2.842929 1.057071 -26.900000
v 2.940929 1.155071 -26.900000
v 2.926787 1.169213 -26.900000
v 2.828787 1.071213 -26.900000
v 2.842929 1.057071 -27.799999
v 2.940929 1.155071 -27.799999
v 2.926787 1.169213 -27.799999
v 2.828787 1.071213 -27.799999
v 2.002929 0.217071 -28.150000
v 2.100929 0.315071 -28.150000
v 2.086787 0.329213 -28.150000
v 1.988787 0.231213 -28.150000
v 2.002929 0.217071 -29.049999
v 2.100929 0.315071 -29.049999
v 2.086787 0.329213 -29.049999
v 1.988787 0.231213 -29.049999
v 2.212929 0.427071 -28.150000
v 2.310929 0.525071 -28.150000
v 2.296787 0.539213 -28.150000
v 2.198787 0.441213 -28.150000
v 2.212929 0.427071 -29.049999
v 2.310929 0.525071 -29.049999
v 2.296787 0.539213 -29.049999
v 2.198787 0.441213 -29.049999
v 2.422929 0.637071 -28.150000
v 2.520929 0.735071 -28.150000
v 2.506787 0.749213 -28.150000
v 2.408787 0.651213 -28.150000
v 2.422929 0.637071 -29.049999
v 2.520929 0.735071 -29.049999
v 2.506787 0.749213 -29.049999
v 2.408787 0.651213 -29.049999
v 2.632929 0.847071 -28.150000
v 2.730929 0.945071 -28.150000
v 2.716787 0.959213 -28.150000
v 2.618787 0.861213 -28.150000
v 2.632929 0.847071 -29.049999
v 2.730929 0.945071 -29.049999
v 2.716787 0.959213 -29.049999
v 2.618787 0.861213 -29.049999
v 2.842929 1.057071 -28.150000
v 2.940929 1.155071 -28.150000
v 2.926787 1.169213 -28.150000
v 2.828787 1.071213 -28.150000
v 2.842929 1.057071 -29.049999
v 2.940929 1.155071 -29.049999
v 2.926787 1.169213 -29.049999
v 2.828787 1.071213 -29.049999
v 2.002929 0.217071 -29.400000
v 2.100929 0.315071 -29.400000
v 2.086787 0.329213 -29.400000
v 1.988787 0.231213 -29.400000
v 2.002929 0.217071 -30.299999
v 2.100929 0.315071 -30.299999
v 2.086787 0.329213 -30.299999
v 1.988787 0.231213 -30.299999
v 2.212929 0.427071 -29.400000
v 2.310929 0.525071 -29.400000
v 2.296787 0.539213 -29.400000
v 2.198787 0.441213 -29.400000
v 2.212929 0.427071 -30.299999
v 2.310929 0.525071 -30.299999
v 2.296787 0.539213 -30.299999
v 2.198787 0.441213 -30.299999
v 2.422929 0.637071 -29.400000
v 2.520929 0.735071 -29.400000
v 2.506787 0.749213 -29.400000
v 2.408787 0.651213 -29.400000
v 2.422929 0.637071 -30.299999
v 2.520929 0.735071 -30.299999
v 2.506787 0.749213 -30.299999
v 2.408787 0.651213 -30.299999
v 2.632929 0.847071 -29.400000
v 2.730929 0.945071 -29.400000
v 2.716787 0.959213 -29.400000
v 2.618787 0.861213 -29.400000
v 2.632929 0.847071 -30.299999
v 2.730929 0.945071 -30.299999
v 2.716787 0.959213 -30.299999
v 2.618787 0.861213 -30.299999
v 2.842929 1.057071 -29.400000
v 2.940929 1.155071 -29.400000
v 2.926787 1.169213 -29.400000
v 2.828787 1.071213 -29.400000
v 2.842929 1.057071 -30.299999
v 2.940929 1.155071 -30.299999
v 2.926787 1.169213 -30.299999
v 2.828787 1.071213 -30.299999
v 2.002929 0.217071 -30.650000
v 2.100929 0.315071 -30.650000
v 2.086787 0.329213 -30.650000
v 1.988787 0.231213 -30.650000
v 2.002929 0.217071 -31.549999
v 2.100929 0.315071 -31.549999
v 2.086787 0.329213 -31.549999
v 1.988787 0.231213 -31.549999
v 2.212929 0.427071 -30.650000
v 2.310929 0.525071 -30.650000
v 2.296787 0.539213 -30.650000
v 2.198787 0.441213 -30.650000
v 2.212929 0.427071 -31.549999
v 2.310929 0.525071 -31.549999
v 2.296787 0.539213 -31.549999
v 2.198787 0.441213 -31.549999
v 2.422929 0.637071 -30.650000
v 2.520929 0.735071 -30.650000
v 2.506787 0.749213 -30.650000
v 2.408787 0.651213 -30.650000
v 2.422929 0.637071 -31.549999
v 2.520929 0.735071 -31.549999
v 2.506787 0.749213 -31.549999
v 2.408787 0.651213 -31.549999
v 2.632929 0.847071 -30.650000
v 2.730929 0.945071 -30.650000
v 2.716787 0.959213 -30.650000
v 2.618787 0.861213 -30.650000
v 2.632929 0.847071 -31.549999
v 2.730929 0.945071 -31.549999
v 2.716787 0.959213 -31.549999
v 2.618787 0.861213 -31.549999
v 2.842929 1.057071 -30.650000
v 2.940929 1.155071 -30.650000
v 2.926787 1.169213 -30.650000
v 2.828787 1.071213 -30.650000
v 2.842929 1.057071 -31.549999
v 2.940929 1.155071 -31.549999
v 2.926787 1.169213 -31.549999
v 2.828787 1.071213 -31.549999
v 2.002929 0.217071 -31.900000
v 2.100929 0.315071 -31.900000
v 2.086787 0.329213 -31.900000
v 1.988787 0.231213 -31.900000
v 2.002929 0.217071 -32.799999
v 2.100929 0.315071 -32.799999
v 2.086787 0.329213 -32.799999
v 1.988787 0.231213 -32.799999
v 2.212929 0.427071 -31.900000
v 2.310929 0.525071 -31.900000
v 2.296787 0.539213 -31.900000
v 2.198787 0.441213 -31.900000
v 2.212929 0.427071 -32.799999
v 2.310929 0.525071 -32.799999
v 2.296787 0.539213 -32.799999
v 2.198787 0.441213 -32.799999
v 2.422929 0.637071 -31.900000
v 2.520929 0.735071 -31.900000
v 2.506787 0.749213 -31.900000
v 2.408787 0.651213 -31.900000
v 2.422929 0.637071 -32.799999
v 2.520929 0.735071 -32.799999
v 2.506787 0.749213 -32.799999
v 2.408787 0.651213 -32.799999
v 2.632929 0.847071 -31.900000
v 2.730929 0.945071 -31.900000
v 2.716787 0.959213 -31.900000
v 2.618787 0.861213 -31.900000
v 2.632929 0.847071 -32.799999
v 2.730929 0.945071 -32.799999
v 2.716787 0.959213 -32.799999
v 2.618787 0.861213 -32.799999
v 2.842929 1.057071 -31.900000
v 2.940929 1.155071 -31.900000
v 2.926787 1.169213 -31.900000
v 2.828787 1.071213 -31.900000
v 2.842929 1.057071 -32.799999
v 2.940929 1.155071 -32.799999
v 2.926787 1.169213 -32.799999
v 2.828787 1.071213 -32.799999
v 2.002929 0.217071 -33.150002
v 2.100929 0.315071 -33.150002
v 2.086787 0.329213 -33.150002
v 1.988787 0.231213 -33.150002
v 2.002929 0.217071 -34.049999
v 2.100929 0.315071 -34.049999
v 2.086787 0.329213 -34.049999
v 1.988787 0.231213 -34.049999
v 2.212929 0.427071 -33.150002
v 2.310929 0.525071 -33.150002
v 2.296787 0.539213 -33.150002
v 2.198787 0.441213 -33.150002
v 2.212929 0.427071 -34.049999
v 2.310929 0.525071 -34.049999
v 2.296787 0.539213 -34.049999
v 2.198787 0.441213 -34.049999
v 2.422929 0.637071 -33.150002
v 2.520929 0.735071 -33.150002
v 2.506787 0.749213 -33.150002
v 2.408787 0.651213 -33.150002
v 2.422929 0.637071 -34.049999
v 2.520929 0.735071 -34.049999
v 2.506787 0.749213 -34.049999
v 2.408787 0.651213 -34.049999
v 2.632929 0.847071 -33.150002
v 2.730929 0.945071 -33.150002
v 2.716787 0.959213 -33.150002
v 2.618787 0.861213 -33.150002
v 2.632929 0.847071 -34.049999
v 2.730929 0.945071 -34.049999
v 2.716787 0.959213 -34.049999
v 2.618787 0.861213 -34.049999
v 2.842929 1.057071 -33.150002
v 2.940929 1.155071 -33.150002
v 2.926787 1.169213 -33.150002
v 2.828787 1.071213 -33.150002
v 2.842929 1.057071 -34.049999
v 2.940929 1.155071 -34.049999
v 2.926787 1.169213 -34.049999
v 2.828787 1.071213 -34.049999
v 2.002929 0.217071 -34.400002
v 2.100929 0.315071 -34.400002
v 2.086787 0.329213 -34.400002
v 1.988787 0.231213 -34.400002
v 2.002929 0.217071 -35.299999
v 2.100929 0.315071 -35.299999
v 2.086787 0.329213 -35.299999
v 1.988787 0.231213 -35.299999
v 2.212929 0.427071 -34.400002
v 2.310929 0.525071 -34.400002
v 2.296787 0.539213 -34.400002
v 2.198787 0.441213 -34.400002
v 2.212929 0.427071 -35.299999
v 2.310929 0.525071 -35.299999
v 2.296787 0.539213 -35.299999
v 2.198787 0.441213 -35.299999
v 2.422929 0.637071 -34.400002
v 2.520929 0.735071 -34.400002
v 2.506787 0.749213 -34.400002
v 2.408787 0.651213 -34.400002
v 2.422929 0.637071 -35.299999
v 2.520929 0.735071 -35.299999
v 2.506787 0.749213 -35.299999
v 2.408787 0.651213 -35.299999
v 2.632929 0.847071 -34.400002
v 2.730929 0.945071 -34.400002
v 2.716787 0.959213 -34.400002
v 2.618787 0.861213 -34.400002
v 2.632929 0.847071 -35.299999
v 2.730929 0.945071 -35.299999
v 2.716787 0.959213 -35.299999
v 2.618787 0.861213 -35.299999
v 2.842929 1.057071 -34.400002
v 2.940929 1.155071 -34.400002
v 2.926787 1.169213 -34.400002
v 2.828787 1.071213 -34.400002
v 2.842929 1.057071 -35.299999
v 2.940929 1.155071 -35.299999
v 2.926787 1.169213 -35.299999
v 2.828787 1.071213 -35.299999
v 2.002929 0.217071 -35.650002
v 2.100929 0.315071 -35.650002
v 2.086787 0.329213 -35.650002
v 1.988787 0.231213 -35.650002
v 2.002929 0.217071 -36.549999
v 2.100929 0.315071 -36.549999
v 2.086787 0.329213 -36.549999
v 1.988787 0.231213 -36.549999
v 2.212929 0.427071 -35.650002
v 2.310929 0.525071 -35.650002
v 2.296787 0.539213 -35.650002
v 2.198787 0.441213 -35.650002
v 2.212929 0.427071 -36.549999
v 2.310929 0.525071 -36.549999
v 2.296787 0.539213 -36.549999
v 2.198787 0.441213 -36.549999
v 2.422929 0.637071 -35.650002
v 2.520929 0.735071 -35.650002
v 2.506787 0.749213 -35.650002
v 2.408787 0.651213 -35.650002
v 2.422929 0.637071 -36.549999
v 2.520929 0.735071 -36.549999
v 2.506787 0.749213 -36.549999
v 2.408787 0.651213 -36.549999
v 2.632929 0.847071 -35.650002
v 2.730929 0.945071 -35.650002
v 2.716787 0.959213 -35.650002
v 2.618787 0.861213 -35.650002
v 2.632929 0.847071 -36.549999
v 2.730929 0.945071 -36.549999
v 2.716787 0.959213 -36.549999
v 2.618787 0.861213 -36.549999
v 2.842929 1.057071 -35.650002
v 2.940929 1.155071 -35.650002
v 2.926787 1.169213 -35.650002
v 2.828787 1.071213 -35.650002
v 2.842929 1.057071 -36.549999
v 2.940929 1.155071 -36.549999
v 2.926787 1.169213 -36.549999
v 2.828787 1.071213 -36.549999
v 2.002929 0.217071 -36.900002
v 2.100929 0.315071 -36.900002
v 2.086787 0.329213 -36.900002
v 1.988787 0.231213 -36.900002
v 2.002929 0.217071 -37.799999
v 2.100929 0.315071 -37.799999
v 2.086787 0.329213 -37.799999
v 1.988787 0.231213 -37.799999
v 2.212929 0.427071 -36.900002
v 2.310929 0.525071 -36.900002
v 2.296787 0.539213 -36.900002
v 2.198787 0.441213 -36.900002
v 2.212929 0.427071 -37.799999
v 2.310929 0.525071 -37.799999
v 2.296787 0.539213 -37.799999
v 2.198787 0.441213 -37.799999
v 2.422929 0.637071 -36.900002
v 2.520929 0.735071 -36.900002
v 2.506787 0.749213 -36.900002
v 2.408787 0.651213 -36.900002
v 2.422929 0.637071 -37.799999
v 2.520929 0.735071 -37.799999
v 2.506787 0.749213 -37.799999
v 2.408787 0.651213 -37.799999
v 2.632929 0.847071 -36.900002
v 2.730929 0.945071 -36.900002
v 2.716787 0.959213 -36.900002
v 2.618787 0.861213 -36.900002
v 2.632929 0.847071 -37.799999
v 2.730929 0.945071 -37.799999
v 2.716787 0.959213 -37.799999
v 2.618787 0.861213 -37.799999
v 2.842929 1.057071 -36.900002
v 2.940929 1.155071 -36.900002
v 2.926787 1.169213 -36.900002
v 2.828787 1.071213 -36.900002
v 2.842929 1.057071 -37.799999
v 2.940929 1.155071 -37.799999
v 2.926787 1.169213 -37.799999
v 2.828787 1.071213 -37.799999
v 2.002929 0.217071 -38.150002
v 2.100929 0.315071 -38.150002
v 2.086787 0.329213 -38.150002
v 1.988787 0.231213 -38.150002
v 2.002929 0.217071 -39.049999
v 2.100929 0.315071 -39.049999
v 2.086787 0.329213 -39.049999
v 1.988787 0.231213 -39.049999
v 2.212929 0.427071 -38.150002
v 2.310929 0.525071 -38.150002
v 2.296787 0.539213 -38.150002
v 2.198787 0.441213 -38.150002
v 2.212929 0.427071 -39.049999
v 2.310929 0.525071 -39.049999
v 2.296787 0.539213 -39.049999
v 2.198787 0.441213 -39.049999
v 2.422929 0.637071 -38.150002
v 2.520929 0.735071 -38.150002
v 2.506787 0.749213 -38.150002
v 2.408787 0.651213 -38.150002
v 2.422929 0.637071 -39.049999
v 2.520929 0.735071 -39.049999
v 2.506787 0.749213 -39.049999
v 2.408787 0.651213 -39.049999
v 2.632929 0.847071 -38.150002
v 2.730929 0.945071 -38.150002
v 2.716787 0.959213 -38.150002
v 2.618787 0.861213 -38.150002
v 2.632929 0.847071 -39.049999
v 2.730929 0.945071 -39.049999
v 2.716787 0.959213 -39.049999
v 2.618787 0.861213 -39.049999
v 2.842929 1.057071 -38.150002
v 2.940929 1.155071 -38.150002
v 2.926787 1.169213 -38.150002
v 2.828787 1.071213 -38.150002
v 2.842929 1.057071 -39.049999
v 2.940929 1.155071 -39.049999
v 2.926787 1.169213 -39.049999
v 2.828787 1.071213 -39.049999
v 2.002929 0.217071 -39.400002
v 2.100929 0.315071 -39.400002
v 2.086787 0.329213 -39.400002
v 1.988787 0.231213 -39.400002
v 2.002929 0.217071 -40.299999
v 2.100929 0.315071 -40.299999
v 2.086787 0.329213 -40.299999
v 1.988787 0.231213 -40.299999
v 2.212929 0.427071 -39.400002
v 2.310929 0.525071 -39.400002
v 2.296787 0.539213 -39.400002
v 2.198787 0.441213 -39.400002
v 2.212929 0.427071 -40.299999
v 2.310929 0.525071 -40.299999
v 2.296787 0.539213 -40.299999
v 2.198787 0.441213 -40.299999
v 2.422929 0.637071 -39.400002
v 2.520929 0.735071 -39.400002
v 2.506787 0.749213 -39.400002
v 2.408787 0.651213 -39.400002
v 2.422929 0.637071 -40.299999
v 2.520929 0.735071 -40.299999
v 2.506787 0.749213 -40.299999
v 2.408787 0.651213 -40.299999
v 2.632929 0.847071 -39.400002
v 2.730929 0.945071 -39.400002
v 2.716787 0.959213 -39.400002
v 2.618787 0.861213 -39.400002
v 2.632929 0.847071 -40.299999
v 2.730929 0.945071 -40.299999
v 2.716787 0.959213 -40.299999
v 2.618787 0.861213 -40.299999
v 2.842929 1.057071 -39.400002
v 2.940929 1.155071 -39.400002
v 2.926787 1.169213 -39.400002
v 2.828787 1.071213 -39.400002
v 2.842929 1.057071 -40.299999
v 2.940929 1.155071 -40.299999
v 2.926787 1.169213 -40.299999
v 2.828787 1.071213 -40.299999
v 2.002929 0.217071 -40.650002
v 2.100929 0.315071 -40.650002
v 2.086787 0.329213 -40.650002
v 1.988787 0.231213 -40.650002
v 2.002929 0.217071 -41.549999
v 2.100929 0.315071 -41.549999
v 2.086787 0.329213 -41.549999
v 1.988787 0.231213 -41.549999
v 2.212929 0.427071 -40.650002
v 2.310929 0.525071 -40.650002
v 2.296787 0.539213 -40.650002
v 2.198787 0.441213 -40.650002
v 2.212929 0.427071 -41.549999
v 2.310929 0.525071 -41.549999
v 2.296787 0.539213 -41.549999
v 2.198787 0.441213 -41.549999
v 2.422929 0.637071 -40.650002
v 2.520929 0.735071 -40.650002
v 2.506787 0.749213 -40.650002
v 2.408787 0.651213 -40.650002
v 2.422929 0.637071 -41.549999
v 2.520929 0.735071 -41.549999
v 2.506787 0.749213 -41.549999
v 2.408787 0.651213 -41.549999
v 2.632929 0.847071 -40.650002
v 2.730929 0.945071 -40.650002
v 2.716787 0.959213 -40.650002
v 2.618787 0.861213 -40.650002
v 2.632929 0.847071 -41.549999
v 2.730929 0.945071 -41.549999
v 2.716787 0.959213 -41.549999
v 2.618787 0.861213 -41.549999
v 2.842929 1.057071 -40.650002
v 2.940929 1.155071 -40.650002
v 2.926787 1.169213 -40.650002
v 2.828787 1.071213 -40.650002
v 2.842929 1.057071 -41.549999
v 2.940929 1.155071 -41.549999
v 2.926787 1.169213 -41.549999
v 2.828787 1.071213 -41.549999
v 2.002929 0.217071 -41.900002
v 2.100929 0.315071 -41.900002
v 2.086787 0.329213 -41.900002
v 1.988787 0.231213 -41.900002
v 2.002929 0.217071 -42.799999
v 2.100929 0.315071 -42.799999
v 2.086787 0.329213 -42.799999
v 1.988787 0.231213 -42.799999
v 2.212929 0.427071 -41.900002
v 2.310929 0.525071 -41.900002
v 2.296787 0.539213 -41.900002
v 2.198787 0.441213 -41.900002
v 2.212929 0.427071 -42.799999
v 2.310929 0.525071 -42.799999
v 2.296787 0.539213 -42.799999
v 2.198787 0.441213 -42.799999
v 2.422929 0.637071 -41.900002
v 2.520929 0.735071 -41.900002
v 2.506787 0.749213 -41.900002
v 2.408787 0.651213 -41.900002
v 2.422929 0.637071 -42.799999
v 2.520929 0.735071 -42.799999
v 2.506787 0.749213 -42.799999
v 2.408787 0.651213 -42.799999
v 2.632929 0.847071 -41.900002
v 2.730929 0.945071 -41.900002
v 2.716787 0.959213 -41.900002
v 2.618787 0.861213 -41.900002
v 2.632929 0.847071 -42.799999
v 2.730929 0.945071 -42.799999
v 2.716787 0.959213 -42.799999
v 2.618787 0.861213 -42.799999
v 2.842929 1.057071 -41.900002
v 2.940929 1.155071 -41.900002
v 2.926787 1.169213 -41.900002
v 2.828787 1.071213 -41.900002
v 2.842929 1.057071 -42.799999
v 2.940929 1.155071 -42.799999
v 2.926787 1.169213 -42.799999
v 2.828787 1.071213 -42.799999
v 2.002929 0.217071 -43.150002
v 2.100929 0.315071 -43.150002
v 2.086787 0.329213 -43.150002
v 1.988787 0.231213 -43.150002
v 2.002929 0.217071 -44.049999
v 2.100929 0.315071 -44.049999
v 2.086787 0.329213 -44.049999
v 1.988787 0.231213 -44.049999
v 2.212929 0.427071 -43.150002
v 2.310929 0.525071 -43.150002
v 2.296787 0.539213 -43.150002
v 2.198787 0.441213 -43.150002
v 2.212929 0.427071 -44.049999
v 2.310929 0.525071 -44.049999
v 2.296787 0.539213 -44.049999
v 2.198787 0.441213 -44.049999
v 2.422929 0.637071 -43.150002
v 2.520929 0.735071 -43.150002
v 2.506787 0.749213 -43.150002
v 2.408787 0.651213 -43.150002
v 2.422929 0.637071 -44.049999
v 2.520929 0.735071 -44.049999
v 2.506787 0.749213 -44.049999
v 2.408787 0.651213 -44.049999
v 2.632929 0.847071 -43.150002
v 2.730929 0.945071 -43.150002
v 2.716787 0.959213 -43.150002
v 2.618787 0.861213 -43.150002
v 2.632929 0.847071 -44.049999
v 2.730929 0.945071 -44.049999
v 2.716787 0.959213 -44.049999
v 2.618787 0.861213 -44.049999
v 2.842929 1.057071 -43.150002
v 2.940929 1.155071 -43.150002
v 2.926787 1.169213 -43.150002
v 2.828787 1.071213 -43.150002
v 2.842929 1.057071 -44.049999
v 2.940929 1.155071 -44.049999
v 2.926787 1.169213 -44.049999
v 2.828787 1.071213 -44.049999
v 2.002929 0.217071 -44.400002
v 2.100929 0.315071 -44.400002
v 2.086787 0.329213 -44.400002
v 1.988787 0.231213 -44.400002
v 2.002929 0.217071 -45.299999
v 2.100929 0.315071 -45.299999
v 2.086787 0.329213 -45.299999
v 1.988787 0.231213 -45.299999
v 2.212929 0.427071 -44.400002
v 2.310929 0.525071 -44.400002
v 2.296787 0.539213 -44.400002
v 2.198787 0.441213 -44.400002
v 2.212929 0.427071 -45.299999
v 2.310929 0.525071 -45.299999
v 2.296787 0.539213 -45.299999
v 2.198787 0.441213 -45.299999
v 2.422929 0.637071 -44.400002
v 2.520929 0.735071 -44.400002
v 2.506787 0.749213 -44.400002
v 2.408787 0.651213 -44.400002
v 2.422929 0.637071 -45.299999
v 2.520929 0.735071 -45.299999
v 2.506787 0.749213 -45.299999
v 2.408787 0.651213 -45.299999
v 2.632929 0.847071 -44.400002
v 2.730929 0.945071 -44.400002
v 2.716787 0.959213 -44.400002
v 2.618787 0.861213 -44.400002
v 2.632929 0.847071 -45.299999
v 2.730929 0.945071 -45.299999
v 2.716787 0.959213 -45.299999
v 2.618787 0.861213 -45.299999
v 2.842929 1.057071 -44.400002
v 2.940929 1.155071 -44.400002
v 2.926787 1.169213 -44.400002
v 2.828787 1.071213 -44.400002
v 2.842929 1.057071 -45.299999
v 2.940929 1.155071 -45.299999
v 2.926787 1.169213 -45.299999
v 2.828787 1.071213 -45.299999
v 2.002929 0.217071 -45.650002
v 2.100929 0.315071 -45.650002
v 2.086787 0.329213 -45.650002
v 1.988787 0.231213 -45.650002
v 2.002929 0.217071 -46.549999
v 2.100929 0.315071 -46.549999
v 2.086787 0.329213 -46.549999
v 1.988787 0.231213 -46.549999
v 2.212929 0.427071 -45.650002
v 2.310929 0.525071 -45.650002
v 2.296787 0.539213 -45.650002
v 2.198787 0.441213 -45.650002
v 2.212929 0.427071 -46.549999
v 2.310929 0.525071 -46.549999
v 2.296787 0.539213 -46.549999
v 2.198787 0.441213 -46.549999
v 2.422929 0.637071 -45.650002
v 2.520929 0.735071 -45.650002
v 2.506787 0.749213 -45.650002
v 2.408787 0.651213 -45.650002
v 2.422929 0.637071 -46.549999
v 2.520929 0.735071 -46.549999
v 2.506787 0.749213 -46.549999
v 2.408787 0.651213 -46.549999
v 2.632929 0.847071 -45.650002
v 2.730929 0.945071 -45.650002
v 2.716787 0.959213 -45.650002
v 2.618787 0.861213 -45.650002
v 2.632929 0.847071 -46.549999
v 2.730929 0.945071 -46.549999
v 2.716787 0.959213 -46.549999
v 2.618787 0.861213 -46.549999
v 2.842929 1.057071 -45.650002
v 2.940929 1.155071 -45.650002
v 2.926787 1.169213 -45.650002
v 2.828787 1.071213 -45.650002
v 2.842929 1.057071 -46.549999
v 2.940929 1.155071 -46.549999
v 2.926787 1.169213 -46.549999
v 2.828787 1.071213 -46.549999
v 2.002929 0.217071 -46.900002
v 2.100929 0.315071 -46.900002
v 2.086787 0.329213 -46.900002
v 1.988787 0.231213 -46.900002
v 2.002929 0.217071 -47.799999
v 2.100929 0.315071 -47.799999
v 2.086787 0.329213 -47.799999
v 1.988787 0.231213 -47.799999
v 2.212929 0.427071 -46.900002
v 2.310929 0.525071 -46.900002
v 2.296787 0.539213 -46.900002
v 2.198787 0.441213 -46.900002
v 2.212929 0.427071 -47.799999
v 2.310929 0.525071 -47.799999
v 2.296787 0.539213 -47.799999
v 2.198787 0.441213 -47.799999
v 2.422929 0.637071 -46.900002
v 2.520929 0.735071 -46.900002
v 2.506787 0.749213 -46.900002
v 2.408787 0.651213 -46.900002
v 2.422929 0.637071 -47.799999
v 2.520929 0.735071 -47.799999
v 2.506787 0.749213 -47.799999
v 2.408787 0.651213 -47.799999
v 2.632929 0.847071 -46.900002
v 2.730929 0.945071 -46.900002
v 2.716787 0.959213 -46.900002
v 2.618787 0.861213 -46.900002
v 2.632929 0.847071 -47.799999
v 2.730929 0.945071 -47.799999
v 2.716787 0.959213 -47.799999
v 2.618787 0.861213 -47.799999
v 2.842929 1.057071 -46.900002
v 2.940929 1.155071 -46.900002
v 2.926787 1.169213 -46.900002
v 2.828787 1.071213 -46.900002
v 2.842929 1.057071 -47.799999
v 2.940929 1.155071 -47.799999
v 2.926787 1.169213 -47.799999
v 2.828787 1.071213 -47.799999
v 2.002929 0.217071 -48.150002
v 2.100929 0.315071 -48.150002
v 2.086787 0.329213 -48.150002
v 1.988787 0.231213 -48.150002
v 2.002929 0.217071 -49.049999
v 2.100929 0.315071 -49.049999
v 2.086787 0.329213 -49.049999
v 1.988787 0.231213 -49.049999
v 2.212929 0.427071 -48.150002
v 2.310929 0.525071 -48.150002
v 2.296787 0.539213 -48.150002
v 2.198787 0.441213 -48.150002
v 2.212929 0.427071 -49.049999
v 2.310929 0.525071 -49.049999
v 2.296787 0.539213 -49.049999
v 2.198787 0.441213 -49.049999
v 2.422929 0.637071 -48.150002
v 2.520929 0.735071 -48.150002
v 2.506787 0.749213 -48.150002
v 2.408787 0.651213 -48.150002
v 2.422929 0.637071 -49.049999
v 2.520929 0.735071 -49.049999
v 2.506787 0.749213 -49.049999
v 2.408787 0.651213 -49.049999
v 2.632929 0.847071 -48.150002
v 2.730929 0.945071 -48.150002
v 2.716787 0.959213 -48.150002
v 2.618787 0.861213 -48.150002
v 2.632929 0.847071 -49.049999
v 2.730929 0.945071 -49.049999
v 2.716787 0.959213 -49.049999
v 2.618787 0.861213 -49.049999
v 2.842929 1.057071 -48.150002
v 2.940929 1.155071 -48.150002
v 2.926787 1.169213 -48.150002
v 2.828787 1.071213 -48.150002
v 2.842929 1.057071 -49.049999
v 2.940929 1.155071 -49.049999
v 2.926787 1.169213 -49.049999
v 2.828787 1.071213 -49.049999
v 2.002929 0.217071 -49.400002
v 2.100929 0.315071 -49.400002
v 2.086787 0.329213 -49.400002
v 1.988787 0.231213 -49.400002
v 2.002929 0.217071 -50.299999
v 2.100929 0.315071 -50.299999
v 2.086787 0.329213 -50.299999
v 1.988787 0.231213 -50.299999
v 2.212929 0.427071 -49.400002
v 2.310929 0.525071 -49.400002
v 2.296787 0.539213 -49.400002
v 2.198787 0.441213 -49.400002
v 2.212929 0.427071 -50.299999
v 2.310929 0.525071 -50.299999
v 2.296787 0.539213 -50.299999
v 2.198787 0.441213 -50.299999
v 2.422929 0.637071 -49.400002
v 2.520929 0.735071 -49.400002
v 2.506787 0.749213 -49.400002
v 2.408787 0.651213 -49.400002
v 2.422929 0.637071 -50.299999
v 2.520929 0.735071 -50.299999
v 2.506787 0.749213 -50.299999
v 2.408787 0.651213 -50.299999
v 2.632929 0.847071 -49.400002
v 2.730929 0.945071 -49.400002
v 2.716787 0.959213 -49.400002
v 2.618787 0.861213 -49.400002
v 2.632929 0.847071 -50.299999
v 2.730929 0.945071 -50.299999
v 2.716787 0.959213 -50.299999
v 2.618787 0.861213 -50.299999
v 2.842929 1.057071 -49.400002
v 2.940929 1.155071 -49.400002
v 2.926787 1.169213 -49.400002
v 2.828787 1.071213 -49.400002
v 2.842929 1.057071 -50.299999
v 2.940929 1.155071 -50.299999
v 2.926787 1.169213 -50.299999
v 2.828787 1.071213 -50.299999
v 2.002929 0.217071 -50.650002
v 2.100929 0.315071 -50.650002
v 2.086787 0.329213 -50.650002
v 1.988787 0.231213 -50.650002
v 2.002929 0.217071 -51.549999
v 2.100929 0.315071 -51.549999
v 2.086787 0.329213 -51.549999
v 1.988787 0.231213 -51.549999
v 2.212929 0.427071 -50.650002
v 2.310929 0.525071 -50.650002
v 2.296787 0.539213 -50.650002
v 2.198787 0.441213 -50.650002
v 2.212929 0.427071 -51.549999
v 2.310929 0.525071 -51.549999
v 2.296787 0.539213 -51.549999
v 2.198787 0.441213 -51.549999
v 2.422929 0.637071 -50.650002
v 2.520929 0.735071 -50.650002
v 2.506787 0.749213 -50.650002
v 2.408787 0.651213 -50.650002
v 2.422929 0.637071 -51.549999
v 2.520929 0.735071 -51.549999
v 2.506787 0.749213 -51.549999
v 2.408787 0.651213 -51.549999
v 2.632929 0.847071 -50.650002
v 2.730929 0.945071 -50.650002
v 2.716787 0.959213 -50.650002
v 2.618787 0.861213 -50.650002
v 2.632929 0.847071 -51.549999
v 2.730929 0.945071 -51.549999
v 2.716787 0.959213 -51.549999
v 2.618787 0.861213 -51.549999
v 2.842929 1.057071 -50.650002
v 2.940929 1.155071 -50.650002
v 2.926787 1.169213 -50.650002
v 2.828787 1.071213 -50.650002
v 2.842929 1.057071 -51.549999
v 2.940929 1.155071 -51.549999
v 2.926787 1.169213 -51.549999
v 2.828787 1.071213 -51.549999
v 2.002929 0.217071 -51.900002
v 2.100929 0.315071 -51.900002
v 2.086787 0.329213 -51.900002
v 1.988787 0.231213 -51.900002
v 2.002929 0.217071 -52.799999
v 2.100929 0.315071 -52.799999
v 2.086787 0.329213 -52.799999
v 1.988787 0.231213 -52.799999
v 2.212929 0.427071 -51.900002
v 2.310929 0.525071 -51.900002
v 2.296787 0.539213 -51.900002
v 2.198787 0.441213 -51.900002
v 2.212929 0.427071 -52.799999
v 2.310929 0.525071 -52.799999
v 2.296787 0.539213 -52.799999
v 2.198787 0.441213 -52.799999
v 2.422929 0.637071 -51.900002
v 2.520929 0.735071 -51.900002
v 2.506787 0.749213 -51.900002
v 2.408787 0.651213 -51.900002
v 2.422929 0.637071 -52.799999
v 2.520929 0.735071 -52.799999
v 2.506787 0.749213 -52.799999
v 2.408787 0.651213 -52.799999
v 2.632929 0.847071 -51.900002
v 2.730929 0.945071 -51.900002
v 2.716787 0.959213 -51.900002
v 2.618787 0.861213 -51.900002
v 2.632929 0.847071 -52.799999
v 2.730929 0.945071 -52.799999
v 2.716787 0.959213 -52.799999
v 2.618787 0.861213 -52.799999
v 2.842929 1.057071 -51.900002
v 2.940929 1.155071 -51.900002
v 2.926787 1.169213 -51.900002
v 2.828787 1.071213 -51.900002
v 2.842929 1.057071 -52.799999
v 2.940929 1.155071 -52.799999
v 2.926787 1.169213 -52.799999
v 2.828787 1.071213 -52.799999
v 2.002929 0.217071 -53.150002
v 2.100929 0.315071 -53.150002
v 2.086787 0.329213 -53.150002
v 1.988787 0.231213 -53.150002
v 2.002929 0.217071 -54.049999
v 2.100929 0.315071 -54.049999
v 2.086787 0.329213 -54.049999
v 1.988787 0.231213 -54.049999
v 2.212929 0.427071 -53.150002
v 2.310929 0.525071 -53.150002
v 2.296787 0.539213 -53.150002
v 2.198787 0.441213 -53.150002
v 2.212929 0.427071 -54.049999
v 2.310929 0.525071 -54.049999
v 2.296787 0.539213 -54.049999
v 2.198787 0.441213 -54.049999
v 2.422929 0.637071 -53.150002
v 2.520929 0.735071 -53.150002
v 2.506787 0.749213 -53.150002
v 2.408787 0.651213 -53.150002
v 2.422929 0.637071 -54.049999
v 2.520929 0.735071 -54.049999
v 2.506787 0.749213 -54.049999
v 2.408787 0.651213 -54.049999
v 2.632929 0.847071 -53.150002
v 2.730929 0.945071 -53.150002
v 2.716787 0.959213 -53.150002
v 2.618787 0.861213 -53.150002
v 2.632929 0.847071 -54.049999
v 2.730929 0.945071 -54.049999
v 2.716787 0.959213 -54.049999
v 2.618787 0.861213 -54.049999
v 2.842929 1.057071 -53.150002
v 2.940929 1.155071 -53.150002
v 2.926787 1.169213 -53.150002
v 2.828787 1.071213 -53.150002
v 2.842929 1.057071 -54.049999
v 2.940929 1.155071 -54.049999
v 2.926787 1.169213 -54.049999
v 2.828787 1.071213 -54.049999
v 2.002929 0.217071 -54.400002
v 2.100929 0.315071 -54.400002
v 2.086787 0.329213 -54.400002
v 1.988787 0.231213 -54.400002
v 2.002929 0.217071 -55.299999
v 2.100929 0.315071 -55.299999
v 2.086787 0.329213 -55.299999
v 1.988787 0.231213 -55.299999
v 2.212929 0.427071 -54.400002
v 2.310929 0.525071 -54.400002
v 2.296787 0.539213 -54.400002
v 2.198787 0.441213 -54.400002
v 2.212929 0.427071 -55.299999
v 2.310929 0.525071 -55.299999
v 2.296787 0.539213 -55.299999
v 2.198787 0.441213 -55.299999
v 2.422929 0.637071 -54.400002
v 2.520929 0.735071 -54.400002
v 2.506787 0.749213 -54.400002
v 2.408787 0.651213 -54.400002
v 2.422929 0.637071 -55.299999
v 2.520929 0.735071 -55.299999
v 2.506787 0.749213 -55.299999
v 2.408787 0.651213 -55.299999
v 2.632929 0.847071 -54.400002
v 2.730929 0.945071 -54.400002
v 2.716787 0.959213 -54.400002
v 2.618787 0.861213 -54.400002
v 2.632929 0.847071 -55.299999
v 2.730929 0.945071 -55.299999
v 2.716787 0.959213 -55.299999
v 2.618787 0.861213 -55.299999
v 2.842929 1.057071 -54.400002
v 2.940929 1.155071 -54.400002
v 2.926787 1.169213 -54.400002
v 2.828787 1.071213 -54.400002
v 2.842929 1.057071 -55.299999
v 2.940929 1.155071 -55.299999
v 2.926787 1.169213 -55.299999
v 2.828787 1.071213 -55.299999
v 2.002929 0.217071 -55.650002
v 2.100929 0.315071 -55.650002
v 2.086787 0.329213 -55.650002
v 1.988787 0.231213 -55.650002
v 2.002929 0.217071 -56.549999
v 2.100929 0.315071 -56.549999
v 2.086787 0.329213 -56.549999
v 1.988787 0.231213 -56.549999
v 2.212929 0.427071 -55.650002
v 2.310929 0.525071 -55.650002
v 2.296787 0.539213 -55.650002
v 2.198787 0.441213 -55.650002
v 2.212929 0.427071 -56.549999
v 2.310929 0.525071 -56.549999
v 2.296787 0.539213 -56.549999
v 2.198787 0.441213 -56.549999
v 2.422929 0.637071 -55.650002
v 2.520929 0.735071 -55.650002
v 2.506787 0.749213 -55.650002
v 2.408787 0.651213 -55.650002
v 2.422929 0.637071 -56.549999
v 2.520929 0.735071 -56.549999
v 2.506787 0.749213 -56.549999
v 2.408787 0.651213 -56.549999
v 2.632929 0.847071 -55.650002
v 2.730929 0.945071 -55.650002
v 2.716787 0.959213 -55.650002
v 2.618787 0.861213 -55.650002
v 2.632929 0.847071 -56.549999
v 2.730929 0.945071 -56.549999
v 2.716787 0.959213 -56.549999
v 2.618787 0.861213 -56.549999
v 2.842929 1.057071 -55.650002
v 2.940929 1.155071 -55.650002
v 2.926787 1.169213 -55.650002
v 2.828787 1.071213 -55.650002
v 2.842929 1.057071 -56.549999
v 2.940929 1.155071 -56.549999
v 2.926787 1.169213 -56.549999
v 2.828787 1.071213 -56.549999
v 2.002929 0.217071 -56.900002
v 2.100929 0.315071 -56.900002
v 2.086787 0.329213 -56.900002
v 1.988787 0.231213 -56.900002
v 2.002929 0.217071 -57.799999
v 2.100929 0.315071 -57.799999
v 2.086787 0.329213 -57.799999
v 1.988787 0.231213 -57.799999
v 2.212929 0.427071 -56.900002
v 2.310929 0.525071 -56.900002
v 2.296787 0.539213 -56.900002
v 2.198787 0.441213 -56.900002
v 2.212929 0.427071 -57.799999
v 2.310929 0.525071 -57.799999
v 2.296787 0.539213 -57.799999
v 2.198787 0.441213 -57.799999
v 2.422929 0.637071 -56.900002
v 2.520929 0.735071 -56.900002
v 2.506787 0.749213 -56.900002
v 2.408787 0.651213 -56.900002
v 2.422929 0.637071 -57.799999
v 2.520929 0.735071 -57.799999
v 2.506787 0.749213 -57.799999
v 2.408787 0.651213 -57.799999
v 2.632929 0.847071 -56.900002
v 2.730929 0.945071 -56.900002
v 2.716787 0.959213 -56.900002
v 2.618787 0.861213 -56.900002
v 2.632929 0.847071 -57.799999
v 2.730929 0.945071 -57.799999
v 2.716787 0.959213 -57.799999
v 2.618787 0.861213 -57.799999
v 2.842929 1.057071 -56.900002
v 2.940929 1.155071 -56.900002
v 2.926787 1.169213 -56.900002
v 2.828787 1.071213 -56.900002
v 2.842929 1.057071 -57.799999
v 2.940929 1.155071 -57.799999
v 2.926787 1.169213 -57.799999
v 2.828787 1.071213 -57.799999
v 2.002929 0.217071 -58.150002
v 2.100929 0.315071 -58.150002
v 2.086787 0.329213 -58.150002
v 1.988787 0.231213 -58.150002
v 2.002929 0.217071 -59.049999
v 2.100929 0.315071 -59.049999
v 2.086787 0.329213 -59.049999
v 1.988787 0.231213 -59.049999
v 2.212929 0.427071 -58.150002
v 2.310929 0.525071 -58.150002
v 2.296787 0.539213 -58.150002
v 2.198787 0.441213 -58.150002
v 2.212929 0.427071 -59.049999
v 2.310929 0.525071 -59.049999
v 2.296787 0.539213 -59.049999
v 2.198787 0.441213 -59.049999
v 2.422929 0.637071 -58.150002
v 2.520929 0.735071 -58.150002
v 2.506787 0.749213 -58.150002
v 2.408787 0.651213 -58.150002
v 2.422929 0.637071 -59.049999
v 2.520929 0.735071 -59.049999
v 2.506787 0.749213 -59.049999
v 2.408787 0.651213 -59.049999
v 2.632929 0.847071 -58.150002
v 2.730929 0.945071 -58.150002
v 2.716787 0.959213 -58.150002
v 2.618787 0.861213 -58.150002
v 2.632929 0.847071 -59.049999
v 2.730929 0.945071 -59.049999
v 2.716787 0.959213 -59.049999
v 2.618787 0.861213 -59.049999
v 2.842929 1.057071 -58.150002
v 2.940929 1.155071 -58.150002
v 2.926787 1.169213 -58.150002
v 2.828787 1.071213 -58.150002
v 2.842929 1.057071 -59.049999
v 2.940929 1.155071 -59.049999
v 2.926787 1.169213 -59.049999
v 2.828787 1.071213 -59.049999
v 2.002929 0.217071 -59.400002
v 2.100929 0.315071 -59.400002
v 2.086787 0.329213 -59.400002
v 1.988787 0.231213 -59.400002
v 2.002929 0.217071 -60.299999
v 2.100929 0.315071 -60.299999
v 2.086787 0.329213 -60.299999
v 1.988787 0.231213 -60.299999
v 2.212929 0.427071 -59.400002
v 2.310929 0.525071 -59.400002
v 2.296787 0.539213 -59.400002
v 2.198787 0.441213 -59.400002
v 2.212929 0.427071 -60.299999
v 2.310929 0.525071 -60.299999
v 2.296787 0.539213 -60.299999
v 2.198787 0.441213 -60.299999
v 2.422929 0.637071 -59.400002
v 2.520929 0.735071 -59.400002
v 2.506787 0.749213 -59.400002
v 2.408787 0.651213 -59.400002
v 2.422929 0.637071 -60.299999
v 2.520929 0.735071 -60.299999
v 2.506787 0.749213 -60.299999
v 2.408787 0.651213 -60.299999
v 2.632929 0.847071 -59.400002
v 2.730929 0.945071 -59.400002
v 2.716787 0.959213 -59.400002
v 2.618787 0.861213 -59.400002
v 2.632929 0.847071 -60.299999
v 2.730929 0.945071 -60.299999
v 2.716787 0.959213 -60.299999
v 2.618787 0.861213 -60.299999
v 2.842929 1.057071 -59.400002
v 2.940929 1.155071 -59.400002
v 2.926787 1.169213 -59.400002
v 2.828787 1.071213 -59.400002
v 2.842929 1.057071 -60.299999
v 2.940929 1.155071 -60.299999
v 2.926787 1.169213 -60.299999
v 2.828787 1.071213 -60.299999
v 2.002929 0.217071 -60.650002
v 2.100929 0.315071 -60.650002
v 2.086787 0.329213 -60.650002
v 1.988787 0.231213 -60.650002
v 2.002929 0.217071 -61.549999
v 2.100929 0.315071 -61.549999
v 2.086787 0.329213 -61.549999
v 1.988787 0.231213 -61.549999
v 2.212929 0.427071 -60.650002
v 2.310929 0.525071 -60.650002
v 2.296787 0.539213 -60.650002
v 2.198787 0.441213 -60.650002
v 2.212929 0.427071 -61.549999
v 2.310929 0.525071 -61.549999
v 2.296787 0.539213 -61.549999
v 2.198787 0.441213 -61.549999
v 2.422929 0.637071 -60.650002
v 2.520929 0.735071 -60.650002
v 2.506787 0.749213 -60.650002
v 2.408787 0.651213 -60.650002
v 2.422929 0.637071 -61.549999
v 2.520929 0.735071 -61.549999
v 2.506787 0.749213 -61.549999
v 2.408787 0.651213 -61.549999
v 2.632929 0.847071 -60.650002
v 2.730929 0.945071 -60.650002
v 2.716787 0.959213 -60.650002
v 2.618787 0.861213 -60.650002
v 2.632929 0.847071 -61.549999
v 2.730929 0.945071 -61.549999
v 2.716787 0.959213 -61.549999
v 2.618787 0.861213 -61.549999
v 2.842929 1.057071 -60.650002
v 2.940929 1.155071 -60.650002
v 2.926787 1.169213 -60.650002
v 2.828787 1.071213 -60.650002
v 2.842929 1.057071 -61.549999
v 2.940929 1.155071 -61.549999
v 2.926787 1.169213 -61.549999
v 2.828787 1.071213 -61.549999
v 2.002929 0.217071 -61.900002
v 2.100929 0.315071 -61.900002
v 2.086787 0.329213 -61.900002
v 1.988787 0.231213 -61.900002
v 2.002929 0.217071 -62.799999
v 2.100929 0.315071 -62.799999
v 2.086787 0.329213 -62.799999
v 1.988787 0.231213 -62.799999
v 2.212929 0.427071 -61.900002
v 2.310929 0.525071 -61.900002
v 2.296787 0.539213 -61.900002
v 2.198787 0.441213 -61.900002
v 2.212929 0.427071 -62.799999
v 2.310929 0.525071 -62.799999
v 2.296787 0.539213 -62.799999
v 2.198787 0.441213 -62.799999
v 2.422929 0.637071 -61.900002
v 2.520929 0.735071 -61.900002
v 2.506787 0.749213 -61.900002
v 2.408787 0.651213 -61.900002
v 2.422929 0.637071 -62.799999
v 2.520929 0.735071 -62.799999
v 2.506787 0.749213 -62.799999
v 2.408787 0.651213 -62.799999
v 2.632929 0.847071 -61.900002
v 2.730929 0.945071 -61.900002
v 2.716787 0.959213 -61.900002
v 2.618787 0.861213 -61.900002
v 2.632929 0.847071 -62.799999
v 2.730929 0.945071 -62.799999
v 2.716787 0.959213 -62.799999
v 2.618787 0.861213 -62.799999
v 2.842929 1.057071 -61.900002
v 2.940929 1.155071 -61.900002
v 2.926787 1.169213 -61.900002
v 2.828787 1.071213 -61.900002
v 2.842929 1.057071 -62.799999
v 2.940929 1.155071 -62.799999
v 2.926787 1.169213 -62.799999
v 2.828787 1.071213 -62.799999
v 2.002929 0.217071 -63.150002
v 2.100929 0.315071 -63.150002
v 2.086787 0.329213 -63.150002
v 1.988787 0.231213 -63.150002
v 2.002929 0.217071 -64.050003
v 2.100929 0.315071 -64.050003
v 2.086787 0.329213 -64.050003
v 1.988787 0.231213 -64.050003
v 2.212929 0.427071 -63.150002
v 2.310929 0.525071 -63.150002
v 2.296787 0.539213 -63.150002
v 2.198787 0.441213 -63.150002
v 2.212929 0.427071 -64.050003
v 2.310929 0.525071 -64.050003
v 2.296787 0.539213 -64.050003
v 2.198787 0.441213 -64.050003
v 2.422929 0.637071 -63.150002
v 2.520929 0.735071 -63.150002
v 2.506787 0.749213 -63.150002
v 2.408787 0.651213 -63.150002
v 2.422929 0.637071 -64.050003
v 2.520929 0.735071 -64.050003
v 2.506787 0.749213 -64.050003
v 2.408787 0.651213 -64.050003
v 2.632929 0.847071 -63.150002
v 2.730929 0.945071 -63.150002
v 2.716787 0.959213 -63.150002
v 2.618787 0.861213 -63.150002
v 2.632929 0.847071 -64.050003
v 2.730929 0.945071 -64.050003
v 2.716787 0.959213 -64.050003
v 2.618787 0.861213 -64.050003
v 2.842929 1.057071 -63.150002
v 2.940929 1.155071 -63.150002
v 2.926787 1.169213 -63.150002
v 2.828787 1.071213 -63.150002
v 2.842929 1.057071 -64.050003
v 2.940929 1.155071 -64.050003
v 2.926787 1.169213 -64.050003
v 2.828787 1.071213 -64.050003
v 2.002929 0.217071 -64.400002
v 2.100929 0.315071 -64.400002
v 2.086787 0.329213 -64.400002
v 1.988787 0.231213 -64.400002
v 2.002929 0.217071 -65.300003
v 2.100929 0.315071 -65.300003
v 2.086787 0.329213 -65.300003
v 1.988787 0.231213 -65.300003
v 2.212929 0.427071 -64.400002
v 2.310929 0.525071 -64.400002
v 2.296787 0.539213 -64.400002
v 2.198787 0.441213 -64.400002
v 2.212929 0.427071 -65.300003
v 2.310929 0.525071 -65.300003
v 2.296787 0.539213 -65.300003
v 2.198787 0.441213 -65.300003
v 2.422929 0.637071 -64.400002
v 2.520929 0.735071 -64.400002
v 2.506787 0.749213 -64.400002
v 2.408787 0.651213 -64.400002
v 2.422929 0.637071 -65.300003
v 2.520929 0.735071 -65.300003
v 2.506787 0.749213 -65.300003
v 2.408787 0.651213 -65.300003
v 2.632929 0.847071 -64.400002
v 2.730929 0.945071 -64.400002
v 2.716787 0.959213 -64.400002
v 2.618787 0.861213 -64.400002
v 2.632929 0.847071 -65.300003
v 2.730929 0.945071 -65.300003
v 2.716787 0.959213 -65.300003
v 2.618787 0.861213 -65.300003
v 2.842929 1.057071 -64.400002
v 2.940929 1.155071 -64.400002
v 2.926787 1.169213 -64.400002
v 2.828787 1.071213 -64.400002
v 2.842929 1.057071 -65.300003
v 2.940929 1.155071 -65.300003
v 2.926787 1.169213 -65.300003
v 2.828787 1.071213 -65.300003
v 2.002929 0.217071 -65.650002
v 2.100929 0.315071 -65.650002
v 2.086787 0.329213 -65.650002
v 1.988787 0.231213 -65.650002
v 2.002929 0.217071 -66.550003
v 2.100929 0.315071 -66.550003
v 2.086787 0.329213 -66.550003
v 1.988787 0.231213 -66.550003
v 2.212929 0.427071 -65.650002
v 2.310929 0.525071 -65.650002
v 2.296787 0.539213 -65.650002
v 2.198787 0.441213 -65.650002
v 2.212929 0.427071 -66.550003
v 2.310929 0.525071 -66.550003
v 2.296787 0.539213 -66.550003
v 2.198787 0.441213 -66.550003
v 2.422929 0.637071 -65.650002
v 2.520929 0.735071 -65.650002
v 2.506787 0.749213 -65.650002
v 2.408787 0.651213 -65.650002
v 2.422929 0.637071 -66.550003
v 2.520929 0.735071 -66.550003
v 2.506787 0.749213 -66.550003
v 2.408787 0.651213 -66.550003
v 2.632929 0.847071 -65.650002
v 2.730929 0.945071 -65.650002
v 2.716787 0.959213 -65.650002
v 2.618787 0.861213 -65.650002
v 2.632929 0.847071 -66.550003
v 2.730929 0.945071 -66.550003
v 2.716787 0.959213 -66.550003
v 2.618787 0.861213 -66.550003
v 2.842929 1.057071 -65.650002
v 2.940929 1.155071 -65.650002
v 2.926787 1.169213 -65.650002
v 2.828787 1.071213 -65.650002
v 2.842929 1.057071 -66.550003
v 2.940929 1.155071 -66.550003
v 2.926787 1.169213 -66.550003
v 2.828787 1.071213 -66.550003
v 2.002929 0.217071 -66.900002
v 2.100929 0.315071 -66.900002
v 2.086787 0.329213 -66.900002
v 1.988787 0.231213 -66.900002
v 2.002929 0.217071 -67.800003
v 2.100929 0.315071 -67.800003
v 2.086787 0.329213 -67.800003
v 1.988787 0.231213 -67.800003
v 2.212929 0.427071 -66.900002
v 2.310929 0.525071 -66.900002
v 2.296787 0.539213 -66.900002
v 2.198787 0.441213 -66.900002
v 2.212929 0.427071 -67.800003
v 2.310929 0.525071 -67.800003
v 2.296787 0.539213 -67.800003
v 2.198787 0.441213 -67.800003
v 2.422929 0.637071 -66.900002
v 2.520929 0.735071 -66.900002
v 2.506787 0.749213 -66.900002
v 2.408787 0.651213 -66.900002
v 2.422929 0.637071 -67.800003
v 2.520929 0.735071 -67.800003
v 2.506787 0.749213 -67.800003
v 2.408787 0.651213 -67.800003
v 2.632929 0.847071 -66.900002
v 2.730929 0.945071 -66.900002
v 2.716787 0.959213 -66.900002
v 2.618787 0.861213 -66.900002
v 2.632929 0.847071 -67.800003
v 2.730929 0.945071 -67.800003
v 2.716787 0.959213 -67.800003
v 2.618787 0.861213 -67.800003
v 2.842929 1.057071 -66.900002
v 2.940929 1.155071 -66.900002
v 2.926787 1.169213 -66.900002
v 2.828787 1.071213 -66.900002
v 2.842929 1.057071 -67.800003
v 2.940929 1.155071 -67.800003
v 2.926787 1.169213 -67.800003
v 2.828787 1.071213 -67.800003
v -2.982929 1.197071 1.850000
v -2.884929 1.099071 1.850000
v -2.870787 1.113213 1.850000
v -2.968787 1.211213 1.850000
v -2.982929 1.197071 0.950000
v -2.884929 1.099071 0.950000
v -2.870787 1.113213 0.950000
v -2.968787 1.211213 0.950000
v -2.772929 0.987071 1.850000
v -2.674929 0.889071 1.850000
v -2.660787 0.903213 1.850000
v -2.758787 1.001213 1.850000
v -2.772929 0.987071 0.950000
v -2.674929 0.889071 0.950000
v -2.660787 0.903213 0.950000
v -2.758787 1.001213 0.950000
v -2.562929 0.777071 1.850000
v -2.464929 0.679071 1.850000
v -2.450787 0.693213 1.850000
v -2.548787 0.791213 1.850000
v -2.562929 0.777071 0.950000
v -2.464929 0.679071 0.950000
v -2.450787 0.693213 0.950000
v -2.548787 0.791213 0.950000
v -2.352929 0.567071 1.850000
v -2.254929 0.469071 1.850000
v -2.240787 0.483213 1.850000
v -2.338787 0.581213 1.850000
v -2.352929 0.567071 0.950000
v -2.254929 0.469071 0.950000
v -2.240787 0.483213 0.950000
v -2.338787 0.581213 0.950000
v -2.142929 0.357071 1.850000
v -2.044929 0.259071 1.850000
v -2.030787 0.273213 1.850000
v -2.128787 0.371213 1.850000
v -2.142929 0.357071 0.950000
v -2.044929 0.259071 0.950000
v -2.030787 0.273213 0.950000
v -2.128787 0.371213 0.950000
v -2.982929 1.197071 0.600000
v -2.884929 1.099071 0.600000
v -2.870787 1.113213 0.600000
v -2.968787 1.211213 0.600000
v -2.982929 1.197071 -0.300000
v -2.884929 1.099071 -0.300000
v -2.870787 1.113213 -0.300000
v -2.968787 1.211213 -0.300000
v -2.772929 0.987071 0.600000
v -2.674929 0.889071 0.600000
v -2.660787 0.903213 0.600000
v -2.758787 1.001213 0.600000
v -2.772929 0.987071 -0.300000
v -2.674929 0.889071 -0.300000
v -2.660787 0.903213 -0.300000
v -2.758787 1.001213 -0.300000
v -2.562929 0.777071 0.600000
v -2.464929 0.679071 0.600000
v -2.450787 0.693213 0.600000
v -2.548787 0.791213 0.600000
v -2.562929 0.777071 -0.300000
v -2.464929 0.679071 -0.300000
v -2.450787 0.693213 -0.300000
v -2.548787 0.791213 -0.300000
v -2.352929 0.567071 0.600000
v -2.254929 0.469071 0.600000
v -2.240787 0.483213 0.600000
v -2.338787 0.581213 0.600000
v -2.352929 0.567071 -0.300000
v -2.254929 0.469071 -0.300000
v -2.240787 0.483213 -0.300000
v -2.338787 0.581213 -0.300000
v -2.142929 0.357071 0.600000
v -2.044929 0.259071 0.600000
v -2.030787 0.273213 0.600000
v -2.128787 0.371213 0.600000
v -2.142929 0.357071 -0.300000
v -2.044929 0.259071 -0.300000
v -2.030787 0.273213 -0.300000
v -2.128787 0.371213 -0.300000
v -2.982929 1.197071 -0.650000
v -2.884929 1.099071 -0.650000
v -2.870787 1.113213 -0.650000
v -2.968787 1.211213 -0.650000
v -2.982929 1.197071 -1.550000
v -2.884929 1.099071 -1.550000
v -2.870787 1.113213 -1.550000
v -2.968787 1.211213 -1.550000
v -2.772929 0.987071 -0.650000
v -2.674929 0.889071 -0.650000
v -2.660787 0.903213 -0.650000
v -2.758787 1.001213 -0.650000
v -2.772929 0.987071 -1.550000
v -2.674929 0.889071 -1.550000
v -2.660787 0.903213 -1.550000
v -2.758787 1.001213 -1.550000
v -2.562929 0.777071 -0.650000
v -2.464929 0.679071 -0.650000
v -2.450787 0.693213 -0.650000
v -2.548787 0.791213 -0.650000
v -2.562929 0.777071 -1.550000
v -2.464929 0.679071 -1.550000
v -2.450787 0.693213 -1.550000
v -2.548787 0.791213 -1.550000
v -2.352929 0.567071 -0.650000
v -2.254929 0.469071 -0.650000
v -2.240787 0.483213 -0.650000
v -2.338787 0.581213 -0.650000
v -2.352929 0.567071 -1.550000
v -2.254929 0.469071 -1.550000
v -2.240787 0.483213 -1.550000
v -2.338787 0.581213 -1.550000
v -2.142929 0.357071 -0.650000
v -2.044929 0.259071 -0.650000
v -2.030787 0.273213 -0.650000
v -2.128787 0.371213 -0.650000
v -2.142929 0.357071 -1.550000
v -2.044929 0.259071 -1.550000
v -2.030787 0.273213 -1.550000
v -2.128787 0.371213 -1.550000
v -2.982929 1.197071 -1.900000
v -2.884929 1.099071 -1.900000
v -2.870787 1.113213 -1.900000
v -2.968787 1.211213 -1.900000
v -2.982929 1.197071 -2.800000
v -2.884929 1.099071 -2.800000
v -2.870787 1.113213 -2.800000
v -2.968787 1.211213 -2.800000
v -2.772929 0.987071 -1.900000
v -2.674929 0.889071 -1.900000
v -2.660787 0.903213 -1.900000
v -2.758787 1.001213 -1.900000
v -2.772929 0.987071 -2.800000
v -2.674929 0.889071 -2.800000
v -2.660787 0.903213 -2.800000
v -2.758787 1.001213 -2.800000
v -2.562929 0.777071 -1.900000
v -2.464929 0.679071 -1.900000
v -2.450787 0.693213 -1.900000
v -2.548787 0.791213 -1.900000
v -2.562929 0.777071 -2.800000
v -2.464929 0.679071 -2.800000
v -2.450787 0.693213 -2.800000
v -2.548787 0.791213 -2.800000
v -2.352929 0.567071 -1.900000
v -2.254929 0.469071 -1.900000
v -2.240787 0.483213 -1.900000
v -2.338787 0.581213 -1.900000
v -2.352929 0.567071 -2.800000
v -2.254929 0.469071 -2.800000
v -2.240787 0.483213 -2.800000
v -2.338787 0.581213 -2.800000
v -2.142929 0.357071 -1.900000
v -2.044929 0.259071 -1.900000
v -2.030787 0.273213 -1.900000
v -2.128787 0.371213 -1.900000
v -2.142929 0.357071 -2.800000
v -2.044929 0.259071 -2.800000
v -2.030787 0.273213 -2.800000
v -2.128787 0.371213 -2.800000
v -2.982929 1.197071 -3.150000
v -2.884929 1.099071 -3.150000
v -2.870787 1.113213 -3.150000
v -2.968787 1.211213 -3.150000
v -2.982929 1.197071 -4.050000
v -2.884929 1.099071 -4.050000
v -2.870787 1.113213 -4.050000
v -2.968787 1.211213 -4.050000
v -2.772929 0.987071 -3.150000
v -2.674929 0.889071 -3.150000
v -2.660787 0.903213 -3.150000
v -2.758787 1.001213 -3.150000
v -2.772929 0.987071 -4.050000
v -2.674929 0.889071 -4.050000
v -2.660787 0.903213 -4.050000
v -2.758787 1.001213 -4.050000
v -2.562929 0.777071 -3.150000
v -2.464929 0.679071 -3.150000
v -2.450787 0.693213 -3.150000
v -2.548787 0.791213 -3.150000
v -2.562929 0.777071 -4.050000
v -2.464929 0.679071 -4.050000
v -2.450787 0.693213 -4.050000
v -2.548787 0.791213 -4.050000
v -2.352929 0.567071 -3.150000
v -2.254929 0.469071 -3.150000
v -2.240787 0.483213 -3.150000
v -2.338787 0.581213 -3.150000
v -2.352929 0.567071 -4.050000
v -2.254929 0.469071 -4.050000
v -2.240787 0.483213 -4.050000
v -2.338787 0.581213 -4.050000
v -2.142929 0.357071 -3.150000
v -2.044929 0.259071 -3.150000
v -2.030787 0.273213 -3.150000
v -2.128787 0.371213 -3.150000
v -2.142929 0.357071 -4.050000
v -2.044929 0.259071 -4.050000
v -2.030787 0.273213 -4.050000
v -2.128787 0.371213 -4.050000
v -2.982929 1.197071 -4.400000
v -2.884929 1.099071 -4.400000
v -2.870787 1.113213 -4.400000
v -2.968787 1.211213 -4.400000
v -2.982929 1.197071 -5.300000
v -2.884929 1.099071 -5.300000
v -2.870787 1.113213 -5.300000
v -2.968787 1.211213 -5.300000
v -2.772929 0.987071 -4.400000
v -2.674929 0.889071 -4.400000
v -2.660787 0.903213 -4.400000
v -2.758787 1.001213 -4.400000
v -2.772929 0.987071 -5.300000
v -2.674929 0.889071 -5.300000
v -2.660787 0.903213 -5.300000
v -2.758787 1.001213 -5.300000
v -2.562929 0.777071 -4.400000
v -2.464929 0.679071 -4.400000
v -2.450787 0.693213 -4.400000
v -2.548787 0.791213 -4.400000
v -2.562929 0.777071 -5.300000
v -2.464929 0.679071 -5.300000
v -2.450787 0.693213 -5.300000
v -2.548787 0.791213 -5.300000
v -2.352929 0.567071 -4.400000
v -2.254929 0.469071 -4.400000
v -2.240787 0.483213 -4.400000
v -2.338787 0.581213 -4.400000
v -2.352929 0.567071 -5.300000
v -2.254929 0.469071 -5.300000
v -2.240787 0.483213 -5.300000
v -2.338787 0.581213 -5.300000
v -2.142929 0.357071 -4.400000
v -2.044929 0.259071 -4.400000
v -2.030787 0.273213 -4.400000
v -2.128787 0.371213 -4.400000
v -2.142929 0.357071 -5.300000
v -2.044929 0.259071 -5.300000
v -2.030787 0.273213 -5.300000
v -2.128787 0.371213 -5.300000
v -2.982929 1.197071 -5.650000
v -2.884929 1.099071 -5.650000
v -2.870787 1.113213 -5.650000
v -2.968787 1.211213 -5.650000
v -2.982929 1.197071 -6.550000
v -2.884929 1.099071 -6.550000
v -2.870787 1.113213 -6.550000
v -2.968787 1.211213 -6.550000
v -2.772929 0.987071 -5.650000
v -2.674929 0.889071 -5.650000
v -2.660787 0.903213 -5.650000
v -2.758787 1.001213 -5.650000
v -2.772929 0.987071 -6.550000
v -2.674929 0.889071 -6.550000
v -2.660787 0.903213 -6.550000
v -2.758787 1.001213 -6.550000
v -2.562929 0.777071 -5.650000
v -2.464929 0.679071 -5.650000
v -2.450787 0.693213 -5.650000
v -2.548787 0.791213 -5.650000
v -2.562929 0.777071 -6.550000
v -2.464929 0.679071 -6.550000
v -2.450787 0.693213 -6.550000
v -2.548787 0.791213 -6.550000
v -2.352929 0.567071 -5.650000
v -2.254929 0.469071 -5.650000
v -2.240787 0.483213 -5.650000
v -2.338787 0.581213 -5.650000
v -2.352929 0.567071 -6.550000
v -2.254929 0.469071 -6.550000
v -2.240787 0.483213 -6.550000
v -2.338787 0.581213 -6.550000
v -2.142929 0.357071 -5.650000
v -2.044929 0.259071 -5.650000
v -2.030787 0.273213 -5.650000
v -2.128787 0.371213 -5.650000
v -2.142929 0.357071 -6.550000
v -2.044929 0.259071 -6.550000
v -2.030787 0.273213 -6.550000
v -2.128787 0.371213 -6.550000
v -2.982929 1.197071 -6.900000
v -2.884929 1.099071 -6.900000
v -2.870787 1.113213 -6.900000
v -2.968787 1.211213 -6.900000
v -2.982929 1.197071 -7.800000
v -2.884929 1.099071 -7.800000
v -2.870787 1.113213 -7.800000
v -2.968787 1.211213 -7.800000
v -2.772929 0.987071 -6.900000
v -2.674929 0.889071 -6.900000
v -2.660787 0.903213 -6.900000
v -2.758787 1.001213 -6.900000
v -2.772929 0.987071 -7.800000
v -2.674929 0.889071 -7.800000
v -2.660787 0.903213 -7.800000
v -2.758787 1.001213 -7.800000
v -2.562929 0.777071 -6.900000
v -2.464929 0.679071 -6.900000
v -2.450787 0.693213 -6.900000
v -2.548787 0.791213 -6.900000
v -2.562929 0.777071 -7.800000
v -2.464929 0.679071 -7.800000
v -2.450787 0.693213 -7.800000
v -2.548787 0.791213 -7.800000
v -2.352929 0.567071 -6.900000
v -2.254929 0.469071 -6.900000
v -2.240787 0.483213 -6.900000
v -2.338787 0.581213 -6.900000
v -2.352929 0.567071 -7.800000
v -2.254929 0.469071 -7.800000
v -2.240787 0.483213 -7.800000
v -2.338787 0.581213 -7.800000
v -2.142929 0.357071 -6.900000
v -2.044929 0.259071 -6.900000
v -2.030787 0.273213 -6.900000
v -2.128787 0.371213 -6.900000
v -2.142929 0.357071 -7.800000
v -2.044929 0.259071 -7.800000
v -2.030787 0.273213 -7.800000
v -2.128787 0.371213 -7.800000
v -2.982929 1.197071 -8.150000
v -2.884929 1.099071 -8.150000
v -2.870787 1.113213 -8.150000
v -2.968787 1.211213 -8.150000
v -2.982929 1.197071 -9.050000
v -2.884929 1.099071 -9.050000
v -2.870787 1.113213 -9.050000
v -2.968787 1.211213 -9.050000
v -2.772929 0.987071 -8.150000
v -2.674929 0.889071 -8.150000
v -2.660787 0.903213 -8.150000
v -2.758787 1.001213 -8.150000
v -2.772929 0.987071 -9.050000
v -2.674929 0.889071 -9.050000
v -2.660787 0.903213 -9.050000
v -2.758787 1.001213 -9.050000
v -2.562929 0.777071 -8.150000
v -2.464929 0.679071 -8.150000
v -2.450787 0.693213 -8.150000
v -2.548787 0.791213 -8.150000
v -2.562929 0.777071 -9.050000
v -2.464929 0.679071 -9.050000
v -2.450787 0.693213 -9.050000
v -2.548787 0.791213 -9.050000
v -2.352929 0.567071 -8.150000
v -2.254929 0.469071 -8.150000
v -2.240787 0.483213 -8.150000
v -2.338787 0.581213 -8.150000
v -2.352929 0.567071 -9.050000
v -2.254929 0.469071 -9.050000
v -2.240787 0.483213 -9.050000
v -2.338787 0.581213 -9.050000
v -2.142929 0.357071 -8.150000
v -2.044929 0.259071 -8.150000
v -2.030787 0.273213 -8.150000
v -2.128787 0.371213 -8.150000
v -2.142929 0.357071 -9.050000
v -2.044929 0.259071 -9.050000
v -2.030787 0.273213 -9.050000
v -2.128787 0.371213 -9.050000
v -2.982929 1.197071 -9.400000
v -2.884929 1.099071 -9.400000
v -2.870787 1.113213 -9.400000
v -2.968787 1.211213 -9.400000
v -2.982929 1.197071 -10.300000
v -2.884929 1.099071 -10.300000
v -2.870787 1.113213 -10.300000
v -2.968787 1.211213 -10.300000
v -2.772929 0.987071 -9.400000
v -2.674929 0.889071 -9.400000
v -2.660787 0.903213 -9.400000
v -2.758787 1.001213 -9.400000
v -2.772929 0.987071 -10.300000
v -2.674929 0.889071 -10.300000
v -2.660787 0.903213 -10.300000
v -2.758787 1.001213 -10.300000
v -2.562929 0.777071 -9.400000
v -2.464929 0.679071 -9.400000
v -2.450787 0.693213 -9.400000
v -2.548787 0.791213 -9.400000
v -2.562929 0.777071 -10.300000
v -2.464929 0.679071 -10.300000
v -2.450787 0.693213 -10.300000
v -2.548787 0.791213 -10.300000
v -2.352929 0.567071 -9.400000
v -2.254929 0.469071 -9.400000
v -2.240787 0.483213 -9.400000
v -2.338787 0.581213 -9.400000
v -2.352929 0.567071 -10.300000
v -2.254929 0.469071 -10.300000
v -2.240787 0.483213 -10.300000
v -2.338787 0.581213 -10.300000
v -2.142929 0.357071 -9.400000
v -2.044929 0.259071 -9.400000
v -2.030787 0.273213 -9.400000
v -2.128787 0.371213 -9.400000
v -2.142929 0.357071 -10.300000
v -2.044929 0.259071 -10.300000
v -2.030787 0.273213 -10.300000
v -2.128787 0.371213 -10.300000
v -2.982929 1.197071 -10.650000
v -2.884929 1.099071 -10.650000
v -2.870787 1.113213 -10.650000
v -2.968787 1.211213 -10.650000
v -2.982929 1.197071 -11.550000
v -2.884929 1.099071 -11.550000
v -2.870787 1.113213 -11.550000
v -2.968787 1.211213 -11.550000
v -2.772929 0.987071 -10.650000
v -2.674929 0.889071 -10.650000
v -2.660787 0.903213 -10.650000
v -2.758787 1.001213 -10.650000
v -2.772929 0.987071 -11.550000
v -2.674929 0.889071 -11.550000
v -2.660787 0.903213 -11.550000
v -2.758787 1.001213 -11.550000
v -2.562929 0.777071 -10.650000
v -2.464929 0.679071 -10.650000
v -2.450787 0.693213 -10.650000
v -2.548787 0.791213 -10.650000
v -2.562929 0.777071 -11.550000
v -2.464929 0.679071 -11.550000
v -2.450787 0.693213 -11.550000
v -2.548787 0.791213 -11.550000
v -2.352929 0.567071 -10.650000
v -2.254929 0.469071 -10.650000
v -2.240787 0.483213 -10.650000
v -2.338787 0.581213 -10.650000
v -2.352929 0.567071 -11.550000
v -2.254929 0.469071 -11.550000
v -2.240787 0.483213 -11.550000
v -2.338787 0.581213 -11.550000
v -2.142929 0.357071 -10.650000
v -2.044929 0.259071 -10.650000
v -2.030787 0.273213 -10.650000
v -2.128787 0.371213 -10.650000
v -2.142929 0.357071 -11.550000
v -2.044929 0.259071 -11.550000
v -2.030787 0.273213 -11.550000
v -2.128787 0.371213 -11.550000
v -2.982929 1.197071 -11.900000
v -2.884929 1.099071 -11.900000
v -2.870787 1.113213 -11.900000
v -2.968787 1.211213 -11.900000
v -2.982929 1.197071 -12.800000
v -2.884929 1.099071 -12.800000
v -2.870787 1.113213 -12.800000
v -2.968787 1.211213 -12.800000
v -2.772929 0.987071 -11.900000
v -2.674929 0.889071 -11.900000
v -2.660787 0.903213 -11.900000
v -2.758787 1.001213 -11.900000
v -2.772929 0.987071 -12.800000
v -2.674929 0.889071 -12.800000
v -2.660787 0.903213 -12.800000
v -2.758787 1.001213 -12.800000
v -2.562929 0.777071 -11.900000
v -2.464929 0.679071 -11.900000
v -2.450787 0.693213 -11.900000
v -2.548787 0.791213 -11.900000
v -2.562929 0.777071 -12.800000
v -2.464929 0.679071 -12.800000
v -2.450787 0.693213 -12.800000
v -2.548787 0.791213 -12.800000
v -2.352929 0.567071 -11.900000
v -2.254929 0.469071 -11.900000
v -2.240787 0.483213 -11.900000
v -2.338787 0.581213 -11.900000
v -2.352929 0.567071 -12.800000
v -2.254929 0.469071 -12.800000
v -2.240787 0.483213 -12.800000
v -2.338787 0.581213 -12.800000
v -2.142929 0.357071 -11.900000
v -2.044929 0.259071 -11.900000
v -2.030787 0.273213 -11.900000
v -2.128787 0.371213 -11.900000
v -2.142929 0.357071 -12.800000
v -2.044929 0.259071 -12.800000
v -2.030787 0.273213 -12.800000
v -2.128787 0.371213 -12.800000
v -2.982929 1.197071 -13.150000
v -2.884929 1.099071 -13.150000
v -2.870787 1.113213 -13.150000
v -2.968787 1.211213 -13.150000
v -2.982929 1.197071 -14.050000
v -2.884929 1.099071 -14.050000
v -2.870787 1.113213 -14.050000
v -2.968787 1.211213 -14.050000
v -2.772929 0.987071 -13.150000
v -2.674929 0.889071 -13.150000
v -2.660787 0.903213 -13.150000
v -2.758787 1.001213 -13.150000
v -2.772929 0.987071 -14.050000
v -2.674929 0.889071 -14.050000
v -2.660787 0.903213 -14.050000
v -2.758787 1.001213 -14.050000
v -2.562929 0.777071 -13.150000
v -2.464929 0.679071 -13.150000
v -2.450787 0.693213 -13.150000
v -2.548787 0.791213 -13.150000
v -2.562929 0.777071 -14.050000
v -2.464929 0.679071 -14.050000
v -2.450787 0.693213 -14.050000
v -2.548787 0.791213 -14.050000
v -2.352929 0.567071 -13.150000
v -2.254929 0.469071 -13.150000
v -2.240787 0.483213 -13.150000
v -2.338787 0.581213 -13.150000
v -2.352929 0.567071 -14.050000
v -2.254929 0.469071 -14.050000
v -2.240787 0.483213 -14.050000
v -2.338787 0.581213 -14.050000
v -2.142929 0.357071 -13.150000
v -2.044929 0.259071 -13.150000
v -2.030787 0.273213 -13.150000
v -2.128787 0.371213 -13.150000
v -2.142929 0.357071 -14.050000
v -2.044929 0.259071 -14.050000
v -2.030787 0.273213 -14.050000
v -2.128787 0.371213 -14.050000
v -2.982929 1.197071 -14.400000
v -2.884929 1.099071 -14.400000
v -2.870787 1.113213 -14.400000
v -2.968787 1.211213 -14.400000
v -2.982929 1.197071 -15.300000
v -2.884929 1.099071 -15.300000
v -2.870787 1.113213 -15.300000
v -2.968787 1.211213 -15.300000
v -2.772929 0.987071 -14.400000
v -2.674929 0.889071 -14.400000
v -2.660787 0.903213 -14.400000
v -2.758787 1.001213 -14.400000
v -2.772929 0.987071 -15.300000
v -2.674929 0.889071 -15.300000
v -2.660787 0.903213 -15.300000
v -2.758787 1.001213 -15.300000
v -2.562929 0.777071 -14.400000
v -2.464929 0.679071 -14.400000
v -2.450787 0.693213 -14.400000
v -2.548787 0.791213 -14.400000
v -2.562929 0.777071 -15.300000
v -2.464929 0.679071 -15.300000
v -2.450787 0.693213 -15.300000
v -2.548787 0.791213 -15.300000
v -2.352929 0.567071 -14.400000
v -2.254929 0.469071 -14.400000
v -2.240787 0.483213 -14.400000
v -2.338787 0.581213 -14.400000
v -2.352929 0.567071 -15.300000
v -2.254929 0.469071 -15.300000
v -2.240787 0.483213 -15.300000
v -2.338787 0.581213 -15.300000
v -2.142929 0.357071 -14.400000
v -2.044929 0.259071 -14.400000
v -2.030787 0.273213 -14.400000
v -2.128787 0.371213 -14.400000
v -2.142929 0.357071 -15.300000
v -2.044929 0.259071 -15.300000
v -2.030787 0.273213 -15.300000
v -2.128787 0.371213 -15.300000
v -2.982929 1.197071 -15.650000
v -2.884929 1.099071 -15.650000
v -2.870787 1.113213 -15.650000
v -2.968787 1.211213 -15.650000
v -2.982929 1.197071 -16.549999
v -2.884929 1.099071 -16.549999
v -2.870787 1.113213 -16.549999
v -2.968787 1.211213 -16.549999
v -2.772929 0.987071 -15.650000
v -2.674929 0.889071 -15.650000
v -2.660787 0.903213 -15.650000
v -2.758787 1.001213 -15.650000
v -2.772929 0.987071 -16.549999
v -2.674929 0.889071 -16.549999
v -2.660787 0.903213 -16.549999
v -2.758787 1.001213 -16.549999
v -2.562929 0.777071 -15.650000
v -2.464929 0.679071 -15.650000
v -2.450787 0.693213 -15.650000
v -2.548787 0.791213 -15.650000
v -2.562929 0.777071 -16.549999
v -2.464929 0.679071 -16.549999
v -2.450787 0.693213 -16.549999
v -2.548787 0.791213 -16.549999
v -2.352929 0.567071 -15.650000
v -2.254929 0.469071 -15.650000
v -2.240787 0.483213 -15.650000
v -2.338787 0.581213 -15.650000
v -2.352929 0.567071 -16.549999
v -2.254929 0.469071 -16.549999
v -2.240787 0.483213 -16.549999
v -2.338787 0.581213 -16.549999
v -2.142929 0.357071 -15.650000
v -2.044929 0.259071 -15.650000
v -2.030787 0.273213 -15.650000
v -2.128787 0.371213 -15.650000
v -2.142929 0.357071 -16.549999
v -2.044929 0.259071 -16.549999
v -2.030787 0.273213 -16.549999
v -2.128787 0.371213 -16.549999
v -2.982929 1.197071 -16.900000
v -2.884929 1.099071 -16.900000
v -2.870787 1.113213 -16.900000
v -2.968787 1.211213 -16.900000
v -2.982929 1.197071 -17.799999
v -2.884929 1.099071 -17.799999
v -2.870787 1.113213 -17.799999
v -2.968787 1.211213 -17.799999
v -2.772929 0.987071 -16.900000
v -2.674929 0.889071 -16.900000
v -2.660787 0.903213 -16.900000
v -2.758787 1.001213 -16.900000
v -2.772929 0.987071 -17.799999
v -2.674929 0.889071 -17.799999
v -2.660787 0.903213 -17.799999
v -2.758787 1.001213 -17.799999
v -2.562929 0.777071 -16.900000
v -2.464929 0.679071 -16.900000
v -2.450787 0.693213 -16.900000
v -2.548787 0.791213 -16.900000
v -2.562929 0.777071 -17.799999
v -2.464929 0.679071 -17.799999
v -2.450787 0.693213 -17.799999
v -2.548787 0.791213 -17.799999
v -2.352929 0.567071 -16.900000
v -2.254929 0.469071 -16.900000
v -2.240787 0.483213 -16.900000
v -2.338787 0.581213 -16.900000
v -2.352929 0.567071 -17.799999
v -2.254929 0.469071 -17.799999
v -2.240787 0.483213 -17.799999
v -2.338787 0.581213 -17.799999
v -2.142929 0.357071 -16.900000
v -2.044929 0.259071 -16.900000
v -2.030787 0.273213 -16.900000
v -2.128787 0.371213 -16.900000
v -2.142929 0.357071 -17.799999
v -2.044929 0.259071 -17.799999
v -2.030787 0.273213 -17.799999
v -2.128787 0.371213 -17.799999
v -2.982929 1.197071 -18.150000
v -2.884929 1.099071 -18.150000
v -2.870787 1.113213 -18.150000
v -2.968787 1.211213 -18.150000
v -2.982929 1.197071 -19.049999
v -2.884929 1.099071 -19.049999
v -2.870787 1.113213 -19.049999
v -2.968787 1.211213 -19.049999
v -2.772929 0.987071 -18.150000
v -2.674929 0.889071 -18.150000
v -2.660787 0.903213 -18.150000
v -2.758787 1.001213 -18.150000
v -2.772929 0.987071 -19.049999
v -2.674929 0.889071 -19.049999
v -2.660787 0.903213 -19.049999
v -2.758787 1.001213 -19.049999
v -2.562929 0.777071 -18.150000
v -2.464929 0.679071 -18.150000
v -2.450787 0.693213 -18.150000
v -2.548787 0.791213 -18.150000
v -2.562929 0.777071 -19.049999
v -2.464929 0.679071 -19.049999
v -2.450787 0.693213 -19.049999
v -2.548787 0.791213 -19.049999
v -2.352929 0.567071 -18.150000
v -2.254929 0.469071 -18.150000
v -2.240787 0.483213 -18.150000
v -2.338787 0.581213 -18.150000
v -2.352929 0.567071 -19.049999
v -2.254929 0.469071 -19.049999
v -2.240787 0.483213 -19.049999
v -2.338787 0.581213 -19.049999
v -2.142929 0.357071 -18.150000
v -2.044929 0.259071 -18.150000
v -2.030787 0.273213 -18.150000
v -2.128787 0.371213 -18.150000
v -2.142929 0.357071 -19.049999
v -2.044929 0.259071 -19.049999
v -2.030787 0.273213 -19.049999
v -2.128787 0.371213 -19.049999
v -2.982929 1.197071 -19.400000
v -2.884929 1.099071 -19.400000
v -2.870787 1.113213 -19.400000
v -2.968787 1.211213 -19.400000
v -2.982929 1.197071 -20.299999
v -2.884929 1.099071 -20.299999
v -2.870787 1.113213 -20.299999
v -2.968787 1.211213 -20.299999
v -2.772929 0.987071 -19.400000
v -2.674929 0.889071 -19.400000
v -2.660787 0.903213 -19.400000
v -2.758787 1.001213 -19.400000
v -2.772929 0.987071 -20.299999
v -2.674929 0.889071 -20.299999
v -2.660787 0.903213 -20.299999
v -2.758787 1.001213 -20.299999
v -2.562929 0.777071 -19.400000
v -2.464929 0.679071 -19.400000
v -2.450787 0.693213 -19.400000
v -2.548787 0.791213 -19.400000
v -2.562929 0.777071 -20.299999
v -2.464929 0.679071 -20.299999
v -2.450787 0.693213 -20.299999
v -2.548787 0.791213 -20.299999
v -2.352929 0.567071 -19.400000
v -2.254929 0.469071 -19.400000
v -2.240787 0.483213 -19.400000
v -2.338787 0.581213 -19.400000
v -2.352929 0.567071 -20.299999
v -2.254929 0.469071 -20.299999
v -2.240787 0.483213 -20.299999
v -2.338787 0.581213 -20.299999
v -2.142929 0.357071 -19.400000
v -2.044929 0.259071 -19.400000
v -2.030787 0.273213 -19.400000
v -2.128787 0.371213 -19.400000
v -2.142929 0.357071 -20.299999
v -2.044929 0.259071 -20.299999
v -2.030787 0.273213 -20.299999
v -2.128787 0.371213 -20.299999
v -2.982929 1.197071 -20.650000
v -2.884929 1.099071 -20.650000
v -2.870787 1.113213 -20.650000
v -2.968787 1.211213 -20.650000
v -2.982929 1.197071 -21.549999
v -2.884929 1.099071 -21.549999
v -2.870787 1.113213 -21.549999
v -2.968787 1.211213 -21.549999
v -2.772929 0.987071 -20.650000
v -2.674929 0.889071 -20.650000
v -2.660787 0.903213 -20.650000
v -2.758787 1.001213 -20.650000
v -2.772929 0.987071 -21.549999
v -2.674929 0.889071 -21.549999
v -2.660787 0.903213 -21.549999
v -2.758787 1.001213 -21.549999
v -2.562929 0.777071 -20.650000
v -2.464929 0.679071 -20.650000
v -2.450787 0.693213 -20.650000
v -2.548787 0.791213 -20.650000
v -2.562929 0.777071 -21.549999
v -2.464929 0.679071 -21.549999
v -2.450787 0.693213 -21.549999
v -2.548787 0.791213 -21.549999
v -2.352929 0.567071 -20.650000
v -2.254929 0.469071 -20.650000
v -2.240787 0.483213 -20.650000
v -2.338787 0.581213 -20.650000
v -2.352929 0.567071 -21.549999
v -2.254929 0.469071 -21.549999
v -2.240787 0.483213 -21.549999
v -2.338787 0.581213 -21.549999
v -2.142929 0.357071 -20.650000
v -2.044929 0.259071 -20.650000
v -2.030787 0.273213 -20.650000
v -2.128787 0.371213 -20.650000
v -2.142929 0.357071 -21.549999
v -2.044929 0.259071 -21.549999
v -2.030787 0.273213 -21.549999
v -2.128787 0.371213 -21.549999
v -2.982929 1.197071 -21.900000
v -2.884929 1.099071 -21.900000
v -2.870787 1.113213 -21.900000
v -2.968787 1.211213 -21.900000
v -2.982929 1.197071 -22.799999
v -2.884929 1.099071 -22.799999
v -2.870787 1.113213 -22.799999
v -2.968787 1.211213 -22.799999
v -2.772929 0.987071 -21.900000
v -2.674929 0.889071 -21.900000
v -2.660787 0.903213 -21.900000
v -2.758787 1.001213 -21.900000
v -2.772929 0.987071 -22.799999
v -2.674929 0.889071 -22.799999
v -2.660787 0.903213 -22.799999
v -2.758787 1.001213 -22.799999
v -2.562929 0.777071 -21.900000
v -2.464929 0.679071 -21.900000
v -2.450787 0.693213 -21.900000
v -2.548787 0.791213 -21.900000
v -2.562929 0.777071 -22.799999
v -2.464929 0.679071 -22.799999
v -2.450787 0.693213 -22.799999
v -2.548787 0.791213 -22.799999
v -2.352929 0.567071 -21.900000
v -2.254929 0.469071 -21.900000
v -2.240787 0.483213 -21.900000
v -2.338787 0.581213 -21.900000
v -2.352929 0.567071 -22.799999
v -2.254929 0.469071 -22.799999
v -2.240787 0.483213 -22.799999
v -2.338787 0.581213 -22.799999
v -2.142929 0.357071 -21.900000
v -2.044929 0.259071 -21.900000
v -2.030787 0.273213 -21.900000
v -2.128787 0.371213 -21.900000
v -2.142929 0.357071 -22.799999
v -2.044929 0.259071 -22.799999
v -2.030787 0.273213 -22.799999
v -2.128787 0.371213 -22.799999
v -2.982929 1.197071 -23.150000
v -2.884929 1.099071 -23.150000
v -2.870787 1.113213 -23.150000
v -2.968787 1.211213 -23.150000
v -2.982929 1.197071 -24.049999
v -2.884929 1.099071 -24.049999
v -2.870787 1.113213 -24.049999
v -2.968787 1.211213 -24.049999
v -2.772929 0.987071 -23.150000
v -2.674929 0.889071 -23.150000
v -2.660787 0.903213 -23.150000
v -2.758787 1.001213 -23.150000
v -2.772929 0.987071 -24.049999
v -2.674929 0.889071 -24.049999
v -2.660787 0.903213 -24.049999
v -2.758787 1.001213 -24.049999
v -2.562929 0.777071 -23.150000
v -2.464929 0.679071 -23.150000
v -2.450787 0.693213 -23.150000
v -2.548787 0.791213 -23.150000
v -2.562929 0.777071 -24.049999
v -2.464929 0.679071 -24.049999
v -2.450787 0.693213 -24.049999
v -2.548787 0.791213 -24.049999
v -2.352929 0.567071 -23.150000
v -2.254929 0.469071 -23.150000
v -2.240787 0.483213 -23.150000
v -2.338787 0.581213 -23.150000
v -2.352929 0.567071 -24.049999
v -2.254929 0.469071 -24.049999
v -2.240787 0.483213 -24.049999
v -2.338787 0.581213 -24.049999
v -2.142929 0.357071 -23.150000
v -2.044929 0.259071 -23.150000
v -2.030787 0.273213 -23.150000
v -2.128787 0.371213 -23.150000
v -2.142929 0.357071 -24.049999
v -2.044929 0.259071 -24.049999
v -2.030787 0.273213 -24.049999
v -2.128787 0.371213 -24.049999
v -2.982929 1.197071 -24.400000
v -2.884929 1.099071 -24.400000
v -2.870787 1.113213 -24.400000
v -2.968787 1.211213 -24.400000
v -2.982929 1.197071 -25.299999
v -2.884929 1.099071 -25.299999
v -2.870787 1.113213 -25.299999
v -2.968787 1.211213 -25.299999
v -2.772929 0.987071 -24.400000
v -2.674929 0.889071 -24.400000
v -2.660787 0.903213 -24.400000
v -2.758787 1.001213 -24.400000
v -2.772929 0.987071 -25.299999
v -2.674929 0.889071 -25.299999
v -2.660787 0.903213 -25.299999
v -2.758787 1.001213 -25.299999
v -2.562929 0.777071 -24.400000
v -2.464929 0.679071 -24.400000
v -2.450787 0.693213 -24.400000
v -2.548787 0.791213 -24.400000
v -2.562929 0.777071 -25.299999
v -2.464929 0.679071 -25.299999
v -2.450787 0.693213 -25.299999
v -2.548787 0.791213 -25.299999
v -2.352929 0.567071 -24.400000
v -2.254929 0.469071 -24.400000
v -2.240787 0.483213 -24.400000
v -2.338787 0.581213 -24.400000
v -2.352929 0.567071 -25.299999
v -2.254929 0.469071 -25.299999
v -2.240787 0.483213 -25.299999
v -2.338787 0.581213 -25.299999
v -2.142929 0.357071 -24.400000
v -2.044929 0.259071 -24.400000
v -2.030787 0.273213 -24.400000
v -2.128787 0.371213 -24.400000
v -2.142929 0.357071 -25.299999
v -2.044929 0.259071 -25.299999
v -2.030787 0.273213 -25.299999
v -2.128787 0.371213 -25.299999
v -2.982929 1.197071 -25.650000
v -2.884929 1.099071 -25.650000
v -2.870787 1.113213 -25.650000
v -2.968787 1.211213 -25.650000
v -2.982929 1.197071 -26.549999
v -2.884929 1.099071 -26.549999
v -2.870787 1.113213 -26.549999
v -2.968787 1.211213 -26.549999
v -2.772929 0.987071 -25.650000
v -2.674929 0.889071 -25.650000
v -2.660787 0.903213 -25.650000
v -2.758787 1.001213 -25.650000
v -2.772929 0.987071 -26.549999
v -2.674929 0.889071 -26.549999
v -2.660787 0.903213 -26.549999
v -2.758787 1.001213 -26.549999
v -2.562929 0.777071 -25.650000
v -2.464929 0.679071 -25.650000
v -2.450787 0.693213 -25.650000
v -2.548787 0.791213 -25.650000
v -2.562929 0.777071 -26.549999
v -2.464929 0.679071 -26.549999
v -2.450787 0.693213 -26.549999
v -2.548787 0.791213 -26.549999
v -2.352929 0.567071 -25.650000
v -2.254929 0.469071 -25.650000
v -2.240787 0.483213 -25.650000
v -2.338787 0.581213 -25.650000
v -2.352929 0.567071 -26.549999
v -2.254929 0.469071 -26.549999
v -2.240787 0.483213 -26.549999
v -2.338787 0.581213 -26.549999
v -2.142929 0.357071 -25.650000
v -2.044929 0.259071 -25.650000
v -2.030787 0.273213 -25.650000
v -2.128787 0.371213 -25.650000
v -2.142929 0.357071 -26.549999
v -2.044929 0.259071 -26.549999
v -2.030787 0.273213 -26.549999
v -2.128787 0.371213 -26.549999
v -2.982929 1.197071 -26.900000
v -2.884929 1.099071 -26.900000
v -2.870787 1.113213 -26.900000
v -2.968787 1.211213 -26.900000
v -2.982929 1.197071 -27.799999
v -2.884929 1.099071 -27.799999
v -2.870787 1.113213 -27.799999
v -2.968787 1.211213 -27.799999
v -2.772929 0.987071 -26.900000
v -2.674929 0.889071 -26.900000
v -2.660787 0.903213 -26.900000
v -2.758787 1.001213 -26.900000
v -2.772929 0.987071 -27.799999
v -2.674929 0.889071 -27.799999
v -2.660787 0.903213 -27.799999
v -2.758787 1.001213 -27.799999
v -2.562929 0.777071 -26.900000
v -2.464929 0.679071 -26.900000
v -2.450787 0.693213 -26.900000
v -2.548787 0.791213 -26.900000
v -2.562929 0.777071 -27.799999
v -2.464929 0.679071 -27.799999
v -2.450787 0.693213 -27.799999
v -2.548787 0.791213 -27.799999
v -2.352929 0.567071 -26.900000
v -2.254929 0.469071 -26.900000
v -2.240787 0.483213 -26.900000
v -2.338787 0.581213 -26.900000
v -2.352929 0.567071 -27.799999
v -2.254929 0.469071 -27.799999
v -2.240787 0.483213 -27.799999
v -2.338787 0.581213 -27.799999
v -2.142929 0.357071 -26.900000
v -2.044929 0.259071 -26.900000
v -2.030787 0.273213 -26.900000
v -2.128787 0.371213 -26.900000
v -2.142929 0.357071 -27.799999
v -2.044929 0.259071 -27.799999
v -2.030787 0.273213 -27.799999
v -2.128787 0.371213 -27.799999
v -2.982929 1.197071 -28.150000
v -2.884929 1.099071 -28.150000
v -2.870787 1.113213 -28.150000
v -2.968787 1.211213 -28.150000
v -2.982929 1.197071 -29.049999
v -2.884929 1.099071 -29.049999
v -2.870787 1.113213 -29.049999
v -2.968787 1.211213 -29.049999
v -2.772929 0.987071 -28.150000
v -2.674929 0.889071 -28.150000
v -2.660787 0.903213 -28.150000
v -2.758787 1.001213 -28.150000
v -2.772929 0.987071 -29.049999
v -2.674929 0.889071 -29.049999
v -2.660787 0.903213 -29.049999
v -2.758787 1.001213 -29.049999
v -2.562929 0.777071 -28.150000
v -2.464929 0.679071 -28.150000
v -2.450787 0.693213 -28.150000
v -2.548787 0.791213 -28.150000
v -2.562929 0.777071 -29.049999
v -2.464929 0.679071 -29.049999
v -2.450787 0.693213 -29.049999
v -2.548787 0.791213 -29.049999
v -2.352929 0.567071 -28.150000
v -2.254929 0.469071 -28.150000
v -2.240787 0.483213 -28.150000
v -2.338787 0.581213 -28.150000
v -2.352929 0.567071 -29.049999
v -2.254929 0.469071 -29.049999
v -2.240787 0.483213 -29.049999
v -2.338787 0.581213 -29.049999
v -2.142929 0.357071 -28.150000
v -2.044929 0.259071 -28.150000
v -2.030787 0.273213 -28.150000
v -2.128787 0.371213 -28.150000
v -2.142929 0.357071 -29.049999
v -2.044929 0.259071 -29.049999
v -2.030787 0.273213 -29.049999
v -2.128787 0.371213 -29.049999
v -2.982929 1.197071 -29.400000
v -2.884929 1.099071 -29.400000
v -2.870787 1.113213 -29.400000
v -2.968787 1.211213 -29.400000
v -2.982929 1.197071 -30.299999
v -2.884929 1.099071 -30.299999
v -2.870787 1.113213 -30.299999
v -2.968787 1.211213 -30.299999
v -2.772929 0.987071 -29.400000
v -2.674929 0.889071 -29.400000
v -2.660787 0.903213 -29.400000
v -2.758787 1.001213 -29.400000
v -2.772929 0.987071 -30.299999
v -2.674929 0.889071 -30.299999
v -2.660787 0.903213 -30.299999
v -2.758787 1.001213 -30.299999
v -2.562929 0.777071 -29.400000
v -2.464929 0.679071 -29.400000
v -2.450787 0.693213 -29.400000
v -2.548787 0.791213 -29.400000
v -2.562929 0.777071 -30.299999
v -2.464929 0.679071 -30.299999
v -2.450787 0.693213 -30.299999
v -2.548787 0.791213 -30.299999
v -2.352929 0.567071 -29.400000
v -2.254929 0.469071 -29.400000
v -2.240787 0.483213 -29.400000
v -2.338787 0.581213 -29.400000
v -2.352929 0.567071 -30.299999
v -2.254929 0.469071 -30.299999
v -2.240787 0.483213 -30.299999
v -2.338787 0.581213 -30.299999
v -2.142929 0.357071 -29.400000
v -2.044929 0.259071 -29.400000
v -2.030787 0.273213 -29.400000
v -2.128787 0.371213 -29.400000
v -2.142929 0.357071 -30.299999
v -2.044929 0.259071 -30.299999
v -2.030787 0.273213 -30.299999
v -2.128787 0.371213 -30.299999
v -2.982929 1.197071 -30.650000
v -2.884929 1.099071 -30.650000
v -2.870787 1.113213 -30.650000
v -2.968787 1.211213 -30.650000
v -2.982929 1.197071 -31.549999
v -2.884929 1.099071 -31.549999
v -2.870787 1.113213 -31.549999
v -2.968787 1.211213 -31.549999
v -2.772929 0.987071 -30.650000
v -2.674929 0.889071 -30.650000
v -2.660787 0.903213 -30.650000
v -2.758787 1.001213 -30.650000
v -2.772929 0.987071 -31.549999
v -2.674929 0.889071 -31.549999
v -2.660787 0.903213 -31.549999
v -2.758787 1.001213 -31.549999
v -2.562929 0.777071 -30.650000
v -2.464929 0.679071 -30.650000
v -2.450787 0.693213 -30.650000
v -2.548787 0.791213 -30.650000
v -2.562929 0.777071 -31.549999
v -2.464929 0.679071 -31.549999
v -2.450787 0.693213 -31.549999
v -2.548787 0.791213 -31.549999
v -2.352929 0.567071 -30.650000
v -2.254929 0.469071 -30.650000
v -2.240787 0.483213 -30.650000
v -2.338787 0.581213 -30.650000
v -2.352929 0.567071 -31.549999
v -2.254929 0.469071 -31.549999
v -2.240787 0.483213 -31.549999
v -2.338787 0.581213 -31.549999
v -2.142929 0.357071 -30.650000
v -2.044929 0.259071 -30.650000
v -2.030787 0.273213 -30.650000
v -2.128787 0.371213 -30.650000
v -2.142929 0.357071 -31.549999
v -2.044929 0.259071 -31.549999
v -2.030787 0.273213 -31.549999
v -2.128787 0.371213 -31.549999
v -2.982929 1.197071 -31.900000
v -2.884929 1.099071 -31.900000
v -2.870787 1.113213 -31.900000
v -2.968787 1.211213 -31.900000
v -2.982929 1.197071 -32.799999
v -2.884929 1.099071 -32.799999
v -2.870787 1.113213 -32.799999
v -2.968787 1.211213 -32.799999
v -2.772929 0.987071 -31.900000
v -2.674929 0.889071 -31.900000
v -2.660787 0.903213 -31.900000
v -2.758787 1.001213 -31.900000
v -2.772929 0.987071 -32.799999
v -2.674929 0.889071 -32.799999
v -2.660787 0.903213 -32.799999
v -2.758787 1.001213 -32.799999
v -2.562929 0.777071 -31.900000
v -2.464929 0.679071 -31.900000
v -2.450787 0.693213 -31.900000
v -2.548787 0.791213 -31.900000
v -2.562929 0.777071 -32.799999
v -2.464929 0.679071 -32.799999
v -2.450787 0.693213 -32.799999
v -2.548787 0.791213 -32.799999
v -2.352929 0.567071 -31.900000
v -2.254929 0.469071 -31.900000
v -2.240787 0.483213 -31.900000
v -2.338787 0.581213 -31.900000
v -2.352929 0.567071 -32.799999
v -2.254929 0.469071 -32.799999
v -2.240787 0.483213 -32.799999
v -2.338787 0.581213 -32.799999
v -2.142929 0.357071 -31.900000
v -2.044929 0.259071 -31.900000
v -2.030787 0.273213 -31.900000
v -2.128787 0.371213 -31.900000
v -2.142929 0.357071 -32.799999
v -2.044929 0.259071 -32.799999
v -2.030787 0.273213 -32.799999
v -2.128787 0.371213 -32.799999
v -2.982929 1.197071 -33.150002
v -2.884929 1.099071 -33.150002
v -2.870787 1.113213 -33.150002
v -2.968787 1.211213 -33.150002
v -2.982929 1.197071 -34.049999
v -2.884929 1.099071 -34.049999
v -2.870787 1.113213 -34.049999
v -2.968787 1.211213 -34.049999
v -2.772929 0.987071 -33.150002
v -2.674929 0.889071 -33.150002
v -2.660787 0.903213 -33.150002
v -2.758787 1.001213 -33.150002
v -2.772929 0.987071 -34.049999
v -2.674929 0.889071 -34.049999
v -2.660787 0.903213 -34.049999
v -2.758787 1.001213 -34.049999
v -2.562929 0.777071 -33.150002
v -2.464929 0.679071 -33.150002
v -2.450787 0.693213 -33.150002
v -2.548787 0.791213 -33.150002
v -2.562929 0.777071 -34.049999
v -2.464929 0.679071 -34.049999
v -2.450787 0.693213 -34.049999
v -2.548787 0.791213 -34.049999
v -2.352929 0.567071 -33.150002
v -2.254929 0.469071 -33.150002
v -2.240787 0.483213 -33.150002
v -2.338787 0.581213 -33.150002
v -2.352929 0.567071 -34.049999
v -2.254929 0.469071 -34.049999
v -2.240787 0.483213 -34.049999
v -2.338787 0.581213 -34.049999
v -2.142929 0.357071 -33.150002
v -2.044929 0.259071 -33.150002
v -2.030787 0.273213 -33.150002
v -2.128787 0.371213 -33.150002
v -2.142929 0.357071 -34.049999
v -2.044929 0.259071 -34.049999
v -2.030787 0.273213 -34.049999
v -2.128787 0.371213 -34.049999
v -2.982929 1.197071 -34.400002
v -2.884929 1.099071 -34.400002
v -2.870787 1.113213 -34.400002
v -2.968787 1.211213 -34.400002
v -2.982929 1.197071 -35.299999
v -2.884929 1.099071 -35.299999
v -2.870787 1.113213 -35.299999
v -2.968787 1.211213 -35.299999
v -2.772929 0.987071 -34.400002
v -2.674929 0.889071 -34.400002
v -2.660787 0.903213 -34.400002
v -2.758787 1.001213 -34.400002
v -2.772929 0.987071 -35.299999
v -2.674929 0.889071 -35.299999
v -2.660787 0.903213 -35.299999
v -2.758787 1.001213 -35.299999
v -2.562929 0.777071 -34.400002
v -2.464929 0.679071 -34.400002
v -2.450787 0.693213 -34.400002
v -2.548787 0.791213 -34.400002
v -2.562929 0.777071 -35.299999
v -2.464929 0.679071 -35.299999
v -2.450787 0.693213 -35.299999
v -2.548787 0.791213 -35.299999
v -2.352929 0.567071 -34.400002
v -2.254929 0.469071 -34.400002
v -2.240787 0.483213 -34.400002
v -2.338787 0.581213 -34.400002
v -2.352929 0.567071 -35.299999
v -2.254929 0.469071 -35.299999
v -2.240787 0.483213 -35.299999
v -2.338787 0.581213 -35.299999
v -2.142929 0.357071 -34.400002
v -2.044929 0.259071 -34.400002
v -2.030787 0.273213 -34.400002
v -2.128787 0.371213 -34.400002
v -2.142929 0.357071 -35.299999
v -2.044929 0.259071 -35.299999
v -2.030787 0.273213 -35.299999
v -2.128787 0.371213 -35.299999
v -2.982929 1.197071 -35.650002
v -2.884929 1.099071 -35.650002
v -2.870787 1.113213 -35.650002
v -2.968787 1.211213 -35.650002
v -2.982929 1.197071 -36.549999
v -2.884929 1.099071 -36.549999
v -2.870787 1.113213 -36.549999
v -2.968787 1.211213 -36.549999
v -2.772929 0.987071 -35.650002
v -2.674929 0.889071 -35.650002
v -2.660787 0.903213 -35.650002
v -2.758787 1.001213 -35.650002
v -2.772929 0.987071 -36.549999
v -2.674929 0.889071 -36.549999
v -2.660787 0.903213 -36.549999
v -2.758787 1.001213 -36.549999
v -2.562929 0.777071 -35.650002
v -2.464929 0.679071 -35.650002
v -2.450787 0.693213 -35.650002
v -2.548787 0.791213 -35.650002
v -2.562929 0.777071 -36.549999
v -2.464929 0.679071 -36.549999
v -2.450787 0.693213 -36.549999
v -2.548787 0.791213 -36.549999
v -2.352929 0.567071 -35.650002
v -2.254929 0.469071 -35.650002
v -2.240787 0.483213 -35.650002
v -2.338787 0.581213 -35.650002
v -2.352929 0.567071 -36.549999
v -2.254929 0.469071 -36.549999
v -2.240787 0.483213 -36.549999
v -2.338787 0.581213 -36.549999
v -2.142929 0.357071 -35.650002
v -2.044929 0.259071 -35.650002
v -2.030787 0.273213 -35.650002
v -2.128787 0.371213 -35.650002
v -2.142929 0.357071 -36.549999
v -2.044929 0.259071 -36.549999
v -2.030787 0.273213 -36.549999
v -2.128787 0.371213 -36.549999
v -2.982929 1.197071 -36.900002
v -2.884929 1.099071 -36.900002
v -2.870787 1.113213 -36.900002
v -2.968787 1.211213 -36.900002
v -2.982929 1.197071 -37.799999
v -2.884929 1.099071 -37.799999
v -2.870787 1.113213 -37.799999
v -2.968787 1.211213 -37.799999
v -2.772929 0.987071 -36.900002
v -2.674929 0.889071 -36.900002
v -2.660787 0.903213 -36.900002
v -2.758787 1.001213 -36.900002
v -2.772929 0.987071 -37.799999
v -2.674929 0.889071 -37.799999
v -2.660787 0.903213 -37.799999
v -2.758787 1.001213 -37.799999
v -2.562929 0.777071 -36.900002
v -2.464929 0.679071 -36.900002
v -2.450787 0.693213 -36.900002
v -2.548787 0.791213 -36.900002
v -2.562929 0.777071 -37.799999
v -2.464929 0.679071 -37.799999
v -2.450787 0.693213 -37.799999
v -2.548787 0.791213 -37.799999
v -2.352929 0.567071 -36.900002
v -2.254929 0.469071 -36.900002
v -2.240787 0.483213 -36.900002
v -2.338787 0.581213 -36.900002
v -2.352929 0.567071 -37.799999
v -2.254929 0.469071 -37.799999
v -2.240787 0.483213 -37.799999
v -2.338787 0.581213 -37.799999
v -2.142929 0.357071 -36.900002
v -2.044929 0.259071 -36.900002
v -2.030787 0.273213 -36.900002
v -2.128787 0.371213 -36.900002
v -2.142929 0.357071 -37.799999
v -2.044929 0.259071 -37.799999
v -2.030787 0.273213 -37.799999
v -2.128787 0.371213 -37.799999
v -2.982929 1.197071 -38.150002
v -2.884929 1.099071 -38.150002
v -2.870787 1.113213 -38.150002
v -2.968787 1.211213 -38.150002
v -2.982929 1.197071 -39.049999
v -2.884929 1.099071 -39.049999
v -2.870787 1.113213 -39.049999
v -2.968787 1.211213 -39.049999
v -2.772929 0.987071 -38.150002
v -2.674929 0.889071 -38.150002
v -2.660787 0.903213 -38.150002
v -2.758787 1.001213 -38.150002
v -2.772929 0.987071 -39.049999
v -2.674929 0.889071 -39.049999
v -2.660787 0.903213 -39.049999
v -2.758787 1.001213 -39.049999
v -2.562929 0.777071 -38.150002
v -2.464929 0.679071 -38.150002
v -2.450787 0.693213 -38.150002
v -2.548787 0.791213 -38.150002
v -2.562929 0.777071 -39.049999
v -2.464929 0.679071 -39.049999
v -2.450787 0.693213 -39.049999
v -2.548787 0.791213 -39.049999
v -2.352929 0.567071 -38.150002
v -2.254929 0.469071 -38.150002
v -2.240787 0.483213 -38.150002
v -2.338787 0.581213 -38.150002
v -2.352929 0.567071 -39.049999
v -2.254929 0.469071 -39.049999
v -2.240787 0.483213 -39.049999
v -2.338787 0.581213 -39.049999
v -2.142929 0.357071 -38.150002
v -2.044929 0.259071 -38.150002
v -2.030787 0.273213 -38.150002
v -2.128787 0.371213 -38.150002
v -2.142929 0.357071 -39.049999
v -2.044929 0.259071 -39.049999
v -2.030787 0.273213 -39.049999
v -2.128787 0.371213 -39.049999
v -2.982929 1.197071 -39.400002
v -2.884929 1.099071 -39.400002
v -2.870787 1.113213 -39.400002
v -2.968787 1.211213 -39.400002
v -2.982929 1.197071 -40.299999
v -2.884929 1.099071 -40.299999
v -2.870787 1.113213 -40.299999
v -2.968787 1.211213 -40.299999
v -2.772929 0.987071 -39.400002
v -2.674929 0.889071 -39.400002
v -2.660787 0.903213 -39.400002
v -2.758787 1.001213 -39.400002
v -2.772929 0.987071 -40.299999
v -2.674929 0.889071 -40.299999
v -2.660787 0.903213 -40.299999
v -2.758787 1.001213 -40.299999
v -2.562929 0.777071 -39.400002
v -2.464929 0.679071 -39.400002
v -2.450787 0.693213 -39.400002
v -2.548787 0.791213 -39.400002
v -2.562929 0.777071 -40.299999
v -2.464929 0.679071 -40.299999
v -2.450787 0.693213 -40.299999
v -2.548787 0.791213 -40.299999
v -2.352929 0.567071 -39.400002
v -2.254929 0.469071 -39.400002
v -2.240787 0.483213 -39.400002
v -2.338787 0.581213 -39.400002
v -2.352929 0.567071 -40.299999
v -2.254929 0.469071 -40.299999
v -2.240787 0.483213 -40.299999
v -2.338787 0.581213 -40.299999
v -2.142929 0.357071 -39.400002
v -2.044929 0.259071 -39.400002
v -2.030787 0.273213 -39.400002
v -2.128787 0.371213 -39.400002
v -2.142929 0.357071 -40.299999
v -2.044929 0.259071 -40.299999
v -2.030787 0.273213 -40.299999
v -2.128787 0.371213 -40.299999
v -2.982929 1.197071 -40.650002
v -2.884929 1.099071 -40.650002
v -2.870787 1.113213 -40.650002
v -2.968787 1.211213 -40.650002
v -2.982929 1.197071 -41.549999
v -2.884929 1.099071 -41.549999
v -2.870787 1.113213 -41.549999
v -2.968787 1.211213 -41.549999
v -2.772929 0.987071 -40.650002
v -2.674929 0.889071 -40.650002
v -2.660787 0.903213 -40.650002
v -2.758787 1.001213 -40.650002
v -2.772929 0.987071 -41.549999
v -2.674929 0.889071 -41.549999
v -2.660787 0.903213 -41.549999
v -2.758787 1.001213 -41.549999
v -2.562929 0.777071 -40.650002
v -2.464929 0.679071 -40.650002
v -2.450787 0.693213 -40.650002
v -2.548787 0.791213 -40.650002
v -2.562929 0.777071 -41.549999
v -2.464929 0.679071 -41.549999
v -2.450787 0.693213 -41.549999
v -2.548787 0.791213 -41.549999
v -2.352929 0.567071 -40.650002
v -2.254929 0.469071 -40.650002
v -2.240787 0.483213 -40.650002
v -2.338787 0.581213 -40.650002
v -2.352929 0.567071 -41.549999
v -2.254929 0.469071 -41.549999
v -2.240787 0.483213 -41.549999
v -2.338787 0.581213 -41.549999
v -2.142929 0.357071 -40.650002
v -2.044929 0.259071 -40.650002
v -2.030787 0.273213 -40.650002
v -2.128787 0.371213 -40.650002
v -2.142929 0.357071 -41.549999
v -2.044929 0.259071 -41.549999
v -2.030787 0.273213 -41.549999
v -2.128787 0.371213 -41.549999
v -2.982929 1.197071 -41.900002
v -2.884929 1.099071 -41.900002
v -2.870787 1.113213 -41.900002
v -2.968787 1.211213 -41.900002
v -2.982929 1.197071 -42.799999
v -2.884929 1.099071 -42.799999
v -2.870787 1.113213 -42.799999
v -2.968787 1.211213 -42.799999
v -2.772929 0.987071 -41.900002
v -2.674929 0.889071 -41.900002
v -2.660787 0.903213 -41.900002
v -2.758787 1.001213 -41.900002
v -2.772929 0.987071 -42.799999
v -2.674929 0.889071 -42.799999
v -2.660787 0.903213 -42.799999
v -2.758787 1.001213 -42.799999
v -2.562929 0.777071 -41.900002
v -2.464929 0.679071 -41.900002
v -2.450787 0.693213 -41.900002
v -2.548787 0.791213 -41.900002
v -2.562929 0.777071 -42.799999
v -2.464929 0.679071 -42.799999
v -2.450787 0.693213 -42.799999
v -2.548787 0.791213 -42.799999
v -2.352929 0.567071 -41.900002
v -2.254929 0.469071 -41.900002
v -2.240787 0.483213 -41.900002
v -2.338787 0.581213 -41.900002
v -2.352929 0.567071 -42.799999
v -2.254929 0.469071 -42.799999
v -2.240787 0.483213 -42.799999
v -2.338787 0.581213 -42.799999
v -2.142929 0.357071 -41.900002
v -2.044929 0.259071 -41.900002
v -2.030787 0.273213 -41.900002
v -2.128787 0.371213 -41.900002
v -2.142929 0.357071 -42.799999
v -2.044929 0.259071 -42.799999
v -2.030787 0.273213 -42.799999
v -2.128787 0.371213 -42.799999
v -2.982929 1.197071 -43.150002
v -2.884929 1.099071 -43.150002
v -2.870787 1.113213 -43.150002
v -2.968787 1.211213 -43.150002
v -2.982929 1.197071 -44.049999
v -2.884929 1.099071 -44.049999
v -2.870787 1.113213 -44.049999
v -2.968787 1.211213 -44.049999
v -2.772929 0.987071 -43.150002
v -2.674929 0.889071 -43.150002
v -2.660787 0.903213 -43.150002
v -2.758787 1.001213 -43.150002
v -2.772929 0.987071 -44.049999
v -2.674929 0.889071 -44.049999
v -2.660787 0.903213 -44.049999
v -2.758787 1.001213 -44.049999
v -2.562929 0.777071 -43.150002
v -2.464929 0.679071 -43.150002
v -2.450787 0.693213 -43.150002
v -2.548787 0.791213 -43.150002
v -2.562929 0.777071 -44.049999
v -2.464929 0.679071 -44.049999
v -2.450787 0.693213 -44.049999
v -2.548787 0.791213 -44.049999
v -2.352929 0.567071 -43.150002
v -2.254929 0.469071 -43.150002
v -2.240787 0.483213 -43.150002
v -2.338787 0.581213 -43.150002
v -2.352929 0.567071 -44.049999
v -2.254929 0.469071 -44.049999
v -2.240787 0.483213 -44.049999
v -2.338787 0.581213 -44.049999
v -2.142929 0.357071 -43.150002
v -2.044929 0.259071 -43.150002
v -2.030787 0.273213 -43.150002
v -2.128787 0.371213 -43.150002
v -2.142929 0.357071 -44.049999
v -2.044929 0.259071 -44.049999
v -2.030787 0.273213 -44.049999
v -2.128787 0.371213 -44.049999
v -2.982929 1.197071 -44.400002
v -2.884929 1.099071 -44.400002
v -2.870787 1.113213 -44.400002
v -2.968787 1.211213 -44.400002
v -2.982929 1.197071 -45.299999
v -2.884929 1.099071 -45.299999
v -2.870787 1.113213 -45.299999
v -2.968787 1.211213 -45.299999
v -2.772929 0.987071 -44.400002
v -2.674929 0.889071 -44.400002
v -2.660787 0.903213 -44.400002
v -2.758787 1.001213 -44.400002
v -2.772929 0.987071 -45.299999
v -2.674929 0.889071 -45.299999
v -2.660787 0.903213 -45.299999
v -2.758787 1.001213 -45.299999
v -2.562929 0.777071 -44.400002
v -2.464929 0.679071 -44.400002
v -2.450787 0.693213 -44.400002
v -2.548787 0.791213 -44.400002
v -2.562929 0.777071 -45.299999
v -2.464929 0.679071 -45.299999
v -2.450787 0.693213 -45.299999
v -2.548787 0.791213 -45.299999
v -2.352929 0.567071 -44.400002
v -2.254929 0.469071 -44.400002
v -2.240787 0.483213 -44.400002
v -2.338787 0.581213 -44.400002
v -2.352929 0.567071 -45.299999
v -2.254929 0.469071 -45.299999
v -2.240787 0.483213 -45.299999
v -2.338787 0.581213 -45.299999
v -2.142929 0.357071 -44.400002
v -2.044929 0.259071 -44.400002
v -2.030787 0.273213 -44.400002
v -2.128787 0.371213 -44.400002
v -2.142929 0.357071 -45.299999
v -2.044929 0.259071 -45.299999
v -2.030787 0.273213 -45.299999
v -2.128787 0.371213 -45.299999
v -2.982929 1.197071 -45.650002
v -2.884929 1.099071 -45.650002
v -2.870787 1.113213 -45.650002
v -2.968787 1.211213 -45.650002
v -2.982929 1.197071 -46.549999
v -2.884929 1.099071 -46.549999
v -2.870787 1.113213 -46.549999
v -2.968787 1.211213 -46.549999
v -2.772929 0.987071 -45.650002
v -2.674929 0.889071 -45.650002
v -2.660787 0.903213 -45.650002
v -2.758787 1.001213 -45.650002
v -2.772929 0.987071 -46.549999
v -2.674929 0.889071 -46.549999
v -2.660787 0.903213 -46.549999
v -2.758787 1.001213 -46.549999
v -2.562929 0.777071 -45.650002
v -2.464929 0.679071 -45.650002
v -2.450787 0.693213 -45.650002
v -2.548787 0.791213 -45.650002
v -2.562929 0.777071 -46.549999
v -2.464929 0.679071 -46.549999
v -2.450787 0.693213 -46.549999
v -2.548787 0.791213 -46.549999
v -2.352929 0.567071 -45.650002
v -2.254929 0.469071 -45.650002
v -2.240787 0.483213 -45.650002
v -2.338787 0.581213 -45.650002
v -2.352929 0.567071 -46.549999
v -2.254929 0.469071 -46.549999
v -2.240787 0.483213 -46.549999
v -2.338787 0.581213 -46.549999
v -2.142929 0.357071 -45.650002
v -2.044929 0.259071 -45.650002
v -2.030787 0.273213 -45.650002
v -2.128787 0.371213 -45.650002
v -2.142929 0.357071 -46.549999
v -2.044929 0.259071 -46.549999
v -2.030787 0.273213 -46.549999
v -2.128787 0.371213 -46.549999
v -2.982929 1.197071 -46.900002
v -2.884929 1.099071 -46.900002
v -2.870787 1.113213 -46.900002
v -2.968787 1.211213 -46.900002
v -2.982929 1.197071 -47.799999
v -2.884929 1.099071 -47.799999
v -2.870787 1.113213 -47.799999
v -2.968787 1.211213 -47.799999
v -2.772929 0.987071 -46.900002
v -2.674929 0.889071 -46.900002
v -2.660787 0.903213 -46.900002
v -2.758787 1.001213 -46.900002
v -2.772929 0.987071 -47.799999
v -2.674929 0.889071 -47.799999
v -2.660787 0.903213 -47.799999
v -2.758787 1.001213 -47.799999
v -2.562929 0.777071 -46.900002
v -2.464929 0.679071 -46.900002
v -2.450787 0.693213 -46.900002
v -2.548787 0.791213 -46.900002
v -2.562929 0.777071 -47.799999
v -2.464929 0.679071 -47.799999
v -2.450787 0.693213 -47.799999
v -2.548787 0.791213 -47.799999
v -2.352929 0.567071 -46.900002
v -2.254929 0.469071 -46.900002
v -2.240787 0.483213 -46.900002
v -2.338787 0.581213 -46.900002
v -2.352929 0.567071 -47.799999
v -2.254929 0.469071 -47.799999
v -2.240787 0.483213 -47.799999
v -2.338787 0.581213 -47.799999
v -2.142929 0.357071 -46.900002
v -2.044929 0.259071 -46.900002
v -2.030787 0.273213 -46.900002
v -2.128787 0.371213 -46.900002
v -2.142929 0.357071 -47.799999
v -2.044929 0.259071 -47.799999
v -2.030787 0.273213 -47.799999
v -2.128787 0.371213 -47.799999
v -2.982929 1.197071 -48.150002
v -2.884929 1.099071 -48.150002
v -2.870787 1.113213 -48.150002
v -2.968787 1.211213 -48.150002
v -2.982929 1.197071 -49.049999
v -2.884929 1.099071 -49.049999
v -2.870787 1.113213 -49.049999
v -2.968787 1.211213 -49.049999
v -2.772929 0.987071 -48.150002
v -2.674929 0.889071 -48.150002
v -2.660787 0.903213 -48.150002
v -2.758787 1.001213 -48.150002
v -2.772929 0.987071 -49.049999
v -2.674929 0.889071 -49.049999
v -2.660787 0.903213 -49.049999
v -2.758787 1.001213 -49.049999
v -2.562929 0.777071 -48.150002
v -2.464929 0.679071 -48.150002
v -2.450787 0.693213 -48.150002
v -2.548787 0.791213 -48.150002
v -2.562929 0.777071 -49.049999
v -2.464929 0.679071 -49.049999
v -2.450787 0.693213 -49.049999
v -2.548787 0.791213 -49.049999
v -2.352929 0.567071 -48.150002
v -2.254929 0.469071 -48.150002
v -2.240787 0.483213 -48.150002
v -2.338787 0.581213 -48.150002
v -2.352929 0.567071 -49.049999
v -2.254929 0.469071 -49.049999
v -2.240787 0.483213 -49.049999
v -2.338787 0.581213 -49.049999
v -2.142929 0.357071 -48.150002
v -2.044929 0.259071 -48.150002
v -2.030787 0.273213 -48.150002
v -2.128787 0.371213 -48.150002
v -2.142929 0.357071 -49.049999
v -2.044929 0.259071 -49.049999
v -2.030787 0.273213 -49.049999
v -2.128787 0.371213 -49.049999
v -2.982929 1.197071 -49.400002
v -2.884929 1.099071 -49.400002
v -2.870787 1.113213 -49.400002
v -2.968787 1.211213 -49.400002
v -2.982929 1.197071 -50.299999
v -2.884929 1.099071 -50.299999
v -2.870787 1.113213 -50.299999
v -2.968787 1.211213 -50.299999
v -2.772929 0.987071 -49.400002
v -2.674929 0.889071 -49.400002
v -2.660787 0.903213 -49.400002
v -2.758787 1.001213 -49.400002
v -2.772929 0.987071 -50.299999
v -2.674929 0.889071 -50.299999
v -2.660787 0.903213 -50.299999
v -2.758787 1.001213 -50.299999
v -2.562929 0.777071 -49.400002
v -2.464929 0.679071 -49.400002
v -2.450787 0.693213 -49.400002
v -2.548787 0.791213 -49.400002
v -2.562929 0.777071 -50.299999
v -2.464929 0.679071 -50.299999
v -2.450787 0.693213 -50.299999
v -2.548787 0.791213 -50.299999
v -2.352929 0.567071 -49.400002
v -2.254929 0.469071 -49.400002
v -2.240787 0.483213 -49.400002
v -2.338787 0.581213 -49.400002
v -2.352929 0.567071 -50.299999
v -2.254929 0.469071 -50.299999
v -2.240787 0.483213 -50.299999
v -2.338787 0.581213 -50.299999
v -2.142929 0.357071 -49.400002
v -2.044929 0.259071 -49.400002
v -2.030787 0.273213 -49.400002
v -2.128787 0.371213 -49.400002
v -2.142929 0.357071 -50.299999
v -2.044929 0.259071 -50.299999
v -2.030787 0.273213 -50.299999
v -2.128787 0.371213 -50.299999
v -2.982929 1.197071 -50.650002
v -2.884929 1.099071 -50.650002
v -2.870787 1.113213 -50.650002
v -2.968787 1.211213 -50.650002
v -2.982929 1.197071 -51.549999
v -2.884929 1.099071 -51.549999
v -2.870787 1.113213 -51.549999
v -2.968787 1.211213 -51.549999
v -2.772929 0.987071 -50.650002
v -2.674929 0.889071 -50.650002
v -2.660787 0.903213 -50.650002
v -2.758787 1.001213 -50.650002
v -2.772929 0.987071 -51.549999
v -2.674929 0.889071 -51.549999
v -2.660787 0.903213 -51.549999
v -2.758787 1.001213 -51.549999
v -2.562929 0.777071 -50.650002
v -2.464929 0.679071 -50.650002
v -2.450787 0.693213 -50.650002
v -2.548787 0.791213 -50.650002
v -2.562929 0.777071 -51.549999
v -2.464929 0.679071 -51.549999
v -2.450787 0.693213 -51.549999
v -2.548787 0.791213 -51.549999
v -2.352929 0.567071 -50.650002
v -2.254929 0.469071 -50.650002
v -2.240787 0.483213 -50.650002
v -2.338787 0.581213 -50.650002
v -2.352929 0.567071 -51.549999
v -2.254929 0.469071 -51.549999
v -2.240787 0.483213 -51.549999
v -2.338787 0.581213 -51.549999
v -2.142929 0.357071 -50.650002
v -2.044929 0.259071 -50.650002
v -2.030787 0.273213 -50.650002
v -2.128787 0.371213 -50.650002
v -2.142929 0.357071 -51.549999
v -2.044929 0.259071 -51.549999
v -2.030787 0.273213 -51.549999
v -2.128787 0.371213 -51.549999
v -2.982929 1.197071 -51.900002
v -2.884929 1.099071 -51.900002
v -2.870787 1.113213 -51.900002
v -2.968787 1.211213 -51.900002
v -2.982929 1.197071 -52.799999
v -2.884929 1.099071 -52.799999
v -2.870787 1.113213 -52.799999
v -2.968787 1.211213 -52.799999
v -2.772929 0.987071 -51.900002
v -2.674929 0.889071 -51.900002
v -2.660787 0.903213 -51.900002
v -2.758787 1.001213 -51.900002
v -2.772929 0.987071 -52.799999
v -2.674929 0.889071 -52.799999
v -2.660787 0.903213 -52.799999
v -2.758787 1.001213 -52.799999
v -2.562929 0.777071 -51.900002
v -2.464929 0.679071 -51.900002
v -2.450787 0.693213 -51.900002
v -2.548787 0.791213 -51.900002
v -2.562929 0.777071 -52.799999
v -2.464929 0.679071 -52.799999
v -2.450787 0.693213 -52.799999
v -2.548787 0.791213 -52.799999
v -2.352929 0.567071 -51.900002
v -2.254929 0.469071 -51.900002
v -2.240787 0.483213 -51.900002
v -2.338787 0.581213 -51.900002
v -2.352929 0.567071 -52.799999
v -2.254929 0.469071 -52.799999
v -2.240787 0.483213 -52.799999
v -2.338787 0.581213 -52.799999
v -2.142929 0.357071 -51.900002
v -2.044929 0.259071 -51.900002
v -2.030787 0.273213 -51.900002
v -2.128787 0.371213 -51.900002
v -2.142929 0.357071 -52.799999
v -2.044929 0.259071 -52.799999
v -2.030787 0.273213 -52.799999
v -2.128787 0.371213 -52.799999
v -2.982929 1.197071 -53.150002
v -2.884929 1.099071 -53.150002
v -2.870787 1.113213 -53.150002
v -2.968787 1.211213 -53.150002
v -2.982929 1.197071 -54.049999
v -2.884929 1.099071 -54.049999
v -2.870787 1.113213 -54.049999
v -2.968787 1.211213 -54.049999
v -2.772929 0.987071 -53.150002
v -2.674929 0.889071 -53.150002
v -2.660787 0.903213 -53.150002
v -2.758787 1.001213 -53.150002
v -2.772929 0.987071 -54.049999
v -2.674929 0.889071 -54.049999
v -2.660787 0.903213 -54.049999
v -2.758787 1.001213 -54.049999
v -2.562929 0.777071 -53.150002
v -2.464929 0.679071 -53.150002
v -2.450787 0.693213 -53.150002
v -2.548787 0.791213 -53.150002
v -2.562929 0.777071 -54.049999
v -2.464929 0.679071 -54.049999
v -2.450787 0.693213 -54.049999
v -2.548787 0.791213 -54.049999
v -2.352929 0.567071 -53.150002
v -2.254929 0.469071 -53.150002
v -2.240787 0.483213 -53.150002
v -2.338787 0.581213 -53.150002
v -2.352929 0.567071 -54.049999
v -2.254929 0.469071 -54.049999
v -2.240787 0.483213 -54.049999
v -2.338787 0.581213 -54.049999
v -2.142929 0.357071 -53.150002
v -2.044929 0.259071 -53.150002
v -2.030787 0.273213 -53.150002
v -2.128787 0.371213 -53.150002
v -2.142929 0.357071 -54.049999
v -2.044929 0.259071 -54.049999
v -2.030787 0.273213 -54.049999
v -2.128787 0.371213 -54.049999
v -2.982929 1.197071 -54.400002
v -2.884929 1.099071 -54.400002
v -2.870787 1.113213 -54.400002
v -2.968787 1.211213 -54.400002
v -2.982929 1.197071 -55.299999
v -2.884929 1.099071 -55.299999
v -2.870787 1.113213 -55.299999
v -2.968787 1.211213 -55.299999
v -2.772929 0.987071 -54.400002
v -2.674929 0.889071 -54.400002
v -2.660787 0.903213 -54.400002
v -2.758787 1.001213 -54.400002
v -2.772929 0.987071 -55.299999
v -2.674929 0.889071 -55.299999
v -2.660787 0.903213 -55.299999
v -2.758787 1.001213 -55.299999
v -2.562929 0.777071 -54.400002
v -2.464929 0.679071 -54.400002
v -2.450787 0.693213 -54.400002
v -2.548787 0.791213 -54.400002
v -2.562929 0.777071 -55.299999
v -2.464929 0.679071 -55.299999
v -2.450787 0.693213 -55.299999
v -2.548787 0.791213 -55.299999
v -2.352929 0.567071 -54.400002
v -2.254929 0.469071 -54.400002
v -2.240787 0.483213 -54.400002
v -2.338787 0.581213 -54.400002
v -2.352929 0.567071 -55.299999
v -2.254929 0.469071 -55.299999
v -2.240787 0.483213 -55.299999
v -2.338787 0.581213 -55.299999
v -2.142929 0.357071 -54.400002
v -2.044929 0.259071 -54.400002
v -2.030787 0.273213 -54.400002
v -2.128787 0.371213 -54.400002
v -2.142929 0.357071 -55.299999
v -2.044929 0.259071 -55.299999
v -2.030787 0.273213 -55.299999
v -2.128787 0.371213 -55.299999
v -2.982929 1.197071 -55.650002
v -2.884929 1.099071 -55.650002
v -2.870787 1.113213 -55.650002
v -2.968787 1.211213 -55.650002
v -2.982929 1.197071 -56.549999
v -2.884929 1.099071 -56.549999
v -2.870787 1.113213 -56.549999
v -2.968787 1.211213 -56.549999
v -2.772929 0.987071 -55.650002
v -2.674929 0.889071 -55.650002
v -2.660787 0.903213 -55.650002
v -2.758787 1.001213 -55.650002
v -2.772929 0.987071 -56.549999
v -2.674929 0.889071 -56.549999
v -2.660787 0.903213 -56.549999
v -2.758787 1.001213 -56.549999
v -2.562929 0.777071 -55.650002
v -2.464929 0.679071 -55.650002
v -2.450787 0.693213 -55.650002
v -2.548787 0.791213 -55.650002
v -2.562929 0.777071 -56.549999
v -2.464929 0.679071 -56.549999
v -2.450787 0.693213 -56.549999
v -2.548787 0.791213 -56.549999
v -2.352929 0.567071 -55.650002
v -2.254929 0.469071 -55.650002
v -2.240787 0.483213 -55.650002
v -2.338787 0.581213 -55.650002
v -2.352929 0.567071 -56.549999
v -2.254929 0.469071 -56.549999
v -2.240787 0.483213 -56.549999
v -2.338787 0.581213 -56.549999
v -2.142929 0.357071 -55.650002
v -2.044929 0.259071 -55.650002
v -2.030787 0.273213 -55.650002
v -2.128787 0.371213 -55.650002
v -2.142929 0.357071 -56.549999
v -2.044929 0.259071 -56.549999
v -2.030787 0.273213 -56.549999
v -2.128787 0.371213 -56.549999
v -2.982929 1.197071 -56.900002
v -2.884929 1.099071 -56.900002
v -2.870787 1.113213 -56.900002
v -2.968787 1.211213 -56.900002
v -2.982929 1.197071 -57.799999
v -2.884929 1.099071 -57.799999
v -2.870787 1.113213 -57.799999
v -2.968787 1.211213 -57.799999
v -2.772929 0.987071 -56.900002
v -2.674929 0.889071 -56.900002
v -2.660787 0.903213 -56.900002
v -2.758787 1.001213 -56.900002
v -2.772929 0.987071 -57.799999
v -2.674929 0.889071 -57.799999
v -2.660787 0.903213 -57.799999
v -2.758787 1.001213 -57.799999
v -2.562929 0.777071 -56.900002
v -2.464929 0.679071 -56.900002
v -2.450787 0.693213 -56.900002
v -2.548787 0.791213 -56.900002
v -2.562929 0.777071 -57.799999
v -2.464929 0.679071 -57.799999
v -2.450787 0.693213 -57.799999
v -2.548787 0.791213 -57.799999
v -2.352929 0.567071 -56.900002
v -2.254929 0.469071 -56.900002
v -2.240787 0.483213 -56.900002
v -2.338787 0.581213 -56.900002
v -2.352929 0.567071 -57.799999
v -2.254929 0.469071 -57.799999
v -2.240787 0.483213 -57.799999
v -2.338787 0.581213 -57.799999
v -2.142929 0.357071 -56.900002
v -2.044929 0.259071 -56.900002
v -2.030787 0.273213 -56.900002
v -2.128787 0.371213 -56.900002
v -2.142929 0.357071 -57.799999
v -2.044929 0.259071 -57.799999
v -2.030787 0.273213 -57.799999
v -2.128787 0.371213 -57.799999
v -2.982929 1.197071 -58.150002
v -2.884929 1.099071 -58.150002
v -2.870787 1.113213 -58.150002
v -2.968787 1.211213 -58.150002
v -2.982929 1.197071 -59.049999
v -2.884929 1.099071 -59.049999
v -2.870787 1.113213 -59.049999
v -2.968787 1.211213 -59.049999
v -2.772929 0.987071 -58.150002
v -2.674929 0.889071 -58.150002
v -2.660787 0.903213 -58.150002
v -2.758787 1.001213 -58.150002
v -2.772929 0.987071 -59.049999
v -2.674929 0.889071 -59.049999
v -2.660787 0.903213 -59.049999
v -2.758787 1.001213 -59.049999
v -2.562929 0.777071 -58.150002
v -2.464929 0.679071 -58.150002
v -2.450787 0.693213 -58.150002
v -2.548787 0.791213 -58.150002
v -2.562929 0.777071 -59.049999
v -2.464929 0.679071 -59.049999
v -2.450787 0.693213 -59.049999
v -2.548787 0.791213 -59.049999
v -2.352929 0.567071 -58.150002
v -2.254929 0.469071 -58.150002
v -2.240787 0.483213 -58.150002
v -2.338787 0.581213 -58.150002
v -2.352929 0.567071 -59.049999
v -2.254929 0.469071 -59.049999
v -2.240787 0.483213 -59.049999
v -2.338787 0.581213 -59.049999
v -2.142929 0.357071 -58.150002
v -2.044929 0.259071 -58.150002
v -2.030787 0.273213 -58.150002
v -2.128787 0.371213 -58.150002
v -2.142929 0.357071 -59.049999
v -2.044929 0.259071 -59.049999
v -2.030787 0.273213 -59.049999
v -2.128787 0.371213 -59.049999
v -2.982929 1.197071 -59.400002
v -2.884929 1.099071 -59.400002
v -2.870787 1.113213 -59.400002
v -2.968787 1.211213 -59.400002
v -2.982929 1.197071 -60.299999
v -2.884929 1.099071 -60.299999
v -2.870787 1.113213 -60.299999
v -2.968787 1.211213 -60.299999
v -2.772929 0.987071 -59.400002
v -2.674929 0.889071 -59.400002
v -2.660787 0.903213 -59.400002
v -2.758787 1.001213 -59.400002
v -2.772929 0.987071 -60.299999
v -2.674929 0.889071 -60.299999
v -2.660787 0.903213 -60.299999
v -2.758787 1.001213 -60.299999
v -2.562929 0.777071 -59.400002
v -2.464929 0.679071 -59.400002
v -2.450787 0.693213 -59.400002
v -2.548787 0.791213 -59.400002
v -2.562929 0.777071 -60.299999
v -2.464929 0.679071 -60.299999
v -2.450787 0.693213 -60.299999
v -2.548787 0.791213 -60.299999
v -2.352929 0.567071 -59.400002
v -2.254929 0.469071 -59.400002
v -2.240787 0.483213 -59.400002
v -2.338787 0.581213 -59.400002
v -2.352929 0.567071 -60.299999
v -2.254929 0.469071 -60.299999
v -2.240787 0.483213 -60.299999
v -2.338787 0.581213 -60.299999
v -2.142929 0.357071 -59.400002
v -2.044929 0.259071 -59.400002
v -2.030787 0.273213 -59.400002
v -2.128787 0.371213 -59.400002
v -2.142929 0.357071 -60.299999
v -2.044929 0.259071 -60.299999
v -2.030787 0.273213 -60.299999
v -2.128787 0.371213 -60.299999
v -2.982929 1.197071 -60.650002
v -2.884929 1.099071 -60.650002
v -2.870787 1.113213 -60.650002
v -2.968787 1.211213 -60.650002
v -2.982929 1.197071 -61.549999
v -2.884929 1.099071 -61.549999
v -2.870787 1.113213 -61.549999
v -2.968787 1.211213 -61.549999
v -2.772929 0.987071 -60.650002
v -2.674929 0.889071 -60.650002
v -2.660787 0.903213 -60.650002
v -2.758787 1.001213 -60.650002
v -2.772929 0.987071 -61.549999
v -2.674929 0.889071 -61.549999
v -2.660787 0.903213 -61.549999
v -2.758787 1.001213 -61.549999
v -2.562929 0.777071 -60.650002
v -2.464929 0.679071 -60.650002
v -2.450787 0.693213 -60.650002
v -2.548787 0.791213 -60.650002
v -2.562929 0.777071 -61.549999
v -2.464929 0.679071 -61.549999
v -2.450787 0.693213 -61.549999
v -2.548787 0.791213 -61.549999
v -2.352929 0.567071 -60.650002
v -2.254929 0.469071 -60.650002
v -2.240787 0.483213 -60.650002
v -2.338787 0.581213 -60.650002
v -2.352929 0.567071 -61.549999
v -2.254929 0.469071 -61.549999
v -2.240787 0.483213 -61.549999
v -2.338787 0.581213 -61.549999
v -2.142929 0.357071 -60.650002
v -2.044929 0.259071 -60.650002
v -2.030787 0.273213 -60.650002
v -2.128787 0.371213 -60.650002
v -2.142929 0.357071 -61.549999
v -2.044929 0.259071 -61.549999
v -2.030787 0.273213 -61.549999
v -2.128787 0.371213 -61.549999
v -2.982929 1.197071 -61.900002
v -2.884929 1.099071 -61.900002
v -2.870787 1.113213 -61.900002
v -2.968787 1.211213 -61.900002
v -2.982929 1.197071 -62.799999
v -2.884929 1.099071 -62.799999
v -2.870787 1.113213 -62.799999
v -2.968787 1.211213 -62.799999
v -2.772929 0.987071 -61.900002
v -2.674929 0.889071 -61.900002
v -2.660787 0.903213 -61.900002
v -2.758787 1.001213 -61.900002
v -2.772929 0.987071 -62.799999
v -2.674929 0.889071 -62.799999
v -2.660787 0.903213 -62.799999
v -2.758787 1.001213 -62.799999
v -2.562929 0.777071 -61.900002
v -2.464929 0.679071 -61.900002
v -2.450787 0.693213 -61.900002
v -2.548787 0.791213 -61.900002
v -2.562929 0.777071 -62.799999
v -2.464929 0.679071 -62.799999
v -2.450787 0.693213 -62.799999
v -2.548787 0.791213 -62.799999
v -2.352929 0.567071 -61.900002
v -2.254929 0.469071 -61.900002
v -2.240787 0.483213 -61.900002
v -2.338787 0.581213 -61.900002
v -2.352929 0.567071 -62.799999
v -2.254929 0.469071 -62.799999
v -2.240787 0.483213 -62.799999
v -2.338787 0.581213 -62.799999
v -2.142929 0.357071 -61.900002
v -2.044929 0.259071 -61.900002
v -2.030787 0.273213 -61.900002
v -2.128787 0.371213 -61.900002
v -2.142929 0.357071 -62.799999
v -2.044929 0.259071 -62.799999
v -2.030787 0.273213 -62.799999
v -2.128787 0.371213 -62.799999
v -2.982929 1.197071 -63.150002
v -2.884929 1.099071 -63.150002
v -2.870787 1.113213 -63.150002
v -2.968787 1.211213 -63.150002
v -2.982929 1.197071 -64.050003
v -2.884929 1.099071 -64.050003
v -2.870787 1.113213 -64.050003
v -2.968787 1.211213 -64.050003
v -2.772929 0.987071 -63.150002
v -2.674929 0.889071 -63.150002
v -2.660787 0.903213 -63.150002
v -2.758787 1.001213 -63.150002
v -2.772929 0.987071 -64.050003
v -2.674929 0.889071 -64.050003
v -2.660787 0.903213 -64.050003
v -2.758787 1.001213 -64.050003
v -2.562929 0.777071 -63.150002
v -2.464929 0.679071 -63.150002
v -2.450787 0.693213 -63.150002
v -2.548787 0.791213 -63.150002
v -2.562929 0.777071 -64.050003
v -2.464929 0.679071 -64.050003
v -2.450787 0.693213 -64.050003
v -2.548787 0.791213 -64.050003
v -2.352929 0.567071 -63.150002
v -2.254929 0.469071 -63.150002
v -2.240787 0.483213 -63.150002
v -2.338787 0.581213 -63.150002
v -2.352929 0.567071 -64.050003
v -2.254929 0.469071 -64.050003
v -2.240787 0.483213 -64.050003
v -2.338787 0.581213 -64.050003
v -2.142929 0.357071 -63.150002
v -2.044929 0.259071 -63.150002
v -2.030787 0.273213 -63.150002
v -2.128787 0.371213 -63.150002
v -2.142929 0.357071 -64.050003
v -2.044929 0.259071 -64.050003
v -2.030787 0.273213 -64.050003
v -2.128787 0.371213 -64.050003
v -2.982929 1.197071 -64.400002
v -2.884929 1.099071 -64.400002
v -2.870787 1.113213 -64.400002
v -2.968787 1.211213 -64.400002
v -2.982929 1.197071 -65.300003
v -2.884929 1.099071 -65.300003
v -2.870787 1.113213 -65.300003
v -2.968787 1.211213 -65.300003
v -2.772929 0.987071 -64.400002
v -2.674929 0.889071 -64.400002
v -2.660787 0.903213 -64.400002
v -2.758787 1.001213 -64.400002
v -2.772929 0.987071 -65.300003
v -2.674929 0.889071 -65.300003
v -2.660787 0.903213 -65.300003
v -2.758787 1.001213 -65.300003
v -2.562929 0.777071 -64.400002
v -2.464929 0.679071 -64.400002
v -2.450787 0.693213 -64.400002
v -2.548787 0.791213 -64.400002
v -2.562929 0.777071 -65.300003
v -2.464929 0.679071 -65.300003
v -2.450787 0.693213 -65.300003
v -2.548787 0.791213 -65.300003
v -2.352929 0.567071 -64.400002
v -2.254929 0.469071 -64.400002
v -2.240787 0.483213 -64.400002
v -2.338787 0.581213 -64.400002
v -2.352929 0.567071 -65.300003
v -2.254929 0.469071 -65.300003
v -2.240787 0.483213 -65.300003
v -2.338787 0.581213 -65.300003
v -2.142929 0.357071 -64.400002
v -2.044929 0.259071 -64.400002
v -2.030787 0.273213 -64.400002
v -2.128787 0.371213 -64.400002
v -2.142929 0.357071 -65.300003
v -2.044929 0.259071 -65.300003
v -2.030787 0.273213 -65.300003
v -2.128787 0.371213 -65.300003
v -2.982929 1.197071 -65.650002
v -2.884929 1.099071 -65.650002
v -2.870787 1.113213 -65.650002
v -2.968787 1.211213 -65.650002
v -2.982929 1.197071 -66.550003
v -2.884929 1.099071 -66.550003
v -2.870787 1.113213 -66.550003
v -2.968787 1.211213 -66.550003
v -2.772929 0.987071 -65.650002
v -2.674929 0.889071 -65.650002
v -2.660787 0.903213 -65.650002
v -2.758787 1.001213 -65.650002
v -2.772929 0.987071 -66.550003
v -2.674929 0.889071 -66.550003
v -2.660787 0.903213 -66.550003
v -2.758787 1.001213 -66.550003
v -2.562929 0.777071 -65.650002
v -2.464929 0.679071 -65.650002
v -2.450787 0.693213 -65.650002
v -2.548787 0.791213 -65.650002
v -2.562929 0.777071 -66.550003
v -2.464929 0.679071 -66.550003
v -2.450787 0.693213 -66.550003
v -2.548787 0.791213 -66.550003
v -2.352929 0.567071 -65.650002
v -2.254929 0.469071 -65.650002
v -2.240787 0.483213 -65.650002
v -2.338787 0.581213 -65.650002
v -2.352929 0.567071 -66.550003
v -2.254929 0.469071 -66.550003
v -2.240787 0.483213 -66.550003
v -2.338787 0.581213 -66.550003
v -2.142929 0.357071 -65.650002
v -2.044929 0.259071 -65.650002
v -2.030787 0.273213 -65.650002
v -2.128787 0.371213 -65.650002
v -2.142929 0.357071 -66.550003
v -2.044929 0.259071 -66.550003
v -2.030787 0.273213 -66.550003
v -2.128787 0.371213 -66.550003
v -2.982929 1.197071 -66.900002
v -2.884929 1.099071 -66.900002
v -2.870787 1.113213 -66.900002
v -2.968787 1.211213 -66.900002
v -2.982929 1.197071 -67.800003
v -2.884929 1.099071 -67.800003
v -2.870787 1.113213 -67.800003
v -2.968787 1.211213 -67.800003
v -2.772929 0.987071 -66.900002
v -2.674929 0.889071 -66.900002
v -2.660787 0.903213 -66.900002
v -2.758787 1.001213 -66.900002
v -2.772929 0.987071 -67.800003
v -2.674929 0.889071 -67.800003
v -2.660787 0.903213 -67.800003
v -2.758787 1.001213 -67.800003
v -2.562929 0.777071 -66.900002
v -2.464929 0.679071 -66.900002
v -2.450787 0.693213 -66.900002
v -2.548787 0.791213 -66.900002
v -2.562929 0.777071 -67.800003
v -2.464929 0.679071 -67.800003
v -2.450787 0.693213 -67.800003
v -2.548787 0.791213 -67.800003
v -2.352929 0.567071 -66.900002
v -2.254929 0.469071 -66.900002
v -2.240787 0.483213 -66.900002
v -2.338787 0.581213 -66.900002
v -2.352929 0.567071 -67.800003
v -2.254929 0.469071 -67.800003
v -2.240787 0.483213 -67.800003
v -2.338787 0.581213 -67.800003
v -2.142929 0.357071 -66.900002
v -2.044929 0.259071 -66.900002
v -2.030787 0.273213 -66.900002
v -2.128787 0.371213 -66.900002
v -2.142929 0.357071 -67.800003
v -2.044929 0.259071 -67.800003
v -2.030787 0.273213 -67.800003
v -2.128787 0.371213 -67.800003
vn -0.0000 -0.0000 1.0000
vn -0.0000 -0.0000 -1.0000
vn 0.7071 -0.7071 -0.0000
vn 0.7071 0.7071 -0.0000
vn -0.7071 0.7071 -0.0000
vn -0.7071 -0.7071 -0.0000
vn -0.0000 0.0001 1.0000
vn -0.0000 -0.0001 -1.0000
vn -0.0000 0.0001 -1.0000
vn -0.0000 -0.0001 1.0000
vn -0.0000 0.0002 1.0000
vn -0.0000 -0.0002 1.0000
vn -0.0000 -0.0002 -1.0000
vn -0.0000 0.0002 -1.0000
vn -0.0000 -0.0003 1.0000
vn -0.0000 0.0003 1.0000
vn -0.0000 -0.0003 -1.0000
vn -0.0000 0.0003 -1.0000
s 0
f 1//1 3//1 4//1
f 7//2 5//2 8//2
f 5//3 2//3 1//3
f 6//4 3//4 2//4
f 7//5 4//5 3//5
f 8//6 1//6 4//6
f 9//1 11//1 12//1
f 15//2 13//2 16//2
f 13//3 10//3 9//3
f 14//4 11//4 10//4
f 15//5 12//5 11//5
f 16//6 9//6 12//6
f 18//1 20//1 17//1
f 23//2 21//2 24//2
f 21//3 18//3 17//3
f 22//4 19//4 18//4
f 23//5 20//5 19//5
f 24//6 17//6 20//6
f 26//1 28//1 25//1
f 32//2 30//2 29//2
f 29//3 26//3 25//3
f 30//4 27//4 26//4
f 31//5 28//5 27//5
f 32//6 25//6 28//6
f 34//1 36//1 33//1
f 40//2 38//2 37//2
f 37//3 34//3 33//3
f 38//4 35//4 34//4
f 39//5 36//5 35//5
f 40//6 33//6 36//6
f 41//1 43//1 44//1
f 47//2 45//2 48//2
f 45//3 42//3 41//3
f 46//4 43//4 42//4
f 47//5 44//5 43//5
f 48//6 41//6 44//6
f 49//1 51//1 52//1
f 55//2 53//2 56//2
f 53//3 50//3 49//3
f 54//4 51//4 50//4
f 55//5 52//5 51//5
f 56//6 49//6 52//6
f 58//1 60//1 57//1
f 63//2 61//2 64//2
f 61//3 58//3 57//3
f 62//4 59//4 58//4
f 63//5 60//5 59//5
f 64//6 57//6 60//6
f 66//1 68//1 65//1
f 72//2 70//2 69//2
f 69//3 66//3 65//3
f 70//4 67//4 66//4
f 71//5 68//5 67//5
f 72//6 65//6 68//6
f 74//1 76//1 73//1
f 80//2 78//2 77//2
f 77//3 74//3 73//3
f 78//4 75//4 74//4
f 79//5 76//5 75//5
f 80//6 73//6 76//6
f 81//1 83//1 84//1
f 87//2 85//2 88//2
f 85//3 82//3 81//3
f 86//4 83//4 82//4
f 87//5 84//5 83//5
f 88//6 81//6 84//6
f 89//1 91//1 92//1
f 95//2 93//2 96//2
f 93//3 90//3 89//3
f 94//4 91//4 90//4
f 95//5 92//5 91//5
f 96//6 89//6 92//6
f 98//1 100//1 97//1
f 103//2 101//2 104//2
f 101//3 98//3 97//3
f 102//4 99//4 98//4
f 103//5 100//5 99//5
f 104//6 97//6 100//6
f 106//1 108//1 105//1
f 112//2 110//2 109//2
f 109//3 106//3 105//3
f 110//4 107//4 106//4
f 111//5 108//5 107//5
f 112//6 105//6 108//6
f 114//1 116//1 113//1
f 120//2 118//2 117//2
f 117//3 114//3 113//3
f 118//4 115//4 114//4
f 119//5 116//5 115//5
f 120//6 113//6 116//6
f 121//1 123//1 124//1
f 127//2 125//2 128//2
f 125//3 122//3 121//3
f 126//4 123//4 122//4
f 127//5 124//5 123//5
f 128//6 121//6 124//6
f 129//1 131//1 132//1
f 135//2 133//2 136//2
f 133//3 130//3 129//3
f 134//4 131//4 130//4
f 135//5 132//5 131//5
f 136//6 129//6 132//6
f 138//1 140//1 137//1
f 143//2 141//2 144//2
f 141//3 138//3 137//3
f 142//4 139//4 138//4
f 143//5 140//5 139//5
f 144//6 137//6 140//6
f 146//1 148//1 145//1
f 152//2 150//2 149//2
f 149//3 146//3 145//3
f 150//4 147//4 146//4
f 151//5 148//5 147//5
f 152//6 145//6 148//6
f 154//1 156//1 153//1
f 160//2 158//2 157//2
f 157//3 154//3 153//3
f 158//4 155//4 154//4
f 159//5 156//5 155//5
f 160//6 153//6 156//6
f 161//1 163//1 164//1
f 167//2 165//2 168//2
f 165//3 162//3 161//3
f 166//4 163//4 162//4
f 167//5 164//5 163//5
f 168//6 161//6 164//6
f 169//1 171//1 172//1
f 175//2 173//2 176//2
f 173//3 170//3 169//3
f 174//4 171//4 170//4
f 175//5 172//5 171//5
f 176//6 169//6 172//6
f 178//1 180//1 177//1
f 183//2 181//2 184//2
f 181//3 178//3 177//3
f 182//4 179//4 178//4
f 183//5 180//5 179//5
f 184//6 177//6 180//6
f 186//1 188//1 185//1
f 192//2 190//2 189//2
f 189//3 186//3 185//3
f 190//4 187//4 186//4
f 191//5 188//5 187//5
f 192//6 185//6 188//6
f 194//1 196//1 193//1
f 200//2 198//2 197//2
f 197//3 194//3 193//3
f 198//4 195//4 194//4
f 199//5 196//5 195//5
f 200//6 193//6 196//6
f 201//1 203//1 204//1
f 207//2 205//2 208//2
f 205//3 202//3 201//3
f 206//4 203//4 202//4
f 207//5 204//5 203//5
f 208//6 201//6 204//6
f 209//1 211//1 212//1
f 215//2 213//2 216//2
f 213//3 210//3 209//3
f 214//4 211//4 210//4
f 215//5 212//5 211//5
f 216//6 209//6 212//6
f 218//1 220//1 217//1
f 223//2 221//2 224//2
f 221//3 218//3 217//3
f 222//4 219//4 218//4
f 223//5 220//5 219//5
f 224//6 217//6 220//6
f 226//1 228//1 225//1
f 232//2 230//2 229//2
f 229//3 226//3 225//3
f 230//4 227//4 226//4
f 231//5 228//5 227//5
f 232//6 225//6 228//6
f 234//1 236//1 233//1
f 240//2 238//2 237//2
f 237//3 234//3 233//3
f 238//4 235//4 234//4
f 239//5 236//5 235//5
f 240//6 233//6 236//6
f 241//1 243//1 244//1
f 247//2 245//2 248//2
f 245//3 242//3 241//3
f 246//4 243//4 242//4
f 247//5 244//5 243//5
f 248//6 241//6 244//6
f 249//1 251//1 252//1
f 255//2 253//2 256//2
f 253//3 250//3 249//3
f 254//4 251//4 250//4
f 255//5 252//5 251//5
f 256//6 249//6 252//6
f 258//1 260//1 257//1
f 263//2 261//2 264//2
f 261//3 258//3 257//3
f 262//4 259//4 258//4
f 263//5 260//5 259//5
f 264//6 257//6 260//6
f 266//1 268//1 265//1
f 272//2 270//2 269//2
f 269//3 266//3 265//3
f 270//4 267//4 266//4
f 271//5 268//5 267//5
f 272//6 265//6 268//6
f 274//1 276//1 273//1
f 280//2 278//2 277//2
f 277//3 274//3 273//3
f 278//4 275//4 274//4
f 279//5 276//5 275//5
f 280//6 273//6 276//6
f 281//1 283//1 284//1
f 287//2 285//2 288//2
f 285//3 282//3 281//3
f 286//4 283//4 282//4
f 287//5 284//5 283//5
f 288//6 281//6 284//6
f 289//1 291//1 292//1
f 295//2 293//2 296//2
f 293//3 290//3 289//3
f 294//4 291//4 290//4
f 295//5 292//5 291//5
f 296//6 289//6 292//6
f 298//1 300//1 297//1
f 303//2 301//2 304//2
f 301//3 298//3 297//3
f 302//4 299//4 298//4
f 303//5 300//5 299//5
f 304//6 297//6 300//6
f 306//1 308//1 305//1
f 312//2 310//2 309//2
f 309//3 306//3 305//3
f 310//4 307//4 306//4
f 311//5 308//5 307//5
f 312//6 305//6 308//6
f 314//1 316//1 313//1
f 320//2 318//2 317//2
f 317//3 314//3 313//3
f 318//4 315//4 314//4
f 319//5 316//5 315//5
f 320//6 313//6 316//6
f 321//1 323//1 324//1
f 327//2 325//2 328//2
f 325//3 322//3 321//3
f 326//4 323//4 322//4
f 327//5 324//5 323//5
f 328//6 321//6 324//6
f 329//1 331//1 332//1
f 335//2 333//2 336//2
f 333//3 330//3 329//3
f 334//4 331//4 330//4
f 335//5 332//5 331//5
f 336//6 329//6 332//6
f 338//1 340//1 337//1
f 343//2 341//2 344//2
f 341//3 338//3 337//3
f 342//4 339//4 338//4
f 343//5 340//5 339//5
f 344//6 337//6 340//6
f 346//1 348//1 345//1
f 352//2 350//2 349//2
f 349//3 346//3 345//3
f 350//4 347//4 346//4
f 351//5 348//5 347//5
f 352//6 345//6 348//6
f 354//1 356//1 353//1
f 360//2 358//2 357//2
f 357//3 354//3 353//3
f 358//4 355//4 354//4
f 359//5 356//5 355//5
f 360//6 353//6 356//6
f 361//1 363//1 364//1
f 367//2 365//2 368//2
f 365//3 362//3 361//3
f 366//4 363//4 362//4
f 367//5 364//5 363//5
f 368//6 361//6 364//6
f 369//1 371//1 372//1
f 375//2 373//2 376//2
f 373//3 370//3 369//3
f 374//4 371//4 370//4
f 375//5 372//5 371//5
f 376//6 369//6 372//6
f 378//1 380//1 377//1
f 383//2 381//2 384//2
f 381//3 378//3 377//3
f 382//4 379//4 378//4
f 383//5 380//5 379//5
f 384//6 377//6 380//6
f 386//1 388//1 385//1
f 392//2 390//2 389//2
f 389//3 386//3 385//3
f 390//4 387//4 386//4
f 391//5 388//5 387//5
f 392//6 385//6 388//6
f 394//1 396//1 393//1
f 400//2 398//2 397//2
f 397//3 394//3 393//3
f 398//4 395//4 394//4
f 399//5 396//5 395//5
f 400//6 393//6 396//6
f 401//7 403//7 404//7
f 407//2 405//2 408//2
f 405//3 402//3 401//3
f 406//4 403//4 402//4
f 407//5 404//5 403//5
f 408//6 401//6 404//6
f 409//1 411//1 412//1
f 415//2 413//2 416//2
f 413//3 410//3 409//3
f 414//4 411//4 410//4
f 415//5 412//5 411//5
f 416//6 409//6 412//6
f 418//1 420//1 417//1
f 423//2 421//2 424//2
f 421//3 418//3 417//3
f 422//4 419//4 418//4
f 423//5 420//5 419//5
f 424//6 417//6 420//6
f 426//1 428//1 425//1
f 432//2 430//2 429//2
f 429//3 426//3 425//3
f 430//4 427//4 426//4
f 431//5 428//5 427//5
f 432//6 425//6 428//6
f 434//1 436//1 433//1
f 440//2 438//2 437//2
f 437//3 434//3 433//3
f 438//4 435//4 434//4
f 439//5 436//5 435//5
f 440//6 433//6 436//6
f 441//1 443//1 444//1
f 447//8 445//8 448//8
f 445//3 442//3 441//3
f 446//4 443//4 442//4
f 447//5 444//5 443//5
f 448//6 441//6 444//6
f 449//1 451//1 452//1
f 455//2 453//2 456//2
f 453//3 450//3 449//3
f 454//4 451//4 450//4
f 455//5 452//5 451//5
f 456//6 449//6 452//6
f 458//1 460//1 457//1
f 463//2 461//2 464//2
f 461//3 458//3 457//3
f 462//4 459//4 458//4
f 463//5 460//5 459//5
f 464//6 457//6 460//6
f 466//1 468//1 465//1
f 472//2 470//2 469//2
f 469//3 466//3 465//3
f 470//4 467//4 466//4
f 471//5 468//5 467//5
f 472//6 465//6 468//6
f 474//1 476//1 473//1
f 480//2 478//2 477//2
f 477//3 474//3 473//3
f 478//4 475//4 474//4
f 479//5 476//5 475//5
f 480//6 473//6 476//6
f 481//1 483//1 484//1
f 487//9 485//9 488//9
f 485//3 482//3 481//3
f 486//4 483//4 482//4
f 487//5 484//5 483//5
f 488//6 481//6 484//6
f 489//1 491//1 492//1
f 495//9 493//9 496//9
f 493//3 490//3 489//3
f 494//4 491//4 490//4
f 495//5 492//5 491//5
f 496//6 489//6 492//6
f 498//1 500//1 497//1
f 503//9 501//9 504//9
f 501//3 498//3 497//3
f 502//4 499//4 498//4
f 503//5 500//5 499//5
f 504//6 497//6 500//6
f 506//1 508//1 505//1
f 512//2 510//2 509//2
f 509//3 506//3 505//3
f 510//4 507//4 506//4
f 511//5 508//5 507//5
f 512//6 505//6 508//6
f 514//1 516//1 513//1
f 520//2 518//2 517//2
f 517//3 514//3 513//3
f 518//4 515//4 514//4
f 519//5 516//5 515//5
f 520//6 513//6 516//6
f 521//1 523//1 524//1
f 527//2 525//2 528//2
f 525//3 522//3 521//3
f 526//4 523//4 522//4
f 527//5 524//5 523//5
f 528//6 521//6 524//6
f 529//10 531//10 532//10
f 535//2 533//2 536//2
f 533//3 530//3 529//3
f 534//4 531//4 530//4
f 535//5 532//5 531//5
f 536//6 529//6 532//6
f 538//1 540//1 537//1
f 543//2 541//2 544//2
f 541//3 538//3 537//3
f 542//4 539//4 538//4
f 543//5 540//5 539//5
f 544//6 537//6 540//6
f 546//1 548//1 545//1
f 552//2 550//2 549//2
f 549//3 546//3 545//3
f 550//4 547//4 546//4
f 551//5 548//5 547//5
f 552//6 545//6 548//6
f 554//1 556//1 553//1
f 560//2 558//2 557//2
f 557//3 554//3 553//3
f 558//4 555//4 554//4
f 559//5 556//5 555//5
f 560//6 553//6 556//6
f 561//7 563//7 564//7
f 567//2 565//2 568//2
f 565//3 562//3 561//3
f 566//4 563//4 562//4
f 567//5 564//5 563//5
f 568//6 561//6 564//6
f 569//1 571//1 572//1
f 575//2 573//2 576//2
f 573//3 570//3 569//3
f 574//4 571//4 570//4
f 575//5 572//5 571//5
f 576//6 569//6 572//6
f 578//1 580//1 577//1
f 583//2 581//2 584//2
f 581//3 578//3 577//3
f 582//4 579//4 578//4
f 583//5 580//5 579//5
f 584//6 577//6 580//6
f 586//1 588//1 585//1
f 592//2 590//2 589//2
f 589//3 586//3 585//3
f 590//4 587//4 586//4
f 591//5 588//5 587//5
f 592//6 585//6 588//6
f 594//1 596//1 593//1
f 600//2 598//2 597//2
f 597//3 594//3 593//3
f 598//4 595//4 594//4
f 599//5 596//5 595//5
f 600//6 593//6 596//6
f 601//10 603//10 604//10
f 607//8 605//8 608//8
f 605//3 602//3 601//3
f 606//4 603//4 602//4
f 607//5 604//5 603//5
f 608//6 601//6 604//6
f 609//10 611//10 612//10
f 615//8 613//8 616//8
f 613//3 610//3 609//3
f 614//4 611//4 610//4
f 615//5 612//5 611//5
f 616//6 609//6 612//6
f 618//1 620//1 617//1
f 623//8 621//8 624//8
f 621//3 618//3 617//3
f 622//4 619//4 618//4
f 623//5 620//5 619//5
f 624//6 617//6 620//6
f 626//1 628//1 625//1
f 632//9 630//9 629//9
f 629//3 626//3 625//3
f 630//4 627//4 626//4
f 631//5 628//5 627//5
f 632//6 625//6 628//6
f 634//1 636//1 633//1
f 640//9 638//9 637//9
f 637//3 634//3 633//3
f 638//4 635//4 634//4
f 639//5 636//5 635//5
f 640//6 633//6 636//6
f 641//1 643//1 644//1
f 647//2 645//2 648//2
f 645//3 642//3 641//3
f 646//4 643//4 642//4
f 647//5 644//5 643//5
f 648//6 641//6 644//6
f 649//1 651//1 652//1
f 655//2 653//2 656//2
f 653//3 650//3 649//3
f 654//4 651//4 650//4
f 655//5 652//5 651//5
f 656//6 649//6 652//6
f 658//7 660//7 657//7
f 663//2 661//2 664//2
f 661//3 658//3 657//3
f 662//4 659//4 658//4
f 663//5 660//5 659//5
f 664//6 657//6 660//6
f 666//7 668//7 665//7
f 672//2 670//2 669//2
f 669//3 666//3 665//3
f 670//4 667//4 666//4
f 671//5 668//5 667//5
f 672//6 665//6 668//6
f 674//7 676//7 673//7
f 680//2 678//2 677//2
f 677//3 674//3 673//3
f 678//4 675//4 674//4
f 679//5 676//5 675//5
f 680//6 673//6 676//6
f 681//1 683//1 684//1
f 687//2 685//2 688//2
f 685//3 682//3 681//3
f 686//4 683//4 682//4
f 687//5 684//5 683//5
f 688//6 681//6 684//6
f 689//10 691//10 692//10
f 695//8 693//8 696//8
f 693//3 690//3 689//3
f 694//4 691//4 690//4
f 695//5 692//5 691//5
f 696//6 689//6 692//6
f 698//1 700//1 697//1
f 703//8 701//8 704//8
f 701//3 698//3 697//3
f 702//4 699//4 698//4
f 703//5 700//5 699//5
f 704//6 697//6 700//6
f 706//1 708//1 705//1
f 712//9 710//9 709//9
f 709//3 706//3 705//3
f 710//4 707//4 706//4
f 711//5 708//5 707//5
f 712//6 705//6 708//6
f 714//1 716//1 713//1
f 720//9 718//9 717//9
f 717//3 714//3 713//3
f 718//4 715//4 714//4
f 719//5 716//5 715//5
f 720//6 713//6 716//6
f 721//1 723//1 724//1
f 727//2 725//2 728//2
f 725//3 722//3 721//3
f 726//4 723//4 722//4
f 727//5 724//5 723//5
f 728//6 721//6 724//6
f 729//1 731//1 732//1
f 735//2 733//2 736//2
f 733//3 730//3 729//3
f 734//4 731//4 730//4
f 735//5 732//5 731//5
f 736//6 729//6 732//6
f 738//11 740//11 737//11
f 743//2 741//2 744//2
f 741//3 738//3 737//3
f 742//4 739//4 738//4
f 743//5 740//5 739//5
f 744//6 737//6 740//6
f 746//7 748//7 745//7
f 752//2 750//2 749//2
f 749//3 746//3 745//3
f 750//4 747//4 746//4
f 751//5 748//5 747//5
f 752//6 745//6 748//6
f 754//7 756//7 753//7
f 760//2 758//2 757//2
f 757//3 754//3 753//3
f 758//4 755//4 754//4
f 759//5 756//5 755//5
f 760//6 753//6 756//6
f 761//1 763//1 764//1
f 767//8 765//8 768//8
f 765//3 762//3 761//3
f 766//4 763//4 762//4
f 767//5 764//5 763//5
f 768//6 761//6 764//6
f 769//1 771//1 772//1
f 775//2 773//2 776//2
f 773//3 770//3 769//3
f 774//4 771//4 770//4
f 775//5 772//5 771//5
f 776//6 769//6 772//6
f 778//1 780//1 777//1
f 783//2 781//2 784//2
f 781//3 778//3 777//3
f 782//4 779//4 778//4
f 783//5 780//5 779//5
f 784//6 777//6 780//6
f 786//10 788//10 785//10
f 792//2 790//2 789//2
f 789//3 786//3 785//3
f 790//4 787//4 786//4
f 791//5 788//5 787//5
f 792//6 785//6 788//6
f 794//10 796//10 793//10
f 800//2 798//2 797//2
f 797//3 794//3 793//3
f 798//4 795//4 794//4
f 799//5 796//5 795//5
f 800//6 793//6 796//6
f 801//11 803//11 804//11
f 807//2 805//2 808//2
f 805//3 802//3 801//3
f 806//4 803//4 802//4
f 807//5 804//5 803//5
f 808//6 801//6 804//6
f 809//1 811//1 812//1
f 815//2 813//2 816//2
f 813//3 810//3 809//3
f 814//4 811//4 810//4
f 815//5 812//5 811//5
f 816//6 809//6 812//6
f 818//7 820//7 817//7
f 823//2 821//2 824//2
f 821//3 818//3 817//3
f 822//4 819//4 818//4
f 823//5 820//5 819//5
f 824//6 817//6 820//6
f 826//7 828//7 825//7
f 832//2 830//2 829//2
f 829//3 826//3 825//3
f 830//4 827//4 826//4
f 831//5 828//5 827//5
f 832//6 825//6 828//6
f 834//7 836//7 833//7
f 840//2 838//2 837//2
f 837//3 834//3 833//3
f 838//4 835//4 834//4
f 839//5 836//5 835//5
f 840//6 833//6 836//6
f 841//12 843//12 844//12
f 847//8 845//8 848//8
f 845//3 842//3 841//3
f 846//4 843//4 842//4
f 847//5 844//5 843//5
f 848//6 841//6 844//6
f 849//1 851//1 852//1
f 855//2 853//2 856//2
f 853//3 850//3 849//3
f 854//4 851//4 850//4
f 855//5 852//5 851//5
f 856//6 849//6 852//6
f 858//1 860//1 857//1
f 863//2 861//2 864//2
f 861//3 858//3 857//3
f 862//4 859//4 858//4
f 863//5 860//5 859//5
f 864//6 857//6 860//6
f 866//10 868//10 865//10
f 872//2 870//2 869//2
f 869//3 866//3 865//3
f 870//4 867//4 866//4
f 871//5 868//5 867//5
f 872//6 865//6 868//6
f 874//10 876//10 873//10
f 880//2 878//2 877//2
f 877//3 874//3 873//3
f 878//4 875//4 874//4
f 879//5 876//5 875//5
f 880//6 873//6 876//6
f 881//1 883//1 884//1
f 887//13 885//13 888//13
f 885//3 882//3 881//3
f 886//4 883//4 882//4
f 887//5 884//5 883//5
f 888//6 881//6 884//6
f 889//1 891//1 892//1
f 895//8 893//8 896//8
f 893//3 890//3 889//3
f 894//4 891//4 890//4
f 895//5 892//5 891//5
f 896//6 889//6 892//6
f 898//11 900//11 897//11
f 903//8 901//8 904//8
f 901//3 898//3 897//3
f 902//4 899//4 898//4
f 903//5 900//5 899//5
f 904//6 897//6 900//6
f 906//7 908//7 905//7
f 912//2 910//2 909//2
f 909//3 906//3 905//3
f 910//4 907//4 906//4
f 911//5 908//5 907//5
f 912//6 905//6 908//6
f 914//7 916//7 913//7
f 920//2 918//2 917//2
f 917//3 914//3 913//3
f 918//4 915//4 914//4
f 919//5 916//5 915//5
f 920//6 913//6 916//6
f 921//1 923//1 924//1
f 927//9 925//9 928//9
f 925//3 922//3 921//3
f 926//4 923//4 922//4
f 927//5 924//5 923//5
f 928//6 921//6 924//6
f 929//11 931//11 932//11
f 935//9 933//9 936//9
f 933//3 930//3 929//3
f 934//4 931//4 930//4
f 935//5 932//5 931//5
f 936//6 929//6 932//6
f 938//1 940//1 937//1
f 943//9 941//9 944//9
f 941//3 938//3 937//3
f 942//4 939//4 938//4
f 943//5 940//5 939//5
f 944//6 937//6 940//6
f 946//10 948//10 945//10
f 952//2 950//2 949//2
f 949//3 946//3 945//3
f 950//4 947//4 946//4
f 951//5 948//5 947//5
f 952//6 945//6 948//6
f 954//10 956//10 953//10
f 960//2 958//2 957//2
f 957//3 954//3 953//3
f 958//4 955//4 954//4
f 959//5 956//5 955//5
f 960//6 953//6 956//6
f 961//1 963//1 964//1
f 967//2 965//2 968//2
f 965//3 962//3 961//3
f 966//4 963//4 962//4
f 967//5 964//5 963//5
f 968//6 961//6 964//6
f 969//1 971//1 972//1
f 975//2 973//2 976//2
f 973//3 970//3 969//3
f 974//4 971//4 970//4
f 975//5 972//5 971//5
f 976//6 969//6 972//6
f 978//7 980//7 977//7
f 983//2 981//2 984//2
f 981//3 978//3 977//3
f 982//4 979//4 978//4
f 983//5 980//5 979//5
f 984//6 977//6 980//6
f 986//7 988//7 985//7
f 992//2 990//2 989//2
f 989//3 986//3 985//3
f 990//4 987//4 986//4
f 991//5 988//5 987//5
f 992//6 985//6 988//6
f 994//7 996//7 993//7
f 1000//2 998//2 997//2
f 997//3 994//3 993//3
f 998//4 995//4 994//4
f 999//5 996//5 995//5
f 1000//6 993//6 996//6
f 1001//1 1003//1 1004//1
f 1007//2 1005//2 1008//2
f 1005//3 1002//3 1001//3
f 1006//4 1003//4 1002//4
f 1007//5 1004//5 1003//5
f 1008//6 1001//6 1004//6
f 1009//1 1011//1 1012//1
f 1015//2 1013//2 1016//2
f 1013//3 1010//3 1009//3
f 1014//4 1011//4 1010//4
f 1015//5 1012//5 1011//5
f 1016//6 1009//6 1012//6
f 1018//1 1020//1 1017//1
f 1023//2 1021//2 1024//2
f 1021//3 1018//3 1017//3
f 1022//4 1019//4 1018//4
f 1023//5 1020//5 1019//5
f 1024//6 1017//6 1020//6
f 1026//10 1028//10 1025//10
f 1032//2 1030//2 1029//2
f 1029//3 1026//3 1025//3
f 1030//4 1027//4 1026//4
f 1031//5 1028//5 1027//5
f 1032//6 1025//6 1028//6
f 1034//10 1036//10 1033//10
f 1040//2 1038//2 1037//2
f 1037//3 1034//3 1033//3
f 1038//4 1035//4 1034//4
f 1039//5 1036//5 1035//5
f 1040//6 1033//6 1036//6
f 1041//1 1043//1 1044//1
f 1047//8 1045//8 1048//8
f 1045//3 1042//3 1041//3
f 1046//4 1043//4 1042//4
f 1047//5 1044//5 1043//5
f 1048//6 1041//6 1044//6
f 1049//1 1051//1 1052//1
f 1055//8 1053//8 1056//8
f 1053//3 1050//3 1049//3
f 1054//4 1051//4 1050//4
f 1055//5 1052//5 1051//5
f 1056//6 1049//6 1052//6
f 1058//11 1060//11 1057//11
f 1063//8 1061//8 1064//8
f 1061//3 1058//3 1057//3
f 1062//4 1059//4 1058//4
f 1063//5 1060//5 1059//5
f 1064//6 1057//6 1060//6
f 1066//7 1068//7 1065//7
f 1072//2 1070//2 1069//2
f 1069//3 1066//3 1065//3
f 1070//4 1067//4 1066//4
f 1071//5 1068//5 1067//5
f 1072//6 1065//6 1068//6
f 1074//7 1076//7 1073//7
f 1080//2 1078//2 1077//2
f 1077//3 1074//3 1073//3
f 1078//4 1075//4 1074//4
f 1079//5 1076//5 1075//5
f 1080//6 1073//6 1076//6
f 1081//11 1083//11 1084//11
f 1087//2 1085//2 1088//2
f 1085//3 1082//3 1081//3
f 1086//4 1083//4 1082//4
f 1087//5 1084//5 1083//5
f 1088//6 1081//6 1084//6
f 1089//11 1091//11 1092//11
f 1095//9 1093//9 1096//9
f 1093//3 1090//3 1089//3
f 1094//4 1091//4 1090//4
f 1095//5 1092//5 1091//5
f 1096//6 1089//6 1092//6
f 1098//1 1100//1 1097//1
f 1103//9 1101//9 1104//9
f 1101//3 1098//3 1097//3
f 1102//4 1099//4 1098//4
f 1103//5 1100//5 1099//5
f 1104//6 1097//6 1100//6
f 1106//10 1108//10 1105//10
f 1112//2 1110//2 1109//2
f 1109//3 1106//3 1105//3
f 1110//4 1107//4 1106//4
f 1111//5 1108//5 1107//5
f 1112//6 1105//6 1108//6
f 1114//10 1116//10 1113//10
f 1120//2 1118//2 1117//2
f 1117//3 1114//3 1113//3
f 1118//4 1115//4 1114//4
f 1119//5 1116//5 1115//5
f 1120//6 1113//6 1116//6
f 1121//1 1123//1 1124//1
f 1127//2 1125//2 1128//2
f 1125//3 1122//3 1121//3
f 1126//4 1123//4 1122//4
f 1127//5 1124//5 1123//5
f 1128//6 1121//6 1124//6
f 1129//1 1131//1 1132//1
f 1135//2 1133//2 1136//2
f 1133//3 1130//3 1129//3
f 1134//4 1131//4 1130//4
f 1135//5 1132//5 1131//5
f 1136//6 1129//6 1132//6
f 1138//10 1140//10 1137//10
f 1143//2 1141//2 1144//2
f 1141//3 1138//3 1137//3
f 1142//4 1139//4 1138//4
f 1143//5 1140//5 1139//5
f 1144//6 1137//6 1140//6
f 1146//10 1148//10 1145//10
f 1152//2 1150//2 1149//2
f 1149//3 1146//3 1145//3
f 1150//4 1147//4 1146//4
f 1151//5 1148//5 1147//5
f 1152//6 1145//6 1148//6
f 1154//10 1156//10 1153//10
f 1160//2 1158//2 1157//2
f 1157//3 1154//3 1153//3
f 1158//4 1155//4 1154//4
f 1159//5 1156//5 1155//5
f 1160//6 1153//6 1156//6
f 1161//12 1163//12 1164//12
f 1167//8 1165//8 1168//8
f 1165//3 1162//3 1161//3
f 1166//4 1163//4 1162//4
f 1167//5 1164//5 1163//5
f 1168//6 1161//6 1164//6
f 1169//12 1171//12 1172//12
f 1175//2 1173//2 1176//2
f 1173//3 1170//3 1169//3
f 1174//4 1171//4 1170//4
f 1175//5 1172//5 1171//5
f 1176//6 1169//6 1172//6
f 1178//1 1180//1 1177//1
f 1183//2 1181//2 1184//2
f 1181//3 1178//3 1177//3
f 1182//4 1179//4 1178//4
f 1183//5 1180//5 1179//5
f 1184//6 1177//6 1180//6
f 1186//7 1188//7 1185//7
f 1192//2 1190//2 1189//2
f 1189//3 1186//3 1185//3
f 1190//4 1187//4 1186//4
f 1191//5 1188//5 1187//5
f 1192//6 1185//6 1188//6
f 1194//7 1196//7 1193//7
f 1200//2 1198//2 1197//2
f 1197//3 1194//3 1193//3
f 1198//4 1195//4 1194//4
f 1199//5 1196//5 1195//5
f 1200//6 1193//6 1196//6
f 1201//1 1203//1 1204//1
f 1207//13 1205//13 1208//13
f 1205//3 1202//3 1201//3
f 1206//4 1203//4 1202//4
f 1207//5 1204//5 1203//5
f 1208//6 1201//6 1204//6
f 1209//1 1211//1 1212//1
f 1215//8 1213//8 1216//8
f 1213//3 1210//3 1209//3
f 1214//4 1211//4 1210//4
f 1215//5 1212//5 1211//5
f 1216//6 1209//6 1212//6
f 1218//1 1220//1 1217//1
f 1223//8 1221//8 1224//8
f 1221//3 1218//3 1217//3
f 1222//4 1219//4 1218//4
f 1223//5 1220//5 1219//5
f 1224//6 1217//6 1220//6
f 1226//10 1228//10 1225//10
f 1232//14 1230//14 1229//14
f 1229//3 1226//3 1225//3
f 1230//4 1227//4 1226//4
f 1231//5 1228//5 1227//5
f 1232//6 1225//6 1228//6
f 1234//10 1236//10 1233//10
f 1240//14 1238//14 1237//14
f 1237//3 1234//3 1233//3
f 1238//4 1235//4 1234//4
f 1239//5 1236//5 1235//5
f 1240//6 1233//6 1236//6
f 1241//1 1243//1 1244//1
f 1247//9 1245//9 1248//9
f 1245//3 1242//3 1241//3
f 1246//4 1243//4 1242//4
f 1247//5 1244//5 1243//5
f 1248//6 1241//6 1244//6
f 1249//1 1251//1 1252//1
f 1255//9 1253//9 1256//9
f 1253//3 1250//3 1249//3
f 1254//4 1251//4 1250//4
f 1255//5 1252//5 1251//5
f 1256//6 1249//6 1252//6
f 1258//15 1260//15 1257//15
f 1263//9 1261//9 1264//9
f 1261//3 1258//3 1257//3
f 1262//4 1259//4 1258//4
f 1263//5 1260//5 1259//5
f 1264//6 1257//6 1260//6
f 1266//10 1268//10 1265//10
f 1272//2 1270//2 1269//2
f 1269//3 1266//3 1265//3
f 1270//4 1267//4 1266//4
f 1271//5 1268//5 1267//5
f 1272//6 1265//6 1268//6
f 1274//10 1276//10 1273//10
f 1280//2 1278//2 1277//2
f 1277//3 1274//3 1273//3
f 1278//4 1275//4 1274//4
f 1279//5 1276//5 1275//5
f 1280//6 1273//6 1276//6
f 1281//1 1283//1 1284//1
f 1287//2 1285//2 1288//2
f 1285//3 1282//3 1281//3
f 1286//4 1283//4 1282//4
f 1287//5 1284//5 1283//5
f 1288//6 1281//6 1284//6
f 1289//1 1291//1 1292//1
f 1295//2 1293//2 1296//2
f 1293//3 1290//3 1289//3
f 1294//4 1291//4 1290//4
f 1295//5 1292//5 1291//5
f 1296//6 1289//6 1292//6
f 1298//10 1300//10 1297//10
f 1303//2 1301//2 1304//2
f 1301//3 1298//3 1297//3
f 1302//4 1299//4 1298//4
f 1303//5 1300//5 1299//5
f 1304//6 1297//6 1300//6
f 1306//10 1308//10 1305//10
f 1312//2 1310//2 1309//2
f 1309//3 1306//3 1305//3
f 1310//4 1307//4 1306//4
f 1311//5 1308//5 1307//5
f 1312//6 1305//6 1308//6
f 1314//10 1316//10 1313//10
f 1320//2 1318//2 1317//2
f 1317//3 1314//3 1313//3
f 1318//4 1315//4 1314//4
f 1319//5 1316//5 1315//5
f 1320//6 1313//6 1316//6
f 1321//1 1323//1 1324//1
f 1327//2 1325//2 1328//2
f 1325//3 1322//3 1321//3
f 1326//4 1323//4 1322//4
f 1327//5 1324//5 1323//5
f 1328//6 1321//6 1324//6
f 1329//12 1331//12 1332//12
f 1335//2 1333//2 1336//2
f 1333//3 1330//3 1329//3
f 1334//4 1331//4 1330//4
f 1335//5 1332//5 1331//5
f 1336//6 1329//6 1332//6
f 1338//1 1340//1 1337//1
f 1343//2 1341//2 1344//2
f 1341//3 1338//3 1337//3
f 1342//4 1339//4 1338//4
f 1343//5 1340//5 1339//5
f 1344//6 1337//6 1340//6
f 1346//7 1348//7 1345//7
f 1352//13 1350//13 1349//13
f 1349//3 1346//3 1345//3
f 1350//4 1347//4 1346//4
f 1351//5 1348//5 1347//5
f 1352//6 1345//6 1348//6
f 1354//7 1356//7 1353//7
f 1360//13 1358//13 1357//13
f 1357//3 1354//3 1353//3
f 1358//4 1355//4 1354//4
f 1359//5 1356//5 1355//5
f 1360//6 1353//6 1356//6
f 1361//1 1363//1 1364//1
f 1367//8 1365//8 1368//8
f 1365//3 1362//3 1361//3
f 1366//4 1363//4 1362//4
f 1367//5 1364//5 1363//5
f 1368//6 1361//6 1364//6
f 1369//1 1371//1 1372//1
f 1375//2 1373//2 1376//2
f 1373//3 1370//3 1369//3
f 1374//4 1371//4 1370//4
f 1375//5 1372//5 1371//5
f 1376//6 1369//6 1372//6
f 1378//7 1380//7 1377//7
f 1383//2 1381//2 1384//2
f 1381//3 1378//3 1377//3
f 1382//4 1379//4 1378//4
f 1383//5 1380//5 1379//5
f 1384//6 1377//6 1380//6
f 1386//7 1388//7 1385//7
f 1392//2 1390//2 1389//2
f 1389//3 1386//3 1385//3
f 1390//4 1387//4 1386//4
f 1391//5 1388//5 1387//5
f 1392//6 1385//6 1388//6
f 1394//7 1396//7 1393//7
f 1400//2 1398//2 1397//2
f 1397//3 1394//3 1393//3
f 1398//4 1395//4 1394//4
f 1399//5 1396//5 1395//5
f 1400//6 1393//6 1396//6
f 1401//1 1403//1 1404//1
f 1407//2 1405//2 1408//2
f 1405//3 1402//3 1401//3
f 1406//4 1403//4 1402//4
f 1407//5 1404//5 1403//5
f 1408//6 1401//6 1404//6
f 1409//1 1411//1 1412//1
f 1415//8 1413//8 1416//8
f 1413//3 1410//3 1409//3
f 1414//4 1411//4 1410//4
f 1415//5 1412//5 1411//5
f 1416//6 1409//6 1412//6
f 1418//10 1420//10 1417//10
f 1423//8 1421//8 1424//8
f 1421//3 1418//3 1417//3
f 1422//4 1419//4 1418//4
f 1423//5 1420//5 1419//5
f 1424//6 1417//6 1420//6
f 1426//10 1428//10 1425//10
f 1432//2 1430//2 1429//2
f 1429//3 1426//3 1425//3
f 1430//4 1427//4 1426//4
f 1431//5 1428//5 1427//5
f 1432//6 1425//6 1428//6
f 1434//10 1436//10 1433//10
f 1440//2 1438//2 1437//2
f 1437//3 1434//3 1433//3
f 1438//4 1435//4 1434//4
f 1439//5 1436//5 1435//5
f 1440//6 1433//6 1436//6
f 1441//16 1443//16 1444//16
f 1447//2 1445//2 1448//2
f 1445//3 1442//3 1441//3
f 1446//4 1443//4 1442//4
f 1447//5 1444//5 1443//5
f 1448//6 1441//6 1444//6
f 1449//1 1451//1 1452//1
f 1455//2 1453//2 1456//2
f 1453//3 1450//3 1449//3
f 1454//4 1451//4 1450//4
f 1455//5 1452//5 1451//5
f 1456//6 1449//6 1452//6
f 1458//10 1460//10 1457//10
f 1463//2 1461//2 1464//2
f 1461//3 1458//3 1457//3
f 1462//4 1459//4 1458//4
f 1463//5 1460//5 1459//5
f 1464//6 1457//6 1460//6
f 1466//7 1468//7 1465//7
f 1472//2 1470//2 1469//2
f 1469//3 1466//3 1465//3
f 1470//4 1467//4 1466//4
f 1471//5 1468//5 1467//5
f 1472//6 1465//6 1468//6
f 1474//7 1476//7 1473//7
f 1480//2 1478//2 1477//2
f 1477//3 1474//3 1473//3
f 1478//4 1475//4 1474//4
f 1479//5 1476//5 1475//5
f 1480//6 1473//6 1476//6
f 1481//1 1483//1 1484//1
f 1487//8 1485//8 1488//8
f 1485//3 1482//3 1481//3
f 1486//4 1483//4 1482//4
f 1487//5 1484//5 1483//5
f 1488//6 1481//6 1484//6
f 1489//1 1491//1 1492//1
f 1495//2 1493//2 1496//2
f 1493//3 1490//3 1489//3
f 1494//4 1491//4 1490//4
f 1495//5 1492//5 1491//5
f 1496//6 1489//6 1492//6
f 1498//12 1500//12 1497//12
f 1503//2 1501//2 1504//2
f 1501//3 1498//3 1497//3
f 1502//4 1499//4 1498//4
f 1503//5 1500//5 1499//5
f 1504//6 1497//6 1500//6
f 1506//10 1508//10 1505//10
f 1512//17 1510//17 1509//17
f 1509//3 1506//3 1505//3
f 1510//4 1507//4 1506//4
f 1511//5 1508//5 1507//5
f 1512//6 1505//6 1508//6
f 1514//10 1516//10 1513//10
f 1520//17 1518//17 1517//17
f 1517//3 1514//3 1513//3
f 1518//4 1515//4 1514//4
f 1519//5 1516//5 1515//5
f 1520//6 1513//6 1516//6
f 1521//1 1523//1 1524//1
f 1527//13 1525//13 1528//13
f 1525//3 1522//3 1521//3
f 1526//4 1523//4 1522//4
f 1527//5 1524//5 1523//5
f 1528//6 1521//6 1524//6
f 1529//1 1531//1 1532//1
f 1535//2 1533//2 1536//2
f 1533//3 1530//3 1529//3
f 1534//4 1531//4 1530//4
f 1535//5 1532//5 1531//5
f 1536//6 1529//6 1532//6
f 1538//7 1540//7 1537//7
f 1543//2 1541//2 1544//2
f 1541//3 1538//3 1537//3
f 1542//4 1539//4 1538//4
f 1543//5 1540//5 1539//5
f 1544//6 1537//6 1540//6
f 1546//7 1548//7 1545//7
f 1552//2 1550//2 1549//2
f 1549//3 1546//3 1545//3
f 1550//4 1547//4 1546//4
f 1551//5 1548//5 1547//5
f 1552//6 1545//6 1548//6
f 1554//7 1556//7 1553//7
f 1560//2 1558//2 1557//2
f 1557//3 1554//3 1553//3
f 1558//4 1555//4 1554//4
f 1559//5 1556//5 1555//5
f 1560//6 1553//6 1556//6
f 1561//15 1563//15 1564//15
f 1567//13 1565//13 1568//13
f 1565//3 1562//3 1561//3
f 1566//4 1563//4 1562//4
f 1567//5 1564//5 1563//5
f 1568//6 1561//6 1564//6
f 1569//1 1571//1 1572//1
f 1575//17 1573//17 1576//17
f 1573//3 1570//3 1569//3
f 1574//4 1571//4 1570//4
f 1575//5 1572//5 1571//5
f 1576//6 1569//6 1572//6
f 1578//15 1580//15 1577//15
f 1583//17 1581//17 1584//17
f 1581//3 1578//3 1577//3
f 1582//4 1579//4 1578//4
f 1583//5 1580//5 1579//5
f 1584//6 1577//6 1580//6
f 1586//10 1588//10 1585//10
f 1592//2 1590//2 1589//2
f 1589//3 1586//3 1585//3
f 1590//4 1587//4 1586//4
f 1591//5 1588//5 1587//5
f 1592//6 1585//6 1588//6
f 1594//10 1596//10 1593//10
f 1600//2 1598//2 1597//2
f 1597//3 1594//3 1593//3
f 1598//4 1595//4 1594//4
f 1599//5 1596//5 1595//5
f 1600//6 1593//6 1596//6
f 1601//15 1603//15 1604//15
f 1607//17 1605//17 1608//17
f 1605//3 1602//3 1601//3
f 1606//4 1603//4 1602//4
f 1607//5 1604//5 1603//5
f 1608//6 1601//6 1604//6
f 1609//15 1611//15 1612//15
f 1615//13 1613//13 1616//13
f 1613//3 1610//3 1609//3
f 1614//4 1611//4 1610//4
f 1615//5 1612//5 1611//5
f 1616//6 1609//6 1612//6
f 1618//1 1620//1 1617//1
f 1623//13 1621//13 1624//13
f 1621//3 1618//3 1617//3
f 1622//4 1619//4 1618//4
f 1623//5 1620//5 1619//5
f 1624//6 1617//6 1620//6
f 1626//7 1628//7 1625//7
f 1632//2 1630//2 1629//2
f 1629//3 1626//3 1625//3
f 1630//4 1627//4 1626//4
f 1631//5 1628//5 1627//5
f 1632//6 1625//6 1628//6
f 1634//7 1636//7 1633//7
f 1640//2 1638//2 1637//2
f 1637//3 1634//3 1633//3
f 1638//4 1635//4 1634//4
f 1639//5 1636//5 1635//5
f 1640//6 1633//6 1636//6
f 1641//15 1643//15 1644//15
f 1647//2 1645//2 1648//2
f 1645//3 1642//3 1641//3
f 1646//4 1643//4 1642//4
f 1647//5 1644//5 1643//5
f 1648//6 1641//6 1644//6
f 1649//1 1651//1 1652//1
f 1655//14 1653//14 1656//14
f 1653//3 1650//3 1649//3
f 1654//4 1651//4 1650//4
f 1655//5 1652//5 1651//5
f 1656//6 1649//6 1652//6
f 1658//1 1660//1 1657//1
f 1663//14 1661//14 1664//14
f 1661//3 1658//3 1657//3
f 1662//4 1659//4 1658//4
f 1663//5 1660//5 1659//5
f 1664//6 1657//6 1660//6
f 1666//10 1668//10 1665//10
f 1672//17 1670//17 1669//17
f 1669//3 1666//3 1665//3
f 1670//4 1667//4 1666//4
f 1671//5 1668//5 1667//5
f 1672//6 1665//6 1668//6
f 1674//10 1676//10 1673//10
f 1680//17 1678//17 1677//17
f 1677//3 1674//3 1673//3
f 1678//4 1675//4 1674//4
f 1679//5 1676//5 1675//5
f 1680//6 1673//6 1676//6
f 1681//1 1683//1 1684//1
f 1687//8 1685//8 1688//8
f 1685//3 1682//3 1681//3
f 1686//4 1683//4 1682//4
f 1687//5 1684//5 1683//5
f 1688//6 1681//6 1684//6
f 1689//1 1691//1 1692//1
f 1695//14 1693//14 1696//14
f 1693//3 1690//3 1689//3
f 1694//4 1691//4 1690//4
f 1695//5 1692//5 1691//5
f 1696//6 1689//6 1692//6
f 1698//1 1700//1 1697//1
f 1703//14 1701//14 1704//14
f 1701//3 1698//3 1697//3
f 1702//4 1699//4 1698//4
f 1703//5 1700//5 1699//5
f 1704//6 1697//6 1700//6
f 1706//7 1708//7 1705//7
f 1712//2 1710//2 1709//2
f 1709//3 1706//3 1705//3
f 1710//4 1707//4 1706//4
f 1711//5 1708//5 1707//5
f 1712//6 1705//6 1708//6
f 1714//7 1716//7 1713//7
f 1720//2 1718//2 1717//2
f 1717//3 1714//3 1713//3
f 1718//4 1715//4 1714//4
f 1719//5 1716//5 1715//5
f 1720//6 1713//6 1716//6
f 1721//1 1723//1 1724//1
f 1727//14 1725//14 1728//14
f 1725//3 1722//3 1721//3
f 1726//4 1723//4 1722//4
f 1727//5 1724//5 1723//5
f 1728//6 1721//6 1724//6
f 1729//1 1731//1 1732//1
f 1735//8 1733//8 1736//8
f 1733//3 1730//3 1729//3
f 1734//4 1731//4 1730//4
f 1735//5 1732//5 1731//5
f 1736//6 1729//6 1732//6
f 1738//10 1740//10 1737//10
f 1743//8 1741//8 1744//8
f 1741//3 1738//3 1737//3
f 1742//4 1739//4 1738//4
f 1743//5 1740//5 1739//5
f 1744//6 1737//6 1740//6
f 1746//10 1748//10 1745//10
f 1752//2 1750//2 1749//2
f 1749//3 1746//3 1745//3
f 1750//4 1747//4 1746//4
f 1751//5 1748//5 1747//5
f 1752//6 1745//6 1748//6
f 1754//10 1756//10 1753//10
f 1760//2 1758//2 1757//2
f 1757//3 1754//3 1753//3
f 1758//4 1755//4 1754//4
f 1759//5 1756//5 1755//5
f 1760//6 1753//6 1756//6
f 1761//1 1763//1 1764//1
f 1767//9 1765//9 1768//9
f 1765//3 1762//3 1761//3
f 1766//4 1763//4 1762//4
f 1767//5 1764//5 1763//5
f 1768//6 1761//6 1764//6
f 1769//1 1771//1 1772//1
f 1775//2 1773//2 1776//2
f 1773//3 1770//3 1769//3
f 1774//4 1771//4 1770//4
f 1775//5 1772//5 1771//5
f 1776//6 1769//6 1772//6
f 1778//10 1780//10 1777//10
f 1783//2 1781//2 1784//2
f 1781//3 1778//3 1777//3
f 1782//4 1779//4 1778//4
f 1783//5 1780//5 1779//5
f 1784//6 1777//6 1780//6
f 1786//7 1788//7 1785//7
f 1792//2 1790//2 1789//2
f 1789//3 1786//3 1785//3
f 1790//4 1787//4 1786//4
f 1791//5 1788//5 1787//5
f 1792//6 1785//6 1788//6
f 1794//7 1796//7 1793//7
f 1800//2 1798//2 1797//2
f 1797//3 1794//3 1793//3
f 1798//4 1795//4 1794//4
f 1799//5 1796//5 1795//5
f 1800//6 1793//6 1796//6
f 1801//1 1803//1 1804//1
f 1807//9 1805//9 1808//9
f 1805//3 1802//3 1801//3
f 1806//4 1803//4 1802//4
f 1807//5 1804//5 1803//5
f 1808//6 1801//6 1804//6
f 1809//16 1811//16 1812//16
f 1815//2 1813//2 1816//2
f 1813//3 1810//3 1809//3
f 1814//4 1811//4 1810//4
f 1815//5 1812//5 1811//5
f 1816//6 1809//6 1812//6
f 1818//12 1820//12 1817//12
f 1823//2 1821//2 1824//2
f 1821//3 1818//3 1817//3
f 1822//4 1819//4 1818//4
f 1823//5 1820//5 1819//5
f 1824//6 1817//6 1820//6
f 1826//10 1828//10 1825//10
f 1832//17 1830//17 1829//17
f 1829//3 1826//3 1825//3
f 1830//4 1827//4 1826//4
f 1831//5 1828//5 1827//5
f 1832//6 1825//6 1828//6
f 1834//10 1836//10 1833//10
f 1840//17 1838//17 1837//17
f 1837//3 1834//3 1833//3
f 1838//4 1835//4 1834//4
f 1839//5 1836//5 1835//5
f 1840//6 1833//6 1836//6
f 1841//1 1843//1 1844//1
f 1847//2 1845//2 1848//2
f 1845//3 1842//3 1841//3
f 1846//4 1843//4 1842//4
f 1847//5 1844//5 1843//5
f 1848//6 1841//6 1844//6
f 1849//1 1851//1 1852//1
f 1855//2 1853//2 1856//2
f 1853//3 1850//3 1849//3
f 1854//4 1851//4 1850//4
f 1855//5 1852//5 1851//5
f 1856//6 1849//6 1852//6
f 1858//7 1860//7 1857//7
f 1863//2 1861//2 1864//2
f 1861//3 1858//3 1857//3
f 1862//4 1859//4 1858//4
f 1863//5 1860//5 1859//5
f 1864//6 1857//6 1860//6
f 1866//7 1868//7 1865//7
f 1872//2 1870//2 1869//2
f 1869//3 1866//3 1865//3
f 1870//4 1867//4 1866//4
f 1871//5 1868//5 1867//5
f 1872//6 1865//6 1868//6
f 1874//7 1876//7 1873//7
f 1880//2 1878//2 1877//2
f 1877//3 1874//3 1873//3
f 1878//4 1875//4 1874//4
f 1879//5 1876//5 1875//5
f 1880//6 1873//6 1876//6
f 1881//15 1883//15 1884//15
f 1887//2 1885//2 1888//2
f 1885//3 1882//3 1881//3
f 1886//4 1883//4 1882//4
f 1887//5 1884//5 1883//5
f 1888//6 1881//6 1884//6
f 1889//15 1891//15 1892//15
f 1895//17 1893//17 1896//17
f 1893//3 1890//3 1889//3
f 1894//4 1891//4 1890//4
f 1895//5 1892//5 1891//5
f 1896//6 1889//6 1892//6
f 1898//15 1900//15 1897//15
f 1903//17 1901//17 1904//17
f 1901//3 1898//3 1897//3
f 1902//4 1899//4 1898//4
f 1903//5 1900//5 1899//5
f 1904//6 1897//6 1900//6
f 1906//10 1908//10 1905//10
f 1912//2 1910//2 1909//2
f 1909//3 1906//3 1905//3
f 1910//4 1907//4 1906//4
f 1911//5 1908//5 1907//5
f 1912//6 1905//6 1908//6
f 1914//10 1916//10 1913//10
f 1920//2 1918//2 1917//2
f 1917//3 1914//3 1913//3
f 1918//4 1915//4 1914//4
f 1919//5 1916//5 1915//5
f 1920//6 1913//6 1916//6
f 1921//1 1923//1 1924//1
f 1927//8 1925//8 1928//8
f 1925//3 1922//3 1921//3
f 1926//4 1923//4 1922//4
f 1927//5 1924//5 1923//5
f 1928//6 1921//6 1924//6
f 1929//15 1931//15 1932//15
f 1935//13 1933//13 1936//13
f 1933//3 1930//3 1929//3
f 1934//4 1931//4 1930//4
f 1935//5 1932//5 1931//5
f 1936//6 1929//6 1932//6
f 1938//1 1940//1 1937//1
f 1943//13 1941//13 1944//13
f 1941//3 1938//3 1937//3
f 1942//4 1939//4 1938//4
f 1943//5 1940//5 1939//5
f 1944//6 1937//6 1940//6
f 1946//7 1948//7 1945//7
f 1952//2 1950//2 1949//2
f 1949//3 1946//3 1945//3
f 1950//4 1947//4 1946//4
f 1951//5 1948//5 1947//5
f 1952//6 1945//6 1948//6
f 1954//7 1956//7 1953//7
f 1960//2 1958//2 1957//2
f 1957//3 1954//3 1953//3
f 1958//4 1955//4 1954//4
f 1959//5 1956//5 1955//5
f 1960//6 1953//6 1956//6
f 1961//1 1963//1 1964//1
f 1967//14 1965//14 1968//14
f 1965//3 1962//3 1961//3
f 1966//4 1963//4 1962//4
f 1967//5 1964//5 1963//5
f 1968//6 1961//6 1964//6
f 1969//1 1971//1 1972//1
f 1975//14 1973//14 1976//14
f 1973//3 1970//3 1969//3
f 1974//4 1971//4 1970//4
f 1975//5 1972//5 1971//5
f 1976//6 1969//6 1972//6
f 1978//1 1980//1 1977//1
f 1983//14 1981//14 1984//14
f 1981//3 1978//3 1977//3
f 1982//4 1979//4 1978//4
f 1983//5 1980//5 1979//5
f 1984//6 1977//6 1980//6
f 1986//10 1988//10 1985//10
f 1992//17 1990//17 1989//17
f 1989//3 1986//3 1985//3
f 1990//4 1987//4 1986//4
f 1991//5 1988//5 1987//5
f 1992//6 1985//6 1988//6
f 1994//10 1996//10 1993//10
f 2000//17 1998//17 1997//17
f 1997//3 1994//3 1993//3
f 1998//4 1995//4 1994//4
f 1999//5 1996//5 1995//5
f 2000//6 1993//6 1996//6
f 2001//1 2003//1 2004//1
f 2007//9 2005//9 2008//9
f 2005//3 2002//3 2001//3
f 2006//4 2003//4 2002//4
f 2007//5 2004//5 2003//5
f 2008//6 2001//6 2004//6
f 2009//1 2011//1 2012//1
f 2015//14 2013//14 2016//14
f 2013//3 2010//3 2009//3
f 2014//4 2011//4 2010//4
f 2015//5 2012//5 2011//5
f 2016//6 2009//6 2012//6
f 2018//1 2020//1 2017//1
f 2023//14 2021//14 2024//14
f 2021//3 2018//3 2017//3
f 2022//4 2019//4 2018//4
f 2023//5 2020//5 2019//5
f 2024//6 2017//6 2020//6
f 2026//7 2028//7 2025//7
f 2032//2 2030//2 2029//2
f 2029//3 2026//3 2025//3
f 2030//4 2027//4 2026//4
f 2031//5 2028//5 2027//5
f 2032//6 2025//6 2028//6
f 2034//7 2036//7 2033//7
f 2040//2 2038//2 2037//2
f 2037//3 2034//3 2033//3
f 2038//4 2035//4 2034//4
f 2039//5 2036//5 2035//5
f 2040//6 2033//6 2036//6
f 2041//1 2043//1 2044//1
f 2047//2 2045//2 2048//2
f 2045//3 2042//3 2041//3
f 2046//4 2043//4 2042//4
f 2047//5 2044//5 2043//5
f 2048//6 2041//6 2044//6
f 2049//1 2051//1 2052//1
f 2055//8 2053//8 2056//8
f 2053//3 2050//3 2049//3
f 2054//4 2051//4 2050//4
f 2055//5 2052//5 2051//5
f 2056//6 2049//6 2052//6
f 2058//10 2060//10 2057//10
f 2063//8 2061//8 2064//8
f 2061//3 2058//3 2057//3
f 2062//4 2059//4 2058//4
f 2063//5 2060//5 2059//5
f 2064//6 2057//6 2060//6
f 2066//10 2068//10 2065//10
f 2072//2 2070//2 2069//2
f 2069//3 2066//3 2065//3
f 2070//4 2067//4 2066//4
f 2071//5 2068//5 2067//5
f 2072//6 2065//6 2068//6
f 2074//10 2076//10 2073//10
f 2080//2 2078//2 2077//2
f 2077//3 2074//3 2073//3
f 2078//4 2075//4 2074//4
f 2079//5 2076//5 2075//5
f 2080//6 2073//6 2076//6
f 2081//1 2083//1 2084//1
f 2087//2 2085//2 2088//2
f 2085//3 2082//3 2081//3
f 2086//4 2083//4 2082//4
f 2087//5 2084//5 2083//5
f 2088//6 2081//6 2084//6
f 2089//1 2091//1 2092//1
f 2095//2 2093//2 2096//2
f 2093//3 2090//3 2089//3
f 2094//4 2091//4 2090//4
f 2095//5 2092//5 2091//5
f 2096//6 2089//6 2092//6
f 2098//10 2100//10 2097//10
f 2103//2 2101//2 2104//2
f 2101//3 2098//3 2097//3
f 2102//4 2099//4 2098//4
f 2103//5 2100//5 2099//5
f 2104//6 2097//6 2100//6
f 2106//7 2108//7 2105//7
f 2112//2 2110//2 2109//2
f 2109//3 2106//3 2105//3
f 2110//4 2107//4 2106//4
f 2111//5 2108//5 2107//5
f 2112//6 2105//6 2108//6
f 2114//7 2116//7 2113//7
f 2120//2 2118//2 2117//2
f 2117//3 2114//3 2113//3
f 2118//4 2115//4 2114//4
f 2119//5 2116//5 2115//5
f 2120//6 2113//6 2116//6
f 2121//16 2123//16 2124//16
f 2127//2 2125//2 2128//2
f 2125//3 2122//3 2121//3
f 2126//4 2123//4 2122//4
f 2127//5 2124//5 2123//5
f 2128//6 2121//6 2124//6
f 2129//16 2131//16 2132//16
f 2135//2 2133//2 2136//2
f 2133//3 2130//3 2129//3
f 2134//4 2131//4 2130//4
f 2135//5 2132//5 2131//5
f 2136//6 2129//6 2132//6
f 2138//12 2140//12 2137//12
f 2143//2 2141//2 2144//2
f 2141//3 2138//3 2137//3
f 2142//4 2139//4 2138//4
f 2143//5 2140//5 2139//5
f 2144//6 2137//6 2140//6
f 2146//10 2148//10 2145//10
f 2152//2 2150//2 2149//2
f 2149//3 2146//3 2145//3
f 2150//4 2147//4 2146//4
f 2151//5 2148//5 2147//5
f 2152//6 2145//6 2148//6
f 2154//10 2156//10 2153//10
f 2160//2 2158//2 2157//2
f 2157//3 2154//3 2153//3
f 2158//4 2155//4 2154//4
f 2159//5 2156//5 2155//5
f 2160//6 2153//6 2156//6
f 2161//16 2163//16 2164//16
f 2167//8 2165//8 2168//8
f 2165//3 2162//3 2161//3
f 2166//4 2163//4 2162//4
f 2167//5 2164//5 2163//5
f 2168//6 2161//6 2164//6
f 2169//1 2171//1 2172//1
f 2175//9 2173//9 2176//9
f 2173//3 2170//3 2169//3
f 2174//4 2171//4 2170//4
f 2175//5 2172//5 2171//5
f 2176//6 2169//6 2172//6
f 2178//7 2180//7 2177//7
f 2183//9 2181//9 2184//9
f 2181//3 2178//3 2177//3
f 2182//4 2179//4 2178//4
f 2183//5 2180//5 2179//5
f 2184//6 2177//6 2180//6
f 2186//7 2188//7 2185//7
f 2192//2 2190//2 2189//2
f 2189//3 2186//3 2185//3
f 2190//4 2187//4 2186//4
f 2191//5 2188//5 2187//5
f 2192//6 2185//6 2188//6
f 2194//7 2196//7 2193//7
f 2200//2 2198//2 2197//2
f 2197//3 2194//3 2193//3
f 2198//4 2195//4 2194//4
f 2199//5 2196//5 2195//5
f 2200//6 2193//6 2196//6
f 2201//15 2203//15 2204//15
f 2207//14 2205//14 2208//14
f 2205//3 2202//3 2201//3
f 2206//4 2203//4 2202//4
f 2207//5 2204//5 2203//5
f 2208//6 2201//6 2204//6
f 2209//15 2211//15 2212//15
f 2215//9 2213//9 2216//9
f 2213//3 2210//3 2209//3
f 2214//4 2211//4 2210//4
f 2215//5 2212//5 2211//5
f 2216//6 2209//6 2212//6
f 2218//15 2220//15 2217//15
f 2223//9 2221//9 2224//9
f 2221//3 2218//3 2217//3
f 2222//4 2219//4 2218//4
f 2223//5 2220//5 2219//5
f 2224//6 2217//6 2220//6
f 2226//10 2228//10 2225//10
f 2232//2 2230//2 2229//2
f 2229//3 2226//3 2225//3
f 2230//4 2227//4 2226//4
f 2231//5 2228//5 2227//5
f 2232//6 2225//6 2228//6
f 2234//10 2236//10 2233//10
f 2240//2 2238//2 2237//2
f 2237//3 2234//3 2233//3
f 2238//4 2235//4 2234//4
f 2239//5 2236//5 2235//5
f 2240//6 2233//6 2236//6
f 2242//1 2244//1 2241//1
f 2247//2 2245//2 2248//2
f 2245//6 2242//6 2241//6
f 2246//3 2243//3 2242//3
f 2247//4 2244//4 2243//4
f 2248//5 2241//5 2244//5
f 2250//1 2252//1 2249//1
f 2255//2 2253//2 2256//2
f 2253//6 2250//6 2249//6
f 2254//3 2251//3 2250//3
f 2255//4 2252//4 2251//4
f 2256//5 2249//5 2252//5
f 2257//1 2259//1 2260//1
f 2263//2 2261//2 2264//2
f 2261//6 2258//6 2257//6
f 2262//3 2259//3 2258//3
f 2263//4 2260//4 2259//4
f 2264//5 2257//5 2260//5
f 2265//1 2267//1 2268//1
f 2271//2 2269//2 2272//2
f 2269//6 2266//6 2265//6
f 2270//3 2267//3 2266//3
f 2271//4 2268//4 2267//4
f 2272//5 2265//5 2268//5
f 2274//1 2276//1 2273//1
f 2280//2 2278//2 2277//2
f 2277//6 2274//6 2273//6
f 2278//3 2275//3 2274//3
f 2279//4 2276//4 2275//4
f 2280//5 2273//5 2276//5
f 2282//1 2284//1 2281//1
f 2287//2 2285//2 2288//2
f 2285//6 2282//6 2281//6
f 2286//3 2283//3 2282//3
f 2287//4 2284//4 2283//4
f 2288//5 2281//5 2284//5
f 2290//1 2292//1 2289//1
f 2295//2 2293//2 2296//2
f 2293//6 2290//6 2289//6
f 2294//3 2291//3 2290//3
f 2295//4 2292//4 2291//4
f 2296//5 2289//5 2292//5
f 2297//1 2299//1 2300//1
f 2303//2 2301//2 2304//2
f 2301//6 2298//6 2297//6
f 2302//3 2299//3 2298//3
f 2303//4 2300//4 2299//4
f 2304//5 2297//5 2300//5
f 2305//1 2307//1 2308//1
f 2311//2 2309//2 2312//2
f 2309//6 2306//6 2305//6
f 2310//3 2307//3 2306//3
f 2311//4 2308//4 2307//4
f 2312//5 2305//5 2308//5
f 2314//1 2316//1 2313//1
f 2320//2 2318//2 2317//2
f 2317//6 2314//6 2313//6
f 2318//3 2315//3 2314//3
f 2319//4 2316//4 2315//4
f 2320//5 2313//5 2316//5
f 2322//1 2324//1 2321//1
f 2327//2 2325//2 2328//2
f 2325//6 2322//6 2321//6
f 2326//3 2323//3 2322//3
f 2327//4 2324//4 2323//4
f 2328//5 2321//5 2324//5
f 2330//1 2332//1 2329//1
f 2335//2 2333//2 2336//2
f 2333//6 2330//6 2329//6
f 2334//3 2331//3 2330//3
f 2335//4 2332//4 2331//4
f 2336//5 2329//5 2332//5
f 2337//1 2339//1 2340//1
f 2343//2 2341//2 2344//2
f 2341//6 2338//6 2337//6
f 2342//3 2339//3 2338//3
f 2343//4 2340//4 2339//4
f 2344//5 2337//5 2340//5
f 2345//1 2347//1 2348//1
f 2351//2 2349//2 2352//2
f 2349//6 2346//6 2345//6
f 2350//3 2347//3 2346//3
f 2351//4 2348//4 2347//4
f 2352//5 2345//5 2348//5
f 2354//1 2356//1 2353//1
f 2360//2 2358//2 2357//2
f 2357//6 2354//6 2353//6
f 2358//3 2355//3 2354//3
f 2359//4 2356//4 2355//4
f 2360//5 2353//5 2356//5
f 2362//1 2364//1 2361//1
f 2367//2 2365//2 2368//2
f 2365//6 2362//6 2361//6
f 2366//3 2363//3 2362//3
f 2367//4 2364//4 2363//4
f 2368//5 2361//5 2364//5
f 2370//1 2372//1 2369//1
f 2375//2 2373//2 2376//2
f 2373//6 2370//6 2369//6
f 2374//3 2371//3 2370//3
f 2375//4 2372//4 2371//4
f 2376//5 2369//5 2372//5
f 2377//1 2379//1 2380//1
f 2383//2 2381//2 2384//2
f 2381//6 2378//6 2377//6
f 2382//3 2379//3 2378//3
f 2383//4 2380//4 2379//4
f 2384//5 2377//5 2380//5
f 2385//1 2387//1 2388//1
f 2391//2 2389//2 2392//2
f 2389//6 2386//6 2385//6
f 2390//3 2387//3 2386//3
f 2391//4 2388//4 2387//4
f 2392//5 2385//5 2388//5
f 2394//1 2396//1 2393//1
f 2400//2 2398//2 2397//2
f 2397//6 2394//6 2393//6
f 2398//3 2395//3 2394//3
f 2399//4 2396//4 2395//4
f 2400//5 2393//5 2396//5
f 2402//1 2404//1 2401//1
f 2407//2 2405//2 2408//2
f 2405//6 2402//6 2401//6
f 2406//3 2403//3 2402//3
f 2407//4 2404//4 2403//4
f 2408//5 2401//5 2404//5
f 2410//1 2412//1 2409//1
f 2415//2 2413//2 2416//2
f 2413//6 2410//6 2409//6
f 2414//3 2411//3 2410//3
f 2415//4 2412//4 2411//4
f 2416//5 2409//5 2412//5
f 2417//1 2419//1 2420//1
f 2423//2 2421//2 2424//2
f 2421//6 2418//6 2417//6
f 2422//3 2419//3 2418//3
f 2423//4 2420//4 2419//4
f 2424//5 2417//5 2420//5
f 2425//1 2427//1 2428//1
f 2431//2 2429//2 2432//2
f 2429//6 2426//6 2425//6
f 2430//3 2427//3 2426//3
f 2431//4 2428//4 2427//4
f 2432//5 2425//5 2428//5
f 2434//1 2436//1 2433//1
f 2440//2 2438//2 2437//2
f 2437//6 2434//6 2433//6
f 2438//3 2435//3 2434//3
f 2439//4 2436//4 2435//4
f 2440//5 2433//5 2436//5
f 2442//1 2444//1 2441//1
f 2447//2 2445//2 2448//2
f 2445//6 2442//6 2441//6
f 2446//3 2443//3 2442//3
f 2447//4 2444//4 2443//4
f 2448//5 2441//5 2444//5
f 2450//1 2452//1 2449//1
f 2455//2 2453//2 2456//2
f 2453//6 2450//6 2449//6
f 2454//3 2451//3 2450//3
f 2455//4 2452//4 2451//4
f 2456//5 2449//5 2452//5
f 2457//1 2459//1 2460//1
f 2463//2 2461//2 2464//2
f 2461//6 2458//6 2457//6
f 2462//3 2459//3 2458//3
f 2463//4 2460//4 2459//4
f 2464//5 2457//5 2460//5
f 2465//1 2467//1 2468//1
f 2471//2 2469//2 2472//2
f 2469//6 2466//6 2465//6
f 2470//3 2467//3 2466//3
f 2471//4 2468//4 2467//4
f 2472//5 2465//5 2468//5
f 2474//1 2476//1 2473//1
f 2480//2 2478//2 2477//2
f 2477//6 2474//6 2473//6
f 2478//3 2475//3 2474//3
f 2479//4 2476//4 2475//4
f 2480//5 2473//5 2476//5
f 2482//1 2484//1 2481//1
f 2487//2 2485//2 2488//2
f 2485//6 2482//6 2481//6
f 2486//3 2483//3 2482//3
f 2487//4 2484//4 2483//4
f 2488//5 2481//5 2484//5
f 2490//1 2492//1 2489//1
f 2495//2 2493//2 2496//2
f 2493//6 2490//6 2489//6
f 2494//3 2491//3 2490//3
f 2495//4 2492//4 2491//4
f 2496//5 2489//5 2492//5
f 2497//1 2499//1 2500//1
f 2503//2 2501//2 2504//2
f 2501//6 2498//6 2497//6
f 2502//3 2499//3 2498//3
f 2503//4 2500//4 2499//4
f 2504//5 2497//5 2500//5
f 2505//1 2507//1 2508//1
f 2511//2 2509//2 2512//2
f 2509//6 2506//6 2505//6
f 2510//3 2507//3 2506//3
f 2511//4 2508//4 2507//4
f 2512//5 2505//5 2508//5
f 2514//1 2516//1 2513//1
f 2520//2 2518//2 2517//2
f 2517//6 2514//6 2513//6
f 2518//3 2515//3 2514//3
f 2519//4 2516//4 2515//4
f 2520//5 2513//5 2516//5
f 2522//1 2524//1 2521//1
f 2527//2 2525//2 2528//2
f 2525//6 2522//6 2521//6
f 2526//3 2523//3 2522//3
f 2527//4 2524//4 2523//4
f 2528//5 2521//5 2524//5
f 2530//1 2532//1 2529//1
f 2535//2 2533//2 2536//2
f 2533//6 2530//6 2529//6
f 2534//3 2531//3 2530//3
f 2535//4 2532//4 2531//4
f 2536//5 2529//5 2532//5
f 2537//1 2539//1 2540//1
f 2543//2 2541//2 2544//2
f 2541//6 2538//6 2537//6
f 2542//3 2539//3 2538//3
f 2543//4 2540//4 2539//4
f 2544//5 2537//5 2540//5
f 2545//1 2547//1 2548//1
f 2551//2 2549//2 2552//2
f 2549//6 2546//6 2545//6
f 2550//3 2547//3 2546//3
f 2551//4 2548//4 2547//4
f 2552//5 2545//5 2548//5
f 2554//1 2556//1 2553//1
f 2560//2 2558//2 2557//2
f 2557//6 2554//6 2553//6
f 2558//3 2555//3 2554//3
f 2559//4 2556//4 2555//4
f 2560//5 2553//5 2556//5
f 2562//1 2564//1 2561//1
f 2567//2 2565//2 2568//2
f 2565//6 2562//6 2561//6
f 2566//3 2563//3 2562//3
f 2567//4 2564//4 2563//4
f 2568//5 2561//5 2564//5
f 2570//1 2572//1 2569//1
f 2575//2 2573//2 2576//2
f 2573//6 2570//6 2569//6
f 2574//3 2571//3 2570//3
f 2575//4 2572//4 2571//4
f 2576//5 2569//5 2572//5
f 2577//1 2579//1 2580//1
f 2583//2 2581//2 2584//2
f 2581//6 2578//6 2577//6
f 2582//3 2579//3 2578//3
f 2583//4 2580//4 2579//4
f 2584//5 2577//5 2580//5
f 2585//1 2587//1 2588//1
f 2591//2 2589//2 2592//2
f 2589//6 2586//6 2585//6
f 2590//3 2587//3 2586//3
f 2591//4 2588//4 2587//4
f 2592//5 2585//5 2588//5
f 2594//1 2596//1 2593//1
f 2600//2 2598//2 2597//2
f 2597//6 2594//6 2593//6
f 2598//3 2595//3 2594//3
f 2599//4 2596//4 2595//4
f 2600//5 2593//5 2596//5
f 2602//1 2604//1 2601//1
f 2607//2 2605//2 2608//2
f 2605//6 2602//6 2601//6
f 2606//3 2603//3 2602//3
f 2607//4 2604//4 2603//4
f 2608//5 2601//5 2604//5
f 2610//1 2612//1 2609//1
f 2615//2 2613//2 2616//2
f 2613//6 2610//6 2609//6
f 2614//3 2611//3 2610//3
f 2615//4 2612//4 2611//4
f 2616//5 2609//5 2612//5
f 2617//1 2619//1 2620//1
f 2623//2 2621//2 2624//2
f 2621//6 2618//6 2617//6
f 2622//3 2619//3 2618//3
f 2623//4 2620//4 2619//4
f 2624//5 2617//5 2620//5
f 2625//1 2627//1 2628//1
f 2631//2 2629//2 2632//2
f 2629//6 2626//6 2625//6
f 2630//3 2627//3 2626//3
f 2631//4 2628//4 2627//4
f 2632//5 2625//5 2628//5
f 2634//1 2636//1 2633//1
f 2640//2 2638//2 2637//2
f 2637//6 2634//6 2633//6
f 2638//3 2635//3 2634//3
f 2639//4 2636//4 2635//4
f 2640//5 2633//5 2636//5
f 2642//1 2644//1 2641//1
f 2647//2 2645//2 2648//2
f 2645//6 2642//6 2641//6
f 2646//3 2643//3 2642//3
f 2647//4 2644//4 2643//4
f 2648//5 2641//5 2644//5
f 2650//1 2652//1 2649//1
f 2655//2 2653//2 2656//2
f 2653//6 2650//6 2649//6
f 2654//3 2651//3 2650//3
f 2655//4 2652//4 2651//4
f 2656//5 2649//5 2652//5
f 2657//1 2659//1 2660//1
f 2663//2 2661//2 2664//2
f 2661//6 2658//6 2657//6
f 2662//3 2659//3 2658//3
f 2663//4 2660//4 2659//4
f 2664//5 2657//5 2660//5
f 2665//1 2667//1 2668//1
f 2671//2 2669//2 2672//2
f 2669//6 2666//6 2665//6
f 2670//3 2667//3 2666//3
f 2671//4 2668//4 2667//4
f 2672//5 2665//5 2668//5
f 2674//1 2676//1 2673//1
f 2680//2 2678//2 2677//2
f 2677//6 2674//6 2673//6
f 2678//3 2675//3 2674//3
f 2679//4 2676//4 2675//4
f 2680//5 2673//5 2676//5
f 2682//1 2684//1 2681//1
f 2687//2 2685//2 2688//2
f 2685//6 2682//6 2681//6
f 2686//3 2683//3 2682//3
f 2687//4 2684//4 2683//4
f 2688//5 2681//5 2684//5
f 2690//1 2692//1 2689//1
f 2695//2 2693//2 2696//2
f 2693//6 2690//6 2689//6
f 2694//3 2691//3 2690//3
f 2695//4 2692//4 2691//4
f 2696//5 2689//5 2692//5
f 2697//1 2699//1 2700//1
f 2703//2 2701//2 2704//2
f 2701//6 2698//6 2697//6
f 2702//3 2699//3 2698//3
f 2703//4 2700//4 2699//4
f 2704//5 2697//5 2700//5
f 2705//1 2707//1 2708//1
f 2711//2 2709//2 2712//2
f 2709//6 2706//6 2705//6
f 2710//3 2707//3 2706//3
f 2711//4 2708//4 2707//4
f 2712//5 2705//5 2708//5
f 2714//1 2716//1 2713//1
f 2720//2 2718//2 2717//2
f 2717//6 2714//6 2713//6
f 2718//3 2715//3 2714//3
f 2719//4 2716//4 2715//4
f 2720//5 2713//5 2716//5
f 2722//1 2724//1 2721//1
f 2727//2 2725//2 2728//2
f 2725//6 2722//6 2721//6
f 2726//3 2723//3 2722//3
f 2727//4 2724//4 2723//4
f 2728//5 2721//5 2724//5
f 2730//1 2732//1 2729//1
f 2735//2 2733//2 2736//2
f 2733//6 2730//6 2729//6
f 2734//3 2731//3 2730//3
f 2735//4 2732//4 2731//4
f 2736//5 2729//5 2732//5
f 2737//1 2739//1 2740//1
f 2743//2 2741//2 2744//2
f 2741//6 2738//6 2737//6
f 2742//3 2739//3 2738//3
f 2743//4 2740//4 2739//4
f 2744//5 2737//5 2740//5
f 2745//1 2747//1 2748//1
f 2751//2 2749//2 2752//2
f 2749//6 2746//6 2745//6
f 2750//3 2747//3 2746//3
f 2751//4 2748//4 2747//4
f 2752//5 2745//5 2748//5
f 2754//1 2756//1 2753//1
f 2760//8 2758//8 2757//8
f 2757//6 2754//6 2753//6
f 2758//3 2755//3 2754//3
f 2759//4 2756//4 2755//4
f 2760//5 2753//5 2756//5
f 2762//1 2764//1 2761//1
f 2767//2 2765//2 2768//2
f 2765//6 2762//6 2761//6
f 2766//3 2763//3 2762//3
f 2767//4 2764//4 2763//4
f 2768//5 2761//5 2764//5
f 2770//1 2772//1 2769//1
f 2775//2 2773//2 2776//2
f 2773//6 2770//6 2769//6
f 2774//3 2771//3 2770//3
f 2775//4 2772//4 2771//4
f 2776//5 2769//5 2772//5
f 2777//1 2779//1 2780//1
f 2783//2 2781//2 2784//2
f 2781//6 2778//6 2777//6
f 2782//3 2779//3 2778//3
f 2783//4 2780//4 2779//4
f 2784//5 2777//5 2780//5
f 2785//1 2787//1 2788//1
f 2791//2 2789//2 2792//2
f 2789//6 2786//6 2785//6
f 2790//3 2787//3 2786//3
f 2791//4 2788//4 2787//4
f 2792//5 2785//5 2788//5
f 2794//7 2796//7 2793//7
f 2800//2 2798//2 2797//2
f 2797//6 2794//6 2793//6
f 2798//3 2795//3 2794//3
f 2799//4 2796//4 2795//4
f 2800//5 2793//5 2796//5
f 2802//1 2804//1 2801//1
f 2807//2 2805//2 2808//2
f 2805//6 2802//6 2801//6
f 2806//3 2803//3 2802//3
f 2807//4 2804//4 2803//4
f 2808//5 2801//5 2804//5
f 2810//1 2812//1 2809//1
f 2815//2 2813//2 2816//2
f 2813//6 2810//6 2809//6
f 2814//3 2811//3 2810//3
f 2815//4 2812//4 2811//4
f 2816//5 2809//5 2812//5
f 2817//1 2819//1 2820//1
f 2823//2 2821//2 2824//2
f 2821//6 2818//6 2817//6
f 2822//3 2819//3 2818//3
f 2823//4 2820//4 2819//4
f 2824//5 2817//5 2820//5
f 2825//1 2827//1 2828//1
f 2831//2 2829//2 2832//2
f 2829//6 2826//6 2825//6
f 2830//3 2827//3 2826//3
f 2831//4 2828//4 2827//4
f 2832//5 2825//5 2828//5
f 2834//1 2836//1 2833//1
f 2840//2 2838//2 2837//2
f 2837//6 2834//6 2833//6
f 2838//3 2835//3 2834//3
f 2839//4 2836//4 2835//4
f 2840//5 2833//5 2836//5
f 2842//1 2844//1 2841//1
f 2847//2 2845//2 2848//2
f 2845//6 2842//6 2841//6
f 2846//3 2843//3 2842//3
f 2847//4 2844//4 2843//4
f 2848//5 2841//5 2844//5
f 2850//1 2852//1 2849//1
f 2855//2 2853//2 2856//2
f 2853//6 2850//6 2849//6
f 2854//3 2851//3 2850//3
f 2855//4 2852//4 2851//4
f 2856//5 2849//5 2852//5
f 2857//1 2859//1 2860//1
f 2863//2 2861//2 2864//2
f 2861//6 2858//6 2857//6
f 2862//3 2859//3 2858//3
f 2863//4 2860//4 2859//4
f 2864//5 2857//5 2860//5
f 2865//1 2867//1 2868//1
f 2871//2 2869//2 2872//2
f 2869//6 2866//6 2865//6
f 2870//3 2867//3 2866//3
f 2871//4 2868//4 2867//4
f 2872//5 2865//5 2868//5
f 2874//7 2876//7 2873//7
f 2880//9 2878//9 2877//9
f 2877//6 2874//6 2873//6
f 2878//3 2875//3 2874//3
f 2879//4 2876//4 2875//4
f 2880//5 2873//5 2876//5
f 2882//1 2884//1 2881//1
f 2887//9 2885//9 2888//9
f 2885//6 2882//6 2881//6
f 2886//3 2883//3 2882//3
f 2887//4 2884//4 2883//4
f 2888//5 2881//5 2884//5
f 2890//1 2892//1 2889//1
f 2895//9 2893//9 2896//9
f 2893//6 2890//6 2889//6
f 2894//3 2891//3 2890//3
f 2895//4 2892//4 2891//4
f 2896//5 2889//5 2892//5
f 2897//10 2899//10 2900//10
f 2903//2 2901//2 2904//2
f 2901//6 2898//6 2897//6
f 2902//3 2899//3 2898//3
f 2903//4 2900//4 2899//4
f 2904//5 2897//5 2900//5
f 2905//10 2907//10 2908//10
f 2911//2 2909//2 2912//2
f 2909//6 2906//6 2905//6
f 2910//3 2907//3 2906//3
f 2911//4 2908//4 2907//4
f 2912//5 2905//5 2908//5
f 2914//1 2916//1 2913//1
f 2920//8 2918//8 2917//8
f 2917//6 2914//6 2913//6
f 2918//3 2915//3 2914//3
f 2919//4 2916//4 2915//4
f 2920//5 2913//5 2916//5
f 2922//1 2924//1 2921//1
f 2927//2 2925//2 2928//2
f 2925//6 2922//6 2921//6
f 2926//3 2923//3 2922//3
f 2927//4 2924//4 2923//4
f 2928//5 2921//5 2924//5
f 2930//1 2932//1 2929//1
f 2935//2 2933//2 2936//2
f 2933//6 2930//6 2929//6
f 2934//3 2931//3 2930//3
f 2935//4 2932//4 2931//4
f 2936//5 2929//5 2932//5
f 2937//1 2939//1 2940//1
f 2943//2 2941//2 2944//2
f 2941//6 2938//6 2937//6
f 2942//3 2939//3 2938//3
f 2943//4 2940//4 2939//4
f 2944//5 2937//5 2940//5
f 2945//1 2947//1 2948//1
f 2951//2 2949//2 2952//2
f 2949//6 2946//6 2945//6
f 2950//3 2947//3 2946//3
f 2951//4 2948//4 2947//4
f 2952//5 2945//5 2948//5
f 2954//7 2956//7 2953//7
f 2960//2 2958//2 2957//2
f 2957//6 2954//6 2953//6
f 2958//3 2955//3 2954//3
f 2959//4 2956//4 2955//4
f 2960//5 2953//5 2956//5
f 2962//1 2964//1 2961//1
f 2967//9 2965//9 2968//9
f 2965//6 2962//6 2961//6
f 2966//3 2963//3 2962//3
f 2967//4 2964//4 2963//4
f 2968//5 2961//5 2964//5
f 2970//1 2972//1 2969//1
f 2975//9 2973//9 2976//9
f 2973//6 2970//6 2969//6
f 2974//3 2971//3 2970//3
f 2975//4 2972//4 2971//4
f 2976//5 2969//5 2972//5
f 2977//12 2979//12 2980//12
f 2983//2 2981//2 2984//2
f 2981//6 2978//6 2977//6
f 2982//3 2979//3 2978//3
f 2983//4 2980//4 2979//4
f 2984//5 2977//5 2980//5
f 2985//12 2987//12 2988//12
f 2991//2 2989//2 2992//2
f 2989//6 2986//6 2985//6
f 2990//3 2987//3 2986//3
f 2991//4 2988//4 2987//4
f 2992//5 2985//5 2988//5
f 2994//7 2996//7 2993//7
f 3000//2 2998//2 2997//2
f 2997//6 2994//6 2993//6
f 2998//3 2995//3 2994//3
f 2999//4 2996//4 2995//4
f 3000//5 2993//5 2996//5
f 3002//1 3004//1 3001//1
f 3007//9 3005//9 3008//9
f 3005//6 3002//6 3001//6
f 3006//3 3003//3 3002//3
f 3007//4 3004//4 3003//4
f 3008//5 3001//5 3004//5
f 3010//1 3012//1 3009//1
f 3015//9 3013//9 3016//9
f 3013//6 3010//6 3009//6
f 3014//3 3011//3 3010//3
f 3015//4 3012//4 3011//4
f 3016//5 3009//5 3012//5
f 3017//1 3019//1 3020//1
f 3023//2 3021//2 3024//2
f 3021//6 3018//6 3017//6
f 3022//3 3019//3 3018//3
f 3023//4 3020//4 3019//4
f 3024//5 3017//5 3020//5
f 3025//1 3027//1 3028//1
f 3031//2 3029//2 3032//2
f 3029//6 3026//6 3025//6
f 3030//3 3027//3 3026//3
f 3031//4 3028//4 3027//4
f 3032//5 3025//5 3028//5
f 3034//1 3036//1 3033//1
f 3040//2 3038//2 3037//2
f 3037//6 3034//6 3033//6
f 3038//3 3035//3 3034//3
f 3039//4 3036//4 3035//4
f 3040//5 3033//5 3036//5
f 3042//1 3044//1 3041//1
f 3047//2 3045//2 3048//2
f 3045//6 3042//6 3041//6
f 3046//3 3043//3 3042//3
f 3047//4 3044//4 3043//4
f 3048//5 3041//5 3044//5
f 3050//1 3052//1 3049//1
f 3055//2 3053//2 3056//2
f 3053//6 3050//6 3049//6
f 3054//3 3051//3 3050//3
f 3055//4 3052//4 3051//4
f 3056//5 3049//5 3052//5
f 3057//12 3059//12 3060//12
f 3063//2 3061//2 3064//2
f 3061//6 3058//6 3057//6
f 3062//3 3059//3 3058//3
f 3063//4 3060//4 3059//4
f 3064//5 3057//5 3060//5
f 3065//12 3067//12 3068//12
f 3071//2 3069//2 3072//2
f 3069//6 3066//6 3065//6
f 3070//3 3067//3 3066//3
f 3071//4 3068//4 3067//4
f 3072//5 3065//5 3068//5
f 3074//1 3076//1 3073//1
f 3080//2 3078//2 3077//2
f 3077//6 3074//6 3073//6
f 3078//3 3075//3 3074//3
f 3079//4 3076//4 3075//4
f 3080//5 3073//5 3076//5
f 3082//1 3084//1 3081//1
f 3087//2 3085//2 3088//2
f 3085//6 3082//6 3081//6
f 3086//3 3083//3 3082//3
f 3087//4 3084//4 3083//4
f 3088//5 3081//5 3084//5
f 3090//1 3092//1 3089//1
f 3095//2 3093//2 3096//2
f 3093//6 3090//6 3089//6
f 3094//3 3091//3 3090//3
f 3095//4 3092//4 3091//4
f 3096//5 3089//5 3092//5
f 3097//1 3099//1 3100//1
f 3103//2 3101//2 3104//2
f 3101//6 3098//6 3097//6
f 3102//3 3099//3 3098//3
f 3103//4 3100//4 3099//4
f 3104//5 3097//5 3100//5
f 3105//1 3107//1 3108//1
f 3111//2 3109//2 3112//2
f 3109//6 3106//6 3105//6
f 3110//3 3107//3 3106//3
f 3111//4 3108//4 3107//4
f 3112//5 3105//5 3108//5
f 3114//7 3116//7 3113//7
f 3120//2 3118//2 3117//2
f 3117//6 3114//6 3113//6
f 3118//3 3115//3 3114//3
f 3119//4 3116//4 3115//4
f 3120//5 3113//5 3116//5
f 3122//1 3124//1 3121//1
f 3127//9 3125//9 3128//9
f 3125//6 3122//6 3121//6
f 3126//3 3123//3 3122//3
f 3127//4 3124//4 3123//4
f 3128//5 3121//5 3124//5
f 3130//1 3132//1 3129//1
f 3135//9 3133//9 3136//9
f 3133//6 3130//6 3129//6
f 3134//3 3131//3 3130//3
f 3135//4 3132//4 3131//4
f 3136//5 3129//5 3132//5
f 3137//12 3139//12 3140//12
f 3143//2 3141//2 3144//2
f 3141//6 3138//6 3137//6
f 3142//3 3139//3 3138//3
f 3143//4 3140//4 3139//4
f 3144//5 3137//5 3140//5
f 3145//12 3147//12 3148//12
f 3151//2 3149//2 3152//2
f 3149//6 3146//6 3145//6
f 3150//3 3147//3 3146//3
f 3151//4 3148//4 3147//4
f 3152//5 3145//5 3148//5
f 3154//7 3156//7 3153//7
f 3160//2 3158//2 3157//2
f 3157//6 3154//6 3153//6
f 3158//3 3155//3 3154//3
f 3159//4 3156//4 3155//4
f 3160//5 3153//5 3156//5
f 3162//10 3164//10 3161//10
f 3167//9 3165//9 3168//9
f 3165//6 3162//6 3161//6
f 3166//3 3163//3 3162//3
f 3167//4 3164//4 3163//4
f 3168//5 3161//5 3164//5
f 3170//10 3172//10 3169//10
f 3175//9 3173//9 3176//9
f 3173//6 3170//6 3169//6
f 3174//3 3171//3 3170//3
f 3175//4 3172//4 3171//4
f 3176//5 3169//5 3172//5
f 3177//1 3179//1 3180//1
f 3183//2 3181//2 3184//2
f 3181//6 3178//6 3177//6
f 3182//3 3179//3 3178//3
f 3183//4 3180//4 3179//4
f 3184//5 3177//5 3180//5
f 3185//1 3187//1 3188//1
f 3191//2 3189//2 3192//2
f 3189//6 3186//6 3185//6
f 3190//3 3187//3 3186//3
f 3191//4 3188//4 3187//4
f 3192//5 3185//5 3188//5
f 3194//10 3196//10 3193//10
f 3200//13 3198//13 3197//13
f 3197//6 3194//6 3193//6
f 3198//3 3195//3 3194//3
f 3199//4 3196//4 3195//4
f 3200//5 3193//5 3196//5
f 3202//7 3204//7 3201//7
f 3207//2 3205//2 3208//2
f 3205//6 3202//6 3201//6
f 3206//3 3203//3 3202//3
f 3207//4 3204//4 3203//4
f 3208//5 3201//5 3204//5
f 3210//7 3212//7 3209//7
f 3215//2 3213//2 3216//2
f 3213//6 3210//6 3209//6
f 3214//3 3211//3 3210//3
f 3215//4 3212//4 3211//4
f 3216//5 3209//5 3212//5
f 3217//12 3219//12 3220//12
f 3223//2 3221//2 3224//2
f 3221//6 3218//6 3217//6
f 3222//3 3219//3 3218//3
f 3223//4 3220//4 3219//4
f 3224//5 3217//5 3220//5
f 3225//12 3227//12 3228//12
f 3231//2 3229//2 3232//2
f 3229//6 3226//6 3225//6
f 3230//3 3227//3 3226//3
f 3231//4 3228//4 3227//4
f 3232//5 3225//5 3228//5
f 3234//7 3236//7 3233//7
f 3240//2 3238//2 3237//2
f 3237//6 3234//6 3233//6
f 3238//3 3235//3 3234//3
f 3239//4 3236//4 3235//4
f 3240//5 3233//5 3236//5
f 3242//1 3244//1 3241//1
f 3247//2 3245//2 3248//2
f 3245//6 3242//6 3241//6
f 3246//3 3243//3 3242//3
f 3247//4 3244//4 3243//4
f 3248//5 3241//5 3244//5
f 3250//1 3252//1 3249//1
f 3255//2 3253//2 3256//2
f 3253//6 3250//6 3249//6
f 3254//3 3251//3 3250//3
f 3255//4 3252//4 3251//4
f 3256//5 3249//5 3252//5
f 3257//1 3259//1 3260//1
f 3263//2 3261//2 3264//2
f 3261//6 3258//6 3257//6
f 3262//3 3259//3 3258//3
f 3263//4 3260//4 3259//4
f 3264//5 3257//5 3260//5
f 3265//1 3267//1 3268//1
f 3271//2 3269//2 3272//2
f 3269//6 3266//6 3265//6
f 3270//3 3267//3 3266//3
f 3271//4 3268//4 3267//4
f 3272//5 3265//5 3268//5
f 3274//7 3276//7 3273//7
f 3280//2 3278//2 3277//2
f 3277//6 3274//6 3273//6
f 3278//3 3275//3 3274//3
f 3279//4 3276//4 3275//4
f 3280//5 3273//5 3276//5
f 3282//1 3284//1 3281//1
f 3287//9 3285//9 3288//9
f 3285//6 3282//6 3281//6
f 3286//3 3283//3 3282//3
f 3287//4 3284//4 3283//4
f 3288//5 3281//5 3284//5
f 3290//1 3292//1 3289//1
f 3295//9 3293//9 3296//9
f 3293//6 3290//6 3289//6
f 3294//3 3291//3 3290//3
f 3295//4 3292//4 3291//4
f 3296//5 3289//5 3292//5
f 3297//12 3299//12 3300//12
f 3303//2 3301//2 3304//2
f 3301//6 3298//6 3297//6
f 3302//3 3299//3 3298//3
f 3303//4 3300//4 3299//4
f 3304//5 3297//5 3300//5
f 3305//12 3307//12 3308//12
f 3311//2 3309//2 3312//2
f 3309//6 3306//6 3305//6
f 3310//3 3307//3 3306//3
f 3311//4 3308//4 3307//4
f 3312//5 3305//5 3308//5
f 3314//7 3316//7 3313//7
f 3320//2 3318//2 3317//2
f 3317//6 3314//6 3313//6
f 3318//3 3315//3 3314//3
f 3319//4 3316//4 3315//4
f 3320//5 3313//5 3316//5
f 3322//10 3324//10 3321//10
f 3327//9 3325//9 3328//9
f 3325//6 3322//6 3321//6
f 3326//3 3323//3 3322//3
f 3327//4 3324//4 3323//4
f 3328//5 3321//5 3324//5
f 3330//10 3332//10 3329//10
f 3335//9 3333//9 3336//9
f 3333//6 3330//6 3329//6
f 3334//3 3331//3 3330//3
f 3335//4 3332//4 3331//4
f 3336//5 3329//5 3332//5
f 3337//1 3339//1 3340//1
f 3343//2 3341//2 3344//2
f 3341//6 3338//6 3337//6
f 3342//3 3339//3 3338//3
f 3343//4 3340//4 3339//4
f 3344//5 3337//5 3340//5
f 3345//1 3347//1 3348//1
f 3351//2 3349//2 3352//2
f 3349//6 3346//6 3345//6
f 3350//3 3347//3 3346//3
f 3351//4 3348//4 3347//4
f 3352//5 3345//5 3348//5
f 3354//10 3356//10 3353//10
f 3360//13 3358//13 3357//13
f 3357//6 3354//6 3353//6
f 3358//3 3355//3 3354//3
f 3359//4 3356//4 3355//4
f 3360//5 3353//5 3356//5
f 3362//10 3364//10 3361//10
f 3367//2 3365//2 3368//2
f 3365//6 3362//6 3361//6
f 3366//3 3363//3 3362//3
f 3367//4 3364//4 3363//4
f 3368//5 3361//5 3364//5
f 3370//10 3372//10 3369//10
f 3375//2 3373//2 3376//2
f 3373//6 3370//6 3369//6
f 3374//3 3371//3 3370//3
f 3375//4 3372//4 3371//4
f 3376//5 3369//5 3372//5
f 3377//11 3379//11 3380//11
f 3383//2 3381//2 3384//2
f 3381//6 3378//6 3377//6
f 3382//3 3379//3 3378//3
f 3383//4 3380//4 3379//4
f 3384//5 3377//5 3380//5
f 3385//11 3387//11 3388//11
f 3391//2 3389//2 3392//2
f 3389//6 3386//6 3385//6
f 3390//3 3387//3 3386//3
f 3391//4 3388//4 3387//4
f 3392//5 3385//5 3388//5
f 3394//10 3396//10 3393//10
f 3400//2 3398//2 3397//2
f 3397//6 3394//6 3393//6
f 3398//3 3395//3 3394//3
f 3399//4 3396//4 3395//4
f 3400//5 3393//5 3396//5
f 3402//11 3404//11 3401//11
f 3407//2 3405//2 3408//2
f 3405//6 3402//6 3401//6
f 3406//3 3403//3 3402//3
f 3407//4 3404//4 3403//4
f 3408//5 3401//5 3404//5
f 3410//11 3412//11 3409//11
f 3415//2 3413//2 3416//2
f 3413//6 3410//6 3409//6
f 3414//3 3411//3 3410//3
f 3415//4 3412//4 3411//4
f 3416//5 3409//5 3412//5
f 3417//12 3419//12 3420//12
f 3423//2 3421//2 3424//2
f 3421//6 3418//6 3417//6
f 3422//3 3419//3 3418//3
f 3423//4 3420//4 3419//4
f 3424//5 3417//5 3420//5
f 3425//12 3427//12 3428//12
f 3431//2 3429//2 3432//2
f 3429//6 3426//6 3425//6
f 3430//3 3427//3 3426//3
f 3431//4 3428//4 3427//4
f 3432//5 3425//5 3428//5
f 3434//7 3436//7 3433//7
f 3440//2 3438//2 3437//2
f 3437//6 3434//6 3433//6
f 3438//3 3435//3 3434//3
f 3439//4 3436//4 3435//4
f 3440//5 3433//5 3436//5
f 3442//1 3444//1 3441//1
f 3447//2 3445//2 3448//2
f 3445//6 3442//6 3441//6
f 3446//3 3443//3 3442//3
f 3447//4 3444//4 3443//4
f 3448//5 3441//5 3444//5
f 3450//1 3452//1 3449//1
f 3455//2 3453//2 3456//2
f 3453//6 3450//6 3449//6
f 3454//3 3451//3 3450//3
f 3455//4 3452//4 3451//4
f 3456//5 3449//5 3452//5
f 3457//1 3459//1 3460//1
f 3463//8 3461//8 3464//8
f 3461//6 3458//6 3457//6
f 3462//3 3459//3 3458//3
f 3463//4 3460//4 3459//4
f 3464//5 3457//5 3460//5
f 3465//1 3467//1 3468//1
f 3471//8 3469//8 3472//8
f 3469//6 3466//6 3465//6
f 3470//3 3467//3 3466//3
f 3471//4 3468//4 3467//4
f 3472//5 3465//5 3468//5
f 3474//7 3476//7 3473//7
f 3480//2 3478//2 3477//2
f 3477//6 3474//6 3473//6
f 3478//3 3475//3 3474//3
f 3479//4 3476//4 3475//4
f 3480//5 3473//5 3476//5
f 3482//7 3484//7 3481//7
f 3487//9 3485//9 3488//9
f 3485//6 3482//6 3481//6
f 3486//3 3483//3 3482//3
f 3487//4 3484//4 3483//4
f 3488//5 3481//5 3484//5
f 3490//7 3492//7 3489//7
f 3495//9 3493//9 3496//9
f 3493//6 3490//6 3489//6
f 3494//3 3491//3 3490//3
f 3495//4 3492//4 3491//4
f 3496//5 3489//5 3492//5
f 3497//1 3499//1 3500//1
f 3503//2 3501//2 3504//2
f 3501//6 3498//6 3497//6
f 3502//3 3499//3 3498//3
f 3503//4 3500//4 3499//4
f 3504//5 3497//5 3500//5
f 3505//1 3507//1 3508//1
f 3511//2 3509//2 3512//2
f 3509//6 3506//6 3505//6
f 3510//3 3507//3 3506//3
f 3511//4 3508//4 3507//4
f 3512//5 3505//5 3508//5
f 3514//10 3516//10 3513//10
f 3520//13 3518//13 3517//13
f 3517//6 3514//6 3513//6
f 3518//3 3515//3 3514//3
f 3519//4 3516//4 3515//4
f 3520//5 3513//5 3516//5
f 3522//1 3524//1 3521//1
f 3527//2 3525//2 3528//2
f 3525//6 3522//6 3521//6
f 3526//3 3523//3 3522//3
f 3527//4 3524//4 3523//4
f 3528//5 3521//5 3524//5
f 3530//1 3532//1 3529//1
f 3535//2 3533//2 3536//2
f 3533//6 3530//6 3529//6
f 3534//3 3531//3 3530//3
f 3535//4 3532//4 3531//4
f 3536//5 3529//5 3532//5
f 3537//11 3539//11 3540//11
f 3543//2 3541//2 3544//2
f 3541//6 3538//6 3537//6
f 3542//3 3539//3 3538//3
f 3543//4 3540//4 3539//4
f 3544//5 3537//5 3540//5
f 3545//11 3547//11 3548//11
f 3551//2 3549//2 3552//2
f 3549//6 3546//6 3545//6
f 3550//3 3547//3 3546//3
f 3551//4 3548//4 3547//4
f 3552//5 3545//5 3548//5
f 3554//10 3556//10 3553//10
f 3560//2 3558//2 3557//2
f 3557//6 3554//6 3553//6
f 3558//3 3555//3 3554//3
f 3559//4 3556//4 3555//4
f 3560//5 3553//5 3556//5
f 3562//11 3564//11 3561//11
f 3567//14 3565//14 3568//14
f 3565//6 3562//6 3561//6
f 3566//3 3563//3 3562//3
f 3567//4 3564//4 3563//4
f 3568//5 3561//5 3564//5
f 3570//11 3572//11 3569//11
f 3575//14 3573//14 3576//14
f 3573//6 3570//6 3569//6
f 3574//3 3571//3 3570//3
f 3575//4 3572//4 3571//4
f 3576//5 3569//5 3572//5
f 3577//12 3579//12 3580//12
f 3583//14 3581//14 3584//14
f 3581//6 3578//6 3577//6
f 3582//3 3579//3 3578//3
f 3583//4 3580//4 3579//4
f 3584//5 3577//5 3580//5
f 3585//12 3587//12 3588//12
f 3591//14 3589//14 3592//14
f 3589//6 3586//6 3585//6
f 3590//3 3587//3 3586//3
f 3591//4 3588//4 3587//4
f 3592//5 3585//5 3588//5
f 3594//7 3596//7 3593//7
f 3600//2 3598//2 3597//2
f 3597//6 3594//6 3593//6
f 3598//3 3595//3 3594//3
f 3599//4 3596//4 3595//4
f 3600//5 3593//5 3596//5
f 3602//1 3604//1 3601//1
f 3607//13 3605//13 3608//13
f 3605//6 3602//6 3601//6
f 3606//3 3603//3 3602//3
f 3607//4 3604//4 3603//4
f 3608//5 3601//5 3604//5
f 3610//1 3612//1 3609//1
f 3615//13 3613//13 3616//13
f 3613//6 3610//6 3609//6
f 3614//3 3611//3 3610//3
f 3615//4 3612//4 3611//4
f 3616//5 3609//5 3612//5
f 3617//1 3619//1 3620//1
f 3623//2 3621//2 3624//2
f 3621//6 3618//6 3617//6
f 3622//3 3619//3 3618//3
f 3623//4 3620//4 3619//4
f 3624//5 3617//5 3620//5
f 3625//1 3627//1 3628//1
f 3631//2 3629//2 3632//2
f 3629//6 3626//6 3625//6
f 3630//3 3627//3 3626//3
f 3631//4 3628//4 3627//4
f 3632//5 3625//5 3628//5
f 3634//7 3636//7 3633//7
f 3640//18 3638//18 3637//18
f 3637//6 3634//6 3633//6
f 3638//3 3635//3 3634//3
f 3639//4 3636//4 3635//4
f 3640//5 3633//5 3636//5
f 3642//7 3644//7 3641//7
f 3647//9 3645//9 3648//9
f 3645//6 3642//6 3641//6
f 3646//3 3643//3 3642//3
f 3647//4 3644//4 3643//4
f 3648//5 3641//5 3644//5
f 3650//7 3652//7 3649//7
f 3655//9 3653//9 3656//9
f 3653//6 3650//6 3649//6
f 3654//3 3651//3 3650//3
f 3655//4 3652//4 3651//4
f 3656//5 3649//5 3652//5
f 3657//1 3659//1 3660//1
f 3663//8 3661//8 3664//8
f 3661//6 3658//6 3657//6
f 3662//3 3659//3 3658//3
f 3663//4 3660//4 3659//4
f 3664//5 3657//5 3660//5
f 3665//1 3667//1 3668//1
f 3671//8 3669//8 3672//8
f 3669//6 3666//6 3665//6
f 3670//3 3667//3 3666//3
f 3671//4 3668//4 3667//4
f 3672//5 3665//5 3668//5
f 3674//7 3676//7 3673//7
f 3680//2 3678//2 3677//2
f 3677//6 3674//6 3673//6
f 3678//3 3675//3 3674//3
f 3679//4 3676//4 3675//4
f 3680//5 3673//5 3676//5
f 3682//7 3684//7 3681//7
f 3687//2 3685//2 3688//2
f 3685//6 3682//6 3681//6
f 3686//3 3683//3 3682//3
f 3687//4 3684//4 3683//4
f 3688//5 3681//5 3684//5
f 3690//7 3692//7 3689//7
f 3695//2 3693//2 3696//2
f 3693//6 3690//6 3689//6
f 3694//3 3691//3 3690//3
f 3695//4 3692//4 3691//4
f 3696//5 3689//5 3692//5
f 3697//1 3699//1 3700//1
f 3703//2 3701//2 3704//2
f 3701//6 3698//6 3697//6
f 3702//3 3699//3 3698//3
f 3703//4 3700//4 3699//4
f 3704//5 3697//5 3700//5
f 3705//1 3707//1 3708//1
f 3711//2 3709//2 3712//2
f 3709//6 3706//6 3705//6
f 3710//3 3707//3 3706//3
f 3711//4 3708//4 3707//4
f 3712//5 3705//5 3708//5
f 3714//10 3716//10 3713//10
f 3720//2 3718//2 3717//2
f 3717//6 3714//6 3713//6
f 3718//3 3715//3 3714//3
f 3719//4 3716//4 3715//4
f 3720//5 3713//5 3716//5
f 3722//1 3724//1 3721//1
f 3727//18 3725//18 3728//18
f 3725//6 3722//6 3721//6
f 3726//3 3723//3 3722//3
f 3727//4 3724//4 3723//4
f 3728//5 3721//5 3724//5
f 3730//1 3732//1 3729//1
f 3735//18 3733//18 3736//18
f 3733//6 3730//6 3729//6
f 3734//3 3731//3 3730//3
f 3735//4 3732//4 3731//4
f 3736//5 3729//5 3732//5
f 3737//1 3739//1 3740//1
f 3743//14 3741//14 3744//14
f 3741//6 3738//6 3737//6
f 3742//3 3739//3 3738//3
f 3743//4 3740//4 3739//4
f 3744//5 3737//5 3740//5
f 3745//1 3747//1 3748//1
f 3751//14 3749//14 3752//14
f 3749//6 3746//6 3745//6
f 3750//3 3747//3 3746//3
f 3751//4 3748//4 3747//4
f 3752//5 3745//5 3748//5
f 3754//10 3756//10 3753//10
f 3760//2 3758//2 3757//2
f 3757//6 3754//6 3753//6
f 3758//3 3755//3 3754//3
f 3759//4 3756//4 3755//4
f 3760//5 3753//5 3756//5
f 3762//1 3764//1 3761//1
f 3767//2 3765//2 3768//2
f 3765//6 3762//6 3761//6
f 3766//3 3763//3 3762//3
f 3767//4 3764//4 3763//4
f 3768//5 3761//5 3764//5
f 3770//1 3772//1 3769//1
f 3775//2 3773//2 3776//2
f 3773//6 3770//6 3769//6
f 3774//3 3771//3 3770//3
f 3775//4 3772//4 3771//4
f 3776//5 3769//5 3772//5
f 3777//1 3779//1 3780//1
f 3783//2 3781//2 3784//2
f 3781//6 3778//6 3777//6
f 3782//3 3779//3 3778//3
f 3783//4 3780//4 3779//4
f 3784//5 3777//5 3780//5
f 3785//1 3787//1 3788//1
f 3791//2 3789//2 3792//2
f 3789//6 3786//6 3785//6
f 3790//3 3787//3 3786//3
f 3791//4 3788//4 3787//4
f 3792//5 3785//5 3788//5
f 3794//7 3796//7 3793//7
f 3800//2 3798//2 3797//2
f 3797//6 3794//6 3793//6
f 3798//3 3795//3 3794//3
f 3799//4 3796//4 3795//4
f 3800//5 3793//5 3796//5
f 3802//7 3804//7 3801//7
f 3807//8 3805//8 3808//8
f 3805//6 3802//6 3801//6
f 3806//3 3803//3 3802//3
f 3807//4 3804//4 3803//4
f 3808//5 3801//5 3804//5
f 3810//7 3812//7 3809//7
f 3815//8 3813//8 3816//8
f 3813//6 3810//6 3809//6
f 3814//3 3811//3 3810//3
f 3815//4 3812//4 3811//4
f 3816//5 3809//5 3812//5
f 3817//1 3819//1 3820//1
f 3823//8 3821//8 3824//8
f 3821//6 3818//6 3817//6
f 3822//3 3819//3 3818//3
f 3823//4 3820//4 3819//4
f 3824//5 3817//5 3820//5
f 3825//1 3827//1 3828//1
f 3831//8 3829//8 3832//8
f 3829//6 3826//6 3825//6
f 3830//3 3827//3 3826//3
f 3831//4 3828//4 3827//4
f 3832//5 3825//5 3828//5
f 3834//10 3836//10 3833//10
f 3840//18 3838//18 3837//18
f 3837//6 3834//6 3833//6
f 3838//3 3835//3 3834//3
f 3839//4 3836//4 3835//4
f 3840//5 3833//5 3836//5
f 3842//16 3844//16 3841//16
f 3847//14 3845//14 3848//14
f 3845//6 3842//6 3841//6
f 3846//3 3843//3 3842//3
f 3847//4 3844//4 3843//4
f 3848//5 3841//5 3844//5
f 3850//16 3852//16 3849//16
f 3855//14 3853//14 3856//14
f 3853//6 3850//6 3849//6
f 3854//3 3851//3 3850//3
f 3855//4 3852//4 3851//4
f 3856//5 3849//5 3852//5
f 3857//1 3859//1 3860//1
f 3863//2 3861//2 3864//2
f 3861//6 3858//6 3857//6
f 3862//3 3859//3 3858//3
f 3863//4 3860//4 3859//4
f 3864//5 3857//5 3860//5
f 3865//1 3867//1 3868//1
f 3871//2 3869//2 3872//2
f 3869//6 3866//6 3865//6
f 3870//3 3867//3 3866//3
f 3871//4 3868//4 3867//4
f 3872//5 3865//5 3868//5
f 3874//16 3876//16 3873//16
f 3880//2 3878//2 3877//2
f 3877//6 3874//6 3873//6
f 3878//3 3875//3 3874//3
f 3879//4 3876//4 3875//4
f 3880//5 3873//5 3876//5
f 3882//1 3884//1 3881//1
f 3887//14 3885//14 3888//14
f 3885//6 3882//6 3881//6
f 3886//3 3883//3 3882//3
f 3887//4 3884//4 3883//4
f 3888//5 3881//5 3884//5
f 3890//1 3892//1 3889//1
f 3895//14 3893//14 3896//14
f 3893//6 3890//6 3889//6
f 3894//3 3891//3 3890//3
f 3895//4 3892//4 3891//4
f 3896//5 3889//5 3892//5
f 3897//1 3899//1 3900//1
f 3903//14 3901//14 3904//14
f 3901//6 3898//6 3897//6
f 3902//3 3899//3 3898//3
f 3903//4 3900//4 3899//4
f 3904//5 3897//5 3900//5
f 3905//1 3907//1 3908//1
f 3911//14 3909//14 3912//14
f 3909//6 3906//6 3905//6
f 3910//3 3907//3 3906//3
f 3911//4 3908//4 3907//4
f 3912//5 3905//5 3908//5
f 3914//7 3916//7 3913//7
f 3920//2 3918//2 3917//2
f 3917//6 3914//6 3913//6
f 3918//3 3915//3 3914//3
f 3919//4 3916//4 3915//4
f 3920//5 3913//5 3916//5
f 3922//1 3924//1 3921//1
f 3927//13 3925//13 3928//13
f 3925//6 3922//6 3921//6
f 3926//3 3923//3 3922//3
f 3927//4 3924//4 3923//4
f 3928//5 3921//5 3924//5
f 3930//1 3932//1 3929//1
f 3935//13 3933//13 3936//13
f 3933//6 3930//6 3929//6
f 3934//3 3931//3 3930//3
f 3935//4 3932//4 3931//4
f 3936//5 3929//5 3932//5
f 3937//1 3939//1 3940//1
f 3943//2 3941//2 3944//2
f 3941//6 3938//6 3937//6
f 3942//3 3939//3 3938//3
f 3943//4 3940//4 3939//4
f 3944//5 3937//5 3940//5
f 3945//1 3947//1 3948//1
f 3951//2 3949//2 3952//2
f 3949//6 3946//6 3945//6
f 3950//3 3947//3 3946//3
f 3951//4 3948//4 3947//4
f 3952//5 3945//5 3948//5
f 3954//10 3956//10 3953//10
f 3960//2 3958//2 3957//2
f 3957//6 3954//6 3953//6
f 3958//3 3955//3 3954//3
f 3959//4 3956//4 3955//4
f 3960//5 3953//5 3956//5
f 3962//7 3964//7 3961//7
f 3967//9 3965//9 3968//9
f 3965//6 3962//6 3961//6
f 3966//3 3963//3 3962//3
f 3967//4 3964//4 3963//4
f 3968//5 3961//5 3964//5
f 3970//7 3972//7 3969//7
f 3975//9 3973//9 3976//9
f 3973//6 3970//6 3969//6
f 3974//3 3971//3 3970//3
f 3975//4 3972//4 3971//4
f 3976//5 3969//5 3972//5
f 3977//1 3979//1 3980//1
f 3983//8 3981//8 3984//8
f 3981//6 3978//6 3977//6
f 3982//3 3979//3 3978//3
f 3983//4 3980//4 3979//4
f 3984//5 3977//5 3980//5
f 3985//1 3987//1 3988//1
f 3991//8 3989//8 3992//8
f 3989//6 3986//6 3985//6
f 3990//3 3987//3 3986//3
f 3991//4 3988//4 3987//4
f 3992//5 3985//5 3988//5
f 3994//7 3996//7 3993//7
f 4000//2 3998//2 3997//2
f 3997//6 3994//6 3993//6
f 3998//3 3995//3 3994//3
f 3999//4 3996//4 3995//4
f 4000//5 3993//5 3996//5
f 4002//7 4004//7 4001//7
f 4007//2 4005//2 4008//2
f 4005//6 4002//6 4001//6
f 4006//3 4003//3 4002//3
f 4007//4 4004//4 4003//4
f 4008//5 4001//5 4004//5
f 4010//7 4012//7 4009//7
f 4015//2 4013//2 4016//2
f 4013//6 4010//6 4009//6
f 4014//3 4011//3 4010//3
f 4015//4 4012//4 4011//4
f 4016//5 4009//5 4012//5
f 4017//1 4019//1 4020//1
f 4023//2 4021//2 4024//2
f 4021//6 4018//6 4017//6
f 4022//3 4019//3 4018//3
f 4023//4 4020//4 4019//4
f 4024//5 4017//5 4020//5
f 4025//1 4027//1 4028//1
f 4031//2 4029//2 4032//2
f 4029//6 4026//6 4025//6
f 4030//3 4027//3 4026//3
f 4031//4 4028//4 4027//4
f 4032//5 4025//5 4028//5
f 4034//10 4036//10 4033//10
f 4040//2 4038//2 4037//2
f 4037//6 4034//6 4033//6
f 4038//3 4035//3 4034//3
f 4039//4 4036//4 4035//4
f 4040//5 4033//5 4036//5
f 4042//12 4044//12 4041//12
f 4047//18 4045//18 4048//18
f 4045//6 4042//6 4041//6
f 4046//3 4043//3 4042//3
f 4047//4 4044//4 4043//4
f 4048//5 4041//5 4044//5
f 4050//12 4052//12 4049//12
f 4055//18 4053//18 4056//18
f 4053//6 4050//6 4049//6
f 4054//3 4051//3 4050//3
f 4055//4 4052//4 4051//4
f 4056//5 4049//5 4052//5
f 4057//1 4059//1 4060//1
f 4063//14 4061//14 4064//14
f 4061//6 4058//6 4057//6
f 4062//3 4059//3 4058//3
f 4063//4 4060//4 4059//4
f 4064//5 4057//5 4060//5
f 4065//1 4067//1 4068//1
f 4071//14 4069//14 4072//14
f 4069//6 4066//6 4065//6
f 4070//3 4067//3 4066//3
f 4071//4 4068//4 4067//4
f 4072//5 4065//5 4068//5
f 4074//15 4076//15 4073//15
f 4080//2 4078//2 4077//2
f 4077//6 4074//6 4073//6
f 4078//3 4075//3 4074//3
f 4079//4 4076//4 4075//4
f 4080//5 4073//5 4076//5
f 4082//10 4084//10 4081//10
f 4087//2 4085//2 4088//2
f 4085//6 4082//6 4081//6
f 4086//3 4083//3 4082//3
f 4087//4 4084//4 4083//4
f 4088//5 4081//5 4084//5
f 4090//10 4092//10 4089//10
f 4095//2 4093//2 4096//2
f 4093//6 4090//6 4089//6
f 4094//3 4091//3 4090//3
f 4095//4 4092//4 4091//4
f 4096//5 4089//5 4092//5
f 4097//1 4099//1 4100//1
f 4103//2 4101//2 4104//2
f 4101//6 4098//6 4097//6
f 4102//3 4099//3 4098//3
f 4103//4 4100//4 4099//4
f 4104//5 4097//5 4100//5
f 4105//1 4107//1 4108//1
f 4111//2 4109//2 4112//2
f 4109//6 4106//6 4105//6
f 4110//3 4107//3 4106//3
f 4111//4 4108//4 4107//4
f 4112//5 4105//5 4108//5
f 4114//10 4116//10 4113//10
f 4120//2 4118//2 4117//2
f 4117//6 4114//6 4113//6
f 4118//3 4115//3 4114//3
f 4119//4 4116//4 4115//4
f 4120//5 4113//5 4116//5
f 4122//16 4124//16 4121//16
f 4127//8 4125//8 4128//8
f 4125//6 4122//6 4121//6
f 4126//3 4123//3 4122//3
f 4127//4 4124//4 4123//4
f 4128//5 4121//5 4124//5
f 4130//16 4132//16 4129//16
f 4135//8 4133//8 4136//8
f 4133//6 4130//6 4129//6
f 4134//3 4131//3 4130//3
f 4135//4 4132//4 4131//4
f 4136//5 4129//5 4132//5
f 4137//1 4139//1 4140//1
f 4143//8 4141//8 4144//8
f 4141//6 4138//6 4137//6
f 4142//3 4139//3 4138//3
f 4143//4 4140//4 4139//4
f 4144//5 4137//5 4140//5
f 4145//1 4147//1 4148//1
f 4151//8 4149//8 4152//8
f 4149//6 4146//6 4145//6
f 4150//3 4147//3 4146//3
f 4151//4 4148//4 4147//4
f 4152//5 4145//5 4148//5
f 4154//7 4156//7 4153//7
f 4160//18 4158//18 4157//18
f 4157//6 4154//6 4153//6
f 4158//3 4155//3 4154//3
f 4159//4 4156//4 4155//4
f 4160//5 4153//5 4156//5
f 4162//16 4164//16 4161//16
f 4167//14 4165//14 4168//14
f 4165//6 4162//6 4161//6
f 4166//3 4163//3 4162//3
f 4167//4 4164//4 4163//4
f 4168//5 4161//5 4164//5
f 4170//16 4172//16 4169//16
f 4175//14 4173//14 4176//14
f 4173//6 4170//6 4169//6
f 4174//3 4171//3 4170//3
f 4175//4 4172//4 4171//4
f 4176//5 4169//5 4172//5
f 4177//1 4179//1 4180//1
f 4183//2 4181//2 4184//2
f 4181//6 4178//6 4177//6
f 4182//3 4179//3 4178//3
f 4183//4 4180//4 4179//4
f 4184//5 4177//5 4180//5
f 4185//1 4187//1 4188//1
f 4191//2 4189//2 4192//2
f 4189//6 4186//6 4185//6
f 4190//3 4187//3 4186//3
f 4191//4 4188//4 4187//4
f 4192//5 4185//5 4188//5
f 4194//16 4196//16 4193//16
f 4200//2 4198//2 4197//2
f 4197//6 4194//6 4193//6
f 4198//3 4195//3 4194//3
f 4199//4 4196//4 4195//4
f 4200//5 4193//5 4196//5
f 4202//1 4204//1 4201//1
f 4207//14 4205//14 4208//14
f 4205//6 4202//6 4201//6
f 4206//3 4203//3 4202//3
f 4207//4 4204//4 4203//4
f 4208//5 4201//5 4204//5
f 4210//1 4212//1 4209//1
f 4215//14 4213//14 4216//14
f 4213//6 4210//6 4209//6
f 4214//3 4211//3 4210//3
f 4215//4 4212//4 4211//4
f 4216//5 4209//5 4212//5
f 4217//1 4219//1 4220//1
f 4223//14 4221//14 4224//14
f 4221//6 4218//6 4217//6
f 4222//3 4219//3 4218//3
f 4223//4 4220//4 4219//4
f 4224//5 4217//5 4220//5
f 4225//1 4227//1 4228//1
f 4231//14 4229//14 4232//14
f 4229//6 4226//6 4225//6
f 4230//3 4227//3 4226//3
f 4231//4 4228//4 4227//4
f 4232//5 4225//5 4228//5
f 4234//7 4236//7 4233//7
f 4240//2 4238//2 4237//2
f 4237//6 4234//6 4233//6
f 4238//3 4235//3 4234//3
f 4239//4 4236//4 4235//4
f 4240//5 4233//5 4236//5
f 4242//1 4244//1 4241//1
f 4247//13 4245//13 4248//13
f 4245//6 4242//6 4241//6
f 4246//3 4243//3 4242//3
f 4247//4 4244//4 4243//4
f 4248//5 4241//5 4244//5
f 4250//1 4252//1 4249//1
f 4255//13 4253//13 4256//13
f 4253//6 4250//6 4249//6
f 4254//3 4251//3 4250//3
f 4255//4 4252//4 4251//4
f 4256//5 4249//5 4252//5
f 4257//1 4259//1 4260//1
f 4263//2 4261//2 4264//2
f 4261//6 4258//6 4257//6
f 4262//3 4259//3 4258//3
f 4263//4 4260//4 4259//4
f 4264//5 4257//5 4260//5
f 4265//1 4267//1 4268//1
f 4271//2 4269//2 4272//2
f 4269//6 4266//6 4265//6
f 4270//3 4267//3 4266//3
f 4271//4 4268//4 4267//4
f 4272//5 4265//5 4268//5
f 4274//10 4276//10 4273//10
f 4280//2 4278//2 4277//2
f 4277//6 4274//6 4273//6
f 4278//3 4275//3 4274//3
f 4279//4 4276//4 4275//4
f 4280//5 4273//5 4276//5
f 4282//7 4284//7 4281//7
f 4287//9 4285//9 4288//9
f 4285//6 4282//6 4281//6
f 4286//3 4283//3 4282//3
f 4287//4 4284//4 4283//4
f 4288//5 4281//5 4284//5
f 4290//7 4292//7 4289//7
f 4295//9 4293//9 4296//9
f 4293//6 4290//6 4289//6
f 4294//3 4291//3 4290//3
f 4295//4 4292//4 4291//4
f 4296//5 4289//5 4292//5
f 4297//1 4299//1 4300//1
f 4303//8 4301//8 4304//8
f 4301//6 4298//6 4297//6
f 4302//3 4299//3 4298//3
f 4303//4 4300//4 4299//4
f 4304//5 4297//5 4300//5
f 4305//1 4307//1 4308//1
f 4311//8 4309//8 4312//8
f 4309//6 4306//6 4305//6
f 4310//3 4307//3 4306//3
f 4311//4 4308//4 4307//4
f 4312//5 4305//5 4308//5
f 4314//7 4316//7 4313//7
f 4320//2 4318//2 4317//2
f 4317//6 4314//6 4313//6
f 4318//3 4315//3 4314//3
f 4319//4 4316//4 4315//4
f 4320//5 4313//5 4316//5
f 4322//7 4324//7 4321//7
f 4327//2 4325//2 4328//2
f 4325//6 4322//6 4321//6
f 4326//3 4323//3 4322//3
f 4327//4 4324//4 4323//4
f 4328//5 4321//5 4324//5
f 4330//7 4332//7 4329//7
f 4335//2 4333//2 4336//2
f 4333//6 4330//6 4329//6
f 4334//3 4331//3 4330//3
f 4335//4 4332//4 4331//4
f 4336//5 4329//5 4332//5
f 4337//1 4339//1 4340//1
f 4343//2 4341//2 4344//2
f 4341//6 4338//6 4337//6
f 4342//3 4339//3 4338//3
f 4343//4 4340//4 4339//4
f 4344//5 4337//5 4340//5
f 4345//1 4347//1 4348//1
f 4351//2 4349//2 4352//2
f 4349//6 4346//6 4345//6
f 4350//3 4347//3 4346//3
f 4351//4 4348//4 4347//4
f 4352//5 4345//5 4348//5
f 4354//10 4356//10 4353//10
f 4360//2 4358//2 4357//2
f 4357//6 4354//6 4353//6
f 4358//3 4355//3 4354//3
f 4359//4 4356//4 4355//4
f 4360//5 4353//5 4356//5
f 4362//12 4364//12 4361//12
f 4367//2 4365//2 4368//2
f 4365//6 4362//6 4361//6
f 4366//3 4363//3 4362//3
f 4367//4 4364//4 4363//4
f 4368//5 4361//5 4364//5
f 4370//12 4372//12 4369//12
f 4375//2 4373//2 4376//2
f 4373//6 4370//6 4369//6
f 4374//3 4371//3 4370//3
f 4375//4 4372//4 4371//4
f 4376//5 4369//5 4372//5
f 4377//1 4379//1 4380//1
f 4383//13 4381//13 4384//13
f 4381//6 4378//6 4377//6
f 4382//3 4379//3 4378//3
f 4383//4 4380//4 4379//4
f 4384//5 4377//5 4380//5
f 4385//1 4387//1 4388//1
f 4391//13 4389//13 4392//13
f 4389//6 4386//6 4385//6
f 4390//3 4387//3 4386//3
f 4391//4 4388//4 4387//4
f 4392//5 4385//5 4388//5
f 4394//15 4396//15 4393//15
f 4400//17 4398//17 4397//17
f 4397//6 4394//6 4393//6
f 4398//3 4395//3 4394//3
f 4399//4 4396//4 4395//4
f 4400//5 4393//5 4396//5
f 4402//10 4404//10 4401//10
f 4407//8 4405//8 4408//8
f 4405//6 4402//6 4401//6
f 4406//3 4403//3 4402//3
f 4407//4 4404//4 4403//4
f 4408//5 4401//5 4404//5
f 4410//10 4412//10 4409//10
f 4415//8 4413//8 4416//8
f 4413//6 4410//6 4409//6
f 4414//3 4411//3 4410//3
f 4415//4 4412//4 4411//4
f 4416//5 4409//5 4412//5
f 4417//1 4419//1 4420//1
f 4423//2 4421//2 4424//2
f 4421//6 4418//6 4417//6
f 4422//3 4419//3 4418//3
f 4423//4 4420//4 4419//4
f 4424//5 4417//5 4420//5
f 4425//1 4427//1 4428//1
f 4431//2 4429//2 4432//2
f 4429//6 4426//6 4425//6
f 4430//3 4427//3 4426//3
f 4431//4 4428//4 4427//4
f 4432//5 4425//5 4428//5
f 4434//10 4436//10 4433//10
f 4440//2 4438//2 4437//2
f 4437//6 4434//6 4433//6
f 4438//3 4435//3 4434//3
f 4439//4 4436//4 4435//4
f 4440//5 4433//5 4436//5
f 4442//16 4444//16 4441//16
f 4447//8 4445//8 4448//8
f 4445//6 4442//6 4441//6
f 4446//3 4443//3 4442//3
f 4447//4 4444//4 4443//4
f 4448//5 4441//5 4444//5
f 4450//16 4452//16 4449//16
f 4455//8 4453//8 4456//8
f 4453//6 4450//6 4449//6
f 4454//3 4451//3 4450//3
f 4455//4 4452//4 4451//4
f 4456//5 4449//5 4452//5
f 4457//1 4459//1 4460//1
f 4463//14 4461//14 4464//14
f 4461//6 4458//6 4457//6
f 4462//3 4459//3 4458//3
f 4463//4 4460//4 4459//4
f 4464//5 4457//5 4460//5
f 4465//1 4467//1 4468//1
f 4471//14 4469//14 4472//14
f 4469//6 4466//6 4465//6
f 4470//3 4467//3 4466//3
f 4471//4 4468//4 4467//4
f 4472//5 4465//5 4468//5
f 4474//7 4476//7 4473//7
f 4480//18 4478//18 4477//18
f 4477//6 4474//6 4473//6
f 4478//3 4475//3 4474//3
f 4479//4 4476//4 4475//4
f 4480//5 4473//5 4476//5
f 1//1 2//1 3//1
f 7//2 6//2 5//2
f 5//3 6//3 2//3
f 6//4 7//4 3//4
f 7//5 8//5 4//5
f 8//6 5//6 1//6
f 9//1 10//1 11//1
f 15//2 14//2 13//2
f 13//3 14//3 10//3
f 14//4 15//4 11//4
f 15//5 16//5 12//5
f 16//6 13//6 9//6
f 18//1 19//1 20//1
f 23//2 22//2 21//2
f 21//3 22//3 18//3
f 22//4 23//4 19//4
f 23//5 24//5 20//5
f 24//6 21//6 17//6
f 26//1 27//1 28//1
f 32//2 31//2 30//2
f 29//3 30//3 26//3
f 30//4 31//4 27//4
f 31//5 32//5 28//5
f 32//6 29//6 25//6
f 34//1 35//1 36//1
f 40//2 39//2 38//2
f 37//3 38//3 34//3
f 38//4 39//4 35//4
f 39//5 40//5 36//5
f 40//6 37//6 33//6
f 41//1 42//1 43//1
f 47//2 46//2 45//2
f 45//3 46//3 42//3
f 46//4 47//4 43//4
f 47//5 48//5 44//5
f 48//6 45//6 41//6
f 49//1 50//1 51//1
f 55//2 54//2 53//2
f 53//3 54//3 50//3
f 54//4 55//4 51//4
f 55//5 56//5 52//5
f 56//6 53//6 49//6
f 58//1 59//1 60//1
f 63//2 62//2 61//2
f 61//3 62//3 58//3
f 62//4 63//4 59//4
f 63//5 64//5 60//5
f 64//6 61//6 57//6
f 66//1 67//1 68//1
f 72//2 71//2 70//2
f 69//3 70//3 66//3
f 70//4 71//4 67//4
f 71//5 72//5 68//5
f 72//6 69//6 65//6
f 74//1 75//1 76//1
f 80//2 79//2 78//2
f 77//3 78//3 74//3
f 78//4 79//4 75//4
f 79//5 80//5 76//5
f 80//6 77//6 73//6
f 81//1 82//1 83//1
f 87//2 86//2 85//2
f 85//3 86//3 82//3
f 86//4 87//4 83//4
f 87//5 88//5 84//5
f 88//6 85//6 81//6
f 89//1 90//1 91//1
f 95//2 94//2 93//2
f 93//3 94//3 90//3
f 94//4 95//4 91//4
f 95//5 96//5 92//5
f 96//6 93//6 89//6
f 98//1 99//1 100//1
f 103//2 102//2 101//2
f 101//3 102//3 98//3
f 102//4 103//4 99//4
f 103//5 104//5 100//5
f 104//6 101//6 97//6
f 106//1 107//1 108//1
f 112//2 111//2 110//2
f 109//3 110//3 106//3
f 110//4 111//4 107//4
f 111//5 112//5 108//5
f 112//6 109//6 105//6
f 114//1 115//1 116//1
f 120//2 119//2 118//2
f 117//3 118//3 114//3
f 118//4 119//4 115//4
f 119//5 120//5 116//5
f 120//6 117//6 113//6
f 121//1 122//1 123//1
f 127//2 126//2 125//2
f 125//3 126//3 122//3
f 126//4 127//4 123//4
f 127//5 128//5 124//5
f 128//6 125//6 121//6
f 129//1 130//1 131//1
f 135//2 134//2 133//2
f 133//3 134//3 130//3
f 134//4 135//4 131//4
f 135//5 136//5 132//5
f 136//6 133//6 129//6
f 138//1 139//1 140//1
f 143//2 142//2 141//2
f 141//3 142//3 138//3
f 142//4 143//4 139//4
f 143//5 144//5 140//5
f 144//6 141//6 137//6
f 146//1 147//1 148//1
f 152//2 151//2 150//2
f 149//3 150//3 146//3
f 150//4 151//4 147//4
f 151//5 152//5 148//5
f 152//6 149//6 145//6
f 154//1 155//1 156//1
f 160//2 159//2 158//2
f 157//3 158//3 154//3
f 158//4 159//4 155//4
f 159//5 160//5 156//5
f 160//6 157//6 153//6
f 161//1 162//1 163//1
f 167//2 166//2 165//2
f 165//3 166//3 162//3
f 166//4 167//4 163//4
f 167//5 168//5 164//5
f 168//6 165//6 161//6
f 169//1 170//1 171//1
f 175//2 174//2 173//2
f 173//3 174//3 170//3
f 174//4 175//4 171//4
f 175//5 176//5 172//5
f 176//6 173//6 169//6
f 178//1 179//1 180//1
f 183//2 182//2 181//2
f 181//3 182//3 178//3
f 182//4 183//4 179//4
f 183//5 184//5 180//5
f 184//6 181//6 177//6
f 186//1 187//1 188//1
f 192//2 191//2 190//2
f 189//3 190//3 186//3
f 190//4 191//4 187//4
f 191//5 192//5 188//5
f 192//6 189//6 185//6
f 194//1 195//1 196//1
f 200//2 199//2 198//2
f 197//3 198//3 194//3
f 198//4 199//4 195//4
f 199//5 200//5 196//5
f 200//6 197//6 193//6
f 201//1 202//1 203//1
f 207//2 206//2 205//2
f 205//3 206//3 202//3
f 206//4 207//4 203//4
f 207//5 208//5 204//5
f 208//6 205//6 201//6
f 209//1 210//1 211//1
f 215//2 214//2 213//2
f 213//3 214//3 210//3
f 214//4 215//4 211//4
f 215//5 216//5 212//5
f 216//6 213//6 209//6
f 218//1 219//1 220//1
f 223//2 222//2 221//2
f 221//3 222//3 218//3
f 222//4 223//4 219//4
f 223//5 224//5 220//5
f 224//6 221//6 217//6
f 226//1 227//1 228//1
f 232//2 231//2 230//2
f 229//3 230//3 226//3
f 230//4 231//4 227//4
f 231//5 232//5 228//5
f 232//6 229//6 225//6
f 234//1 235//1 236//1
f 240//2 239//2 238//2
f 237//3 238//3 234//3
f 238//4 239//4 235//4
f 239//5 240//5 236//5
f 240//6 237//6 233//6
f 241//1 242//1 243//1
f 247//2 246//2 245//2
f 245//3 246//3 242//3
f 246//4 247//4 243//4
f 247//5 248//5 244//5
f 248//6 245//6 241//6
f 249//1 250//1 251//1
f 255//2 254//2 253//2
f 253//3 254//3 250//3
f 254//4 255//4 251//4
f 255//5 256//5 252//5
f 256//6 253//6 249//6
f 258//1 259//1 260//1
f 263//2 262//2 261//2
f 261//3 262//3 258//3
f 262//4 263//4 259//4
f 263//5 264//5 260//5
f 264//6 261//6 257//6
f 266//1 267//1 268//1
f 272//2 271//2 270//2
f 269//3 270//3 266//3
f 270//4 271//4 267//4
f 271//5 272//5 268//5
f 272//6 269//6 265//6
f 274//1 275//1 276//1
f 280//2 279//2 278//2
f 277//3 278//3 274//3
f 278//4 279//4 275//4
f 279//5 280//5 276//5
f 280//6 277//6 273//6
f 281//1 282//1 283//1
f 287//2 286//2 285//2
f 285//3 286//3 282//3
f 286//4 287//4 283//4
f 287//5 288//5 284//5
f 288//6 285//6 281//6
f 289//1 290//1 291//1
f 295//2 294//2 293//2
f 293//3 294//3 290//3
f 294//4 295//4 291//4
f 295//5 296//5 292//5
f 296//6 293//6 289//6
f 298//1 299//1 300//1
f 303//2 302//2 301//2
f 301//3 302//3 298//3
f 302//4 303//4 299//4
f 303//5 304//5 300//5
f 304//6 301//6 297//6
f 306//1 307//1 308//1
f 312//2 311//2 310//2
f 309//3 310//3 306//3
f 310//4 311//4 307//4
f 311//5 312//5 308//5
f 312//6 309//6 305//6
f 314//1 315//1 316//1
f 320//2 319//2 318//2
f 317//3 318//3 314//3
f 318//4 319//4 315//4
f 319//5 320//5 316//5
f 320//6 317//6 313//6
f 321//1 322//1 323//1
f 327//2 326//2 325//2
f 325//3 326//3 322//3
f 326//4 327//4 323//4
f 327//5 328//5 324//5
f 328//6 325//6 321//6
f 329//1 330//1 331//1
f 335//2 334//2 333//2
f 333//3 334//3 330//3
f 334//4 335//4 331//4
f 335//5 336//5 332//5
f 336//6 333//6 329//6
f 338//1 339//1 340//1
f 343//2 342//2 341//2
f 341//3 342//3 338//3
f 342//4 343//4 339//4
f 343//5 344//5 340//5
f 344//6 341//6 337//6
f 346//1 347//1 348//1
f 352//2 351//2 350//2
f 349//3 350//3 346//3
f 350//4 351//4 347//4
f 351//5 352//5 348//5
f 352//6 349//6 345//6
f 354//1 355//1 356//1
f 360//2 359//2 358//2
f 357//3 358//3 354//3
f 358//4 359//4 355//4
f 359//5 360//5 356//5
f 360//6 357//6 353//6
f 361//1 362//1 363//1
f 367//2 366//2 365//2
f 365//3 366//3 362//3
f 366//4 367//4 363//4
f 367//5 368//5 364//5
f 368//6 365//6 361//6
f 369//1 370//1 371//1
f 375//2 374//2 373//2
f 373//3 374//3 370//3
f 374//4 375//4 371//4
f 375//5 376//5 372//5
f 376//6 373//6 369//6
f 378//1 379//1 380//1
f 383//2 382//2 381//2
f 381//3 382//3 378//3
f 382//4 383//4 379//4
f 383//5 384//5 380//5
f 384//6 381//6 377//6
f 386//1 387//1 388//1
f 392//2 391//2 390//2
f 389//3 390//3 386//3
f 390//4 391//4 387//4
f 391//5 392//5 388//5
f 392//6 389//6 385//6
f 394//1 395//1 396//1
f 400//2 399//2 398//2
f 397//3 398//3 394//3
f 398//4 399//4 395//4
f 399//5 400//5 396//5
f 400//6 397//6 393//6
f 401//1 402//1 403//1
f 407//2 406//2 405//2
f 405//3 406//3 402//3
f 406//4 407//4 403//4
f 407//5 408//5 404//5
f 408//6 405//6 401//6
f 409//1 410//1 411//1
f 415//2 414//2 413//2
f 413//3 414//3 410//3
f 414//4 415//4 411//4
f 415//5 416//5 412//5
f 416//6 413//6 409//6
f 418//1 419//1 420//1
f 423//2 422//2 421//2
f 421//3 422//3 418//3
f 422//4 423//4 419//4
f 423//5 424//5 420//5
f 424//6 421//6 417//6
f 426//1 427//1 428//1
f 432//2 431//2 430//2
f 429//3 430//3 426//3
f 430//4 431//4 427//4
f 431//5 432//5 428//5
f 432//6 429//6 425//6
f 434//1 435//1 436//1
f 440//2 439//2 438//2
f 437//3 438//3 434//3
f 438//4 439//4 435//4
f 439//5 440//5 436//5
f 440//6 437//6 433//6
f 441//1 442//1 443//1
f 447//2 446//2 445//2
f 445//3 446//3 442//3
f 446//4 447//4 443//4
f 447//5 448//5 444//5
f 448//6 445//6 441//6
f 449//1 450//1 451//1
f 455//2 454//2 453//2
f 453//3 454//3 450//3
f 454//4 455//4 451//4
f 455//5 456//5 452//5
f 456//6 453//6 449//6
f 458//1 459//1 460//1
f 463//2 462//2 461//2
f 461//3 462//3 458//3
f 462//4 463//4 459//4
f 463//5 464//5 460//5
f 464//6 461//6 457//6
f 466//1 467//1 468//1
f 472//2 471//2 470//2
f 469//3 470//3 466//3
f 470//4 471//4 467//4
f 471//5 472//5 468//5
f 472//6 469//6 465//6
f 474//1 475//1 476//1
f 480//2 479//2 478//2
f 477//3 478//3 474//3
f 478//4 479//4 475//4
f 479//5 480//5 476//5
f 480//6 477//6 473//6
f 481//1 482//1 483//1
f 487//8 486//8 485//8
f 485//3 486//3 482//3
f 486//4 487//4 483//4
f 487//5 488//5 484//5
f 488//6 485//6 481//6
f 489//1 490//1 491//1
f 495//8 494//8 493//8
f 493//3 494//3 490//3
f 494//4 495//4 491//4
f 495//5 496//5 492//5
f 496//6 493//6 489//6
f 498//1 499//1 500//1
f 503//8 502//8 501//8
f 501//3 502//3 498//3
f 502//4 503//4 499//4
f 503//5 504//5 500//5
f 504//6 501//6 497//6
f 506//1 507//1 508//1
f 512//2 511//2 510//2
f 509//3 510//3 506//3
f 510//4 511//4 507//4
f 511//5 512//5 508//5
f 512//6 509//6 505//6
f 514//1 515//1 516//1
f 520//2 519//2 518//2
f 517//3 518//3 514//3
f 518//4 519//4 515//4
f 519//5 520//5 516//5
f 520//6 517//6 513//6
f 521//1 522//1 523//1
f 527//2 526//2 525//2
f 525//3 526//3 522//3
f 526//4 527//4 523//4
f 527//5 528//5 524//5
f 528//6 525//6 521//6
f 529//7 530//7 531//7
f 535//2 534//2 533//2
f 533//3 534//3 530//3
f 534//4 535//4 531//4
f 535//5 536//5 532//5
f 536//6 533//6 529//6
f 538//1 539//1 540//1
f 543//2 542//2 541//2
f 541//3 542//3 538//3
f 542//4 543//4 539//4
f 543//5 544//5 540//5
f 544//6 541//6 537//6
f 546//1 547//1 548//1
f 552//2 551//2 550//2
f 549//3 550//3 546//3
f 550//4 551//4 547//4
f 551//5 552//5 548//5
f 552//6 549//6 545//6
f 554//1 555//1 556//1
f 560//2 559//2 558//2
f 557//3 558//3 554//3
f 558//4 559//4 555//4
f 559//5 560//5 556//5
f 560//6 557//6 553//6
f 561//1 562//1 563//1
f 567//2 566//2 565//2
f 565//3 566//3 562//3
f 566//4 567//4 563//4
f 567//5 568//5 564//5
f 568//6 565//6 561//6
f 569//1 570//1 571//1
f 575//2 574//2 573//2
f 573//3 574//3 570//3
f 574//4 575//4 571//4
f 575//5 576//5 572//5
f 576//6 573//6 569//6
f 578//1 579//1 580//1
f 583//2 582//2 581//2
f 581//3 582//3 578//3
f 582//4 583//4 579//4
f 583//5 584//5 580//5
f 584//6 581//6 577//6
f 586//1 587//1 588//1
f 592//2 591//2 590//2
f 589//3 590//3 586//3
f 590//4 591//4 587//4
f 591//5 592//5 588//5
f 592//6 589//6 585//6
f 594//1 595//1 596//1
f 600//2 599//2 598//2
f 597//3 598//3 594//3
f 598//4 599//4 595//4
f 599//5 600//5 596//5
f 600//6 597//6 593//6
f 601//1 602//1 603//1
f 607//9 606//9 605//9
f 605//3 606//3 602//3
f 606//4 607//4 603//4
f 607//5 608//5 604//5
f 608//6 605//6 601//6
f 609//7 610//7 611//7
f 615//9 614//9 613//9
f 613//3 614//3 610//3
f 614//4 615//4 611//4
f 615//5 616//5 612//5
f 616//6 613//6 609//6
f 618//1 619//1 620//1
f 623//9 622//9 621//9
f 621//3 622//3 618//3
f 622//4 623//4 619//4
f 623//5 624//5 620//5
f 624//6 621//6 617//6
f 626//1 627//1 628//1
f 632//2 631//2 630//2
f 629//3 630//3 626//3
f 630//4 631//4 627//4
f 631//5 632//5 628//5
f 632//6 629//6 625//6
f 634//1 635//1 636//1
f 640//2 639//2 638//2
f 637//3 638//3 634//3
f 638//4 639//4 635//4
f 639//5 640//5 636//5
f 640//6 637//6 633//6
f 641//1 642//1 643//1
f 647//2 646//2 645//2
f 645//3 646//3 642//3
f 646//4 647//4 643//4
f 647//5 648//5 644//5
f 648//6 645//6 641//6
f 649//1 650//1 651//1
f 655//8 654//8 653//8
f 653//3 654//3 650//3
f 654//4 655//4 651//4
f 655//5 656//5 652//5
f 656//6 653//6 649//6
f 658//10 659//10 660//10
f 663//8 662//8 661//8
f 661//3 662//3 658//3
f 662//4 663//4 659//4
f 663//5 664//5 660//5
f 664//6 661//6 657//6
f 666//10 667//10 668//10
f 672//2 671//2 670//2
f 669//3 670//3 666//3
f 670//4 671//4 667//4
f 671//5 672//5 668//5
f 672//6 669//6 665//6
f 674//10 675//10 676//10
f 680//2 679//2 678//2
f 677//3 678//3 674//3
f 678//4 679//4 675//4
f 679//5 680//5 676//5
f 680//6 677//6 673//6
f 681//1 682//1 683//1
f 687//9 686//9 685//9
f 685//3 686//3 682//3
f 686//4 687//4 683//4
f 687//5 688//5 684//5
f 688//6 685//6 681//6
f 689//7 690//7 691//7
f 695//2 694//2 693//2
f 693//3 694//3 690//3
f 694//4 695//4 691//4
f 695//5 696//5 692//5
f 696//6 693//6 689//6
f 698//1 699//1 700//1
f 703//2 702//2 701//2
f 701//3 702//3 698//3
f 702//4 703//4 699//4
f 703//5 704//5 700//5
f 704//6 701//6 697//6
f 706//1 707//1 708//1
f 712//2 711//2 710//2
f 709//3 710//3 706//3
f 710//4 711//4 707//4
f 711//5 712//5 708//5
f 712//6 709//6 705//6
f 714//1 715//1 716//1
f 720//2 719//2 718//2
f 717//3 718//3 714//3
f 718//4 719//4 715//4
f 719//5 720//5 716//5
f 720//6 717//6 713//6
f 721//1 722//1 723//1
f 727//2 726//2 725//2
f 725//3 726//3 722//3
f 726//4 727//4 723//4
f 727//5 728//5 724//5
f 728//6 725//6 721//6
f 729//7 730//7 731//7
f 735//2 734//2 733//2
f 733//3 734//3 730//3
f 734//4 735//4 731//4
f 735//5 736//5 732//5
f 736//6 733//6 729//6
f 738//12 739//12 740//12
f 743//2 742//2 741//2
f 741//3 742//3 738//3
f 742//4 743//4 739//4
f 743//5 744//5 740//5
f 744//6 741//6 737//6
f 746//12 747//12 748//12
f 752//2 751//2 750//2
f 749//3 750//3 746//3
f 750//4 751//4 747//4
f 751//5 752//5 748//5
f 752//6 749//6 745//6
f 754//12 755//12 756//12
f 760//2 759//2 758//2
f 757//3 758//3 754//3
f 758//4 759//4 755//4
f 759//5 760//5 756//5
f 760//6 757//6 753//6
f 761//1 762//1 763//1
f 767//2 766//2 765//2
f 765//3 766//3 762//3
f 766//4 767//4 763//4
f 767//5 768//5 764//5
f 768//6 765//6 761//6
f 769//1 770//1 771//1
f 775//2 774//2 773//2
f 773//3 774//3 770//3
f 774//4 775//4 771//4
f 775//5 776//5 772//5
f 776//6 773//6 769//6
f 778//1 779//1 780//1
f 783//2 782//2 781//2
f 781//3 782//3 778//3
f 782//4 783//4 779//4
f 783//5 784//5 780//5
f 784//6 781//6 777//6
f 786//1 787//1 788//1
f 792//2 791//2 790//2
f 789//3 790//3 786//3
f 790//4 791//4 787//4
f 791//5 792//5 788//5
f 792//6 789//6 785//6
f 794//1 795//1 796//1
f 800//2 799//2 798//2
f 797//3 798//3 794//3
f 798//4 799//4 795//4
f 799//5 800//5 796//5
f 800//6 797//6 793//6
f 801//1 802//1 803//1
f 807//2 806//2 805//2
f 805//3 806//3 802//3
f 806//4 807//4 803//4
f 807//5 808//5 804//5
f 808//6 805//6 801//6
f 809//1 810//1 811//1
f 815//2 814//2 813//2
f 813//3 814//3 810//3
f 814//4 815//4 811//4
f 815//5 816//5 812//5
f 816//6 813//6 809//6
f 818//12 819//12 820//12
f 823//2 822//2 821//2
f 821//3 822//3 818//3
f 822//4 823//4 819//4
f 823//5 824//5 820//5
f 824//6 821//6 817//6
f 826//12 827//12 828//12
f 832//2 831//2 830//2
f 829//3 830//3 826//3
f 830//4 831//4 827//4
f 831//5 832//5 828//5
f 832//6 829//6 825//6
f 834//12 835//12 836//12
f 840//2 839//2 838//2
f 837//3 838//3 834//3
f 838//4 839//4 835//4
f 839//5 840//5 836//5
f 840//6 837//6 833//6
f 841//1 842//1 843//1
f 847//2 846//2 845//2
f 845//3 846//3 842//3
f 846//4 847//4 843//4
f 847//5 848//5 844//5
f 848//6 845//6 841//6
f 849//7 850//7 851//7
f 855//2 854//2 853//2
f 853//3 854//3 850//3
f 854//4 855//4 851//4
f 855//5 856//5 852//5
f 856//6 853//6 849//6
f 858//1 859//1 860//1
f 863//2 862//2 861//2
f 861//3 862//3 858//3
f 862//4 863//4 859//4
f 863//5 864//5 860//5
f 864//6 861//6 857//6
f 866//1 867//1 868//1
f 872//2 871//2 870//2
f 869//3 870//3 866//3
f 870//4 871//4 867//4
f 871//5 872//5 868//5
f 872//6 869//6 865//6
f 874//1 875//1 876//1
f 880//2 879//2 878//2
f 877//3 878//3 874//3
f 878//4 879//4 875//4
f 879//5 880//5 876//5
f 880//6 877//6 873//6
f 881//1 882//1 883//1
f 887//14 886//14 885//14
f 885//3 886//3 882//3
f 886//4 887//4 883//4
f 887//5 888//5 884//5
f 888//6 885//6 881//6
f 889//7 890//7 891//7
f 895//2 894//2 893//2
f 893//3 894//3 890//3
f 894//4 895//4 891//4
f 895//5 896//5 892//5
f 896//6 893//6 889//6
f 898//12 899//12 900//12
f 903//2 902//2 901//2
f 901//3 902//3 898//3
f 902//4 903//4 899//4
f 903//5 904//5 900//5
f 904//6 901//6 897//6
f 906//12 907//12 908//12
f 912//2 911//2 910//2
f 909//3 910//3 906//3
f 910//4 911//4 907//4
f 911//5 912//5 908//5
f 912//6 909//6 905//6
f 914//12 915//12 916//12
f 920//2 919//2 918//2
f 917//3 918//3 914//3
f 918//4 919//4 915//4
f 919//5 920//5 916//5
f 920//6 917//6 913//6
f 921//10 922//10 923//10
f 927//13 926//13 925//13
f 925//3 926//3 922//3
f 926//4 927//4 923//4
f 927//5 928//5 924//5
f 928//6 925//6 921//6
f 929//10 930//10 931//10
f 935//13 934//13 933//13
f 933//3 934//3 930//3
f 934//4 935//4 931//4
f 935//5 936//5 932//5
f 936//6 933//6 929//6
f 938//1 939//1 940//1
f 943//13 942//13 941//13
f 941//3 942//3 938//3
f 942//4 943//4 939//4
f 943//5 944//5 940//5
f 944//6 941//6 937//6
f 946//1 947//1 948//1
f 952//2 951//2 950//2
f 949//3 950//3 946//3
f 950//4 951//4 947//4
f 951//5 952//5 948//5
f 952//6 949//6 945//6
f 954//1 955//1 956//1
f 960//2 959//2 958//2
f 957//3 958//3 954//3
f 958//4 959//4 955//4
f 959//5 960//5 956//5
f 960//6 957//6 953//6
f 961//7 962//7 963//7
f 967//2 966//2 965//2
f 965//3 966//3 962//3
f 966//4 967//4 963//4
f 967//5 968//5 964//5
f 968//6 965//6 961//6
f 969//7 970//7 971//7
f 975//2 974//2 973//2
f 973//3 974//3 970//3
f 974//4 975//4 971//4
f 975//5 976//5 972//5
f 976//6 973//6 969//6
f 978//12 979//12 980//12
f 983//2 982//2 981//2
f 981//3 982//3 978//3
f 982//4 983//4 979//4
f 983//5 984//5 980//5
f 984//6 981//6 977//6
f 986//12 987//12 988//12
f 992//2 991//2 990//2
f 989//3 990//3 986//3
f 990//4 991//4 987//4
f 991//5 992//5 988//5
f 992//6 989//6 985//6
f 994//12 995//12 996//12
f 1000//2 999//2 998//2
f 997//3 998//3 994//3
f 998//4 999//4 995//4
f 999//5 1000//5 996//5
f 1000//6 997//6 993//6
f 1001//1 1002//1 1003//1
f 1007//2 1006//2 1005//2
f 1005//3 1006//3 1002//3
f 1006//4 1007//4 1003//4
f 1007//5 1008//5 1004//5
f 1008//6 1005//6 1001//6
f 1009//7 1010//7 1011//7
f 1015//2 1014//2 1013//2
f 1013//3 1014//3 1010//3
f 1014//4 1015//4 1011//4
f 1015//5 1016//5 1012//5
f 1016//6 1013//6 1009//6
f 1018//1 1019//1 1020//1
f 1023//2 1022//2 1021//2
f 1021//3 1022//3 1018//3
f 1022//4 1023//4 1019//4
f 1023//5 1024//5 1020//5
f 1024//6 1021//6 1017//6
f 1026//1 1027//1 1028//1
f 1032//2 1031//2 1030//2
f 1029//3 1030//3 1026//3
f 1030//4 1031//4 1027//4
f 1031//5 1032//5 1028//5
f 1032//6 1029//6 1025//6
f 1034//1 1035//1 1036//1
f 1040//2 1039//2 1038//2
f 1037//3 1038//3 1034//3
f 1038//4 1039//4 1035//4
f 1039//5 1040//5 1036//5
f 1040//6 1037//6 1033//6
f 1041//1 1042//1 1043//1
f 1047//14 1046//14 1045//14
f 1045//3 1046//3 1042//3
f 1046//4 1047//4 1043//4
f 1047//5 1048//5 1044//5
f 1048//6 1045//6 1041//6
f 1049//7 1050//7 1051//7
f 1055//2 1054//2 1053//2
f 1053//3 1054//3 1050//3
f 1054//4 1055//4 1051//4
f 1055//5 1056//5 1052//5
f 1056//6 1053//6 1049//6
f 1058//12 1059//12 1060//12
f 1063//2 1062//2 1061//2
f 1061//3 1062//3 1058//3
f 1062//4 1063//4 1059//4
f 1063//5 1064//5 1060//5
f 1064//6 1061//6 1057//6
f 1066//12 1067//12 1068//12
f 1072//2 1071//2 1070//2
f 1069//3 1070//3 1066//3
f 1070//4 1071//4 1067//4
f 1071//5 1072//5 1068//5
f 1072//6 1069//6 1065//6
f 1074//12 1075//12 1076//12
f 1080//2 1079//2 1078//2
f 1077//3 1078//3 1074//3
f 1078//4 1079//4 1075//4
f 1079//5 1080//5 1076//5
f 1080//6 1077//6 1073//6
f 1081//10 1082//10 1083//10
f 1087//13 1086//13 1085//13
f 1085//3 1086//3 1082//3
f 1086//4 1087//4 1083//4
f 1087//5 1088//5 1084//5
f 1088//6 1085//6 1081//6
f 1089//10 1090//10 1091//10
f 1095//13 1094//13 1093//13
f 1093//3 1094//3 1090//3
f 1094//4 1095//4 1091//4
f 1095//5 1096//5 1092//5
f 1096//6 1093//6 1089//6
f 1098//1 1099//1 1100//1
f 1103//13 1102//13 1101//13
f 1101//3 1102//3 1098//3
f 1102//4 1103//4 1099//4
f 1103//5 1104//5 1100//5
f 1104//6 1101//6 1097//6
f 1106//1 1107//1 1108//1
f 1112//2 1111//2 1110//2
f 1109//3 1110//3 1106//3
f 1110//4 1111//4 1107//4
f 1111//5 1112//5 1108//5
f 1112//6 1109//6 1105//6
f 1114//1 1115//1 1116//1
f 1120//2 1119//2 1118//2
f 1117//3 1118//3 1114//3
f 1118//4 1119//4 1115//4
f 1119//5 1120//5 1116//5
f 1120//6 1117//6 1113//6
f 1121//10 1122//10 1123//10
f 1127//2 1126//2 1125//2
f 1125//3 1126//3 1122//3
f 1126//4 1127//4 1123//4
f 1127//5 1128//5 1124//5
f 1128//6 1125//6 1121//6
f 1129//10 1130//10 1131//10
f 1135//2 1134//2 1133//2
f 1133//3 1134//3 1130//3
f 1134//4 1135//4 1131//4
f 1135//5 1136//5 1132//5
f 1136//6 1133//6 1129//6
f 1138//11 1139//11 1140//11
f 1143//2 1142//2 1141//2
f 1141//3 1142//3 1138//3
f 1142//4 1143//4 1139//4
f 1143//5 1144//5 1140//5
f 1144//6 1141//6 1137//6
f 1146//11 1147//11 1148//11
f 1152//2 1151//2 1150//2
f 1149//3 1150//3 1146//3
f 1150//4 1151//4 1147//4
f 1151//5 1152//5 1148//5
f 1152//6 1149//6 1145//6
f 1154//11 1155//11 1156//11
f 1160//2 1159//2 1158//2
f 1157//3 1158//3 1154//3
f 1158//4 1159//4 1155//4
f 1159//5 1160//5 1156//5
f 1160//6 1157//6 1153//6
f 1161//11 1162//11 1163//11
f 1167//2 1166//2 1165//2
f 1165//3 1166//3 1162//3
f 1166//4 1167//4 1163//4
f 1167//5 1168//5 1164//5
f 1168//6 1165//6 1161//6
f 1169//7 1170//7 1171//7
f 1175//2 1174//2 1173//2
f 1173//3 1174//3 1170//3
f 1174//4 1175//4 1171//4
f 1175//5 1176//5 1172//5
f 1176//6 1173//6 1169//6
f 1178//12 1179//12 1180//12
f 1183//2 1182//2 1181//2
f 1181//3 1182//3 1178//3
f 1182//4 1183//4 1179//4
f 1183//5 1184//5 1180//5
f 1184//6 1181//6 1177//6
f 1186//12 1187//12 1188//12
f 1192//2 1191//2 1190//2
f 1189//3 1190//3 1186//3
f 1190//4 1191//4 1187//4
f 1191//5 1192//5 1188//5
f 1192//6 1189//6 1185//6
f 1194//12 1195//12 1196//12
f 1200//2 1199//2 1198//2
f 1197//3 1198//3 1194//3
f 1198//4 1199//4 1195//4
f 1199//5 1200//5 1196//5
f 1200//6 1197//6 1193//6
f 1201//1 1202//1 1203//1
f 1207//14 1206//14 1205//14
f 1205//3 1206//3 1202//3
f 1206//4 1207//4 1203//4
f 1207//5 1208//5 1204//5
f 1208//6 1205//6 1201//6
f 1209//7 1210//7 1211//7
f 1215//2 1214//2 1213//2
f 1213//3 1214//3 1210//3
f 1214//4 1215//4 1211//4
f 1215//5 1216//5 1212//5
f 1216//6 1213//6 1209//6
f 1218//1 1219//1 1220//1
f 1223//2 1222//2 1221//2
f 1221//3 1222//3 1218//3
f 1222//4 1223//4 1219//4
f 1223//5 1224//5 1220//5
f 1224//6 1221//6 1217//6
f 1226//1 1227//1 1228//1
f 1232//8 1231//8 1230//8
f 1229//3 1230//3 1226//3
f 1230//4 1231//4 1227//4
f 1231//5 1232//5 1228//5
f 1232//6 1229//6 1225//6
f 1234//1 1235//1 1236//1
f 1240//8 1239//8 1238//8
f 1237//3 1238//3 1234//3
f 1238//4 1239//4 1235//4
f 1239//5 1240//5 1236//5
f 1240//6 1237//6 1233//6
f 1241//7 1242//7 1243//7
f 1247//13 1246//13 1245//13
f 1245//3 1246//3 1242//3
f 1246//4 1247//4 1243//4
f 1247//5 1248//5 1244//5
f 1248//6 1245//6 1241//6
f 1249//10 1250//10 1251//10
f 1255//13 1254//13 1253//13
f 1253//3 1254//3 1250//3
f 1254//4 1255//4 1251//4
f 1255//5 1256//5 1252//5
f 1256//6 1253//6 1249//6
f 1258//1 1259//1 1260//1
f 1263//13 1262//13 1261//13
f 1261//3 1262//3 1258//3
f 1262//4 1263//4 1259//4
f 1263//5 1264//5 1260//5
f 1264//6 1261//6 1257//6
f 1266//1 1267//1 1268//1
f 1272//2 1271//2 1270//2
f 1269//3 1270//3 1266//3
f 1270//4 1271//4 1267//4
f 1271//5 1272//5 1268//5
f 1272//6 1269//6 1265//6
f 1274//1 1275//1 1276//1
f 1280//2 1279//2 1278//2
f 1277//3 1278//3 1274//3
f 1278//4 1279//4 1275//4
f 1279//5 1280//5 1276//5
f 1280//6 1277//6 1273//6
f 1281//1 1282//1 1283//1
f 1287//2 1286//2 1285//2
f 1285//3 1286//3 1282//3
f 1286//4 1287//4 1283//4
f 1287//5 1288//5 1284//5
f 1288//6 1285//6 1281//6
f 1289//10 1290//10 1291//10
f 1295//2 1294//2 1293//2
f 1293//3 1294//3 1290//3
f 1294//4 1295//4 1291//4
f 1295//5 1296//5 1292//5
f 1296//6 1293//6 1289//6
f 1298//11 1299//11 1300//11
f 1303//2 1302//2 1301//2
f 1301//3 1302//3 1298//3
f 1302//4 1303//4 1299//4
f 1303//5 1304//5 1300//5
f 1304//6 1301//6 1297//6
f 1306//11 1307//11 1308//11
f 1312//2 1311//2 1310//2
f 1309//3 1310//3 1306//3
f 1310//4 1311//4 1307//4
f 1311//5 1312//5 1308//5
f 1312//6 1309//6 1305//6
f 1314//11 1315//11 1316//11
f 1320//2 1319//2 1318//2
f 1317//3 1318//3 1314//3
f 1318//4 1319//4 1315//4
f 1319//5 1320//5 1316//5
f 1320//6 1317//6 1313//6
f 1321//11 1322//11 1323//11
f 1327//2 1326//2 1325//2
f 1325//3 1326//3 1322//3
f 1326//4 1327//4 1323//4
f 1327//5 1328//5 1324//5
f 1328//6 1325//6 1321//6
f 1329//7 1330//7 1331//7
f 1335//2 1334//2 1333//2
f 1333//3 1334//3 1330//3
f 1334//4 1335//4 1331//4
f 1335//5 1336//5 1332//5
f 1336//6 1333//6 1329//6
f 1338//12 1339//12 1340//12
f 1343//2 1342//2 1341//2
f 1341//3 1342//3 1338//3
f 1342//4 1343//4 1339//4
f 1343//5 1344//5 1340//5
f 1344//6 1341//6 1337//6
f 1346//12 1347//12 1348//12
f 1352//14 1351//14 1350//14
f 1349//3 1350//3 1346//3
f 1350//4 1351//4 1347//4
f 1351//5 1352//5 1348//5
f 1352//6 1349//6 1345//6
f 1354//12 1355//12 1356//12
f 1360//14 1359//14 1358//14
f 1357//3 1358//3 1354//3
f 1358//4 1359//4 1355//4
f 1359//5 1360//5 1356//5
f 1360//6 1357//6 1353//6
f 1361//1 1362//1 1363//1
f 1367//2 1366//2 1365//2
f 1365//3 1366//3 1362//3
f 1366//4 1367//4 1363//4
f 1367//5 1368//5 1364//5
f 1368//6 1365//6 1361//6
f 1369//7 1370//7 1371//7
f 1375//18 1374//18 1373//18
f 1373//3 1374//3 1370//3
f 1374//4 1375//4 1371//4
f 1375//5 1376//5 1372//5
f 1376//6 1373//6 1369//6
f 1378//1 1379//1 1380//1
f 1383//18 1382//18 1381//18
f 1381//3 1382//3 1378//3
f 1382//4 1383//4 1379//4
f 1383//5 1384//5 1380//5
f 1384//6 1381//6 1377//6
f 1386//1 1387//1 1388//1
f 1392//2 1391//2 1390//2
f 1389//3 1390//3 1386//3
f 1390//4 1391//4 1387//4
f 1391//5 1392//5 1388//5
f 1392//6 1389//6 1385//6
f 1394//1 1395//1 1396//1
f 1400//2 1399//2 1398//2
f 1397//3 1398//3 1394//3
f 1398//4 1399//4 1395//4
f 1399//5 1400//5 1396//5
f 1400//6 1397//6 1393//6
f 1401//7 1402//7 1403//7
f 1407//2 1406//2 1405//2
f 1405//3 1406//3 1402//3
f 1406//4 1407//4 1403//4
f 1407//5 1408//5 1404//5
f 1408//6 1405//6 1401//6
f 1409//7 1410//7 1411//7
f 1415//2 1414//2 1413//2
f 1413//3 1414//3 1410//3
f 1414//4 1415//4 1411//4
f 1415//5 1416//5 1412//5
f 1416//6 1413//6 1409//6
f 1418//1 1419//1 1420//1
f 1423//2 1422//2 1421//2
f 1421//3 1422//3 1418//3
f 1422//4 1423//4 1419//4
f 1423//5 1424//5 1420//5
f 1424//6 1421//6 1417//6
f 1426//1 1427//1 1428//1
f 1432//8 1431//8 1430//8
f 1429//3 1430//3 1426//3
f 1430//4 1431//4 1427//4
f 1431//5 1432//5 1428//5
f 1432//6 1429//6 1425//6
f 1434//1 1435//1 1436//1
f 1440//8 1439//8 1438//8
f 1437//3 1438//3 1434//3
f 1438//4 1439//4 1435//4
f 1439//5 1440//5 1436//5
f 1440//6 1437//6 1433//6
f 1441//7 1442//7 1443//7
f 1447//2 1446//2 1445//2
f 1445//3 1446//3 1442//3
f 1446//4 1447//4 1443//4
f 1447//5 1448//5 1444//5
f 1448//6 1445//6 1441//6
f 1449//10 1450//10 1451//10
f 1455//2 1454//2 1453//2
f 1453//3 1454//3 1450//3
f 1454//4 1455//4 1451//4
f 1455//5 1456//5 1452//5
f 1456//6 1453//6 1449//6
f 1458//1 1459//1 1460//1
f 1463//2 1462//2 1461//2
f 1461//3 1462//3 1458//3
f 1462//4 1463//4 1459//4
f 1463//5 1464//5 1460//5
f 1464//6 1461//6 1457//6
f 1466//1 1467//1 1468//1
f 1472//2 1471//2 1470//2
f 1469//3 1470//3 1466//3
f 1470//4 1471//4 1467//4
f 1471//5 1472//5 1468//5
f 1472//6 1469//6 1465//6
f 1474//1 1475//1 1476//1
f 1480//2 1479//2 1478//2
f 1477//3 1478//3 1474//3
f 1478//4 1479//4 1475//4
f 1479//5 1480//5 1476//5
f 1480//6 1477//6 1473//6
f 1481//1 1482//1 1483//1
f 1487//2 1486//2 1485//2
f 1485//3 1486//3 1482//3
f 1486//4 1487//4 1483//4
f 1487//5 1488//5 1484//5
f 1488//6 1485//6 1481//6
f 1489//10 1490//10 1491//10
f 1495//2 1494//2 1493//2
f 1493//3 1494//3 1490//3
f 1494//4 1495//4 1491//4
f 1495//5 1496//5 1492//5
f 1496//6 1493//6 1489//6
f 1498//1 1499//1 1500//1
f 1503//2 1502//2 1501//2
f 1501//3 1502//3 1498//3
f 1502//4 1503//4 1499//4
f 1503//5 1504//5 1500//5
f 1504//6 1501//6 1497//6
f 1506//1 1507//1 1508//1
f 1512//14 1511//14 1510//14
f 1509//3 1510//3 1506//3
f 1510//4 1511//4 1507//4
f 1511//5 1512//5 1508//5
f 1512//6 1509//6 1505//6
f 1514//1 1515//1 1516//1
f 1520//14 1519//14 1518//14
f 1517//3 1518//3 1514//3
f 1518//4 1519//4 1515//4
f 1519//5 1520//5 1516//5
f 1520//6 1517//6 1513//6
f 1521//1 1522//1 1523//1
f 1527//2 1526//2 1525//2
f 1525//3 1526//3 1522//3
f 1526//4 1527//4 1523//4
f 1527//5 1528//5 1524//5
f 1528//6 1525//6 1521//6
f 1529//7 1530//7 1531//7
f 1535//2 1534//2 1533//2
f 1533//3 1534//3 1530//3
f 1534//4 1535//4 1531//4
f 1535//5 1536//5 1532//5
f 1536//6 1533//6 1529//6
f 1538//1 1539//1 1540//1
f 1543//2 1542//2 1541//2
f 1541//3 1542//3 1538//3
f 1542//4 1543//4 1539//4
f 1543//5 1544//5 1540//5
f 1544//6 1541//6 1537//6
f 1546//1 1547//1 1548//1
f 1552//2 1551//2 1550//2
f 1549//3 1550//3 1546//3
f 1550//4 1551//4 1547//4
f 1551//5 1552//5 1548//5
f 1552//6 1549//6 1545//6
f 1554//1 1555//1 1556//1
f 1560//2 1559//2 1558//2
f 1557//3 1558//3 1554//3
f 1558//4 1559//4 1555//4
f 1559//5 1560//5 1556//5
f 1560//6 1557//6 1553//6
f 1561//7 1562//7 1563//7
f 1567//18 1566//18 1565//18
f 1565//3 1566//3 1562//3
f 1566//4 1567//4 1563//4
f 1567//5 1568//5 1564//5
f 1568//6 1565//6 1561//6
f 1569//10 1570//10 1571//10
f 1575//18 1574//18 1573//18
f 1573//3 1574//3 1570//3
f 1574//4 1575//4 1571//4
f 1575//5 1576//5 1572//5
f 1576//6 1573//6 1569//6
f 1578//1 1579//1 1580//1
f 1583//18 1582//18 1581//18
f 1581//3 1582//3 1578//3
f 1582//4 1583//4 1579//4
f 1583//5 1584//5 1580//5
f 1584//6 1581//6 1577//6
f 1586//1 1587//1 1588//1
f 1592//8 1591//8 1590//8
f 1589//3 1590//3 1586//3
f 1590//4 1591//4 1587//4
f 1591//5 1592//5 1588//5
f 1592//6 1589//6 1585//6
f 1594//1 1595//1 1596//1
f 1600//8 1599//8 1598//8
f 1597//3 1598//3 1594//3
f 1598//4 1599//4 1595//4
f 1599//5 1600//5 1596//5
f 1600//6 1597//6 1593//6
f 1601//16 1602//16 1603//16
f 1607//18 1606//18 1605//18
f 1605//3 1606//3 1602//3
f 1606//4 1607//4 1603//4
f 1607//5 1608//5 1604//5
f 1608//6 1605//6 1601//6
f 1609//16 1610//16 1611//16
f 1615//2 1614//2 1613//2
f 1613//3 1614//3 1610//3
f 1614//4 1615//4 1611//4
f 1615//5 1616//5 1612//5
f 1616//6 1613//6 1609//6
f 1618//1 1619//1 1620//1
f 1623//2 1622//2 1621//2
f 1621//3 1622//3 1618//3
f 1622//4 1623//4 1619//4
f 1623//5 1624//5 1620//5
f 1624//6 1621//6 1617//6
f 1626//1 1627//1 1628//1
f 1632//2 1631//2 1630//2
f 1629//3 1630//3 1626//3
f 1630//4 1631//4 1627//4
f 1631//5 1632//5 1628//5
f 1632//6 1629//6 1625//6
f 1634//1 1635//1 1636//1
f 1640//2 1639//2 1638//2
f 1637//3 1638//3 1634//3
f 1638//4 1639//4 1635//4
f 1639//5 1640//5 1636//5
f 1640//6 1637//6 1633//6
f 1641//1 1642//1 1643//1
f 1647//2 1646//2 1645//2
f 1645//3 1646//3 1642//3
f 1646//4 1647//4 1643//4
f 1647//5 1648//5 1644//5
f 1648//6 1645//6 1641//6
f 1649//7 1650//7 1651//7
f 1655//2 1654//2 1653//2
f 1653//3 1654//3 1650//3
f 1654//4 1655//4 1651//4
f 1655//5 1656//5 1652//5
f 1656//6 1653//6 1649//6
f 1658//1 1659//1 1660//1
f 1663//2 1662//2 1661//2
f 1661//3 1662//3 1658//3
f 1662//4 1663//4 1659//4
f 1663//5 1664//5 1660//5
f 1664//6 1661//6 1657//6
f 1666//1 1667//1 1668//1
f 1672//14 1671//14 1670//14
f 1669//3 1670//3 1666//3
f 1670//4 1671//4 1667//4
f 1671//5 1672//5 1668//5
f 1672//6 1669//6 1665//6
f 1674//1 1675//1 1676//1
f 1680//14 1679//14 1678//14
f 1677//3 1678//3 1674//3
f 1678//4 1679//4 1675//4
f 1679//5 1680//5 1676//5
f 1680//6 1677//6 1673//6
f 1681//1 1682//1 1683//1
f 1687//17 1686//17 1685//17
f 1685//3 1686//3 1682//3
f 1686//4 1687//4 1683//4
f 1687//5 1688//5 1684//5
f 1688//6 1685//6 1681//6
f 1689//10 1690//10 1691//10
f 1695//2 1694//2 1693//2
f 1693//3 1694//3 1690//3
f 1694//4 1695//4 1691//4
f 1695//5 1696//5 1692//5
f 1696//6 1693//6 1689//6
f 1698//1 1699//1 1700//1
f 1703//2 1702//2 1701//2
f 1701//3 1702//3 1698//3
f 1702//4 1703//4 1699//4
f 1703//5 1704//5 1700//5
f 1704//6 1701//6 1697//6
f 1706//1 1707//1 1708//1
f 1712//2 1711//2 1710//2
f 1709//3 1710//3 1706//3
f 1710//4 1711//4 1707//4
f 1711//5 1712//5 1708//5
f 1712//6 1709//6 1705//6
f 1714//1 1715//1 1716//1
f 1720//2 1719//2 1718//2
f 1717//3 1718//3 1714//3
f 1718//4 1719//4 1715//4
f 1719//5 1720//5 1716//5
f 1720//6 1717//6 1713//6
f 1721//7 1722//7 1723//7
f 1727//2 1726//2 1725//2
f 1725//3 1726//3 1722//3
f 1726//4 1727//4 1723//4
f 1727//5 1728//5 1724//5
f 1728//6 1725//6 1721//6
f 1729//7 1730//7 1731//7
f 1735//2 1734//2 1733//2
f 1733//3 1734//3 1730//3
f 1734//4 1735//4 1731//4
f 1735//5 1736//5 1732//5
f 1736//6 1733//6 1729//6
f 1738//1 1739//1 1740//1
f 1743//2 1742//2 1741//2
f 1741//3 1742//3 1738//3
f 1742//4 1743//4 1739//4
f 1743//5 1744//5 1740//5
f 1744//6 1741//6 1737//6
f 1746//1 1747//1 1748//1
f 1752//8 1751//8 1750//8
f 1749//3 1750//3 1746//3
f 1750//4 1751//4 1747//4
f 1751//5 1752//5 1748//5
f 1752//6 1749//6 1745//6
f 1754//1 1755//1 1756//1
f 1760//8 1759//8 1758//8
f 1757//3 1758//3 1754//3
f 1758//4 1759//4 1755//4
f 1759//5 1760//5 1756//5
f 1760//6 1757//6 1753//6
f 1761//7 1762//7 1763//7
f 1767//2 1766//2 1765//2
f 1765//3 1766//3 1762//3
f 1766//4 1767//4 1763//4
f 1767//5 1768//5 1764//5
f 1768//6 1765//6 1761//6
f 1769//10 1770//10 1771//10
f 1775//2 1774//2 1773//2
f 1773//3 1774//3 1770//3
f 1774//4 1775//4 1771//4
f 1775//5 1776//5 1772//5
f 1776//6 1773//6 1769//6
f 1778//1 1779//1 1780//1
f 1783//2 1782//2 1781//2
f 1781//3 1782//3 1778//3
f 1782//4 1783//4 1779//4
f 1783//5 1784//5 1780//5
f 1784//6 1781//6 1777//6
f 1786//1 1787//1 1788//1
f 1792//2 1791//2 1790//2
f 1789//3 1790//3 1786//3
f 1790//4 1791//4 1787//4
f 1791//5 1792//5 1788//5
f 1792//6 1789//6 1785//6
f 1794//1 1795//1 1796//1
f 1800//2 1799//2 1798//2
f 1797//3 1798//3 1794//3
f 1798//4 1799//4 1795//4
f 1799//5 1800//5 1796//5
f 1800//6 1797//6 1793//6
f 1801//12 1802//12 1803//12
f 1807//2 1806//2 1805//2
f 1805//3 1806//3 1802//3
f 1806//4 1807//4 1803//4
f 1807//5 1808//5 1804//5
f 1808//6 1805//6 1801//6
f 1809//15 1810//15 1811//15
f 1815//2 1814//2 1813//2
f 1813//3 1814//3 1810//3
f 1814//4 1815//4 1811//4
f 1815//5 1816//5 1812//5
f 1816//6 1813//6 1809//6
f 1818//1 1819//1 1820//1
f 1823//2 1822//2 1821//2
f 1821//3 1822//3 1818//3
f 1822//4 1823//4 1819//4
f 1823//5 1824//5 1820//5
f 1824//6 1821//6 1817//6
f 1826//1 1827//1 1828//1
f 1832//14 1831//14 1830//14
f 1829//3 1830//3 1826//3
f 1830//4 1831//4 1827//4
f 1831//5 1832//5 1828//5
f 1832//6 1829//6 1825//6
f 1834//1 1835//1 1836//1
f 1840//14 1839//14 1838//14
f 1837//3 1838//3 1834//3
f 1838//4 1839//4 1835//4
f 1839//5 1840//5 1836//5
f 1840//6 1837//6 1833//6
f 1841//10 1842//10 1843//10
f 1847//2 1846//2 1845//2
f 1845//3 1846//3 1842//3
f 1846//4 1847//4 1843//4
f 1847//5 1848//5 1844//5
f 1848//6 1845//6 1841//6
f 1849//10 1850//10 1851//10
f 1855//2 1854//2 1853//2
f 1853//3 1854//3 1850//3
f 1854//4 1855//4 1851//4
f 1855//5 1856//5 1852//5
f 1856//6 1853//6 1849//6
f 1858//1 1859//1 1860//1
f 1863//2 1862//2 1861//2
f 1861//3 1862//3 1858//3
f 1862//4 1863//4 1859//4
f 1863//5 1864//5 1860//5
f 1864//6 1861//6 1857//6
f 1866//1 1867//1 1868//1
f 1872//2 1871//2 1870//2
f 1869//3 1870//3 1866//3
f 1870//4 1871//4 1867//4
f 1871//5 1872//5 1868//5
f 1872//6 1869//6 1865//6
f 1874//1 1875//1 1876//1
f 1880//2 1879//2 1878//2
f 1877//3 1878//3 1874//3
f 1878//4 1879//4 1875//4
f 1879//5 1880//5 1876//5
f 1880//6 1877//6 1873//6
f 1881//16 1882//16 1883//16
f 1887//18 1886//18 1885//18
f 1885//3 1886//3 1882//3
f 1886//4 1887//4 1883//4
f 1887//5 1888//5 1884//5
f 1888//6 1885//6 1881//6
f 1889//7 1890//7 1891//7
f 1895//18 1894//18 1893//18
f 1893//3 1894//3 1890//3
f 1894//4 1895//4 1891//4
f 1895//5 1896//5 1892//5
f 1896//6 1893//6 1889//6
f 1898//1 1899//1 1900//1
f 1903//18 1902//18 1901//18
f 1901//3 1902//3 1898//3
f 1902//4 1903//4 1899//4
f 1903//5 1904//5 1900//5
f 1904//6 1901//6 1897//6
f 1906//1 1907//1 1908//1
f 1912//8 1911//8 1910//8
f 1909//3 1910//3 1906//3
f 1910//4 1911//4 1907//4
f 1911//5 1912//5 1908//5
f 1912//6 1909//6 1905//6
f 1914//1 1915//1 1916//1
f 1920//8 1919//8 1918//8
f 1917//3 1918//3 1914//3
f 1918//4 1919//4 1915//4
f 1919//5 1920//5 1916//5
f 1920//6 1917//6 1913//6
f 1921//16 1922//16 1923//16
f 1927//18 1926//18 1925//18
f 1925//3 1926//3 1922//3
f 1926//4 1927//4 1923//4
f 1927//5 1928//5 1924//5
f 1928//6 1925//6 1921//6
f 1929//16 1930//16 1931//16
f 1935//2 1934//2 1933//2
f 1933//3 1934//3 1930//3
f 1934//4 1935//4 1931//4
f 1935//5 1936//5 1932//5
f 1936//6 1933//6 1929//6
f 1938//1 1939//1 1940//1
f 1943//2 1942//2 1941//2
f 1941//3 1942//3 1938//3
f 1942//4 1943//4 1939//4
f 1943//5 1944//5 1940//5
f 1944//6 1941//6 1937//6
f 1946//1 1947//1 1948//1
f 1952//2 1951//2 1950//2
f 1949//3 1950//3 1946//3
f 1950//4 1951//4 1947//4
f 1951//5 1952//5 1948//5
f 1952//6 1949//6 1945//6
f 1954//1 1955//1 1956//1
f 1960//2 1959//2 1958//2
f 1957//3 1958//3 1954//3
f 1958//4 1959//4 1955//4
f 1959//5 1960//5 1956//5
f 1960//6 1957//6 1953//6
f 1961//1 1962//1 1963//1
f 1967//2 1966//2 1965//2
f 1965//3 1966//3 1962//3
f 1966//4 1967//4 1963//4
f 1967//5 1968//5 1964//5
f 1968//6 1965//6 1961//6
f 1969//7 1970//7 1971//7
f 1975//2 1974//2 1973//2
f 1973//3 1974//3 1970//3
f 1974//4 1975//4 1971//4
f 1975//5 1976//5 1972//5
f 1976//6 1973//6 1969//6
f 1978//1 1979//1 1980//1
f 1983//2 1982//2 1981//2
f 1981//3 1982//3 1978//3
f 1982//4 1983//4 1979//4
f 1983//5 1984//5 1980//5
f 1984//6 1981//6 1977//6
f 1986//1 1987//1 1988//1
f 1992//14 1991//14 1990//14
f 1989//3 1990//3 1986//3
f 1990//4 1991//4 1987//4
f 1991//5 1992//5 1988//5
f 1992//6 1989//6 1985//6
f 1994//1 1995//1 1996//1
f 2000//14 1999//14 1998//14
f 1997//3 1998//3 1994//3
f 1998//4 1999//4 1995//4
f 1999//5 2000//5 1996//5
f 2000//6 1997//6 1993//6
f 2001//1 2002//1 2003//1
f 2007//17 2006//17 2005//17
f 2005//3 2006//3 2002//3
f 2006//4 2007//4 2003//4
f 2007//5 2008//5 2004//5
f 2008//6 2005//6 2001//6
f 2009//10 2010//10 2011//10
f 2015//2 2014//2 2013//2
f 2013//3 2014//3 2010//3
f 2014//4 2015//4 2011//4
f 2015//5 2016//5 2012//5
f 2016//6 2013//6 2009//6
f 2018//1 2019//1 2020//1
f 2023//2 2022//2 2021//2
f 2021//3 2022//3 2018//3
f 2022//4 2023//4 2019//4
f 2023//5 2024//5 2020//5
f 2024//6 2021//6 2017//6
f 2026//1 2027//1 2028//1
f 2032//2 2031//2 2030//2
f 2029//3 2030//3 2026//3
f 2030//4 2031//4 2027//4
f 2031//5 2032//5 2028//5
f 2032//6 2029//6 2025//6
f 2034//1 2035//1 2036//1
f 2040//2 2039//2 2038//2
f 2037//3 2038//3 2034//3
f 2038//4 2039//4 2035//4
f 2039//5 2040//5 2036//5
f 2040//6 2037//6 2033//6
f 2041//7 2042//7 2043//7
f 2047//2 2046//2 2045//2
f 2045//3 2046//3 2042//3
f 2046//4 2047//4 2043//4
f 2047//5 2048//5 2044//5
f 2048//6 2045//6 2041//6
f 2049//7 2050//7 2051//7
f 2055//2 2054//2 2053//2
f 2053//3 2054//3 2050//3
f 2054//4 2055//4 2051//4
f 2055//5 2056//5 2052//5
f 2056//6 2053//6 2049//6
f 2058//1 2059//1 2060//1
f 2063//2 2062//2 2061//2
f 2061//3 2062//3 2058//3
f 2062//4 2063//4 2059//4
f 2063//5 2064//5 2060//5
f 2064//6 2061//6 2057//6
f 2066//1 2067//1 2068//1
f 2072//8 2071//8 2070//8
f 2069//3 2070//3 2066//3
f 2070//4 2071//4 2067//4
f 2071//5 2072//5 2068//5
f 2072//6 2069//6 2065//6
f 2074//1 2075//1 2076//1
f 2080//8 2079//8 2078//8
f 2077//3 2078//3 2074//3
f 2078//4 2079//4 2075//4
f 2079//5 2080//5 2076//5
f 2080//6 2077//6 2073//6
f 2081//7 2082//7 2083//7
f 2087//2 2086//2 2085//2
f 2085//3 2086//3 2082//3
f 2086//4 2087//4 2083//4
f 2087//5 2088//5 2084//5
f 2088//6 2085//6 2081//6
f 2089//10 2090//10 2091//10
f 2095//2 2094//2 2093//2
f 2093//3 2094//3 2090//3
f 2094//4 2095//4 2091//4
f 2095//5 2096//5 2092//5
f 2096//6 2093//6 2089//6
f 2098//1 2099//1 2100//1
f 2103//2 2102//2 2101//2
f 2101//3 2102//3 2098//3
f 2102//4 2103//4 2099//4
f 2103//5 2104//5 2100//5
f 2104//6 2101//6 2097//6
f 2106//1 2107//1 2108//1
f 2112//2 2111//2 2110//2
f 2109//3 2110//3 2106//3
f 2110//4 2111//4 2107//4
f 2111//5 2112//5 2108//5
f 2112//6 2109//6 2105//6
f 2114//1 2115//1 2116//1
f 2120//2 2119//2 2118//2
f 2117//3 2118//3 2114//3
f 2118//4 2119//4 2115//4
f 2119//5 2120//5 2116//5
f 2120//6 2117//6 2113//6
f 2121//12 2122//12 2123//12
f 2127//2 2126//2 2125//2
f 2125//3 2126//3 2122//3
f 2126//4 2127//4 2123//4
f 2127//5 2128//5 2124//5
f 2128//6 2125//6 2121//6
f 2129//15 2130//15 2131//15
f 2135//17 2134//17 2133//17
f 2133//3 2134//3 2130//3
f 2134//4 2135//4 2131//4
f 2135//5 2136//5 2132//5
f 2136//6 2133//6 2129//6
f 2138//1 2139//1 2140//1
f 2143//17 2142//17 2141//17
f 2141//3 2142//3 2138//3
f 2142//4 2143//4 2139//4
f 2143//5 2144//5 2140//5
f 2144//6 2141//6 2137//6
f 2146//1 2147//1 2148//1
f 2152//13 2151//13 2150//13
f 2149//3 2150//3 2146//3
f 2150//4 2151//4 2147//4
f 2151//5 2152//5 2148//5
f 2152//6 2149//6 2145//6
f 2154//1 2155//1 2156//1
f 2160//13 2159//13 2158//13
f 2157//3 2158//3 2154//3
f 2158//4 2159//4 2155//4
f 2159//5 2160//5 2156//5
f 2160//6 2157//6 2153//6
f 2161//10 2162//10 2163//10
f 2167//2 2166//2 2165//2
f 2165//3 2166//3 2162//3
f 2166//4 2167//4 2163//4
f 2167//5 2168//5 2164//5
f 2168//6 2165//6 2161//6
f 2169//10 2170//10 2171//10
f 2175//2 2174//2 2173//2
f 2173//3 2174//3 2170//3
f 2174//4 2175//4 2171//4
f 2175//5 2176//5 2172//5
f 2176//6 2173//6 2169//6
f 2178//1 2179//1 2180//1
f 2183//2 2182//2 2181//2
f 2181//3 2182//3 2178//3
f 2182//4 2183//4 2179//4
f 2183//5 2184//5 2180//5
f 2184//6 2181//6 2177//6
f 2186//1 2187//1 2188//1
f 2192//2 2191//2 2190//2
f 2189//3 2190//3 2186//3
f 2190//4 2191//4 2187//4
f 2191//5 2192//5 2188//5
f 2192//6 2189//6 2185//6
f 2194//1 2195//1 2196//1
f 2200//2 2199//2 2198//2
f 2197//3 2198//3 2194//3
f 2198//4 2199//4 2195//4
f 2199//5 2200//5 2196//5
f 2200//6 2197//6 2193//6
f 2201//16 2202//16 2203//16
f 2207//2 2206//2 2205//2
f 2205//3 2206//3 2202//3
f 2206//4 2207//4 2203//4
f 2207//5 2208//5 2204//5
f 2208//6 2205//6 2201//6
f 2209//7 2210//7 2211//7
f 2215//18 2214//18 2213//18
f 2213//3 2214//3 2210//3
f 2214//4 2215//4 2211//4
f 2215//5 2216//5 2212//5
f 2216//6 2213//6 2209//6
f 2218//1 2219//1 2220//1
f 2223//18 2222//18 2221//18
f 2221//3 2222//3 2218//3
f 2222//4 2223//4 2219//4
f 2223//5 2224//5 2220//5
f 2224//6 2221//6 2217//6
f 2226//1 2227//1 2228//1
f 2232//14 2231//14 2230//14
f 2229//3 2230//3 2226//3
f 2230//4 2231//4 2227//4
f 2231//5 2232//5 2228//5
f 2232//6 2229//6 2225//6
f 2234//1 2235//1 2236//1
f 2240//14 2239//14 2238//14
f 2237//3 2238//3 2234//3
f 2238//4 2239//4 2235//4
f 2239//5 2240//5 2236//5
f 2240//6 2237//6 2233//6
f 2242//1 2243//1 2244//1
f 2247//2 2246//2 2245//2
f 2245//6 2246//6 2242//6
f 2246//3 2247//3 2243//3
f 2247//4 2248//4 2244//4
f 2248//5 2245//5 2241//5
f 2250//1 2251//1 2252//1
f 2255//2 2254//2 2253//2
f 2253//6 2254//6 2250//6
f 2254//3 2255//3 2251//3
f 2255//4 2256//4 2252//4
f 2256//5 2253//5 2249//5
f 2257//1 2258//1 2259//1
f 2263//2 2262//2 2261//2
f 2261//6 2262//6 2258//6
f 2262//3 2263//3 2259//3
f 2263//4 2264//4 2260//4
f 2264//5 2261//5 2257//5
f 2265//1 2266//1 2267//1
f 2271//2 2270//2 2269//2
f 2269//6 2270//6 2266//6
f 2270//3 2271//3 2267//3
f 2271//4 2272//4 2268//4
f 2272//5 2269//5 2265//5
f 2274//1 2275//1 2276//1
f 2280//2 2279//2 2278//2
f 2277//6 2278//6 2274//6
f 2278//3 2279//3 2275//3
f 2279//4 2280//4 2276//4
f 2280//5 2277//5 2273//5
f 2282//1 2283//1 2284//1
f 2287//2 2286//2 2285//2
f 2285//6 2286//6 2282//6
f 2286//3 2287//3 2283//3
f 2287//4 2288//4 2284//4
f 2288//5 2285//5 2281//5
f 2290//1 2291//1 2292//1
f 2295//2 2294//2 2293//2
f 2293//6 2294//6 2290//6
f 2294//3 2295//3 2291//3
f 2295//4 2296//4 2292//4
f 2296//5 2293//5 2289//5
f 2297//1 2298//1 2299//1
f 2303//2 2302//2 2301//2
f 2301//6 2302//6 2298//6
f 2302//3 2303//3 2299//3
f 2303//4 2304//4 2300//4
f 2304//5 2301//5 2297//5
f 2305//1 2306//1 2307//1
f 2311//2 2310//2 2309//2
f 2309//6 2310//6 2306//6
f 2310//3 2311//3 2307//3
f 2311//4 2312//4 2308//4
f 2312//5 2309//5 2305//5
f 2314//1 2315//1 2316//1
f 2320//2 2319//2 2318//2
f 2317//6 2318//6 2314//6
f 2318//3 2319//3 2315//3
f 2319//4 2320//4 2316//4
f 2320//5 2317//5 2313//5
f 2322//1 2323//1 2324//1
f 2327//2 2326//2 2325//2
f 2325//6 2326//6 2322//6
f 2326//3 2327//3 2323//3
f 2327//4 2328//4 2324//4
f 2328//5 2325//5 2321//5
f 2330//1 2331//1 2332//1
f 2335//2 2334//2 2333//2
f 2333//6 2334//6 2330//6
f 2334//3 2335//3 2331//3
f 2335//4 2336//4 2332//4
f 2336//5 2333//5 2329//5
f 2337//1 2338//1 2339//1
f 2343//2 2342//2 2341//2
f 2341//6 2342//6 2338//6
f 2342//3 2343//3 2339//3
f 2343//4 2344//4 2340//4
f 2344//5 2341//5 2337//5
f 2345//1 2346//1 2347//1
f 2351//2 2350//2 2349//2
f 2349//6 2350//6 2346//6
f 2350//3 2351//3 2347//3
f 2351//4 2352//4 2348//4
f 2352//5 2349//5 2345//5
f 2354//1 2355//1 2356//1
f 2360//2 2359//2 2358//2
f 2357//6 2358//6 2354//6
f 2358//3 2359//3 2355//3
f 2359//4 2360//4 2356//4
f 2360//5 2357//5 2353//5
f 2362//1 2363//1 2364//1
f 2367//2 2366//2 2365//2
f 2365//6 2366//6 2362//6
f 2366//3 2367//3 2363//3
f 2367//4 2368//4 2364//4
f 2368//5 2365//5 2361//5
f 2370//1 2371//1 2372//1
f 2375//2 2374//2 2373//2
f 2373//6 2374//6 2370//6
f 2374//3 2375//3 2371//3
f 2375//4 2376//4 2372//4
f 2376//5 2373//5 2369//5
f 2377//1 2378//1 2379//1
f 2383//2 2382//2 2381//2
f 2381//6 2382//6 2378//6
f 2382//3 2383//3 2379//3
f 2383//4 2384//4 2380//4
f 2384//5 2381//5 2377//5
f 2385//1 2386//1 2387//1
f 2391//2 2390//2 2389//2
f 2389//6 2390//6 2386//6
f 2390//3 2391//3 2387//3
f 2391//4 2392//4 2388//4
f 2392//5 2389//5 2385//5
f 2394//1 2395//1 2396//1
f 2400//2 2399//2 2398//2
f 2397//6 2398//6 2394//6
f 2398//3 2399//3 2395//3
f 2399//4 2400//4 2396//4
f 2400//5 2397//5 2393//5
f 2402//1 2403//1 2404//1
f 2407//2 2406//2 2405//2
f 2405//6 2406//6 2402//6
f 2406//3 2407//3 2403//3
f 2407//4 2408//4 2404//4
f 2408//5 2405//5 2401//5
f 2410//1 2411//1 2412//1
f 2415//2 2414//2 2413//2
f 2413//6 2414//6 2410//6
f 2414//3 2415//3 2411//3
f 2415//4 2416//4 2412//4
f 2416//5 2413//5 2409//5
f 2417//1 2418//1 2419//1
f 2423//2 2422//2 2421//2
f 2421//6 2422//6 2418//6
f 2422//3 2423//3 2419//3
f 2423//4 2424//4 2420//4
f 2424//5 2421//5 2417//5
f 2425//1 2426//1 2427//1
f 2431//2 2430//2 2429//2
f 2429//6 2430//6 2426//6
f 2430//3 2431//3 2427//3
f 2431//4 2432//4 2428//4
f 2432//5 2429//5 2425//5
f 2434//1 2435//1 2436//1
f 2440//2 2439//2 2438//2
f 2437//6 2438//6 2434//6
f 2438//3 2439//3 2435//3
f 2439//4 2440//4 2436//4
f 2440//5 2437//5 2433//5
f 2442//1 2443//1 2444//1
f 2447//2 2446//2 2445//2
f 2445//6 2446//6 2442//6
f 2446//3 2447//3 2443//3
f 2447//4 2448//4 2444//4
f 2448//5 2445//5 2441//5
f 2450//1 2451//1 2452//1
f 2455//2 2454//2 2453//2
f 2453//6 2454//6 2450//6
f 2454//3 2455//3 2451//3
f 2455//4 2456//4 2452//4
f 2456//5 2453//5 2449//5
f 2457//1 2458//1 2459//1
f 2463//2 2462//2 2461//2
f 2461//6 2462//6 2458//6
f 2462//3 2463//3 2459//3
f 2463//4 2464//4 2460//4
f 2464//5 2461//5 2457//5
f 2465//1 2466//1 2467//1
f 2471//2 2470//2 2469//2
f 2469//6 2470//6 2466//6
f 2470//3 2471//3 2467//3
f 2471//4 2472//4 2468//4
f 2472//5 2469//5 2465//5
f 2474//1 2475//1 2476//1
f 2480//2 2479//2 2478//2
f 2477//6 2478//6 2474//6
f 2478//3 2479//3 2475//3
f 2479//4 2480//4 2476//4
f 2480//5 2477//5 2473//5
f 2482//1 2483//1 2484//1
f 2487//2 2486//2 2485//2
f 2485//6 2486//6 2482//6
f 2486//3 2487//3 2483//3
f 2487//4 2488//4 2484//4
f 2488//5 2485//5 2481//5
f 2490//1 2491//1 2492//1
f 2495//2 2494//2 2493//2
f 2493//6 2494//6 2490//6
f 2494//3 2495//3 2491//3
f 2495//4 2496//4 2492//4
f 2496//5 2493//5 2489//5
f 2497//1 2498//1 2499//1
f 2503//2 2502//2 2501//2
f 2501//6 2502//6 2498//6
f 2502//3 2503//3 2499//3
f 2503//4 2504//4 2500//4
f 2504//5 2501//5 2497//5
f 2505//1 2506//1 2507//1
f 2511//2 2510//2 2509//2
f 2509//6 2510//6 2506//6
f 2510//3 2511//3 2507//3
f 2511//4 2512//4 2508//4
f 2512//5 2509//5 2505//5
f 2514//1 2515//1 2516//1
f 2520//2 2519//2 2518//2
f 2517//6 2518//6 2514//6
f 2518//3 2519//3 2515//3
f 2519//4 2520//4 2516//4
f 2520//5 2517//5 2513//5
f 2522//1 2523//1 2524//1
f 2527//2 2526//2 2525//2
f 2525//6 2526//6 2522//6
f 2526//3 2527//3 2523//3
f 2527//4 2528//4 2524//4
f 2528//5 2525//5 2521//5
f 2530//1 2531//1 2532//1
f 2535//2 2534//2 2533//2
f 2533//6 2534//6 2530//6
f 2534//3 2535//3 2531//3
f 2535//4 2536//4 2532//4
f 2536//5 2533//5 2529//5
f 2537//1 2538//1 2539//1
f 2543//2 2542//2 2541//2
f 2541//6 2542//6 2538//6
f 2542//3 2543//3 2539//3
f 2543//4 2544//4 2540//4
f 2544//5 2541//5 2537//5
f 2545//1 2546//1 2547//1
f 2551//2 2550//2 2549//2
f 2549//6 2550//6 2546//6
f 2550//3 2551//3 2547//3
f 2551//4 2552//4 2548//4
f 2552//5 2549//5 2545//5
f 2554//1 2555//1 2556//1
f 2560//2 2559//2 2558//2
f 2557//6 2558//6 2554//6
f 2558//3 2559//3 2555//3
f 2559//4 2560//4 2556//4
f 2560//5 2557//5 2553//5
f 2562//1 2563//1 2564//1
f 2567//2 2566//2 2565//2
f 2565//6 2566//6 2562//6
f 2566//3 2567//3 2563//3
f 2567//4 2568//4 2564//4
f 2568//5 2565//5 2561//5
f 2570//1 2571//1 2572//1
f 2575//2 2574//2 2573//2
f 2573//6 2574//6 2570//6
f 2574//3 2575//3 2571//3
f 2575//4 2576//4 2572//4
f 2576//5 2573//5 2569//5
f 2577//1 2578//1 2579//1
f 2583//2 2582//2 2581//2
f 2581//6 2582//6 2578//6
f 2582//3 2583//3 2579//3
f 2583//4 2584//4 2580//4
f 2584//5 2581//5 2577//5
f 2585//1 2586//1 2587//1
f 2591//2 2590//2 2589//2
f 2589//6 2590//6 2586//6
f 2590//3 2591//3 2587//3
f 2591//4 2592//4 2588//4
f 2592//5 2589//5 2585//5
f 2594//1 2595//1 2596//1
f 2600//2 2599//2 2598//2
f 2597//6 2598//6 2594//6
f 2598//3 2599//3 2595//3
f 2599//4 2600//4 2596//4
f 2600//5 2597//5 2593//5
f 2602//1 2603//1 2604//1
f 2607//2 2606//2 2605//2
f 2605//6 2606//6 2602//6
f 2606//3 2607//3 2603//3
f 2607//4 2608//4 2604//4
f 2608//5 2605//5 2601//5
f 2610//1 2611//1 2612//1
f 2615//2 2614//2 2613//2
f 2613//6 2614//6 2610//6
f 2614//3 2615//3 2611//3
f 2615//4 2616//4 2612//4
f 2616//5 2613//5 2609//5
f 2617//1 2618//1 2619//1
f 2623//2 2622//2 2621//2
f 2621//6 2622//6 2618//6
f 2622//3 2623//3 2619//3
f 2623//4 2624//4 2620//4
f 2624//5 2621//5 2617//5
f 2625//1 2626//1 2627//1
f 2631//2 2630//2 2629//2
f 2629//6 2630//6 2626//6
f 2630//3 2631//3 2627//3
f 2631//4 2632//4 2628//4
f 2632//5 2629//5 2625//5
f 2634//1 2635//1 2636//1
f 2640//2 2639//2 2638//2
f 2637//6 2638//6 2634//6
f 2638//3 2639//3 2635//3
f 2639//4 2640//4 2636//4
f 2640//5 2637//5 2633//5
f 2642//1 2643//1 2644//1
f 2647//2 2646//2 2645//2
f 2645//6 2646//6 2642//6
f 2646//3 2647//3 2643//3
f 2647//4 2648//4 2644//4
f 2648//5 2645//5 2641//5
f 2650//1 2651//1 2652//1
f 2655//2 2654//2 2653//2
f 2653//6 2654//6 2650//6
f 2654//3 2655//3 2651//3
f 2655//4 2656//4 2652//4
f 2656//5 2653//5 2649//5
f 2657//1 2658//1 2659//1
f 2663//2 2662//2 2661//2
f 2661//6 2662//6 2658//6
f 2662//3 2663//3 2659//3
f 2663//4 2664//4 2660//4
f 2664//5 2661//5 2657//5
f 2665//1 2666//1 2667//1
f 2671//2 2670//2 2669//2
f 2669//6 2670//6 2666//6
f 2670//3 2671//3 2667//3
f 2671//4 2672//4 2668//4
f 2672//5 2669//5 2665//5
f 2674//1 2675//1 2676//1
f 2680//2 2679//2 2678//2
f 2677//6 2678//6 2674//6
f 2678//3 2679//3 2675//3
f 2679//4 2680//4 2676//4
f 2680//5 2677//5 2673//5
f 2682//1 2683//1 2684//1
f 2687//2 2686//2 2685//2
f 2685//6 2686//6 2682//6
f 2686//3 2687//3 2683//3
f 2687//4 2688//4 2684//4
f 2688//5 2685//5 2681//5
f 2690//1 2691//1 2692//1
f 2695//2 2694//2 2693//2
f 2693//6 2694//6 2690//6
f 2694//3 2695//3 2691//3
f 2695//4 2696//4 2692//4
f 2696//5 2693//5 2689//5
f 2697//1 2698//1 2699//1
f 2703//2 2702//2 2701//2
f 2701//6 2702//6 2698//6
f 2702//3 2703//3 2699//3
f 2703//4 2704//4 2700//4
f 2704//5 2701//5 2697//5
f 2705//1 2706//1 2707//1
f 2711//2 2710//2 2709//2
f 2709//6 2710//6 2706//6
f 2710//3 2711//3 2707//3
f 2711//4 2712//4 2708//4
f 2712//5 2709//5 2705//5
f 2714//1 2715//1 2716//1
f 2720//2 2719//2 2718//2
f 2717//6 2718//6 2714//6
f 2718//3 2719//3 2715//3
f 2719//4 2720//4 2716//4
f 2720//5 2717//5 2713//5
f 2722//1 2723//1 2724//1
f 2727//2 2726//2 2725//2
f 2725//6 2726//6 2722//6
f 2726//3 2727//3 2723//3
f 2727//4 2728//4 2724//4
f 2728//5 2725//5 2721//5
f 2730//1 2731//1 2732//1
f 2735//2 2734//2 2733//2
f 2733//6 2734//6 2730//6
f 2734//3 2735//3 2731//3
f 2735//4 2736//4 2732//4
f 2736//5 2733//5 2729//5
f 2737//1 2738//1 2739//1
f 2743//2 2742//2 2741//2
f 2741//6 2742//6 2738//6
f 2742//3 2743//3 2739//3
f 2743//4 2744//4 2740//4
f 2744//5 2741//5 2737//5
f 2745//1 2746//1 2747//1
f 2751//2 2750//2 2749//2
f 2749//6 2750//6 2746//6
f 2750//3 2751//3 2747//3
f 2751//4 2752//4 2748//4
f 2752//5 2749//5 2745//5
f 2754//1 2755//1 2756//1
f 2760//9 2759//9 2758//9
f 2757//6 2758//6 2754//6
f 2758//3 2759//3 2755//3
f 2759//4 2760//4 2756//4
f 2760//5 2757//5 2753//5
f 2762//10 2763//10 2764//10
f 2767//2 2766//2 2765//2
f 2765//6 2766//6 2762//6
f 2766//3 2767//3 2763//3
f 2767//4 2768//4 2764//4
f 2768//5 2765//5 2761//5
f 2770//10 2771//10 2772//10
f 2775//2 2774//2 2773//2
f 2773//6 2774//6 2770//6
f 2774//3 2775//3 2771//3
f 2775//4 2776//4 2772//4
f 2776//5 2773//5 2769//5
f 2777//1 2778//1 2779//1
f 2783//2 2782//2 2781//2
f 2781//6 2782//6 2778//6
f 2782//3 2783//3 2779//3
f 2783//4 2784//4 2780//4
f 2784//5 2781//5 2777//5
f 2785//1 2786//1 2787//1
f 2791//2 2790//2 2789//2
f 2789//6 2790//6 2786//6
f 2790//3 2791//3 2787//3
f 2791//4 2792//4 2788//4
f 2792//5 2789//5 2785//5
f 2794//10 2795//10 2796//10
f 2800//2 2799//2 2798//2
f 2797//6 2798//6 2794//6
f 2798//3 2799//3 2795//3
f 2799//4 2800//4 2796//4
f 2800//5 2797//5 2793//5
f 2802//1 2803//1 2804//1
f 2807//2 2806//2 2805//2
f 2805//6 2806//6 2802//6
f 2806//3 2807//3 2803//3
f 2807//4 2808//4 2804//4
f 2808//5 2805//5 2801//5
f 2810//1 2811//1 2812//1
f 2815//2 2814//2 2813//2
f 2813//6 2814//6 2810//6
f 2814//3 2815//3 2811//3
f 2815//4 2816//4 2812//4
f 2816//5 2813//5 2809//5
f 2817//1 2818//1 2819//1
f 2823//2 2822//2 2821//2
f 2821//6 2822//6 2818//6
f 2822//3 2823//3 2819//3
f 2823//4 2824//4 2820//4
f 2824//5 2821//5 2817//5
f 2825//1 2826//1 2827//1
f 2831//2 2830//2 2829//2
f 2829//6 2830//6 2826//6
f 2830//3 2831//3 2827//3
f 2831//4 2832//4 2828//4
f 2832//5 2829//5 2825//5
f 2834//1 2835//1 2836//1
f 2840//2 2839//2 2838//2
f 2837//6 2838//6 2834//6
f 2838//3 2839//3 2835//3
f 2839//4 2840//4 2836//4
f 2840//5 2837//5 2833//5
f 2842//10 2843//10 2844//10
f 2847//9 2846//9 2845//9
f 2845//6 2846//6 2842//6
f 2846//3 2847//3 2843//3
f 2847//4 2848//4 2844//4
f 2848//5 2845//5 2841//5
f 2850//10 2851//10 2852//10
f 2855//9 2854//9 2853//9
f 2853//6 2854//6 2850//6
f 2854//3 2855//3 2851//3
f 2855//4 2856//4 2852//4
f 2856//5 2853//5 2849//5
f 2857//1 2858//1 2859//1
f 2863//9 2862//9 2861//9
f 2861//6 2862//6 2858//6
f 2862//3 2863//3 2859//3
f 2863//4 2864//4 2860//4
f 2864//5 2861//5 2857//5
f 2865//1 2866//1 2867//1
f 2871//9 2870//9 2869//9
f 2869//6 2870//6 2866//6
f 2870//3 2871//3 2867//3
f 2871//4 2872//4 2868//4
f 2872//5 2869//5 2865//5
f 2874//10 2875//10 2876//10
f 2880//8 2879//8 2878//8
f 2877//6 2878//6 2874//6
f 2878//3 2879//3 2875//3
f 2879//4 2880//4 2876//4
f 2880//5 2877//5 2873//5
f 2882//1 2883//1 2884//1
f 2887//2 2886//2 2885//2
f 2885//6 2886//6 2882//6
f 2886//3 2887//3 2883//3
f 2887//4 2888//4 2884//4
f 2888//5 2885//5 2881//5
f 2890//1 2891//1 2892//1
f 2895//2 2894//2 2893//2
f 2893//6 2894//6 2890//6
f 2894//3 2895//3 2891//3
f 2895//4 2896//4 2892//4
f 2896//5 2893//5 2889//5
f 2897//7 2898//7 2899//7
f 2903//2 2902//2 2901//2
f 2901//6 2902//6 2898//6
f 2902//3 2903//3 2899//3
f 2903//4 2904//4 2900//4
f 2904//5 2901//5 2897//5
f 2905//7 2906//7 2907//7
f 2911//2 2910//2 2909//2
f 2909//6 2910//6 2906//6
f 2910//3 2911//3 2907//3
f 2911//4 2912//4 2908//4
f 2912//5 2909//5 2905//5
f 2914//1 2915//1 2916//1
f 2920//2 2919//2 2918//2
f 2917//6 2918//6 2914//6
f 2918//3 2919//3 2915//3
f 2919//4 2920//4 2916//4
f 2920//5 2917//5 2913//5
f 2922//10 2923//10 2924//10
f 2927//9 2926//9 2925//9
f 2925//6 2926//6 2922//6
f 2926//3 2927//3 2923//3
f 2927//4 2928//4 2924//4
f 2928//5 2925//5 2921//5
f 2930//10 2931//10 2932//10
f 2935//9 2934//9 2933//9
f 2933//6 2934//6 2930//6
f 2934//3 2935//3 2931//3
f 2935//4 2936//4 2932//4
f 2936//5 2933//5 2929//5
f 2937//1 2938//1 2939//1
f 2943//9 2942//9 2941//9
f 2941//6 2942//6 2938//6
f 2942//3 2943//3 2939//3
f 2943//4 2944//4 2940//4
f 2944//5 2941//5 2937//5
f 2945//1 2946//1 2947//1
f 2951//9 2950//9 2949//9
f 2949//6 2950//6 2946//6
f 2950//3 2951//3 2947//3
f 2951//4 2952//4 2948//4
f 2952//5 2949//5 2945//5
f 2954//10 2955//10 2956//10
f 2960//8 2959//8 2958//8
f 2957//6 2958//6 2954//6
f 2958//3 2959//3 2955//3
f 2959//4 2960//4 2956//4
f 2960//5 2957//5 2953//5
f 2962//1 2963//1 2964//1
f 2967//2 2966//2 2965//2
f 2965//6 2966//6 2962//6
f 2966//3 2967//3 2963//3
f 2967//4 2968//4 2964//4
f 2968//5 2965//5 2961//5
f 2970//1 2971//1 2972//1
f 2975//2 2974//2 2973//2
f 2973//6 2974//6 2970//6
f 2974//3 2975//3 2971//3
f 2975//4 2976//4 2972//4
f 2976//5 2973//5 2969//5
f 2977//7 2978//7 2979//7
f 2983//2 2982//2 2981//2
f 2981//6 2982//6 2978//6
f 2982//3 2983//3 2979//3
f 2983//4 2984//4 2980//4
f 2984//5 2981//5 2977//5
f 2985//7 2986//7 2987//7
f 2991//2 2990//2 2989//2
f 2989//6 2990//6 2986//6
f 2990//3 2991//3 2987//3
f 2991//4 2992//4 2988//4
f 2992//5 2989//5 2985//5
f 2994//1 2995//1 2996//1
f 3000//2 2999//2 2998//2
f 2997//6 2998//6 2994//6
f 2998//3 2999//3 2995//3
f 2999//4 3000//4 2996//4
f 3000//5 2997//5 2993//5
f 3002//1 3003//1 3004//1
f 3007//2 3006//2 3005//2
f 3005//6 3006//6 3002//6
f 3006//3 3007//3 3003//3
f 3007//4 3008//4 3004//4
f 3008//5 3005//5 3001//5
f 3010//1 3011//1 3012//1
f 3015//2 3014//2 3013//2
f 3013//6 3014//6 3010//6
f 3014//3 3015//3 3011//3
f 3015//4 3016//4 3012//4
f 3016//5 3013//5 3009//5
f 3017//10 3018//10 3019//10
f 3023//2 3022//2 3021//2
f 3021//6 3022//6 3018//6
f 3022//3 3023//3 3019//3
f 3023//4 3024//4 3020//4
f 3024//5 3021//5 3017//5
f 3025//10 3026//10 3027//10
f 3031//2 3030//2 3029//2
f 3029//6 3030//6 3026//6
f 3030//3 3031//3 3027//3
f 3031//4 3032//4 3028//4
f 3032//5 3029//5 3025//5
f 3034//1 3035//1 3036//1
f 3040//2 3039//2 3038//2
f 3037//6 3038//6 3034//6
f 3038//3 3039//3 3035//3
f 3039//4 3040//4 3036//4
f 3040//5 3037//5 3033//5
f 3042//1 3043//1 3044//1
f 3047//2 3046//2 3045//2
f 3045//6 3046//6 3042//6
f 3046//3 3047//3 3043//3
f 3047//4 3048//4 3044//4
f 3048//5 3045//5 3041//5
f 3050//1 3051//1 3052//1
f 3055//2 3054//2 3053//2
f 3053//6 3054//6 3050//6
f 3054//3 3055//3 3051//3
f 3055//4 3056//4 3052//4
f 3056//5 3053//5 3049//5
f 3057//7 3058//7 3059//7
f 3063//2 3062//2 3061//2
f 3061//6 3062//6 3058//6
f 3062//3 3063//3 3059//3
f 3063//4 3064//4 3060//4
f 3064//5 3061//5 3057//5
f 3065//7 3066//7 3067//7
f 3071//2 3070//2 3069//2
f 3069//6 3070//6 3066//6
f 3070//3 3071//3 3067//3
f 3071//4 3072//4 3068//4
f 3072//5 3069//5 3065//5
f 3074//1 3075//1 3076//1
f 3080//2 3079//2 3078//2
f 3077//6 3078//6 3074//6
f 3078//3 3079//3 3075//3
f 3079//4 3080//4 3076//4
f 3080//5 3077//5 3073//5
f 3082//1 3083//1 3084//1
f 3087//2 3086//2 3085//2
f 3085//6 3086//6 3082//6
f 3086//3 3087//3 3083//3
f 3087//4 3088//4 3084//4
f 3088//5 3085//5 3081//5
f 3090//1 3091//1 3092//1
f 3095//2 3094//2 3093//2
f 3093//6 3094//6 3090//6
f 3094//3 3095//3 3091//3
f 3095//4 3096//4 3092//4
f 3096//5 3093//5 3089//5
f 3097//10 3098//10 3099//10
f 3103//2 3102//2 3101//2
f 3101//6 3102//6 3098//6
f 3102//3 3103//3 3099//3
f 3103//4 3104//4 3100//4
f 3104//5 3101//5 3097//5
f 3105//10 3106//10 3107//10
f 3111//2 3110//2 3109//2
f 3109//6 3110//6 3106//6
f 3110//3 3111//3 3107//3
f 3111//4 3112//4 3108//4
f 3112//5 3109//5 3105//5
f 3114//1 3115//1 3116//1
f 3120//2 3119//2 3118//2
f 3117//6 3118//6 3114//6
f 3118//3 3119//3 3115//3
f 3119//4 3120//4 3116//4
f 3120//5 3117//5 3113//5
f 3122//1 3123//1 3124//1
f 3127//2 3126//2 3125//2
f 3125//6 3126//6 3122//6
f 3126//3 3127//3 3123//3
f 3127//4 3128//4 3124//4
f 3128//5 3125//5 3121//5
f 3130//1 3131//1 3132//1
f 3135//2 3134//2 3133//2
f 3133//6 3134//6 3130//6
f 3134//3 3135//3 3131//3
f 3135//4 3136//4 3132//4
f 3136//5 3133//5 3129//5
f 3137//7 3138//7 3139//7
f 3143//2 3142//2 3141//2
f 3141//6 3142//6 3138//6
f 3142//3 3143//3 3139//3
f 3143//4 3144//4 3140//4
f 3144//5 3141//5 3137//5
f 3145//7 3146//7 3147//7
f 3151//2 3150//2 3149//2
f 3149//6 3150//6 3146//6
f 3150//3 3151//3 3147//3
f 3151//4 3152//4 3148//4
f 3152//5 3149//5 3145//5
f 3154//1 3155//1 3156//1
f 3160//8 3159//8 3158//8
f 3157//6 3158//6 3154//6
f 3158//3 3159//3 3155//3
f 3159//4 3160//4 3156//4
f 3160//5 3157//5 3153//5
f 3162//11 3163//11 3164//11
f 3167//2 3166//2 3165//2
f 3165//6 3166//6 3162//6
f 3166//3 3167//3 3163//3
f 3167//4 3168//4 3164//4
f 3168//5 3165//5 3161//5
f 3170//11 3171//11 3172//11
f 3175//2 3174//2 3173//2
f 3173//6 3174//6 3170//6
f 3174//3 3175//3 3171//3
f 3175//4 3176//4 3172//4
f 3176//5 3173//5 3169//5
f 3177//10 3178//10 3179//10
f 3183//2 3182//2 3181//2
f 3181//6 3182//6 3178//6
f 3182//3 3183//3 3179//3
f 3183//4 3184//4 3180//4
f 3184//5 3181//5 3177//5
f 3185//10 3186//10 3187//10
f 3191//2 3190//2 3189//2
f 3189//6 3190//6 3186//6
f 3190//3 3191//3 3187//3
f 3191//4 3192//4 3188//4
f 3192//5 3189//5 3185//5
f 3194//11 3195//11 3196//11
f 3200//9 3199//9 3198//9
f 3197//6 3198//6 3194//6
f 3198//3 3199//3 3195//3
f 3199//4 3200//4 3196//4
f 3200//5 3197//5 3193//5
f 3202//1 3203//1 3204//1
f 3207//2 3206//2 3205//2
f 3205//6 3206//6 3202//6
f 3206//3 3207//3 3203//3
f 3207//4 3208//4 3204//4
f 3208//5 3205//5 3201//5
f 3210//1 3211//1 3212//1
f 3215//2 3214//2 3213//2
f 3213//6 3214//6 3210//6
f 3214//3 3215//3 3211//3
f 3215//4 3216//4 3212//4
f 3216//5 3213//5 3209//5
f 3217//7 3218//7 3219//7
f 3223//2 3222//2 3221//2
f 3221//6 3222//6 3218//6
f 3222//3 3223//3 3219//3
f 3223//4 3224//4 3220//4
f 3224//5 3221//5 3217//5
f 3225//7 3226//7 3227//7
f 3231//2 3230//2 3229//2
f 3229//6 3230//6 3226//6
f 3230//3 3231//3 3227//3
f 3231//4 3232//4 3228//4
f 3232//5 3229//5 3225//5
f 3234//1 3235//1 3236//1
f 3240//2 3239//2 3238//2
f 3237//6 3238//6 3234//6
f 3238//3 3239//3 3235//3
f 3239//4 3240//4 3236//4
f 3240//5 3237//5 3233//5
f 3242//1 3243//1 3244//1
f 3247//2 3246//2 3245//2
f 3245//6 3246//6 3242//6
f 3246//3 3247//3 3243//3
f 3247//4 3248//4 3244//4
f 3248//5 3245//5 3241//5
f 3250//1 3251//1 3252//1
f 3255//2 3254//2 3253//2
f 3253//6 3254//6 3250//6
f 3254//3 3255//3 3251//3
f 3255//4 3256//4 3252//4
f 3256//5 3253//5 3249//5
f 3257//10 3258//10 3259//10
f 3263//2 3262//2 3261//2
f 3261//6 3262//6 3258//6
f 3262//3 3263//3 3259//3
f 3263//4 3264//4 3260//4
f 3264//5 3261//5 3257//5
f 3265//10 3266//10 3267//10
f 3271//2 3270//2 3269//2
f 3269//6 3270//6 3266//6
f 3270//3 3271//3 3267//3
f 3271//4 3272//4 3268//4
f 3272//5 3269//5 3265//5
f 3274//1 3275//1 3276//1
f 3280//2 3279//2 3278//2
f 3277//6 3278//6 3274//6
f 3278//3 3279//3 3275//3
f 3279//4 3280//4 3276//4
f 3280//5 3277//5 3273//5
f 3282//1 3283//1 3284//1
f 3287//2 3286//2 3285//2
f 3285//6 3286//6 3282//6
f 3286//3 3287//3 3283//3
f 3287//4 3288//4 3284//4
f 3288//5 3285//5 3281//5
f 3290//1 3291//1 3292//1
f 3295//2 3294//2 3293//2
f 3293//6 3294//6 3290//6
f 3294//3 3295//3 3291//3
f 3295//4 3296//4 3292//4
f 3296//5 3293//5 3289//5
f 3297//7 3298//7 3299//7
f 3303//2 3302//2 3301//2
f 3301//6 3302//6 3298//6
f 3302//3 3303//3 3299//3
f 3303//4 3304//4 3300//4
f 3304//5 3301//5 3297//5
f 3305//7 3306//7 3307//7
f 3311//2 3310//2 3309//2
f 3309//6 3310//6 3306//6
f 3310//3 3311//3 3307//3
f 3311//4 3312//4 3308//4
f 3312//5 3309//5 3305//5
f 3314//1 3315//1 3316//1
f 3320//8 3319//8 3318//8
f 3317//6 3318//6 3314//6
f 3318//3 3319//3 3315//3
f 3319//4 3320//4 3316//4
f 3320//5 3317//5 3313//5
f 3322//11 3323//11 3324//11
f 3327//2 3326//2 3325//2
f 3325//6 3326//6 3322//6
f 3326//3 3327//3 3323//3
f 3327//4 3328//4 3324//4
f 3328//5 3325//5 3321//5
f 3330//11 3331//11 3332//11
f 3335//2 3334//2 3333//2
f 3333//6 3334//6 3330//6
f 3334//3 3335//3 3331//3
f 3335//4 3336//4 3332//4
f 3336//5 3333//5 3329//5
f 3337//10 3338//10 3339//10
f 3343//2 3342//2 3341//2
f 3341//6 3342//6 3338//6
f 3342//3 3343//3 3339//3
f 3343//4 3344//4 3340//4
f 3344//5 3341//5 3337//5
f 3345//10 3346//10 3347//10
f 3351//2 3350//2 3349//2
f 3349//6 3350//6 3346//6
f 3350//3 3351//3 3347//3
f 3351//4 3352//4 3348//4
f 3352//5 3349//5 3345//5
f 3354//11 3355//11 3356//11
f 3360//9 3359//9 3358//9
f 3357//6 3358//6 3354//6
f 3358//3 3359//3 3355//3
f 3359//4 3360//4 3356//4
f 3360//5 3357//5 3353//5
f 3362//1 3363//1 3364//1
f 3367//2 3366//2 3365//2
f 3365//6 3366//6 3362//6
f 3366//3 3367//3 3363//3
f 3367//4 3368//4 3364//4
f 3368//5 3365//5 3361//5
f 3370//1 3371//1 3372//1
f 3375//2 3374//2 3373//2
f 3373//6 3374//6 3370//6
f 3374//3 3375//3 3371//3
f 3375//4 3376//4 3372//4
f 3376//5 3373//5 3369//5
f 3377//10 3378//10 3379//10
f 3383//2 3382//2 3381//2
f 3381//6 3382//6 3378//6
f 3382//3 3383//3 3379//3
f 3383//4 3384//4 3380//4
f 3384//5 3381//5 3377//5
f 3385//10 3386//10 3387//10
f 3391//2 3390//2 3389//2
f 3389//6 3390//6 3386//6
f 3390//3 3391//3 3387//3
f 3391//4 3392//4 3388//4
f 3392//5 3389//5 3385//5
f 3394//1 3395//1 3396//1
f 3400//2 3399//2 3398//2
f 3397//6 3398//6 3394//6
f 3398//3 3399//3 3395//3
f 3399//4 3400//4 3396//4
f 3400//5 3397//5 3393//5
f 3402//12 3403//12 3404//12
f 3407//2 3406//2 3405//2
f 3405//6 3406//6 3402//6
f 3406//3 3407//3 3403//3
f 3407//4 3408//4 3404//4
f 3408//5 3405//5 3401//5
f 3410//12 3411//12 3412//12
f 3415//2 3414//2 3413//2
f 3413//6 3414//6 3410//6
f 3414//3 3415//3 3411//3
f 3415//4 3416//4 3412//4
f 3416//5 3413//5 3409//5
f 3417//7 3418//7 3419//7
f 3423//2 3422//2 3421//2
f 3421//6 3422//6 3418//6
f 3422//3 3423//3 3419//3
f 3423//4 3424//4 3420//4
f 3424//5 3421//5 3417//5
f 3425//7 3426//7 3427//7
f 3431//2 3430//2 3429//2
f 3429//6 3430//6 3426//6
f 3430//3 3431//3 3427//3
f 3431//4 3432//4 3428//4
f 3432//5 3429//5 3425//5
f 3434//12 3435//12 3436//12
f 3440//2 3439//2 3438//2
f 3437//6 3438//6 3434//6
f 3438//3 3439//3 3435//3
f 3439//4 3440//4 3436//4
f 3440//5 3437//5 3433//5
f 3442//1 3443//1 3444//1
f 3447//14 3446//14 3445//14
f 3445//6 3446//6 3442//6
f 3446//3 3447//3 3443//3
f 3447//4 3448//4 3444//4
f 3448//5 3445//5 3441//5
f 3450//1 3451//1 3452//1
f 3455//14 3454//14 3453//14
f 3453//6 3454//6 3450//6
f 3454//3 3455//3 3451//3
f 3455//4 3456//4 3452//4
f 3456//5 3453//5 3449//5
f 3457//10 3458//10 3459//10
f 3463//14 3462//14 3461//14
f 3461//6 3462//6 3458//6
f 3462//3 3463//3 3459//3
f 3463//4 3464//4 3460//4
f 3464//5 3461//5 3457//5
f 3465//10 3466//10 3467//10
f 3471//14 3470//14 3469//14
f 3469//6 3470//6 3466//6
f 3470//3 3471//3 3467//3
f 3471//4 3472//4 3468//4
f 3472//5 3469//5 3465//5
f 3474//1 3475//1 3476//1
f 3480//8 3479//8 3478//8
f 3477//6 3478//6 3474//6
f 3478//3 3479//3 3475//3
f 3479//4 3480//4 3476//4
f 3480//5 3477//5 3473//5
f 3482//1 3483//1 3484//1
f 3487//2 3486//2 3485//2
f 3485//6 3486//6 3482//6
f 3486//3 3487//3 3483//3
f 3487//4 3488//4 3484//4
f 3488//5 3485//5 3481//5
f 3490//1 3491//1 3492//1
f 3495//2 3494//2 3493//2
f 3493//6 3494//6 3490//6
f 3494//3 3495//3 3491//3
f 3495//4 3496//4 3492//4
f 3496//5 3493//5 3489//5
f 3497//10 3498//10 3499//10
f 3503//2 3502//2 3501//2
f 3501//6 3502//6 3498//6
f 3502//3 3503//3 3499//3
f 3503//4 3504//4 3500//4
f 3504//5 3501//5 3497//5
f 3505//10 3506//10 3507//10
f 3511//2 3510//2 3509//2
f 3509//6 3510//6 3506//6
f 3510//3 3511//3 3507//3
f 3511//4 3512//4 3508//4
f 3512//5 3509//5 3505//5
f 3514//1 3515//1 3516//1
f 3520//9 3519//9 3518//9
f 3517//6 3518//6 3514//6
f 3518//3 3519//3 3515//3
f 3519//4 3520//4 3516//4
f 3520//5 3517//5 3513//5
f 3522//11 3523//11 3524//11
f 3527//2 3526//2 3525//2
f 3525//6 3526//6 3522//6
f 3526//3 3527//3 3523//3
f 3527//4 3528//4 3524//4
f 3528//5 3525//5 3521//5
f 3530//11 3531//11 3532//11
f 3535//2 3534//2 3533//2
f 3533//6 3534//6 3530//6
f 3534//3 3535//3 3531//3
f 3535//4 3536//4 3532//4
f 3536//5 3533//5 3529//5
f 3537//10 3538//10 3539//10
f 3543//2 3542//2 3541//2
f 3541//6 3542//6 3538//6
f 3542//3 3543//3 3539//3
f 3543//4 3544//4 3540//4
f 3544//5 3541//5 3537//5
f 3545//10 3546//10 3547//10
f 3551//2 3550//2 3549//2
f 3549//6 3550//6 3546//6
f 3550//3 3551//3 3547//3
f 3551//4 3552//4 3548//4
f 3552//5 3549//5 3545//5
f 3554//1 3555//1 3556//1
f 3560//2 3559//2 3558//2
f 3557//6 3558//6 3554//6
f 3558//3 3559//3 3555//3
f 3559//4 3560//4 3556//4
f 3560//5 3557//5 3553//5
f 3562//1 3563//1 3564//1
f 3567//13 3566//13 3565//13
f 3565//6 3566//6 3562//6
f 3566//3 3567//3 3563//3
f 3567//4 3568//4 3564//4
f 3568//5 3565//5 3561//5
f 3570//1 3571//1 3572//1
f 3575//13 3574//13 3573//13
f 3573//6 3574//6 3570//6
f 3574//3 3575//3 3571//3
f 3575//4 3576//4 3572//4
f 3576//5 3573//5 3569//5
f 3577//7 3578//7 3579//7
f 3583//13 3582//13 3581//13
f 3581//6 3582//6 3578//6
f 3582//3 3583//3 3579//3
f 3583//4 3584//4 3580//4
f 3584//5 3581//5 3577//5
f 3585//7 3586//7 3587//7
f 3591//13 3590//13 3589//13
f 3589//6 3590//6 3586//6
f 3590//3 3591//3 3587//3
f 3591//4 3592//4 3588//4
f 3592//5 3589//5 3585//5
f 3594//12 3595//12 3596//12
f 3600//2 3599//2 3598//2
f 3597//6 3598//6 3594//6
f 3598//3 3599//3 3595//3
f 3599//4 3600//4 3596//4
f 3600//5 3597//5 3593//5
f 3602//12 3603//12 3604//12
f 3607//2 3606//2 3605//2
f 3605//6 3606//6 3602//6
f 3606//3 3607//3 3603//3
f 3607//4 3608//4 3604//4
f 3608//5 3605//5 3601//5
f 3610//12 3611//12 3612//12
f 3615//2 3614//2 3613//2
f 3613//6 3614//6 3610//6
f 3614//3 3615//3 3611//3
f 3615//4 3616//4 3612//4
f 3616//5 3613//5 3609//5
f 3617//7 3618//7 3619//7
f 3623//2 3622//2 3621//2
f 3621//6 3622//6 3618//6
f 3622//3 3623//3 3619//3
f 3623//4 3624//4 3620//4
f 3624//5 3621//5 3617//5
f 3625//7 3626//7 3627//7
f 3631//2 3630//2 3629//2
f 3629//6 3630//6 3626//6
f 3630//3 3631//3 3627//3
f 3631//4 3632//4 3628//4
f 3632//5 3629//5 3625//5
f 3634//1 3635//1 3636//1
f 3640//2 3639//2 3638//2
f 3637//6 3638//6 3634//6
f 3638//3 3639//3 3635//3
f 3639//4 3640//4 3636//4
f 3640//5 3637//5 3633//5
f 3642//1 3643//1 3644//1
f 3647//2 3646//2 3645//2
f 3645//6 3646//6 3642//6
f 3646//3 3647//3 3643//3
f 3647//4 3648//4 3644//4
f 3648//5 3645//5 3641//5
f 3650//1 3651//1 3652//1
f 3655//2 3654//2 3653//2
f 3653//6 3654//6 3650//6
f 3654//3 3655//3 3651//3
f 3655//4 3656//4 3652//4
f 3656//5 3653//5 3649//5
f 3657//10 3658//10 3659//10
f 3663//2 3662//2 3661//2
f 3661//6 3662//6 3658//6
f 3662//3 3663//3 3659//3
f 3663//4 3664//4 3660//4
f 3664//5 3661//5 3657//5
f 3665//10 3666//10 3667//10
f 3671//2 3670//2 3669//2
f 3669//6 3670//6 3666//6
f 3670//3 3671//3 3667//3
f 3671//4 3672//4 3668//4
f 3672//5 3669//5 3665//5
f 3674//1 3675//1 3676//1
f 3680//8 3679//8 3678//8
f 3677//6 3678//6 3674//6
f 3678//3 3679//3 3675//3
f 3679//4 3680//4 3676//4
f 3680//5 3677//5 3673//5
f 3682//1 3683//1 3684//1
f 3687//2 3686//2 3685//2
f 3685//6 3686//6 3682//6
f 3686//3 3687//3 3683//3
f 3687//4 3688//4 3684//4
f 3688//5 3685//5 3681//5
f 3690//1 3691//1 3692//1
f 3695//2 3694//2 3693//2
f 3693//6 3694//6 3690//6
f 3694//3 3695//3 3691//3
f 3695//4 3696//4 3692//4
f 3696//5 3693//5 3689//5
f 3697//7 3698//7 3699//7
f 3703//2 3702//2 3701//2
f 3701//6 3702//6 3698//6
f 3702//3 3703//3 3699//3
f 3703//4 3704//4 3700//4
f 3704//5 3701//5 3697//5
f 3705//7 3706//7 3707//7
f 3711//2 3710//2 3709//2
f 3709//6 3710//6 3706//6
f 3710//3 3711//3 3707//3
f 3711//4 3712//4 3708//4
f 3712//5 3709//5 3705//5
f 3714//1 3715//1 3716//1
f 3720//2 3719//2 3718//2
f 3717//6 3718//6 3714//6
f 3718//3 3719//3 3715//3
f 3719//4 3720//4 3716//4
f 3720//5 3717//5 3713//5
f 3722//1 3723//1 3724//1
f 3727//17 3726//17 3725//17
f 3725//6 3726//6 3722//6
f 3726//3 3727//3 3723//3
f 3727//4 3728//4 3724//4
f 3728//5 3725//5 3721//5
f 3730//1 3731//1 3732//1
f 3735//17 3734//17 3733//17
f 3733//6 3734//6 3730//6
f 3734//3 3735//3 3731//3
f 3735//4 3736//4 3732//4
f 3736//5 3733//5 3729//5
f 3737//10 3738//10 3739//10
f 3743//17 3742//17 3741//17
f 3741//6 3742//6 3738//6
f 3742//3 3743//3 3739//3
f 3743//4 3744//4 3740//4
f 3744//5 3741//5 3737//5
f 3745//10 3746//10 3747//10
f 3751//17 3750//17 3749//17
f 3749//6 3750//6 3746//6
f 3750//3 3751//3 3747//3
f 3751//4 3752//4 3748//4
f 3752//5 3749//5 3745//5
f 3754//1 3755//1 3756//1
f 3760//2 3759//2 3758//2
f 3757//6 3758//6 3754//6
f 3758//3 3759//3 3755//3
f 3759//4 3760//4 3756//4
f 3760//5 3757//5 3753//5
f 3762//1 3763//1 3764//1
f 3767//2 3766//2 3765//2
f 3765//6 3766//6 3762//6
f 3766//3 3767//3 3763//3
f 3767//4 3768//4 3764//4
f 3768//5 3765//5 3761//5
f 3770//1 3771//1 3772//1
f 3775//2 3774//2 3773//2
f 3773//6 3774//6 3770//6
f 3774//3 3775//3 3771//3
f 3775//4 3776//4 3772//4
f 3776//5 3773//5 3769//5
f 3777//7 3778//7 3779//7
f 3783//2 3782//2 3781//2
f 3781//6 3782//6 3778//6
f 3782//3 3783//3 3779//3
f 3783//4 3784//4 3780//4
f 3784//5 3781//5 3777//5
f 3785//7 3786//7 3787//7
f 3791//2 3790//2 3789//2
f 3789//6 3790//6 3786//6
f 3790//3 3791//3 3787//3
f 3791//4 3792//4 3788//4
f 3792//5 3789//5 3785//5
f 3794//1 3795//1 3796//1
f 3800//2 3799//2 3798//2
f 3797//6 3798//6 3794//6
f 3798//3 3799//3 3795//3
f 3799//4 3800//4 3796//4
f 3800//5 3797//5 3793//5
f 3802//1 3803//1 3804//1
f 3807//2 3806//2 3805//2
f 3805//6 3806//6 3802//6
f 3806//3 3807//3 3803//3
f 3807//4 3808//4 3804//4
f 3808//5 3805//5 3801//5
f 3810//1 3811//1 3812//1
f 3815//2 3814//2 3813//2
f 3813//6 3814//6 3810//6
f 3814//3 3815//3 3811//3
f 3815//4 3816//4 3812//4
f 3816//5 3813//5 3809//5
f 3817//10 3818//10 3819//10
f 3823//2 3822//2 3821//2
f 3821//6 3822//6 3818//6
f 3822//3 3823//3 3819//3
f 3823//4 3824//4 3820//4
f 3824//5 3821//5 3817//5
f 3825//10 3826//10 3827//10
f 3831//2 3830//2 3829//2
f 3829//6 3830//6 3826//6
f 3830//3 3831//3 3827//3
f 3831//4 3832//4 3828//4
f 3832//5 3829//5 3825//5
f 3834//1 3835//1 3836//1
f 3840//17 3839//17 3838//17
f 3837//6 3838//6 3834//6
f 3838//3 3839//3 3835//3
f 3839//4 3840//4 3836//4
f 3840//5 3837//5 3833//5
f 3842//15 3843//15 3844//15
f 3847//2 3846//2 3845//2
f 3845//6 3846//6 3842//6
f 3846//3 3847//3 3843//3
f 3847//4 3848//4 3844//4
f 3848//5 3845//5 3841//5
f 3850//15 3851//15 3852//15
f 3855//2 3854//2 3853//2
f 3853//6 3854//6 3850//6
f 3854//3 3855//3 3851//3
f 3855//4 3856//4 3852//4
f 3856//5 3853//5 3849//5
f 3857//7 3858//7 3859//7
f 3863//2 3862//2 3861//2
f 3861//6 3862//6 3858//6
f 3862//3 3863//3 3859//3
f 3863//4 3864//4 3860//4
f 3864//5 3861//5 3857//5
f 3865//7 3866//7 3867//7
f 3871//2 3870//2 3869//2
f 3869//6 3870//6 3866//6
f 3870//3 3871//3 3867//3
f 3871//4 3872//4 3868//4
f 3872//5 3869//5 3865//5
f 3874//15 3875//15 3876//15
f 3880//13 3879//13 3878//13
f 3877//6 3878//6 3874//6
f 3878//3 3879//3 3875//3
f 3879//4 3880//4 3876//4
f 3880//5 3877//5 3873//5
f 3882//1 3883//1 3884//1
f 3887//17 3886//17 3885//17
f 3885//6 3886//6 3882//6
f 3886//3 3887//3 3883//3
f 3887//4 3888//4 3884//4
f 3888//5 3885//5 3881//5
f 3890//1 3891//1 3892//1
f 3895//17 3894//17 3893//17
f 3893//6 3894//6 3890//6
f 3894//3 3895//3 3891//3
f 3895//4 3896//4 3892//4
f 3896//5 3893//5 3889//5
f 3897//10 3898//10 3899//10
f 3903//17 3902//17 3901//17
f 3901//6 3902//6 3898//6
f 3902//3 3903//3 3899//3
f 3903//4 3904//4 3900//4
f 3904//5 3901//5 3897//5
f 3905//10 3906//10 3907//10
f 3911//17 3910//17 3909//17
f 3909//6 3910//6 3906//6
f 3910//3 3911//3 3907//3
f 3911//4 3912//4 3908//4
f 3912//5 3909//5 3905//5
f 3914//1 3915//1 3916//1
f 3920//14 3919//14 3918//14
f 3917//6 3918//6 3914//6
f 3918//3 3919//3 3915//3
f 3919//4 3920//4 3916//4
f 3920//5 3917//5 3913//5
f 3922//1 3923//1 3924//1
f 3927//2 3926//2 3925//2
f 3925//6 3926//6 3922//6
f 3926//3 3927//3 3923//3
f 3927//4 3928//4 3924//4
f 3928//5 3925//5 3921//5
f 3930//1 3931//1 3932//1
f 3935//2 3934//2 3933//2
f 3933//6 3934//6 3930//6
f 3934//3 3935//3 3931//3
f 3935//4 3936//4 3932//4
f 3936//5 3933//5 3929//5
f 3937//7 3938//7 3939//7
f 3943//2 3942//2 3941//2
f 3941//6 3942//6 3938//6
f 3942//3 3943//3 3939//3
f 3943//4 3944//4 3940//4
f 3944//5 3941//5 3937//5
f 3945//7 3946//7 3947//7
f 3951//2 3950//2 3949//2
f 3949//6 3950//6 3946//6
f 3950//3 3951//3 3947//3
f 3951//4 3952//4 3948//4
f 3952//5 3949//5 3945//5
f 3954//1 3955//1 3956//1
f 3960//14 3959//14 3958//14
f 3957//6 3958//6 3954//6
f 3958//3 3959//3 3955//3
f 3959//4 3960//4 3956//4
f 3960//5 3957//5 3953//5
f 3962//1 3963//1 3964//1
f 3967//2 3966//2 3965//2
f 3965//6 3966//6 3962//6
f 3966//3 3967//3 3963//3
f 3967//4 3968//4 3964//4
f 3968//5 3965//5 3961//5
f 3970//1 3971//1 3972//1
f 3975//2 3974//2 3973//2
f 3973//6 3974//6 3970//6
f 3974//3 3975//3 3971//3
f 3975//4 3976//4 3972//4
f 3976//5 3973//5 3969//5
f 3977//10 3978//10 3979//10
f 3983//2 3982//2 3981//2
f 3981//6 3982//6 3978//6
f 3982//3 3983//3 3979//3
f 3983//4 3984//4 3980//4
f 3984//5 3981//5 3977//5
f 3985//10 3986//10 3987//10
f 3991//2 3990//2 3989//2
f 3989//6 3990//6 3986//6
f 3990//3 3991//3 3987//3
f 3991//4 3992//4 3988//4
f 3992//5 3989//5 3985//5
f 3994//1 3995//1 3996//1
f 4000//8 3999//8 3998//8
f 3997//6 3998//6 3994//6
f 3998//3 3999//3 3995//3
f 3999//4 4000//4 3996//4
f 4000//5 3997//5 3993//5
f 4002//1 4003//1 4004//1
f 4007//2 4006//2 4005//2
f 4005//6 4006//6 4002//6
f 4006//3 4007//3 4003//3
f 4007//4 4008//4 4004//4
f 4008//5 4005//5 4001//5
f 4010//1 4011//1 4012//1
f 4015//2 4014//2 4013//2
f 4013//6 4014//6 4010//6
f 4014//3 4015//3 4011//3
f 4015//4 4016//4 4012//4
f 4016//5 4013//5 4009//5
f 4017//7 4018//7 4019//7
f 4023//2 4022//2 4021//2
f 4021//6 4022//6 4018//6
f 4022//3 4023//3 4019//3
f 4023//4 4024//4 4020//4
f 4024//5 4021//5 4017//5
f 4025//7 4026//7 4027//7
f 4031//2 4030//2 4029//2
f 4029//6 4030//6 4026//6
f 4030//3 4031//3 4027//3
f 4031//4 4032//4 4028//4
f 4032//5 4029//5 4025//5
f 4034//1 4035//1 4036//1
f 4040//2 4039//2 4038//2
f 4037//6 4038//6 4034//6
f 4038//3 4039//3 4035//3
f 4039//4 4040//4 4036//4
f 4040//5 4037//5 4033//5
f 4042//16 4043//16 4044//16
f 4047//17 4046//17 4045//17
f 4045//6 4046//6 4042//6
f 4046//3 4047//3 4043//3
f 4047//4 4048//4 4044//4
f 4048//5 4045//5 4041//5
f 4050//16 4051//16 4052//16
f 4055//17 4054//17 4053//17
f 4053//6 4054//6 4050//6
f 4054//3 4055//3 4051//3
f 4055//4 4056//4 4052//4
f 4056//5 4053//5 4049//5
f 4057//10 4058//10 4059//10
f 4063//17 4062//17 4061//17
f 4061//6 4062//6 4058//6
f 4062//3 4063//3 4059//3
f 4063//4 4064//4 4060//4
f 4064//5 4061//5 4057//5
f 4065//10 4066//10 4067//10
f 4071//17 4070//17 4069//17
f 4069//6 4070//6 4066//6
f 4070//3 4071//3 4067//3
f 4071//4 4072//4 4068//4
f 4072//5 4069//5 4065//5
f 4074//16 4075//16 4076//16
f 4080//2 4079//2 4078//2
f 4077//6 4078//6 4074//6
f 4078//3 4079//3 4075//3
f 4079//4 4080//4 4076//4
f 4080//5 4077//5 4073//5
f 4082//1 4083//1 4084//1
f 4087//2 4086//2 4085//2
f 4085//6 4086//6 4082//6
f 4086//3 4087//3 4083//3
f 4087//4 4088//4 4084//4
f 4088//5 4085//5 4081//5
f 4090//1 4091//1 4092//1
f 4095//2 4094//2 4093//2
f 4093//6 4094//6 4090//6
f 4094//3 4095//3 4091//3
f 4095//4 4096//4 4092//4
f 4096//5 4093//5 4089//5
f 4097//7 4098//7 4099//7
f 4103//2 4102//2 4101//2
f 4101//6 4102//6 4098//6
f 4102//3 4103//3 4099//3
f 4103//4 4104//4 4100//4
f 4104//5 4101//5 4097//5
f 4105//7 4106//7 4107//7
f 4111//2 4110//2 4109//2
f 4109//6 4110//6 4106//6
f 4110//3 4111//3 4107//3
f 4111//4 4112//4 4108//4
f 4112//5 4109//5 4105//5
f 4114//1 4115//1 4116//1
f 4120//2 4119//2 4118//2
f 4117//6 4118//6 4114//6
f 4118//3 4119//3 4115//3
f 4119//4 4120//4 4116//4
f 4120//5 4117//5 4113//5
f 4122//1 4123//1 4124//1
f 4127//2 4126//2 4125//2
f 4125//6 4126//6 4122//6
f 4126//3 4127//3 4123//3
f 4127//4 4128//4 4124//4
f 4128//5 4125//5 4121//5
f 4130//1 4131//1 4132//1
f 4135//2 4134//2 4133//2
f 4133//6 4134//6 4130//6
f 4134//3 4135//3 4131//3
f 4135//4 4136//4 4132//4
f 4136//5 4133//5 4129//5
f 4137//10 4138//10 4139//10
f 4143//2 4142//2 4141//2
f 4141//6 4142//6 4138//6
f 4142//3 4143//3 4139//3
f 4143//4 4144//4 4140//4
f 4144//5 4141//5 4137//5
f 4145//10 4146//10 4147//10
f 4151//2 4150//2 4149//2
f 4149//6 4150//6 4146//6
f 4150//3 4151//3 4147//3
f 4151//4 4152//4 4148//4
f 4152//5 4149//5 4145//5
f 4154//15 4155//15 4156//15
f 4160//17 4159//17 4158//17
f 4157//6 4158//6 4154//6
f 4158//3 4159//3 4155//3
f 4159//4 4160//4 4156//4
f 4160//5 4157//5 4153//5
f 4162//15 4163//15 4164//15
f 4167//2 4166//2 4165//2
f 4165//6 4166//6 4162//6
f 4166//3 4167//3 4163//3
f 4167//4 4168//4 4164//4
f 4168//5 4165//5 4161//5
f 4170//15 4171//15 4172//15
f 4175//2 4174//2 4173//2
f 4173//6 4174//6 4170//6
f 4174//3 4175//3 4171//3
f 4175//4 4176//4 4172//4
f 4176//5 4173//5 4169//5
f 4177//7 4178//7 4179//7
f 4183//2 4182//2 4181//2
f 4181//6 4182//6 4178//6
f 4182//3 4183//3 4179//3
f 4183//4 4184//4 4180//4
f 4184//5 4181//5 4177//5
f 4185//7 4186//7 4187//7
f 4191//2 4190//2 4189//2
f 4189//6 4190//6 4186//6
f 4190//3 4191//3 4187//3
f 4191//4 4192//4 4188//4
f 4192//5 4189//5 4185//5
f 4194//15 4195//15 4196//15
f 4200//13 4199//13 4198//13
f 4197//6 4198//6 4194//6
f 4198//3 4199//3 4195//3
f 4199//4 4200//4 4196//4
f 4200//5 4197//5 4193//5
f 4202//1 4203//1 4204//1
f 4207//17 4206//17 4205//17
f 4205//6 4206//6 4202//6
f 4206//3 4207//3 4203//3
f 4207//4 4208//4 4204//4
f 4208//5 4205//5 4201//5
f 4210//1 4211//1 4212//1
f 4215//17 4214//17 4213//17
f 4213//6 4214//6 4210//6
f 4214//3 4215//3 4211//3
f 4215//4 4216//4 4212//4
f 4216//5 4213//5 4209//5
f 4217//10 4218//10 4219//10
f 4223//17 4222//17 4221//17
f 4221//6 4222//6 4218//6
f 4222//3 4223//3 4219//3
f 4223//4 4224//4 4220//4
f 4224//5 4221//5 4217//5
f 4225//10 4226//10 4227//10
f 4231//17 4230//17 4229//17
f 4229//6 4230//6 4226//6
f 4230//3 4231//3 4227//3
f 4231//4 4232//4 4228//4
f 4232//5 4229//5 4225//5
f 4234//1 4235//1 4236//1
f 4240//14 4239//14 4238//14
f 4237//6 4238//6 4234//6
f 4238//3 4239//3 4235//3
f 4239//4 4240//4 4236//4
f 4240//5 4237//5 4233//5
f 4242//1 4243//1 4244//1
f 4247//2 4246//2 4245//2
f 4245//6 4246//6 4242//6
f 4246//3 4247//3 4243//3
f 4247//4 4248//4 4244//4
f 4248//5 4245//5 4241//5
f 4250//1 4251//1 4252//1
f 4255//2 4254//2 4253//2
f 4253//6 4254//6 4250//6
f 4254//3 4255//3 4251//3
f 4255//4 4256//4 4252//4
f 4256//5 4253//5 4249//5
f 4257//7 4258//7 4259//7
f 4263//2 4262//2 4261//2
f 4261//6 4262//6 4258//6
f 4262//3 4263//3 4259//3
f 4263//4 4264//4 4260//4
f 4264//5 4261//5 4257//5
f 4265//7 4266//7 4267//7
f 4271//2 4270//2 4269//2
f 4269//6 4270//6 4266//6
f 4270//3 4271//3 4267//3
f 4271//4 4272//4 4268//4
f 4272//5 4269//5 4265//5
f 4274//1 4275//1 4276//1
f 4280//14 4279//14 4278//14
f 4277//6 4278//6 4274//6
f 4278//3 4279//3 4275//3
f 4279//4 4280//4 4276//4
f 4280//5 4277//5 4273//5
f 4282//1 4283//1 4284//1
f 4287//2 4286//2 4285//2
f 4285//6 4286//6 4282//6
f 4286//3 4287//3 4283//3
f 4287//4 4288//4 4284//4
f 4288//5 4285//5 4281//5
f 4290//1 4291//1 4292//1
f 4295//2 4294//2 4293//2
f 4293//6 4294//6 4290//6
f 4294//3 4295//3 4291//3
f 4295//4 4296//4 4292//4
f 4296//5 4293//5 4289//5
f 4297//10 4298//10 4299//10
f 4303//2 4302//2 4301//2
f 4301//6 4302//6 4298//6
f 4302//3 4303//3 4299//3
f 4303//4 4304//4 4300//4
f 4304//5 4301//5 4297//5
f 4305//10 4306//10 4307//10
f 4311//2 4310//2 4309//2
f 4309//6 4310//6 4306//6
f 4310//3 4311//3 4307//3
f 4311//4 4312//4 4308//4
f 4312//5 4309//5 4305//5
f 4314//1 4315//1 4316//1
f 4320//8 4319//8 4318//8
f 4317//6 4318//6 4314//6
f 4318//3 4319//3 4315//3
f 4319//4 4320//4 4316//4
f 4320//5 4317//5 4313//5
f 4322//1 4323//1 4324//1
f 4327//2 4326//2 4325//2
f 4325//6 4326//6 4322//6
f 4326//3 4327//3 4323//3
f 4327//4 4328//4 4324//4
f 4328//5 4325//5 4321//5
f 4330//1 4331//1 4332//1
f 4335//2 4334//2 4333//2
f 4333//6 4334//6 4330//6
f 4334//3 4335//3 4331//3
f 4335//4 4336//4 4332//4
f 4336//5 4333//5 4329//5
f 4337//7 4338//7 4339//7
f 4343//2 4342//2 4341//2
f 4341//6 4342//6 4338//6
f 4342//3 4343//3 4339//3
f 4343//4 4344//4 4340//4
f 4344//5 4341//5 4337//5
f 4345//7 4346//7 4347//7
f 4351//2 4350//2 4349//2
f 4349//6 4350//6 4346//6
f 4350//3 4351//3 4347//3
f 4351//4 4352//4 4348//4
f 4352//5 4349//5 4345//5
f 4354//1 4355//1 4356//1
f 4360//2 4359//2 4358//2
f 4357//6 4358//6 4354//6
f 4358//3 4359//3 4355//3
f 4359//4 4360//4 4356//4
f 4360//5 4357//5 4353//5
f 4362//16 4363//16 4364//16
f 4367//2 4366//2 4365//2
f 4365//6 4366//6 4362//6
f 4366//3 4367//3 4363//3
f 4367//4 4368//4 4364//4
f 4368//5 4365//5 4361//5
f 4370//16 4371//16 4372//16
f 4375//2 4374//2 4373//2
f 4373//6 4374//6 4370//6
f 4374//3 4375//3 4371//3
f 4375//4 4376//4 4372//4
f 4376//5 4373//5 4369//5
f 4377//10 4378//10 4379//10
f 4383//2 4382//2 4381//2
f 4381//6 4382//6 4378//6
f 4382//3 4383//3 4379//3
f 4383//4 4384//4 4380//4
f 4384//5 4381//5 4377//5
f 4385//10 4386//10 4387//10
f 4391//2 4390//2 4389//2
f 4389//6 4390//6 4386//6
f 4390//3 4391//3 4387//3
f 4391//4 4392//4 4388//4
f 4392//5 4389//5 4385//5
f 4394//16 4395//16 4396//16
f 4400//2 4399//2 4398//2
f 4397//6 4398//6 4394//6
f 4398//3 4399//3 4395//3
f 4399//4 4400//4 4396//4
f 4400//5 4397//5 4393//5
f 4402//1 4403//1 4404//1
f 4407//2 4406//2 4405//2
f 4405//6 4406//6 4402//6
f 4406//3 4407//3 4403//3
f 4407//4 4408//4 4404//4
f 4408//5 4405//5 4401//5
f 4410//1 4411//1 4412//1
f 4415//2 4414//2 4413//2
f 4413//6 4414//6 4410//6
f 4414//3 4415//3 4411//3
f 4415//4 4416//4 4412//4
f 4416//5 4413//5 4409//5
f 4417//7 4418//7 4419//7
f 4423//2 4422//2 4421//2
f 4421//6 4422//6 4418//6
f 4422//3 4423//3 4419//3
f 4423//4 4424//4 4420//4
f 4424//5 4421//5 4417//5
f 4425//7 4426//7 4427//7
f 4431//2 4430//2 4429//2
f 4429//6 4430//6 4426//6
f 4430//3 4431//3 4427//3
f 4431//4 4432//4 4428//4
f 4432//5 4429//5 4425//5
f 4434//1 4435//1 4436//1
f 4440//9 4439//9 4438//9
f 4437//6 4438//6 4434//6
f 4438//3 4439//3 4435//3
f 4439//4 4440//4 4436//4
f 4440//5 4437//5 4433//5
f 4442//1 4443//1 4444//1
f 4447//2 4446//2 4445//2
f 4445//6 4446//6 4442//6
f 4446//3 4447//3 4443//3
f 4447//4 4448//4 4444//4
f 4448//5 4445//5 4441//5
f 4450//1 4451//1 4452//1
f 4455//2 4454//2 4453//2
f 4453//6 4454//6 4450//6
f 4454//3 4455//3 4451//3
f 4455//4 4456//4 4452//4
f 4456//5 4453//5 4449//5
f 4457//10 4458//10 4459//10
f 4463//2 4462//2 4461//2
f 4461//6 4462//6 4458//6
f 4462//3 4463//3 4459//3
f 4463//4 4464//4 4460//4
f 4464//5 4461//5 4457//5
f 4465//10 4466//10 4467//10
f 4471//2 4470//2 4469//2
f 4469//6 4470//6 4466//6
f 4470//3 4471//3 4467//3
f 4471//4 4472//4 4468//4
f 4472//5 4469//5 4465//5
f 4474//15 4475//15 4476//15
f 4480//9 4479//9 4478//9
f 4477//6 4478//6 4474//6
f 4478//3 4479//3 4475//3
f 4479//4 4480//4 4476//4
f 4480//5 4477//5 4473//5
