# Crytek Sponza via Khronos glTF-Sample-Assets; floor at y=0
v 7.802555 4.322829 -2.171553
v 7.802555 4.963960 -2.171553
v 7.802558 4.963960 2.218957
v 7.802558 4.322829 2.218957
v -7.881777 4.322829 -2.171553
v -7.881777 4.963960 -2.171552
v 7.802555 4.963960 -2.171553
v 7.802555 4.322829 -2.171553
v -7.881777 4.322829 -2.171553
v -7.881777 4.322829 2.218961
v -7.881777 4.963960 2.218961
v -7.881777 4.963960 -2.171552
v -7.881777 4.322829 2.218961
v 7.802558 4.322829 2.218957
v 7.802558 4.963960 2.218957
v -7.881777 4.963960 2.218961
v -1.489078 2.783442 1.750568
v -1.747084 3.645599 1.750568
v -1.489078 4.977057 1.750568
v -1.231509 3.642427 1.750568
v -2.221229 4.071284 1.750568
v -0.756928 4.062997 1.750568
v -2.994159 4.977057 1.750568
v -2.994159 4.262896 1.750568
v -0.024777 4.977057 1.750568
v -3.726310 4.062997 1.750568
v -0.024777 4.262896 1.750568
v 0.707374 4.071284 1.750568
v -4.458460 4.977057 1.750568
v 1.439524 4.977057 1.750568
v -4.256247 3.642427 1.750568
v -4.458460 2.783442 1.750568
v -4.771034 3.645599 1.750568
v -5.216197 4.035031 1.750568
v -5.956761 4.977057 1.750568
v -5.956761 4.262896 1.750568
v -6.688911 4.062997 1.750568
v -7.503992 4.977057 1.750568
v -7.163494 3.642427 1.750568
v -7.503992 2.783442 1.750568
v 1.181518 3.645599 1.750568
v 1.439524 2.783442 1.750568
v 1.751777 3.645599 1.750568
v 2.225922 4.071284 1.750568
v 2.958072 4.977057 1.750568
v 2.958072 4.262896 1.750568
v 3.690223 4.062997 1.750568
v 4.422373 4.977057 1.750568
v 4.164805 3.642427 1.750568
v 4.422373 2.783442 1.750568
v 4.680380 3.645599 1.750568
v 5.154524 4.071284 1.750568
v 5.886675 4.977057 1.750568
v 5.886675 4.262896 1.750568
v 6.618826 4.062997 1.750568
v 7.438960 4.977057 1.750568
v 7.093408 3.642427 1.750568
v 7.438960 2.783442 1.750568
v -7.503992 2.783442 1.750568
v -7.503992 3.523574 1.265352
v -7.503992 4.977057 1.750568
v -7.503992 3.849131 0.796126
v -7.503992 4.060845 0.326900
v -7.503992 4.977057 0.026775
v -7.503992 4.065659 0.026775
v 7.438960 2.783442 1.750568
v 7.438960 4.977057 1.750568
v 7.438960 3.523574 1.265352
v 7.438960 3.849131 0.796126
v 7.438960 4.060845 0.326900
v 7.438960 4.977057 0.026775
v 7.438960 4.065659 0.026775
v -1.489078 2.783442 -1.697019
v -1.489078 4.977057 -1.697019
v -1.747084 3.645599 -1.697019
v -1.231509 3.642427 -1.697019
v -2.221229 4.071284 -1.697019
v -0.756928 4.062997 -1.697019
v -2.994159 4.977057 -1.697019
v -2.994159 4.262896 -1.697019
v -0.024777 4.977057 -1.697019
v -3.726310 4.062997 -1.697019
v -0.024777 4.262896 -1.697019
v 0.707374 4.071284 -1.697019
v -4.458460 4.977057 -1.697019
v 1.439524 4.977057 -1.697019
v -4.256247 3.642427 -1.697019
v -4.458460 2.783442 -1.697019
v -4.771034 3.645599 -1.697019
v -5.216197 4.035031 -1.697019
v -5.956761 4.977057 -1.697019
v -5.956761 4.262896 -1.697019
v -6.688911 4.062997 -1.697019
v -7.503992 4.977057 -1.697019
v -7.163494 3.642427 -1.697019
v -7.503992 2.783442 -1.697019
v 1.181518 3.645599 -1.697019
v 1.439524 2.783442 -1.697019
v 1.751777 3.645599 -1.697019
v 2.225922 4.071284 -1.697019
v 2.958072 4.977057 -1.697019
v 2.958072 4.262896 -1.697019
v 3.690223 4.062997 -1.697019
v 4.422373 4.977057 -1.697019
v 4.164805 3.642427 -1.697019
v 4.422373 2.783442 -1.697019
v 4.680380 3.645599 -1.697019
v 5.154524 4.071284 -1.697019
v 5.886675 4.977057 -1.697019
v 5.886675 4.262896 -1.697019
v 6.618826 4.062997 -1.697019
v 7.438960 4.977057 -1.697019
v 7.093408 3.642427 -1.697019
v 7.438960 2.783442 -1.697019
v -7.503992 2.783442 -1.697019
v -7.503992 4.977057 -1.697019
v -7.503992 3.523574 -1.211802
v -7.503992 3.849131 -0.742576
v -7.503992 4.060845 -0.273350
v -7.503992 4.977057 0.026775
v -7.503992 4.065659 0.026775
v 7.438960 2.783442 -1.697019
v 7.438960 3.523574 -1.211802
v 7.438960 4.977057 -1.697019
v 7.438960 3.849131 -0.742576
v 7.438960 4.060845 -0.273350
v 7.438960 4.977057 0.026775
v 7.438960 4.065659 0.026775
v 7.433329 6.563152 1.797263
v 7.382786 6.561675 1.797263
v 7.433329 8.385369 1.797263
v 7.231546 7.121202 1.797263
v 6.935411 7.385495 1.797263
v 6.597904 8.385369 1.797263
v 6.597904 7.562173 1.797263
v 6.260396 7.385495 1.797263
v 5.902317 8.385369 1.797263
v 5.964261 7.121202 1.797263
v 5.902317 6.892032 1.797263
v 5.840372 7.121202 1.797263
v 5.544238 7.385495 1.797263
v 5.206730 8.385369 1.797263
v 5.206730 7.562173 1.797263
v 4.869221 7.415073 1.797263
v 4.433544 8.385369 1.797263
v 4.573087 7.129881 1.797263
v 4.417639 6.751691 1.797263
v 4.323621 6.968825 1.797263
v 4.106210 7.291132 1.797263
v 3.809543 7.492362 1.797263
v 3.622288 8.385369 1.797263
v 3.622288 7.577218 1.797263
v 3.471236 7.528870 1.797263
v 2.933904 8.385369 1.797263
v 3.147694 7.303789 1.797263
v 2.933904 7.031158 1.797263
v 2.735722 7.224066 1.797263
v 2.487591 7.434256 1.797263
v 2.239459 8.385369 1.797263
v 2.239459 7.537887 1.797263
v 1.953615 7.407719 1.797263
v 1.453092 8.385369 1.797263
v 1.667770 7.142041 1.797263
v 1.453092 6.703995 1.797263
v 1.214407 7.221727 1.797263
v 0.903295 7.438623 1.797263
v 0.664610 8.385369 1.797263
v 0.664610 7.557829 1.797263
v 0.454870 7.451836 1.797262
v -0.050734 8.385369 1.797263
v 0.189637 7.261303 1.797262
v -0.050714 7.025482 1.797262
v 7.433329 6.563152 1.797263
v 7.433329 8.385369 1.797263
v 7.433329 6.563699 1.680072
v 7.433329 6.996885 1.498231
v 7.433329 7.299518 1.264896
v 7.433329 8.385369 0.798225
v 7.433329 7.522916 0.798225
v 7.433329 8.385369 0.020923
v 7.433329 7.299518 0.331554
v 7.433329 6.996885 0.098219
v 7.433329 6.880211 0.020923
v 7.433329 6.996885 -0.056374
v 7.433329 7.299518 -0.289709
v 7.433329 7.522916 -0.756380
v 7.433329 8.385369 -0.756380
v 7.433329 7.299518 -1.223051
v 7.433329 8.385369 -1.765082
v 7.433329 6.996885 -1.456386
v 7.433329 6.563699 -1.616739
v 7.433329 6.563152 -1.765082
v 7.433329 6.563152 -1.765082
v 7.433329 8.385369 -1.765082
v 7.382786 6.561675 -1.765082
v 7.231546 7.121202 -1.765082
v 6.935411 7.385495 -1.765082
v 6.597904 8.385369 -1.765082
v 6.597904 7.562173 -1.765082
v 6.260396 7.385495 -1.765082
v 5.902317 8.385369 -1.765082
v 5.964261 7.121202 -1.765082
v 5.902317 6.892032 -1.765082
v 5.840372 7.121202 -1.765082
v 5.544238 7.385495 -1.765082
v 5.206730 8.385369 -1.765082
v 5.206730 7.562173 -1.765082
v 4.869221 7.415073 -1.765082
v 4.433544 8.385369 -1.765082
v 4.573087 7.129881 -1.765082
v 4.417639 6.751691 -1.765082
v 4.323621 6.968825 -1.765082
v 4.106210 7.291132 -1.765082
v 3.809543 7.492362 -1.765082
v 3.622288 8.385369 -1.765082
v 3.622288 7.577218 -1.765082
v 3.471236 7.528870 -1.765082
v 2.933904 8.385369 -1.765082
v 3.147694 7.303789 -1.765082
v 2.933904 7.031158 -1.765082
v 2.735722 7.224066 -1.765082
v 2.487591 7.434256 -1.765082
v 2.239459 8.385369 -1.765082
v 2.239459 7.537887 -1.765082
v 1.953615 7.407719 -1.765082
v 1.453092 8.385369 -1.765082
v 1.667770 7.142041 -1.765082
v 1.453092 6.703995 -1.765082
v 1.214407 7.221727 -1.765082
v 0.903295 7.438623 -1.765082
v 0.664610 8.385369 -1.765082
v 0.664610 7.557829 -1.765082
v 0.454870 7.451836 -1.765081
v -0.050714 8.385369 -1.765082
v 0.189637 7.261303 -1.765081
v -0.020536 7.025482 -1.765081
v -7.534757 6.563152 1.797263
v -7.534757 8.385369 1.797263
v -7.484215 6.561675 1.797263
v -7.287720 7.121202 1.797263
v -7.036841 7.385495 1.797263
v -6.699333 8.385369 1.797263
v -6.699333 7.562173 1.797263
v -6.361824 7.385495 1.797263
v -6.003746 8.385369 1.797263
v -6.065690 7.121202 1.797263
v -6.003746 6.892032 1.797263
v -5.891982 7.121202 1.797263
v -5.645667 7.385495 1.797263
v -5.308158 8.385369 1.797263
v -5.308158 7.562173 1.797263
v -4.970650 7.415073 1.797263
v -4.534973 8.385369 1.797263
v -4.674516 7.129881 1.797263
v -4.461741 6.751691 1.797263
v -4.397425 6.968825 1.797263
v -4.189113 7.291132 1.797263
v -3.910972 7.492362 1.797263
v -3.723717 8.385369 1.797263
v -3.723717 7.577218 1.797263
v -3.572664 7.528870 1.797263
v -3.035333 8.385369 1.797263
v -3.249122 7.303789 1.797263
v -2.979209 7.031158 1.797263
v -2.837150 7.224066 1.797263
v -2.589018 7.434256 1.797263
v -2.340888 8.385369 1.797263
v -2.340888 7.537887 1.797263
v -2.055043 7.407719 1.797263
v -1.554521 8.385369 1.797263
v -1.769198 7.142041 1.797263
v -1.509654 6.703995 1.797263
v -1.277230 7.221727 1.797263
v -1.004724 7.438623 1.797263
v -0.766038 8.385369 1.797263
v -0.766038 7.557829 1.797263
v -0.556299 7.451836 1.797262
v -0.050734 8.385369 1.797263
v -0.291066 7.261303 1.797262
v -0.050714 7.025482 1.797262
v -7.534757 6.563152 1.797263
v -7.534757 6.563699 1.680072
v -7.534757 8.385369 1.797263
v -7.534757 6.996885 1.498231
v -7.534757 7.299518 1.264896
v -7.534757 8.385369 0.798225
v -7.534757 7.522916 0.798225
v -7.534757 8.385369 0.020923
v -7.534757 7.299518 0.331554
v -7.534757 6.996885 0.098219
v -7.534757 6.880211 0.020923
v -7.534757 6.996885 -0.056374
v -7.534757 7.299518 -0.289709
v -7.534757 7.522916 -0.756380
v -7.534757 8.385369 -0.756380
v -7.534757 7.299518 -1.223051
v -7.534757 8.385369 -1.765082
v -7.534757 6.996885 -1.456386
v -7.534757 6.563699 -1.616739
v -7.534757 6.563152 -1.765082
v -7.534757 6.563152 -1.765082
v -7.484215 6.561675 -1.765082
v -7.534757 8.385369 -1.765082
v -7.295796 7.121202 -1.765082
v -7.036841 7.385495 -1.765082
v -6.699333 8.385369 -1.765082
v -6.699333 7.562173 -1.765082
v -6.361824 7.385495 -1.765082
v -6.003746 8.385369 -1.765082
v -6.065690 7.121202 -1.765082
v -6.003746 6.892032 -1.765082
v -5.882677 7.121202 -1.765082
v -5.645667 7.385495 -1.765082
v -5.308158 8.385369 -1.765082
v -5.308158 7.562173 -1.765082
v -4.970650 7.415073 -1.765082
v -4.534973 8.385369 -1.765082
v -4.674516 7.129881 -1.765082
v -4.468759 6.751691 -1.765082
v -4.400495 6.968825 -1.765082
v -4.190902 7.291132 -1.765082
v -3.910972 7.492362 -1.765082
v -3.723717 8.385369 -1.765082
v -3.723717 7.577218 -1.765082
v -3.572664 7.528870 -1.765082
v -3.035333 8.385369 -1.765082
v -3.249122 7.303789 -1.765082
v -2.977884 7.031158 -1.765082
v -2.837150 7.224066 -1.765082
v -2.589018 7.434256 -1.765082
v -2.340888 8.385369 -1.765082
v -2.340888 7.537887 -1.765082
v -2.055043 7.407719 -1.765082
v -1.554521 8.385369 -1.765082
v -1.769198 7.142041 -1.765082
v -1.520639 6.703995 -1.765082
v -1.278916 7.221727 -1.765082
v -1.004724 7.438623 -1.765082
v -0.766038 8.385369 -1.765082
v -0.766038 7.557829 -1.765082
v -0.556299 7.451836 -1.765081
v -0.050714 8.385369 -1.765082
v -0.291066 7.261303 -1.765081
v -0.020536 7.025482 -1.765081
v -7.534861 9.114375 -0.322196
v -7.534861 8.385369 -0.322196
v -7.534861 8.385369 -1.718864
v -7.534861 10.822472 -0.132117
v -7.534861 11.385226 -1.718864
v -7.534861 10.752799 0.035759
v -7.534861 11.141457 -0.132916
v -7.534861 9.114375 0.038400
v -7.534861 11.385226 0.020525
v -7.534861 11.200603 0.035759
v -7.534861 11.121379 0.196357
v -7.534861 9.114375 0.394058
v -7.534861 11.385226 1.759914
v -7.534861 10.829124 0.197376
v -7.534861 8.385369 1.759914
v -7.534861 8.385369 0.394058
v 7.432905 8.385369 -1.718864
v 7.432905 8.385369 1.759914
v 7.432905 11.385226 1.759914
v 7.432905 11.385226 -1.718864
v 2.571828 9.114375 -1.718864
v 3.287484 9.114375 -1.718864
v 4.352321 10.867947 -1.718864
v 3.287484 8.385369 -1.718864
v 4.424556 8.385369 -1.718864
v 4.546170 10.742553 -1.718864
v 5.541057 8.385369 -1.718864
v 5.541057 9.114375 -1.718864
v 4.706499 10.812177 -1.718864
v 4.701313 11.128544 -1.718864
v 6.252089 9.114375 -1.718864
v 7.432905 11.385226 -1.718864
v 7.432905 8.385369 -1.718864
v 6.252089 8.385369 -1.718864
v 5.184017 11.385226 -1.718864
v 4.546170 11.196160 -1.718864
v 2.935130 11.385226 -1.718864
v 4.371462 11.112123 -1.718864
v 1.738330 11.132615 -1.718864
v 1.459093 11.385226 -1.718864
v 1.748477 10.809771 -1.718864
v 1.581706 11.196160 -1.718864
v 1.414305 11.122386 -1.718864
v 1.581706 10.742553 -1.718864
v 2.574916 8.385369 -1.718864
v -0.016945 11.385226 -1.718864
v 1.460077 8.385369 -1.718864
v 1.414304 10.812240 -1.718864
v 0.345238 9.114375 -1.718864
v 0.345238 8.385369 -1.718864
v -0.366986 9.114375 -1.718864
v -1.473638 11.123192 -1.718864
v -1.494266 11.385226 -1.718864
v -1.462057 10.820677 -1.718864
v -1.639822 11.196160 -1.718864
v -1.801677 11.113623 -1.718864
v -1.639822 10.742553 -1.718864
v -0.366986 8.385369 -1.718864
v -2.971589 11.385226 -1.718864
v -1.492905 8.385369 -1.718864
v -2.637001 9.114375 -1.718864
v -2.637001 8.385369 -1.718864
v -1.803782 10.818490 -1.718864
v -3.336495 9.114375 -1.718864
v -4.410179 10.852371 -1.718864
v -4.455747 11.139426 -1.718864
v -4.594319 11.196160 -1.718864
v -4.594319 10.742553 -1.718864
v -5.253226 11.385226 -1.718864
v -3.336495 8.385369 -1.718864
v -4.750750 11.130355 -1.718864
v -4.463890 8.385369 -1.718864
v -7.534861 11.385226 -1.718864
v -5.600553 9.114375 -1.718864
v -5.600553 8.385369 -1.718864
v -4.795486 10.869585 -1.718864
v -6.315650 9.114375 -1.718864
v -7.534861 8.385369 -1.718864
v -6.315650 8.385369 -1.718864
v 1.738330 11.132615 1.759914
v 2.935130 11.385226 1.759914
v 4.371462 11.112123 1.759914
v 4.546170 11.196160 1.759914
v 5.184018 11.385226 1.759914
v 4.701314 11.128544 1.759914
v 7.432905 11.385226 1.759914
v 1.459093 11.385226 1.759914
v 6.255733 9.114375 1.759914
v 7.432905 8.385369 1.759914
v 6.255733 8.385369 1.759914
v 5.541058 9.114375 1.759914
v 4.706500 10.812177 1.759914
v 4.546170 10.742553 1.759914
v 5.541058 8.385369 1.759914
v 4.424556 8.385369 1.759914
v 3.286452 9.114375 1.759914
v 3.286453 8.385369 1.759914
v 4.352321 10.867947 1.759914
v 2.571828 9.114375 1.759914
v 1.748478 10.809771 1.759914
v 1.581707 10.742553 1.759914
v 2.574917 8.385369 1.759914
v 1.460078 8.385369 1.759914
v 0.345239 9.114375 1.759914
v 0.345239 8.385369 1.759914
v 1.414305 10.812240 1.759914
v 1.414305 11.122386 1.759914
v 1.581707 11.196160 1.759914
v -0.016944 11.385226 1.759914
v -0.357215 9.114375 1.759914
v -1.473637 11.123192 1.759914
v -1.494266 11.385226 1.759914
v -1.462056 10.820677 1.759914
v -1.639822 11.196160 1.759914
v -1.639822 10.742553 1.759914
v -0.357215 8.385369 1.759914
v -1.801676 11.113623 1.759914
v -1.492905 8.385369 1.759914
v -2.971589 11.385226 1.759914
v -2.632421 9.114375 1.759914
v -2.632421 8.385369 1.759914
v -1.803782 10.818490 1.759914
v -3.336495 9.114375 1.759914
v -4.455747 11.139426 1.759914
v -4.594319 11.196160 1.759914
v -4.410179 10.852371 1.759914
v -5.253225 11.385226 1.759914
v -4.594319 10.742553 1.759914
v -4.750750 11.130355 1.759914
v -3.336495 8.385369 1.759914
v -7.534861 11.385226 1.759914
v -4.463890 8.385369 1.759914
v -5.605952 9.114375 1.759914
v -5.605952 8.385369 1.759914
v -4.795486 10.869585 1.759914
v -6.315650 9.114375 1.759914
v -7.534861 8.385369 1.759914
v -6.315650 8.385369 1.759914
v -8.207232 11.461394 2.860731
v -7.879783 11.527462 2.317814
v 7.964185 11.527461 2.317814
v 8.464921 11.461394 2.860731
v 8.464921 11.461394 2.860731
v 7.964185 11.527461 2.317814
v 7.964185 11.527461 -2.346899
v 8.464921 11.461394 -2.955650
v 7.964185 11.527461 -2.346899
v -7.879783 11.527461 -2.346899
v -8.207232 11.461394 -2.955650
v 8.464921 11.461394 -2.955650
v -7.879783 11.527461 -2.346899
v -7.879783 11.527462 2.317814
v -8.207232 11.461394 2.860731
v -8.207232 11.461394 -2.955650
v -8.207232 8.273493 2.860731
v -8.207232 8.273493 -2.955650
v -8.207232 11.461394 -2.955650
v -8.207232 11.461394 2.860731
v -8.207232 8.273493 2.860731
v 8.464921 8.273493 2.860731
v 7.463449 8.273493 1.774896
v -7.552333 8.273493 1.774896
v 7.463449 8.273493 -1.738149
v -7.552333 8.273493 -1.738149
v 8.464921 8.273493 -2.955650
v -8.207232 8.273493 -2.955650
v 8.464921 8.273493 2.860731
v -8.207232 8.273493 2.860731
v -8.207232 11.461394 2.860731
v 8.464921 11.461394 2.860731
v 8.464921 8.273493 -2.955650
v 8.464921 8.273493 2.860731
v 8.464921 11.461394 2.860731
v 8.464921 11.461394 -2.955650
v -8.207232 8.273493 -2.955650
v 8.464921 8.273493 -2.955650
v 8.464921 11.461394 -2.955650
v -8.207232 11.461394 -2.955650
v -7.879783 11.527462 2.317814
v -7.552333 11.437120 1.774896
v 7.463449 11.437120 1.774896
v 7.964185 11.527461 2.317814
v 7.964185 11.527461 2.317814
v 7.463449 11.437120 1.774896
v 7.463449 11.437120 -1.738149
v 7.964185 11.527461 -2.346899
v 7.463449 11.437120 -1.738149
v -7.552333 11.437120 -1.738149
v -7.879783 11.527461 -2.346899
v 7.964185 11.527461 -2.346899
v -7.552333 11.437120 -1.738149
v -7.552333 11.437120 1.774896
v -7.879783 11.527462 2.317814
v -7.879783 11.527461 -2.346899
v 10.901918 4.335783 4.907174
v 10.901918 7.950637 4.907174
v 10.901918 6.054212 0.634483
v 10.901918 4.335783 0.634483
v 10.900969 6.351360 0.540004
v 10.900020 6.613639 0.335560
v 10.898122 7.950637 0.036638
v 10.898123 6.738605 0.036638
v 10.896224 6.613639 -0.262284
v 10.894326 7.950637 -4.815541
v 10.895275 6.359769 -0.467179
v 10.894326 6.054212 -0.561207
v 10.894326 4.335783 -4.815541
v 10.894326 4.335783 -0.561207
v -10.965449 4.335783 4.907174
v -10.965449 7.950637 4.907174
v 10.901918 7.950637 4.907174
v 10.901918 4.335783 4.907174
v -10.965449 4.335783 -4.815541
v -10.965449 7.950637 -4.815541
v -10.965449 7.950637 4.907174
v -10.965449 4.335783 4.907174
v 10.894326 4.335783 -4.815541
v 10.894326 7.950637 -4.815541
v -10.965449 7.950637 -4.815541
v -10.965449 4.335783 -4.815541
v -10.944005 0.990579 -4.844967
v -0.620429 0.990579 -4.844964
v -0.620429 2.716987 -4.844964
v -10.944005 4.239123 -4.844967
v -0.525951 3.014134 -4.844015
v -0.321507 3.276412 -4.843066
v -0.022585 4.239123 -4.841167
v -0.022585 3.401379 -4.841168
v 0.276338 3.276412 -4.839269
v 10.901677 4.239123 -4.837369
v 0.481232 3.022543 -4.838321
v 0.575259 2.716987 -4.837371
v 10.901677 0.990579 -4.837369
v 0.575259 0.990579 -4.837371
v -10.944005 4.239123 -4.844967
v -10.944005 4.239123 4.901759
v -10.944005 0.990579 4.901759
v -10.944005 0.990579 -4.844967
v -3.561927 3.207530 4.901760
v -3.561927 1.987754 4.901760
v -10.944005 0.990579 4.901759
v -10.944005 4.239123 4.901759
v -0.659993 0.990579 4.901760
v -1.550701 4.239123 4.901760
v -2.390361 1.987754 4.901760
v -2.390361 3.207530 4.901760
v -0.659993 2.907054 4.901760
v 1.521069 4.239123 4.901760
v 0.646591 2.907054 4.901760
v 2.357573 3.209014 4.901760
v 3.535771 3.209014 4.901760
v 2.357573 1.984218 4.901760
v 10.901677 4.239123 4.901762
v 0.646591 0.990579 4.901760
v 3.535771 1.984218 4.901760
v 10.901677 0.990579 4.901762
v 10.901677 4.239123 4.901762
v 10.901677 4.239123 -4.837369
v 10.901677 0.990579 -4.837369
v 10.901677 0.990579 4.901762
v -2.372869 1.969981 4.894356
v -2.372869 1.969981 4.978902
v -3.593315 1.969981 4.978902
v -3.593315 1.969981 4.894356
v -3.593315 1.969981 4.894356
v -3.593315 1.969981 4.978902
v -3.593317 3.229975 4.978902
v -3.593315 3.229975 4.894356
v -2.372869 3.239440 4.894357
v -2.372869 3.239440 4.978902
v -2.372869 1.969981 4.978902
v -2.372869 1.969981 4.894356
v -2.520653 3.236555 4.894357
v -2.520653 3.236555 4.978902
v -2.372869 3.239440 4.978902
v -2.372869 3.239440 4.894357
v -2.618616 3.272447 4.894357
v -2.618616 3.272447 4.978902
v -2.520653 3.236555 4.978902
v -2.520653 3.236555 4.894357
v -2.762382 3.306139 4.894357
v -2.762382 3.306139 4.978902
v -2.618616 3.272447 4.978902
v -2.618616 3.272447 4.894357
v -2.959579 3.326080 4.894357
v -2.959579 3.326080 4.978902
v -2.762382 3.306139 4.978902
v -2.762382 3.306139 4.894357
v -3.047376 3.326080 4.894357
v -3.047376 3.326080 4.978902
v -2.959579 3.326080 4.978902
v -2.959579 3.326080 4.894357
v -3.212763 3.306058 4.894356
v -3.212763 3.306058 4.978902
v -3.047376 3.326080 4.978902
v -3.047376 3.326080 4.894357
v -3.364162 3.270253 4.894356
v -3.364162 3.270253 4.978902
v -3.212763 3.306058 4.978902
v -3.212763 3.306058 4.894356
v -3.487571 3.229421 4.894356
v -3.487571 3.229421 4.978902
v -3.364162 3.270253 4.978902
v -3.364162 3.270253 4.894356
v -3.593315 3.229975 4.894356
v -3.593317 3.229975 4.978902
v -3.487571 3.229421 4.978902
v -3.487571 3.229421 4.894356
v 3.557121 1.969981 4.894358
v 3.557122 1.969981 4.978902
v 2.336676 1.969981 4.978902
v 2.336675 1.969981 4.894357
v 2.336675 1.969981 4.894357
v 2.336676 1.969981 4.978902
v 2.336675 3.229975 4.978902
v 2.336675 3.229976 4.894358
v 3.557121 3.239440 4.894358
v 3.557122 3.239440 4.978902
v 3.557122 1.969981 4.978902
v 3.557121 1.969981 4.894358
v 3.409338 3.236555 4.894358
v 3.409339 3.236555 4.978902
v 3.557122 3.239440 4.978902
v 3.557121 3.239440 4.894358
v 3.311374 3.272448 4.894358
v 3.311374 3.272448 4.978902
v 3.409339 3.236555 4.978902
v 3.409338 3.236555 4.894358
v 3.167610 3.306140 4.894358
v 3.167610 3.306140 4.978902
v 3.311374 3.272448 4.978902
v 3.311374 3.272448 4.894358
v 2.970412 3.326081 4.894358
v 2.970412 3.326081 4.978902
v 3.167610 3.306140 4.978902
v 3.167610 3.306140 4.894358
v 2.882615 3.326081 4.894358
v 2.882615 3.326081 4.978902
v 2.970412 3.326081 4.978902
v 2.970412 3.326081 4.894358
v 2.717227 3.306059 4.894358
v 2.717227 3.306059 4.978902
v 2.882615 3.326081 4.978902
v 2.882615 3.326081 4.894358
v 2.565829 3.270254 4.894358
v 2.565829 3.270254 4.978902
v 2.717227 3.306059 4.978902
v 2.717227 3.306059 4.894358
v 2.442419 3.229422 4.894358
v 2.442419 3.229422 4.978902
v 2.565829 3.270254 4.978902
v 2.565829 3.270254 4.894358
v 2.336675 3.229976 4.894358
v 2.336675 3.229975 4.978902
v 2.442419 3.229422 4.978902
v 2.442419 3.229422 4.894358
v -10.934617 4.371250 -4.786280
v -10.933156 4.371250 4.875494
v -10.933156 4.335231 4.875494
v -10.934617 4.335231 -4.786280
v 10.865247 4.371250 4.875498
v 10.865245 4.371250 0.647639
v 10.865245 4.335231 0.649108
v 10.865247 4.335231 4.875498
v -10.933156 4.371250 4.875494
v 10.865247 4.371250 4.875498
v 10.865247 4.335231 4.875498
v -10.933156 4.335231 4.875494
v -10.969585 4.407267 4.911925
v -10.933156 4.371250 4.875494
v -10.934617 4.371250 -4.786280
v -10.971039 4.407267 -4.822716
v 10.901675 4.407267 0.645912
v 10.865245 4.371250 0.647639
v 10.865247 4.371250 4.875498
v 10.901676 4.407267 4.911928
v 10.901676 4.407267 4.911928
v 10.865247 4.371250 4.875498
v -10.933156 4.371250 4.875494
v -10.969585 4.407267 4.911925
v -10.971039 4.371250 -4.822716
v -10.971039 4.335231 -4.822716
v -10.969585 4.335231 4.911925
v -10.969585 4.371250 4.911925
v -10.969585 4.407267 4.911925
v -10.971039 4.407267 -4.822716
v 10.901675 4.371250 -0.571028
v 10.901676 4.335231 -0.571028
v 10.901676 4.335231 -4.823295
v 10.901676 4.371250 -4.823295
v 10.901676 4.407267 -4.823295
v 10.901675 4.407267 -0.571028
v 10.901676 4.371250 -4.823295
v 10.901676 4.335231 -4.823295
v -10.971039 4.335231 -4.822716
v -10.971039 4.371250 -4.822716
v -10.971039 4.407267 -4.822716
v 10.901676 4.407267 -4.823295
v -10.969585 4.371250 4.911925
v -10.969585 4.335231 4.911925
v 10.901676 4.335231 4.911928
v 10.901676 4.371250 4.911928
v 10.901676 4.407267 4.911928
v -10.969585 4.407267 4.911925
v -10.933156 4.335231 4.875494
v -10.969585 4.335231 4.911925
v -10.971039 4.335231 -4.822716
v -10.934617 4.335231 -4.786280
v 10.865247 4.335231 4.875498
v 10.865245 4.335231 0.649108
v 10.901677 4.335231 0.648851
v 10.901676 4.335231 4.911928
v 10.865247 4.335231 4.875498
v 10.901676 4.335231 4.911928
v -10.969585 4.335231 4.911925
v -10.933156 4.335231 4.875494
v -10.934617 4.335231 -4.786280
v 10.865240 4.335231 -4.786871
v 10.865240 4.371250 -4.786871
v -10.934617 4.371250 -4.786280
v -10.934617 4.371250 -4.786280
v 10.865240 4.371250 -4.786871
v 10.901676 4.407267 -4.823295
v -10.971039 4.407267 -4.822716
v -10.971039 4.335231 -4.822716
v 10.901676 4.335231 -4.823295
v 10.865240 4.335231 -4.786871
v -10.934617 4.335231 -4.786280
v 10.865240 4.371250 -4.786871
v 10.865240 4.335231 -4.786871
v 10.865244 4.335231 -0.571663
v 10.865244 4.371250 -0.571663
v 10.901675 4.407267 -0.571028
v 10.901676 4.407267 -4.823295
v 10.865240 4.371250 -4.786871
v 10.865244 4.371250 -0.571663
v 10.865240 4.335231 -4.786871
v 10.901676 4.335231 -4.823295
v 10.901676 4.335231 -0.571028
v 10.865244 4.335231 -0.571663
v 10.901676 4.371250 4.911928
v 10.901676 4.335231 4.911928
v 10.901677 4.335231 0.648851
v 10.901675 4.371250 0.647381
v 10.901676 4.407267 4.911928
v 10.901676 4.371250 4.911928
v 10.901675 4.371250 0.647381
v 10.901675 4.407267 0.645912
v -10.907582 1.020523 -4.808530
v -10.907578 1.020523 4.865329
v -10.907578 0.984505 4.865329
v -10.907582 0.984505 -4.808530
v 10.865247 1.020523 4.865333
v 10.865240 1.020523 -4.800946
v 10.865240 0.984505 -4.800946
v 10.865247 0.984505 4.865333
v 10.865240 1.020523 -4.800946
v 0.581451 1.020523 -4.804529
v 0.581451 0.984505 -4.804528
v 10.865240 0.984505 -4.800946
v -10.907578 1.020523 4.865329
v 10.865247 1.020523 4.865333
v 10.865247 0.984505 4.865333
v -10.907578 0.984505 4.865329
v -10.944007 1.056541 4.901759
v -10.907578 1.020523 4.865329
v -10.907582 1.020523 -4.808530
v -10.944007 1.056541 -4.844967
v 10.901676 1.056541 -4.837369
v 10.865240 1.020523 -4.800946
v 10.865247 1.020523 4.865333
v 10.901676 1.056541 4.901762
v 0.580815 1.056541 -4.840959
v 0.581451 1.020523 -4.804529
v 10.865240 1.020523 -4.800946
v 10.901676 1.056541 -4.837369
v 10.901676 1.056541 4.901762
v 10.865247 1.020523 4.865333
v -10.907578 1.020523 4.865329
v -10.944007 1.056541 4.901759
v -10.944007 1.020523 -4.844967
v -10.944007 0.984505 -4.844967
v -10.944007 0.984505 4.901759
v -10.944007 1.020523 4.901759
v -10.944007 1.056541 4.901759
v -10.944007 1.056541 -4.844967
v 10.901676 1.020523 4.901762
v 10.901676 0.984505 4.901762
v 10.901676 0.984505 -4.837369
v 10.901676 1.020523 -4.837369
v 10.901676 1.056541 -4.837369
v 10.901676 1.056541 4.901762
v -0.625433 1.020523 -4.841378
v -0.625433 0.984505 -4.841378
v -10.944007 0.984505 -4.844967
v -10.944007 1.020523 -4.844967
v -10.944007 1.056541 -4.844967
v -0.625433 1.056541 -4.841378
v -10.944007 1.020523 4.901759
v -10.944007 0.984505 4.901759
v 10.901676 0.984505 4.901762
v 10.901676 1.020523 4.901762
v 10.901676 1.056541 4.901762
v -10.944007 1.056541 4.901759
v -10.907578 0.984505 4.865329
v -10.944007 0.984505 4.901759
v -10.944007 0.984505 -4.844967
v -10.907582 0.984505 -4.808530
v 10.865240 0.984505 -4.800946
v 10.901676 0.984505 -4.837369
v 10.901676 0.984505 4.901762
v 10.865247 0.984505 4.865333
v 0.581451 0.984505 -4.804528
v 0.580815 0.984505 -4.840958
v 10.901676 0.984505 -4.837369
v 10.865240 0.984505 -4.800946
v 10.865247 0.984505 4.865333
v 10.901676 0.984505 4.901762
v -10.944007 0.984505 4.901759
v -10.907578 0.984505 4.865329
v -10.907582 1.020523 -4.808530
v -10.907582 0.984505 -4.808530
v -0.624797 0.984505 -4.804948
v -0.624797 1.020523 -4.804948
v -10.944007 1.056541 -4.844967
v -10.907582 1.020523 -4.808530
v -0.624797 1.020523 -4.804948
v -0.625433 1.056541 -4.841378
v -10.907582 0.984505 -4.808530
v -10.944007 0.984505 -4.844967
v -0.625433 0.984505 -4.841378
v -0.624797 0.984505 -4.804948
v 10.901676 1.020523 -4.837369
v 10.901676 0.984505 -4.837369
v 0.580815 0.984505 -4.840958
v 0.580815 1.020523 -4.840959
v 10.901676 1.056541 -4.837369
v 10.901676 1.020523 -4.837369
v 0.580815 1.020523 -4.840959
v 0.580815 1.056541 -4.840959
v -8.174738 11.431132 2.827937
v -7.873726 11.472678 2.314800
v 7.960498 11.472483 2.314524
v 8.432414 11.430884 2.828181
v 8.432414 11.430884 2.828181
v 7.960498 11.472483 2.314524
v 7.960413 11.472464 -2.344033
v 8.432480 11.430800 -2.923113
v 7.960413 11.472464 -2.344033
v -7.873615 11.472669 -2.344271
v -8.174814 11.431007 -2.922897
v 8.432480 11.430800 -2.923113
v -7.873615 11.472669 -2.344271
v -7.873726 11.472678 2.314800
v -8.174738 11.431132 2.827937
v -8.174814 11.431007 -2.922897
v -8.175362 8.305363 2.828861
v -8.175362 8.305363 -2.923780
v -8.174814 11.431007 -2.922897
v -8.174738 11.431132 2.827937
v -8.175362 8.305363 2.828861
v 8.433051 8.305363 2.828861
v 7.463449 8.328693 1.774896
v -7.552333 8.328693 1.774896
v 8.433051 8.305363 2.828861
v 8.433051 8.305363 -2.923780
v 7.463449 8.328693 -1.738149
v 7.463449 8.328693 1.774896
v -8.175362 8.305363 -2.923780
v -7.552333 8.328693 -1.738149
v 7.463449 8.328693 -1.738149
v 8.433051 8.305363 -2.923780
v -8.175362 8.305363 2.828861
v -7.552333 8.328693 1.774896
v -7.552333 8.328693 -1.738149
v -8.175362 8.305363 -2.923780
v 8.433051 8.305363 2.828861
v -8.175362 8.305363 2.828861
v -8.174738 11.431132 2.827937
v 8.432414 11.430884 2.828181
v 8.432480 11.430800 -2.923113
v 8.433051 8.305363 -2.923780
v 8.433051 8.305363 2.828861
v 8.432414 11.430884 2.828181
v -8.174814 11.431007 -2.922897
v -8.175362 8.305363 -2.923780
v 8.433051 8.305363 -2.923780
v 8.432480 11.430800 -2.923113
v 7.964185 11.527461 2.317814
v -7.879783 11.527461 2.317814
v -8.207232 11.542648 2.860731
v 8.464921 11.657695 2.860731
v 7.964185 11.527461 -2.346899
v 7.964185 11.527461 2.317814
v 8.464921 11.657695 2.860731
v 8.464921 11.657695 -2.955650
v -8.207232 11.542648 -2.955650
v -7.879783 11.527461 -2.346899
v 7.964185 11.527461 -2.346899
v 8.464921 11.657695 -2.955650
v -8.207232 11.542648 2.860731
v -7.879783 11.527461 2.317814
v -7.879783 11.527461 -2.346899
v -8.207232 11.542648 -2.955650
v -8.207232 8.273493 2.860731
v -8.207232 11.542648 2.860731
v -8.207232 11.542648 -2.955650
v -8.207232 8.273493 -2.955650
v 7.463449 8.273493 1.774896
v 8.464921 8.273493 2.860731
v -8.207232 8.273493 2.860731
v -7.552333 8.273493 1.774896
v 7.463449 8.273493 -1.738149
v -7.552333 8.273493 -1.738149
v 8.464921 8.273493 -2.955650
v -8.207232 8.273493 -2.955650
v 8.464921 8.273493 2.860731
v 8.464921 11.657695 2.860731
v -8.207232 11.542648 2.860731
v -8.207232 8.273493 2.860731
v 8.464921 11.657695 -2.955650
v 8.464921 11.657695 2.860731
v 8.464921 8.273493 2.860731
v 8.464921 8.273493 -2.955650
v -8.207232 11.542648 -2.955650
v 8.464921 11.657695 -2.955650
v 8.464921 8.273493 -2.955650
v -8.207232 8.273493 -2.955650
v -7.873726 11.472678 2.314800
v -7.879783 11.527461 2.317814
v 7.964185 11.527461 2.317814
v 7.960498 11.472483 2.314524
v 7.960498 11.472483 2.314524
v 7.964185 11.527461 2.317814
v 7.964185 11.527461 -2.346899
v 7.960413 11.472464 -2.344033
v 7.960413 11.472464 -2.344033
v 7.964185 11.527461 -2.346899
v -7.879783 11.527461 -2.346899
v -7.873615 11.472669 -2.344271
v -7.873615 11.472669 -2.344271
v -7.879783 11.527461 -2.346899
v -7.879783 11.527461 2.317814
v -7.873726 11.472678 2.314800
v 7.463449 8.328693 1.774896
v 7.463449 8.273493 1.774896
v -7.552333 8.273493 1.774896
v -7.552333 8.328693 1.774896
v 7.463449 8.328693 -1.738149
v 7.463449 8.273493 -1.738149
v 7.463449 8.273493 1.774896
v 7.463449 8.328693 1.774896
v -7.552333 8.328693 -1.738149
v -7.552333 8.273493 -1.738149
v 7.463449 8.273493 -1.738149
v 7.463449 8.328693 -1.738149
v -7.552333 8.328693 1.774896
v -7.552333 8.273493 1.774896
v -7.552333 8.273493 -1.738149
v -7.552333 8.328693 -1.738149
v -14.430952 0.000000 -8.781960
v 14.436934 0.000000 -8.781960
v 14.436934 0.000000 8.606453
v -14.430952 0.000000 8.606453
v 14.436934 0.000000 8.606453
v 14.457695 11.691393 8.627214
v -14.451713 11.691393 8.627214
v -14.430952 0.000000 8.606453
v 14.436934 0.000000 -8.781960
v 14.457695 11.691393 -8.802720
v 14.457695 11.691393 8.627214
v 14.436934 0.000000 8.606453
v -14.430952 0.000000 -8.781960
v -14.451713 11.691393 -8.802720
v 14.457695 11.691393 -8.802720
v 14.436934 0.000000 -8.781960
v -14.430952 0.000000 8.606453
v -14.451713 11.691393 8.627214
v -14.451713 11.691393 -8.802720
v -14.430952 0.000000 -8.781960
v -14.338576 0.092376 -8.689583
v -14.338576 0.092376 8.514078
v 14.344558 0.092376 8.514078
v 14.344558 0.092376 -8.689583
v 14.344558 0.092376 8.514078
v -14.338576 0.092376 8.514078
v -14.338576 11.789107 8.514078
v 14.344558 11.789107 8.514078
v 14.344558 0.092376 -8.689583
v 14.344558 0.092376 8.514078
v 14.344558 11.789107 8.514078
v 14.344558 11.789107 -8.689583
v -14.338576 0.092376 -8.689583
v 14.344558 0.092376 -8.689583
v 14.344558 11.789107 -8.689583
v -14.338576 11.789107 -8.689583
v -14.338576 0.092376 8.514078
v -14.338576 0.092376 -8.689583
v -14.338576 11.789107 -8.689583
v -14.338576 11.789107 8.514078
v 14.457695 11.691393 8.627214
v 14.344558 11.789107 8.514078
v -14.338576 11.789107 8.514078
v 14.457695 11.691393 -8.802720
v -14.451713 11.691393 8.627214
v 14.344558 11.789107 -8.689583
v -14.338576 11.789107 -8.689583
v -14.451713 11.691393 -8.802720
v -14.451713 11.691393 -8.802720
v -14.338576 11.789107 -8.689583
v 11.528978 0.083707 -5.950638
v 11.528978 0.083707 5.707579
v -11.551595 0.083707 5.707579
v -11.551595 0.083707 -5.950638
v 11.528979 11.179837 5.707579
v -11.551595 11.179837 5.707579
v -11.551595 0.083707 5.707579
v 11.528978 0.083707 5.707579
v 11.528979 11.179837 -5.950638
v 11.528979 11.179837 5.707579
v 11.528978 0.083707 5.707579
v 11.528978 0.083707 -5.950638
v -11.551595 11.179837 -5.950638
v 11.528979 11.179837 -5.950638
v 11.528978 0.083707 -5.950638
v -11.551595 0.083707 -5.950638
v -11.551595 11.179837 5.707579
v -11.551595 11.179837 -5.950638
v -11.551595 0.083707 -5.950638
v -11.551595 0.083707 5.707579
vt 16.455500 0.360800
vt 16.455500 0.681900
vt 18.603100 0.681900
vt 18.603100 0.360800
vt 8.643900 0.360900
vt 8.643900 0.681900
vt 16.455500 0.681900
vt 16.455500 0.360800
vt 8.643900 0.360900
vt 6.496300 0.360900
vt 6.496300 0.681900
vt 8.643900 0.681900
vt 6.496300 0.360900
vt -1.315300 0.360900
vt -1.315300 0.681900
vt 6.496300 0.681900
vt 5.180400 -0.557200
vt 5.339700 -0.024800
vt 5.180400 0.797200
vt 5.021400 -0.026800
vt 5.632400 0.238000
vt 4.728400 0.232900
vt 6.109700 0.797200
vt 6.109700 0.356300
vt 4.276300 0.797200
vt 6.561700 0.232900
vt 4.276300 0.356300
vt 3.824300 0.238000
vt 7.013700 0.797200
vt 3.372200 0.797200
vt 6.888900 -0.026800
vt 7.013700 -0.557200
vt 7.206700 -0.024800
vt 7.481600 0.215600
vt 7.938600 0.797200
vt 7.938800 0.356300
vt 8.390700 0.232800
vt 8.856400 0.796500
vt 8.683200 -0.027000
vt 8.859400 -0.557100
vt 3.531500 -0.024800
vt 3.372200 -0.557200
vt 3.179400 -0.024800
vt 2.886700 0.238000
vt 2.434700 0.797200
vt 2.434700 0.356300
vt 1.982600 0.232900
vt 1.530600 0.797200
vt 1.689600 -0.026800
vt 1.530600 -0.557200
vt 1.371300 -0.024800
vt 1.078500 0.238000
vt 0.626500 0.797200
vt 0.626500 0.356300
vt 0.174500 0.232900
vt -0.272100 0.795400
vt -0.118600 -0.026800
vt -0.277600 -0.557200
vt 8.859400 -0.557100
vt 9.128300 -0.100200
vt 8.856400 0.796500
vt 9.418000 0.100800
vt 9.707700 0.231500
vt 9.893100 0.797200
vt 9.893100 0.234500
vt 8.828800 -0.557200
vt 8.828800 0.797200
vt 9.128300 -0.100200
vt 9.418000 0.100800
vt 9.707700 0.231500
vt 9.893100 0.797200
vt 9.893100 0.234500
vt 5.180400 -0.557200
vt 5.180400 0.797200
vt 5.339700 -0.024800
vt 5.021400 -0.026800
vt 5.632400 0.238000
vt 4.728400 0.232900
vt 6.109700 0.797200
vt 6.109700 0.356300
vt 4.276300 0.797200
vt 6.561700 0.232900
vt 4.276300 0.356300
vt 3.824300 0.238000
vt 7.013700 0.797200
vt 3.372200 0.797200
vt 6.888900 -0.026800
vt 7.013700 -0.557200
vt 7.206700 -0.024800
vt 7.481600 0.215600
vt 7.938600 0.797200
vt 7.938800 0.356300
vt 8.390700 0.232800
vt 8.855400 0.796600
vt 8.683200 -0.027000
vt 8.859400 -0.557100
vt 3.531500 -0.024800
vt 3.372200 -0.557200
vt 3.179400 -0.024800
vt 2.886700 0.238000
vt 2.434700 0.797200
vt 2.434700 0.356300
vt 1.982600 0.232900
vt 1.530600 0.797200
vt 1.689600 -0.026800
vt 1.530600 -0.557200
vt 1.371300 -0.024800
vt 1.078500 0.238000
vt 0.626500 0.797200
vt 0.626500 0.356300
vt 0.174500 0.232900
vt -0.274100 0.795000
vt -0.118600 -0.026800
vt -0.277600 -0.557200
vt 8.859400 -0.557100
vt 8.855400 0.796600
vt 9.128300 -0.100200
vt 9.418000 0.100800
vt 9.707700 0.231500
vt 9.893100 0.797200
vt 9.893100 0.234500
vt 8.828800 -0.557200
vt 9.128300 -0.100200
vt 8.828800 0.797200
vt 9.418000 0.100800
vt 9.707700 0.231500
vt 9.893100 0.797200
vt 9.893100 0.234500
vt -0.088300 -0.445200
vt -0.057000 -0.446100
vt -0.088300 0.681400
vt 0.036500 -0.100200
vt 0.219600 0.063200
vt 0.428200 0.681400
vt 0.428200 0.172500
vt 0.636900 0.063200
vt 0.858300 0.681400
vt 0.820000 -0.100200
vt 0.858300 -0.241900
vt 0.896600 -0.100200
vt 1.079700 0.063200
vt 1.288300 0.681400
vt 1.288300 0.172500
vt 1.497000 0.081500
vt 1.766400 0.681400
vt 1.680100 -0.094800
vt 1.776200 -0.328600
vt 1.834300 -0.194400
vt 1.968800 0.004900
vt 2.152200 0.129300
vt 2.268000 0.681400
vt 2.268000 0.181800
vt 2.361300 0.151900
vt 2.693600 0.681400
vt 2.561400 0.012700
vt 2.693600 -0.155800
vt 2.816100 -0.036600
vt 2.969500 0.093400
vt 3.122900 0.681400
vt 3.122900 0.157500
vt 3.299600 0.077000
vt 3.609100 0.681400
vt 3.476400 -0.087300
vt 3.609100 -0.358100
vt 3.756700 -0.038000
vt 3.949000 0.096100
vt 4.096600 0.681400
vt 4.096600 0.169800
vt 4.226300 0.104200
vt 4.529300 0.681400
vt 4.390300 -0.013600
vt 4.529300 -0.155600
vt 22.723301 -0.445200
vt 22.723301 0.681400
vt 22.673401 -0.444900
vt 22.560900 -0.177000
vt 22.416700 0.010100
vt 22.128201 0.681400
vt 22.128201 0.148200
vt 21.647600 0.681400
vt 21.839600 0.010100
vt 21.695400 -0.177000
vt 21.647600 -0.249200
vt 21.599800 -0.177000
vt 21.455500 0.010100
vt 21.167000 0.148200
vt 21.167000 0.681400
vt 20.878500 0.010100
vt 20.571800 0.681400
vt 20.734200 -0.177000
vt 20.635099 -0.444900
vt 20.571800 -0.445200
vt 20.571800 -0.445200
vt 20.571800 0.681400
vt 20.540600 -0.446100
vt 20.447100 -0.100200
vt 20.264000 0.063200
vt 20.055300 0.681400
vt 20.055300 0.172500
vt 19.846600 0.063200
vt 19.625200 0.681400
vt 19.663500 -0.100200
vt 19.625200 -0.241900
vt 19.587000 -0.100200
vt 19.403900 0.063200
vt 19.195200 0.681400
vt 19.195200 0.172500
vt 18.986500 0.081500
vt 18.717199 0.681400
vt 18.803400 -0.094800
vt 18.707300 -0.328600
vt 18.649200 -0.194400
vt 18.514799 0.004900
vt 18.331400 0.129300
vt 18.215599 0.681400
vt 18.215599 0.181800
vt 18.122200 0.151900
vt 17.790001 0.681400
vt 17.922100 0.012700
vt 17.790001 -0.155800
vt 17.667400 -0.036600
vt 17.514000 0.093400
vt 17.360600 0.681400
vt 17.360600 0.157500
vt 17.183901 0.077000
vt 16.874399 0.681400
vt 17.007200 -0.087300
vt 16.874399 -0.358100
vt 16.726900 -0.038000
vt 16.534500 0.096100
vt 16.386900 0.681400
vt 16.386900 0.169800
vt 16.257299 0.104200
vt 15.954200 0.681400
vt 16.093300 -0.013600
vt 15.972200 -0.155400
vt -0.088300 -0.445200
vt -0.088300 0.681400
vt -0.057000 -0.446100
vt 0.064400 -0.100200
vt 0.219600 0.063200
vt 0.428200 0.681400
vt 0.428200 0.172500
vt 0.636900 0.063200
vt 0.858300 0.681400
vt 0.820000 -0.100200
vt 0.858300 -0.241900
vt 0.927400 -0.100200
vt 1.079700 0.063200
vt 1.288300 0.681400
vt 1.288300 0.172500
vt 1.497000 0.081500
vt 1.766400 0.681400
vt 1.680100 -0.094800
vt 1.811700 -0.328600
vt 1.851400 -0.194400
vt 1.980200 0.004900
vt 2.152200 0.129300
vt 2.268000 0.681400
vt 2.268000 0.181800
vt 2.361300 0.151900
vt 2.693600 0.681400
vt 2.561400 0.012700
vt 2.728300 -0.155800
vt 2.816100 -0.036600
vt 2.969500 0.093400
vt 3.122900 0.681400
vt 3.122900 0.157500
vt 3.299600 0.077000
vt 3.609100 0.681400
vt 3.476400 -0.087300
vt 3.636800 -0.358100
vt 3.780500 -0.038000
vt 3.949000 0.096100
vt 4.096600 0.681400
vt 4.096600 0.169800
vt 4.226300 0.104200
vt 4.529300 0.681400
vt 4.390300 -0.013600
vt 4.529300 -0.155600
vt 22.723301 -0.445200
vt 22.673401 -0.444900
vt 22.723301 0.681400
vt 22.560900 -0.177000
vt 22.416700 0.010100
vt 22.128201 0.681400
vt 22.128201 0.148200
vt 21.647600 0.681400
vt 21.839600 0.010100
vt 21.695400 -0.177000
vt 21.647600 -0.249200
vt 21.599800 -0.177000
vt 21.455500 0.010100
vt 21.167000 0.148200
vt 21.167000 0.681400
vt 20.878500 0.010100
vt 20.571800 0.681400
vt 20.734200 -0.177000
vt 20.635099 -0.444900
vt 20.571800 -0.445200
vt 20.571800 -0.445200
vt 20.540600 -0.446100
vt 20.571800 0.681400
vt 20.424101 -0.100200
vt 20.264000 0.063200
vt 20.055300 0.681400
vt 20.055300 0.172500
vt 19.846600 0.063200
vt 19.625200 0.681400
vt 19.663500 -0.100200
vt 19.625200 -0.241900
vt 19.550400 -0.100200
vt 19.403900 0.063200
vt 19.195200 0.681400
vt 19.195200 0.172500
vt 18.986500 0.081500
vt 18.717199 0.681400
vt 18.803400 -0.094800
vt 18.676201 -0.328600
vt 18.634001 -0.194400
vt 18.504400 0.004900
vt 18.331400 0.129300
vt 18.215599 0.681400
vt 18.215599 0.181800
vt 18.122200 0.151900
vt 17.790001 0.681400
vt 17.922100 0.012700
vt 17.754499 -0.155800
vt 17.667400 -0.036600
vt 17.514000 0.093400
vt 17.360600 0.681400
vt 17.360600 0.157500
vt 17.183901 0.077000
vt 16.874399 0.681400
vt 17.007200 -0.087300
vt 16.853500 -0.358100
vt 16.704000 -0.038000
vt 16.534500 0.096100
vt 16.386900 0.681400
vt 16.386900 0.169800
vt 16.257299 0.104200
vt 15.954200 0.681400
vt 16.093300 -0.013600
vt 15.936700 -0.155600
vt 1.165300 0.448200
vt 1.165300 0.000900
vt 2.022200 0.000900
vt 1.048700 1.496100
vt 2.022200 1.841400
vt 0.945700 1.453400
vt 1.049200 1.691800
vt 0.944100 0.448200
vt 0.955000 1.841400
vt 0.945700 1.728100
vt 0.847200 1.679500
vt 0.722800 0.448200
vt -0.112100 1.841400
vt 0.846500 1.500200
vt -0.112100 0.000900
vt 0.722800 0.000900
vt 11.205100 0.000900
vt 13.339400 0.000900
vt 13.339400 1.841400
vt 11.205100 1.841400
vt 8.222800 0.448200
vt 8.661800 0.448200
vt 9.315100 1.524000
vt 8.661800 0.000900
vt 9.359500 0.000900
vt 9.434100 1.447100
vt 10.044400 0.000900
vt 10.044400 0.448200
vt 9.532400 1.489800
vt 9.529200 1.683900
vt 10.480700 0.448200
vt 11.205100 1.841400
vt 11.205100 0.000900
vt 10.480700 0.000900
vt 9.825400 1.841400
vt 9.434100 1.725400
vt 8.445700 1.841400
vt 9.326900 1.673800
vt 7.711400 1.686400
vt 7.540100 1.841400
vt 7.717600 1.488300
vt 7.615300 1.725400
vt 7.512600 1.680100
vt 7.615300 1.447100
vt 8.224700 0.000900
vt 6.634500 1.841400
vt 7.540700 0.000900
vt 7.512600 1.489800
vt 6.856700 0.448200
vt 6.856700 0.000900
vt 6.419800 0.448200
vt 5.740800 1.680600
vt 5.728200 1.841400
vt 5.747900 1.495000
vt 5.638900 1.725400
vt 5.539600 1.674700
vt 5.638900 1.447100
vt 6.419800 0.000900
vt 4.821800 1.841400
vt 5.729000 0.000900
vt 5.027100 0.448200
vt 5.027100 0.000900
vt 5.538300 1.493700
vt 4.597900 0.448200
vt 3.939200 1.514500
vt 3.911300 1.690600
vt 3.826200 1.725400
vt 3.826200 1.447100
vt 3.422000 1.841400
vt 4.597900 0.000900
vt 3.730300 1.685000
vt 3.906300 0.000900
vt 2.022200 1.841400
vt 3.208900 0.448200
vt 3.208900 0.000900
vt 3.702800 1.525000
vt 2.770200 0.448200
vt 2.022200 0.000900
vt 2.770200 0.000900
vt 7.711400 1.686400
vt 8.445700 1.841400
vt 9.326900 1.673800
vt 9.434100 1.725400
vt 9.825400 1.841400
vt 9.529200 1.683900
vt 11.205100 1.841400
vt 7.540100 1.841400
vt 10.482900 0.448200
vt 11.205100 0.000900
vt 10.482900 0.000900
vt 10.044400 0.448200
vt 9.532400 1.489800
vt 9.434100 1.447100
vt 10.044400 0.000900
vt 9.359500 0.000900
vt 8.661200 0.448200
vt 8.661200 0.000900
vt 9.315100 1.524000
vt 8.222800 0.448200
vt 7.717600 1.488300
vt 7.615300 1.447100
vt 8.224700 0.000900
vt 7.540700 0.000900
vt 6.856700 0.448200
vt 6.856700 0.000900
vt 7.512600 1.489800
vt 7.512600 1.680100
vt 7.615300 1.725400
vt 6.634500 1.841400
vt 6.425800 0.448200
vt 5.740800 1.680600
vt 5.728200 1.841400
vt 5.747900 1.495000
vt 5.638900 1.725400
vt 5.638900 1.447100
vt 6.425800 0.000900
vt 5.539600 1.674700
vt 5.729000 0.000900
vt 4.821800 1.841400
vt 5.029900 0.448200
vt 5.029900 0.000900
vt 5.538300 1.493700
vt 4.597900 0.448200
vt 3.911300 1.690600
vt 3.826200 1.725400
vt 3.939200 1.514500
vt 3.422000 1.841400
vt 3.826200 1.447100
vt 3.730300 1.685000
vt 4.597900 0.000900
vt 2.022200 1.841400
vt 3.906300 0.000900
vt 3.205600 0.448200
vt 3.205600 0.000900
vt 3.702800 1.525000
vt 2.770200 0.448200
vt 2.022200 0.000900
vt 2.770200 0.000900
vt 0.803300 2.341700
vt 0.889900 2.485300
vt 5.080500 2.485300
vt 5.213000 2.341700
vt 5.213000 2.341700
vt 5.080500 2.485300
vt 5.080500 3.719100
vt 5.213000 3.880100
vt 5.080500 3.719100
vt 0.889900 3.719100
vt 0.803300 3.880100
vt 5.213000 3.880100
vt 0.889900 3.719100
vt 0.889900 2.485300
vt 0.803300 2.341700
vt 0.803300 3.880100
vt 0.000000 2.341700
vt 0.000000 3.880100
vt 0.803300 3.880100
vt 0.803300 2.341700
vt 0.803300 1.538400
vt 5.213000 1.538400
vt 4.948100 1.251200
vt 0.976500 1.251200
vt 4.948100 0.322000
vt 0.976500 0.322000
vt 5.213000 0.000000
vt 0.803300 0.000000
vt 5.213000 1.538400
vt 0.803300 1.538400
vt 0.803300 2.341700
vt 5.213000 2.341700
vt 6.016300 3.880100
vt 6.016300 2.341700
vt 5.213000 2.341700
vt 5.213000 3.880100
vt 0.803300 4.683400
vt 5.213000 4.683400
vt 5.213000 3.880100
vt 0.803300 3.880100
vt 0.889900 2.485300
vt 0.976500 2.628900
vt 4.948100 2.628900
vt 5.080500 2.485300
vt 5.080500 2.485300
vt 4.948100 2.628900
vt 4.948100 3.558100
vt 5.080500 3.719100
vt 4.948100 3.558100
vt 0.976500 3.558100
vt 0.889900 3.719100
vt 5.080500 3.719100
vt 0.976500 3.558100
vt 0.976500 2.628900
vt 0.889900 2.485300
vt 0.889900 3.719100
vt 11.303200 0.000000
vt 11.303200 1.293700
vt 9.774000 0.615000
vt 9.774000 0.000000
vt 9.740200 0.721400
vt 9.667000 0.815200
vt 9.560100 1.293700
vt 9.560100 0.860000
vt 9.453100 0.815200
vt 7.823500 1.293700
vt 9.379700 0.724400
vt 9.346100 0.615000
vt 7.823500 0.000000
vt 9.346100 0.000000
vt 19.129400 0.000000
vt 19.129400 1.293700
vt 11.303200 1.293700
vt 11.303200 0.000000
vt 22.609100 0.000000
vt 22.609100 1.293700
vt 19.129400 1.293700
vt 19.129400 0.000000
vt 7.823500 0.000000
vt 7.823500 1.293700
vt 0.000000 1.293700
vt 0.000000 0.000000
vt 0.000000 0.987700
vt 4.853800 0.987700
vt 4.853800 1.799400
vt 0.000000 2.515100
vt 4.898200 1.939100
vt 4.994300 2.062400
vt 5.134900 2.515100
vt 5.134900 2.121200
vt 5.275400 2.062400
vt 10.271000 2.515100
vt 5.371700 1.943100
vt 5.415900 1.799400
vt 10.271000 0.987700
vt 5.415900 0.987700
vt 29.703600 2.515100
vt 25.121099 2.515100
vt 25.121099 0.987700
vt 29.703600 0.987700
vt 21.650299 2.030000
vt 21.650299 1.456500
vt 25.121099 0.987700
vt 25.121099 2.515100
vt 20.285900 0.987700
vt 20.704700 2.515100
vt 21.099501 1.456500
vt 21.099501 2.030000
vt 20.285900 1.888800
vt 19.260401 2.515100
vt 19.671600 1.888800
vt 18.867201 2.030700
vt 18.313200 2.030700
vt 18.867201 1.454900
vt 14.850000 2.515100
vt 19.671600 0.987700
vt 18.313200 1.454900
vt 14.850000 0.987700
vt 14.850000 2.515100
vt 10.271000 2.515100
vt 10.271000 0.987700
vt 14.850000 0.987700
vt 0.493700 0.000000
vt 0.493700 0.000000
vt 0.848100 0.000000
vt 0.848100 0.000000
vt 0.848100 0.000000
vt 0.848100 0.000000
vt 0.848100 0.386100
vt 0.848100 0.386100
vt 0.493700 0.389000
vt 0.493700 0.389000
vt 0.493700 0.000000
vt 0.493700 0.000000
vt 0.536600 0.388100
vt 0.536600 0.388100
vt 0.493700 0.389000
vt 0.493700 0.389000
vt 0.565100 0.399100
vt 0.565100 0.399100
vt 0.536600 0.388100
vt 0.536600 0.388100
vt 0.606800 0.409400
vt 0.606800 0.409400
vt 0.565100 0.399100
vt 0.565100 0.399100
vt 0.664100 0.415500
vt 0.664100 0.415500
vt 0.606800 0.409400
vt 0.606800 0.409400
vt 0.689600 0.415500
vt 0.689600 0.415500
vt 0.664100 0.415500
vt 0.664100 0.415500
vt 0.737600 0.409400
vt 0.737600 0.409400
vt 0.689600 0.415500
vt 0.689600 0.415500
vt 0.781600 0.398400
vt 0.781600 0.398400
vt 0.737600 0.409400
vt 0.737600 0.409400
vt 0.817400 0.385900
vt 0.817400 0.385900
vt 0.781600 0.398400
vt 0.781600 0.398400
vt 0.848100 0.386100
vt 0.848100 0.386100
vt 0.817400 0.385900
vt 0.817400 0.385900
vt 0.493700 0.000000
vt 0.493700 0.000000
vt 0.848100 0.000000
vt 0.848100 0.000000
vt 0.848100 0.000000
vt 0.848100 0.000000
vt 0.848100 0.386100
vt 0.848100 0.386100
vt 0.493700 0.389000
vt 0.493700 0.389000
vt 0.493700 0.000000
vt 0.493700 0.000000
vt 0.536600 0.388100
vt 0.536600 0.388100
vt 0.493700 0.389000
vt 0.493700 0.389000
vt 0.565100 0.399100
vt 0.565100 0.399100
vt 0.536600 0.388100
vt 0.536600 0.388100
vt 0.606800 0.409400
vt 0.606800 0.409400
vt 0.565100 0.399100
vt 0.565100 0.399100
vt 0.664100 0.415500
vt 0.664100 0.415500
vt 0.606800 0.409400
vt 0.606800 0.409400
vt 0.689600 0.415500
vt 0.689600 0.415500
vt 0.664100 0.415500
vt 0.664100 0.415500
vt 0.737600 0.409400
vt 0.737600 0.409400
vt 0.689600 0.415500
vt 0.689600 0.415500
vt 0.781600 0.398400
vt 0.781600 0.398400
vt 0.737600 0.409400
vt 0.737600 0.409400
vt 0.817400 0.385900
vt 0.817400 0.385900
vt 0.781600 0.398400
vt 0.781600 0.398400
vt 0.848100 0.386100
vt 0.848100 0.386100
vt 0.817400 0.385900
vt 0.817400 0.385900
vt 18.462900 1.096100
vt 22.150400 1.096100
vt 22.150400 1.120600
vt 18.462900 1.120600
vt 6.479000 1.096100
vt 8.086700 1.096100
vt 8.086100 1.120600
vt 6.479000 1.120600
vt -1.820400 1.096100
vt 6.479000 1.096100
vt 6.479000 1.120600
vt -1.820400 1.120600
vt 22.164301 1.071600
vt 22.150400 1.096100
vt 18.462900 1.096100
vt 18.449100 1.071600
vt 8.087300 1.071600
vt 8.086700 1.096100
vt 6.479000 1.096100
vt 6.465100 1.071600
vt 6.492900 1.071600
vt 6.479000 1.096100
vt -1.820400 1.096100
vt -1.834300 1.071600
vt 18.449100 1.047100
vt 18.449100 1.022600
vt 22.164301 1.022600
vt 22.164301 1.047100
vt 22.164301 1.071600
vt 18.449100 1.071600
vt 8.551200 1.047100
vt 8.551200 1.022600
vt 10.177500 1.022600
vt 10.177500 1.047100
vt 10.177500 1.071600
vt 8.551200 1.071600
vt 11.029500 1.047100
vt 11.029500 1.022600
vt 18.476801 1.022600
vt 18.476801 1.047100
vt 18.476801 1.071600
vt 11.029500 1.071600
vt -1.834300 1.047100
vt -1.834300 1.022600
vt 6.492900 1.022600
vt 6.492900 1.047100
vt 6.492900 1.071600
vt -1.834300 1.071600
vt 22.150400 1.120600
vt 22.164301 1.125700
vt 18.449100 1.125700
vt 18.462900 1.120600
vt 6.479000 1.120600
vt 8.086100 1.120600
vt 8.086200 1.125700
vt 6.465100 1.125700
vt 6.479000 1.120600
vt 6.492900 1.125700
vt -1.834300 1.125700
vt -1.820400 1.120600
vt 18.462900 1.120600
vt 11.043200 1.120600
vt 11.043200 1.096100
vt 18.462900 1.096100
vt 18.462900 1.096100
vt 11.041900 1.102900
vt 11.029500 1.078400
vt 18.476801 1.071600
vt 18.476801 1.126200
vt 11.030800 1.122900
vt 11.043200 1.117800
vt 18.462900 1.120600
vt 10.163600 1.096100
vt 10.163600 1.120600
vt 8.551500 1.120600
vt 8.551500 1.096100
vt 8.551200 1.071600
vt 10.177500 1.071600
vt 10.163600 1.096100
vt 8.551500 1.096100
vt 10.163600 1.120600
vt 10.177500 1.125700
vt 8.551200 1.125700
vt 8.551500 1.120600
vt 6.465100 1.047100
vt 6.465100 1.022600
vt 8.086200 1.022600
vt 8.086800 1.047100
vt 6.465100 1.071600
vt 6.465100 1.047100
vt 8.086800 1.047100
vt 8.087300 1.071600
vt 8.333000 1.198600
vt 14.896000 1.198600
vt 14.896000 1.260500
vt 8.333000 1.260500
vt -12.996200 1.198600
vt -6.438300 1.198600
vt -6.438300 1.260500
vt -12.996200 1.260500
vt -6.438300 1.198600
vt 0.538500 1.198600
vt 0.538500 1.260500
vt -6.438300 1.260500
vt -27.767700 1.198600
vt -12.996200 1.198600
vt -12.996200 1.260500
vt -27.767700 1.260500
vt 14.920800 1.136700
vt 14.896000 1.198600
vt 8.333000 1.198600
vt 8.308300 1.136700
vt -6.413600 1.136700
vt -6.438300 1.198600
vt -12.996200 1.198600
vt -13.021000 1.136700
vt 0.538900 1.136700
vt 0.538500 1.198600
vt -6.438300 1.198600
vt -6.463100 1.136700
vt -12.971500 1.136700
vt -12.996200 1.198600
vt -27.767700 1.198600
vt -27.792400 1.136700
vt 8.308300 1.074800
vt 8.308300 1.012800
vt 14.920800 1.012800
vt 14.920800 1.074800
vt 14.920800 1.136700
vt 8.308300 1.136700
vt -13.021000 1.074800
vt -13.021000 1.012800
vt -6.413600 1.012800
vt -6.413600 1.074800
vt -6.413600 1.136700
vt -13.021000 1.136700
vt 1.357300 1.074800
vt 1.357300 1.012800
vt 8.357700 1.012800
vt 8.357700 1.074800
vt 8.357700 1.136700
vt 1.357300 1.136700
vt -27.792400 1.074800
vt -27.792400 1.012800
vt -12.971500 1.012800
vt -12.971500 1.074800
vt -12.971500 1.136700
vt -27.792400 1.136700
vt 14.896000 1.260500
vt 14.920800 1.273400
vt 8.308300 1.273400
vt 8.333000 1.260500
vt -6.438300 1.260500
vt -6.413600 1.273400
vt -13.021000 1.273400
vt -12.996200 1.260500
vt 0.538500 1.260500
vt 0.538900 1.273300
vt -6.463100 1.272000
vt -6.438300 1.260500
vt -12.996200 1.260500
vt -12.971500 1.273400
vt -27.792400 1.273400
vt -27.767700 1.260500
vt 8.333000 1.198600
vt 8.333000 1.260500
vt 1.356800 1.260500
vt 1.356800 1.198600
vt 8.357700 1.136700
vt 8.333000 1.198600
vt 1.356800 1.198600
vt 1.357300 1.136700
vt 8.333000 1.260500
vt 8.357700 1.274700
vt 1.357300 1.273500
vt 1.356800 1.260500
vt -6.463100 1.074800
vt -6.463100 1.012800
vt 0.538900 1.012800
vt 0.538900 1.074800
vt -6.463100 1.136700
vt -6.463100 1.074800
vt 0.538900 1.074800
vt 0.538900 1.136700
vt 0.803300 2.341700
vt 0.889900 2.485300
vt 5.080500 2.485300
vt 5.213000 2.341700
vt 5.213000 2.341700
vt 5.080500 2.485300
vt 5.080500 3.719100
vt 5.213000 3.880100
vt 5.080500 3.719100
vt 0.889900 3.719100
vt 0.803300 3.880100
vt 5.213000 3.880100
vt 0.889900 3.719100
vt 0.889900 2.485300
vt 0.803300 2.341700
vt 0.803300 3.880100
vt 0.000000 2.341700
vt 0.000000 3.880100
vt 0.803300 3.880100
vt 0.803300 2.341700
vt 0.803300 1.538400
vt 5.213000 1.538400
vt 4.948100 1.251200
vt 0.976500 1.251200
vt 5.213000 1.538400
vt 5.213000 0.000000
vt 4.948100 0.322000
vt 4.948100 1.251200
vt 0.803300 0.000000
vt 0.976500 0.322000
vt 4.948100 0.322000
vt 5.213000 0.000000
vt 0.803300 1.538400
vt 0.976500 1.251200
vt 0.976500 0.322000
vt 0.803300 0.000000
vt 5.213000 1.538400
vt 0.803300 1.538400
vt 0.803300 2.341700
vt 5.213000 2.341700
vt 5.213000 3.880100
vt 6.016300 3.880100
vt 6.016300 2.341700
vt 5.213000 2.341700
vt 0.803300 3.880100
vt 0.803300 4.683400
vt 5.213000 4.683400
vt 5.213000 3.880100
vt 5.080500 2.485300
vt 0.889900 2.485300
vt 0.803300 2.341700
vt 5.213000 2.341700
vt 5.080500 3.719100
vt 5.080500 2.485300
vt 5.213000 2.341700
vt 5.213000 3.880100
vt 0.803300 3.880100
vt 0.889900 3.719100
vt 5.080500 3.719100
vt 5.213000 3.880100
vt 0.803300 2.341700
vt 0.889900 2.485300
vt 0.889900 3.719100
vt 0.803300 3.880100
vt 0.000000 2.341700
vt 0.803300 2.341700
vt 0.803300 3.880100
vt 0.000000 3.880100
vt 4.948100 1.251200
vt 5.213000 1.538400
vt 0.803300 1.538400
vt 0.976500 1.251200
vt 4.948100 0.322000
vt 0.976500 0.322000
vt 5.213000 0.000000
vt 0.803300 0.000000
vt 5.213000 1.538400
vt 5.213000 2.341700
vt 0.803300 2.341700
vt 0.803300 1.538400
vt 5.213000 3.880100
vt 5.213000 2.341700
vt 6.016300 2.341700
vt 6.016300 3.880100
vt 0.803300 3.880100
vt 5.213000 3.880100
vt 5.213000 4.683400
vt 0.803300 4.683400
vt 0.889900 2.485300
vt 0.889900 2.485300
vt 5.080500 2.485300
vt 5.080500 2.485300
vt 5.080500 2.485300
vt 5.080500 2.485300
vt 5.080500 3.719100
vt 5.080500 3.719100
vt 5.080500 3.719100
vt 5.080500 3.719100
vt 0.889900 3.719100
vt 0.889900 3.719100
vt 0.889900 3.719100
vt 0.889900 3.719100
vt 0.889900 2.485300
vt 0.889900 2.485300
vt 4.948100 1.251200
vt 4.948100 1.251200
vt 0.976500 1.251200
vt 0.976500 1.251200
vt 4.948100 0.322000
vt 4.948100 0.322000
vt 4.948100 1.251200
vt 4.948100 1.251200
vt 0.976500 0.322000
vt 0.976500 0.322000
vt 4.948100 0.322000
vt 4.948100 0.322000
vt 0.976500 1.251200
vt 0.976500 1.251200
vt 0.976500 0.322000
vt 0.976500 0.322000
vt 18.410400 2.685700
vt 9.231800 2.685700
vt 9.231800 -2.819400
vt 18.410400 -2.819400
vt 9.231800 -2.819400
vt 9.231800 -6.575600
vt 18.410400 -6.575600
vt 18.410400 -2.819400
vt 3.726600 -2.819400
vt 3.726600 -6.575600
vt 9.231800 -6.575600
vt 9.231800 -2.819400
vt -5.452000 -2.819400
vt -5.452000 -6.575600
vt 3.726600 -6.575600
vt 3.726600 -2.819400
vt 18.410400 -2.819400
vt 18.410400 -6.575600
vt 23.915501 -6.575600
vt 23.915501 -2.819400
vt 18.410400 2.685700
vt 18.410400 -2.819400
vt 9.231800 -2.819400
vt 9.231800 2.685700
vt 9.231800 -2.819400
vt 18.410400 -2.819400
vt 18.410400 -6.575600
vt 9.231800 -6.575600
vt 3.726600 -2.819400
vt 9.231800 -2.819400
vt 9.231800 -6.575600
vt 3.726600 -6.575600
vt -5.452000 -2.819400
vt 3.726600 -2.819400
vt 3.726600 -6.575600
vt -5.452000 -6.575600
vt 18.410400 -2.819400
vt 23.915501 -2.819400
vt 23.915501 -6.575600
vt 18.410400 -6.575600
vt 9.231800 -6.575600
vt 9.231800 -6.575600
vt 18.410400 -6.575600
vt 3.726600 -6.575600
vt 18.410400 -6.575600
vt 3.726600 -6.575600
vt 23.915501 -6.575600
vt 23.915501 -6.575600
vt -5.452000 -6.575600
vt -5.452000 -6.575600
vt -3.643200 0.000000
vt -3.643200 -3.643200
vt -10.855900 -3.643200
vt -10.855900 0.000000
vt -0.000000 3.558800
vt 7.212700 3.558800
vt 7.212700 0.000000
vt -0.000000 0.000000
vt -3.643200 3.558800
vt -0.000000 3.558800
vt -0.000000 0.000000
vt -3.643200 0.000000
vt -10.855900 3.558800
vt -3.643200 3.558800
vt -3.643200 0.000000
vt -10.855900 0.000000
vt -14.499100 3.558800
vt -10.855900 3.558800
vt -10.855900 0.000000
vt -14.499100 0.000000
vn 1.00000 0.00000 0.00000
vn 1.00000 0.00000 0.00000
vn 1.00000 0.00000 0.00000
vn 1.00000 0.00000 0.00000
vn 0.00000 0.00000 -1.00000
vn 0.00000 0.00000 -1.00000
vn 0.00000 0.00000 -1.00000
vn 0.00000 0.00000 -1.00000
vn -1.00000 0.00000 0.00000
vn -1.00000 0.00000 0.00000
vn -1.00000 0.00000 0.00000
vn -1.00000 0.00000 0.00000
vn 0.00000 0.00000 1.00000
vn 0.00000 0.00000 1.00000
vn 0.00000 0.00000 1.00000
vn 0.00000 0.00000 1.00000
vn 0.00000 0.00000 -1.00000
vn 0.00000 0.00000 -1.00000
vn 0.00000 0.00000 -1.00000
vn 0.00000 0.00000 -1.00000
vn 0.00000 0.00000 -1.00000
vn 0.00000 0.00000 -1.00000
vn 0.00000 0.00000 -1.00000
vn 0.00000 0.00000 -1.00000
vn 0.00000 0.00000 -1.00000
vn 0.00000 0.00000 -1.00000
vn 0.00000 0.00000 -1.00000
vn 0.00000 0.00000 -1.00000
vn 0.00000 0.00000 -1.00000
vn 0.00000 0.00000 -1.00000
vn 0.00000 0.00000 -1.00000
vn 0.00000 0.00000 -1.00000
vn 0.00000 0.00000 -1.00000
vn 0.00000 0.00000 -1.00000
vn 0.00000 0.00000 -1.00000
vn 0.00000 0.00000 -1.00000
vn 0.00000 0.00000 -1.00000
vn 0.00000 0.00000 -1.00000
vn 0.00000 0.00000 -1.00000
vn 0.00000 0.00000 -1.00000
vn 0.00000 0.00000 -1.00000
vn 0.00000 0.00000 -1.00000
vn 0.00000 0.00000 -1.00000
vn 0.00000 0.00000 -1.00000
vn 0.00000 0.00000 -1.00000
vn 0.00000 0.00000 -1.00000
vn 0.00000 0.00000 -1.00000
vn 0.00000 0.00000 -1.00000
vn 0.00000 0.00000 -1.00000
vn 0.00000 0.00000 -1.00000
vn 0.00000 0.00000 -1.00000
vn 0.00000 0.00000 -1.00000
vn 0.00000 0.00000 -1.00000
vn 0.00000 0.00000 -1.00000
vn 0.00000 0.00000 -1.00000
vn 0.00000 0.00000 -1.00000
vn 0.00000 0.00000 -1.00000
vn 0.00000 0.00000 -1.00000
vn 1.00000 0.00000 0.00000
vn 1.00000 0.00000 0.00000
vn 1.00000 0.00000 0.00000
vn 1.00000 0.00000 0.00000
vn 1.00000 0.00000 0.00000
vn 1.00000 0.00000 0.00000
vn 1.00000 0.00000 0.00000
vn -1.00000 0.00000 0.00000
vn -1.00000 0.00000 0.00000
vn -1.00000 0.00000 0.00000
vn -1.00000 0.00000 0.00000
vn -1.00000 0.00000 0.00000
vn -1.00000 0.00000 0.00000
vn -1.00000 0.00000 0.00000
vn 0.00000 0.00000 1.00000
vn 0.00000 0.00000 1.00000
vn 0.00000 0.00000 1.00000
vn 0.00000 0.00000 1.00000
vn 0.00000 0.00000 1.00000
vn 0.00000 0.00000 1.00000
vn 0.00000 0.00000 1.00000
vn 0.00000 0.00000 1.00000
vn 0.00000 0.00000 1.00000
vn 0.00000 0.00000 1.00000
vn 0.00000 0.00000 1.00000
vn 0.00000 0.00000 1.00000
vn 0.00000 0.00000 1.00000
vn 0.00000 0.00000 1.00000
vn 0.00000 0.00000 1.00000
vn 0.00000 0.00000 1.00000
vn 0.00000 0.00000 1.00000
vn 0.00000 0.00000 1.00000
vn 0.00000 0.00000 1.00000
vn 0.00000 0.00000 1.00000
vn 0.00000 0.00000 1.00000
vn 0.00000 0.00000 1.00000
vn 0.00000 0.00000 1.00000
vn 0.00000 0.00000 1.00000
vn 0.00000 0.00000 1.00000
vn 0.00000 0.00000 1.00000
vn 0.00000 0.00000 1.00000
vn 0.00000 0.00000 1.00000
vn 0.00000 0.00000 1.00000
vn 0.00000 0.00000 1.00000
vn 0.00000 0.00000 1.00000
vn 0.00000 0.00000 1.00000
vn 0.00000 0.00000 1.00000
vn 0.00000 0.00000 1.00000
vn 0.00000 0.00000 1.00000
vn 0.00000 0.00000 1.00000
vn 0.00000 0.00000 1.00000
vn 0.00000 0.00000 1.00000
vn 0.00000 0.00000 1.00000
vn 0.00000 0.00000 1.00000
vn 0.00000 0.00000 1.00000
vn 0.00000 0.00000 1.00000
vn 1.00000 0.00000 0.00000
vn 1.00000 0.00000 0.00000
vn 1.00000 0.00000 0.00000
vn 1.00000 0.00000 0.00000
vn 1.00000 0.00000 0.00000
vn 1.00000 0.00000 0.00000
vn 1.00000 0.00000 0.00000
vn -1.00000 0.00000 0.00000
vn -1.00000 0.00000 0.00000
vn -1.00000 0.00000 0.00000
vn -1.00000 0.00000 0.00000
vn -1.00000 0.00000 0.00000
vn -1.00000 0.00000 0.00000
vn -1.00000 0.00000 0.00000
vn 0.00000 0.00000 -1.00000
vn 0.00000 0.00000 -1.00000
vn 0.00000 0.00000 -1.00000
vn 0.00000 0.00000 -1.00000
vn 0.00000 0.00000 -1.00000
vn 0.00000 0.00000 -1.00000
vn 0.00000 0.00000 -1.00000
vn 0.00000 0.00000 -1.00000
vn 0.00000 0.00000 -1.00000
vn 0.00000 0.00000 -1.00000
vn 0.00000 0.00000 -1.00000
vn 0.00000 0.00000 -1.00000
vn 0.00000 0.00000 -1.00000
vn 0.00000 0.00000 -1.00000
vn 0.00000 0.00000 -1.00000
vn 0.00000 0.00000 -1.00000
vn 0.00000 0.00000 -1.00000
vn 0.00000 0.00000 -1.00000
vn 0.00000 0.00000 -1.00000
vn 0.00000 0.00000 -1.00000
vn 0.00000 0.00000 -1.00000
vn 0.00000 0.00000 -1.00000
vn 0.00000 0.00000 -1.00000
vn 0.00000 0.00000 -1.00000
vn 0.00000 0.00000 -1.00000
vn 0.00000 0.00000 -1.00000
vn 0.00000 0.00000 -1.00000
vn 0.00000 0.00000 -1.00000
vn 0.00000 0.00000 -1.00000
vn 0.00000 0.00000 -1.00000
vn 0.00000 0.00000 -1.00000
vn 0.00000 0.00000 -1.00000
vn 0.00000 0.00000 -1.00000
vn 0.00000 0.00000 -1.00000
vn 0.00000 0.00000 -1.00000
vn 0.00000 0.00000 -1.00000
vn 0.00000 0.00000 -1.00000
vn 0.00000 0.00000 -1.00000
vn 0.00000 0.00000 -1.00000
vn 0.00000 0.00000 -1.00000
vn 0.00000 0.00000 -1.00000
vn 0.00000 0.00000 -1.00000
vn 0.00000 0.00000 -1.00000
vn 0.00000 0.00000 -1.00000
vn -1.00000 0.00000 0.00000
vn -1.00000 0.00000 0.00000
vn -1.00000 0.00000 0.00000
vn -1.00000 0.00000 0.00000
vn -1.00000 0.00000 0.00000
vn -1.00000 0.00000 0.00000
vn -1.00000 0.00000 0.00000
vn -1.00000 0.00000 0.00000
vn -1.00000 0.00000 0.00000
vn -1.00000 0.00000 0.00000
vn -1.00000 0.00000 0.00000
vn -1.00000 0.00000 0.00000
vn -1.00000 0.00000 0.00000
vn -1.00000 0.00000 0.00000
vn -1.00000 0.00000 0.00000
vn -1.00000 0.00000 0.00000
vn -1.00000 0.00000 0.00000
vn -1.00000 0.00000 0.00000
vn -1.00000 0.00000 0.00000
vn -1.00000 0.00000 0.00000
vn 0.00000 0.00000 1.00000
vn 0.00000 0.00000 1.00000
vn 0.00000 0.00000 1.00000
vn 0.00000 0.00000 1.00000
vn 0.00000 0.00000 1.00000
vn 0.00000 0.00000 1.00000
vn 0.00000 0.00000 1.00000
vn 0.00000 0.00000 1.00000
vn 0.00000 0.00000 1.00000
vn 0.00000 0.00000 1.00000
vn 0.00000 0.00000 1.00000
vn 0.00000 0.00000 1.00000
vn 0.00000 0.00000 1.00000
vn 0.00000 0.00000 1.00000
vn 0.00000 0.00000 1.00000
vn 0.00000 0.00000 1.00000
vn 0.00000 0.00000 1.00000
vn 0.00000 0.00000 1.00000
vn 0.00000 0.00000 1.00000
vn 0.00000 0.00000 1.00000
vn 0.00000 0.00000 1.00000
vn 0.00000 0.00000 1.00000
vn 0.00000 0.00000 1.00000
vn 0.00000 0.00000 1.00000
vn 0.00000 0.00000 1.00000
vn 0.00000 0.00000 1.00000
vn 0.00000 0.00000 1.00000
vn 0.00000 0.00000 1.00000
vn 0.00000 0.00000 1.00000
vn 0.00000 0.00000 1.00000
vn 0.00000 0.00000 1.00000
vn 0.00000 0.00000 1.00000
vn 0.00000 0.00000 1.00000
vn 0.00000 0.00000 1.00000
vn 0.00000 0.00000 1.00000
vn 0.00000 0.00000 1.00000
vn 0.00000 0.00000 1.00000
vn 0.00000 0.00000 1.00000
vn 0.00000 0.00000 1.00000
vn 0.00000 0.00000 1.00000
vn 0.00000 0.00000 1.00000
vn 0.00000 0.00000 1.00000
vn 0.00000 0.00000 1.00000
vn 0.00000 0.00000 1.00000
vn 0.00000 0.00000 -1.00000
vn 0.00000 0.00000 -1.00000
vn 0.00000 0.00000 -1.00000
vn 0.00000 0.00000 -1.00000
vn 0.00000 0.00000 -1.00000
vn 0.00000 0.00000 -1.00000
vn 0.00000 0.00000 -1.00000
vn 0.00000 0.00000 -1.00000
vn 0.00000 0.00000 -1.00000
vn 0.00000 0.00000 -1.00000
vn 0.00000 0.00000 -1.00000
vn 0.00000 0.00000 -1.00000
vn 0.00000 0.00000 -1.00000
vn 0.00000 0.00000 -1.00000
vn 0.00000 0.00000 -1.00000
vn 0.00000 0.00000 -1.00000
vn 0.00000 0.00000 -1.00000
vn 0.00000 0.00000 -1.00000
vn 0.00000 0.00000 -1.00000
vn 0.00000 0.00000 -1.00000
vn 0.00000 0.00000 -1.00000
vn 0.00000 0.00000 -1.00000
vn 0.00000 0.00000 -1.00000
vn 0.00000 0.00000 -1.00000
vn 0.00000 0.00000 -1.00000
vn 0.00000 0.00000 -1.00000
vn 0.00000 0.00000 -1.00000
vn 0.00000 0.00000 -1.00000
vn 0.00000 0.00000 -1.00000
vn 0.00000 0.00000 -1.00000
vn 0.00000 0.00000 -1.00000
vn 0.00000 0.00000 -1.00000
vn 0.00000 0.00000 -1.00000
vn 0.00000 0.00000 -1.00000
vn 0.00000 0.00000 -1.00000
vn 0.00000 0.00000 -1.00000
vn 0.00000 0.00000 -1.00000
vn 0.00000 0.00000 -1.00000
vn 0.00000 0.00000 -1.00000
vn 0.00000 0.00000 -1.00000
vn 0.00000 0.00000 -1.00000
vn 0.00000 0.00000 -1.00000
vn 0.00000 0.00000 -1.00000
vn 0.00000 0.00000 -1.00000
vn 1.00000 0.00000 0.00000
vn 1.00000 0.00000 0.00000
vn 1.00000 0.00000 0.00000
vn 1.00000 0.00000 0.00000
vn 1.00000 0.00000 0.00000
vn 1.00000 0.00000 0.00000
vn 1.00000 0.00000 0.00000
vn 1.00000 0.00000 0.00000
vn 1.00000 0.00000 0.00000
vn 1.00000 0.00000 0.00000
vn 1.00000 0.00000 0.00000
vn 1.00000 0.00000 0.00000
vn 1.00000 0.00000 0.00000
vn 1.00000 0.00000 0.00000
vn 1.00000 0.00000 0.00000
vn 1.00000 0.00000 0.00000
vn 1.00000 0.00000 0.00000
vn 1.00000 0.00000 0.00000
vn 1.00000 0.00000 0.00000
vn 1.00000 0.00000 0.00000
vn 0.00000 0.00000 1.00000
vn 0.00000 0.00000 1.00000
vn 0.00000 0.00000 1.00000
vn 0.00000 0.00000 1.00000
vn 0.00000 0.00000 1.00000
vn 0.00000 0.00000 1.00000
vn 0.00000 0.00000 1.00000
vn 0.00000 0.00000 1.00000
vn 0.00000 0.00000 1.00000
vn 0.00000 0.00000 1.00000
vn 0.00000 0.00000 1.00000
vn 0.00000 0.00000 1.00000
vn 0.00000 0.00000 1.00000
vn 0.00000 0.00000 1.00000
vn 0.00000 0.00000 1.00000
vn 0.00000 0.00000 1.00000
vn 0.00000 0.00000 1.00000
vn 0.00000 0.00000 1.00000
vn 0.00000 0.00000 1.00000
vn 0.00000 0.00000 1.00000
vn 0.00000 0.00000 1.00000
vn 0.00000 0.00000 1.00000
vn 0.00000 0.00000 1.00000
vn 0.00000 0.00000 1.00000
vn 0.00000 0.00000 1.00000
vn 0.00000 0.00000 1.00000
vn 0.00000 0.00000 1.00000
vn 0.00000 0.00000 1.00000
vn 0.00000 0.00000 1.00000
vn 0.00000 0.00000 1.00000
vn 0.00000 0.00000 1.00000
vn 0.00000 0.00000 1.00000
vn 0.00000 0.00000 1.00000
vn 0.00000 0.00000 1.00000
vn 0.00000 0.00000 1.00000
vn 0.00000 0.00000 1.00000
vn 0.00000 0.00000 1.00000
vn 0.00000 0.00000 1.00000
vn 0.00000 0.00000 1.00000
vn 0.00000 0.00000 1.00000
vn 0.00000 0.00000 1.00000
vn 0.00000 0.00000 1.00000
vn 0.00000 0.00000 1.00000
vn 0.00000 0.00000 1.00000
vn 1.00000 0.00000 0.00000
vn 1.00000 0.00000 0.00000
vn 1.00000 0.00000 0.00000
vn 1.00000 0.00000 0.00000
vn 1.00000 0.00000 0.00000
vn 1.00000 0.00000 0.00000
vn 1.00000 0.00000 0.00000
vn 1.00000 0.00000 0.00000
vn 1.00000 0.00000 0.00000
vn 1.00000 0.00000 0.00000
vn 1.00000 0.00000 0.00000
vn 1.00000 0.00000 0.00000
vn 1.00000 0.00000 0.00000
vn 1.00000 0.00000 0.00000
vn 1.00000 0.00000 0.00000
vn 1.00000 0.00000 0.00000
vn -1.00000 0.00000 0.00000
vn -1.00000 0.00000 0.00000
vn -1.00000 0.00000 0.00000
vn -1.00000 0.00000 0.00000
vn 0.00000 0.00000 1.00000
vn 0.00000 0.00000 1.00000
vn 0.00000 0.00000 1.00000
vn 0.00000 0.00000 1.00000
vn 0.00000 0.00000 1.00000
vn 0.00000 0.00000 1.00000
vn 0.00000 0.00000 1.00000
vn 0.00000 0.00000 1.00000
vn 0.00000 0.00000 1.00000
vn 0.00000 0.00000 1.00000
vn 0.00000 0.00000 1.00000
vn 0.00000 0.00000 1.00000
vn 0.00000 0.00000 1.00000
vn 0.00000 0.00000 1.00000
vn 0.00000 0.00000 1.00000
vn 0.00000 0.00000 1.00000
vn 0.00000 0.00000 1.00000
vn 0.00000 0.00000 1.00000
vn 0.00000 0.00000 1.00000
vn 0.00000 0.00000 1.00000
vn 0.00000 0.00000 1.00000
vn 0.00000 0.00000 1.00000
vn 0.00000 0.00000 1.00000
vn 0.00000 0.00000 1.00000
vn 0.00000 0.00000 1.00000
vn 0.00000 0.00000 1.00000
vn 0.00000 0.00000 1.00000
vn 0.00000 0.00000 1.00000
vn 0.00000 0.00000 1.00000
vn 0.00000 0.00000 1.00000
vn 0.00000 0.00000 1.00000
vn 0.00000 0.00000 1.00000
vn 0.00000 0.00000 1.00000
vn 0.00000 0.00000 1.00000
vn 0.00000 0.00000 1.00000
vn 0.00000 0.00000 1.00000
vn 0.00000 0.00000 1.00000
vn 0.00000 0.00000 1.00000
vn 0.00000 0.00000 1.00000
vn 0.00000 0.00000 1.00000
vn 0.00000 0.00000 1.00000
vn 0.00000 0.00000 1.00000
vn 0.00000 0.00000 1.00000
vn 0.00000 0.00000 1.00000
vn 0.00000 0.00000 1.00000
vn 0.00000 0.00000 1.00000
vn 0.00000 0.00000 1.00000
vn 0.00000 0.00000 1.00000
vn 0.00000 0.00000 1.00000
vn 0.00000 0.00000 1.00000
vn 0.00000 0.00000 1.00000
vn 0.00000 0.00000 1.00000
vn 0.00000 0.00000 1.00000
vn 0.00000 0.00000 1.00000
vn 0.00000 0.00000 1.00000
vn 0.00000 0.00000 1.00000
vn 0.00000 0.00000 1.00000
vn 0.00000 0.00000 1.00000
vn 0.00000 0.00000 1.00000
vn 0.00000 0.00000 -1.00000
vn 0.00000 0.00000 -1.00000
vn 0.00000 0.00000 -1.00000
vn 0.00000 0.00000 -1.00000
vn 0.00000 0.00000 -1.00000
vn 0.00000 0.00000 -1.00000
vn 0.00000 0.00000 -1.00000
vn 0.00000 0.00000 -1.00000
vn 0.00000 0.00000 -1.00000
vn 0.00000 0.00000 -1.00000
vn 0.00000 0.00000 -1.00000
vn 0.00000 0.00000 -1.00000
vn 0.00000 0.00000 -1.00000
vn 0.00000 0.00000 -1.00000
vn 0.00000 0.00000 -1.00000
vn 0.00000 0.00000 -1.00000
vn 0.00000 0.00000 -1.00000
vn 0.00000 0.00000 -1.00000
vn 0.00000 0.00000 -1.00000
vn 0.00000 0.00000 -1.00000
vn 0.00000 0.00000 -1.00000
vn 0.00000 0.00000 -1.00000
vn 0.00000 0.00000 -1.00000
vn 0.00000 0.00000 -1.00000
vn 0.00000 0.00000 -1.00000
vn 0.00000 0.00000 -1.00000
vn 0.00000 0.00000 -1.00000
vn 0.00000 0.00000 -1.00000
vn 0.00000 0.00000 -1.00000
vn 0.00000 0.00000 -1.00000
vn 0.00000 0.00000 -1.00000
vn 0.00000 0.00000 -1.00000
vn 0.00000 0.00000 -1.00000
vn 0.00000 0.00000 -1.00000
vn 0.00000 0.00000 -1.00000
vn 0.00000 0.00000 -1.00000
vn 0.00000 0.00000 -1.00000
vn 0.00000 0.00000 -1.00000
vn 0.00000 0.00000 -1.00000
vn 0.00000 0.00000 -1.00000
vn 0.00000 0.00000 -1.00000
vn 0.00000 0.00000 -1.00000
vn 0.00000 0.00000 -1.00000
vn 0.00000 0.00000 -1.00000
vn 0.00000 0.00000 -1.00000
vn 0.00000 0.00000 -1.00000
vn 0.00000 0.00000 -1.00000
vn 0.00000 0.00000 -1.00000
vn 0.00000 0.00000 -1.00000
vn 0.00000 0.00000 -1.00000
vn 0.00000 0.00000 -1.00000
vn 0.00000 0.00000 -1.00000
vn 0.00000 0.00000 -1.00000
vn 0.00000 0.00000 -1.00000
vn 0.00000 0.00000 -1.00000
vn 0.00000 0.00000 -1.00000
vn 0.00000 0.00000 -1.00000
vn 0.00000 0.00000 -1.00000
vn 0.00000 0.00000 -1.00000
vn 0.00000 -0.99268 -0.12080
vn 0.00000 -0.99268 -0.12080
vn 0.00000 -0.99268 -0.12080
vn 0.00000 -0.99268 -0.12080
vn -0.13080 -0.99141 0.00000
vn -0.13080 -0.99141 0.00000
vn -0.13080 -0.99141 0.00000
vn -0.13080 -0.99141 0.00000
vn 0.00000 -0.99416 0.10790
vn 0.00000 -0.99416 0.10790
vn 0.00000 -0.99416 0.10790
vn 0.00000 -0.99416 0.10790
vn 0.19781 -0.98024 0.00000
vn 0.19781 -0.98024 0.00000
vn 0.19781 -0.98024 0.00000
vn 0.19781 -0.98024 0.00000
vn 1.00000 0.00000 0.00000
vn 1.00000 0.00000 0.00000
vn 1.00000 0.00000 0.00000
vn 1.00000 0.00000 0.00000
vn 0.00000 1.00000 0.00000
vn 0.00000 1.00000 0.00000
vn 0.00000 1.00000 0.00000
vn 0.00000 1.00000 0.00000
vn 0.00000 1.00000 0.00000
vn 0.00000 1.00000 0.00000
vn 0.00000 1.00000 0.00000
vn 0.00000 1.00000 0.00000
vn 0.00000 0.00000 -1.00000
vn 0.00000 0.00000 -1.00000
vn 0.00000 0.00000 -1.00000
vn 0.00000 0.00000 -1.00000
vn -1.00000 0.00000 0.00000
vn -1.00000 0.00000 0.00000
vn -1.00000 0.00000 0.00000
vn -1.00000 0.00000 0.00000
vn 0.00000 0.00000 1.00000
vn 0.00000 0.00000 1.00000
vn 0.00000 0.00000 1.00000
vn 0.00000 0.00000 1.00000
vn 0.00000 -0.98644 0.16411
vn 0.00000 -0.98644 0.16411
vn 0.00000 -0.98644 0.16411
vn 0.00000 -0.98644 0.16411
vn 0.17760 -0.98410 0.00000
vn 0.17760 -0.98410 0.00000
vn 0.17760 -0.98410 0.00000
vn 0.17760 -0.98410 0.00000
vn 0.00000 -0.98917 -0.14680
vn 0.00000 -0.98917 -0.14680
vn 0.00000 -0.98917 -0.14680
vn 0.00000 -0.98917 -0.14680
vn -0.26599 -0.96397 0.00000
vn -0.26599 -0.96397 0.00000
vn -0.26599 -0.96397 0.00000
vn -0.26599 -0.96397 0.00000
vn -1.00000 0.00000 0.00000
vn -1.00000 -0.00050 0.00020
vn -1.00000 -0.00120 0.00050
vn -1.00000 0.00000 0.00000
vn -1.00000 -0.00270 0.00120
vn -1.00000 -0.00140 0.00240
vn -1.00000 0.00000 0.00160
vn -0.99998 0.00000 0.00630
vn -1.00000 0.00140 0.00240
vn -1.00000 0.00050 0.00020
vn -1.00000 0.00270 0.00120
vn -1.00000 0.00120 0.00050
vn -1.00000 0.00000 0.00000
vn -1.00000 0.00000 0.00000
vn 0.00000 0.00000 -1.00000
vn 0.00000 0.00000 -1.00000
vn 0.00000 0.00000 -1.00000
vn 0.00000 0.00000 -1.00000
vn 1.00000 0.00000 0.00000
vn 1.00000 0.00000 0.00000
vn 1.00000 0.00000 0.00000
vn 1.00000 0.00000 0.00000
vn 0.00000 0.00000 1.00000
vn 0.00000 0.00000 1.00000
vn 0.00000 0.00000 1.00000
vn 0.00000 0.00000 1.00000
vn 0.00000 0.00000 1.00000
vn 0.00000 0.00000 1.00000
vn -0.00020 -0.00150 1.00000
vn 0.00000 -0.00020 1.00000
vn -0.00050 -0.00320 0.99999
vn -0.00180 -0.00180 1.00000
vn -0.00150 0.00000 1.00000
vn -0.00630 0.00000 0.99998
vn -0.00180 0.00180 1.00000
vn 0.00000 0.00020 1.00000
vn -0.00050 0.00320 0.99999
vn -0.00020 0.00150 1.00000
vn 0.00000 0.00000 1.00000
vn 0.00000 0.00000 1.00000
vn 1.00000 0.00000 0.00000
vn 1.00000 0.00000 0.00000
vn 1.00000 0.00000 0.00000
vn 1.00000 0.00000 0.00000
vn 0.00000 0.00000 -1.00000
vn 0.00000 0.00000 -1.00000
vn 0.00000 0.00000 -1.00000
vn 0.00000 0.00000 -1.00000
vn 0.00000 0.00000 -1.00000
vn 0.00000 0.00000 -1.00000
vn 0.00000 0.00000 -1.00000
vn 0.00000 0.00000 -1.00000
vn 0.00000 0.00000 -1.00000
vn 0.00000 0.00000 -1.00000
vn 0.00000 0.00000 -1.00000
vn 0.00000 0.00000 -1.00000
vn 0.00000 0.00000 -1.00000
vn 0.00000 0.00000 -1.00000
vn 0.00000 0.00000 -1.00000
vn 0.00000 0.00000 -1.00000
vn 0.00000 0.00000 -1.00000
vn 0.00000 0.00000 -1.00000
vn -1.00000 0.00000 0.00000
vn -1.00000 0.00000 0.00000
vn -1.00000 0.00000 0.00000
vn -1.00000 0.00000 0.00000
vn 0.00000 -1.00000 0.00000
vn 0.00000 -1.00000 0.00000
vn 0.00000 -1.00000 0.00000
vn 0.00000 -1.00000 0.00000
vn -1.00000 0.00000 0.00000
vn -1.00000 0.00000 0.00000
vn -1.00000 0.00000 0.00000
vn -1.00000 0.00000 0.00000
vn 1.00000 0.00000 0.00000
vn 1.00000 0.00000 0.00000
vn 1.00000 0.00000 0.00000
vn 1.00000 0.00000 0.00000
vn -0.01950 0.99981 0.00000
vn -0.01950 0.99981 0.00000
vn -0.01950 0.99981 0.00000
vn -0.01950 0.99981 0.00000
vn 0.34399 0.93897 0.00000
vn 0.34399 0.93897 0.00000
vn 0.34399 0.93897 0.00000
vn 0.34399 0.93897 0.00000
vn 0.22820 0.97361 0.00000
vn 0.22820 0.97361 0.00000
vn 0.22820 0.97361 0.00000
vn 0.22820 0.97361 0.00000
vn 0.10060 0.99493 0.00000
vn 0.10060 0.99493 0.00000
vn 0.10060 0.99493 0.00000
vn 0.10060 0.99493 0.00000
vn 0.00000 1.00000 0.00000
vn 0.00000 1.00000 0.00000
vn 0.00000 1.00000 0.00000
vn 0.00000 1.00000 0.00000
vn -0.12019 0.99275 0.00000
vn -0.12019 0.99275 0.00000
vn -0.12019 0.99275 0.00000
vn -0.12019 0.99275 0.00000
vn -0.23009 0.97317 0.00000
vn -0.23009 0.97317 0.00000
vn -0.23009 0.97317 0.00000
vn -0.23009 0.97317 0.00000
vn -0.31410 0.94939 0.00000
vn -0.31410 0.94939 0.00000
vn -0.31410 0.94939 0.00000
vn -0.31410 0.94939 0.00000
vn 0.00520 0.99999 0.00000
vn 0.00520 0.99999 0.00000
vn 0.00520 0.99999 0.00000
vn 0.00520 0.99999 0.00000
vn 0.00000 -1.00000 0.00000
vn 0.00000 -1.00000 0.00000
vn 0.00000 -1.00000 0.00000
vn 0.00000 -1.00000 0.00000
vn -1.00000 0.00000 0.00000
vn -1.00000 0.00000 0.00000
vn -1.00000 0.00000 0.00000
vn -1.00000 0.00000 0.00000
vn 1.00000 0.00000 0.00000
vn 1.00000 0.00000 0.00000
vn 1.00000 0.00000 0.00000
vn 1.00000 0.00000 0.00000
vn -0.01950 0.99981 0.00000
vn -0.01950 0.99981 0.00000
vn -0.01950 0.99981 0.00000
vn -0.01950 0.99981 0.00000
vn 0.34399 0.93897 0.00000
vn 0.34399 0.93897 0.00000
vn 0.34399 0.93897 0.00000
vn 0.34399 0.93897 0.00000
vn 0.22820 0.97361 0.00000
vn 0.22820 0.97361 0.00000
vn 0.22820 0.97361 0.00000
vn 0.22820 0.97361 0.00000
vn 0.10060 0.99493 0.00000
vn 0.10060 0.99493 0.00000
vn 0.10060 0.99493 0.00000
vn 0.10060 0.99493 0.00000
vn 0.00000 1.00000 0.00000
vn 0.00000 1.00000 0.00000
vn 0.00000 1.00000 0.00000
vn 0.00000 1.00000 0.00000
vn -0.12019 0.99275 0.00000
vn -0.12019 0.99275 0.00000
vn -0.12019 0.99275 0.00000
vn -0.12019 0.99275 0.00000
vn -0.23009 0.97317 0.00000
vn -0.23009 0.97317 0.00000
vn -0.23009 0.97317 0.00000
vn -0.23009 0.97317 0.00000
vn -0.31410 0.94939 0.00000
vn -0.31410 0.94939 0.00000
vn -0.31410 0.94939 0.00000
vn -0.31410 0.94939 0.00000
vn 0.00520 0.99999 0.00000
vn 0.00520 0.99999 0.00000
vn 0.00520 0.99999 0.00000
vn 0.00520 0.99999 0.00000
vn 1.00000 0.00000 -0.00020
vn 1.00000 0.00000 -0.00020
vn 1.00000 0.00000 -0.00020
vn 1.00000 0.00000 -0.00020
vn -1.00000 0.00000 0.00000
vn -1.00000 0.00000 0.00000
vn -1.00000 0.00000 0.00000
vn -1.00000 0.00000 0.00000
vn 0.00000 0.00000 -1.00000
vn 0.00000 0.00000 -1.00000
vn 0.00000 0.00000 -1.00000
vn 0.00000 0.00000 -1.00000
vn 0.40509 0.81958 -0.40519
vn 0.40509 0.81958 -0.40519
vn 0.40529 0.81958 0.40499
vn 0.40518 0.81955 0.40518
vn -0.70310 0.71110 0.00000
vn -0.70310 0.71110 0.00000
vn -0.40518 0.81955 -0.40518
vn -0.40518 0.81955 -0.40518
vn -0.40518 0.81955 -0.40518
vn -0.40518 0.81955 -0.40518
vn 0.40509 0.81958 -0.40519
vn 0.40509 0.81958 -0.40519
vn -1.00000 0.00000 0.00010
vn -1.00000 0.00000 0.00010
vn -1.00000 0.00000 0.00010
vn -1.00000 0.00000 0.00010
vn -1.00000 0.00000 0.00010
vn -1.00000 0.00000 0.00010
vn 1.00000 0.00000 0.00000
vn 1.00000 0.00000 0.00000
vn 1.00000 0.00000 0.00000
vn 1.00000 0.00000 0.00000
vn 1.00000 0.00000 0.00000
vn 1.00000 0.00000 0.00000
vn 0.00000 0.00000 -1.00000
vn 0.00000 0.00000 -1.00000
vn 0.00000 0.00000 -1.00000
vn 0.00000 0.00000 -1.00000
vn 0.00000 0.00000 -1.00000
vn 0.00000 0.00000 -1.00000
vn 0.00000 0.00000 1.00000
vn 0.00000 0.00000 1.00000
vn 0.00000 0.00000 1.00000
vn 0.00000 0.00000 1.00000
vn 0.00000 0.00000 1.00000
vn 0.00000 0.00000 1.00000
vn 0.00000 -1.00000 0.00000
vn 0.00000 -1.00000 0.00000
vn 0.00000 -1.00000 0.00000
vn 0.00000 -1.00000 0.00000
vn 0.00000 -1.00000 0.00000
vn 0.00000 -1.00000 0.00000
vn 0.00000 -1.00000 0.00000
vn 0.00000 -1.00000 0.00000
vn 0.00000 -1.00000 0.00000
vn 0.00000 -1.00000 0.00000
vn 0.00000 -1.00000 0.00000
vn 0.00000 -1.00000 0.00000
vn 0.00000 0.00000 1.00000
vn 0.00000 0.00000 1.00000
vn 0.00000 0.00000 1.00000
vn 0.00000 0.00000 1.00000
vn 0.40529 0.81958 0.40499
vn -0.40509 0.81958 0.40519
vn -0.40519 0.81958 0.40509
vn 0.40518 0.81955 0.40518
vn 0.00000 -1.00000 0.00000
vn 0.00000 -1.00000 0.00000
vn 0.00000 -1.00000 0.00000
vn 0.00000 -1.00000 0.00000
vn -1.00000 0.00000 0.00000
vn -1.00000 0.00000 0.00000
vn -1.00000 0.00000 0.00000
vn -1.00000 0.00000 0.00000
vn -0.70310 0.71110 0.00000
vn -0.40519 0.81958 0.40509
vn -0.40509 0.81958 0.40519
vn -0.70310 0.71110 0.00000
vn 0.00000 -1.00000 0.00000
vn 0.00000 -1.00000 0.00000
vn 0.00000 -1.00000 0.00000
vn 0.00000 -1.00000 0.00000
vn 1.00000 0.00000 0.00000
vn 1.00000 0.00000 0.00000
vn 1.00000 0.00000 0.00000
vn 1.00000 0.00000 0.00000
vn 1.00000 0.00000 0.00000
vn 1.00000 0.00000 0.00000
vn 1.00000 0.00000 0.00000
vn 1.00000 0.00000 0.00000
vn 1.00000 0.00000 0.00000
vn 1.00000 0.00000 0.00000
vn 1.00000 0.00000 0.00000
vn 1.00000 0.00000 0.00000
vn -1.00000 0.00000 0.00000
vn -1.00000 0.00000 0.00000
vn -1.00000 0.00000 0.00000
vn -1.00000 0.00000 0.00000
vn -0.00030 0.00000 1.00000
vn -0.00030 0.00000 1.00000
vn -0.00030 0.00000 1.00000
vn -0.00030 0.00000 1.00000
vn 0.00000 0.00000 -1.00000
vn 0.00000 0.00000 -1.00000
vn 0.00000 0.00000 -1.00000
vn 0.00000 0.00000 -1.00000
vn 0.40518 0.81955 -0.40518
vn 0.40518 0.81955 -0.40518
vn 0.40509 0.81958 0.40519
vn 0.40509 0.81958 0.40519
vn -0.40519 0.81958 0.40509
vn -0.40519 0.81958 0.40509
vn -0.40518 0.81955 -0.40518
vn -0.40518 0.81955 -0.40518
vn -0.00020 0.71110 0.70310
vn -0.00020 0.71110 0.70310
vn -0.40519 0.81958 0.40509
vn -0.40519 0.81958 0.40509
vn -0.40518 0.81955 -0.40518
vn -0.40518 0.81955 -0.40518
vn 0.40518 0.81955 -0.40518
vn 0.40518 0.81955 -0.40518
vn -1.00000 0.00000 0.00000
vn -1.00000 0.00000 0.00000
vn -1.00000 0.00000 0.00000
vn -1.00000 0.00000 0.00000
vn -1.00000 0.00000 0.00000
vn -1.00000 0.00000 0.00000
vn 1.00000 0.00000 0.00000
vn 1.00000 0.00000 0.00000
vn 1.00000 0.00000 0.00000
vn 1.00000 0.00000 0.00000
vn 1.00000 0.00000 0.00000
vn 1.00000 0.00000 0.00000
vn 0.00030 0.00000 -1.00000
vn 0.00030 0.00000 -1.00000
vn 0.00030 0.00000 -1.00000
vn 0.00030 0.00000 -1.00000
vn 0.00030 0.00000 -1.00000
vn 0.00030 0.00000 -1.00000
vn 0.00000 0.00000 1.00000
vn 0.00000 0.00000 1.00000
vn 0.00000 0.00000 1.00000
vn 0.00000 0.00000 1.00000
vn 0.00000 0.00000 1.00000
vn 0.00000 0.00000 1.00000
vn 0.00000 -1.00000 0.00000
vn 0.00000 -1.00000 0.00000
vn 0.00000 -1.00000 0.00000
vn 0.00000 -1.00000 0.00000
vn 0.00000 -1.00000 0.00000
vn 0.00000 -1.00000 0.00000
vn 0.00000 -1.00000 0.00000
vn 0.00000 -1.00000 0.00000
vn 0.00000 -1.00000 0.00000
vn 0.00000 -1.00000 0.00000
vn 0.00000 -1.00000 0.00000
vn 0.00000 -1.00000 0.00000
vn 0.00000 -1.00000 0.00000
vn 0.00000 -1.00000 0.00000
vn 0.00000 -1.00000 0.00000
vn 0.00000 -1.00000 0.00000
vn -0.00030 0.00000 1.00000
vn -0.00030 0.00000 1.00000
vn -0.00030 0.00000 1.00000
vn -0.00030 0.00000 1.00000
vn 0.40509 0.81958 0.40519
vn 0.40509 0.81958 0.40519
vn -0.00020 0.71110 0.70310
vn -0.00020 0.71110 0.70310
vn 0.00000 -1.00000 0.00000
vn 0.00000 -1.00000 0.00000
vn 0.00000 -1.00000 0.00000
vn 0.00000 -1.00000 0.00000
vn 0.00030 0.00000 -1.00000
vn 0.00030 0.00000 -1.00000
vn 0.00030 0.00000 -1.00000
vn 0.00030 0.00000 -1.00000
vn 0.00030 0.00000 -1.00000
vn 0.00030 0.00000 -1.00000
vn 0.00030 0.00000 -1.00000
vn 0.00030 0.00000 -1.00000
vn 0.00000 -0.99674 -0.08070
vn 0.00000 -0.99674 -0.08070
vn 0.00000 -0.99674 -0.08070
vn 0.00000 -0.99674 -0.08070
vn -0.08790 -0.99613 0.00000
vn -0.08790 -0.99613 0.00000
vn -0.08790 -0.99613 0.00000
vn -0.08790 -0.99613 0.00000
vn 0.00000 -0.99742 0.07180
vn 0.00000 -0.99742 0.07180
vn 0.00000 -0.99742 0.07180
vn 0.00000 -0.99742 0.07180
vn 0.13690 -0.99059 0.00000
vn 0.13690 -0.99059 0.00000
vn 0.13690 -0.99059 0.00000
vn 0.13690 -0.99059 0.00000
vn 1.00000 -0.00020 0.00000
vn 1.00000 -0.00020 0.00000
vn 1.00000 -0.00020 0.00000
vn 1.00000 -0.00020 0.00000
vn 0.00000 0.99976 0.02210
vn 0.00000 0.99976 0.02210
vn 0.00000 0.99976 0.02210
vn 0.00000 0.99976 0.02210
vn 0.02410 0.99971 0.00000
vn 0.02410 0.99971 0.00000
vn 0.02410 0.99971 0.00000
vn 0.02410 0.99971 0.00000
vn 0.00000 0.99981 -0.01970
vn 0.00000 0.99981 -0.01970
vn 0.00000 0.99981 -0.01970
vn 0.00000 0.99981 -0.01970
vn -0.03740 0.99930 0.00000
vn -0.03740 0.99930 0.00000
vn -0.03740 0.99930 0.00000
vn -0.03740 0.99930 0.00000
vn 0.00000 -0.00020 -1.00000
vn 0.00000 -0.00030 -1.00000
vn 0.00000 -0.00030 -1.00000
vn 0.00000 -0.00020 -1.00000
vn -1.00000 -0.00020 0.00000
vn -1.00000 -0.00020 0.00000
vn -1.00000 -0.00020 0.00000
vn -1.00000 -0.00020 0.00000
vn 0.00000 -0.00030 1.00000
vn 0.00000 -0.00030 1.00000
vn 0.00000 -0.00020 1.00000
vn 0.00000 -0.00020 1.00000
vn -0.00350 0.99122 -0.13220
vn -0.00350 0.99122 -0.13220
vn -0.00350 0.99122 -0.13220
vn -0.00350 0.99122 -0.13220
vn -0.25170 0.96780 0.00000
vn -0.25170 0.96780 0.00000
vn -0.25170 0.96780 0.00000
vn -0.25170 0.96780 0.00000
vn -0.00350 0.99300 0.11810
vn -0.00350 0.99300 0.11810
vn -0.00350 0.99300 0.11810
vn -0.00350 0.99300 0.11810
vn 0.04630 0.99893 0.00000
vn 0.04630 0.99893 0.00000
vn 0.04630 0.99893 0.00000
vn 0.04630 0.99893 0.00000
vn -1.00000 0.00000 0.00000
vn -1.00000 0.00000 0.00000
vn -1.00000 0.00000 0.00000
vn -1.00000 0.00000 0.00000
vn 0.00000 -1.00000 0.00000
vn 0.00000 -1.00000 0.00000
vn 0.00000 -1.00000 0.00000
vn 0.00000 -1.00000 0.00000
vn 0.00000 -1.00000 0.00000
vn 0.00000 -1.00000 0.00000
vn 0.00000 -1.00000 0.00000
vn 0.00000 -1.00000 0.00000
vn 0.00000 0.00000 1.00000
vn 0.00000 0.00000 1.00000
vn 0.00000 0.00000 1.00000
vn 0.00000 0.00000 1.00000
vn 1.00000 0.00000 0.00000
vn 1.00000 0.00000 0.00000
vn 1.00000 0.00000 0.00000
vn 1.00000 0.00000 0.00000
vn 0.00000 0.00000 -1.00000
vn 0.00000 0.00000 -1.00000
vn 0.00000 0.00000 -1.00000
vn 0.00000 0.00000 -1.00000
vn 0.00000 0.05490 -0.99849
vn 0.00000 0.05490 -0.99849
vn 0.00000 0.05970 -0.99822
vn 0.00000 0.05970 -0.99822
vn -0.99776 0.06690 0.00000
vn -0.99776 0.06690 0.00000
vn -0.99766 0.06840 0.00000
vn -0.99766 0.06840 0.00000
vn 0.00000 0.05200 0.99865
vn 0.00000 0.05200 0.99865
vn 0.00000 0.04790 0.99885
vn 0.00000 0.04790 0.99885
vn 0.99373 0.11180 0.00000
vn 0.99372 0.11190 0.00000
vn 0.99394 0.10990 0.00000
vn 0.99394 0.10990 0.00000
vn 0.00000 0.00000 -1.00000
vn 0.00000 0.00000 -1.00000
vn 0.00000 0.00000 -1.00000
vn 0.00000 0.00000 -1.00000
vn -1.00000 0.00000 0.00000
vn -1.00000 0.00000 0.00000
vn -1.00000 0.00000 0.00000
vn -1.00000 0.00000 0.00000
vn 0.00000 0.00000 1.00000
vn 0.00000 0.00000 1.00000
vn 0.00000 0.00000 1.00000
vn 0.00000 0.00000 1.00000
vn 1.00000 0.00000 0.00000
vn 1.00000 0.00000 0.00000
vn 1.00000 0.00000 0.00000
vn 1.00000 0.00000 0.00000
vn 0.00000 -1.00000 0.00000
vn 0.00000 -1.00000 0.00000
vn 0.00000 -1.00000 0.00000
vn 0.00000 -1.00000 0.00000
vn 0.00000 -0.00180 1.00000
vn 0.00000 -0.00180 1.00000
vn 0.00000 -0.00180 1.00000
vn 0.00000 -0.00180 1.00000
vn 1.00000 -0.00180 0.00000
vn 1.00000 -0.00180 0.00000
vn 1.00000 -0.00180 0.00000
vn 1.00000 -0.00180 0.00000
vn 0.00000 -0.00180 -1.00000
vn 0.00000 -0.00180 -1.00000
vn 0.00000 -0.00180 -1.00000
vn 0.00000 -0.00180 -1.00000
vn -1.00000 -0.00180 0.00000
vn -1.00000 -0.00180 0.00000
vn -1.00000 -0.00180 0.00000
vn -1.00000 -0.00180 0.00000
vn 0.00000 1.00000 0.00000
vn 0.00000 1.00000 0.00000
vn 0.00000 1.00000 0.00000
vn 0.00000 1.00000 0.00000
vn 0.00000 0.00000 -1.00000
vn 0.00000 0.00000 -1.00000
vn 0.00000 0.00000 -1.00000
vn 0.00000 0.00000 -1.00000
vn -1.00000 0.00000 0.00000
vn -1.00000 0.00000 0.00000
vn -1.00000 0.00000 0.00000
vn -1.00000 0.00000 0.00000
vn 0.00000 0.00000 1.00000
vn 0.00000 0.00000 1.00000
vn 0.00000 0.00000 1.00000
vn 0.00000 0.00000 1.00000
vn 1.00000 0.00000 0.00000
vn 1.00000 0.00000 0.00000
vn 1.00000 0.00000 0.00000
vn 1.00000 0.00000 0.00000
vn 0.36852 0.85345 0.36852
vn 0.36852 0.85345 0.36852
vn -0.36852 0.85345 0.36852
vn 0.36852 0.85345 -0.36852
vn -0.36852 0.85345 0.36852
vn 0.36852 0.85345 -0.36852
vn -0.36852 0.85345 -0.36852
vn -0.36852 0.85345 -0.36852
vn -0.36852 0.85345 -0.36852
vn -0.36852 0.85345 -0.36852
vn 0.00000 -1.00000 0.00000
vn 0.00000 -1.00000 0.00000
vn 0.00000 -1.00000 0.00000
vn 0.00000 -1.00000 0.00000
vn 0.00000 0.00000 1.00000
vn 0.00000 0.00000 1.00000
vn 0.00000 0.00000 1.00000
vn 0.00000 0.00000 1.00000
vn 1.00000 0.00000 0.00000
vn 1.00000 0.00000 0.00000
vn 1.00000 0.00000 0.00000
vn 1.00000 0.00000 0.00000
vn 0.00000 0.00000 -1.00000
vn 0.00000 0.00000 -1.00000
vn 0.00000 0.00000 -1.00000
vn 0.00000 0.00000 -1.00000
vn -1.00000 0.00000 0.00000
vn -1.00000 0.00000 0.00000
vn -1.00000 0.00000 0.00000
vn -1.00000 0.00000 0.00000
f 1/1/1 2/2/2 3/3/3
f 1/1/1 3/3/3 4/4/4
f 5/5/5 6/6/6 7/7/7
f 5/5/5 7/7/7 8/8/8
f 9/9/9 10/10/10 11/11/11
f 9/9/9 11/11/11 12/12/12
f 13/13/13 14/14/14 15/15/15
f 13/13/13 15/15/15 16/16/16
f 17/17/17 18/18/18 19/19/19
f 17/17/17 19/19/19 20/20/20
f 18/18/18 21/21/21 19/19/19
f 20/20/20 19/19/19 22/22/22
f 21/21/21 23/23/23 19/19/19
f 21/21/21 24/24/24 23/23/23
f 22/22/22 19/19/19 25/25/25
f 26/26/26 23/23/23 24/24/24
f 22/22/22 25/25/25 27/27/27
f 28/28/28 27/27/27 25/25/25
f 26/26/26 29/29/29 23/23/23
f 28/28/28 25/25/25 30/30/30
f 31/31/31 29/29/29 26/26/26
f 32/32/32 29/29/29 31/31/31
f 32/32/32 33/33/33 29/29/29
f 33/33/33 34/34/34 29/29/29
f 34/34/34 35/35/35 29/29/29
f 34/34/34 36/36/36 35/35/35
f 37/37/37 35/35/35 36/36/36
f 37/37/37 38/38/38 35/35/35
f 39/39/39 38/38/38 37/37/37
f 40/40/40 38/38/38 39/39/39
f 41/41/41 28/28/28 30/30/30
f 42/42/42 41/41/41 30/30/30
f 42/42/42 30/30/30 43/43/43
f 43/43/43 30/30/30 44/44/44
f 44/44/44 30/30/30 45/45/45
f 44/44/44 45/45/45 46/46/46
f 47/47/47 46/46/46 45/45/45
f 47/47/47 45/45/45 48/48/48
f 49/49/49 47/47/47 48/48/48
f 50/50/50 49/49/49 48/48/48
f 50/50/50 48/48/48 51/51/51
f 51/51/51 48/48/48 52/52/52
f 52/52/52 48/48/48 53/53/53
f 52/52/52 53/53/53 54/54/54
f 55/55/55 54/54/54 53/53/53
f 55/55/55 53/53/53 56/56/56
f 57/57/57 55/55/55 56/56/56
f 58/58/58 57/57/57 56/56/56
f 59/59/59 60/60/60 61/61/61
f 60/60/60 62/62/62 61/61/61
f 62/62/62 63/63/63 61/61/61
f 63/63/63 64/64/64 61/61/61
f 63/63/63 65/65/65 64/64/64
f 66/66/66 67/67/67 68/68/68
f 68/68/68 67/67/67 69/69/69
f 69/69/69 67/67/67 70/70/70
f 70/70/70 67/67/67 71/71/71
f 70/70/70 71/71/71 72/72/72
f 73/73/73 74/74/74 75/75/75
f 73/73/73 76/76/76 74/74/74
f 75/75/75 74/74/74 77/77/77
f 76/76/76 78/78/78 74/74/74
f 77/77/77 74/74/74 79/79/79
f 77/77/77 79/79/79 80/80/80
f 78/78/78 81/81/81 74/74/74
f 82/82/82 80/80/80 79/79/79
f 78/78/78 83/83/83 81/81/81
f 84/84/84 81/81/81 83/83/83
f 82/82/82 79/79/79 85/85/85
f 84/84/84 86/86/86 81/81/81
f 87/87/87 82/82/82 85/85/85
f 88/88/88 87/87/87 85/85/85
f 88/88/88 85/85/85 89/89/89
f 89/89/89 85/85/85 90/90/90
f 90/90/90 85/85/85 91/91/91
f 90/90/90 91/91/91 92/92/92
f 93/93/93 92/92/92 91/91/91
f 93/93/93 91/91/91 94/94/94
f 95/95/95 93/93/93 94/94/94
f 96/96/96 95/95/95 94/94/94
f 97/97/97 86/86/86 84/84/84
f 98/98/98 86/86/86 97/97/97
f 98/98/98 99/99/99 86/86/86
f 99/99/99 100/100/100 86/86/86
f 100/100/100 101/101/101 86/86/86
f 100/100/100 102/102/102 101/101/101
f 103/103/103 101/101/101 102/102/102
f 103/103/103 104/104/104 101/101/101
f 105/105/105 104/104/104 103/103/103
f 106/106/106 104/104/104 105/105/105
f 106/106/106 107/107/107 104/104/104
f 107/107/107 108/108/108 104/104/104
f 108/108/108 109/109/109 104/104/104
f 108/108/108 110/110/110 109/109/109
f 111/111/111 109/109/109 110/110/110
f 111/111/111 112/112/112 109/109/109
f 113/113/113 112/112/112 111/111/111
f 114/114/114 112/112/112 113/113/113
f 115/115/115 116/116/116 117/117/117
f 117/117/117 116/116/116 118/118/118
f 118/118/118 116/116/116 119/119/119
f 119/119/119 116/116/116 120/120/120
f 119/119/119 120/120/120 121/121/121
f 122/122/122 123/123/123 124/124/124
f 123/123/123 125/125/125 124/124/124
f 125/125/125 126/126/126 124/124/124
f 126/126/126 127/127/127 124/124/124
f 126/126/126 128/128/128 127/127/127
f 129/129/129 130/130/130 131/131/131
f 130/130/130 132/132/132 131/131/131
f 132/132/132 133/133/133 131/131/131
f 133/133/133 134/134/134 131/131/131
f 133/133/133 135/135/135 134/134/134
f 134/134/134 135/135/135 136/136/136
f 134/134/134 136/136/136 137/137/137
f 138/138/138 137/137/137 136/136/136
f 137/137/137 138/138/138 139/139/139
f 139/139/139 140/140/140 137/137/137
f 140/140/140 141/141/141 137/137/137
f 141/141/141 142/142/142 137/137/137
f 141/141/141 143/143/143 142/142/142
f 142/142/142 143/143/143 144/144/144
f 142/142/142 144/144/144 145/145/145
f 146/146/146 145/145/145 144/144/144
f 147/147/147 145/145/145 146/146/146
f 147/147/147 148/148/148 145/145/145
f 148/148/148 149/149/149 145/145/145
f 149/149/149 150/150/150 145/145/145
f 150/150/150 151/151/151 145/145/145
f 150/150/150 152/152/152 151/151/151
f 151/151/151 152/152/152 153/153/153
f 151/151/151 153/153/153 154/154/154
f 153/153/153 155/155/155 154/154/154
f 155/155/155 156/156/156 154/154/154
f 156/156/156 157/157/157 154/154/154
f 157/157/157 158/158/158 154/154/154
f 158/158/158 159/159/159 154/154/154
f 158/158/158 160/160/160 159/159/159
f 159/159/159 160/160/160 161/161/161
f 159/159/159 161/161/161 162/162/162
f 161/161/161 163/163/163 162/162/162
f 163/163/163 164/164/164 162/162/162
f 164/164/164 165/165/165 162/162/162
f 165/165/165 166/166/166 162/162/162
f 166/166/166 167/167/167 162/162/162
f 166/166/166 168/168/168 167/167/167
f 167/167/167 168/168/168 169/169/169
f 167/167/167 169/169/169 170/170/170
f 169/169/169 171/171/171 170/170/170
f 171/171/171 172/172/172 170/170/170
f 173/173/173 174/174/174 175/175/175
f 174/174/174 176/176/176 175/175/175
f 174/174/174 177/177/177 176/176/176
f 178/178/178 177/177/177 174/174/174
f 178/178/178 179/179/179 177/177/177
f 180/180/180 179/179/179 178/178/178
f 180/180/180 181/181/181 179/179/179
f 180/180/180 182/182/182 181/181/181
f 180/180/180 183/183/183 182/182/182
f 184/184/184 183/183/183 180/180/180
f 185/185/185 184/184/184 180/180/180
f 186/186/186 185/185/185 180/180/180
f 186/186/186 180/180/180 187/187/187
f 188/188/188 186/186/186 187/187/187
f 188/188/188 187/187/187 189/189/189
f 189/189/189 190/190/190 188/188/188
f 189/189/189 191/191/191 190/190/190
f 192/192/192 191/191/191 189/189/189
f 193/193/193 194/194/194 195/195/195
f 195/195/195 194/194/194 196/196/196
f 196/196/196 194/194/194 197/197/197
f 198/198/198 197/197/197 194/194/194
f 198/198/198 199/199/199 197/197/197
f 200/200/200 199/199/199 198/198/198
f 200/200/200 198/198/198 201/201/201
f 202/202/202 200/200/200 201/201/201
f 201/201/201 203/203/203 202/202/202
f 203/203/203 201/201/201 204/204/204
f 204/204/204 201/201/201 205/205/205
f 206/206/206 205/205/205 201/201/201
f 206/206/206 207/207/207 205/205/205
f 208/208/208 207/207/207 206/206/206
f 208/208/208 206/206/206 209/209/209
f 210/210/210 208/208/208 209/209/209
f 211/211/211 210/210/210 209/209/209
f 211/211/211 209/209/209 212/212/212
f 212/212/212 209/209/209 213/213/213
f 213/213/213 209/209/209 214/214/214
f 214/214/214 209/209/209 215/215/215
f 214/214/214 215/215/215 216/216/216
f 215/215/215 217/217/217 216/216/216
f 215/215/215 218/218/218 217/217/217
f 217/217/217 218/218/218 219/219/219
f 219/219/219 218/218/218 220/220/220
f 220/220/220 218/218/218 221/221/221
f 221/221/221 218/218/218 222/222/222
f 222/222/222 218/218/218 223/223/223
f 222/222/222 223/223/223 224/224/224
f 223/223/223 225/225/225 224/224/224
f 223/223/223 226/226/226 225/225/225
f 225/225/225 226/226/226 227/227/227
f 227/227/227 226/226/226 228/228/228
f 228/228/228 226/226/226 229/229/229
f 229/229/229 226/226/226 230/230/230
f 230/230/230 226/226/226 231/231/231
f 230/230/230 231/231/231 232/232/232
f 231/231/231 233/233/233 232/232/232
f 231/231/231 234/234/234 233/233/233
f 233/233/233 234/234/234 235/235/235
f 235/235/235 234/234/234 236/236/236
f 237/237/237 238/238/238 239/239/239
f 239/239/239 238/238/238 240/240/240
f 240/240/240 238/238/238 241/241/241
f 242/242/242 241/241/241 238/238/238
f 242/242/242 243/243/243 241/241/241
f 244/244/244 243/243/243 242/242/242
f 244/244/244 242/242/242 245/245/245
f 246/246/246 244/244/244 245/245/245
f 245/245/245 247/247/247 246/246/246
f 247/247/247 245/245/245 248/248/248
f 248/248/248 245/245/245 249/249/249
f 250/250/250 249/249/249 245/245/245
f 250/250/250 251/251/251 249/249/249
f 252/252/252 251/251/251 250/250/250
f 252/252/252 250/250/250 253/253/253
f 254/254/254 252/252/252 253/253/253
f 255/255/255 254/254/254 253/253/253
f 255/255/255 253/253/253 256/256/256
f 256/256/256 253/253/253 257/257/257
f 257/257/257 253/253/253 258/258/258
f 258/258/258 253/253/253 259/259/259
f 258/258/258 259/259/259 260/260/260
f 259/259/259 261/261/261 260/260/260
f 259/259/259 262/262/262 261/261/261
f 261/261/261 262/262/262 263/263/263
f 263/263/263 262/262/262 264/264/264
f 264/264/264 262/262/262 265/265/265
f 265/265/265 262/262/262 266/266/266
f 266/266/266 262/262/262 267/267/267
f 266/266/266 267/267/267 268/268/268
f 267/267/267 269/269/269 268/268/268
f 267/267/267 270/270/270 269/269/269
f 269/269/269 270/270/270 271/271/271
f 271/271/271 270/270/270 272/272/272
f 272/272/272 270/270/270 273/273/273
f 273/273/273 270/270/270 274/274/274
f 274/274/274 270/270/270 275/275/275
f 274/274/274 275/275/275 276/276/276
f 275/275/275 277/277/277 276/276/276
f 275/275/275 278/278/278 277/277/277
f 277/277/277 278/278/278 279/279/279
f 279/279/279 278/278/278 280/280/280
f 281/281/281 282/282/282 283/283/283
f 283/283/283 282/282/282 284/284/284
f 283/283/283 284/284/284 285/285/285
f 285/285/285 286/286/286 283/283/283
f 285/285/285 287/287/287 286/286/286
f 287/287/287 288/288/288 286/286/286
f 287/287/287 289/289/289 288/288/288
f 288/288/288 289/289/289 290/290/290
f 288/288/288 290/290/290 291/291/291
f 292/292/292 288/288/288 291/291/291
f 293/293/293 288/288/288 292/292/292
f 288/288/288 293/293/293 294/294/294
f 288/288/288 294/294/294 295/295/295
f 295/295/295 294/294/294 296/296/296
f 295/295/295 296/296/296 297/297/297
f 297/297/297 296/296/296 298/298/298
f 297/297/297 298/298/298 299/299/299
f 300/300/300 297/297/297 299/299/299
f 301/301/301 302/302/302 303/303/303
f 302/302/302 304/304/304 303/303/303
f 304/304/304 305/305/305 303/303/303
f 305/305/305 306/306/306 303/303/303
f 305/305/305 307/307/307 306/306/306
f 306/306/306 307/307/307 308/308/308
f 306/306/306 308/308/308 309/309/309
f 310/310/310 309/309/309 308/308/308
f 309/309/309 310/310/310 311/311/311
f 311/311/311 312/312/312 309/309/309
f 312/312/312 313/313/313 309/309/309
f 313/313/313 314/314/314 309/309/309
f 313/313/313 315/315/315 314/314/314
f 314/314/314 315/315/315 316/316/316
f 314/314/314 316/316/316 317/317/317
f 318/318/318 317/317/317 316/316/316
f 319/319/319 317/317/317 318/318/318
f 319/319/319 320/320/320 317/317/317
f 320/320/320 321/321/321 317/317/317
f 321/321/321 322/322/322 317/317/317
f 322/322/322 323/323/323 317/317/317
f 322/322/322 324/324/324 323/323/323
f 323/323/323 324/324/324 325/325/325
f 323/323/323 325/325/325 326/326/326
f 325/325/325 327/327/327 326/326/326
f 327/327/327 328/328/328 326/326/326
f 328/328/328 329/329/329 326/326/326
f 329/329/329 330/330/330 326/326/326
f 330/330/330 331/331/331 326/326/326
f 330/330/330 332/332/332 331/331/331
f 331/331/331 332/332/332 333/333/333
f 331/331/331 333/333/333 334/334/334
f 333/333/333 335/335/335 334/334/334
f 335/335/335 336/336/336 334/334/334
f 336/336/336 337/337/337 334/334/334
f 337/337/337 338/338/338 334/334/334
f 338/338/338 339/339/339 334/334/334
f 338/338/338 340/340/340 339/339/339
f 339/339/339 340/340/340 341/341/341
f 339/339/339 341/341/341 342/342/342
f 341/341/341 343/343/343 342/342/342
f 343/343/343 344/344/344 342/342/342
f 345/345/345 346/346/346 347/347/347
f 345/345/345 347/347/347 348/348/348
f 349/349/349 348/348/348 347/347/347
f 345/345/345 348/348/348 350/350/350
f 349/349/349 351/351/351 348/348/348
f 345/345/345 350/350/350 352/352/352
f 353/353/353 351/351/351 349/349/349
f 353/353/353 354/354/354 351/351/351
f 353/353/353 355/355/355 354/354/354
f 356/356/356 352/352/352 350/350/350
f 353/353/353 357/357/357 355/355/355
f 358/358/358 355/355/355 357/357/357
f 356/356/356 350/350/350 358/358/358
f 358/358/358 357/357/357 359/359/359
f 359/359/359 356/356/356 358/358/358
f 359/359/359 360/360/360 356/356/356
f 361/361/361 362/362/362 363/363/363
f 361/361/361 363/363/363 364/364/364
f 365/365/365 366/366/366 367/367/367
f 368/368/368 369/369/369 366/366/366
f 370/370/370 366/366/366 369/369/369
f 370/370/370 367/367/367 366/366/366
f 369/369/369 371/371/371 370/370/370
f 372/372/372 370/370/370 371/371/371
f 372/372/372 373/373/373 370/370/370
f 374/374/374 373/373/373 372/372/372
f 374/374/374 372/372/372 375/375/375
f 376/376/376 374/374/374 375/375/375
f 377/377/377 376/376/376 375/375/375
f 377/377/377 375/375/375 378/378/378
f 374/374/374 376/376/376 379/379/379
f 374/374/374 379/379/379 380/380/380
f 380/380/380 379/379/379 381/381/381
f 380/380/380 381/381/381 382/382/382
f 367/367/367 382/382/382 381/381/381
f 365/365/365 367/367/367 381/381/381
f 365/365/365 381/381/381 383/383/383
f 383/383/383 381/381/381 384/384/384
f 365/365/365 383/383/383 385/385/385
f 383/383/383 384/384/384 386/386/386
f 387/387/387 386/386/386 384/384/384
f 365/365/365 385/385/385 388/388/388
f 365/365/365 388/388/388 389/389/389
f 387/387/387 384/384/384 390/390/390
f 391/391/391 389/389/389 388/388/388
f 392/392/392 387/387/387 390/390/390
f 388/388/388 393/393/393 391/391/391
f 388/388/388 392/392/392 393/393/393
f 394/394/394 391/391/391 393/393/393
f 395/395/395 393/393/393 392/392/392
f 395/395/395 392/392/392 390/390/390
f 395/395/395 390/390/390 396/396/396
f 396/396/396 390/390/390 397/397/397
f 395/395/395 396/396/396 398/398/398
f 396/396/396 397/397/397 399/399/399
f 400/400/400 399/399/399 397/397/397
f 395/395/395 398/398/398 401/401/401
f 395/395/395 401/401/401 402/402/402
f 400/400/400 397/397/397 403/403/403
f 404/404/404 402/402/402 401/401/401
f 401/401/401 405/405/405 404/404/404
f 406/406/406 404/404/404 405/405/405
f 401/401/401 407/407/407 405/405/405
f 407/407/407 400/400/400 403/403/403
f 405/405/405 407/407/407 408/408/408
f 407/407/407 403/403/403 408/408/408
f 403/403/403 409/409/409 408/408/408
f 403/403/403 410/410/410 409/409/409
f 403/403/403 411/411/411 410/410/410
f 408/408/408 409/409/409 412/412/412
f 403/403/403 413/413/413 411/411/411
f 408/408/408 412/412/412 414/414/414
f 415/415/415 411/411/411 413/413/413
f 416/416/416 414/414/414 412/412/412
f 415/415/415 413/413/413 417/417/417
f 412/412/412 418/418/418 416/416/416
f 418/418/418 415/415/415 417/417/417
f 419/419/419 416/416/416 418/418/418
f 418/418/418 420/420/420 415/415/415
f 412/412/412 420/420/420 418/418/418
f 421/421/421 418/418/418 417/417/417
f 422/422/422 421/421/421 417/417/417
f 422/422/422 423/423/423 421/421/421
f 424/424/424 425/425/425 426/426/426
f 427/427/427 426/426/426 425/425/425
f 427/427/427 425/425/425 428/428/428
f 428/428/428 429/429/429 427/427/427
f 428/428/428 430/430/430 429/429/429
f 431/431/431 425/425/425 424/424/424
f 430/430/430 432/432/432 429/429/429
f 432/432/432 430/430/430 433/433/433
f 432/432/432 433/433/433 434/434/434
f 435/435/435 429/429/429 432/432/432
f 435/435/435 436/436/436 429/429/429
f 437/437/437 436/436/436 435/435/435
f 437/437/437 435/435/435 438/438/438
f 439/439/439 437/437/437 438/438/438
f 440/440/440 437/437/437 439/439/439
f 441/441/441 440/440/440 439/439/439
f 440/440/440 442/442/442 437/437/437
f 426/426/426 442/442/442 440/440/440
f 424/424/424 426/426/426 440/440/440
f 424/424/424 440/440/440 443/443/443
f 424/424/424 443/443/443 444/444/444
f 445/445/445 444/444/444 443/443/443
f 445/445/445 443/443/443 446/446/446
f 447/447/447 445/445/445 446/446/446
f 448/448/448 445/445/445 447/447/447
f 449/449/449 448/448/448 447/447/447
f 448/448/448 450/450/450 445/445/445
f 451/451/451 450/450/450 448/448/448
f 431/431/431 424/424/424 452/452/452
f 431/431/431 452/452/452 451/451/451
f 431/431/431 451/451/451 453/453/453
f 451/451/451 448/448/448 454/454/454
f 455/455/455 453/453/453 451/451/451
f 455/455/455 451/451/451 454/454/454
f 456/456/456 453/453/453 455/455/455
f 457/457/457 455/455/455 454/454/454
f 456/456/456 455/455/455 458/458/458
f 459/459/459 457/457/457 454/454/454
f 459/459/459 454/454/454 460/460/460
f 456/456/456 458/458/458 461/461/461
f 462/462/462 459/459/459 460/460/460
f 456/456/456 461/461/461 463/463/463
f 464/464/464 459/459/459 462/462/462
f 465/465/465 464/464/464 462/462/462
f 464/464/464 466/466/466 459/459/459
f 467/467/467 466/466/466 464/464/464
f 467/467/467 461/461/461 466/466/466
f 468/468/468 463/463/463 461/461/461
f 467/467/467 468/468/468 461/461/461
f 463/463/463 468/468/468 469/469/469
f 467/467/467 470/470/470 468/468/468
f 463/463/463 469/469/469 471/471/471
f 472/472/472 470/470/470 467/467/467
f 473/473/473 471/471/471 469/469/469
f 472/472/472 467/467/467 474/474/474
f 473/473/473 475/475/475 471/471/471
f 476/476/476 472/472/472 474/474/474
f 477/477/477 472/472/472 476/476/476
f 473/473/473 477/477/477 475/475/475
f 478/478/478 477/477/477 476/476/476
f 477/477/477 479/479/479 472/472/472
f 473/473/473 479/479/479 477/477/477
f 480/480/480 475/475/475 477/477/477
f 480/480/480 481/481/481 475/475/475
f 480/480/480 482/482/482 481/481/481
f 483/483/483 484/484/484 485/485/485
f 483/483/483 485/485/485 486/486/486
f 487/487/487 488/488/488 489/489/489
f 487/487/487 489/489/489 490/490/490
f 491/491/491 492/492/492 493/493/493
f 491/491/491 493/493/493 494/494/494
f 495/495/495 496/496/496 497/497/497
f 495/495/495 497/497/497 498/498/498
f 499/499/499 500/500/500 501/501/501
f 499/499/499 501/501/501 502/502/502
f 503/503/503 504/504/504 505/505/505
f 503/503/503 505/505/505 506/506/506
f 504/504/504 507/507/507 505/505/505
f 503/503/503 506/506/506 508/508/508
f 504/504/504 509/509/509 507/507/507
f 503/503/503 508/508/508 510/510/510
f 510/510/510 507/507/507 509/509/509
f 510/510/510 508/508/508 507/507/507
f 511/511/511 512/512/512 513/513/513
f 511/511/511 513/513/513 514/514/514
f 515/515/515 516/516/516 517/517/517
f 515/515/515 517/517/517 518/518/518
f 519/519/519 520/520/520 521/521/521
f 519/519/519 521/521/521 522/522/522
f 523/523/523 524/524/524 525/525/525
f 523/523/523 525/525/525 526/526/526
f 527/527/527 528/528/528 529/529/529
f 527/527/527 529/529/529 530/530/530
f 531/531/531 532/532/532 533/533/533
f 531/531/531 533/533/533 534/534/534
f 535/535/535 536/536/536 537/537/537
f 535/535/535 537/537/537 538/538/538
f 539/539/539 540/540/540 541/541/541
f 539/539/539 541/541/541 542/542/542
f 543/543/543 541/541/541 540/540/540
f 544/544/544 543/543/543 540/540/540
f 544/544/544 540/540/540 545/545/545
f 544/544/544 545/545/545 546/546/546
f 545/545/545 547/547/547 546/546/546
f 545/545/545 548/548/548 547/547/547
f 549/549/549 547/547/547 548/548/548
f 550/550/550 549/549/549 548/548/548
f 551/551/551 550/550/550 548/548/548
f 551/551/551 552/552/552 550/550/550
f 553/553/553 554/554/554 555/555/555
f 553/553/553 555/555/555 556/556/556
f 557/557/557 558/558/558 559/559/559
f 557/557/557 559/559/559 560/560/560
f 561/561/561 562/562/562 563/563/563
f 561/561/561 563/563/563 564/564/564
f 565/565/565 566/566/566 567/567/567
f 565/565/565 567/567/567 568/568/568
f 569/569/569 568/568/568 567/567/567
f 570/570/570 568/568/568 569/569/569
f 571/571/571 568/568/568 570/570/570
f 571/571/571 570/570/570 572/572/572
f 573/573/573 571/571/571 572/572/572
f 573/573/573 574/574/574 571/571/571
f 575/575/575 574/574/574 573/573/573
f 576/576/576 574/574/574 575/575/575
f 577/577/577 574/574/574 576/576/576
f 577/577/577 576/576/576 578/578/578
f 579/579/579 580/580/580 581/581/581
f 579/579/579 581/581/581 582/582/582
f 583/583/583 584/584/584 585/585/585
f 583/583/583 585/585/585 586/586/586
f 587/587/587 585/585/585 584/584/584
f 588/588/588 583/583/583 586/586/586
f 587/587/587 584/584/584 589/589/589
f 588/588/588 590/590/590 583/583/583
f 587/587/587 589/589/589 591/591/591
f 590/590/590 591/591/591 589/589/589
f 590/590/590 588/588/588 591/591/591
f 592/592/592 591/591/591 588/588/588
f 592/592/592 593/593/593 591/591/591
f 592/592/592 594/594/594 593/593/593
f 595/595/595 594/594/594 592/592/592
f 596/596/596 593/593/593 594/594/594
f 595/595/595 592/592/592 597/597/597
f 596/596/596 598/598/598 593/593/593
f 599/599/599 595/595/595 597/597/597
f 598/598/598 596/596/596 599/599/599
f 599/599/599 597/597/597 600/600/600
f 598/598/598 599/599/599 600/600/600
f 601/601/601 602/602/602 603/603/603
f 601/601/601 603/603/603 604/604/604
f 605/605/605 606/606/606 607/607/607
f 605/605/605 607/607/607 608/608/608
f 609/609/609 610/610/610 611/611/611
f 609/609/609 611/611/611 612/612/612
f 613/613/613 614/614/614 615/615/615
f 613/613/613 615/615/615 616/616/616
f 617/617/617 618/618/618 619/619/619
f 617/617/617 619/619/619 620/620/620
f 621/621/621 622/622/622 623/623/623
f 621/621/621 623/623/623 624/624/624
f 625/625/625 626/626/626 627/627/627
f 625/625/625 627/627/627 628/628/628
f 629/629/629 630/630/630 631/631/631
f 629/629/629 631/631/631 632/632/632
f 633/633/633 634/634/634 635/635/635
f 633/633/633 635/635/635 636/636/636
f 637/637/637 638/638/638 639/639/639
f 637/637/637 639/639/639 640/640/640
f 641/641/641 642/642/642 643/643/643
f 641/641/641 643/643/643 644/644/644
f 645/645/645 646/646/646 647/647/647
f 645/645/645 647/647/647 648/648/648
f 649/649/649 650/650/650 651/651/651
f 649/649/649 651/651/651 652/652/652
f 653/653/653 654/654/654 655/655/655
f 653/653/653 655/655/655 656/656/656
f 657/657/657 658/658/658 659/659/659
f 657/657/657 659/659/659 660/660/660
f 661/661/661 662/662/662 663/663/663
f 661/661/661 663/663/663 664/664/664
f 665/665/665 666/666/666 667/667/667
f 665/665/665 667/667/667 668/668/668
f 669/669/669 670/670/670 671/671/671
f 669/669/669 671/671/671 672/672/672
f 673/673/673 674/674/674 675/675/675
f 673/673/673 675/675/675 676/676/676
f 677/677/677 678/678/678 679/679/679
f 677/677/677 679/679/679 680/680/680
f 681/681/681 682/682/682 683/683/683
f 681/681/681 683/683/683 684/684/684
f 685/685/685 686/686/686 687/687/687
f 685/685/685 687/687/687 688/688/688
f 689/689/689 690/690/690 691/691/691
f 689/689/689 691/691/691 692/692/692
f 693/693/693 694/694/694 695/695/695
f 693/693/693 695/695/695 696/696/696
f 697/697/697 698/698/698 699/699/699
f 697/697/697 699/699/699 700/700/700
f 701/701/701 702/702/702 703/703/703
f 701/701/701 703/703/703 704/704/704
f 705/705/705 706/706/706 707/707/707
f 705/705/705 707/707/707 708/708/708
f 709/709/709 710/710/710 711/711/711
f 709/709/709 711/711/711 712/712/712
f 713/713/713 714/714/714 715/715/715
f 713/713/713 715/715/715 716/716/716
f 717/717/717 718/718/718 719/719/719
f 717/717/717 719/719/719 720/720/720
f 721/721/721 722/722/722 723/723/723
f 721/721/721 723/723/723 724/724/724
f 725/725/725 726/726/726 727/727/727
f 725/725/725 727/727/727 728/728/728
f 729/729/729 725/725/725 728/728/728
f 729/729/729 730/730/730 725/725/725
f 731/731/731 732/732/732 733/733/733
f 731/731/731 733/733/733 734/734/734
f 735/735/735 731/731/731 734/734/734
f 735/735/735 736/736/736 731/731/731
f 737/737/737 738/738/738 739/739/739
f 737/737/737 739/739/739 740/740/740
f 741/741/741 737/737/737 740/740/740
f 741/741/741 742/742/742 737/737/737
f 743/743/743 744/744/744 745/745/745
f 743/743/743 745/745/745 746/746/746
f 747/747/747 743/743/743 746/746/746
f 747/747/747 748/748/748 743/743/743
f 749/749/749 750/750/750 751/751/751
f 749/749/749 751/751/751 752/752/752
f 753/753/753 754/754/754 755/755/755
f 753/753/753 755/755/755 756/756/756
f 757/757/757 758/758/758 759/759/759
f 757/757/757 759/759/759 760/760/760
f 761/761/761 762/762/762 763/763/763
f 761/761/761 763/763/763 764/764/764
f 765/765/765 766/766/766 767/767/767
f 765/765/765 767/767/767 768/768/768
f 769/769/769 770/770/770 771/771/771
f 769/769/769 771/771/771 772/772/772
f 773/773/773 774/774/774 775/775/775
f 773/773/773 775/775/775 776/776/776
f 777/777/777 778/778/778 779/779/779
f 777/777/777 779/779/779 780/780/780
f 781/781/781 782/782/782 783/783/783
f 781/781/781 783/783/783 784/784/784
f 785/785/785 786/786/786 787/787/787
f 785/785/785 787/787/787 788/788/788
f 789/789/789 790/790/790 791/791/791
f 789/789/789 791/791/791 792/792/792
f 793/793/793 794/794/794 795/795/795
f 793/793/793 795/795/795 796/796/796
f 797/797/797 798/798/798 799/799/799
f 797/797/797 799/799/799 800/800/800
f 801/801/801 802/802/802 803/803/803
f 801/801/801 803/803/803 804/804/804
f 805/805/805 806/806/806 807/807/807
f 805/805/805 807/807/807 808/808/808
f 809/809/809 810/810/810 811/811/811
f 809/809/809 811/811/811 812/812/812
f 813/813/813 814/814/814 815/815/815
f 813/813/813 815/815/815 816/816/816
f 817/817/817 818/818/818 819/819/819
f 817/817/817 819/819/819 820/820/820
f 821/821/821 822/822/822 823/823/823
f 821/821/821 823/823/823 824/824/824
f 825/825/825 826/826/826 827/827/827
f 825/825/825 827/827/827 828/828/828
f 829/829/829 825/825/825 828/828/828
f 829/829/829 830/830/830 825/825/825
f 831/831/831 832/832/832 833/833/833
f 831/831/831 833/833/833 834/834/834
f 835/835/835 831/831/831 834/834/834
f 835/835/835 836/836/836 831/831/831
f 837/837/837 838/838/838 839/839/839
f 837/837/837 839/839/839 840/840/840
f 841/841/841 837/837/837 840/840/840
f 841/841/841 842/842/842 837/837/837
f 843/843/843 844/844/844 845/845/845
f 843/843/843 845/845/845 846/846/846
f 847/847/847 843/843/843 846/846/846
f 847/847/847 848/848/848 843/843/843
f 849/849/849 850/850/850 851/851/851
f 849/849/849 851/851/851 852/852/852
f 853/853/853 854/854/854 855/855/855
f 853/853/853 855/855/855 856/856/856
f 857/857/857 858/858/858 859/859/859
f 857/857/857 859/859/859 860/860/860
f 861/861/861 862/862/862 863/863/863
f 861/861/861 863/863/863 864/864/864
f 865/865/865 866/866/866 867/867/867
f 865/865/865 867/867/867 868/868/868
f 869/869/869 870/870/870 871/871/871
f 869/869/869 871/871/871 872/872/872
f 873/873/873 874/874/874 875/875/875
f 873/873/873 875/875/875 876/876/876
f 877/877/877 878/878/878 879/879/879
f 877/877/877 879/879/879 880/880/880
f 881/881/881 882/882/882 883/883/883
f 881/881/881 883/883/883 884/884/884
f 885/885/885 886/886/886 887/887/887
f 885/885/885 887/887/887 888/888/888
f 889/889/889 890/890/890 891/891/891
f 889/889/889 891/891/891 892/892/892
f 893/893/893 894/894/894 895/895/895
f 893/893/893 895/895/895 896/896/896
f 897/897/897 898/898/898 899/899/899
f 897/897/897 899/899/899 900/900/900
f 901/901/901 902/902/902 903/903/903
f 901/901/901 903/903/903 904/904/904
f 905/905/905 906/906/906 907/907/907
f 905/905/905 907/907/907 908/908/908
f 909/909/909 910/910/910 911/911/911
f 909/909/909 911/911/911 912/912/912
f 913/913/913 914/914/914 915/915/915
f 913/913/913 915/915/915 916/916/916
f 917/917/917 918/918/918 919/919/919
f 917/917/917 919/919/919 920/920/920
f 921/921/921 922/922/922 923/923/923
f 921/921/921 923/923/923 924/924/924
f 925/925/925 926/926/926 927/927/927
f 925/925/925 927/927/927 928/928/928
f 929/929/929 930/930/930 931/931/931
f 929/929/929 931/931/931 932/932/932
f 933/933/933 934/934/934 935/935/935
f 933/933/933 935/935/935 936/936/936
f 937/937/937 938/938/938 939/939/939
f 937/937/937 939/939/939 940/940/940
f 941/941/941 942/942/942 943/943/943
f 941/941/941 943/943/943 944/944/944
f 945/945/945 946/946/946 947/947/947
f 945/945/945 947/947/947 948/948/948
f 949/949/949 950/950/950 951/951/951
f 949/949/949 951/951/951 952/952/952
f 953/953/953 954/954/954 955/955/955
f 953/953/953 955/955/955 956/956/956
f 957/957/957 954/954/954 953/953/953
f 955/955/955 958/958/958 956/956/956
f 957/957/957 959/959/959 954/954/954
f 955/955/955 960/960/960 958/958/958
f 960/960/960 959/959/959 957/957/957
f 960/960/960 957/957/957 958/958/958
f 961/961/961 962/962/962 963/963/963
f 961/961/961 963/963/963 964/964/964
f 965/965/965 966/966/966 967/967/967
f 965/965/965 967/967/967 968/968/968
f 969/969/969 970/970/970 971/971/971
f 969/969/969 971/971/971 972/972/972
f 973/973/973 974/974/974 975/975/975
f 973/973/973 975/975/975 976/976/976
f 977/977/977 978/978/978 979/979/979
f 977/977/977 979/979/979 980/980/980
f 981/981/981 982/982/982 983/983/983
f 981/981/981 983/983/983 984/984/984
f 985/985/985 986/986/986 987/987/987
f 985/985/985 987/987/987 988/988/988
f 989/989/989 990/990/990 991/991/991
f 989/989/989 991/991/991 992/992/992
f 993/993/993 994/994/994 995/995/995
f 993/993/993 995/995/995 996/996/996
f 997/997/997 998/998/998 999/999/999
f 997/997/997 999/999/999 1000/1000/1000
f 1001/1001/1001 1002/1002/1002 1003/1003/1003
f 1001/1001/1001 1003/1003/1003 1004/1004/1004
f 1005/1005/1005 1006/1006/1006 1007/1007/1007
f 1005/1005/1005 1007/1007/1007 1008/1008/1008
f 1009/1009/1009 1010/1010/1010 1011/1011/1011
f 1009/1009/1009 1011/1011/1011 1012/1012/1012
f 1013/1013/1013 1014/1014/1014 1015/1015/1015
f 1013/1013/1013 1015/1015/1015 1016/1016/1016
f 1017/1017/1017 1018/1018/1018 1019/1019/1019
f 1017/1017/1017 1019/1019/1019 1020/1020/1020
f 1021/1021/1021 1022/1022/1022 1023/1023/1023
f 1021/1021/1021 1023/1023/1023 1024/1024/1024
f 1025/1025/1025 1026/1026/1026 1027/1027/1027
f 1025/1025/1025 1027/1027/1027 1028/1028/1028
f 1029/1029/1029 1030/1030/1030 1031/1031/1031
f 1029/1029/1029 1031/1031/1031 1032/1032/1032
f 1033/1033/1033 1034/1034/1034 1035/1035/1035
f 1033/1033/1033 1035/1035/1035 1036/1036/1036
f 1037/1037/1037 1038/1038/1038 1039/1039/1039
f 1037/1037/1037 1039/1039/1039 1040/1040/1040
f 1041/1041/1041 1042/1042/1042 1043/1043/1043
f 1041/1041/1041 1043/1043/1043 1044/1044/1044
f 1045/1045/1045 1046/1046/1046 1047/1047/1047
f 1048/1048/1048 1046/1046/1046 1045/1045/1045
f 1045/1045/1045 1047/1047/1047 1049/1049/1049
f 1048/1048/1048 1050/1050/1050 1046/1046/1046
f 1049/1049/1049 1047/1047/1047 1051/1051/1051
f 1049/1049/1049 1051/1051/1051 1052/1052/1052
f 1053/1053/1053 1050/1050/1050 1048/1048/1048
f 1053/1053/1053 1054/1054/1054 1050/1050/1050
f 1055/1055/1055 1056/1056/1056 1057/1057/1057
f 1055/1055/1055 1057/1057/1057 1058/1058/1058
f 1059/1059/1059 1060/1060/1060 1061/1061/1061
f 1059/1059/1059 1061/1061/1061 1062/1062/1062
f 1063/1063/1063 1064/1064/1064 1065/1065/1065
f 1063/1063/1063 1065/1065/1065 1066/1066/1066
f 1067/1067/1067 1068/1068/1068 1069/1069/1069
f 1067/1067/1067 1069/1069/1069 1070/1070/1070
f 1071/1071/1071 1072/1072/1072 1073/1073/1073
f 1071/1071/1071 1073/1073/1073 1074/1074/1074
