# Crytek Sponza via Khronos glTF-Sample-Assets; floor at y=0
v -0.758482 2.843647 4.846675
v -0.841137 2.925487 4.743683
v -0.034581 2.925487 4.743683
v -0.034417 2.839378 4.846675
v 0.695496 2.835074 4.846675
v 0.780529 2.925487 4.743683
v -0.546664 2.606065 4.846675
v -0.540640 1.057940 4.846675
v -0.749554 0.994461 4.846675
v -0.758482 2.843647 4.846675
v -0.029954 0.994461 4.846675
v -0.034417 2.839378 4.846675
v -0.030945 1.057940 4.846675
v -0.036617 2.606065 4.846675
v 0.478749 1.057940 4.846675
v 0.478749 2.606065 4.846675
v 0.689646 0.994461 4.846675
v 0.695496 2.835074 4.846675
v 0.378167 2.517806 4.907594
v 0.385257 2.535532 4.907594
v 0.391461 2.544395 4.907594
v 0.392347 2.498307 4.907594
v 0.413619 2.509829 4.907594
v 0.433117 2.505398 4.907594
v 0.376395 2.556803 4.907594
v 0.383484 2.586938 4.907594
v 0.384371 2.606065 4.907594
v 0.478749 2.606065 4.907594
v 0.445526 2.484127 4.907594
v 0.458820 2.421199 4.907594
v 0.478749 2.413222 4.907594
v 0.446412 2.443357 4.907594
v -0.460177 2.537716 4.998974
v -0.466606 2.543717 4.998974
v -0.458463 2.554861 4.998974
v -0.460605 2.516714 4.998974
v -0.036617 2.606065 4.998974
v -0.477322 2.508998 4.998974
v -0.507755 2.506426 4.998974
v -0.492324 2.516285 4.998974
v -0.530043 2.432702 4.998974
v -0.540640 1.057940 4.998974
v -0.545897 2.409131 4.998974
v -0.030945 1.057940 4.998974
v -0.457605 2.596010 4.998974
v -0.460177 2.575007 4.998974
v -0.464893 2.583579 4.998974
v -0.457605 2.606065 4.998974
v 0.478749 1.057940 4.998974
v 0.384371 2.606065 4.998974
v 0.383484 2.586938 4.998974
v 0.376395 2.556803 4.998974
v 0.378167 2.517806 4.998974
v 0.385257 2.535532 4.998974
v 0.391461 2.544395 4.998974
v 0.392347 2.498307 4.998974
v 0.458820 2.421199 4.998974
v 0.478749 2.413222 4.998974
v 0.446412 2.443357 4.998974
v 0.433117 2.505398 4.998974
v 0.413619 2.509829 4.998974
v 0.445526 2.484127 4.998974
v -0.530043 2.432702 4.998974
v -0.518042 2.472994 4.998974
v -0.507755 2.506426 4.998974
v -0.464893 2.583579 4.907594
v -0.460177 2.575007 4.907594
v -0.458463 2.554861 4.907594
v -0.546664 2.606065 4.907594
v -0.457605 2.596010 4.907594
v -0.457605 2.606065 4.907594
v -0.466606 2.543717 4.907594
v -0.460177 2.537716 4.907594
v -0.477322 2.508998 4.907594
v -0.460605 2.516714 4.907594
v -0.492324 2.516285 4.907594
v -0.507755 2.506426 4.907594
v -0.545897 2.409131 4.907594
v -0.518042 2.472994 4.907594
v -0.530043 2.432702 4.907594
v -0.546664 2.606065 4.846675
v -0.036617 2.606065 4.846675
v -0.457605 2.606065 4.907594
v -0.546664 2.606065 4.907594
v -0.036617 2.606065 4.998974
v -0.457605 2.606065 4.998974
v 0.384371 2.606065 4.907594
v 0.384371 2.606065 4.998974
v 0.478749 2.606065 4.846675
v 0.478749 2.606065 4.907594
v 0.478749 2.606065 4.846675
v 0.478749 1.057940 4.846675
v 0.478749 2.413222 4.907594
v 0.478749 2.606065 4.907594
v 0.478749 2.413222 4.998974
v 0.478749 1.057940 4.998974
v 0.478749 2.413222 4.907594
v 0.478749 2.413222 4.998974
v 0.458820 2.421199 4.998974
v 0.458820 2.421199 4.907594
v 0.446412 2.443357 4.998974
v 0.446412 2.443357 4.907594
v 0.445526 2.484127 4.998974
v 0.445526 2.484127 4.907594
v 0.433117 2.505398 4.998974
v 0.433117 2.505398 4.907594
v -0.030945 1.057940 4.846675
v -0.030945 1.057940 4.998974
v 0.478749 1.057940 4.998974
v 0.478749 1.057940 4.846675
v -0.540640 1.057940 4.846675
v -0.540640 1.057940 4.998974
v -0.545897 2.409131 4.907594
v -0.545897 2.409131 4.998974
v -0.540640 1.057940 4.998974
v -0.540640 1.057940 4.846675
v -0.546664 2.606065 4.846675
v -0.546664 2.606065 4.907594
v -0.530043 2.432702 4.907594
v -0.530043 2.432702 4.998974
v -0.545897 2.409131 4.998974
v -0.545897 2.409131 4.907594
v -0.518042 2.472994 4.907594
v -0.518042 2.472994 4.998974
v -0.507755 2.506426 4.907594
v -0.507755 2.506426 4.998974
v -0.492324 2.516285 4.907594
v -0.492324 2.516285 4.998974
v -0.477322 2.508998 4.907594
v -0.477322 2.508998 4.998974
v -0.492324 2.516285 4.998974
v -0.492324 2.516285 4.907594
v -0.460605 2.516714 4.907594
v -0.460605 2.516714 4.998974
v -0.477322 2.508998 4.998974
v -0.477322 2.508998 4.907594
v -0.460177 2.537716 4.907594
v -0.460177 2.537716 4.998974
v -0.460605 2.516714 4.998974
v -0.460605 2.516714 4.907594
v -0.466606 2.543717 4.907594
v -0.466606 2.543717 4.998974
v -0.460177 2.537716 4.998974
v -0.460177 2.537716 4.907594
v -0.458463 2.554861 4.907594
v -0.458463 2.554861 4.998974
v -0.466606 2.543717 4.998974
v -0.466606 2.543717 4.907594
v -0.460177 2.575007 4.907594
v -0.460177 2.575007 4.998974
v -0.464893 2.583579 4.907594
v -0.464893 2.583579 4.998974
v -0.457605 2.596010 4.907594
v -0.457605 2.596010 4.998974
v -0.464893 2.583579 4.998974
v -0.464893 2.583579 4.907594
v -0.457605 2.606065 4.907594
v -0.457605 2.606065 4.998974
v 0.383484 2.586938 4.907594
v 0.383484 2.586938 4.998974
v 0.384371 2.606065 4.998974
v 0.384371 2.606065 4.907594
v 0.376395 2.556803 4.907594
v 0.376395 2.556803 4.998974
v 0.391461 2.544395 4.907594
v 0.391461 2.544395 4.998974
v 0.376395 2.556803 4.998974
v 0.376395 2.556803 4.907594
v 0.385257 2.535532 4.907594
v 0.385257 2.535532 4.998974
v 0.391461 2.544395 4.998974
v 0.391461 2.544395 4.907594
v 0.378167 2.517806 4.907594
v 0.378167 2.517806 4.998974
v 0.392347 2.498307 4.907594
v 0.392347 2.498307 4.998974
v 0.378167 2.517806 4.998974
v 0.378167 2.517806 4.907594
v 0.413619 2.509829 4.907594
v 0.413619 2.509829 4.998974
v 0.392347 2.498307 4.998974
v 0.392347 2.498307 4.907594
v 0.433117 2.505398 4.907594
v 0.433117 2.505398 4.998974
v -0.034646 2.960055 4.743683
v 0.813040 2.960055 4.743683
v 0.780529 2.925487 4.743683
v -0.034581 2.925487 4.743683
v -0.841137 2.925487 4.743683
v -0.876048 2.960055 4.743683
v 0.695496 2.835074 4.846675
v 0.780529 2.925487 4.743683
v 0.796785 2.925487 5.098055
v 0.702772 2.837226 5.149633
v 0.813040 2.960055 4.743683
v 0.813040 2.960055 5.098023
v -0.758482 2.843647 4.846675
v -0.765759 2.845799 5.149634
v -0.857392 2.925487 5.098055
v -0.841137 2.925487 4.743683
v -0.873648 2.960055 4.743683
v -0.873648 2.960055 5.098023
v -0.749554 0.994461 4.846675
v -0.742278 0.996612 5.149634
v -0.765759 2.845799 5.149634
v -0.758482 2.843647 4.846675
v -0.029954 0.994461 4.846675
v -0.022677 0.996612 5.149634
v -0.742278 0.996612 5.149634
v -0.749554 0.994461 4.846675
v 0.689646 0.994461 4.846675
v 0.696922 0.996612 5.149634
v 0.695496 2.835074 4.846675
v 0.702772 2.837226 5.149633
v 0.696922 0.996612 5.149634
v 0.689646 0.994461 4.846675
v -2.959579 3.326080 4.894357
v -2.762382 3.306139 4.894357
v -2.874341 3.157891 4.894356
v -2.986300 3.165797 4.894356
v -2.711491 3.131419 4.894356
v -3.047376 3.326080 4.894357
v -2.618616 3.272447 4.894357
v -3.150423 3.155678 4.894356
v -3.212763 3.306058 4.894356
v -3.322178 3.123636 4.894356
v -3.364162 3.270253 4.894356
v -3.487571 3.229421 4.894356
v -3.426503 3.083926 4.894356
v -3.593315 3.229975 4.894356
v -3.580735 3.059244 4.894356
v -2.562637 3.089159 4.894356
v -2.520653 3.236555 4.894357
v -3.593315 1.969981 4.894356
v -2.372869 3.239440 4.894357
v -2.399596 3.059244 4.894357
v -3.580735 1.996059 4.894356
v -3.542474 3.023382 4.894356
v -2.435666 3.022952 4.894356
v -3.543994 2.029418 4.894356
v -2.433766 2.032015 4.894356
v -2.399596 1.996059 4.894356
v -2.372869 1.969981 4.894356
v -2.398470 1.996059 4.894356
v -2.399596 1.997206 4.894356
v -3.322178 3.123636 5.027546
v -3.150422 3.155678 5.027546
v -2.986300 3.165797 5.027546
v -2.562637 3.089159 5.027546
v -3.426503 3.083926 5.027546
v -2.711491 3.131419 5.027546
v -2.874341 3.157890 5.027546
v -3.507250 2.062778 4.929187
v -3.504212 2.987519 4.929188
v -3.427689 2.915795 4.966628
v -3.433765 2.129497 4.966628
v -3.543994 2.029418 4.894356
v -3.542474 3.023382 4.894356
v -3.433765 2.129497 5.027546
v -3.427689 2.915794 5.027546
v -2.543874 2.914076 5.027546
v -2.536281 2.136444 5.027547
v -2.562637 3.089159 4.894356
v -2.562637 3.089159 5.027546
v -2.711491 3.131419 5.027546
v -2.711491 3.131419 4.894356
v -2.874341 3.157890 5.027546
v -2.874341 3.157891 4.894356
v -2.986300 3.165797 5.027546
v -2.986300 3.165797 4.894356
v -3.150422 3.155678 5.027546
v -3.150423 3.155678 4.894356
v -3.322178 3.123636 5.027546
v -3.322178 3.123636 4.894356
v -3.426503 3.083926 5.027546
v -3.426503 3.083926 4.894356
v -3.426503 3.083926 4.894356
v -3.426503 3.083926 5.027546
v -2.562637 3.089159 5.027546
v -2.562637 3.089159 4.894356
v -2.543874 2.914076 4.966627
v -2.543874 2.914076 5.027546
v -3.427689 2.915794 5.027546
v -3.427689 2.915795 4.966628
v -2.536281 2.136444 4.966628
v -2.536281 2.136444 5.027547
v -2.543874 2.914076 5.027546
v -2.543874 2.914076 4.966627
v -3.433765 2.129497 4.966628
v -3.433765 2.129497 5.027546
v -2.536281 2.136444 5.027547
v -2.536281 2.136444 4.966628
v -3.427689 2.915795 4.966628
v -3.427689 2.915794 5.027546
v -3.433765 2.129497 5.027546
v -3.433765 2.129497 4.966628
v -3.433765 2.129497 4.966628
v -2.536281 2.136444 4.966628
v -2.467938 2.066825 4.929188
v -3.507250 2.062778 4.929187
v -2.433766 2.032015 4.894356
v -3.543994 2.029418 4.894356
v -2.536281 2.136444 4.966628
v -2.543874 2.914076 4.966627
v -2.471734 2.986660 4.929187
v -2.467938 2.066825 4.929188
v -2.435666 3.022952 4.894356
v -2.433766 2.032015 4.894356
v -2.543874 2.914076 4.966627
v -3.427689 2.915795 4.966628
v -3.504212 2.987519 4.929188
v -2.471734 2.986660 4.929187
v -3.542474 3.023382 4.894356
v -2.435666 3.022952 4.894356
v 2.970412 3.326081 4.894358
v 3.167610 3.306140 4.894358
v 3.055651 3.157891 4.894357
v 2.943691 3.165798 4.894357
v 3.218500 3.131420 4.894357
v 2.882615 3.326081 4.894358
v 3.311374 3.272448 4.894358
v 2.779568 3.155679 4.894357
v 2.717227 3.306059 4.894358
v 2.607812 3.123637 4.894357
v 2.565829 3.270254 4.894358
v 2.442419 3.229422 4.894358
v 2.503488 3.083927 4.894357
v 2.336675 3.229976 4.894358
v 2.349255 3.059245 4.894358
v 3.367354 3.089160 4.894357
v 3.409338 3.236555 4.894358
v 2.336675 1.969981 4.894357
v 3.557121 3.239440 4.894358
v 3.530395 3.059245 4.894358
v 2.349255 1.996059 4.894357
v 2.387517 3.023382 4.894358
v 3.494325 3.022953 4.894358
v 2.385998 2.029419 4.894357
v 3.496224 2.032016 4.894358
v 3.530395 1.996060 4.894358
v 3.557121 1.969981 4.894358
v 3.531520 1.996060 4.894358
v 3.530395 1.997207 4.894358
v 2.607812 3.123637 5.027548
v 2.779568 3.155679 5.027548
v 2.943691 3.165798 5.027548
v 3.367355 3.089159 5.027547
v 2.503488 3.083927 5.027548
v 3.218500 3.131419 5.027547
v 3.055651 3.157891 5.027548
v 2.422740 2.062778 4.929188
v 2.425779 2.987519 4.929189
v 2.502301 2.915795 4.966630
v 2.496226 2.129498 4.966630
v 2.385998 2.029419 4.894357
v 2.387517 3.023382 4.894358
v 2.496226 2.129498 5.027548
v 2.502301 2.915795 5.027548
v 3.386117 2.914077 5.027547
v 3.393709 2.136444 5.027548
v 3.367354 3.089160 4.894357
v 3.367355 3.089159 5.027547
v 3.218500 3.131419 5.027547
v 3.218500 3.131420 4.894357
v 3.055651 3.157891 5.027548
v 3.055651 3.157891 4.894357
v 2.943691 3.165798 5.027548
v 2.943691 3.165798 4.894357
v 2.779568 3.155679 5.027548
v 2.779568 3.155679 4.894357
v 2.607812 3.123637 5.027548
v 2.607812 3.123637 4.894357
v 2.503488 3.083927 5.027548
v 2.503488 3.083927 4.894357
v 2.503488 3.083927 4.894357
v 2.503488 3.083927 5.027548
v 3.367355 3.089159 5.027547
v 3.367354 3.089160 4.894357
v 3.386117 2.914077 4.966628
v 3.386117 2.914077 5.027547
v 2.502301 2.915795 5.027548
v 2.502301 2.915795 4.966630
v 3.393709 2.136444 4.966630
v 3.393709 2.136444 5.027548
v 3.386117 2.914077 5.027547
v 3.386117 2.914077 4.966628
v 2.496226 2.129498 4.966630
v 2.496226 2.129498 5.027548
v 3.393709 2.136444 5.027548
v 3.393709 2.136444 4.966630
v 2.502301 2.915795 4.966630
v 2.502301 2.915795 5.027548
v 2.496226 2.129498 5.027548
v 2.496226 2.129498 4.966630
v 2.496226 2.129498 4.966630
v 3.393709 2.136444 4.966630
v 3.462051 2.066826 4.929189
v 2.422740 2.062778 4.929188
v 3.496224 2.032016 4.894358
v 2.385998 2.029419 4.894357
v 3.393709 2.136444 4.966630
v 3.386117 2.914077 4.966628
v 3.458256 2.986661 4.929188
v 3.462051 2.066826 4.929189
v 3.494325 3.022953 4.894358
v 3.496224 2.032016 4.894358
v 3.386117 2.914077 4.966628
v 2.502301 2.915795 4.966630
v 2.425779 2.987519 4.929189
v 3.458256 2.986661 4.929188
v 2.387517 3.023382 4.894358
v 3.494325 3.022953 4.894358
v 0.588340 1.860267 -4.751556
v 0.544618 1.860267 -4.797858
v 0.545010 0.993816 -4.797858
v 0.588340 0.993816 -4.751556
v 0.588340 2.465982 -4.751556
v 0.542779 2.465982 -4.797858
v 0.588340 2.726718 -4.751556
v 0.541987 2.726718 -4.797858
v 0.571579 2.820046 -4.751556
v 0.523559 2.803055 -4.797858
v 0.481492 2.977319 -4.797858
v 0.510604 3.000491 -4.751556
v 0.352255 3.147803 -4.797858
v 0.388656 3.182415 -4.751556
v 0.234015 3.257793 -4.797858
v 0.266707 3.296302 -4.751556
v 0.096529 3.334785 -4.797858
v 0.104108 3.377650 -4.751556
v -0.033091 3.362283 -4.797858
v -0.033091 3.414626 -4.751556
v -0.147920 3.383566 -4.751556
v -0.230689 3.293539 -4.797858
v -0.269869 3.330320 -4.751556
v -0.357177 3.200048 -4.797858
v -0.402658 3.232702 -4.751556
v -0.469917 3.054312 -4.797858
v -0.521897 3.086275 -4.751556
v -0.546910 2.905826 -4.797858
v -0.603197 2.917663 -4.751556
v -0.588157 2.726718 -4.797858
v -0.639424 2.726718 -4.751556
v -0.639424 2.465982 -4.751556
v -0.587742 2.465982 -4.797858
v -0.586781 1.860267 -4.797858
v -0.639424 1.860267 -4.751556
v -0.639424 0.993816 -4.751556
v -0.585406 0.993816 -4.797858
v -0.033091 3.206967 -4.897893
v -0.033091 2.726718 -4.897893
v 0.373284 2.726718 -4.897893
v 0.360501 2.806826 -4.897893
v 0.309737 2.932244 -4.897893
v 0.215674 3.060647 -4.897893
v 0.102201 3.147245 -4.897893
v -0.033091 2.666478 -4.897893
v 0.382898 2.666478 -4.897892
v -0.433442 2.726718 -4.897893
v -0.441273 2.666478 -4.897893
v -0.374086 2.933737 -4.897893
v -0.421865 2.815785 -4.897893
v -0.138181 3.160682 -4.897893
v -0.277037 3.062140 -4.897893
v 0.385259 1.047751 -4.889052
v 0.388867 1.860267 -4.889052
v -0.033091 1.860267 -4.889052
v -0.033091 1.047751 -4.889052
v -0.439328 1.047751 -4.889052
v -0.446541 1.860267 -4.889052
v -0.033091 2.465982 -4.889052
v 0.390793 2.294390 -4.889052
v 0.380119 2.295773 -4.889052
v 0.359483 2.314575 -4.889052
v 0.348019 2.349886 -4.889052
v 0.329676 2.376482 -4.889052
v 0.311791 2.375566 -4.889052
v 0.304453 2.385196 -4.889052
v -0.426949 2.305660 -4.889052
v -0.450406 2.295791 -4.889052
v -0.370862 2.363991 -4.889052
v -0.408105 2.335722 -4.889052
v -0.395092 2.364439 -4.889052
v -0.358299 2.377901 -4.889052
v 0.311332 2.404914 -4.889052
v 0.299868 2.412711 -4.889052
v -0.357401 2.412450 -4.889052
v -0.368619 2.398092 -4.889052
v -0.357401 2.433987 -4.889052
v -0.363234 2.426808 -4.889052
v -0.356504 2.465982 -4.889052
v 0.298951 2.438390 -4.889052
v 0.298033 2.465982 -4.889052
v 0.305371 2.431512 -4.889052
v -0.368619 2.398092 -4.836768
v -0.357401 2.412450 -4.836768
v -0.363234 2.426808 -4.836768
v -0.356504 2.465982 -4.836768
v -0.357401 2.433987 -4.836768
v -0.395092 2.364439 -4.836768
v -0.358299 2.377901 -4.836768
v -0.370862 2.363991 -4.836768
v -0.408105 2.335722 -4.836768
v -0.450406 2.295791 -4.836768
v -0.451917 2.465982 -4.836768
v -0.426949 2.305660 -4.836768
v 0.380119 2.295773 -4.836767
v 0.390793 2.294390 -4.836767
v 0.391555 2.465982 -4.836767
v 0.348019 2.349886 -4.836767
v 0.359483 2.314575 -4.836767
v 0.329676 2.376482 -4.836767
v 0.298033 2.465982 -4.836767
v 0.298951 2.438390 -4.836767
v 0.305371 2.431512 -4.836767
v 0.311332 2.404914 -4.836767
v 0.299868 2.412711 -4.836767
v 0.311791 2.375566 -4.836767
v 0.304453 2.385196 -4.836767
v 0.391555 2.465982 -4.797858
v 0.391555 2.465982 -4.836767
v 0.390793 2.294390 -4.836767
v 0.388867 1.860267 -4.797858
v 0.388867 1.860267 -4.889052
v 0.390793 2.294390 -4.889052
v 0.385259 1.047751 -4.797858
v 0.385259 1.047751 -4.889052
v -0.451917 2.465982 -4.797858
v -0.451917 2.465982 -4.836768
v -0.356504 2.465982 -4.836768
v -0.033091 2.465982 -4.797858
v -0.033091 2.465982 -4.889052
v -0.356504 2.465982 -4.889052
v 0.298033 2.465982 -4.836767
v 0.298033 2.465982 -4.889052
v 0.391555 2.465982 -4.797858
v 0.391555 2.465982 -4.836767
v -0.357401 2.433987 -4.889052
v -0.356504 2.465982 -4.889052
v -0.356504 2.465982 -4.836768
v -0.357401 2.433987 -4.836768
v -0.363234 2.426808 -4.889052
v -0.363234 2.426808 -4.836768
v 0.298033 2.465982 -4.889052
v 0.298951 2.438390 -4.889052
v 0.298951 2.438390 -4.836767
v 0.298033 2.465982 -4.836767
v 0.298951 2.438390 -4.889052
v 0.305371 2.431512 -4.889052
v 0.305371 2.431512 -4.836767
v 0.298951 2.438390 -4.836767
v 0.305371 2.431512 -4.889052
v 0.299868 2.412711 -4.889052
v 0.299868 2.412711 -4.836767
v 0.305371 2.431512 -4.836767
v 0.299868 2.412711 -4.889052
v 0.311332 2.404914 -4.889052
v 0.311332 2.404914 -4.836767
v 0.299868 2.412711 -4.836767
v 0.311332 2.404914 -4.889052
v 0.304453 2.385196 -4.889052
v 0.304453 2.385196 -4.836767
v 0.311332 2.404914 -4.836767
v 0.304453 2.385196 -4.889052
v 0.311791 2.375566 -4.889052
v 0.311791 2.375566 -4.836767
v 0.304453 2.385196 -4.836767
v 0.311791 2.375566 -4.889052
v 0.329676 2.376482 -4.889052
v 0.329676 2.376482 -4.836767
v 0.311791 2.375566 -4.836767
v 0.329676 2.376482 -4.889052
v 0.348019 2.349886 -4.889052
v 0.348019 2.349886 -4.836767
v 0.329676 2.376482 -4.836767
v 0.348019 2.349886 -4.889052
v 0.359483 2.314575 -4.889052
v 0.359483 2.314575 -4.836767
v 0.348019 2.349886 -4.836767
v 0.359483 2.314575 -4.889052
v 0.380119 2.295773 -4.889052
v 0.380119 2.295773 -4.836767
v 0.359483 2.314575 -4.836767
v 0.380119 2.295773 -4.889052
v 0.390793 2.294390 -4.889052
v 0.390793 2.294390 -4.836767
v 0.380119 2.295773 -4.836767
v 0.385259 1.047751 -4.889052
v -0.033091 1.047751 -4.889052
v -0.033091 1.047751 -4.797858
v 0.385259 1.047751 -4.797858
v -0.439328 1.047751 -4.797858
v -0.439328 1.047751 -4.889052
v -0.439328 1.047751 -4.889052
v -0.446541 1.860267 -4.889052
v -0.446541 1.860267 -4.797858
v -0.439328 1.047751 -4.797858
v -0.450406 2.295791 -4.836768
v -0.450406 2.295791 -4.889052
v -0.451917 2.465982 -4.797858
v -0.451917 2.465982 -4.836768
v -0.450406 2.295791 -4.889052
v -0.426949 2.305660 -4.889052
v -0.426949 2.305660 -4.836768
v -0.450406 2.295791 -4.836768
v -0.408105 2.335722 -4.836768
v -0.408105 2.335722 -4.889052
v -0.395092 2.364439 -4.836768
v -0.395092 2.364439 -4.889052
v -0.395092 2.364439 -4.889052
v -0.370862 2.363991 -4.889052
v -0.370862 2.363991 -4.836768
v -0.395092 2.364439 -4.836768
v -0.370862 2.363991 -4.889052
v -0.358299 2.377901 -4.889052
v -0.358299 2.377901 -4.836768
v -0.370862 2.363991 -4.836768
v -0.358299 2.377901 -4.889052
v -0.368619 2.398092 -4.889052
v -0.368619 2.398092 -4.836768
v -0.358299 2.377901 -4.836768
v -0.368619 2.398092 -4.889052
v -0.357401 2.412450 -4.889052
v -0.357401 2.412450 -4.836768
v -0.368619 2.398092 -4.836768
v -0.357401 2.412450 -4.889052
v -0.363234 2.426808 -4.889052
v -0.363234 2.426808 -4.836768
v -0.357401 2.412450 -4.836768
v 0.382898 2.666478 -4.897892
v -0.033091 2.666478 -4.897893
v -0.033091 2.666478 -4.797858
v 0.382898 2.666478 -4.797857
v -0.441273 2.666478 -4.797858
v -0.441273 2.666478 -4.897893
v -0.441273 2.666478 -4.897893
v -0.433442 2.726718 -4.897893
v -0.433442 2.726718 -4.797858
v -0.441273 2.666478 -4.797858
v -0.421865 2.815785 -4.797858
v -0.421865 2.815785 -4.897893
v -0.374086 2.933737 -4.797858
v -0.374086 2.933737 -4.897893
v -0.277037 3.062140 -4.797858
v -0.277037 3.062140 -4.897893
v -0.277037 3.062140 -4.897893
v -0.138181 3.160682 -4.897893
v -0.138181 3.160682 -4.797858
v -0.277037 3.062140 -4.797858
v -0.033091 3.206967 -4.797858
v -0.033091 3.206967 -4.897893
v -0.033091 3.206967 -4.897893
v 0.102201 3.147245 -4.897893
v 0.102201 3.147245 -4.797858
v -0.033091 3.206967 -4.797858
v 0.215674 3.060647 -4.797858
v 0.215674 3.060647 -4.897893
v 0.309737 2.932244 -4.797858
v 0.309737 2.932244 -4.897893
v 0.360501 2.806826 -4.797858
v 0.360501 2.806826 -4.897893
v 0.373284 2.726718 -4.797858
v 0.373284 2.726718 -4.897893
v 0.382898 2.666478 -4.797857
v 0.382898 2.666478 -4.897892
v 0.588340 0.993816 -4.902784
v 0.588340 0.993816 -4.751556
v 0.545010 0.993816 -4.797858
v -0.033091 0.993816 -4.902784
v -0.033091 0.993816 -4.797858
v -0.639424 0.993816 -4.902784
v -0.585406 0.993816 -4.797858
v -0.639424 0.993816 -4.751556
v -0.639424 1.860267 -4.902784
v -0.639424 0.993816 -4.902784
v -0.639424 0.993816 -4.751556
v -0.639424 1.860267 -4.751556
v -0.639424 2.465982 -4.902784
v -0.639424 2.465982 -4.751556
v -0.639424 2.726718 -4.902784
v -0.639424 2.726718 -4.751556
v -0.603197 2.917663 -4.902784
v -0.603197 2.917663 -4.751556
v -0.521897 3.086275 -4.902784
v -0.521897 3.086275 -4.751556
v 0.588340 2.465982 -4.902784
v 0.588340 2.726718 -4.902784
v 0.588340 2.726718 -4.751556
v 0.588340 2.465982 -4.751556
v 0.571579 2.820046 -4.751556
v 0.571579 2.820046 -4.902784
v 0.510604 3.000491 -4.751556
v 0.510604 3.000491 -4.902784
v 0.388656 3.182415 -4.751556
v 0.388656 3.182415 -4.902784
v 0.266707 3.296302 -4.751556
v 0.266707 3.296302 -4.902784
v 0.104108 3.377650 -4.751556
v 0.104108 3.377650 -4.902784
v -0.033091 3.414626 -4.751556
v -0.033091 3.414626 -4.902784
v -0.147920 3.383566 -4.751556
v -0.147920 3.383566 -4.902784
v -0.269869 3.330320 -4.751556
v -0.269869 3.330320 -4.902784
v -0.402658 3.232702 -4.751556
v -0.402658 3.232702 -4.902784
v -0.521897 3.086275 -4.751556
v -0.521897 3.086275 -4.902784
v 0.588340 0.993816 -4.902784
v 0.588340 1.860267 -4.902784
v 0.588340 1.860267 -4.751556
v 0.588340 0.993816 -4.751556
v 0.588340 2.465982 -4.751556
v 0.588340 2.465982 -4.902784
v 0.544618 1.860267 -4.797858
v 0.388867 1.860267 -4.797858
v 0.385259 1.047751 -4.797858
v 0.545010 0.993816 -4.797858
v 0.542779 2.465982 -4.797858
v -0.033091 0.993816 -4.797858
v -0.033091 1.047751 -4.797858
v -0.439328 1.047751 -4.797858
v -0.585406 0.993816 -4.797858
v -0.586781 1.860267 -4.797858
v -0.446541 1.860267 -4.797858
v -0.451917 2.465982 -4.797858
v 0.391555 2.465982 -4.797858
v -0.587742 2.465982 -4.797858
v 0.382898 2.666478 -4.797857
v 0.541987 2.726718 -4.797858
v -0.033091 2.465982 -4.797858
v 0.373284 2.726718 -4.797858
v -0.033091 2.666478 -4.797858
v 0.523559 2.803055 -4.797858
v 0.360501 2.806826 -4.797858
v 0.481492 2.977319 -4.797858
v 0.309737 2.932244 -4.797858
v 0.352255 3.147803 -4.797858
v 0.215674 3.060647 -4.797858
v 0.234015 3.257793 -4.797858
v 0.102201 3.147245 -4.797858
v 0.096529 3.334785 -4.797858
v -0.033091 3.206967 -4.797858
v -0.033091 3.362283 -4.797858
v -0.230689 3.293539 -4.797858
v -0.138181 3.160682 -4.797858
v -0.357177 3.200048 -4.797858
v -0.277037 3.062140 -4.797858
v -0.469917 3.054312 -4.797858
v -0.374086 2.933737 -4.797858
v -0.546910 2.905826 -4.797858
v -0.421865 2.815785 -4.797858
v -0.588157 2.726718 -4.797858
v -0.433442 2.726718 -4.797858
v -0.441273 2.666478 -4.797858
v 10.903421 4.325535 -0.534174
v 10.903421 5.191987 -0.533782
v 10.857121 5.191987 -0.577504
v 10.857121 4.325535 -0.577504
v 10.857121 5.797702 -0.577504
v 10.903421 5.797702 -0.531943
v 10.857121 6.058437 -0.577504
v 10.903421 6.058437 -0.531151
v 10.857121 6.151765 -0.560744
v 10.903421 6.134774 -0.512724
v 10.903421 6.309039 -0.470656
v 10.857121 6.332210 -0.499769
v 10.903421 6.479522 -0.341419
v 10.857121 6.514134 -0.377820
v 10.903421 6.589512 -0.223180
v 10.857121 6.628021 -0.255871
v 10.903421 6.666504 -0.085693
v 10.857121 6.709369 -0.093272
v 10.903421 6.694002 0.043927
v 10.857121 6.746345 0.043927
v 10.857121 6.715285 0.158756
v 10.903421 6.625259 0.241526
v 10.857121 6.662039 0.280705
v 10.903421 6.531767 0.368014
v 10.857121 6.564422 0.413494
v 10.903421 6.386031 0.480753
v 10.857121 6.417995 0.532733
v 10.903421 6.237545 0.557746
v 10.857121 6.249383 0.614032
v 10.903421 6.058437 0.598992
v 10.857121 6.058437 0.650260
v 10.857121 5.797702 0.650260
v 10.903421 5.797702 0.598578
v 10.903421 5.191987 0.597617
v 10.857121 5.191987 0.650260
v 10.857121 4.325535 0.650260
v 10.903421 4.325535 0.596242
v 11.003457 6.392366 -0.204838
v 11.003457 6.263964 -0.298901
v 11.003457 6.138546 -0.349665
v 11.003457 6.058437 0.043927
v 11.003457 6.058437 -0.362448
v 11.003457 6.538687 0.043927
v 11.003457 6.478964 -0.091365
v 11.003457 6.492402 0.149018
v 11.003457 6.265456 0.384922
v 11.003457 6.393860 0.287872
v 11.003457 6.147504 0.432700
v 11.003457 6.058437 0.444279
v 11.003457 5.998198 0.043927
v 11.003456 5.998198 -0.372061
v 11.003457 5.998198 0.452109
v 10.994615 5.191987 0.043927
v 10.994615 5.191987 -0.378030
v 10.994615 4.379471 -0.374424
v 10.994615 4.379471 0.043927
v 10.994615 4.379471 0.450164
v 10.994615 5.191987 0.457376
v 10.994615 5.797702 0.043927
v 10.994615 5.627510 0.461243
v 10.994615 5.637380 0.437785
v 10.994615 5.695710 0.381698
v 10.994615 5.667442 0.418940
v 10.994615 5.696158 0.405928
v 10.994615 5.709619 0.369135
v 10.994615 5.744169 0.368237
v 10.994615 5.729811 0.379455
v 10.994615 5.765707 0.368237
v 10.994615 5.758528 0.374070
v 10.994615 5.797702 0.367340
v 10.994615 5.797702 -0.287197
v 10.994615 5.770110 -0.288115
v 10.994615 5.744430 -0.289032
v 10.994615 5.763232 -0.294535
v 10.994615 5.736634 -0.300496
v 10.994615 5.716915 -0.293618
v 10.994615 5.707285 -0.300955
v 10.994615 5.646294 -0.348647
v 10.994615 5.681605 -0.337183
v 10.994615 5.708202 -0.318840
v 10.994615 5.627492 -0.369283
v 10.994615 5.626110 -0.379957
v 10.942332 5.696158 0.405928
v 10.942332 5.667442 0.418940
v 10.942332 5.637380 0.437785
v 10.942332 5.797702 0.462753
v 10.942332 5.627510 0.461243
v 10.942332 5.758528 0.374070
v 10.942332 5.765707 0.368237
v 10.942332 5.797702 0.367340
v 10.942332 5.729811 0.379455
v 10.942332 5.744169 0.368237
v 10.942332 5.695710 0.381698
v 10.942332 5.709619 0.369135
v 10.942331 5.627492 -0.369283
v 10.942331 5.646294 -0.348647
v 10.942331 5.681605 -0.337183
v 10.942331 5.797702 -0.380719
v 10.942331 5.626110 -0.379957
v 10.942332 5.797702 -0.287197
v 10.942332 5.736634 -0.300496
v 10.942332 5.708202 -0.318840
v 10.942332 5.716915 -0.293618
v 10.942332 5.707285 -0.300955
v 10.942332 5.763232 -0.294535
v 10.942332 5.744430 -0.289032
v 10.942332 5.770110 -0.288115
v 10.903421 5.797702 -0.380719
v 10.903421 5.191987 -0.378030
v 10.942331 5.626110 -0.379957
v 10.942331 5.797702 -0.380719
v 10.994615 5.191987 -0.378030
v 10.994615 5.626110 -0.379957
v 10.903421 4.379471 -0.374424
v 10.994615 4.379471 -0.374424
v 10.903421 5.797702 0.462753
v 10.903421 5.797702 0.043927
v 10.942332 5.797702 0.367340
v 10.942332 5.797702 0.462753
v 10.994615 5.797702 0.043927
v 10.994615 5.797702 0.367340
v 10.942332 5.797702 -0.287197
v 10.994615 5.797702 -0.287197
v 10.903421 5.797702 -0.380719
v 10.942331 5.797702 -0.380719
v 10.942332 5.797702 0.367340
v 10.994615 5.797702 0.367340
v 10.994615 5.765707 0.368237
v 10.942332 5.765707 0.368237
v 10.994615 5.758528 0.374070
v 10.942332 5.758528 0.374070
v 10.942332 5.770110 -0.288115
v 10.994615 5.770110 -0.288115
v 10.994615 5.797702 -0.287197
v 10.942332 5.797702 -0.287197
v 10.942332 5.763232 -0.294535
v 10.994615 5.763232 -0.294535
v 10.994615 5.770110 -0.288115
v 10.942332 5.770110 -0.288115
v 10.942332 5.744430 -0.289032
v 10.994615 5.744430 -0.289032
v 10.994615 5.763232 -0.294535
v 10.942332 5.763232 -0.294535
v 10.942332 5.736634 -0.300496
v 10.994615 5.736634 -0.300496
v 10.994615 5.744430 -0.289032
v 10.942332 5.744430 -0.289032
v 10.942332 5.716915 -0.293618
v 10.994615 5.716915 -0.293618
v 10.994615 5.736634 -0.300496
v 10.942332 5.736634 -0.300496
v 10.942332 5.707285 -0.300955
v 10.994615 5.707285 -0.300955
v 10.994615 5.716915 -0.293618
v 10.942332 5.716915 -0.293618
v 10.942332 5.708202 -0.318840
v 10.994615 5.708202 -0.318840
v 10.994615 5.707285 -0.300955
v 10.942332 5.707285 -0.300955
v 10.942331 5.681605 -0.337183
v 10.994615 5.681605 -0.337183
v 10.994615 5.708202 -0.318840
v 10.942332 5.708202 -0.318840
v 10.942331 5.646294 -0.348647
v 10.994615 5.646294 -0.348647
v 10.994615 5.681605 -0.337183
v 10.942331 5.681605 -0.337183
v 10.942331 5.627492 -0.369283
v 10.994615 5.627492 -0.369283
v 10.994615 5.646294 -0.348647
v 10.942331 5.646294 -0.348647
v 10.942331 5.626110 -0.379957
v 10.994615 5.626110 -0.379957
v 10.994615 5.627492 -0.369283
v 10.942331 5.627492 -0.369283
v 10.903421 4.379471 0.043927
v 10.994615 4.379471 0.043927
v 10.994615 4.379471 -0.374424
v 10.903421 4.379471 -0.374424
v 10.903421 4.379471 0.450164
v 10.994615 4.379471 0.450164
v 10.903421 5.191987 0.457376
v 10.994615 5.191987 0.457376
v 10.994615 4.379471 0.450164
v 10.903421 4.379471 0.450164
v 10.942332 5.627510 0.461243
v 10.994615 5.627510 0.461243
v 10.903421 5.797702 0.462753
v 10.942332 5.797702 0.462753
v 10.942332 5.637380 0.437785
v 10.994615 5.637380 0.437785
v 10.994615 5.627510 0.461243
v 10.942332 5.627510 0.461243
v 10.942332 5.667442 0.418940
v 10.994615 5.667442 0.418940
v 10.942332 5.696158 0.405928
v 10.994615 5.696158 0.405928
v 10.942332 5.695710 0.381698
v 10.994615 5.695710 0.381698
v 10.994615 5.696158 0.405928
v 10.942332 5.696158 0.405928
v 10.942332 5.709619 0.369135
v 10.994615 5.709619 0.369135
v 10.994615 5.695710 0.381698
v 10.942332 5.695710 0.381698
v 10.942332 5.729811 0.379455
v 10.994615 5.729811 0.379455
v 10.994615 5.709619 0.369135
v 10.942332 5.709619 0.369135
v 10.942332 5.744169 0.368237
v 10.994615 5.744169 0.368237
v 10.994615 5.729811 0.379455
v 10.942332 5.729811 0.379455
v 10.942332 5.758528 0.374070
v 10.994615 5.758528 0.374070
v 10.994615 5.744169 0.368237
v 10.942332 5.744169 0.368237
v 10.903421 5.998198 0.043927
v 11.003457 5.998198 0.043927
v 11.003456 5.998198 -0.372061
v 10.903420 5.998198 -0.372061
v 10.903421 5.998198 0.452110
v 11.003457 5.998198 0.452109
v 10.903421 6.058437 0.444279
v 11.003457 6.058437 0.444279
v 11.003457 5.998198 0.452109
v 10.903421 5.998198 0.452110
v 10.903421 6.147504 0.432700
v 11.003457 6.147504 0.432700
v 10.903421 6.265456 0.384922
v 11.003457 6.265456 0.384922
v 10.903421 6.393860 0.287872
v 11.003457 6.393860 0.287872
v 10.903421 6.492402 0.149018
v 11.003457 6.492402 0.149018
v 11.003457 6.393860 0.287872
v 10.903421 6.393860 0.287872
v 10.903421 6.538687 0.043927
v 11.003457 6.538687 0.043927
v 10.903421 6.478964 -0.091365
v 11.003457 6.478964 -0.091365
v 11.003457 6.538687 0.043927
v 10.903421 6.538687 0.043927
v 10.903421 6.392366 -0.204838
v 11.003457 6.392366 -0.204838
v 10.903421 6.263964 -0.298901
v 11.003457 6.263964 -0.298901
v 10.903421 6.138546 -0.349665
v 11.003457 6.138546 -0.349665
v 10.903421 6.058437 -0.362448
v 11.003457 6.058437 -0.362448
v 10.903420 5.998198 -0.372061
v 11.003456 5.998198 -0.372061
v 10.903421 4.325535 -0.534174
v 10.857121 4.325535 -0.577504
v 11.008347 4.325535 -0.577504
v 10.903421 4.325535 0.043927
v 11.008347 4.325535 0.043927
v 10.903421 4.325535 0.596242
v 11.008347 4.325535 0.650260
v 10.857121 4.325535 0.650260
v 10.857121 4.325535 0.650260
v 11.008347 4.325535 0.650260
v 11.008347 5.191987 0.650260
v 10.857121 5.191987 0.650260
v 11.008347 5.797702 0.650260
v 10.857121 5.797702 0.650260
v 11.008347 6.058437 0.650260
v 10.857121 6.058437 0.650260
v 11.008347 6.249383 0.614032
v 10.857121 6.249383 0.614032
v 11.008347 6.417995 0.532733
v 10.857121 6.417995 0.532733
v 10.857121 6.058437 -0.577504
v 11.008347 6.058437 -0.577504
v 11.008347 5.797702 -0.577504
v 10.857121 5.797702 -0.577504
v 10.857121 6.151765 -0.560744
v 11.008347 6.151765 -0.560744
v 10.857121 6.332210 -0.499769
v 11.008347 6.332210 -0.499769
v 10.857121 6.514134 -0.377820
v 11.008347 6.514134 -0.377820
v 10.857121 6.628021 -0.255871
v 11.008347 6.628021 -0.255871
v 10.857121 6.709369 -0.093272
v 11.008347 6.709369 -0.093272
v 10.857121 6.746345 0.043927
v 11.008347 6.746345 0.043927
v 10.857121 6.715285 0.158756
v 11.008347 6.715285 0.158756
v 10.857121 6.662039 0.280705
v 11.008347 6.662039 0.280705
v 10.857121 6.564422 0.413494
v 11.008347 6.564422 0.413494
v 10.857121 6.417995 0.532733
v 11.008347 6.417995 0.532733
v 10.857121 5.191987 -0.577504
v 11.008347 5.191987 -0.577504
v 11.008347 4.325535 -0.577504
v 10.857121 4.325535 -0.577504
v 10.857121 5.797702 -0.577504
v 11.008347 5.797702 -0.577504
v 10.903421 4.379471 -0.374424
v 10.903421 5.191987 -0.378030
v 10.903421 5.191987 -0.533782
v 10.903421 4.325535 -0.534174
v 10.903421 5.797702 -0.531943
v 10.903421 4.325535 0.043927
v 10.903421 4.379471 0.043927
v 10.903421 4.379471 0.450164
v 10.903421 4.325535 0.596242
v 10.903421 5.191987 0.597617
v 10.903421 5.191987 0.457376
v 10.903421 5.797702 0.462753
v 10.903421 5.797702 -0.380719
v 10.903421 5.797702 0.598578
v 10.903420 5.998198 -0.372061
v 10.903421 6.058437 -0.531151
v 10.903421 5.797702 0.043927
v 10.903421 6.058437 -0.362448
v 10.903421 5.998198 0.043927
v 10.903421 6.134774 -0.512724
v 10.903421 6.138546 -0.349665
v 10.903421 6.309039 -0.470656
v 10.903421 6.263964 -0.298901
v 10.903421 6.479522 -0.341419
v 10.903421 6.392366 -0.204838
v 10.903421 6.589512 -0.223180
v 10.903421 6.478964 -0.091365
v 10.903421 6.666504 -0.085693
v 10.903421 6.538687 0.043927
v 10.903421 6.694002 0.043927
v 10.903421 6.625259 0.241526
v 10.903421 6.492402 0.149018
v 10.903421 6.531767 0.368014
v 10.903421 6.393860 0.287872
v 10.903421 6.386031 0.480753
v 10.903421 6.265456 0.384922
v 10.903421 6.237545 0.557746
v 10.903421 6.147504 0.432700
v 10.903421 6.058437 0.598992
v 10.903421 6.058437 0.444279
v 10.903421 5.998198 0.452110
vt 0.906800 0.962800
vt 0.930000 0.986400
vt 0.703700 0.986400
vt 0.703600 0.961500
vt 0.498800 0.960300
vt 0.475000 0.986400
vt 0.847400 0.894200
vt 0.845700 0.447400
vt 0.904300 0.429000
vt 0.906800 0.962800
vt 0.702400 0.429000
vt 0.703600 0.961500
vt 0.702700 0.447400
vt 0.704300 0.894200
vt 0.559700 0.447400
vt 0.559700 0.894200
vt 0.500500 0.429000
vt 0.498800 0.960300
vt 0.587900 0.868700
vt 0.585900 0.873800
vt 0.584100 0.876400
vt 0.583900 0.863100
vt 0.577900 0.866400
vt 0.572500 0.865100
vt 0.588400 0.880000
vt 0.586400 0.888700
vt 0.586100 0.894200
vt 0.559700 0.894200
vt 0.569000 0.859000
vt 0.565200 0.840800
vt 0.559700 0.838500
vt 0.568700 0.847200
vt 0.823100 0.874500
vt 0.824900 0.876200
vt 0.822600 0.879400
vt 0.823200 0.868400
vt 0.704300 0.894200
vt 0.827900 0.866200
vt 0.836500 0.865400
vt 0.832100 0.868300
vt 0.842700 0.844200
vt 0.845700 0.447400
vt 0.847200 0.837300
vt 0.702700 0.447400
vt 0.822400 0.891300
vt 0.823100 0.885200
vt 0.824400 0.887700
vt 0.822400 0.894200
vt 0.559700 0.447400
vt 0.586100 0.894200
vt 0.586400 0.888700
vt 0.588400 0.880000
vt 0.587900 0.868700
vt 0.585900 0.873800
vt 0.584100 0.876400
vt 0.583900 0.863100
vt 0.565200 0.840800
vt 0.559700 0.838500
vt 0.568700 0.847200
vt 0.572500 0.865100
vt 0.577900 0.866400
vt 0.569000 0.859000
vt 0.842700 0.844200
vt 0.839300 0.855800
vt 0.836500 0.865400
vt 0.824400 0.887700
vt 0.823100 0.885200
vt 0.822600 0.879400
vt 0.847400 0.894200
vt 0.822400 0.891300
vt 0.822400 0.894200
vt 0.824900 0.876200
vt 0.823100 0.874500
vt 0.827900 0.866200
vt 0.823200 0.868400
vt 0.832100 0.868300
vt 0.836500 0.865400
vt 0.847200 0.837300
vt 0.839300 0.855800
vt 0.842700 0.844200
vt 0.505900 0.946700
vt 0.505900 0.777600
vt 0.526100 0.917100
vt 0.526100 0.946700
vt 0.556400 0.777600
vt 0.556400 0.917100
vt 0.526100 0.638100
vt 0.556400 0.638100
vt 0.505900 0.606800
vt 0.526100 0.606800
vt 0.505900 1.011400
vt 0.505900 0.498200
vt 0.526100 0.947500
vt 0.526100 1.011400
vt 0.556400 0.947500
vt 0.556400 0.498200
vt 0.559700 0.838500
vt 0.559700 0.838500
vt 0.565200 0.840800
vt 0.565200 0.840800
vt 0.568700 0.847200
vt 0.568700 0.847200
vt 0.569000 0.859000
vt 0.569000 0.859000
vt 0.572500 0.865100
vt 0.572500 0.865100
vt 0.505900 0.755200
vt 0.556400 0.755200
vt 0.556400 0.924100
vt 0.505900 0.924100
vt 0.505900 0.586300
vt 0.556400 0.586300
vt 0.536200 0.883000
vt 0.505900 0.883000
vt 0.505900 0.435100
vt 0.556400 0.435100
vt 0.556400 0.948300
vt 0.536200 0.948300
vt 0.842700 0.844200
vt 0.842700 0.844200
vt 0.847200 0.837300
vt 0.847200 0.837300
vt 0.839300 0.855800
vt 0.839300 0.855800
vt 0.836500 0.865400
vt 0.836500 0.865400
vt 0.832100 0.868300
vt 0.832100 0.868300
vt 0.827900 0.866200
vt 0.827900 0.866200
vt 0.832100 0.868300
vt 0.832100 0.868300
vt 0.823200 0.868400
vt 0.823200 0.868400
vt 0.827900 0.866200
vt 0.827900 0.866200
vt 0.823100 0.874500
vt 0.823100 0.874500
vt 0.823200 0.868400
vt 0.823200 0.868400
vt 0.824900 0.876200
vt 0.824900 0.876200
vt 0.823100 0.874500
vt 0.823100 0.874500
vt 0.822600 0.879400
vt 0.822600 0.879400
vt 0.824900 0.876200
vt 0.824900 0.876200
vt 0.823100 0.885200
vt 0.823100 0.885200
vt 0.824400 0.887700
vt 0.824400 0.887700
vt 0.822400 0.891300
vt 0.822400 0.891300
vt 0.824400 0.887700
vt 0.824400 0.887700
vt 0.822400 0.894200
vt 0.822400 0.894200
vt 0.586400 0.888700
vt 0.586400 0.888700
vt 0.586100 0.894200
vt 0.586100 0.894200
vt 0.588400 0.880000
vt 0.588400 0.880000
vt 0.584100 0.876400
vt 0.584100 0.876400
vt 0.588400 0.880000
vt 0.588400 0.880000
vt 0.585900 0.873800
vt 0.585900 0.873800
vt 0.584100 0.876400
vt 0.584100 0.876400
vt 0.587900 0.868700
vt 0.587900 0.868700
vt 0.583900 0.863100
vt 0.583900 0.863100
vt 0.587900 0.868700
vt 0.587900 0.868700
vt 0.577900 0.866400
vt 0.577900 0.866400
vt 0.583900 0.863100
vt 0.583900 0.863100
vt 0.572500 0.865100
vt 0.572500 0.865100
vt 0.703700 0.996400
vt 0.465900 0.996400
vt 0.475000 0.986400
vt 0.703700 0.986400
vt 0.930000 0.986400
vt 0.939800 0.996400
vt 0.906800 0.962800
vt 0.930000 0.986400
vt 0.816800 0.986400
vt 0.805200 0.962100
vt 0.928200 0.996400
vt 0.816000 0.996400
vt 0.906800 0.962800
vt 0.805200 0.962100
vt 0.816800 0.986400
vt 0.930000 0.986400
vt 0.928200 0.996400
vt 0.816000 0.996400
vt 0.018600 0.002200
vt 0.059200 0.002800
vt 0.059100 0.482700
vt 0.018600 0.482100
vt 0.021600 0.230700
vt 0.062100 0.231300
vt 0.059200 0.417900
vt 0.018600 0.417400
vt 0.024500 0.044100
vt 0.065100 0.044600
vt 0.028000 0.010100
vt 0.068600 0.010700
vt 0.065100 0.488300
vt 0.024500 0.487700
vt 0.664100 0.415500
vt 0.606800 0.409400
vt 0.639400 0.364000
vt 0.671900 0.366400
vt 0.592100 0.355900
vt 0.689600 0.415500
vt 0.565100 0.399100
vt 0.719500 0.363300
vt 0.737600 0.409400
vt 0.769400 0.353500
vt 0.781600 0.398400
vt 0.817400 0.385900
vt 0.799700 0.341300
vt 0.848100 0.386100
vt 0.844500 0.333800
vt 0.548800 0.342900
vt 0.536600 0.388100
vt 0.848100 0.000000
vt 0.493700 0.389000
vt 0.501500 0.333800
vt 0.844500 0.008000
vt 0.833400 0.322800
vt 0.512000 0.322700
vt 0.833800 0.018200
vt 0.511400 0.019000
vt 0.501500 0.008000
vt 0.493700 0.000000
vt 0.501200 0.008000
vt 0.501500 0.008300
vt 0.769400 0.353500
vt 0.719500 0.363300
vt 0.671900 0.366400
vt 0.548800 0.342900
vt 0.799700 0.341300
vt 0.592100 0.355900
vt 0.639400 0.364000
vt 0.823100 0.028400
vt 0.822300 0.311800
vt 0.800000 0.289800
vt 0.801800 0.048900
vt 0.833800 0.018200
vt 0.833400 0.322800
vt 0.801800 0.048900
vt 0.800000 0.289800
vt 0.543400 0.289300
vt 0.541200 0.051000
vt 0.440800 0.167200
vt 0.472600 0.167200
vt 0.472600 0.203700
vt 0.440800 0.203700
vt 0.472600 0.242600
vt 0.440800 0.242600
vt 0.472600 0.268900
vt 0.440800 0.268900
vt 0.472600 0.307600
vt 0.440800 0.307600
vt 0.472600 0.348700
vt 0.440800 0.348700
vt 0.472600 0.375100
vt 0.440800 0.375100
vt 0.440800 0.375100
vt 0.472600 0.375100
vt 0.472600 0.578100
vt 0.440800 0.578100
vt 0.440800 0.081700
vt 0.472600 0.081700
vt 0.472600 0.289300
vt 0.440800 0.289300
vt 0.440800 0.089100
vt 0.472600 0.089100
vt 0.472600 0.281900
vt 0.440800 0.281900
vt 0.440800 0.080100
vt 0.472600 0.080100
vt 0.472600 0.290900
vt 0.440800 0.290900
vt 0.440800 0.088000
vt 0.472600 0.088000
vt 0.472600 0.283000
vt 0.440800 0.283000
vt 0.801800 0.048900
vt 0.541200 0.051000
vt 0.521300 0.029700
vt 0.823100 0.028400
vt 0.511400 0.019000
vt 0.833800 0.018200
vt 0.541200 0.051000
vt 0.543400 0.289300
vt 0.522400 0.311500
vt 0.521300 0.029700
vt 0.512000 0.322700
vt 0.511400 0.019000
vt 0.543400 0.289300
vt 0.800000 0.289800
vt 0.822300 0.311800
vt 0.522400 0.311500
vt 0.833400 0.322800
vt 0.512000 0.322700
vt 0.664100 0.415500
vt 0.606800 0.409400
vt 0.639400 0.364000
vt 0.671900 0.366400
vt 0.592100 0.355900
vt 0.689600 0.415500
vt 0.565100 0.399100
vt 0.719500 0.363300
vt 0.737600 0.409400
vt 0.769400 0.353500
vt 0.781600 0.398400
vt 0.817400 0.385900
vt 0.799700 0.341300
vt 0.848100 0.386100
vt 0.844500 0.333800
vt 0.548800 0.342900
vt 0.536600 0.388100
vt 0.848100 0.000000
vt 0.493700 0.389000
vt 0.501500 0.333800
vt 0.844500 0.008000
vt 0.833400 0.322800
vt 0.512000 0.322700
vt 0.833800 0.018200
vt 0.511400 0.019000
vt 0.501500 0.008000
vt 0.493700 0.000000
vt 0.501200 0.008000
vt 0.501500 0.008300
vt 0.769400 0.353500
vt 0.719500 0.363300
vt 0.671900 0.366400
vt 0.548800 0.342900
vt 0.799700 0.341300
vt 0.592100 0.355900
vt 0.639400 0.364000
vt 0.823100 0.028400
vt 0.822300 0.311800
vt 0.800000 0.289800
vt 0.801800 0.048900
vt 0.833800 0.018200
vt 0.833400 0.322800
vt 0.801800 0.048900
vt 0.800000 0.289800
vt 0.543400 0.289300
vt 0.541200 0.051000
vt 0.440800 0.167200
vt 0.472600 0.167200
vt 0.472600 0.203700
vt 0.440800 0.203700
vt 0.472600 0.242600
vt 0.440800 0.242600
vt 0.472600 0.268900
vt 0.440800 0.268900
vt 0.472600 0.307600
vt 0.440800 0.307600
vt 0.472600 0.348700
vt 0.440800 0.348700
vt 0.472600 0.375100
vt 0.440800 0.375100
vt 0.440800 0.375100
vt 0.472600 0.375100
vt 0.472600 0.578100
vt 0.440800 0.578100
vt 0.440800 0.081700
vt 0.472600 0.081700
vt 0.472600 0.289300
vt 0.440800 0.289300
vt 0.440800 0.089100
vt 0.472600 0.089100
vt 0.472600 0.281900
vt 0.440800 0.281900
vt 0.440800 0.080100
vt 0.472600 0.080100
vt 0.472600 0.290900
vt 0.440800 0.290900
vt 0.440800 0.088000
vt 0.472600 0.088000
vt 0.472600 0.283000
vt 0.440800 0.283000
vt 0.801800 0.048900
vt 0.541200 0.051000
vt 0.521300 0.029700
vt 0.823100 0.028400
vt 0.511400 0.019000
vt 0.833800 0.018200
vt 0.541200 0.051000
vt 0.543400 0.289300
vt 0.522400 0.311500
vt 0.521300 0.029700
vt 0.512000 0.322700
vt 0.511400 0.019000
vt 0.543400 0.289300
vt 0.800000 0.289800
vt 0.822300 0.311800
vt 0.522400 0.311500
vt 0.833400 0.322800
vt 0.512000 0.322700
vt -0.000000 0.336100
vt 0.017500 0.336100
vt 0.017400 0.000000
vt 0.000000 0.000000
vt -0.000000 0.571100
vt 0.018300 0.571100
vt -0.000000 0.672200
vt 0.018600 0.672200
vt 0.006700 0.708400
vt 0.026000 0.701800
vt 0.042900 0.769400
vt 0.031200 0.778400
vt 0.094700 0.835600
vt 0.080100 0.849000
vt 0.142200 0.878200
vt 0.129000 0.893200
vt 0.197300 0.908100
vt 0.194300 0.924700
vt 0.249300 0.918800
vt 0.249300 0.939100
vt 0.295400 0.927000
vt 0.328600 0.892100
vt 0.344300 0.906400
vt 0.379300 0.855800
vt 0.397600 0.868500
vt 0.424600 0.799300
vt 0.445400 0.811700
vt 0.455500 0.741700
vt 0.478000 0.746300
vt 0.472000 0.672200
vt 0.492600 0.672200
vt 0.492600 0.571100
vt 0.471800 0.571100
vt 0.471500 0.336100
vt 0.492600 0.336100
vt 0.492600 0.000000
vt 0.470900 0.000000
vt 0.249300 0.858500
vt 0.249300 0.672200
vt 0.086300 0.672200
vt 0.091400 0.703300
vt 0.111800 0.751900
vt 0.149500 0.801700
vt 0.195000 0.835300
vt 0.249300 0.648800
vt 0.082400 0.648800
vt 0.409900 0.672200
vt 0.413100 0.648800
vt 0.386100 0.752500
vt 0.405300 0.706800
vt 0.291500 0.840600
vt 0.347200 0.802300
vt 0.081500 0.020900
vt 0.080000 0.336100
vt 0.249300 0.336100
vt 0.249300 0.020900
vt 0.412300 0.020900
vt 0.415200 0.336100
vt 0.249300 0.571100
vt 0.079300 0.504500
vt 0.083500 0.505000
vt 0.091800 0.512300
vt 0.096400 0.526000
vt 0.103800 0.536400
vt 0.111000 0.536000
vt 0.113900 0.539700
vt 0.407300 0.508900
vt 0.416700 0.505100
vt 0.384800 0.531500
vt 0.399800 0.520500
vt 0.394500 0.531700
vt 0.379800 0.536900
vt 0.111100 0.547400
vt 0.115700 0.550400
vt 0.379400 0.550300
vt 0.383900 0.544700
vt 0.379400 0.558700
vt 0.381800 0.555900
vt 0.379100 0.571100
vt 0.116100 0.560400
vt 0.116500 0.571100
vt 0.113500 0.557700
vt 0.383900 0.544700
vt 0.379400 0.550300
vt 0.381800 0.555900
vt 0.379100 0.571100
vt 0.379400 0.558700
vt 0.394500 0.531700
vt 0.379800 0.536900
vt 0.384800 0.531500
vt 0.399800 0.520500
vt 0.416700 0.505100
vt 0.417300 0.571100
vt 0.407300 0.508900
vt 0.083500 0.505000
vt 0.079300 0.504500
vt 0.078900 0.571100
vt 0.096400 0.526000
vt 0.091800 0.512300
vt 0.103800 0.536400
vt 0.116500 0.571100
vt 0.116100 0.560400
vt 0.113500 0.557700
vt 0.111100 0.547400
vt 0.115700 0.550400
vt 0.111000 0.536000
vt 0.113900 0.539700
vt 0.026100 0.567200
vt 0.041000 0.567200
vt 0.041000 0.501500
vt 0.026100 0.335300
vt 0.061000 0.335300
vt 0.061000 0.501500
vt 0.026100 0.024100
vt 0.061000 0.024100
vt 0.434500 0.520700
vt 0.454400 0.520700
vt 0.454400 0.471900
vt 0.434500 0.306200
vt 0.481200 0.306200
vt 0.481200 0.471900
vt 0.454400 0.136600
vt 0.481200 0.136600
vt 0.434500 0.088700
vt 0.454400 0.088700
vt 0.022400 0.347800
vt 0.022400 0.371600
vt 0.061100 0.371600
vt 0.061100 0.347800
vt 0.022400 0.341000
vt 0.061100 0.341000
vt 0.061100 0.370000
vt 0.061100 0.349400
vt 0.022400 0.349400
vt 0.022400 0.370000
vt 0.061100 0.363200
vt 0.061100 0.356200
vt 0.022400 0.356200
vt 0.022400 0.363200
vt 0.061100 0.367000
vt 0.061100 0.352400
vt 0.022400 0.352400
vt 0.022400 0.367000
vt 0.061100 0.364800
vt 0.061100 0.354600
vt 0.022400 0.354600
vt 0.022400 0.364800
vt 0.061100 0.367400
vt 0.061100 0.352000
vt 0.022400 0.352000
vt 0.022400 0.367400
vt 0.061100 0.364200
vt 0.061100 0.355200
vt 0.022400 0.355200
vt 0.022400 0.364200
vt 0.022400 0.353100
vt 0.022400 0.366300
vt 0.061100 0.366300
vt 0.061100 0.353100
vt 0.061100 0.371600
vt 0.061100 0.347800
vt 0.022400 0.347800
vt 0.022400 0.371600
vt 0.061100 0.373400
vt 0.061100 0.345900
vt 0.022400 0.345900
vt 0.022400 0.373400
vt 0.061100 0.370000
vt 0.061100 0.349400
vt 0.022400 0.349400
vt 0.022400 0.370000
vt 0.061100 0.363700
vt 0.061100 0.355700
vt 0.022400 0.355700
vt 0.022400 0.363700
vt 0.151100 0.019000
vt 0.255400 0.019000
vt 0.255400 0.003700
vt 0.151100 0.003700
vt 0.356600 0.003700
vt 0.356600 0.019000
vt 0.435000 0.021200
vt 0.435000 0.337100
vt 0.470400 0.337100
vt 0.470400 0.021200
vt 0.455300 0.506400
vt 0.435000 0.506400
vt 0.470400 0.572600
vt 0.455300 0.572600
vt 0.022400 0.198900
vt 0.022400 0.217700
vt 0.061100 0.217700
vt 0.061100 0.198900
vt 0.061100 0.244000
vt 0.022400 0.244000
vt 0.061100 0.267400
vt 0.022400 0.267400
vt 0.022400 0.267400
vt 0.022400 0.285300
vt 0.061100 0.285300
vt 0.061100 0.267400
vt 0.022400 0.285300
vt 0.022400 0.299200
vt 0.061100 0.299200
vt 0.061100 0.285300
vt 0.022400 0.299200
vt 0.022400 0.316000
vt 0.061100 0.316000
vt 0.061100 0.299200
vt 0.022400 0.316000
vt 0.022400 0.329500
vt 0.061100 0.329500
vt 0.061100 0.316000
vt 0.022400 0.329500
vt 0.022400 0.341000
vt 0.061100 0.341000
vt 0.061100 0.329500
vt 0.068600 0.429300
vt 0.068600 0.290500
vt 0.028200 0.290500
vt 0.028200 0.429300
vt 0.028200 0.154200
vt 0.068600 0.154200
vt 0.068600 0.154200
vt 0.068600 0.134100
vt 0.028200 0.134100
vt 0.028200 0.154200
vt 0.028200 0.104400
vt 0.068600 0.104400
vt 0.028200 0.065000
vt 0.068600 0.065000
vt 0.028200 0.022200
vt 0.068600 0.022200
vt 0.068600 0.725200
vt 0.068600 0.678900
vt 0.028200 0.678900
vt 0.028200 0.725200
vt 0.028200 0.643800
vt 0.068600 0.643800
vt 0.068600 0.643800
vt 0.068600 0.598700
vt 0.028200 0.598700
vt 0.028200 0.643800
vt 0.028200 0.560800
vt 0.068600 0.560800
vt 0.028200 0.518000
vt 0.068600 0.518000
vt 0.028200 0.476100
vt 0.068600 0.476100
vt 0.028200 0.449400
vt 0.068600 0.449400
vt 0.028200 0.429300
vt 0.068600 0.429300
vt 0.017700 0.549700
vt 0.063600 0.549700
vt 0.063600 0.530800
vt 0.017700 0.277700
vt 0.063600 0.277700
vt 0.017700 0.012300
vt 0.063600 0.036000
vt 0.063600 0.012300
vt 0.017700 0.415700
vt 0.017700 0.708200
vt 0.063600 0.708200
vt 0.063600 0.415700
vt 0.017700 0.211300
vt 0.063600 0.211300
vt 0.017700 0.123300
vt 0.063600 0.123300
vt 0.017700 0.058800
vt 0.063600 0.058800
vt 0.017700 0.001900
vt 0.063600 0.001900
vt 0.017700 0.000700
vt 0.017700 0.114900
vt 0.063600 0.114900
vt 0.063600 0.000700
vt 0.063600 0.155700
vt 0.017700 0.155700
vt 0.063600 0.234700
vt 0.017700 0.234700
vt 0.063600 0.314300
vt 0.017700 0.314300
vt 0.063600 0.367700
vt 0.017700 0.367700
vt 0.063600 0.438900
vt 0.017700 0.438900
vt 0.063600 0.498900
vt 0.017700 0.498900
vt 0.063600 0.549200
vt 0.017700 0.549200
vt 0.063600 0.602600
vt 0.017700 0.602600
vt 0.063600 0.660700
vt 0.017700 0.660700
vt 0.063600 0.724800
vt 0.017700 0.724800
vt 0.017700 0.008300
vt 0.017700 0.387600
vt 0.063600 0.387600
vt 0.063600 0.008300
vt 0.063600 0.652700
vt 0.017700 0.652700
vt 0.017500 0.336100
vt 0.080000 0.336100
vt 0.081500 0.020900
vt 0.017400 0.000000
vt 0.018300 0.571100
vt 0.249300 0.000000
vt 0.249300 0.020900
vt 0.412300 0.020900
vt 0.470900 0.000000
vt 0.471500 0.336100
vt 0.415200 0.336100
vt 0.417300 0.571100
vt 0.078900 0.571100
vt 0.471800 0.571100
vt 0.082400 0.648800
vt 0.018600 0.672200
vt 0.249300 0.571100
vt 0.086300 0.672200
vt 0.249300 0.648800
vt 0.026000 0.701800
vt 0.091400 0.703300
vt 0.042900 0.769400
vt 0.111800 0.751900
vt 0.094700 0.835600
vt 0.149500 0.801700
vt 0.142200 0.878200
vt 0.195000 0.835300
vt 0.197300 0.908100
vt 0.249300 0.858500
vt 0.249300 0.918800
vt 0.328600 0.892100
vt 0.291500 0.840600
vt 0.379300 0.855800
vt 0.347200 0.802300
vt 0.424600 0.799300
vt 0.386100 0.752500
vt 0.455500 0.741700
vt 0.405300 0.706800
vt 0.472000 0.672200
vt 0.409900 0.672200
vt 0.413100 0.648800
vt 0.017400 0.000000
vt 0.017500 0.336100
vt -0.000000 0.336100
vt 0.000000 0.000000
vt -0.000000 0.571100
vt 0.018300 0.571100
vt -0.000000 0.672200
vt 0.018600 0.672200
vt 0.006700 0.708400
vt 0.026000 0.701800
vt 0.042900 0.769400
vt 0.031200 0.778400
vt 0.094700 0.835600
vt 0.080100 0.849000
vt 0.142200 0.878200
vt 0.129000 0.893200
vt 0.197300 0.908100
vt 0.194300 0.924700
vt 0.249300 0.918800
vt 0.249300 0.939100
vt 0.295400 0.927000
vt 0.328600 0.892100
vt 0.344300 0.906400
vt 0.379300 0.855800
vt 0.397600 0.868500
vt 0.424600 0.799300
vt 0.445400 0.811700
vt 0.455500 0.741700
vt 0.478000 0.746300
vt 0.472000 0.672200
vt 0.492600 0.672200
vt 0.492600 0.571100
vt 0.471800 0.571100
vt 0.471500 0.336100
vt 0.492600 0.336100
vt 0.492600 0.000000
vt 0.470900 0.000000
vt 0.149500 0.801700
vt 0.111800 0.751900
vt 0.091400 0.703300
vt 0.249300 0.672200
vt 0.086300 0.672200
vt 0.249300 0.858500
vt 0.195000 0.835300
vt 0.291500 0.840600
vt 0.386100 0.752500
vt 0.347200 0.802300
vt 0.405300 0.706800
vt 0.409900 0.672200
vt 0.249300 0.648800
vt 0.082400 0.648800
vt 0.413100 0.648800
vt 0.249300 0.336100
vt 0.080000 0.336100
vt 0.081500 0.020900
vt 0.249300 0.020900
vt 0.412300 0.020900
vt 0.415200 0.336100
vt 0.249300 0.571100
vt 0.416700 0.505100
vt 0.407300 0.508900
vt 0.384800 0.531500
vt 0.399800 0.520500
vt 0.394500 0.531700
vt 0.379800 0.536900
vt 0.379400 0.550300
vt 0.383900 0.544700
vt 0.379400 0.558700
vt 0.381800 0.555900
vt 0.379100 0.571100
vt 0.116500 0.571100
vt 0.116100 0.560400
vt 0.115700 0.550400
vt 0.113500 0.557700
vt 0.111100 0.547400
vt 0.113900 0.539700
vt 0.111000 0.536000
vt 0.091800 0.512300
vt 0.096400 0.526000
vt 0.103800 0.536400
vt 0.083500 0.505000
vt 0.079300 0.504500
vt 0.394500 0.531700
vt 0.399800 0.520500
vt 0.407300 0.508900
vt 0.417300 0.571100
vt 0.416700 0.505100
vt 0.381800 0.555900
vt 0.379400 0.558700
vt 0.379100 0.571100
vt 0.383900 0.544700
vt 0.379400 0.550300
vt 0.384800 0.531500
vt 0.379800 0.536900
vt 0.083500 0.505000
vt 0.091800 0.512300
vt 0.096400 0.526000
vt 0.078900 0.571100
vt 0.079300 0.504500
vt 0.116500 0.571100
vt 0.111100 0.547400
vt 0.103800 0.536400
vt 0.113900 0.539700
vt 0.111000 0.536000
vt 0.113500 0.557700
vt 0.115700 0.550400
vt 0.116100 0.560400
vt 0.026100 0.567200
vt 0.026100 0.335300
vt 0.041000 0.501500
vt 0.041000 0.567200
vt 0.061000 0.335300
vt 0.061000 0.501500
vt 0.026100 0.024100
vt 0.061000 0.024100
vt 0.434500 0.520700
vt 0.434500 0.306200
vt 0.454400 0.471900
vt 0.454400 0.520700
vt 0.481200 0.306200
vt 0.481200 0.471900
vt 0.454400 0.136600
vt 0.481200 0.136600
vt 0.434500 0.088700
vt 0.454400 0.088700
vt 0.061100 0.371600
vt 0.022400 0.371600
vt 0.022400 0.347800
vt 0.061100 0.347800
vt 0.022400 0.341000
vt 0.061100 0.341000
vt 0.022400 0.349400
vt 0.061100 0.349400
vt 0.061100 0.370000
vt 0.022400 0.370000
vt 0.022400 0.356200
vt 0.061100 0.356200
vt 0.061100 0.363200
vt 0.022400 0.363200
vt 0.022400 0.352400
vt 0.061100 0.352400
vt 0.061100 0.367000
vt 0.022400 0.367000
vt 0.022400 0.354600
vt 0.061100 0.354600
vt 0.061100 0.364800
vt 0.022400 0.364800
vt 0.022400 0.352000
vt 0.061100 0.352000
vt 0.061100 0.367400
vt 0.022400 0.367400
vt 0.022400 0.355200
vt 0.061100 0.355200
vt 0.061100 0.364200
vt 0.022400 0.364200
vt 0.061100 0.366300
vt 0.022400 0.366300
vt 0.022400 0.353100
vt 0.061100 0.353100
vt 0.022400 0.347800
vt 0.061100 0.347800
vt 0.061100 0.371600
vt 0.022400 0.371600
vt 0.022400 0.345900
vt 0.061100 0.345900
vt 0.061100 0.373400
vt 0.022400 0.373400
vt 0.022400 0.349400
vt 0.061100 0.349400
vt 0.061100 0.370000
vt 0.022400 0.370000
vt 0.022400 0.355700
vt 0.061100 0.355700
vt 0.061100 0.363700
vt 0.022400 0.363700
vt 0.255400 0.003700
vt 0.255400 0.019000
vt 0.151100 0.019000
vt 0.151100 0.003700
vt 0.356600 0.003700
vt 0.356600 0.019000
vt 0.470400 0.337100
vt 0.435000 0.337100
vt 0.435000 0.021200
vt 0.470400 0.021200
vt 0.455300 0.506400
vt 0.435000 0.506400
vt 0.470400 0.572600
vt 0.455300 0.572600
vt 0.061100 0.217700
vt 0.022400 0.217700
vt 0.022400 0.198900
vt 0.061100 0.198900
vt 0.061100 0.244000
vt 0.022400 0.244000
vt 0.061100 0.267400
vt 0.022400 0.267400
vt 0.061100 0.285300
vt 0.022400 0.285300
vt 0.022400 0.267400
vt 0.061100 0.267400
vt 0.061100 0.299200
vt 0.022400 0.299200
vt 0.022400 0.285300
vt 0.061100 0.285300
vt 0.061100 0.316000
vt 0.022400 0.316000
vt 0.022400 0.299200
vt 0.061100 0.299200
vt 0.061100 0.329500
vt 0.022400 0.329500
vt 0.022400 0.316000
vt 0.061100 0.316000
vt 0.061100 0.341000
vt 0.022400 0.341000
vt 0.022400 0.329500
vt 0.061100 0.329500
vt 0.028200 0.290500
vt 0.068600 0.290500
vt 0.068600 0.429300
vt 0.028200 0.429300
vt 0.028200 0.154200
vt 0.068600 0.154200
vt 0.028200 0.134100
vt 0.068600 0.134100
vt 0.068600 0.154200
vt 0.028200 0.154200
vt 0.028200 0.104400
vt 0.068600 0.104400
vt 0.028200 0.065000
vt 0.068600 0.065000
vt 0.028200 0.022200
vt 0.068600 0.022200
vt 0.028200 0.678900
vt 0.068600 0.678900
vt 0.068600 0.725200
vt 0.028200 0.725200
vt 0.028200 0.643800
vt 0.068600 0.643800
vt 0.028200 0.598700
vt 0.068600 0.598700
vt 0.068600 0.643800
vt 0.028200 0.643800
vt 0.028200 0.560800
vt 0.068600 0.560800
vt 0.028200 0.518000
vt 0.068600 0.518000
vt 0.028200 0.476100
vt 0.068600 0.476100
vt 0.028200 0.449400
vt 0.068600 0.449400
vt 0.028200 0.429300
vt 0.068600 0.429300
vt 0.063600 0.530800
vt 0.063600 0.549700
vt 0.017700 0.549700
vt 0.063600 0.277700
vt 0.017700 0.277700
vt 0.063600 0.036000
vt 0.017700 0.012300
vt 0.063600 0.012300
vt 0.063600 0.708200
vt 0.017700 0.708200
vt 0.017700 0.415700
vt 0.063600 0.415700
vt 0.017700 0.211300
vt 0.063600 0.211300
vt 0.017700 0.123300
vt 0.063600 0.123300
vt 0.017700 0.058800
vt 0.063600 0.058800
vt 0.017700 0.001900
vt 0.063600 0.001900
vt 0.063600 0.114900
vt 0.017700 0.114900
vt 0.017700 0.000700
vt 0.063600 0.000700
vt 0.063600 0.155700
vt 0.017700 0.155700
vt 0.063600 0.234700
vt 0.017700 0.234700
vt 0.063600 0.314300
vt 0.017700 0.314300
vt 0.063600 0.367700
vt 0.017700 0.367700
vt 0.063600 0.438900
vt 0.017700 0.438900
vt 0.063600 0.498900
vt 0.017700 0.498900
vt 0.063600 0.549200
vt 0.017700 0.549200
vt 0.063600 0.602600
vt 0.017700 0.602600
vt 0.063600 0.660700
vt 0.017700 0.660700
vt 0.063600 0.724800
vt 0.017700 0.724800
vt 0.063600 0.387600
vt 0.017700 0.387600
vt 0.017700 0.008300
vt 0.063600 0.008300
vt 0.063600 0.652700
vt 0.017700 0.652700
vt 0.081500 0.020900
vt 0.080000 0.336100
vt 0.017500 0.336100
vt 0.017400 0.000000
vt 0.018300 0.571100
vt 0.249300 0.000000
vt 0.249300 0.020900
vt 0.412300 0.020900
vt 0.470900 0.000000
vt 0.471500 0.336100
vt 0.415200 0.336100
vt 0.417300 0.571100
vt 0.078900 0.571100
vt 0.471800 0.571100
vt 0.082400 0.648800
vt 0.018600 0.672200
vt 0.249300 0.571100
vt 0.086300 0.672200
vt 0.249300 0.648800
vt 0.026000 0.701800
vt 0.091400 0.703300
vt 0.042900 0.769400
vt 0.111800 0.751900
vt 0.094700 0.835600
vt 0.149500 0.801700
vt 0.142200 0.878200
vt 0.195000 0.835300
vt 0.197300 0.908100
vt 0.249300 0.858500
vt 0.249300 0.918800
vt 0.328600 0.892100
vt 0.291500 0.840600
vt 0.379300 0.855800
vt 0.347200 0.802300
vt 0.424600 0.799300
vt 0.386100 0.752500
vt 0.455500 0.741700
vt 0.405300 0.706800
vt 0.472000 0.672200
vt 0.409900 0.672200
vt 0.413100 0.648800
vn -0.00040 -0.78159 -0.62379
vn 0.00000 -0.78292 -0.62212
vn -0.00400 -0.76720 -0.64140
vn -0.00450 -0.76720 -0.64140
vn -0.00040 -0.75287 -0.65817
vn 0.00000 -0.75152 -0.65971
vn 0.00000 0.00000 -1.00000
vn 0.00000 0.00000 -1.00000
vn 0.00000 0.00000 -1.00000
vn 0.00000 0.00000 -1.00000
vn 0.00000 0.00000 -1.00000
vn 0.00000 0.00000 -1.00000
vn 0.00000 0.00000 -1.00000
vn 0.00000 0.00000 -1.00000
vn 0.00000 0.00000 -1.00000
vn 0.00000 0.00000 -1.00000
vn 0.00000 0.00000 -1.00000
vn 0.00000 0.00000 -1.00000
vn 0.00000 0.00000 -1.00000
vn 0.00000 0.00000 -1.00000
vn 0.00000 0.00000 -1.00000
vn 0.00000 0.00000 -1.00000
vn 0.00000 0.00000 -1.00000
vn 0.00000 0.00000 -1.00000
vn 0.00000 0.00000 -1.00000
vn 0.00000 0.00000 -1.00000
vn 0.00000 0.00000 -1.00000
vn 0.00000 0.00000 -1.00000
vn 0.00000 0.00000 -1.00000
vn 0.00000 0.00000 -1.00000
vn 0.00000 0.00000 -1.00000
vn 0.00000 0.00000 -1.00000
vn 0.00000 0.00000 -1.00000
vn 0.00000 0.00000 -1.00000
vn 0.00000 0.00000 -1.00000
vn 0.00000 0.00000 -1.00000
vn 0.00000 0.00000 -1.00000
vn 0.00000 0.00000 -1.00000
vn 0.00000 0.00000 -1.00000
vn 0.00000 0.00000 -1.00000
vn 0.00000 0.00000 -1.00000
vn 0.00000 0.00000 -1.00000
vn 0.00000 0.00000 -1.00000
vn 0.00000 0.00000 -1.00000
vn 0.00000 0.00000 -1.00000
vn 0.00000 0.00000 -1.00000
vn 0.00000 0.00000 -1.00000
vn 0.00000 0.00000 -1.00000
vn 0.00000 0.00000 -1.00000
vn 0.00000 0.00000 -1.00000
vn 0.00000 0.00000 -1.00000
vn 0.00000 0.00000 -1.00000
vn 0.00000 0.00000 -1.00000
vn 0.00000 0.00000 -1.00000
vn 0.00000 0.00000 -1.00000
vn 0.00000 0.00000 -1.00000
vn 0.00000 0.00000 -1.00000
vn 0.00000 0.00000 -1.00000
vn 0.00000 0.00000 -1.00000
vn 0.00000 0.00000 -1.00000
vn 0.00000 0.00000 -1.00000
vn 0.00000 0.00000 -1.00000
vn 0.00000 0.00000 -1.00000
vn 0.00000 0.00000 -1.00000
vn 0.00000 0.00000 -1.00000
vn 0.00000 0.00000 -1.00000
vn 0.00000 0.00000 -1.00000
vn 0.00000 0.00000 -1.00000
vn 0.00000 0.00000 -1.00000
vn 0.00000 0.00000 -1.00000
vn 0.00000 0.00000 -1.00000
vn 0.00000 0.00000 -1.00000
vn 0.00000 0.00000 -1.00000
vn 0.00000 0.00000 -1.00000
vn 0.00000 0.00000 -1.00000
vn 0.00000 0.00000 -1.00000
vn 0.00000 0.00000 -1.00000
vn 0.00000 0.00000 -1.00000
vn 0.00000 0.00000 -1.00000
vn 0.00000 0.00000 -1.00000
vn 0.00000 -1.00000 0.00000
vn 0.00000 -1.00000 0.00000
vn 0.00000 -1.00000 0.00000
vn 0.00000 -1.00000 0.00000
vn 0.00000 -1.00000 0.00000
vn 0.00000 -1.00000 0.00000
vn 0.00000 -1.00000 0.00000
vn 0.00000 -1.00000 0.00000
vn 0.00000 -1.00000 0.00000
vn 0.00000 -1.00000 0.00000
vn -1.00000 0.00000 0.00000
vn -1.00000 0.00000 0.00000
vn -1.00000 0.00000 0.00000
vn -1.00000 0.00000 0.00000
vn -1.00000 0.00000 0.00000
vn -1.00000 0.00000 0.00000
vn -0.37160 -0.92839 0.00000
vn -0.37160 -0.92839 0.00000
vn -0.65977 -0.75147 0.00000
vn -0.65977 -0.75147 0.00000
vn -0.96480 -0.26300 0.00000
vn -0.96480 -0.26300 0.00000
vn -0.96244 -0.27151 0.00000
vn -0.96244 -0.27151 0.00000
vn -0.86377 -0.50388 0.00000
vn -0.86377 -0.50388 0.00000
vn 0.00000 1.00000 0.00000
vn 0.00000 1.00000 0.00000
vn 0.00000 1.00000 0.00000
vn 0.00000 1.00000 0.00000
vn 0.00000 1.00000 0.00000
vn 0.00000 1.00000 0.00000
vn 0.98997 -0.14130 0.00000
vn 0.95706 -0.28989 0.00000
vn 0.99999 0.00390 0.00000
vn 0.99999 0.00390 0.00000
vn 0.99999 0.00390 0.00000
vn 0.99999 0.00390 0.00000
vn 0.90439 -0.42670 0.00000
vn 0.90439 -0.42670 0.00000
vn 0.95706 -0.28989 0.00000
vn 0.98997 -0.14130 0.00000
vn 0.95709 -0.28980 0.00000
vn 0.95709 -0.28980 0.00000
vn 0.79583 -0.60552 0.00000
vn 0.79583 -0.60552 0.00000
vn 0.53840 -0.84269 0.00000
vn 0.53840 -0.84269 0.00000
vn -0.43690 -0.89951 0.00000
vn -0.43690 -0.89951 0.00000
vn -0.43690 -0.89951 0.00000
vn -0.43690 -0.89951 0.00000
vn 0.41908 -0.90795 0.00000
vn 0.41908 -0.90795 0.00000
vn 0.41908 -0.90795 0.00000
vn 0.41908 -0.90795 0.00000
vn 0.99979 -0.02040 0.00000
vn 0.99979 -0.02040 0.00000
vn 0.99979 -0.02040 0.00000
vn 0.99979 -0.02040 0.00000
vn 0.68229 0.73109 0.00000
vn 0.68229 0.73109 0.00000
vn 0.68229 0.73109 0.00000
vn 0.68229 0.73109 0.00000
vn 0.96294 -0.26971 0.00000
vn 0.96294 -0.26971 0.00000
vn 0.80740 -0.59000 0.00000
vn 0.80740 -0.59000 0.00000
vn 0.95712 0.28970 0.00000
vn 0.95712 0.28970 0.00000
vn 0.87618 0.48199 0.00000
vn 0.87618 0.48199 0.00000
vn 0.96507 -0.26199 0.00000
vn 0.96507 -0.26199 0.00000
vn 0.86271 -0.50570 0.00000
vn 0.86271 -0.50570 0.00000
vn 1.00000 0.00000 0.00000
vn 1.00000 0.00000 0.00000
vn -0.99039 0.13830 0.00000
vn -0.99039 0.13830 0.00000
vn -0.99893 0.04630 0.00000
vn -0.99893 0.04630 0.00000
vn -0.97343 0.22901 0.00000
vn -0.97343 0.22901 0.00000
vn -0.63572 -0.77192 0.00000
vn -0.63572 -0.77192 0.00000
vn -0.63572 -0.77192 0.00000
vn -0.63572 -0.77192 0.00000
vn -0.87967 0.47558 0.00000
vn -0.87967 0.47558 0.00000
vn -0.81920 0.57350 0.00000
vn -0.81920 0.57350 0.00000
vn -0.92848 0.37139 0.00000
vn -0.92848 0.37139 0.00000
vn -0.80871 -0.58821 0.00000
vn -0.80871 -0.58821 0.00000
vn -0.80871 -0.58821 0.00000
vn -0.80871 -0.58821 0.00000
vn 0.13600 -0.99071 0.00000
vn 0.13600 -0.99071 0.00000
vn 0.47629 -0.87929 0.00000
vn 0.47629 -0.87929 0.00000
vn -0.22161 -0.97514 0.00000
vn -0.22161 -0.97514 0.00000
vn 0.00000 0.00000 -1.00000
vn 0.00000 0.00000 -1.00000
vn 0.00000 0.00000 -1.00000
vn 0.00000 0.00000 -1.00000
vn 0.00000 0.00000 -1.00000
vn 0.00000 0.00000 -1.00000
vn 0.70347 -0.71017 -0.02800
vn 0.72112 -0.69202 -0.03310
vn 0.79297 -0.60918 -0.01030
vn 0.68116 -0.73205 -0.01120
vn 0.74241 -0.66921 -0.03120
vn 0.90495 -0.42552 0.00000
vn -0.67741 -0.73511 -0.02720
vn -0.65289 -0.75739 -0.01030
vn -0.77943 -0.62642 -0.00970
vn -0.71211 -0.70131 -0.03270
vn -0.74241 -0.66921 -0.03120
vn -0.90491 -0.42560 0.00000
vn -0.99975 -0.01190 0.01910
vn -0.99963 -0.01270 0.02410
vn -0.99980 -0.00560 -0.01900
vn -0.99970 -0.00480 -0.02400
vn 0.00000 -0.99997 0.00710
vn 0.00000 -0.99997 0.00710
vn 0.00000 -0.99997 0.00710
vn 0.00000 -0.99997 0.00710
vn 0.00000 -0.99997 0.00710
vn 0.00000 -0.99997 0.00710
vn 0.99971 -0.00320 -0.02400
vn 0.99971 -0.00320 -0.02400
vn 0.99971 -0.00320 -0.02400
vn 0.99971 -0.00320 -0.02400
vn 0.00000 0.00000 -1.00000
vn 0.00000 0.00000 -1.00000
vn 0.00000 0.00000 -1.00000
vn 0.00000 0.00000 -1.00000
vn 0.00000 0.00000 -1.00000
vn 0.00000 0.00000 -1.00000
vn 0.00000 0.00000 -1.00000
vn 0.00000 0.00000 -1.00000
vn 0.00000 0.00000 -1.00000
vn 0.00000 0.00000 -1.00000
vn 0.00000 0.00000 -1.00000
vn 0.00000 0.00000 -1.00000
vn 0.00000 0.00000 -1.00000
vn 0.00000 0.00000 -1.00000
vn 0.00000 0.00000 -1.00000
vn 0.00000 0.00000 -1.00000
vn 0.00000 0.00000 -1.00000
vn 0.00000 0.00000 -1.00000
vn 0.00000 0.00000 -1.00000
vn 0.00000 0.00000 -1.00000
vn 0.00000 0.00000 -1.00000
vn 0.00000 0.00000 -1.00000
vn 0.00000 0.00000 -1.00000
vn 0.00000 0.00000 -1.00000
vn 0.00000 0.00000 -1.00000
vn 0.00000 0.00000 -1.00000
vn 0.00000 0.00000 -1.00000
vn 0.00000 0.00000 -1.00000
vn 0.00000 0.00000 -1.00000
vn 0.00000 0.00000 -1.00000
vn 0.00000 0.00000 -1.00000
vn 0.00000 0.00000 -1.00000
vn 0.00000 0.00000 -1.00000
vn 0.00000 0.00000 -1.00000
vn 0.00000 0.00000 -1.00000
vn 0.00000 0.00000 -1.00000
vn 0.62601 -0.00260 -0.77981
vn 0.61079 -0.00120 -0.79179
vn 0.43920 -0.00150 -0.89839
vn 0.45651 -0.00350 -0.88971
vn 0.68821 -0.00220 -0.72551
vn 0.67266 -0.00100 -0.73995
vn 0.00000 0.00000 -1.00000
vn 0.00000 0.00000 -1.00000
vn 0.00000 0.00000 -1.00000
vn 0.00000 0.00000 -1.00000
vn -0.27310 -0.96199 0.00000
vn -0.27310 -0.96199 0.00000
vn -0.21711 -0.97615 0.00000
vn -0.21711 -0.97615 0.00000
vn -0.11560 -0.99330 0.00000
vn -0.11560 -0.99330 0.00000
vn -0.00450 -0.99999 0.00000
vn -0.00450 -0.99999 0.00000
vn 0.12271 -0.99244 0.00000
vn 0.12271 -0.99244 0.00000
vn 0.27069 -0.96267 0.00000
vn 0.27069 -0.96267 0.00000
vn 0.35570 -0.93460 0.00000
vn 0.35570 -0.93460 0.00000
vn -0.00610 0.99998 0.00000
vn -0.00610 0.99998 0.00000
vn -0.00610 0.99998 0.00000
vn -0.00610 0.99998 0.00000
vn -0.00190 -1.00000 0.00000
vn -0.00190 -1.00000 0.00000
vn -0.00190 -1.00000 0.00000
vn -0.00190 -1.00000 0.00000
vn -0.99995 -0.00980 0.00000
vn -0.99995 -0.00980 0.00000
vn -0.99995 -0.00980 0.00000
vn -0.99995 -0.00980 0.00000
vn -0.00770 0.99997 0.00000
vn -0.00770 0.99997 0.00000
vn -0.00770 0.99997 0.00000
vn -0.00770 0.99997 0.00000
vn 0.99997 -0.00770 0.00000
vn 0.99997 -0.00770 0.00000
vn 0.99997 -0.00770 0.00000
vn 0.99997 -0.00770 0.00000
vn -0.00200 0.49028 -0.87156
vn -0.00360 0.47089 -0.88218
vn -0.00300 0.64537 -0.76386
vn -0.00180 0.66692 -0.74513
vn -0.00270 0.70680 -0.70740
vn -0.00170 0.72312 -0.69072
vn -0.48101 -0.00210 -0.87671
vn -0.45710 -0.00450 -0.88940
vn -0.63352 -0.00330 -0.77372
vn -0.65550 -0.00160 -0.75520
vn -0.69429 -0.00280 -0.71969
vn -0.71452 -0.00140 -0.69962
vn -0.00040 -0.45830 -0.88880
vn -0.00090 -0.46350 -0.88610
vn -0.00070 -0.63966 -0.76866
vn -0.00030 -0.63231 -0.77471
vn -0.00060 -0.69678 -0.71728
vn -0.00030 -0.69230 -0.72161
vn 0.00000 0.00000 -1.00000
vn 0.00000 0.00000 -1.00000
vn 0.00000 0.00000 -1.00000
vn 0.00000 0.00000 -1.00000
vn 0.00000 0.00000 -1.00000
vn 0.00000 0.00000 -1.00000
vn 0.00000 0.00000 -1.00000
vn 0.00000 0.00000 -1.00000
vn 0.00000 0.00000 -1.00000
vn 0.00000 0.00000 -1.00000
vn 0.00000 0.00000 -1.00000
vn 0.00000 0.00000 -1.00000
vn 0.00000 0.00000 -1.00000
vn 0.00000 0.00000 -1.00000
vn 0.00000 0.00000 -1.00000
vn 0.00000 0.00000 -1.00000
vn 0.00000 0.00000 -1.00000
vn 0.00000 0.00000 -1.00000
vn 0.00000 0.00000 -1.00000
vn 0.00000 0.00000 -1.00000
vn 0.00000 0.00000 -1.00000
vn 0.00000 0.00000 -1.00000
vn 0.00000 0.00000 -1.00000
vn 0.00000 0.00000 -1.00000
vn 0.00000 0.00000 -1.00000
vn 0.00000 0.00000 -1.00000
vn 0.00000 0.00000 -1.00000
vn 0.00000 0.00000 -1.00000
vn 0.00000 0.00000 -1.00000
vn 0.00000 0.00000 -1.00000
vn 0.00000 0.00000 -1.00000
vn 0.00000 0.00000 -1.00000
vn 0.00000 0.00000 -1.00000
vn 0.00000 0.00000 -1.00000
vn 0.00000 0.00000 -1.00000
vn 0.00000 0.00000 -1.00000
vn 0.62601 -0.00260 -0.77981
vn 0.61079 -0.00120 -0.79179
vn 0.43920 -0.00150 -0.89839
vn 0.45651 -0.00350 -0.88971
vn 0.68821 -0.00220 -0.72551
vn 0.67266 -0.00100 -0.73995
vn 0.00000 0.00000 -1.00000
vn 0.00000 0.00000 -1.00000
vn 0.00000 0.00000 -1.00000
vn 0.00000 0.00000 -1.00000
vn -0.27310 -0.96199 0.00000
vn -0.27310 -0.96199 0.00000
vn -0.21711 -0.97615 0.00000
vn -0.21711 -0.97615 0.00000
vn -0.11560 -0.99330 0.00000
vn -0.11560 -0.99330 0.00000
vn -0.00450 -0.99999 0.00000
vn -0.00450 -0.99999 0.00000
vn 0.12271 -0.99244 0.00000
vn 0.12271 -0.99244 0.00000
vn 0.27069 -0.96267 0.00000
vn 0.27069 -0.96267 0.00000
vn 0.35570 -0.93460 0.00000
vn 0.35570 -0.93460 0.00000
vn -0.00610 0.99998 0.00000
vn -0.00610 0.99998 0.00000
vn -0.00610 0.99998 0.00000
vn -0.00610 0.99998 0.00000
vn -0.00190 -1.00000 0.00000
vn -0.00190 -1.00000 0.00000
vn -0.00190 -1.00000 0.00000
vn -0.00190 -1.00000 0.00000
vn -0.99995 -0.00980 0.00000
vn -0.99995 -0.00980 0.00000
vn -0.99995 -0.00980 0.00000
vn -0.99995 -0.00980 0.00000
vn -0.00770 0.99997 0.00000
vn -0.00770 0.99997 0.00000
vn -0.00770 0.99997 0.00000
vn -0.00770 0.99997 0.00000
vn 0.99997 -0.00770 0.00000
vn 0.99997 -0.00770 0.00000
vn 0.99997 -0.00770 0.00000
vn 0.99997 -0.00770 0.00000
vn -0.00200 0.49028 -0.87156
vn -0.00360 0.47089 -0.88218
vn -0.00300 0.64537 -0.76386
vn -0.00180 0.66692 -0.74513
vn -0.00270 0.70680 -0.70740
vn -0.00170 0.72312 -0.69072
vn -0.48101 -0.00210 -0.87671
vn -0.45710 -0.00450 -0.88940
vn -0.63352 -0.00330 -0.77372
vn -0.65550 -0.00160 -0.75520
vn -0.69429 -0.00280 -0.71969
vn -0.71452 -0.00140 -0.69962
vn -0.00040 -0.45830 -0.88880
vn -0.00090 -0.46350 -0.88610
vn -0.00070 -0.63966 -0.76866
vn -0.00030 -0.63231 -0.77471
vn -0.00060 -0.69678 -0.71728
vn -0.00030 -0.69230 -0.72161
vn -0.72712 -0.00020 0.68651
vn -0.72658 -0.00020 0.68708
vn -0.73002 0.00000 0.68342
vn -0.73012 0.00000 0.68332
vn -0.71328 -0.00100 0.70088
vn -0.71229 -0.00120 0.70189
vn -0.70587 -0.06140 0.70567
vn -0.69621 -0.07410 0.71401
vn -0.67709 -0.16180 0.71789
vn -0.65578 -0.15829 0.73817
vn -0.69020 -0.34680 0.63510
vn -0.68269 -0.36660 0.63209
vn -0.52179 -0.44699 0.72659
vn -0.51481 -0.44111 0.73511
vn -0.39681 -0.54861 0.73591
vn -0.40209 -0.55308 0.72968
vn -0.25000 -0.68230 0.68700
vn -0.23910 -0.68379 0.68939
vn 0.01340 -0.66008 0.75108
vn 0.00030 -0.66259 0.74899
vn 0.21230 -0.60930 0.76399
vn 0.31290 -0.58120 0.75120
vn 0.34191 -0.57262 0.74512
vn 0.44410 -0.46690 0.76471
vn 0.44940 -0.45360 0.76960
vn 0.50889 -0.33309 0.79378
vn 0.51082 -0.33142 0.79324
vn 0.58871 -0.21430 0.77942
vn 0.60237 -0.20379 0.77176
vn 0.66253 -0.06800 0.74594
vn 0.66901 -0.06030 0.74081
vn 0.66729 0.00090 0.74479
vn 0.66729 0.00110 0.74479
vn 0.66041 0.00010 0.75091
vn 0.66041 0.00000 0.75091
vn 0.65131 0.00100 0.75881
vn 0.65077 0.00100 0.75927
vn 0.00000 0.00000 1.00000
vn 0.00000 0.00000 1.00000
vn 0.00000 0.00000 1.00000
vn 0.00000 0.00000 1.00000
vn 0.00000 0.00000 1.00000
vn 0.00000 0.00000 1.00000
vn 0.00000 0.00000 1.00000
vn 0.00000 0.00000 1.00000
vn 0.00000 0.00000 1.00000
vn 0.00000 0.00000 1.00000
vn 0.00000 0.00000 1.00000
vn 0.00000 0.00000 1.00000
vn 0.00000 0.00000 1.00000
vn 0.00000 0.00000 1.00000
vn 0.00000 0.00000 1.00000
vn 0.00000 0.00000 1.00000
vn 0.00000 0.00000 1.00000
vn 0.00000 0.00000 1.00000
vn 0.00000 0.00000 1.00000
vn 0.00000 0.00000 1.00000
vn 0.00000 0.00000 1.00000
vn 0.00000 0.00000 1.00000
vn 0.00000 0.00000 1.00000
vn 0.00000 0.00000 1.00000
vn 0.00000 0.00000 1.00000
vn 0.00000 0.00000 1.00000
vn 0.00000 0.00000 1.00000
vn 0.00000 0.00000 1.00000
vn 0.00000 0.00000 1.00000
vn 0.00000 0.00000 1.00000
vn 0.00000 0.00000 1.00000
vn 0.00000 0.00000 1.00000
vn 0.00000 0.00000 1.00000
vn 0.00000 0.00000 1.00000
vn 0.00000 0.00000 1.00000
vn 0.00000 0.00000 1.00000
vn 0.00000 0.00000 1.00000
vn 0.00000 0.00000 1.00000
vn 0.00000 0.00000 1.00000
vn 0.00000 0.00000 1.00000
vn 0.00000 0.00000 1.00000
vn 0.00000 0.00000 1.00000
vn 0.00000 0.00000 1.00000
vn 0.00000 0.00000 1.00000
vn 0.00000 0.00000 1.00000
vn 0.00000 0.00000 1.00000
vn 0.00000 0.00000 1.00000
vn 0.00000 0.00000 1.00000
vn 0.00000 0.00000 1.00000
vn 0.00000 0.00000 1.00000
vn 0.00000 0.00000 1.00000
vn 0.00000 0.00000 1.00000
vn 0.00000 0.00000 1.00000
vn 0.00000 0.00000 1.00000
vn 0.00000 0.00000 1.00000
vn 0.00000 0.00000 1.00000
vn 0.00000 0.00000 1.00000
vn 0.00000 0.00000 1.00000
vn 0.00000 0.00000 1.00000
vn 0.00000 0.00000 1.00000
vn 0.00000 0.00000 1.00000
vn 0.00000 0.00000 1.00000
vn 0.00000 0.00000 1.00000
vn 0.00000 0.00000 1.00000
vn 0.00000 0.00000 1.00000
vn 0.00000 0.00000 1.00000
vn 0.00000 0.00000 1.00000
vn 0.00000 0.00000 1.00000
vn 0.00000 0.00000 1.00000
vn 0.00000 0.00000 1.00000
vn -0.99999 0.00440 0.00000
vn -0.99999 0.00440 0.00000
vn -0.99999 0.00440 0.00000
vn -0.99999 0.00440 0.00000
vn -0.99999 0.00440 0.00000
vn -0.99999 0.00440 0.00000
vn -0.99999 0.00440 0.00000
vn -0.99999 0.00440 0.00000
vn 0.00000 -1.00000 0.00000
vn 0.00000 -1.00000 0.00000
vn 0.00000 -1.00000 0.00000
vn 0.00000 -1.00000 0.00000
vn 0.00000 -1.00000 0.00000
vn 0.00000 -1.00000 0.00000
vn 0.00000 -1.00000 0.00000
vn 0.00000 -1.00000 0.00000
vn 0.00000 -1.00000 0.00000
vn 0.00000 -1.00000 0.00000
vn 0.93757 -0.34779 0.00000
vn 0.99961 -0.02800 0.00000
vn 0.99961 -0.02800 0.00000
vn 0.93757 -0.34779 0.00000
vn 0.77610 -0.63060 0.00000
vn 0.77610 -0.63060 0.00000
vn -0.99945 -0.03320 0.00000
vn -0.92412 -0.38211 0.00000
vn -0.92412 -0.38211 0.00000
vn -0.99945 -0.03320 0.00000
vn -0.92412 -0.38211 0.00000
vn -0.73099 -0.68239 0.00000
vn -0.73099 -0.68239 0.00000
vn -0.92412 -0.38211 0.00000
vn -0.95973 0.28091 0.00000
vn -0.95973 0.28091 0.00000
vn -0.95973 0.28091 0.00000
vn -0.95973 0.28091 0.00000
vn -0.56232 -0.82692 0.00000
vn -0.56232 -0.82692 0.00000
vn -0.56232 -0.82692 0.00000
vn -0.56232 -0.82692 0.00000
vn -0.94419 0.32940 0.00000
vn -0.94419 0.32940 0.00000
vn -0.94419 0.32940 0.00000
vn -0.94419 0.32940 0.00000
vn -0.79539 -0.60609 0.00000
vn -0.79539 -0.60609 0.00000
vn -0.79539 -0.60609 0.00000
vn -0.79539 -0.60609 0.00000
vn 0.05120 -0.99869 0.00000
vn 0.05120 -0.99869 0.00000
vn 0.05120 -0.99869 0.00000
vn 0.05120 -0.99869 0.00000
vn -0.82322 -0.56772 0.00000
vn -0.89658 -0.44289 0.00000
vn -0.89658 -0.44289 0.00000
vn -0.82322 -0.56772 0.00000
vn -0.89658 -0.44289 0.00000
vn -0.84031 -0.54211 0.00000
vn -0.84031 -0.54211 0.00000
vn -0.89658 -0.44289 0.00000
vn -0.84031 -0.54211 0.00000
vn -0.42041 -0.90733 0.00000
vn -0.42041 -0.90733 0.00000
vn -0.84031 -0.54211 0.00000
vn -0.42041 -0.90733 0.00000
vn -0.12850 -0.99171 0.00000
vn -0.12850 -0.99171 0.00000
vn -0.42041 -0.90733 0.00000
vn 0.00000 1.00000 0.00000
vn 0.00000 1.00000 0.00000
vn 0.00000 1.00000 0.00000
vn 0.00000 1.00000 0.00000
vn 0.00000 1.00000 0.00000
vn 0.00000 1.00000 0.00000
vn 0.99996 0.00890 0.00000
vn 0.99996 0.00890 0.00000
vn 0.99996 0.00890 0.00000
vn 0.99996 0.00890 0.00000
vn 0.99996 0.00890 0.00000
vn 0.99996 0.00890 0.00000
vn 0.99996 0.00890 0.00000
vn 0.99996 0.00890 0.00000
vn 0.38782 -0.92174 0.00000
vn 0.64770 -0.76190 0.00000
vn 0.64770 -0.76190 0.00000
vn 0.38782 -0.92174 0.00000
vn 0.88107 -0.47298 0.00000
vn 0.88107 -0.47298 0.00000
vn 0.91086 -0.41273 0.00000
vn 0.91086 -0.41273 0.00000
vn -0.01850 -0.99983 0.00000
vn -0.01850 -0.99983 0.00000
vn -0.01850 -0.99983 0.00000
vn -0.01850 -0.99983 0.00000
vn 0.74209 -0.67030 0.00000
vn 0.74209 -0.67030 0.00000
vn 0.74209 -0.67030 0.00000
vn 0.74209 -0.67030 0.00000
vn 0.89043 0.45512 0.00000
vn 0.89043 0.45512 0.00000
vn 0.89043 0.45512 0.00000
vn 0.89043 0.45512 0.00000
vn 0.78799 -0.61569 0.00000
vn 0.78799 -0.61569 0.00000
vn 0.78799 -0.61569 0.00000
vn 0.78799 -0.61569 0.00000
vn 0.92646 0.37639 0.00000
vn 0.92646 0.37639 0.00000
vn 0.92646 0.37639 0.00000
vn 0.92646 0.37639 0.00000
vn 0.00000 1.00000 0.00000
vn 0.00000 1.00000 0.00000
vn 0.00000 1.00000 0.00000
vn 0.00000 1.00000 0.00000
vn 0.00000 1.00000 0.00000
vn 0.00000 1.00000 0.00000
vn 0.99166 -0.12889 0.00000
vn 0.99166 -0.12889 0.00000
vn 0.99166 -0.12889 0.00000
vn 0.99166 -0.12889 0.00000
vn 0.96715 -0.25421 0.00000
vn 0.96715 -0.25421 0.00000
vn 0.86980 -0.49340 0.00000
vn 0.86980 -0.49340 0.00000
vn 0.69643 -0.71763 0.00000
vn 0.69643 -0.71763 0.00000
vn 0.69643 -0.71763 0.00000
vn 0.49340 -0.86980 0.00000
vn 0.49340 -0.86980 0.00000
vn 0.69643 -0.71763 0.00000
vn 0.40308 -0.91516 0.00000
vn 0.40308 -0.91516 0.00000
vn -0.40382 -0.91484 0.00000
vn -0.50879 -0.86089 0.00000
vn -0.50879 -0.86089 0.00000
vn -0.40382 -0.91484 0.00000
vn -0.71402 -0.70012 0.00000
vn -0.71402 -0.70012 0.00000
vn -0.87351 -0.48681 0.00000
vn -0.87351 -0.48681 0.00000
vn -0.96339 -0.26810 0.00000
vn -0.96339 -0.26810 0.00000
vn -0.98750 -0.15760 0.00000
vn -0.98750 -0.15760 0.00000
vn -0.98750 -0.15760 0.00000
vn -0.98750 -0.15760 0.00000
vn 0.00000 -1.00000 0.00000
vn 0.00000 -1.00000 0.00000
vn 0.00000 -1.00000 0.00000
vn 0.00000 -1.00000 0.00000
vn 0.00000 -1.00000 0.00000
vn 0.00000 -1.00000 0.00000
vn 0.00000 -1.00000 0.00000
vn 0.00000 -1.00000 0.00000
vn -1.00000 0.00000 0.00000
vn -1.00000 0.00000 0.00000
vn -1.00000 0.00000 0.00000
vn -1.00000 0.00000 0.00000
vn -1.00000 0.00000 0.00000
vn -1.00000 0.00000 0.00000
vn -0.99561 0.09360 0.00000
vn -0.99561 0.09360 0.00000
vn -0.94975 0.31302 0.00000
vn -0.94975 0.31302 0.00000
vn -0.84385 0.53657 0.00000
vn -0.84385 0.53657 0.00000
vn 1.00000 0.00000 0.00000
vn 0.99606 0.08870 0.00000
vn 0.99606 0.08870 0.00000
vn 1.00000 0.00000 0.00000
vn 0.96848 0.24909 0.00000
vn 0.96848 0.24909 0.00000
vn 0.89687 0.44229 0.00000
vn 0.89687 0.44229 0.00000
vn 0.76157 0.64808 0.00000
vn 0.76157 0.64808 0.00000
vn 0.57091 0.82101 0.00000
vn 0.57091 0.82101 0.00000
vn 0.35561 0.93463 0.00000
vn 0.35561 0.93463 0.00000
vn -0.00050 1.00000 0.00000
vn -0.00050 1.00000 0.00000
vn -0.33152 0.94345 0.00000
vn -0.33152 0.94345 0.00000
vn -0.49931 0.86642 0.00000
vn -0.49931 0.86642 0.00000
vn -0.68939 0.72439 0.00000
vn -0.68939 0.72439 0.00000
vn -0.84385 0.53657 0.00000
vn -0.84385 0.53657 0.00000
vn 1.00000 0.00000 0.00000
vn 1.00000 0.00000 0.00000
vn 1.00000 0.00000 0.00000
vn 1.00000 0.00000 0.00000
vn 1.00000 0.00000 0.00000
vn 1.00000 0.00000 0.00000
vn 0.00000 0.00000 1.00000
vn 0.00000 0.00000 1.00000
vn 0.00000 0.00000 1.00000
vn 0.00000 0.00000 1.00000
vn 0.00000 0.00000 1.00000
vn 0.00000 0.00000 1.00000
vn 0.00000 0.00000 1.00000
vn 0.00000 0.00000 1.00000
vn 0.00000 0.00000 1.00000
vn 0.00000 0.00000 1.00000
vn 0.00000 0.00000 1.00000
vn 0.00000 0.00000 1.00000
vn 0.00000 0.00000 1.00000
vn 0.00000 0.00000 1.00000
vn 0.00000 0.00000 1.00000
vn 0.00000 0.00000 1.00000
vn 0.00000 0.00000 1.00000
vn 0.00000 0.00000 1.00000
vn 0.00000 0.00000 1.00000
vn 0.00000 0.00000 1.00000
vn 0.00000 0.00000 1.00000
vn 0.00000 0.00000 1.00000
vn 0.00000 0.00000 1.00000
vn 0.00000 0.00000 1.00000
vn 0.00000 0.00000 1.00000
vn 0.00000 0.00000 1.00000
vn 0.00000 0.00000 1.00000
vn 0.00000 0.00000 1.00000
vn 0.00000 0.00000 1.00000
vn 0.00000 0.00000 1.00000
vn 0.00000 0.00000 1.00000
vn 0.00000 0.00000 1.00000
vn 0.00000 0.00000 1.00000
vn 0.00000 0.00000 1.00000
vn 0.00000 0.00000 1.00000
vn 0.00000 0.00000 1.00000
vn 0.00000 0.00000 1.00000
vn 0.00000 0.00000 1.00000
vn 0.00000 0.00000 1.00000
vn 0.00000 0.00000 1.00000
vn 0.00000 0.00000 1.00000
vn -0.68348 0.00000 0.72997
vn -0.68708 -0.00020 0.72658
vn -0.68651 -0.00020 0.72712
vn -0.68332 0.00000 0.73012
vn -0.70088 -0.00100 0.71328
vn -0.70189 -0.00120 0.71229
vn -0.70567 -0.06140 0.70587
vn -0.71401 -0.07410 0.69621
vn -0.71789 -0.16180 0.67709
vn -0.73817 -0.15829 0.65578
vn -0.63510 -0.34680 0.69020
vn -0.63209 -0.36660 0.68269
vn -0.72654 -0.44703 0.52183
vn -0.73511 -0.44111 0.51481
vn -0.73591 -0.54861 0.39681
vn -0.72968 -0.55308 0.40209
vn -0.68700 -0.68230 0.25000
vn -0.68939 -0.68379 0.23910
vn -0.75108 -0.66008 -0.01340
vn -0.74899 -0.66259 -0.00030
vn -0.76399 -0.60930 -0.21230
vn -0.75120 -0.58120 -0.31290
vn -0.74512 -0.57262 -0.34191
vn -0.76471 -0.46690 -0.44410
vn -0.76960 -0.45360 -0.44940
vn -0.79378 -0.33309 -0.50889
vn -0.79324 -0.33142 -0.51082
vn -0.77942 -0.21430 -0.58871
vn -0.77176 -0.20379 -0.60237
vn -0.74598 -0.06800 -0.66248
vn -0.74081 -0.06030 -0.66901
vn -0.74479 0.00090 -0.66729
vn -0.74479 0.00110 -0.66729
vn -0.75091 0.00010 -0.66041
vn -0.75091 0.00000 -0.66041
vn -0.75881 0.00100 -0.65131
vn -0.75927 0.00100 -0.65077
vn -1.00000 0.00000 0.00000
vn -1.00000 0.00000 0.00000
vn -1.00000 0.00000 0.00000
vn -1.00000 0.00000 0.00000
vn -1.00000 0.00000 0.00000
vn -1.00000 0.00000 0.00000
vn -1.00000 0.00000 0.00000
vn -1.00000 0.00000 0.00000
vn -1.00000 0.00000 0.00000
vn -1.00000 0.00000 0.00000
vn -1.00000 0.00000 0.00000
vn -1.00000 0.00000 0.00000
vn -1.00000 0.00000 0.00000
vn -1.00000 0.00000 0.00000
vn -1.00000 0.00000 0.00000
vn -1.00000 0.00000 0.00000
vn -1.00000 0.00000 0.00000
vn -1.00000 0.00000 0.00000
vn -1.00000 0.00000 0.00000
vn -1.00000 0.00000 0.00000
vn -1.00000 0.00000 0.00000
vn -1.00000 0.00000 0.00000
vn -1.00000 0.00000 0.00000
vn -1.00000 0.00000 0.00000
vn -1.00000 0.00000 0.00000
vn -1.00000 0.00000 0.00000
vn -1.00000 0.00000 0.00000
vn -1.00000 0.00000 0.00000
vn -1.00000 0.00000 0.00000
vn -1.00000 0.00000 0.00000
vn -1.00000 0.00000 0.00000
vn -1.00000 0.00000 0.00000
vn -1.00000 0.00000 0.00000
vn -1.00000 0.00000 0.00000
vn -1.00000 0.00000 0.00000
vn -1.00000 0.00000 0.00000
vn -1.00000 0.00000 0.00000
vn -1.00000 0.00000 0.00000
vn -1.00000 0.00000 0.00000
vn -1.00000 0.00000 0.00000
vn -1.00000 0.00000 0.00000
vn -1.00000 0.00000 0.00000
vn -1.00000 0.00000 0.00000
vn -1.00000 0.00000 0.00000
vn -1.00000 0.00000 0.00000
vn -1.00000 0.00000 0.00000
vn -1.00000 0.00000 0.00000
vn -1.00000 0.00000 0.00000
vn -1.00000 0.00000 0.00000
vn -1.00000 0.00000 0.00000
vn -1.00000 0.00000 0.00000
vn -1.00000 0.00000 0.00000
vn -1.00000 0.00000 0.00000
vn -1.00000 0.00000 0.00000
vn -1.00000 0.00000 0.00000
vn -1.00000 0.00000 0.00000
vn -1.00000 0.00000 0.00000
vn -1.00000 0.00000 0.00000
vn -1.00000 0.00000 0.00000
vn -1.00000 0.00000 0.00000
vn -1.00000 0.00000 0.00000
vn -1.00000 0.00000 0.00000
vn -1.00000 0.00000 0.00000
vn -1.00000 0.00000 0.00000
vn -1.00000 -0.00020 0.00030
vn -1.00000 0.00000 0.00000
vn -1.00000 0.00000 0.00000
vn -1.00000 0.00000 0.00000
vn -1.00000 0.00000 0.00000
vn -1.00000 0.00000 0.00000
vn 0.00000 0.00440 0.99999
vn 0.00000 0.00440 0.99999
vn 0.00000 0.00440 0.99999
vn 0.00000 0.00440 0.99999
vn 0.00000 0.00440 0.99999
vn 0.00000 0.00440 0.99999
vn 0.00000 0.00440 0.99999
vn 0.00000 0.00440 0.99999
vn 0.00000 -1.00000 0.00000
vn 0.00000 -1.00000 0.00000
vn 0.00000 -1.00000 0.00000
vn 0.00000 -1.00000 0.00000
vn 0.00000 -1.00000 0.00000
vn 0.00000 -1.00000 0.00000
vn 0.00000 -1.00000 0.00000
vn 0.00000 -1.00000 0.00000
vn 0.00000 -1.00000 0.00000
vn 0.00000 -1.00000 0.00000
vn 0.00000 -0.02800 -0.99961
vn 0.00000 -0.02800 -0.99961
vn 0.00000 -0.34779 -0.93757
vn 0.00000 -0.34779 -0.93757
vn 0.00000 -0.63060 -0.77610
vn 0.00000 -0.63060 -0.77610
vn 0.00000 -0.38211 0.92412
vn 0.00000 -0.38211 0.92412
vn 0.00000 -0.03320 0.99945
vn 0.00000 -0.03320 0.99945
vn 0.00000 -0.68234 0.73104
vn 0.00000 -0.68234 0.73104
vn 0.00000 -0.38211 0.92412
vn 0.00000 -0.38211 0.92412
vn 0.00000 0.28091 0.95973
vn 0.00000 0.28091 0.95973
vn 0.00000 0.28091 0.95973
vn 0.00000 0.28091 0.95973
vn 0.00000 -0.82692 0.56232
vn 0.00000 -0.82692 0.56232
vn 0.00000 -0.82692 0.56232
vn 0.00000 -0.82692 0.56232
vn 0.00000 0.32940 0.94419
vn 0.00000 0.32940 0.94419
vn 0.00000 0.32940 0.94419
vn 0.00000 0.32940 0.94419
vn 0.00000 -0.60603 0.79544
vn 0.00000 -0.60603 0.79544
vn 0.00000 -0.60603 0.79544
vn 0.00000 -0.60603 0.79544
vn 0.00000 -0.99869 -0.05120
vn 0.00000 -0.99869 -0.05120
vn 0.00000 -0.99869 -0.05120
vn 0.00000 -0.99869 -0.05120
vn 0.00000 -0.44289 0.89658
vn 0.00000 -0.44289 0.89658
vn 0.00000 -0.56772 0.82322
vn 0.00000 -0.56772 0.82322
vn 0.00000 -0.54211 0.84031
vn 0.00000 -0.54211 0.84031
vn 0.00000 -0.44289 0.89658
vn 0.00000 -0.44289 0.89658
vn 0.00000 -0.90733 0.42041
vn 0.00000 -0.90733 0.42041
vn 0.00000 -0.54211 0.84031
vn 0.00000 -0.54211 0.84031
vn 0.00000 -0.99171 0.12850
vn 0.00000 -0.99171 0.12850
vn 0.00000 -0.90733 0.42041
vn 0.00000 -0.90733 0.42041
vn 0.00000 1.00000 0.00000
vn 0.00000 1.00000 0.00000
vn 0.00000 1.00000 0.00000
vn 0.00000 1.00000 0.00000
vn 0.00000 1.00000 0.00000
vn 0.00000 1.00000 0.00000
vn 0.00000 0.00890 -0.99996
vn 0.00000 0.00890 -0.99996
vn 0.00000 0.00890 -0.99996
vn 0.00000 0.00890 -0.99996
vn 0.00000 0.00890 -0.99996
vn 0.00000 0.00890 -0.99996
vn 0.00000 0.00890 -0.99996
vn 0.00000 0.00890 -0.99996
vn 0.00000 -0.76190 -0.64770
vn 0.00000 -0.76190 -0.64770
vn 0.00000 -0.92174 -0.38782
vn 0.00000 -0.92174 -0.38782
vn 0.00000 -0.47298 -0.88107
vn 0.00000 -0.47298 -0.88107
vn 0.00000 -0.41269 -0.91087
vn 0.00000 -0.41269 -0.91087
vn 0.00000 -0.99983 0.01850
vn 0.00000 -0.99983 0.01850
vn 0.00000 -0.99983 0.01850
vn 0.00000 -0.99983 0.01850
vn 0.00000 -0.67030 -0.74209
vn 0.00000 -0.67030 -0.74209
vn 0.00000 -0.67030 -0.74209
vn 0.00000 -0.67030 -0.74209
vn 0.00000 0.45512 -0.89043
vn 0.00000 0.45512 -0.89043
vn 0.00000 0.45512 -0.89043
vn 0.00000 0.45512 -0.89043
vn 0.00000 -0.61563 -0.78804
vn 0.00000 -0.61563 -0.78804
vn 0.00000 -0.61563 -0.78804
vn 0.00000 -0.61563 -0.78804
vn 0.00000 0.37639 -0.92646
vn 0.00000 0.37639 -0.92646
vn 0.00000 0.37639 -0.92646
vn 0.00000 0.37639 -0.92646
vn 0.00000 1.00000 0.00000
vn 0.00000 1.00000 0.00000
vn 0.00000 1.00000 0.00000
vn 0.00000 1.00000 0.00000
vn 0.00000 1.00000 0.00000
vn 0.00000 1.00000 0.00000
vn 0.00000 -0.12889 -0.99166
vn 0.00000 -0.12889 -0.99166
vn 0.00000 -0.12889 -0.99166
vn 0.00000 -0.12889 -0.99166
vn 0.00000 -0.25421 -0.96715
vn 0.00000 -0.25421 -0.96715
vn 0.00000 -0.49340 -0.86980
vn 0.00000 -0.49340 -0.86980
vn 0.00000 -0.71763 -0.69643
vn 0.00000 -0.71763 -0.69643
vn 0.00000 -0.86980 -0.49340
vn 0.00000 -0.86980 -0.49340
vn 0.00000 -0.71763 -0.69643
vn 0.00000 -0.71763 -0.69643
vn 0.00000 -0.91516 -0.40308
vn 0.00000 -0.91516 -0.40308
vn 0.00000 -0.86089 0.50879
vn 0.00000 -0.86089 0.50879
vn 0.00000 -0.91484 0.40382
vn 0.00000 -0.91484 0.40382
vn 0.00000 -0.70012 0.71402
vn 0.00000 -0.70012 0.71402
vn 0.00000 -0.48681 0.87351
vn 0.00000 -0.48681 0.87351
vn 0.00000 -0.26810 0.96339
vn 0.00000 -0.26810 0.96339
vn 0.00000 -0.15760 0.98750
vn 0.00000 -0.15760 0.98750
vn 0.00000 -0.15760 0.98750
vn 0.00000 -0.15760 0.98750
vn 0.00000 -1.00000 0.00000
vn 0.00000 -1.00000 0.00000
vn 0.00000 -1.00000 0.00000
vn 0.00000 -1.00000 0.00000
vn 0.00000 -1.00000 0.00000
vn 0.00000 -1.00000 0.00000
vn 0.00000 -1.00000 0.00000
vn 0.00000 -1.00000 0.00000
vn 0.00000 0.00000 1.00000
vn 0.00000 0.00000 1.00000
vn 0.00000 0.00000 1.00000
vn 0.00000 0.00000 1.00000
vn 0.00000 0.00000 1.00000
vn 0.00000 0.00000 1.00000
vn 0.00000 0.09360 0.99561
vn 0.00000 0.09360 0.99561
vn 0.00000 0.31302 0.94975
vn 0.00000 0.31302 0.94975
vn 0.00000 0.53657 0.84385
vn 0.00000 0.53657 0.84385
vn 0.00000 0.08870 -0.99606
vn 0.00000 0.08870 -0.99606
vn 0.00000 0.00000 -1.00000
vn 0.00000 0.00000 -1.00000
vn 0.00000 0.24909 -0.96848
vn 0.00000 0.24909 -0.96848
vn 0.00000 0.44233 -0.89685
vn 0.00000 0.44233 -0.89685
vn 0.00000 0.64808 -0.76157
vn 0.00000 0.64808 -0.76157
vn 0.00000 0.82101 -0.57091
vn 0.00000 0.82101 -0.57091
vn 0.00000 0.93463 -0.35561
vn 0.00000 0.93463 -0.35561
vn 0.00000 1.00000 0.00050
vn 0.00000 1.00000 0.00050
vn 0.00000 0.94345 0.33152
vn 0.00000 0.94345 0.33152
vn 0.00000 0.86642 0.49931
vn 0.00000 0.86642 0.49931
vn 0.00000 0.72439 0.68939
vn 0.00000 0.72439 0.68939
vn 0.00000 0.53657 0.84385
vn 0.00000 0.53657 0.84385
vn 0.00000 0.00000 -1.00000
vn 0.00000 0.00000 -1.00000
vn 0.00000 0.00000 -1.00000
vn 0.00000 0.00000 -1.00000
vn 0.00000 0.00000 -1.00000
vn 0.00000 0.00000 -1.00000
vn -1.00000 0.00000 0.00000
vn -1.00000 0.00000 0.00000
vn -1.00000 0.00000 0.00000
vn -1.00000 0.00000 0.00000
vn -1.00000 0.00000 0.00000
vn -1.00000 0.00000 0.00000
vn -1.00000 0.00000 0.00000
vn -1.00000 0.00000 0.00000
vn -1.00000 0.00000 0.00000
vn -1.00000 0.00000 0.00000
vn -1.00000 0.00000 0.00000
vn -1.00000 0.00000 0.00000
vn -1.00000 0.00000 0.00000
vn -1.00000 0.00000 0.00000
vn -1.00000 0.00000 0.00000
vn -1.00000 0.00000 0.00000
vn -1.00000 0.00000 0.00000
vn -1.00000 0.00000 0.00000
vn -1.00000 0.00000 0.00000
vn -1.00000 0.00000 0.00000
vn -1.00000 0.00000 0.00000
vn -1.00000 0.00000 0.00000
vn -1.00000 0.00000 0.00000
vn -1.00000 0.00000 0.00000
vn -1.00000 0.00000 0.00000
vn -1.00000 0.00000 0.00000
vn -1.00000 0.00000 0.00000
vn -1.00000 0.00000 0.00000
vn -1.00000 0.00000 0.00000
vn -1.00000 0.00000 0.00000
vn -1.00000 0.00000 0.00000
vn -1.00000 0.00000 0.00000
vn -1.00000 0.00000 0.00000
vn -1.00000 0.00000 0.00000
vn -1.00000 0.00000 0.00000
vn -1.00000 0.00000 0.00000
vn -1.00000 0.00000 0.00000
vn -1.00000 0.00000 0.00000
vn -1.00000 0.00000 0.00000
vn -1.00000 0.00000 0.00000
vn -1.00000 0.00000 0.00000
f 1/1/1 2/2/2 3/3/3
f 1/1/1 3/3/3 4/4/4
f 5/5/5 4/4/4 3/3/3
f 5/5/5 3/3/3 6/6/6
f 7/7/7 8/8/8 9/9/9
f 7/7/7 9/9/9 10/10/10
f 11/11/11 9/9/9 8/8/8
f 12/12/12 7/7/7 10/10/10
f 11/11/11 8/8/8 13/13/13
f 12/12/12 14/14/14 7/7/7
f 11/11/11 13/13/13 15/15/15
f 12/12/12 16/16/16 14/14/14
f 11/11/11 15/15/15 17/17/17
f 17/17/17 15/15/15 16/16/16
f 12/12/12 18/18/18 16/16/16
f 17/17/17 16/16/16 18/18/18
f 19/19/19 20/20/20 21/21/21
f 22/22/22 19/19/19 23/23/23
f 19/19/19 21/21/21 23/23/23
f 21/21/21 24/24/24 23/23/23
f 21/21/21 25/25/25 26/26/26
f 21/21/21 26/26/26 27/27/27
f 21/21/21 27/27/27 28/28/28
f 28/28/28 24/24/24 21/21/21
f 28/28/28 29/29/29 24/24/24
f 28/28/28 30/30/30 29/29/29
f 28/28/28 31/31/31 30/30/30
f 30/30/30 32/32/32 29/29/29
f 33/33/33 34/34/34 35/35/35
f 33/33/33 35/35/35 36/36/36
f 36/36/36 35/35/35 37/37/37
f 36/36/36 37/37/37 38/38/38
f 39/39/39 40/40/40 38/38/38
f 41/41/41 39/39/39 38/38/38
f 37/37/37 41/41/41 38/38/38
f 42/42/42 43/43/43 41/41/41
f 37/37/37 42/42/42 41/41/41
f 37/37/37 44/44/44 42/42/42
f 45/45/45 37/37/37 35/35/35
f 46/46/46 45/45/45 35/35/35
f 46/46/46 47/47/47 45/45/45
f 45/45/45 48/48/48 37/37/37
f 37/37/37 49/49/49 44/44/44
f 37/37/37 50/50/50 51/51/51
f 37/37/37 51/51/51 52/52/52
f 37/37/37 52/52/52 53/53/53
f 37/37/37 53/53/53 49/49/49
f 52/52/52 54/54/54 53/53/53
f 52/52/52 55/55/55 54/54/54
f 56/56/56 49/49/49 53/53/53
f 57/57/57 58/58/58 49/49/49
f 57/57/57 49/49/49 59/59/59
f 56/56/56 59/59/59 49/49/49
f 56/56/56 60/60/60 59/59/59
f 56/56/56 61/61/61 60/60/60
f 60/60/60 62/62/62 59/59/59
f 63/63/63 64/64/64 65/65/65
f 66/66/66 67/67/67 68/68/68
f 66/66/66 68/68/68 69/69/69
f 70/70/70 66/66/66 69/69/69
f 70/70/70 69/69/69 71/71/71
f 68/68/68 72/72/72 69/69/69
f 72/72/72 73/73/73 69/69/69
f 73/73/73 74/74/74 69/69/69
f 73/73/73 75/75/75 74/74/74
f 74/74/74 76/76/76 69/69/69
f 77/77/77 69/69/69 76/76/76
f 77/77/77 78/78/78 69/69/69
f 79/79/79 78/78/78 77/77/77
f 79/79/79 80/80/80 78/78/78
f 81/81/81 82/82/82 83/83/83
f 81/81/81 83/83/83 84/84/84
f 83/83/83 82/82/82 85/85/85
f 83/83/83 85/85/85 86/86/86
f 87/87/87 85/85/85 82/82/82
f 87/87/87 88/88/88 85/85/85
f 89/89/89 87/87/87 82/82/82
f 89/89/89 90/90/90 87/87/87
f 91/91/91 92/92/92 93/93/93
f 91/91/91 93/93/93 94/94/94
f 92/92/92 95/95/95 93/93/93
f 92/92/92 96/96/96 95/95/95
f 97/97/97 98/98/98 99/99/99
f 97/97/97 99/99/99 100/100/100
f 100/100/100 99/99/99 101/101/101
f 100/100/100 101/101/101 102/102/102
f 102/102/102 101/101/101 103/103/103
f 102/102/102 103/103/103 104/104/104
f 104/104/104 103/103/103 105/105/105
f 104/104/104 105/105/105 106/106/106
f 107/107/107 108/108/108 109/109/109
f 107/107/107 109/109/109 110/110/110
f 111/111/111 108/108/108 107/107/107
f 111/111/111 112/112/112 108/108/108
f 113/113/113 114/114/114 115/115/115
f 113/113/113 115/115/115 116/116/116
f 117/117/117 113/113/113 116/116/116
f 117/117/117 118/118/118 113/113/113
f 119/119/119 120/120/120 121/121/121
f 119/119/119 121/121/121 122/122/122
f 123/123/123 120/120/120 119/119/119
f 123/123/123 124/124/124 120/120/120
f 125/125/125 124/124/124 123/123/123
f 125/125/125 126/126/126 124/124/124
f 127/127/127 126/126/126 125/125/125
f 127/127/127 128/128/128 126/126/126
f 129/129/129 130/130/130 131/131/131
f 129/129/129 131/131/131 132/132/132
f 133/133/133 134/134/134 135/135/135
f 133/133/133 135/135/135 136/136/136
f 137/137/137 138/138/138 139/139/139
f 137/137/137 139/139/139 140/140/140
f 141/141/141 142/142/142 143/143/143
f 141/141/141 143/143/143 144/144/144
f 145/145/145 146/146/146 147/147/147
f 145/145/145 147/147/147 148/148/148
f 149/149/149 146/146/146 145/145/145
f 149/149/149 150/150/150 146/146/146
f 151/151/151 150/150/150 149/149/149
f 151/151/151 152/152/152 150/150/150
f 153/153/153 154/154/154 155/155/155
f 153/153/153 155/155/155 156/156/156
f 157/157/157 154/154/154 153/153/153
f 157/157/157 158/158/158 154/154/154
f 159/159/159 160/160/160 161/161/161
f 159/159/159 161/161/161 162/162/162
f 163/163/163 160/160/160 159/159/159
f 163/163/163 164/164/164 160/160/160
f 165/165/165 166/166/166 167/167/167
f 165/165/165 167/167/167 168/168/168
f 169/169/169 170/170/170 171/171/171
f 169/169/169 171/171/171 172/172/172
f 173/173/173 170/170/170 169/169/169
f 173/173/173 174/174/174 170/170/170
f 175/175/175 176/176/176 177/177/177
f 175/175/175 177/177/177 178/178/178
f 179/179/179 180/180/180 181/181/181
f 179/179/179 181/181/181 182/182/182
f 183/183/183 180/180/180 179/179/179
f 183/183/183 184/184/184 180/180/180
f 185/185/185 186/186/186 187/187/187
f 185/185/185 187/187/187 188/188/188
f 189/189/189 185/185/185 188/188/188
f 189/189/189 190/190/190 185/185/185
f 191/191/191 192/192/192 193/193/193
f 191/191/191 193/193/193 194/194/194
f 195/195/195 193/193/193 192/192/192
f 195/195/195 196/196/196 193/193/193
f 197/197/197 198/198/198 199/199/199
f 197/197/197 199/199/199 200/200/200
f 199/199/199 201/201/201 200/200/200
f 199/199/199 202/202/202 201/201/201
f 203/203/203 204/204/204 205/205/205
f 203/203/203 205/205/205 206/206/206
f 207/207/207 208/208/208 209/209/209
f 207/207/207 209/209/209 210/210/210
f 211/211/211 208/208/208 207/207/207
f 211/211/211 212/212/212 208/208/208
f 213/213/213 214/214/214 215/215/215
f 213/213/213 215/215/215 216/216/216
f 217/217/217 218/218/218 219/219/219
f 217/217/217 219/219/219 220/220/220
f 218/218/218 221/221/221 219/219/219
f 220/220/220 222/222/222 217/217/217
f 218/218/218 223/223/223 221/221/221
f 224/224/224 222/222/222 220/220/220
f 224/224/224 225/225/225 222/222/222
f 224/224/224 226/226/226 225/225/225
f 226/226/226 227/227/227 225/225/225
f 226/226/226 228/228/228 227/227/227
f 229/229/229 228/228/228 226/226/226
f 229/229/229 230/230/230 228/228/228
f 230/230/230 229/229/229 231/231/231
f 223/223/223 232/232/232 221/221/221
f 232/232/232 231/231/231 229/229/229
f 223/223/223 233/233/233 232/232/232
f 234/234/234 230/230/230 231/231/231
f 233/233/233 235/235/235 232/232/232
f 232/232/232 235/235/235 236/236/236
f 232/232/232 236/236/236 231/231/231
f 234/234/234 231/231/231 237/237/237
f 237/237/237 231/231/231 238/238/238
f 236/236/236 238/238/238 231/231/231
f 236/236/236 239/239/239 238/238/238
f 237/237/237 238/238/238 240/240/240
f 241/241/241 239/239/239 236/236/236
f 242/242/242 234/234/234 237/237/237
f 242/242/242 237/237/237 240/240/240
f 242/242/242 243/243/243 234/234/234
f 242/242/242 244/244/244 243/243/243
f 235/235/235 243/243/243 244/244/244
f 242/242/242 240/240/240 245/245/245
f 241/241/241 245/245/245 240/240/240
f 245/245/245 244/244/244 242/242/242
f 241/241/241 236/236/236 245/245/245
f 235/235/235 244/244/244 245/245/245
f 235/235/235 245/245/245 236/236/236
f 246/246/246 247/247/247 248/248/248
f 246/246/246 248/248/248 249/249/249
f 250/250/250 246/246/246 249/249/249
f 248/248/248 251/251/251 249/249/249
f 248/248/248 252/252/252 251/251/251
f 253/253/253 254/254/254 255/255/255
f 253/253/253 255/255/255 256/256/256
f 257/257/257 254/254/254 253/253/253
f 257/257/257 258/258/258 254/254/254
f 259/259/259 260/260/260 261/261/261
f 259/259/259 261/261/261 262/262/262
f 263/263/263 264/264/264 265/265/265
f 263/263/263 265/265/265 266/266/266
f 266/266/266 265/265/265 267/267/267
f 266/266/266 267/267/267 268/268/268
f 268/268/268 267/267/267 269/269/269
f 268/268/268 269/269/269 270/270/270
f 270/270/270 269/269/269 271/271/271
f 270/270/270 271/271/271 272/272/272
f 272/272/272 271/271/271 273/273/273
f 272/272/272 273/273/273 274/274/274
f 274/274/274 273/273/273 275/275/275
f 274/274/274 275/275/275 276/276/276
f 277/277/277 278/278/278 279/279/279
f 277/277/277 279/279/279 280/280/280
f 281/281/281 282/282/282 283/283/283
f 281/281/281 283/283/283 284/284/284
f 285/285/285 286/286/286 287/287/287
f 285/285/285 287/287/287 288/288/288
f 289/289/289 290/290/290 291/291/291
f 289/289/289 291/291/291 292/292/292
f 293/293/293 294/294/294 295/295/295
f 293/293/293 295/295/295 296/296/296
f 297/297/297 298/298/298 299/299/299
f 297/297/297 299/299/299 300/300/300
f 301/301/301 300/300/300 299/299/299
f 301/301/301 302/302/302 300/300/300
f 303/303/303 304/304/304 305/305/305
f 303/303/303 305/305/305 306/306/306
f 306/306/306 305/305/305 307/307/307
f 306/306/306 307/307/307 308/308/308
f 309/309/309 310/310/310 311/311/311
f 309/309/309 311/311/311 312/312/312
f 312/312/312 311/311/311 313/313/313
f 312/312/312 313/313/313 314/314/314
f 315/315/315 316/316/316 317/317/317
f 315/315/315 317/317/317 318/318/318
f 316/316/316 319/319/319 317/317/317
f 318/318/318 320/320/320 315/315/315
f 316/316/316 321/321/321 319/319/319
f 322/322/322 320/320/320 318/318/318
f 322/322/322 323/323/323 320/320/320
f 322/322/322 324/324/324 323/323/323
f 324/324/324 325/325/325 323/323/323
f 324/324/324 326/326/326 325/325/325
f 327/327/327 326/326/326 324/324/324
f 327/327/327 328/328/328 326/326/326
f 328/328/328 327/327/327 329/329/329
f 321/321/321 330/330/330 319/319/319
f 330/330/330 329/329/329 327/327/327
f 321/321/321 331/331/331 330/330/330
f 332/332/332 328/328/328 329/329/329
f 331/331/331 333/333/333 330/330/330
f 330/330/330 333/333/333 334/334/334
f 330/330/330 334/334/334 329/329/329
f 332/332/332 329/329/329 335/335/335
f 335/335/335 329/329/329 336/336/336
f 334/334/334 336/336/336 329/329/329
f 334/334/334 337/337/337 336/336/336
f 335/335/335 336/336/336 338/338/338
f 339/339/339 337/337/337 334/334/334
f 340/340/340 332/332/332 335/335/335
f 340/340/340 335/335/335 338/338/338
f 340/340/340 341/341/341 332/332/332
f 340/340/340 342/342/342 341/341/341
f 333/333/333 341/341/341 342/342/342
f 340/340/340 338/338/338 343/343/343
f 339/339/339 343/343/343 338/338/338
f 343/343/343 342/342/342 340/340/340
f 339/339/339 334/334/334 343/343/343
f 333/333/333 342/342/342 343/343/343
f 333/333/333 343/343/343 334/334/334
f 344/344/344 345/345/345 346/346/346
f 344/344/344 346/346/346 347/347/347
f 348/348/348 344/344/344 347/347/347
f 346/346/346 349/349/349 347/347/347
f 346/346/346 350/350/350 349/349/349
f 351/351/351 352/352/352 353/353/353
f 351/351/351 353/353/353 354/354/354
f 355/355/355 352/352/352 351/351/351
f 355/355/355 356/356/356 352/352/352
f 357/357/357 358/358/358 359/359/359
f 357/357/357 359/359/359 360/360/360
f 361/361/361 362/362/362 363/363/363
f 361/361/361 363/363/363 364/364/364
f 364/364/364 363/363/363 365/365/365
f 364/364/364 365/365/365 366/366/366
f 366/366/366 365/365/365 367/367/367
f 366/366/366 367/367/367 368/368/368
f 368/368/368 367/367/367 369/369/369
f 368/368/368 369/369/369 370/370/370
f 370/370/370 369/369/369 371/371/371
f 370/370/370 371/371/371 372/372/372
f 372/372/372 371/371/371 373/373/373
f 372/372/372 373/373/373 374/374/374
f 375/375/375 376/376/376 377/377/377
f 375/375/375 377/377/377 378/378/378
f 379/379/379 380/380/380 381/381/381
f 379/379/379 381/381/381 382/382/382
f 383/383/383 384/384/384 385/385/385
f 383/383/383 385/385/385 386/386/386
f 387/387/387 388/388/388 389/389/389
f 387/387/387 389/389/389 390/390/390
f 391/391/391 392/392/392 393/393/393
f 391/391/391 393/393/393 394/394/394
f 395/395/395 396/396/396 397/397/397
f 395/395/395 397/397/397 398/398/398
f 399/399/399 398/398/398 397/397/397
f 399/399/399 400/400/400 398/398/398
f 401/401/401 402/402/402 403/403/403
f 401/401/401 403/403/403 404/404/404
f 404/404/404 403/403/403 405/405/405
f 404/404/404 405/405/405 406/406/406
f 407/407/407 408/408/408 409/409/409
f 407/407/407 409/409/409 410/410/410
f 410/410/410 409/409/409 411/411/411
f 410/410/410 411/411/411 412/412/412
f 413/413/413 414/414/414 415/415/415
f 413/413/413 415/415/415 416/416/416
f 414/414/414 413/413/413 417/417/417
f 414/414/414 417/417/417 418/418/418
f 418/418/418 417/417/417 419/419/419
f 418/418/418 419/419/419 420/420/420
f 421/421/421 420/420/420 419/419/419
f 421/421/421 422/422/422 420/420/420
f 423/423/423 422/422/422 421/421/421
f 423/423/423 421/421/421 424/424/424
f 425/425/425 423/423/423 424/424/424
f 425/425/425 424/424/424 426/426/426
f 427/427/427 425/425/425 426/426/426
f 427/427/427 426/426/426 428/428/428
f 429/429/429 427/427/427 428/428/428
f 429/429/429 428/428/428 430/430/430
f 430/430/430 431/431/431 429/429/429
f 430/430/430 432/432/432 431/431/431
f 433/433/433 431/431/431 432/432/432
f 434/434/434 431/431/431 433/433/433
f 434/434/434 433/433/433 435/435/435
f 436/436/436 434/434/434 435/435/435
f 436/436/436 435/435/435 437/437/437
f 438/438/438 436/436/436 437/437/437
f 438/438/438 437/437/437 439/439/439
f 440/440/440 438/438/438 439/439/439
f 440/440/440 439/439/439 441/441/441
f 442/442/442 440/440/440 441/441/441
f 442/442/442 441/441/441 443/443/443
f 442/442/442 443/443/443 444/444/444
f 442/442/442 444/444/444 445/445/445
f 446/446/446 445/445/445 444/444/444
f 446/446/446 444/444/444 447/447/447
f 446/446/446 447/447/447 448/448/448
f 446/446/446 448/448/448 449/449/449
f 450/450/450 451/451/451 452/452/452
f 452/452/452 453/453/453 454/454/454
f 452/452/452 454/454/454 455/455/455
f 450/450/450 452/452/452 455/455/455
f 456/456/456 450/450/450 455/455/455
f 457/457/457 452/452/452 451/451/451
f 457/457/457 458/458/458 452/452/452
f 457/457/457 451/451/451 459/459/459
f 459/459/459 451/451/451 450/450/450
f 457/457/457 459/459/459 460/460/460
f 461/461/461 459/459/459 450/450/450
f 461/461/461 462/462/462 459/459/459
f 461/461/461 450/450/450 463/463/463
f 461/461/461 463/463/463 464/464/464
f 465/465/465 466/466/466 467/467/467
f 465/465/465 467/467/467 468/468/468
f 469/469/469 468/468/468 467/467/467
f 469/469/469 467/467/467 470/470/470
f 471/471/471 467/467/467 466/466/466
f 470/470/470 467/467/467 471/471/471
f 466/466/466 472/472/472 473/473/473
f 471/471/471 466/466/466 473/473/473
f 471/471/471 473/473/473 474/474/474
f 474/474/474 475/475/475 476/476/476
f 474/474/474 476/476/476 477/477/477
f 471/471/471 474/474/474 477/477/477
f 471/471/471 477/477/477 478/478/478
f 479/479/479 480/480/480 470/470/470
f 479/479/479 470/470/470 471/471/471
f 471/471/471 481/481/481 479/479/479
f 482/482/482 479/479/479 481/481/481
f 482/482/482 481/481/481 483/483/483
f 471/471/471 484/484/484 481/481/481
f 478/478/478 485/485/485 486/486/486
f 471/471/471 478/478/478 486/486/486
f 487/487/487 488/488/488 484/484/484
f 487/487/487 484/484/484 471/471/471
f 471/471/471 489/489/489 487/487/487
f 489/489/489 490/490/490 487/487/487
f 471/471/471 491/491/491 489/489/489
f 492/492/492 471/471/471 486/486/486
f 492/492/492 493/493/493 471/471/471
f 494/494/494 492/492/492 486/486/486
f 495/495/495 496/496/496 497/497/497
f 495/495/495 497/497/497 498/498/498
f 497/497/497 499/499/499 498/498/498
f 498/498/498 500/500/500 495/495/495
f 501/501/501 495/495/495 500/500/500
f 501/501/501 500/500/500 502/502/502
f 498/498/498 503/503/503 500/500/500
f 498/498/498 504/504/504 503/503/503
f 498/498/498 505/505/505 504/504/504
f 504/504/504 506/506/506 503/503/503
f 507/507/507 508/508/508 509/509/509
f 507/507/507 510/510/510 511/511/511
f 507/507/507 509/509/509 510/510/510
f 509/509/509 512/512/512 510/510/510
f 509/509/509 513/513/513 514/514/514
f 509/509/509 514/514/514 515/515/515
f 509/509/509 516/516/516 512/512/512
f 515/515/515 516/516/516 509/509/509
f 515/515/515 517/517/517 516/516/516
f 516/516/516 518/518/518 512/512/512
f 516/516/516 519/519/519 518/518/518
f 520/520/520 521/521/521 522/522/522
f 520/520/520 522/522/522 523/523/523
f 522/522/522 524/524/524 523/523/523
f 522/522/522 525/525/525 524/524/524
f 524/524/524 526/526/526 523/523/523
f 524/524/524 527/527/527 526/526/526
f 528/528/528 529/529/529 530/530/530
f 528/528/528 530/530/530 531/531/531
f 530/530/530 532/532/532 531/531/531
f 530/530/530 533/533/533 532/532/532
f 532/532/532 534/534/534 531/531/531
f 532/532/532 535/535/535 534/534/534
f 534/534/534 536/536/536 531/531/531
f 534/534/534 537/537/537 536/536/536
f 538/538/538 539/539/539 540/540/540
f 538/538/538 540/540/540 541/541/541
f 542/542/542 538/538/538 541/541/541
f 542/542/542 541/541/541 543/543/543
f 544/544/544 545/545/545 546/546/546
f 544/544/544 546/546/546 547/547/547
f 548/548/548 549/549/549 550/550/550
f 548/548/548 550/550/550 551/551/551
f 552/552/552 553/553/553 554/554/554
f 552/552/552 554/554/554 555/555/555
f 556/556/556 557/557/557 558/558/558
f 556/556/556 558/558/558 559/559/559
f 560/560/560 561/561/561 562/562/562
f 560/560/560 562/562/562 563/563/563
f 564/564/564 565/565/565 566/566/566
f 564/564/564 566/566/566 567/567/567
f 568/568/568 569/569/569 570/570/570
f 568/568/568 570/570/570 571/571/571
f 572/572/572 573/573/573 574/574/574
f 572/572/572 574/574/574 575/575/575
f 576/576/576 577/577/577 578/578/578
f 576/576/576 578/578/578 579/579/579
f 580/580/580 581/581/581 582/582/582
f 580/580/580 582/582/582 583/583/583
f 584/584/584 585/585/585 586/586/586
f 584/584/584 586/586/586 587/587/587
f 588/588/588 589/589/589 590/590/590
f 588/588/588 590/590/590 591/591/591
f 589/589/589 592/592/592 590/590/590
f 589/589/589 593/593/593 592/592/592
f 594/594/594 595/595/595 596/596/596
f 594/594/594 596/596/596 597/597/597
f 595/595/595 598/598/598 596/596/596
f 595/595/595 599/599/599 598/598/598
f 598/598/598 600/600/600 596/596/596
f 598/598/598 601/601/601 600/600/600
f 602/602/602 603/603/603 604/604/604
f 602/602/602 604/604/604 605/605/605
f 603/603/603 606/606/606 604/604/604
f 603/603/603 607/607/607 606/606/606
f 607/607/607 608/608/608 606/606/606
f 607/607/607 609/609/609 608/608/608
f 610/610/610 611/611/611 612/612/612
f 610/610/610 612/612/612 613/613/613
f 614/614/614 615/615/615 616/616/616
f 614/614/614 616/616/616 617/617/617
f 618/618/618 619/619/619 620/620/620
f 618/618/618 620/620/620 621/621/621
f 622/622/622 623/623/623 624/624/624
f 622/622/622 624/624/624 625/625/625
f 626/626/626 627/627/627 628/628/628
f 626/626/626 628/628/628 629/629/629
f 630/630/630 631/631/631 632/632/632
f 630/630/630 632/632/632 633/633/633
f 631/631/631 634/634/634 632/632/632
f 631/631/631 635/635/635 634/634/634
f 636/636/636 637/637/637 638/638/638
f 636/636/636 638/638/638 639/639/639
f 637/637/637 640/640/640 638/638/638
f 637/637/637 641/641/641 640/640/640
f 641/641/641 642/642/642 640/640/640
f 641/641/641 643/643/643 642/642/642
f 643/643/643 644/644/644 642/642/642
f 643/643/643 645/645/645 644/644/644
f 646/646/646 647/647/647 648/648/648
f 646/646/646 648/648/648 649/649/649
f 647/647/647 650/650/650 648/648/648
f 647/647/647 651/651/651 650/650/650
f 652/652/652 653/653/653 654/654/654
f 652/652/652 654/654/654 655/655/655
f 653/653/653 656/656/656 654/654/654
f 653/653/653 657/657/657 656/656/656
f 657/657/657 658/658/658 656/656/656
f 657/657/657 659/659/659 658/658/658
f 659/659/659 660/660/660 658/658/658
f 659/659/659 661/661/661 660/660/660
f 661/661/661 662/662/662 660/660/660
f 661/661/661 663/663/663 662/662/662
f 663/663/663 664/664/664 662/662/662
f 663/663/663 665/665/665 664/664/664
f 666/666/666 667/667/667 668/668/668
f 666/666/666 668/668/668 669/669/669
f 670/670/670 669/669/669 668/668/668
f 671/671/671 669/669/669 670/670/670
f 671/671/671 670/670/670 672/672/672
f 673/673/673 671/671/671 672/672/672
f 674/674/674 675/675/675 676/676/676
f 674/674/674 676/676/676 677/677/677
f 678/678/678 674/674/674 677/677/677
f 678/678/678 677/677/677 679/679/679
f 680/680/680 678/678/678 679/679/679
f 680/680/680 679/679/679 681/681/681
f 682/682/682 680/680/680 681/681/681
f 682/682/682 681/681/681 683/683/683
f 684/684/684 682/682/682 683/683/683
f 684/684/684 683/683/683 685/685/685
f 686/686/686 687/687/687 688/688/688
f 686/686/686 688/688/688 689/689/689
f 687/687/687 690/690/690 688/688/688
f 687/687/687 691/691/691 690/690/690
f 691/691/691 692/692/692 690/690/690
f 691/691/691 693/693/693 692/692/692
f 693/693/693 694/694/694 692/692/692
f 693/693/693 695/695/695 694/694/694
f 695/695/695 696/696/696 694/694/694
f 695/695/695 697/697/697 696/696/696
f 697/697/697 698/698/698 696/696/696
f 697/697/697 699/699/699 698/698/698
f 699/699/699 700/700/700 698/698/698
f 699/699/699 701/701/701 700/700/700
f 701/701/701 702/702/702 700/700/700
f 701/701/701 703/703/703 702/702/702
f 703/703/703 704/704/704 702/702/702
f 703/703/703 705/705/705 704/704/704
f 705/705/705 706/706/706 704/704/704
f 705/705/705 707/707/707 706/706/706
f 707/707/707 708/708/708 706/706/706
f 707/707/707 709/709/709 708/708/708
f 710/710/710 711/711/711 712/712/712
f 710/710/710 712/712/712 713/713/713
f 711/711/711 714/714/714 712/712/712
f 711/711/711 715/715/715 714/714/714
f 716/716/716 717/717/717 718/718/718
f 716/716/716 718/718/718 719/719/719
f 720/720/720 717/717/717 716/716/716
f 718/718/718 721/721/721 719/719/719
f 718/718/718 722/722/722 721/721/721
f 723/723/723 721/721/721 722/722/722
f 723/723/723 724/724/724 721/721/721
f 725/725/725 724/724/724 723/723/723
f 725/725/725 723/723/723 726/726/726
f 725/725/725 726/726/726 727/727/727
f 720/720/720 728/728/728 717/717/717
f 725/725/725 727/727/727 729/729/729
f 720/720/720 730/730/730 728/728/728
f 720/720/720 731/731/731 730/730/730
f 730/730/730 732/732/732 728/728/728
f 730/730/730 731/731/731 733/733/733
f 730/730/730 734/734/734 732/732/732
f 735/735/735 733/733/733 731/731/731
f 736/736/736 733/733/733 735/735/735
f 736/736/736 735/735/735 737/737/737
f 738/738/738 736/736/736 737/737/737
f 738/738/738 737/737/737 739/739/739
f 740/740/740 738/738/738 739/739/739
f 740/740/740 739/739/739 741/741/741
f 742/742/742 740/740/740 741/741/741
f 742/742/742 741/741/741 743/743/743
f 743/743/743 744/744/744 742/742/742
f 743/743/743 745/745/745 744/744/744
f 746/746/746 744/744/744 745/745/745
f 746/746/746 747/747/747 744/744/744
f 748/748/748 747/747/747 746/746/746
f 748/748/748 749/749/749 747/747/747
f 750/750/750 749/749/749 748/748/748
f 750/750/750 751/751/751 749/749/749
f 752/752/752 751/751/751 750/750/750
f 752/752/752 753/753/753 751/751/751
f 754/754/754 753/753/753 752/752/752
f 754/754/754 755/755/755 753/753/753
f 754/754/754 756/756/756 755/755/755
f 729/729/729 756/756/756 754/754/754
f 729/729/729 727/727/727 756/756/756
f 756/756/756 727/727/727 732/732/732
f 756/756/756 732/732/732 734/734/734
f 757/757/757 758/758/758 759/759/759
f 757/757/757 759/759/759 760/760/760
f 761/761/761 759/759/759 758/758/758
f 761/761/761 758/758/758 762/762/762
f 763/763/763 761/761/761 762/762/762
f 763/763/763 762/762/762 764/764/764
f 765/765/765 763/763/763 764/764/764
f 765/765/765 764/764/764 766/766/766
f 765/765/765 766/766/766 767/767/767
f 765/765/765 767/767/767 768/768/768
f 768/768/768 767/767/767 769/769/769
f 768/768/768 769/769/769 770/770/770
f 770/770/770 769/769/769 771/771/771
f 770/770/770 771/771/771 772/772/772
f 773/773/773 772/772/772 771/771/771
f 773/773/773 774/774/774 772/772/772
f 775/775/775 774/774/774 773/773/773
f 775/775/775 776/776/776 774/774/774
f 777/777/777 776/776/776 775/775/775
f 777/777/777 775/775/775 778/778/778
f 777/777/777 778/778/778 779/779/779
f 779/779/779 778/778/778 780/780/780
f 779/779/779 780/780/780 781/781/781
f 781/781/781 780/780/780 782/782/782
f 781/781/781 782/782/782 783/783/783
f 783/783/783 782/782/782 784/784/784
f 783/783/783 784/784/784 785/785/785
f 786/786/786 785/785/785 784/784/784
f 786/786/786 787/787/787 785/785/785
f 788/788/788 787/787/787 786/786/786
f 788/788/788 786/786/786 789/789/789
f 788/788/788 789/789/789 790/790/790
f 788/788/788 790/790/790 791/791/791
f 792/792/792 791/791/791 790/790/790
f 792/792/792 790/790/790 793/793/793
f 794/794/794 795/795/795 796/796/796
f 794/794/794 796/796/796 797/797/797
f 796/796/796 798/798/798 797/797/797
f 794/794/794 797/797/797 799/799/799
f 794/794/794 799/799/799 800/800/800
f 801/801/801 799/799/799 797/797/797
f 801/801/801 797/797/797 802/802/802
f 803/803/803 801/801/801 802/802/802
f 797/797/797 804/804/804 802/802/802
f 797/797/797 805/805/805 804/804/804
f 806/806/806 797/797/797 798/798/798
f 805/805/805 797/797/797 806/806/806
f 806/806/806 798/798/798 807/807/807
f 805/805/805 806/806/806 808/808/808
f 809/809/809 810/810/810 811/811/811
f 809/809/809 811/811/811 812/812/812
f 809/809/809 812/812/812 813/813/813
f 809/809/809 813/813/813 814/814/814
f 815/815/815 809/809/809 814/814/814
f 810/810/810 809/809/809 815/815/815
f 814/814/814 816/816/816 817/817/817
f 815/815/815 814/814/814 817/817/817
f 818/818/818 815/815/815 817/817/817
f 818/818/818 817/817/817 819/819/819
f 818/818/818 819/819/819 820/820/820
f 818/818/818 821/821/821 815/815/815
f 821/821/821 822/822/822 815/815/815
f 821/821/821 823/823/823 822/822/822
f 822/822/822 824/824/824 815/815/815
f 822/822/822 825/825/825 824/824/824
f 824/824/824 826/826/826 815/815/815
f 815/815/815 827/827/827 828/828/828
f 815/815/815 828/828/828 829/829/829
f 830/830/830 829/829/829 828/828/828
f 810/810/810 815/815/815 829/829/829
f 829/829/829 831/831/831 832/832/832
f 829/829/829 832/832/832 810/810/810
f 833/833/833 810/810/810 832/832/832
f 833/833/833 834/834/834 810/810/810
f 833/833/833 835/835/835 834/834/834
f 833/833/833 836/836/836 835/835/835
f 837/837/837 810/810/810 834/834/834
f 837/837/837 838/838/838 810/810/810
f 839/839/839 840/840/840 841/841/841
f 839/839/839 841/841/841 842/842/842
f 841/841/841 843/843/843 842/842/842
f 839/839/839 842/842/842 844/844/844
f 842/842/842 845/845/845 844/844/844
f 842/842/842 846/846/846 845/845/845
f 839/839/839 844/844/844 847/847/847
f 844/844/844 848/848/848 847/847/847
f 849/849/849 839/839/839 847/847/847
f 849/849/849 847/847/847 850/850/850
f 851/851/851 852/852/852 853/853/853
f 851/851/851 854/854/854 855/855/855
f 851/851/851 856/856/856 854/854/854
f 851/851/851 853/853/853 856/856/856
f 853/853/853 857/857/857 856/856/856
f 853/853/853 858/858/858 857/857/857
f 858/858/858 859/859/859 857/857/857
f 858/858/858 860/860/860 859/859/859
f 857/857/857 861/861/861 856/856/856
f 857/857/857 862/862/862 861/861/861
f 861/861/861 863/863/863 856/856/856
f 864/864/864 865/865/865 866/866/866
f 864/864/864 866/866/866 867/867/867
f 866/866/866 865/865/865 868/868/868
f 866/866/866 868/868/868 869/869/869
f 870/870/870 868/868/868 865/865/865
f 870/870/870 871/871/871 868/868/868
f 872/872/872 873/873/873 874/874/874
f 872/872/872 874/874/874 875/875/875
f 874/874/874 873/873/873 876/876/876
f 874/874/874 876/876/876 877/877/877
f 878/878/878 876/876/876 873/873/873
f 878/878/878 879/879/879 876/876/876
f 880/880/880 878/878/878 873/873/873
f 880/880/880 881/881/881 878/878/878
f 882/882/882 883/883/883 884/884/884
f 882/882/882 884/884/884 885/885/885
f 885/885/885 884/884/884 886/886/886
f 885/885/885 886/886/886 887/887/887
f 888/888/888 889/889/889 890/890/890
f 888/888/888 890/890/890 891/891/891
f 892/892/892 893/893/893 894/894/894
f 892/892/892 894/894/894 895/895/895
f 896/896/896 897/897/897 898/898/898
f 896/896/896 898/898/898 899/899/899
f 900/900/900 901/901/901 902/902/902
f 900/900/900 902/902/902 903/903/903
f 904/904/904 905/905/905 906/906/906
f 904/904/904 906/906/906 907/907/907
f 908/908/908 909/909/909 910/910/910
f 908/908/908 910/910/910 911/911/911
f 912/912/912 913/913/913 914/914/914
f 912/912/912 914/914/914 915/915/915
f 916/916/916 917/917/917 918/918/918
f 916/916/916 918/918/918 919/919/919
f 920/920/920 921/921/921 922/922/922
f 920/920/920 922/922/922 923/923/923
f 924/924/924 925/925/925 926/926/926
f 924/924/924 926/926/926 927/927/927
f 928/928/928 929/929/929 930/930/930
f 928/928/928 930/930/930 931/931/931
f 932/932/932 933/933/933 934/934/934
f 932/932/932 934/934/934 935/935/935
f 936/936/936 933/933/933 932/932/932
f 936/936/936 937/937/937 933/933/933
f 938/938/938 939/939/939 940/940/940
f 938/938/938 940/940/940 941/941/941
f 942/942/942 939/939/939 938/938/938
f 942/942/942 943/943/943 939/939/939
f 944/944/944 942/942/942 938/938/938
f 944/944/944 945/945/945 942/942/942
f 946/946/946 947/947/947 948/948/948
f 946/946/946 948/948/948 949/949/949
f 950/950/950 947/947/947 946/946/946
f 950/950/950 951/951/951 947/947/947
f 952/952/952 951/951/951 950/950/950
f 952/952/952 953/953/953 951/951/951
f 954/954/954 955/955/955 956/956/956
f 954/954/954 956/956/956 957/957/957
f 958/958/958 959/959/959 960/960/960
f 958/958/958 960/960/960 961/961/961
f 962/962/962 963/963/963 964/964/964
f 962/962/962 964/964/964 965/965/965
f 966/966/966 967/967/967 968/968/968
f 966/966/966 968/968/968 969/969/969
f 970/970/970 971/971/971 972/972/972
f 970/970/970 972/972/972 973/973/973
f 974/974/974 975/975/975 976/976/976
f 974/974/974 976/976/976 977/977/977
f 978/978/978 975/975/975 974/974/974
f 978/978/978 979/979/979 975/975/975
f 980/980/980 981/981/981 982/982/982
f 980/980/980 982/982/982 983/983/983
f 984/984/984 981/981/981 980/980/980
f 984/984/984 985/985/985 981/981/981
f 986/986/986 985/985/985 984/984/984
f 986/986/986 987/987/987 985/985/985
f 988/988/988 987/987/987 986/986/986
f 988/988/988 989/989/989 987/987/987
f 990/990/990 991/991/991 992/992/992
f 990/990/990 992/992/992 993/993/993
f 994/994/994 991/991/991 990/990/990
f 994/994/994 995/995/995 991/991/991
f 996/996/996 997/997/997 998/998/998
f 996/996/996 998/998/998 999/999/999
f 1000/1000/1000 997/997/997 996/996/996
f 1000/1000/1000 1001/1001/1001 997/997/997
f 1002/1002/1002 1001/1001/1001 1000/1000/1000
f 1002/1002/1002 1003/1003/1003 1001/1001/1001
f 1004/1004/1004 1003/1003/1003 1002/1002/1002
f 1004/1004/1004 1005/1005/1005 1003/1003/1003
f 1006/1006/1006 1005/1005/1005 1004/1004/1004
f 1006/1006/1006 1007/1007/1007 1005/1005/1005
f 1008/1008/1008 1007/1007/1007 1006/1006/1006
f 1008/1008/1008 1009/1009/1009 1007/1007/1007
f 1010/1010/1010 1011/1011/1011 1012/1012/1012
f 1010/1010/1010 1012/1012/1012 1013/1013/1013
f 1013/1013/1013 1012/1012/1012 1014/1014/1014
f 1015/1015/1015 1013/1013/1013 1014/1014/1014
f 1015/1015/1015 1014/1014/1014 1016/1016/1016
f 1017/1017/1017 1015/1015/1015 1016/1016/1016
f 1018/1018/1018 1019/1019/1019 1020/1020/1020
f 1018/1018/1018 1020/1020/1020 1021/1021/1021
f 1021/1021/1021 1020/1020/1020 1022/1022/1022
f 1021/1021/1021 1022/1022/1022 1023/1023/1023
f 1023/1023/1023 1022/1022/1022 1024/1024/1024
f 1023/1023/1023 1024/1024/1024 1025/1025/1025
f 1025/1025/1025 1024/1024/1024 1026/1026/1026
f 1025/1025/1025 1026/1026/1026 1027/1027/1027
f 1027/1027/1027 1026/1026/1026 1028/1028/1028
f 1027/1027/1027 1028/1028/1028 1029/1029/1029
f 1030/1030/1030 1031/1031/1031 1032/1032/1032
f 1030/1030/1030 1032/1032/1032 1033/1033/1033
f 1034/1034/1034 1031/1031/1031 1030/1030/1030
f 1034/1034/1034 1035/1035/1035 1031/1031/1031
f 1036/1036/1036 1035/1035/1035 1034/1034/1034
f 1036/1036/1036 1037/1037/1037 1035/1035/1035
f 1038/1038/1038 1037/1037/1037 1036/1036/1036
f 1038/1038/1038 1039/1039/1039 1037/1037/1037
f 1040/1040/1040 1039/1039/1039 1038/1038/1038
f 1040/1040/1040 1041/1041/1041 1039/1039/1039
f 1042/1042/1042 1041/1041/1041 1040/1040/1040
f 1042/1042/1042 1043/1043/1043 1041/1041/1041
f 1044/1044/1044 1043/1043/1043 1042/1042/1042
f 1044/1044/1044 1045/1045/1045 1043/1043/1043
f 1046/1046/1046 1045/1045/1045 1044/1044/1044
f 1046/1046/1046 1047/1047/1047 1045/1045/1045
f 1048/1048/1048 1047/1047/1047 1046/1046/1046
f 1048/1048/1048 1049/1049/1049 1047/1047/1047
f 1050/1050/1050 1049/1049/1049 1048/1048/1048
f 1050/1050/1050 1051/1051/1051 1049/1049/1049
f 1052/1052/1052 1051/1051/1051 1050/1050/1050
f 1052/1052/1052 1053/1053/1053 1051/1051/1051
f 1054/1054/1054 1055/1055/1055 1056/1056/1056
f 1054/1054/1054 1056/1056/1056 1057/1057/1057
f 1058/1058/1058 1055/1055/1055 1054/1054/1054
f 1058/1058/1058 1059/1059/1059 1055/1055/1055
f 1060/1060/1060 1061/1061/1061 1062/1062/1062
f 1060/1060/1060 1062/1062/1062 1063/1063/1063
f 1061/1061/1061 1064/1064/1064 1062/1062/1062
f 1065/1065/1065 1060/1060/1060 1063/1063/1063
f 1065/1065/1065 1066/1066/1066 1060/1060/1060
f 1067/1067/1067 1066/1066/1066 1065/1065/1065
f 1067/1067/1067 1065/1065/1065 1068/1068/1068
f 1069/1069/1069 1067/1067/1067 1068/1068/1068
f 1069/1069/1069 1070/1070/1070 1067/1067/1067
f 1071/1071/1071 1070/1070/1070 1069/1069/1069
f 1061/1061/1061 1072/1072/1072 1064/1064/1064
f 1071/1071/1071 1069/1069/1069 1073/1073/1073
f 1064/1064/1064 1072/1072/1072 1074/1074/1074
f 1064/1064/1064 1074/1074/1074 1075/1075/1075
f 1076/1076/1076 1074/1074/1074 1072/1072/1072
f 1074/1074/1074 1077/1077/1077 1075/1075/1075
f 1076/1076/1076 1078/1078/1078 1074/1074/1074
f 1079/1079/1079 1075/1075/1075 1077/1077/1077
f 1079/1079/1079 1077/1077/1077 1080/1080/1080
f 1079/1079/1079 1080/1080/1080 1081/1081/1081
f 1081/1081/1081 1080/1080/1080 1082/1082/1082
f 1081/1081/1081 1082/1082/1082 1083/1083/1083
f 1083/1083/1083 1082/1082/1082 1084/1084/1084
f 1083/1083/1083 1084/1084/1084 1085/1085/1085
f 1085/1085/1085 1084/1084/1084 1086/1086/1086
f 1085/1085/1085 1086/1086/1086 1087/1087/1087
f 1087/1087/1087 1086/1086/1086 1088/1088/1088
f 1087/1087/1087 1088/1088/1088 1089/1089/1089
f 1090/1090/1090 1089/1089/1089 1088/1088/1088
f 1090/1090/1090 1088/1088/1088 1091/1091/1091
f 1092/1092/1092 1090/1090/1090 1091/1091/1091
f 1092/1092/1092 1091/1091/1091 1093/1093/1093
f 1094/1094/1094 1092/1092/1092 1093/1093/1093
f 1094/1094/1094 1093/1093/1093 1095/1095/1095
f 1096/1096/1096 1094/1094/1094 1095/1095/1095
f 1096/1096/1096 1095/1095/1095 1097/1097/1097
f 1097/1097/1097 1098/1098/1098 1096/1096/1096
f 1097/1097/1097 1099/1099/1099 1098/1098/1098
f 1098/1098/1098 1099/1099/1099 1100/1100/1100
f 1100/1100/1100 1073/1073/1073 1098/1098/1098
f 1100/1100/1100 1071/1071/1071 1073/1073/1073
f 1100/1100/1100 1076/1076/1076 1071/1071/1071
f 1100/1100/1100 1078/1078/1078 1076/1076/1076
