# Crytek Sponza via Khronos glTF-Sample-Assets; floor at y=0
v 6.227874 4.051325 3.873125
v 6.227874 4.051325 4.908746
v 5.901613 4.083443 4.908746
v 6.469493 3.956202 4.133193
v 6.469493 3.956202 4.908746
v 6.734838 3.796087 4.373392
v 6.727961 3.801731 4.908746
v 6.501456 3.956202 4.101129
v 6.939164 3.589471 4.568417
v 6.935572 3.593848 4.908746
v 7.085425 3.337988 4.735258
v 7.084538 3.340542 4.908746
v 6.765992 3.795811 4.344152
v 6.967349 3.589134 4.540492
v 7.191711 3.050467 4.841433
v 7.111434 3.337614 4.709012
v 7.216430 3.050080 4.816890
v 7.191549 3.051547 4.908746
v 7.231852 2.737970 4.867668
v 7.231852 2.737970 4.908746
v 7.216430 3.050080 4.816890
v 7.255925 2.737970 4.843705
v 7.515267 3.956203 4.101129
v 7.515267 3.796565 4.343429
v 7.515267 3.589577 4.540194
v 7.515267 4.051325 3.839333
v 8.119751 3.589134 4.540493
v 7.111434 3.337614 4.709012
v 6.939164 3.589471 4.568417
v 7.085425 3.337988 4.735258
v 7.918078 3.337615 4.709012
v 8.367084 3.795809 4.344154
v 8.150277 3.589461 4.567659
v 7.515267 3.337804 4.708941
v 7.216430 3.050080 4.816890
v 7.820832 3.050079 4.816890
v 7.945107 3.337983 4.734953
v 7.845506 3.050467 4.841442
v 7.515267 3.050153 4.816884
v 7.774540 2.737970 4.843705
v 7.255925 2.737970 4.843705
v 7.515267 2.737970 4.843705
v 8.407185 3.801731 4.908746
v 8.153879 3.593848 4.908746
v 7.945107 3.337983 4.734953
v 7.945996 3.340542 4.908746
v 8.119751 3.589134 4.540493
v 7.918078 3.337615 4.709012
v 7.845506 3.050467 4.841442
v 7.845668 3.051547 4.908746
v 7.798682 2.737970 4.867667
v 7.798682 2.737970 4.908746
v 7.820832 3.050079 4.816890
v 7.774540 2.737970 4.843705
v 8.400297 3.796078 4.372538
v 8.696179 3.956202 4.908746
v 8.696179 3.956202 4.131125
v 8.661185 3.956202 4.101129
v 9.009756 4.051325 4.908746
v 9.009756 4.051325 3.871419
v 8.974956 4.051325 3.839333
v 9.335867 4.083443 4.908746
v 9.335867 4.083443 3.546904
v 9.661976 4.051325 3.871419
v 9.661976 4.051325 4.908746
v 9.302181 4.083443 3.513219
v 9.975554 3.956202 4.131145
v 9.975554 3.956202 4.908746
v 9.369552 4.083443 3.513219
v 10.256332 3.806123 4.360427
v 10.264548 3.801731 4.908746
v 9.696778 4.051325 3.839333
v 10.010576 3.956202 4.101129
v 10.513299 3.597587 4.561240
v 10.517855 3.593848 4.908746
v 10.711554 3.335744 4.735280
v 10.710001 3.340543 4.908746
v 10.834255 3.047334 4.841271
v 10.834010 3.051547 4.908746
v 10.868313 2.737970 4.908746
v 10.868241 2.738631 4.867614
v 10.289292 3.806117 4.331748
v 10.543251 3.597571 4.533756
v 10.901765 3.956203 4.101127
v 10.901765 3.801731 4.338488
v 10.901765 4.051325 3.839331
v 10.901765 4.083444 3.513222
v 10.901765 3.593848 4.537318
v 10.711554 3.335744 4.735280
v 10.513299 3.597587 4.561240
v 10.738306 3.335799 4.709245
v 10.901765 3.340542 4.707908
v 10.834255 3.047334 4.841271
v 10.711554 3.335744 4.735280
v 10.858679 3.047885 4.816908
v 10.901765 3.051547 4.816764
v 10.892302 2.738265 4.843679
v 10.901765 2.737970 4.843705
v 10.868241 2.738631 4.867614
v 10.834255 3.047334 4.841271
v 9.697070 4.051325 3.187111
v 10.901765 4.051325 3.187112
v 9.335867 4.083443 3.513219
v 9.335867 4.083443 3.479533
v 10.011105 3.956202 2.933976
v 10.901765 3.956203 2.933976
v 10.297421 3.801731 2.705197
v 10.901765 3.801731 2.705197
v 10.547628 3.593848 2.489206
v 10.901765 3.593848 2.489206
v 10.517855 3.593848 2.461548
v 10.264548 3.801731 2.676338
v 9.975554 3.956202 2.904334
v 9.661976 4.051325 3.155231
v 10.264548 3.801731 0.980499
v 10.517855 3.593848 1.232074
v 10.714553 3.329938 1.440972
v 10.710136 3.340231 2.302582
v 10.295544 3.801731 0.949503
v 10.546726 3.593848 1.202808
v 10.901765 3.801731 0.949503
v 10.901765 3.593848 1.202809
v 10.901765 3.956202 0.660508
v 10.830177 3.060226 2.206140
v 10.737030 3.340543 2.328620
v 10.855814 3.057530 2.229652
v 10.834928 3.042231 1.536938
v 10.867314 2.747103 2.173035
v 10.868275 2.738327 1.582093
v 10.740562 3.331131 1.413959
v 10.859035 3.045155 1.511978
v 10.007991 3.956202 0.660508
v 10.901765 4.051324 0.346931
v 9.695342 4.051325 0.346928
v 10.901765 4.082683 0.028542
v 9.377271 4.082683 0.028542
v 9.975554 3.956202 0.692944
v 9.661976 4.051325 0.380294
v 9.335867 4.083443 0.028542
v 9.009756 4.051325 0.380294
v 9.294462 4.082683 0.028542
v 9.009756 4.051325 3.155231
v 8.976391 4.051325 0.346928
v 7.515267 4.082683 0.028542
v 7.515267 4.051325 0.346929
v 8.663744 3.956202 0.660508
v 7.515267 3.956202 0.660508
v 8.696179 3.956202 0.692944
v 8.376188 3.801731 0.949503
v 7.515267 3.801731 0.949503
v 8.696179 3.956202 2.904334
v 8.407185 3.801731 0.980499
v 8.124668 3.593848 1.202809
v 7.515267 3.593848 1.202809
v 8.153879 3.593848 1.232020
v 7.919339 3.340542 1.410692
v 8.153879 3.593848 1.232020
v 7.945996 3.340542 1.437348
v 7.515267 3.340542 1.410692
v 7.821040 3.051547 1.511020
v 7.945996 3.340542 1.437348
v 7.845668 3.051547 1.535648
v 7.515267 3.051547 1.511020
v 7.774544 2.737970 1.558007
v 7.515267 2.737970 1.558007
v 7.845668 3.051547 1.535648
v 7.798682 2.737970 1.582144
v 8.407185 3.801731 2.676338
v 8.153879 3.593848 2.461631
v 7.945996 3.340542 1.437348
v 7.945996 3.340542 2.302763
v 7.845668 3.051547 1.535648
v 8.123744 3.593848 2.489206
v 7.918978 3.340542 2.328620
v 7.845668 3.051547 2.202997
v 7.798682 2.737970 1.582144
v 7.798682 2.737970 2.172141
v 7.821040 3.051547 2.227560
v 7.774540 2.737970 2.196136
v 8.374312 3.801731 2.705196
v 8.123744 3.593848 2.489206
v 8.660628 3.956202 2.933976
v 7.515267 3.801731 2.705196
v 8.974663 4.051325 3.187111
v 7.515267 3.956203 2.933976
v 7.515267 4.051325 3.187111
v 7.515267 4.083444 3.513220
v 6.260720 4.051325 3.187111
v 6.501856 3.956202 2.933976
v 6.260509 4.051325 3.839333
v 5.935306 4.083443 3.513219
v 5.901613 4.083443 3.513219
v 5.901613 4.083443 3.546962
v 5.545440 4.051325 3.839333
v 5.577902 4.051325 3.873308
v 5.577902 4.051325 4.908746
v 5.340054 3.956202 4.133291
v 5.340054 3.956202 4.908746
v 5.308107 3.956202 4.101129
v 5.085835 3.806117 4.361217
v 5.077629 3.801731 4.908746
v 4.864896 3.597580 4.561861
v 4.860348 3.593848 4.908746
v 5.054905 3.806260 4.331529
v 4.710621 3.335751 4.735523
v 4.712171 3.340543 4.908746
v 4.836947 3.597798 4.533541
v 4.607921 3.047335 4.841291
v 4.608167 3.051547 4.908746
v 4.583277 3.045953 4.816985
v 4.684577 3.335155 4.709426
v 4.573956 2.738631 4.867614
v 4.573883 2.737970 4.908746
v 4.583277 3.045953 4.816985
v 4.549974 2.738992 4.843616
v 4.421035 3.804323 4.334506
v 4.421035 3.956202 4.101127
v 4.421035 3.596498 4.534783
v 4.421035 4.051325 3.839332
v 3.533961 3.956202 4.101129
v 3.787164 3.806260 4.331529
v 4.005120 3.597798 4.533541
v 4.684577 3.335155 4.709426
v 4.864896 3.597580 4.561861
v 4.710621 3.335751 4.735523
v 4.421035 3.336433 4.709065
v 4.583277 3.045953 4.816985
v 4.157492 3.335155 4.709426
v 3.977172 3.597580 4.561861
v 4.131447 3.335751 4.735523
v 4.258790 3.045953 4.816985
v 4.421035 3.046851 4.816949
v 4.549974 2.738992 4.843616
v 4.292095 2.738992 4.843616
v 4.421035 2.738858 4.843627
v 3.977172 3.597580 4.561861
v 3.756233 3.806117 4.361217
v 3.764439 3.801731 4.908746
v 3.981720 3.593848 4.908746
v 4.131447 3.335751 4.735523
v 3.502014 3.956202 4.908746
v 4.129898 3.340543 4.908746
v 3.502014 3.956202 4.133291
v 3.264166 4.051325 4.908746
v 4.234147 3.047335 4.841291
v 3.264166 4.051325 3.873308
v 4.233902 3.051547 4.908746
v 4.157492 3.335155 4.709426
v 4.258790 3.045953 4.816985
v 4.268185 2.737970 4.908746
v 4.268113 2.738631 4.867614
v 4.258790 3.045953 4.816985
v 4.292095 2.738992 4.843616
v 2.940456 4.083443 4.908746
v 3.296628 4.051325 3.839333
v 2.940456 4.083443 3.546962
v 4.421035 4.083444 3.513220
v 2.974019 4.083443 3.513219
v 2.614194 4.051325 3.873125
v 2.614194 4.051325 4.908746
v 2.940456 4.083443 3.513219
v 3.296835 4.051325 3.187111
v 2.906763 4.083443 3.513219
v 2.372575 3.956202 4.133193
v 2.372575 3.956202 4.908746
v 2.581560 4.051325 3.839333
v 2.340611 3.956202 4.101129
v 2.107231 3.796087 4.373392
v 2.114108 3.801731 4.908746
v 2.076077 3.795811 4.344152
v 1.902903 3.589471 4.568417
v 2.076077 3.795811 4.344152
v 1.874719 3.589134 4.540492
v 1.906497 3.593848 4.908746
v 1.756643 3.337988 4.735258
v 1.757529 3.340542 4.908746
v 1.625638 3.050080 4.816890
v 1.730634 3.337614 4.709012
v 1.650356 3.050467 4.841433
v 1.650518 3.051547 4.908746
v 1.610216 2.737970 4.867668
v 1.610216 2.737970 4.908746
v 1.625638 3.050080 4.816890
v 1.586144 2.737970 4.843705
v 1.456155 3.956203 4.101129
v 1.456155 3.796434 4.343553
v 1.874719 3.589134 4.540492
v 1.456155 4.051325 3.839333
v 0.836231 3.795811 4.344152
v 0.571697 3.956202 4.101129
v 1.037589 3.589134 4.540492
v 1.456155 3.589472 4.540264
v 1.730634 3.337614 4.709012
v 1.902903 3.589471 4.568417
v 1.756643 3.337988 4.735258
v 1.456155 3.337743 4.708963
v 1.181675 3.337614 4.709012
v 1.009405 3.589471 4.568417
v 1.155666 3.337988 4.735258
v 1.286670 3.050080 4.816890
v 1.625638 3.050080 4.816890
v 1.456155 3.050121 4.816887
v 1.326164 2.737970 4.843705
v 1.586144 2.737970 4.843705
v 1.456155 2.737970 4.843705
v 5.868050 4.083443 3.513219
v 5.545233 4.051325 3.187111
v 5.901613 4.083443 3.479475
v 5.577902 4.051325 3.153423
v 4.421035 4.051325 3.187111
v 6.227874 4.051325 3.153600
v 5.901613 4.083443 2.158925
v 5.577902 4.051325 2.158925
v 6.227874 4.051325 2.158925
v 6.469493 3.956202 2.902354
v 6.469493 3.956202 2.158925
v 6.727961 3.801731 2.675385
v 6.727961 3.801731 2.158925
v 6.935572 3.593848 2.460809
v 6.935572 3.593848 2.158925
v 6.758784 3.801731 2.705196
v 7.084538 3.340542 2.302473
v 7.084538 3.340542 2.158925
v 6.963398 3.593848 2.489206
v 7.191549 3.051547 2.203005
v 7.191549 3.051547 2.158925
v 7.216225 3.051547 2.227560
v 7.110506 3.340542 2.328620
v 7.231852 2.737970 2.172140
v 7.231852 2.737970 2.158925
v 7.515267 3.593848 2.489206
v 7.918978 3.340542 2.328620
v 7.110506 3.340542 2.328620
v 6.935572 3.593848 2.460809
v 7.084538 3.340542 2.302473
v 7.515267 3.340543 2.328620
v 7.216225 3.051547 2.227560
v 7.845668 3.051547 2.202997
v 7.945996 3.340542 2.302763
v 7.821040 3.051547 2.227560
v 7.515267 3.051547 2.227560
v 7.774540 2.737970 2.196136
v 7.515267 2.737970 2.196136
v 7.255925 2.737970 2.196136
v 7.191549 3.051547 2.203005
v 7.231852 2.737970 2.172140
v 4.421035 3.956202 2.933976
v 5.307688 3.956202 2.933976
v 3.534381 3.956202 2.933976
v 5.340054 3.956202 2.902314
v 5.340054 3.956202 2.158925
v 5.077629 3.801731 2.675566
v 5.077629 3.801731 2.158925
v 4.860348 3.593848 2.460919
v 4.860348 3.593848 2.158925
v 5.046460 3.801731 2.705197
v 4.712035 3.340228 2.302314
v 4.711301 3.338515 2.158925
v 4.832323 3.593848 2.489206
v 4.612000 3.060225 2.206109
v 4.686264 3.340543 2.328620
v 4.587509 3.060668 2.230749
v 4.611664 3.058957 2.158925
v 4.574881 2.747103 2.173035
v 4.574859 2.746894 2.158925
v 4.587509 3.060668 2.230749
v 4.550851 2.747233 2.197064
v 4.421035 3.801731 2.705197
v 3.795608 3.801731 2.705197
v 4.421035 3.593848 2.489206
v 4.009744 3.593848 2.489206
v 3.764439 3.801731 2.675566
v 4.686264 3.340543 2.328620
v 4.860348 3.593848 2.460919
v 4.712035 3.340228 2.302314
v 4.421035 3.340543 2.328620
v 4.587509 3.060668 2.230749
v 4.155804 3.340543 2.328620
v 3.981720 3.593848 2.460919
v 4.130032 3.340228 2.302314
v 4.254560 3.060668 2.230749
v 4.421035 3.059171 2.230225
v 4.550851 2.747233 2.197064
v 4.291217 2.747233 2.197064
v 4.421035 2.746003 2.196941
v 3.981720 3.593848 2.460919
v 3.764439 3.801731 2.158925
v 3.981720 3.593848 2.158925
v 3.502014 3.956202 2.158925
v 4.130032 3.340228 2.302314
v 4.130768 3.338515 2.158925
v 3.502014 3.956202 2.902314
v 3.264166 4.051325 2.158925
v 3.264166 4.051325 3.153423
v 2.940456 4.083443 2.158925
v 2.940456 4.083443 3.479475
v 2.614194 4.051325 3.153600
v 2.614194 4.051325 2.158925
v 2.372575 3.956202 2.902354
v 2.372575 3.956202 2.158925
v 2.340212 3.956202 2.933976
v 2.114108 3.801731 2.675385
v 2.114108 3.801731 2.158925
v 1.906497 3.593848 2.460809
v 1.906497 3.593848 2.158925
v 1.757529 3.340542 2.302473
v 1.757529 3.340542 2.158925
v 1.650518 3.051547 2.203005
v 1.731562 3.340542 2.328620
v 1.625843 3.051547 2.227560
v 1.650518 3.051547 2.158925
v 1.610216 2.737970 2.172140
v 1.610216 2.737970 2.158925
v 2.083285 3.801731 2.705196
v 1.906497 3.593848 2.460809
v 2.114108 3.801731 2.675385
v 1.878671 3.593848 2.489206
v 1.456155 3.956203 2.933976
v 1.456155 3.801731 2.705196
v 1.456155 3.593848 2.489206
v 0.829023 3.801731 2.705196
v 1.731562 3.340542 2.328620
v 1.906497 3.593848 2.460809
v 1.757529 3.340542 2.302473
v 1.456155 3.340542 2.328620
v 1.033639 3.593848 2.489206
v 0.798201 3.801731 2.675385
v 1.005812 3.593848 2.460809
v 1.180747 3.340542 2.328620
v 1.005812 3.593848 2.460809
v 1.154779 3.340542 2.302473
v 1.286465 3.051547 2.227560
v 1.625843 3.051547 2.227560
v 1.456155 3.051547 2.227560
v 1.326164 2.737970 2.196136
v 1.261790 3.051547 2.203005
v 1.302093 2.737970 2.172140
v 1.456155 2.737970 2.196136
v 1.586144 2.737970 2.196136
v 1.610216 2.737970 2.172140
v 1.650518 3.051547 2.203005
v 1.456155 4.083444 3.513220
v 1.456155 4.051325 3.187111
v 2.581348 4.051325 3.187111
v 0.572096 3.956202 2.933976
v 0.798201 3.801731 2.675385
v 0.330910 4.051325 3.187111
v -0.024851 4.083377 3.513219
v 0.330699 4.051325 3.839333
v -0.024851 4.083248 3.478157
v -0.024851 4.083248 3.548281
v 0.298115 4.051325 3.153548
v -0.024851 4.083119 2.158925
v 0.298115 4.051325 2.158925
v 0.539734 3.956202 2.902354
v 0.539735 3.956202 2.158925
v 0.798201 3.801731 2.158925
v 1.005812 3.593848 2.460809
v 1.005812 3.593848 2.158925
v 1.154779 3.340542 2.302473
v 1.154779 3.340542 2.158925
v 1.261790 3.051547 2.203005
v 1.261790 3.051547 2.158925
v 1.286465 3.051547 2.227560
v 1.180747 3.340542 2.328620
v 1.302093 2.737970 2.172140
v 1.302093 2.737970 2.158925
v 0.539734 3.956202 4.133193
v 0.539734 3.956202 4.908746
v 0.298115 4.051325 4.908746
v 0.805077 3.796087 4.373392
v 0.798201 3.801731 4.908746
v 0.298115 4.051325 3.873177
v -0.024851 4.083119 4.908746
v 1.009405 3.589471 4.568417
v 0.836231 3.795811 4.344152
v 1.037589 3.589134 4.540492
v 1.005812 3.593848 4.908746
v 1.155666 3.337988 4.735258
v 1.154779 3.340542 4.908746
v 1.261951 3.050467 4.841433
v 1.181675 3.337614 4.709012
v 1.286670 3.050080 4.816890
v 1.261790 3.051547 4.908746
v 1.302093 2.737970 4.867668
v 1.302093 2.737970 4.908746
v 1.286670 3.050080 4.816890
v 1.326164 2.737970 4.843705
v 4.230403 3.058957 2.158925
v 4.230068 3.060225 2.206109
v 4.254560 3.060668 2.230749
v 4.155804 3.340543 2.328620
v 4.267187 2.747103 2.173035
v 4.267210 2.746894 2.158925
v 4.291217 2.747233 2.197064
v 4.254560 3.060668 2.230749
v 10.859035 3.045155 1.511978
v 10.901765 3.051546 1.511020
v 10.901765 2.737969 1.558007
v 10.901765 3.340542 1.410692
v 10.892330 2.737969 1.558007
v 10.834928 3.042231 1.536938
v 10.868275 2.738327 1.582093
v 10.740562 3.331131 1.413959
v 10.901765 3.593848 1.202809
v 10.546726 3.593848 1.202808
v 10.517855 3.593848 1.232074
v 10.714553 3.329938 1.440972
v 10.737030 3.340543 2.328620
v 10.901765 3.340543 2.328621
v 10.901765 3.593848 2.489206
v 10.547628 3.593848 2.489206
v 10.710136 3.340231 2.302582
v 10.517855 3.593848 2.461548
v 10.855814 3.057530 2.229652
v 10.901765 3.051548 2.227560
v 10.892130 2.740622 2.196401
v 10.901765 2.737971 2.196136
v 10.867314 2.747103 2.173035
v 10.830177 3.060226 2.206140
v -5.951315 4.083443 4.908746
v -6.277575 4.051325 4.908746
v -6.277575 4.051325 3.839333
v -6.519195 3.956202 4.101129
v -6.519195 3.956202 4.908746
v -5.951315 4.083443 3.513219
v -6.784915 3.795779 4.344181
v -6.777663 3.801731 4.908746
v -7.564968 4.051325 3.839333
v -6.989162 3.589111 4.540508
v -6.985274 3.593848 4.908746
v -7.564968 3.956203 4.101129
v -7.135261 3.337602 4.709017
v -7.134241 3.340542 4.908746
v -7.241473 3.050074 4.816890
v -7.241252 3.051547 4.908746
v -7.281554 2.737970 4.843705
v -7.281554 2.737970 4.908746
v -7.564968 3.796565 4.343429
v -7.564968 3.589577 4.540194
v -7.135261 3.337602 4.709017
v -8.449635 3.795779 4.344181
v -7.564968 3.337804 4.708941
v -7.241473 3.050074 4.816890
v -7.994678 3.337602 4.709017
v -7.895149 3.050074 4.816890
v -8.199693 3.589111 4.540508
v -7.564968 3.050153 4.816884
v -7.281554 2.737970 4.843705
v -7.848382 2.737970 4.843705
v -7.564968 2.737970 4.843705
v -8.456887 3.801731 4.908746
v -8.203580 3.593848 4.908746
v -7.994678 3.337602 4.709017
v -8.745882 3.956202 4.908746
v -7.995698 3.340542 4.908746
v -7.895149 3.050074 4.816890
v -7.895370 3.051547 4.908746
v -7.848382 2.737970 4.843705
v -7.848382 2.737970 4.908746
v -8.745882 3.956202 4.101129
v -9.059460 4.051325 4.908746
v -9.059460 4.051325 3.839333
v -9.385569 4.083443 4.908746
v -7.564968 4.083444 3.513220
v -9.385569 4.083443 3.513219
v -9.711679 4.051325 3.839333
v -9.711679 4.051325 4.908746
v -10.025257 3.956202 4.101129
v -10.025257 3.956202 4.908746
v -10.951468 4.051325 3.839331
v -10.951468 4.083444 3.513222
v -10.951468 3.956203 4.101127
v -10.305597 3.806356 4.331381
v -10.314250 3.801731 4.908746
v -10.951468 3.801731 4.338488
v -10.562636 3.597886 4.533455
v -10.567556 3.593848 4.908746
v -10.951468 3.593848 4.537318
v -10.761488 3.335030 4.709462
v -10.761488 3.335030 4.709462
v -10.759707 3.340543 4.908746
v -10.951468 3.340542 4.707908
v -10.884046 3.045817 4.816989
v -10.884046 3.045817 4.816989
v -10.883714 3.051547 4.908746
v -10.951468 3.051547 4.816764
v -10.917900 2.739018 4.843614
v -10.918015 2.737970 4.908746
v -10.917900 2.739018 4.843614
v -10.951468 2.737970 4.843705
v -4.470737 3.046851 4.816949
v -4.470737 2.738858 4.843627
v -4.623699 2.739018 4.843614
v -4.341796 2.738992 4.843616
v -4.657535 3.045817 4.816989
v -4.308492 3.045953 4.816985
v -4.470737 3.336433 4.709065
v -4.760091 3.335030 4.709462
v -4.207194 3.335155 4.709426
v -4.470737 3.596498 4.534783
v -4.914971 3.597886 4.533455
v -4.026874 3.597580 4.561861
v -4.181150 3.335751 4.735523
v -4.054822 3.597798 4.533541
v -4.470737 3.804323 4.334506
v -3.836866 3.806260 4.331529
v -4.026874 3.597580 4.561861
v -5.135983 3.806356 4.331381
v -4.470737 3.956202 4.101127
v -5.127331 3.801731 4.908746
v -4.910052 3.593848 4.908746
v -4.760091 3.335030 4.709462
v -5.389756 3.956202 4.908746
v -4.761874 3.340543 4.908746
v -4.657535 3.045817 4.816989
v -4.657868 3.051547 4.908746
v -4.623699 2.739018 4.843614
v -4.623585 2.737970 4.908746
v -5.389756 3.956202 4.101129
v -5.627604 4.051325 4.908746
v -5.627604 4.051325 3.839333
v -4.470737 4.051325 3.839332
v -3.583663 3.956202 4.101129
v -4.470737 4.083444 3.513220
v -3.346330 4.051325 3.839333
v -3.805936 3.806117 4.361217
v -3.814141 3.801731 4.908746
v -4.031421 3.593848 4.908746
v -3.551716 3.956202 4.908746
v -4.181150 3.335751 4.735523
v -4.179599 3.340543 4.908746
v -3.551716 3.956202 4.133291
v -3.313868 4.051325 4.908746
v -3.313868 4.051325 3.873308
v -2.990158 4.083443 4.908746
v -4.283849 3.047335 4.841291
v -4.283604 3.051547 4.908746
v -4.308492 3.045953 4.816985
v -4.207194 3.335155 4.709426
v -4.317815 2.738631 4.867614
v -4.317887 2.737970 4.908746
v -4.308492 3.045953 4.816985
v -4.341796 2.738992 4.843616
v -2.990158 4.083443 3.546962
v -2.663897 4.051325 3.873125
v -2.663897 4.051325 4.908746
v -2.990158 4.083443 3.513219
v -3.023721 4.083443 3.513219
v -2.990158 4.083443 3.479475
v -2.422277 3.956202 4.133193
v -2.422277 3.956202 4.908746
v -2.390314 3.956202 4.101129
v -2.156933 3.796087 4.373392
v -2.163809 3.801731 4.908746
v -1.952606 3.589471 4.568417
v -1.956198 3.593848 4.908746
v -2.125778 3.795811 4.344152
v -1.924421 3.589134 4.540492
v -1.806346 3.337988 4.735258
v -1.807232 3.340542 4.908746
v -2.125778 3.795811 4.344152
v -1.700058 3.050467 4.841433
v -1.780336 3.337614 4.709012
v -1.675340 3.050080 4.816890
v -1.700220 3.051547 4.908746
v -1.659918 2.737970 4.867668
v -1.659918 2.737970 4.908746
v -1.675340 3.050080 4.816890
v -1.635847 2.737970 4.843705
v -1.505857 3.956203 4.101129
v -1.505857 3.796434 4.343553
v -1.924421 3.589134 4.540492
v -0.885933 3.795811 4.344152
v -1.087292 3.589134 4.540492
v -0.621399 3.956202 4.101129
v -1.505857 3.589472 4.540264
v -1.231377 3.337614 4.709012
v -1.059107 3.589471 4.568417
v -1.205368 3.337988 4.735258
v -1.505857 3.337743 4.708963
v -1.780336 3.337614 4.709012
v -1.952606 3.589471 4.568417
v -1.806346 3.337988 4.735258
v -1.675340 3.050080 4.816890
v -1.336372 3.050080 4.816890
v -1.505857 3.050121 4.816887
v -1.635847 2.737970 4.843705
v -1.375867 2.737970 4.843705
v -1.505857 2.737970 4.843705
v -5.627604 4.051325 3.187111
v -4.470737 4.051325 3.187111
v -5.951315 4.083443 2.158925
v -5.627604 4.051325 2.158925
v -6.277575 4.051325 3.187111
v -5.389756 3.956202 2.933976
v -5.389756 3.956202 2.158925
v -6.277575 4.051325 2.158925
v -6.519195 3.956202 2.933976
v -6.519195 3.956202 2.158925
v -7.564968 4.051325 3.187111
v -9.059460 4.051325 3.187111
v -6.777663 3.801731 2.705196
v -6.777663 3.801731 2.158925
v -7.564968 3.956203 2.933976
v -8.745882 3.956202 2.933976
v -7.564968 3.801731 2.705196
v -6.985274 3.593848 2.489206
v -6.985274 3.593848 2.158925
v -7.134241 3.340542 2.328620
v -7.134241 3.340542 2.158925
v -7.241252 3.051547 2.227560
v -7.241252 3.051547 2.158925
v -7.281554 2.737970 2.196136
v -7.281554 2.737970 2.158925
v -7.564968 3.593848 2.489206
v -7.134241 3.340542 2.328620
v -8.456887 3.801731 2.705196
v -8.203580 3.593848 2.489206
v -7.995698 3.340542 2.328620
v -7.564968 3.340543 2.328620
v -7.241252 3.051547 2.227560
v -7.895370 3.051547 2.227560
v -7.564968 3.051547 2.227560
v -7.281554 2.737970 2.196136
v -7.848382 2.737970 2.196136
v -7.564968 2.737970 2.196136
v -7.995698 3.340542 1.410692
v -7.995698 3.340542 2.328620
v -7.895370 3.051547 1.511020
v -7.895370 3.051547 2.227560
v -7.848382 2.737970 1.558007
v -7.848382 2.737970 2.196136
v -8.203580 3.593848 1.202809
v -8.456887 3.801731 0.949503
v -7.564968 3.801731 0.949503
v -7.564968 3.593848 1.202809
v -7.995698 3.340542 1.410692
v -7.564968 3.956202 0.660508
v -7.564968 3.340542 1.410692
v -7.895370 3.051547 1.511020
v -7.564968 3.051547 1.511020
v -7.848382 2.737970 1.558007
v -7.564968 2.737970 1.558007
v -8.745882 3.956202 0.660508
v -7.564968 4.051325 0.346929
v -9.059460 4.051325 0.346928
v -7.564968 4.082683 0.028542
v -9.377850 4.082683 0.028542
v -9.385569 4.083443 0.028542
v -9.711679 4.051325 0.346928
v -9.393288 4.082683 0.028542
v -10.951468 4.082683 0.028542
v -10.951468 4.051324 0.346931
v -9.711679 4.051325 3.187111
v -10.951468 4.051325 3.187112
v -10.025257 3.956202 0.660508
v -10.951468 3.956202 0.660508
v -10.025257 3.956202 2.933976
v -10.951468 3.956203 2.933976
v -10.314250 3.801731 0.949503
v -10.951468 3.801731 0.949503
v -10.314250 3.801731 2.705197
v -10.951468 3.801731 2.705197
v -10.567556 3.593848 1.202808
v -10.951468 3.593848 1.202809
v -10.567556 3.593848 2.489206
v -10.951468 3.593848 2.489206
v -10.764390 3.329621 1.414483
v -10.759707 3.340543 2.328620
v -10.879705 3.060890 2.230827
v -10.884804 3.041574 1.512514
v -10.918015 2.737970 1.558006
v -10.916978 2.747461 2.197087
v -4.470737 3.956202 2.933976
v -5.127331 3.801731 2.705197
v -5.127331 3.801731 2.158925
v -4.910052 3.593848 2.489206
v -4.910052 3.593848 2.158925
v -4.761874 3.340543 2.328620
v -4.761003 3.338515 2.158925
v -4.661879 3.060890 2.230827
v -4.661367 3.058957 2.158925
v -4.624622 2.747461 2.197087
v -4.624561 2.746894 2.158925
v -4.470737 3.801731 2.705197
v -4.470737 3.593848 2.489206
v -4.761874 3.340543 2.328620
v -3.845310 3.801731 2.705197
v -4.470737 3.340543 2.328620
v -4.661879 3.060890 2.230827
v -4.059446 3.593848 2.489206
v -4.205507 3.340543 2.328620
v -4.031421 3.593848 2.460919
v -4.179735 3.340228 2.302314
v -4.304261 3.060668 2.230749
v -4.031421 3.593848 2.460919
v -4.470737 3.059171 2.230225
v -4.340920 2.747233 2.197064
v -4.624622 2.747461 2.197087
v -4.470737 2.746003 2.196941
v -3.814141 3.801731 2.675566
v -3.814141 3.801731 2.158925
v -4.031421 3.593848 2.158925
v -4.179735 3.340228 2.302314
v -3.551716 3.956202 2.158925
v -4.180469 3.338515 2.158925
v -3.551716 3.956202 2.902314
v -3.313868 4.051325 2.158925
v -3.584083 3.956202 2.933976
v -3.313868 4.051325 3.153423
v -3.346536 4.051325 3.187111
v -2.990158 4.083443 2.158925
v -2.663897 4.051325 3.153600
v -2.663897 4.051325 2.158925
v -2.631049 4.051325 3.187111
v -2.422277 3.956202 2.902354
v -2.422277 3.956202 2.158925
v -2.389913 3.956202 2.933976
v -2.163809 3.801731 2.675385
v -2.163809 3.801731 2.158925
v -1.956198 3.593848 2.460809
v -1.956198 3.593848 2.158925
v -1.807232 3.340542 2.302473
v -1.807232 3.340542 2.158925
v -2.132987 3.801731 2.705196
v -1.700220 3.051547 2.203005
v -1.700220 3.051547 2.158925
v -1.675545 3.051547 2.227560
v -1.781264 3.340542 2.328620
v -1.659918 2.737970 2.172140
v -1.659918 2.737970 2.158925
v -1.505857 3.956203 2.933976
v -1.505857 4.051325 3.187111
v -1.505857 3.801731 2.705196
v -0.621798 3.956202 2.933976
v -1.928372 3.593848 2.489206
v -2.163809 3.801731 2.675385
v -1.956198 3.593848 2.460809
v -0.878726 3.801731 2.705196
v -1.055513 3.593848 2.460809
v -0.847903 3.801731 2.675385
v -1.083341 3.593848 2.489206
v -0.847903 3.801731 2.675385
v -1.505857 3.593848 2.489206
v -1.230449 3.340542 2.328620
v -1.055513 3.593848 2.460809
v -1.204481 3.340542 2.302473
v -1.781264 3.340542 2.328620
v -1.956198 3.593848 2.460809
v -1.807232 3.340542 2.302473
v -1.505857 3.340542 2.328620
v -1.675545 3.051547 2.227560
v -1.336167 3.051547 2.227560
v -1.505857 3.051547 2.227560
v -1.635847 2.737970 2.196136
v -1.700220 3.051547 2.203005
v -1.659918 2.737970 2.172140
v -1.505857 2.737970 2.196136
v -1.375867 2.737970 2.196136
v -1.351795 2.737970 2.172140
v -1.311492 3.051547 2.203005
v -1.505857 4.083444 3.513220
v -2.956464 4.083443 3.513219
v -2.631262 4.051325 3.839333
v -1.505857 4.051325 3.839333
v -0.380401 4.051325 3.839333
v -0.024851 4.083377 3.513219
v -0.024851 4.083248 3.548281
v -0.380612 4.051325 3.187111
v -0.024851 4.083248 3.478157
v -0.347817 4.051325 3.153548
v -0.024851 4.083119 2.158925
v -0.347817 4.051325 2.158925
v -0.589436 3.956202 2.902354
v -0.589437 3.956202 2.158925
v -0.847903 3.801731 2.158925
v -1.055513 3.593848 2.460809
v -1.055513 3.593848 2.158925
v -1.204481 3.340542 2.302473
v -1.204481 3.340542 2.158925
v -1.311492 3.051547 2.203005
v -1.230449 3.340542 2.328620
v -1.336167 3.051547 2.227560
v -1.311492 3.051547 2.158925
v -1.351795 2.737970 2.172140
v -1.351795 2.737970 2.158925
v -0.347817 4.051325 4.908746
v -0.589436 3.956202 4.908746
v -0.589436 3.956202 4.133193
v -0.347817 4.051325 3.873177
v -0.024851 4.083119 4.908746
v -0.854779 3.796087 4.373392
v -0.847903 3.801731 4.908746
v -1.059107 3.589471 4.568417
v -0.885933 3.795811 4.344152
v -1.087292 3.589134 4.540492
v -1.055513 3.593848 4.908746
v -1.205368 3.337988 4.735258
v -1.204481 3.340542 4.908746
v -1.336372 3.050080 4.816890
v -1.231377 3.337614 4.709012
v -1.311654 3.050467 4.841433
v -1.311492 3.051547 4.908746
v -1.351795 2.737970 4.867668
v -1.351795 2.737970 4.908746
v -1.336372 3.050080 4.816890
v -1.375867 2.737970 4.843705
v -4.279770 3.060225 2.206109
v -4.205507 3.340543 2.328620
v -4.304261 3.060668 2.230749
v -4.280105 3.058957 2.158925
v -4.316889 2.747103 2.173035
v -4.316911 2.746894 2.158925
v -4.304261 3.060668 2.230749
v -4.340920 2.747233 2.197064
v -10.884804 3.041574 1.512514
v -10.918015 2.737970 1.558006
v -10.951468 2.737969 1.558007
v -10.951468 3.051546 1.511020
v -10.951468 3.340542 1.410692
v -10.764390 3.329621 1.414483
v -10.951468 3.593848 1.202809
v -10.567556 3.593848 1.202808
v -10.759707 3.340543 2.328620
v -10.567556 3.593848 2.489206
v -10.951468 3.593848 2.489206
v -10.951468 3.340543 2.328621
v -10.879705 3.060890 2.230827
v -10.951468 3.051548 2.227560
v -10.916978 2.747461 2.197087
v -10.951468 2.737971 2.196136
v 6.227874 4.051325 -3.816042
v 5.901613 4.083443 -3.489879
v 5.901613 4.083443 -4.851662
v 6.227874 4.051325 -4.851662
v 5.577902 4.051325 -3.816225
v 5.577902 4.051325 -4.851662
v 5.545440 4.051325 -3.782250
v 5.340054 3.956202 -4.076207
v 5.340054 3.956202 -4.851662
v 5.308107 3.956202 -4.044045
v 5.085835 3.806117 -4.304134
v 5.077629 3.801731 -4.851662
v 4.864896 3.597580 -4.504777
v 4.860348 3.593848 -4.851662
v 5.054905 3.806260 -4.274445
v 4.710621 3.335751 -4.678440
v 4.712171 3.340543 -4.851662
v 4.836947 3.597798 -4.476457
v 4.607922 3.047335 -4.784209
v 4.608167 3.051547 -4.851662
v 4.583278 3.045953 -4.759902
v 4.684576 3.335155 -4.652342
v 4.573956 2.738631 -4.810530
v 4.573883 2.737970 -4.851662
v 4.583278 3.045953 -4.759902
v 4.549974 2.738992 -4.786532
v 4.421035 3.956202 -4.044044
v 4.421035 3.804323 -4.277423
v 4.421035 4.051325 -3.782248
v 3.533961 3.956202 -4.044045
v 3.787164 3.806260 -4.274445
v 4.005120 3.597798 -4.476457
v 4.421035 3.596498 -4.477700
v 4.684576 3.335155 -4.652342
v 4.864896 3.597580 -4.504777
v 4.710621 3.335751 -4.678440
v 4.421035 3.336433 -4.651981
v 4.583278 3.045953 -4.759902
v 4.157492 3.335155 -4.652342
v 3.977172 3.597580 -4.504777
v 4.131447 3.335751 -4.678440
v 4.258790 3.045953 -4.759902
v 4.421035 3.046851 -4.759865
v 4.549974 2.738992 -4.786532
v 4.292095 2.738992 -4.786532
v 4.421035 2.738858 -4.786543
v 3.977172 3.597580 -4.504777
v 3.756233 3.806117 -4.304134
v 3.764439 3.801731 -4.851662
v 3.981720 3.593848 -4.851662
v 4.131447 3.335751 -4.678440
v 3.502014 3.956202 -4.851662
v 4.129898 3.340543 -4.851662
v 3.502014 3.956202 -4.076207
v 3.264166 4.051325 -4.851662
v 4.234146 3.047335 -4.784209
v 3.264166 4.051325 -3.816225
v 4.157492 3.335155 -4.652342
v 4.258790 3.045953 -4.759902
v 4.233902 3.051547 -4.851662
v 4.268185 2.737970 -4.851662
v 4.268113 2.738631 -4.810530
v 4.258790 3.045953 -4.759902
v 4.292095 2.738992 -4.786532
v 2.940456 4.083443 -4.851662
v 3.296628 4.051325 -3.782250
v 2.940456 4.083443 -3.489879
v 4.421035 4.083444 -3.456137
v 2.974019 4.083443 -3.456135
v 2.614194 4.051325 -3.816042
v 2.614194 4.051325 -4.851662
v 2.940456 4.083443 -3.456135
v 2.372575 3.956202 -4.076110
v 2.372575 3.956202 -4.851662
v 3.296835 4.051325 -3.130028
v 2.906763 4.083443 -3.456135
v 2.107231 3.796087 -4.316308
v 2.114108 3.801731 -4.851662
v 2.340611 3.956202 -4.044045
v 1.902903 3.589471 -4.511334
v 1.906497 3.593848 -4.851662
v 2.076077 3.795811 -4.287069
v 1.874719 3.589134 -4.483409
v 1.756643 3.337988 -4.678174
v 1.757529 3.340542 -4.851662
v 2.076077 3.795811 -4.287069
v 1.650356 3.050467 -4.784350
v 1.650518 3.051547 -4.851662
v 1.625638 3.050080 -4.759806
v 1.730634 3.337614 -4.651928
v 1.610216 2.737970 -4.810584
v 1.610216 2.737970 -4.851662
v 1.625638 3.050080 -4.759806
v 1.586144 2.737970 -4.786621
v 1.456155 3.956203 -4.044045
v 1.456155 3.796434 -4.286470
v 1.874719 3.589134 -4.483409
v 0.836231 3.795811 -4.287069
v 1.037589 3.589134 -4.483409
v 0.571697 3.956202 -4.044045
v 1.456155 3.589472 -4.483180
v 1.181675 3.337614 -4.651928
v 1.009405 3.589471 -4.511334
v 1.155666 3.337988 -4.678174
v 1.730634 3.337614 -4.651928
v 1.902903 3.589471 -4.511334
v 1.756643 3.337988 -4.678174
v 1.456155 3.337743 -4.651879
v 1.625638 3.050080 -4.759806
v 1.286670 3.050080 -4.759806
v 1.456155 3.050121 -4.759803
v 1.586144 2.737970 -4.786621
v 1.326164 2.737970 -4.786621
v 1.456155 2.737970 -4.786621
v 6.469493 3.956202 -4.076110
v 6.469493 3.956202 -4.851662
v 6.734838 3.796087 -4.316308
v 6.727961 3.801731 -4.851662
v 6.501456 3.956202 -4.044045
v 6.939165 3.589471 -4.511334
v 6.935572 3.593848 -4.851662
v 7.085425 3.337988 -4.678174
v 7.084538 3.340542 -4.851662
v 6.765992 3.795811 -4.287069
v 6.967349 3.589134 -4.483409
v 7.191711 3.050467 -4.784350
v 7.111434 3.337614 -4.651928
v 7.216430 3.050080 -4.759806
v 7.191549 3.051547 -4.851662
v 7.231852 2.737970 -4.810584
v 7.231852 2.737970 -4.851662
v 7.216430 3.050080 -4.759806
v 7.255925 2.737970 -4.786621
v 7.515266 3.956203 -4.044045
v 7.515266 3.796565 -4.286346
v 7.515266 3.589577 -4.483110
v 7.515266 4.051325 -3.782250
v 7.111434 3.337614 -4.651928
v 6.939165 3.589471 -4.511334
v 7.085425 3.337988 -4.678174
v 8.119752 3.589134 -4.483409
v 7.918078 3.337615 -4.651928
v 8.367084 3.795809 -4.287070
v 8.150277 3.589461 -4.510576
v 7.515266 3.337804 -4.651857
v 7.216430 3.050080 -4.759806
v 7.820832 3.050079 -4.759806
v 7.945107 3.337983 -4.677869
v 7.845506 3.050467 -4.784359
v 7.515266 3.050153 -4.759801
v 7.774540 2.737970 -4.786621
v 7.255925 2.737970 -4.786621
v 7.515266 2.737970 -4.786621
v 8.661185 3.956202 -4.044045
v 8.400297 3.796078 -4.315454
v 8.974956 4.051325 -3.782250
v 8.407185 3.801731 -4.851662
v 8.153879 3.593848 -4.851662
v 8.696179 3.956202 -4.851662
v 7.945107 3.337983 -4.677869
v 8.119752 3.589134 -4.483409
v 7.918078 3.337615 -4.651928
v 7.945996 3.340542 -4.851662
v 7.845506 3.050467 -4.784359
v 7.845668 3.051547 -4.851662
v 7.798681 2.737970 -4.810584
v 7.798681 2.737970 -4.851662
v 7.820832 3.050079 -4.759806
v 7.774540 2.737970 -4.786621
v 8.696179 3.956202 -4.074041
v 9.009756 4.051325 -4.851662
v 9.009756 4.051325 -3.814336
v 9.335867 4.083443 -4.851662
v 9.335867 4.083443 -3.489821
v 9.302181 4.083443 -3.456135
v 9.661977 4.051325 -3.814336
v 9.661977 4.051325 -4.851662
v 9.975554 3.956202 -4.074061
v 9.975554 3.956202 -4.851662
v 9.369552 4.083443 -3.456135
v 10.256332 3.806123 -4.303343
v 10.264548 3.801731 -4.851662
v 9.696778 4.051325 -3.782250
v 10.010576 3.956202 -4.044045
v 10.513298 3.597587 -4.504156
v 10.517855 3.593848 -4.851662
v 10.711554 3.335744 -4.678196
v 10.710001 3.340543 -4.851662
v 10.834256 3.047334 -4.784187
v 10.834010 3.051547 -4.851662
v 10.868313 2.737970 -4.851662
v 10.868241 2.738631 -4.810530
v 10.289292 3.806117 -4.274665
v 10.543251 3.597571 -4.476674
v 10.901765 3.956203 -4.044044
v 10.901765 3.801731 -4.281405
v 10.901765 4.051325 -3.782248
v 10.901765 4.083444 -3.456138
v 10.901765 3.593848 -4.480234
v 10.513298 3.597587 -4.504156
v 10.711554 3.335744 -4.678196
v 10.738305 3.335799 -4.652160
v 10.901765 3.340542 -4.650825
v 10.834256 3.047334 -4.784187
v 10.711554 3.335744 -4.678196
v 10.858679 3.047885 -4.759824
v 10.901765 3.051547 -4.759680
v 10.892302 2.738265 -4.786595
v 10.901765 2.737970 -4.786621
v 10.868241 2.738631 -4.810530
v 10.834256 3.047334 -4.784187
v 9.697071 4.051325 -3.130028
v 10.901765 4.051325 -3.130028
v 9.335867 4.083443 -3.456135
v 9.335867 4.083443 -3.422449
v 10.011105 3.956202 -2.876892
v 10.901765 3.956203 -2.876893
v 10.297421 3.801731 -2.648112
v 10.901765 3.801731 -2.648113
v 10.547627 3.593848 -2.432122
v 10.901765 3.593848 -2.432123
v 10.517855 3.593848 -2.404464
v 10.264548 3.801731 -2.619255
v 9.975554 3.956202 -2.847251
v 9.661977 4.051325 -3.098147
v 10.264548 3.801731 -0.923416
v 10.517855 3.593848 -1.174991
v 10.714553 3.329938 -1.383888
v 10.710135 3.340231 -2.245498
v 10.295544 3.801731 -0.892419
v 10.546725 3.593848 -1.145725
v 10.901765 3.801731 -0.892420
v 10.901765 3.593848 -1.145726
v 10.901765 3.956202 -0.603424
v 10.007991 3.956202 -0.603424
v 10.901765 4.051324 -0.289848
v 9.975554 3.956202 -0.635860
v 9.695342 4.051325 -0.289845
v 10.901765 4.082683 0.028542
v 9.377271 4.082683 0.028542
v 9.661977 4.051325 -0.323210
v 9.335867 4.083443 0.028542
v 9.009756 4.051325 -0.323211
v 9.294462 4.082683 0.028542
v 9.009756 4.051325 -3.098147
v 8.976391 4.051325 -0.289845
v 7.515267 4.082683 0.028542
v 7.515266 4.051325 -0.289845
v 8.663743 3.956202 -0.603424
v 7.515266 3.956202 -0.603424
v 8.696179 3.956202 -0.635860
v 8.376188 3.801731 -0.892419
v 7.515266 3.801731 -0.892420
v 8.124668 3.593848 -1.145725
v 7.515266 3.593848 -1.145725
v 8.407185 3.801731 -0.923416
v 8.153879 3.593848 -1.174937
v 7.919340 3.340542 -1.353608
v 8.153879 3.593848 -1.174937
v 7.945996 3.340542 -1.380264
v 7.515266 3.340542 -1.353608
v 7.821040 3.051547 -1.453936
v 7.945996 3.340542 -1.380264
v 7.845668 3.051547 -1.478564
v 7.515266 3.051547 -1.453936
v 7.774544 2.737970 -1.500923
v 7.515266 2.737970 -1.500923
v 7.845668 3.051547 -1.478564
v 7.798681 2.737970 -1.525060
v 8.407185 3.801731 -2.619255
v 8.696179 3.956202 -2.847251
v 8.153879 3.593848 -2.404547
v 7.945996 3.340542 -1.380264
v 8.974663 4.051325 -3.130028
v 8.660628 3.956202 -2.876892
v 8.374312 3.801731 -2.648112
v 7.945996 3.340542 -2.245679
v 7.845668 3.051547 -1.478564
v 8.123744 3.593848 -2.432122
v 7.918978 3.340542 -2.271537
v 7.845668 3.051547 -2.145913
v 7.798681 2.737970 -1.525060
v 7.798681 2.737970 -2.115058
v 7.821040 3.051547 -2.170476
v 7.774540 2.737970 -2.139052
v 8.123744 3.593848 -2.432122
v 7.515266 3.801731 -2.648112
v 7.515266 3.956203 -2.876892
v 7.515266 3.593848 -2.432122
v 7.515266 4.051325 -3.130028
v 7.918978 3.340542 -2.271537
v 6.501856 3.956202 -2.876892
v 7.945996 3.340542 -2.245679
v 7.845668 3.051547 -2.145913
v 7.821040 3.051547 -2.170476
v 7.515266 3.340543 -2.271537
v 7.110506 3.340542 -2.271537
v 7.515266 3.051547 -2.170476
v 7.774540 2.737970 -2.139052
v 7.515266 2.737970 -2.139052
v 7.255925 2.737970 -2.139052
v 7.216225 3.051547 -2.170476
v 7.191549 3.051547 -2.145921
v 7.231852 2.737970 -2.115057
v 7.084538 3.340542 -2.245389
v 6.935572 3.593848 -2.403726
v 6.963398 3.593848 -2.432122
v 6.758784 3.801731 -2.648112
v 6.727961 3.801731 -2.618302
v 6.935572 3.593848 -2.403726
v 6.727961 3.801731 -2.101842
v 6.935572 3.593848 -2.101842
v 6.469493 3.956202 -2.101842
v 7.084538 3.340542 -2.245389
v 7.084538 3.340542 -2.101842
v 6.469493 3.956202 -2.845271
v 6.227874 4.051325 -2.101842
v 7.191549 3.051547 -2.145921
v 7.191549 3.051547 -2.101842
v 7.216225 3.051547 -2.170476
v 7.110506 3.340542 -2.271537
v 7.231852 2.737970 -2.115057
v 7.231852 2.737970 -2.101842
v 6.227874 4.051325 -3.096517
v 5.901613 4.083443 -2.101842
v 6.260720 4.051325 -3.130028
v 5.901613 4.083443 -3.422392
v 5.577902 4.051325 -3.096339
v 5.577902 4.051325 -2.101842
v 5.901613 4.083443 -3.456135
v 7.515266 4.083444 -3.456137
v 5.935306 4.083443 -3.456135
v 6.260509 4.051325 -3.782250
v 5.868050 4.083443 -3.456135
v 5.545233 4.051325 -3.130028
v 4.421035 4.051325 -3.130028
v 5.307688 3.956202 -2.876892
v 5.340054 3.956202 -2.845230
v 5.340054 3.956202 -2.101842
v 5.077629 3.801731 -2.618482
v 5.077629 3.801731 -2.101842
v 4.860348 3.593848 -2.403836
v 4.860348 3.593848 -2.101842
v 4.712035 3.340228 -2.245231
v 4.711301 3.338515 -2.101842
v 5.046460 3.801731 -2.648112
v 4.832324 3.593848 -2.432122
v 4.612000 3.060225 -2.149025
v 4.686265 3.340543 -2.271537
v 4.587509 3.060668 -2.173665
v 4.611664 3.058957 -2.101842
v 4.574881 2.747103 -2.115952
v 4.574859 2.746894 -2.101842
v 4.587509 3.060668 -2.173665
v 4.550850 2.747233 -2.139980
v 4.421035 3.956202 -2.876892
v 4.421035 3.801731 -2.648113
v 3.534381 3.956202 -2.876892
v 3.795608 3.801731 -2.648112
v 4.421035 3.593848 -2.432122
v 4.009744 3.593848 -2.432122
v 3.764439 3.801731 -2.618482
v 4.686265 3.340543 -2.271537
v 4.860348 3.593848 -2.403836
v 4.712035 3.340228 -2.245231
v 4.421035 3.340543 -2.271537
v 4.587509 3.060668 -2.173665
v 4.155804 3.340543 -2.271537
v 3.981720 3.593848 -2.403836
v 4.130032 3.340228 -2.245231
v 4.254560 3.060668 -2.173665
v 4.421035 3.059171 -2.173142
v 4.550850 2.747233 -2.139980
v 4.291218 2.747233 -2.139980
v 4.421035 2.746003 -2.139857
v 3.981720 3.593848 -2.403836
v 3.764439 3.801731 -2.101842
v 3.981720 3.593848 -2.101842
v 3.502014 3.956202 -2.101842
v 4.130032 3.340228 -2.245231
v 4.130768 3.338515 -2.101842
v 3.502014 3.956202 -2.845230
v 3.264166 4.051325 -2.101842
v 3.264166 4.051325 -3.096339
v 2.940456 4.083443 -2.101842
v 2.940456 4.083443 -3.422392
v 2.614194 4.051325 -3.096517
v 2.614194 4.051325 -2.101842
v 2.372575 3.956202 -2.845271
v 2.372575 3.956202 -2.101842
v 2.340212 3.956202 -2.876892
v 2.114108 3.801731 -2.618302
v 2.114108 3.801731 -2.101842
v 1.906497 3.593848 -2.403726
v 1.906497 3.593848 -2.101842
v 1.757529 3.340542 -2.245389
v 1.757529 3.340542 -2.101842
v 1.650518 3.051547 -2.145921
v 1.731562 3.340542 -2.271537
v 1.625843 3.051547 -2.170476
v 1.650518 3.051547 -2.101842
v 1.610216 2.737970 -2.115057
v 1.610216 2.737970 -2.101842
v 2.083285 3.801731 -2.648112
v 2.114108 3.801731 -2.618302
v 1.906497 3.593848 -2.403726
v 1.878671 3.593848 -2.432122
v 1.456155 3.956203 -2.876892
v 1.456155 3.801731 -2.648112
v 1.456155 3.593848 -2.432122
v 0.829023 3.801731 -2.648112
v 1.731562 3.340542 -2.271537
v 1.906497 3.593848 -2.403726
v 1.757529 3.340542 -2.245389
v 1.456155 3.340542 -2.271537
v 1.033639 3.593848 -2.432122
v 0.798201 3.801731 -2.618302
v 1.005812 3.593848 -2.403726
v 1.180747 3.340542 -2.271537
v 1.005812 3.593848 -2.403726
v 1.154779 3.340542 -2.245389
v 1.286465 3.051547 -2.170476
v 1.625843 3.051547 -2.170476
v 1.456155 3.051547 -2.170476
v 1.326164 2.737970 -2.139052
v 1.261790 3.051547 -2.145921
v 1.302093 2.737970 -2.115057
v 1.456155 2.737970 -2.139052
v 1.586144 2.737970 -2.139052
v 1.610216 2.737970 -2.115057
v 1.650518 3.051547 -2.145921
v 2.581348 4.051325 -3.130028
v 1.456155 4.051325 -3.130028
v 1.456155 4.083444 -3.456137
v 0.572096 3.956202 -2.876892
v 0.798201 3.801731 -2.618302
v 0.330910 4.051325 -3.130028
v 0.539734 3.956202 -2.845271
v 0.298115 4.051325 -3.096465
v 0.539735 3.956202 -2.101842
v 0.798201 3.801731 -2.101842
v 0.298115 4.051325 -2.101842
v 1.005812 3.593848 -2.403726
v -0.024851 4.083119 -2.101842
v 1.005812 3.593848 -2.101842
v -0.024851 4.083248 -3.421074
v -0.024851 4.083377 -3.456135
v 1.154779 3.340542 -2.245389
v 1.154779 3.340542 -2.101842
v 1.261790 3.051547 -2.145921
v 1.261790 3.051547 -2.101842
v 1.286465 3.051547 -2.170476
v 1.180747 3.340542 -2.271537
v 1.302093 2.737970 -2.115057
v 1.302093 2.737970 -2.101842
v 0.330699 4.051325 -3.782250
v -0.024851 4.083248 -3.491196
v 0.298115 4.051325 -3.816094
v -0.024851 4.083119 -4.851662
v 0.298115 4.051325 -4.851662
v 0.539734 3.956202 -4.076110
v 0.539734 3.956202 -4.851662
v 0.805077 3.796087 -4.316308
v 0.798201 3.801731 -4.851662
v 1.009405 3.589471 -4.511334
v 0.836231 3.795811 -4.287069
v 1.037589 3.589134 -4.483409
v 1.005812 3.593848 -4.851662
v 1.155666 3.337988 -4.678174
v 1.154779 3.340542 -4.851662
v 1.261951 3.050467 -4.784350
v 1.181675 3.337614 -4.651928
v 1.286670 3.050080 -4.759806
v 1.261790 3.051547 -4.851662
v 1.302093 2.737970 -4.810584
v 1.302093 2.737970 -4.851662
v 1.286670 3.050080 -4.759806
v 1.326164 2.737970 -4.786621
v 2.581560 4.051325 -3.782250
v 1.456155 4.051325 -3.782250
v 4.230068 3.060225 -2.149025
v 4.254560 3.060668 -2.173665
v 4.155804 3.340543 -2.271537
v 4.230403 3.058957 -2.101842
v 4.267187 2.747103 -2.115952
v 4.267210 2.746894 -2.101842
v 4.291218 2.747233 -2.139980
v 4.254560 3.060668 -2.173665
v 10.859035 3.045155 -1.454895
v 10.892330 2.737969 -1.500923
v 10.901765 2.737969 -1.500923
v 10.901765 3.051546 -1.453936
v 10.834927 3.042231 -1.479855
v 10.868275 2.738327 -1.525010
v 10.901765 3.340542 -1.353608
v 10.740562 3.331131 -1.356876
v 10.901765 3.593848 -1.145726
v 10.546725 3.593848 -1.145725
v 10.517855 3.593848 -1.174991
v 10.714553 3.329938 -1.383888
v 10.737030 3.340543 -2.271537
v 10.547627 3.593848 -2.432122
v 10.901765 3.593848 -2.432123
v 10.901765 3.340543 -2.271537
v 10.710135 3.340231 -2.245498
v 10.517855 3.593848 -2.404464
v 10.855814 3.057530 -2.172568
v 10.901765 3.051548 -2.170476
v 10.892130 2.740622 -2.139318
v 10.901765 2.737971 -2.139053
v 10.867314 2.747103 -2.115952
v 10.830177 3.060226 -2.149057
v 10.830177 3.060226 -2.149057
v 10.737030 3.340543 -2.271537
v 10.855814 3.057530 -2.172568
v 10.834927 3.042231 -1.479855
v 10.740562 3.331131 -1.356876
v 10.859035 3.045155 -1.454895
v 10.867314 2.747103 -2.115952
v 10.868275 2.738327 -1.525010
v -6.277575 4.051325 -3.782250
v -6.277575 4.051325 -4.851662
v -5.951315 4.083443 -4.851662
v -6.519195 3.956202 -4.044045
v -6.519195 3.956202 -4.851662
v -5.951315 4.083443 -3.456135
v -6.784915 3.795779 -4.287098
v -6.777663 3.801731 -4.851662
v -7.564968 4.051325 -3.782250
v -6.989162 3.589111 -4.483424
v -6.985274 3.593848 -4.851662
v -7.564968 3.956203 -4.044045
v -7.135261 3.337602 -4.651933
v -7.134241 3.340542 -4.851662
v -7.241473 3.050074 -4.759807
v -7.241252 3.051547 -4.851662
v -7.281554 2.737970 -4.786621
v -7.281554 2.737970 -4.851662
v -7.564968 3.796565 -4.286346
v -7.564968 3.589577 -4.483110
v -7.135261 3.337602 -4.651933
v -8.449635 3.795779 -4.287098
v -7.564968 3.337804 -4.651857
v -7.241473 3.050074 -4.759807
v -7.994678 3.337602 -4.651933
v -7.895149 3.050074 -4.759807
v -8.199693 3.589111 -4.483424
v -7.564968 3.050153 -4.759801
v -7.281554 2.737970 -4.786621
v -7.848382 2.737970 -4.786621
v -7.564968 2.737970 -4.786621
v -8.456887 3.801731 -4.851662
v -8.203580 3.593848 -4.851662
v -7.994678 3.337602 -4.651933
v -8.745882 3.956202 -4.851662
v -7.995698 3.340542 -4.851662
v -7.895149 3.050074 -4.759807
v -7.895370 3.051547 -4.851662
v -7.848382 2.737970 -4.786621
v -7.848382 2.737970 -4.851662
v -8.745882 3.956202 -4.044045
v -9.059460 4.051325 -4.851662
v -9.059460 4.051325 -3.782250
v -9.385569 4.083443 -4.851662
v -7.564968 4.083444 -3.456137
v -9.385569 4.083443 -3.456135
v -9.711679 4.051325 -3.782250
v -9.711679 4.051325 -4.851662
v -10.025257 3.956202 -4.044045
v -10.025257 3.956202 -4.851662
v -10.951468 4.051325 -3.782248
v -10.951468 4.083444 -3.456138
v -10.951468 3.956203 -4.044044
v -9.711679 4.051325 -3.130028
v -10.305597 3.806356 -4.274298
v -10.314250 3.801731 -4.851662
v -10.951468 3.801731 -4.281405
v -10.562636 3.597886 -4.476371
v -10.567556 3.593848 -4.851662
v -10.951468 3.593848 -4.480234
v -10.761488 3.335030 -4.652377
v -10.761488 3.335030 -4.652377
v -10.759707 3.340543 -4.851662
v -10.951468 3.340542 -4.650825
v -10.884046 3.045817 -4.759906
v -10.884046 3.045817 -4.759906
v -10.883714 3.051547 -4.851662
v -10.917900 2.739018 -4.786530
v -10.918015 2.737970 -4.851662
v -10.951468 3.051547 -4.759680
v -10.917900 2.739018 -4.786530
v -10.951468 2.737970 -4.786621
v -4.623699 2.739018 -4.786530
v -4.470737 2.738858 -4.786543
v -4.470737 3.046851 -4.759865
v -4.341796 2.738992 -4.786532
v -4.657535 3.045817 -4.759906
v -4.308492 3.045953 -4.759902
v -4.470737 3.336433 -4.651981
v -4.760091 3.335030 -4.652377
v -4.207194 3.335155 -4.652342
v -4.470737 3.596498 -4.477700
v -4.914971 3.597886 -4.476371
v -4.181150 3.335751 -4.678440
v -4.026874 3.597580 -4.504777
v -4.054822 3.597798 -4.476457
v -4.470737 3.804323 -4.277423
v -3.836866 3.806260 -4.274445
v -4.026874 3.597580 -4.504777
v -5.135983 3.806356 -4.274298
v -4.470737 3.956202 -4.044044
v -5.127331 3.801731 -4.851662
v -4.910052 3.593848 -4.851662
v -4.760091 3.335030 -4.652377
v -5.389756 3.956202 -4.851662
v -4.761874 3.340543 -4.851662
v -4.657535 3.045817 -4.759906
v -4.657868 3.051547 -4.851662
v -4.623699 2.739018 -4.786530
v -4.623585 2.737970 -4.851662
v -5.389756 3.956202 -4.044045
v -5.627604 4.051325 -4.851662
v -5.627604 4.051325 -3.782250
v -4.470737 4.051325 -3.782248
v -3.583663 3.956202 -4.044045
v -4.470737 4.083444 -3.456137
v -3.346330 4.051325 -3.782250
v -3.805936 3.806117 -4.304134
v -3.814141 3.801731 -4.851662
v -4.031421 3.593848 -4.851662
v -3.551716 3.956202 -4.851662
v -4.181150 3.335751 -4.678440
v -4.179599 3.340543 -4.851662
v -3.551716 3.956202 -4.076207
v -3.313868 4.051325 -4.851662
v -3.313868 4.051325 -3.816225
v -2.990158 4.083443 -4.851662
v -2.990158 4.083443 -3.489879
v -4.207194 3.335155 -4.652342
v -4.308492 3.045953 -4.759902
v -4.283849 3.047335 -4.784209
v -4.283604 3.051547 -4.851662
v -4.317815 2.738631 -4.810530
v -4.317887 2.737970 -4.851662
v -4.308492 3.045953 -4.759902
v -4.341796 2.738992 -4.786532
v -2.663897 4.051325 -3.816042
v -2.663897 4.051325 -4.851662
v -2.990158 4.083443 -3.456135
v -3.023721 4.083443 -3.456135
v -2.422277 3.956202 -4.076110
v -2.422277 3.956202 -4.851662
v -2.390314 3.956202 -4.044045
v -2.156933 3.796087 -4.316308
v -2.163809 3.801731 -4.851662
v -1.952606 3.589471 -4.511334
v -1.956198 3.593848 -4.851662
v -2.125778 3.795811 -4.287069
v -1.924421 3.589134 -4.483409
v -1.806346 3.337988 -4.678174
v -1.807232 3.340542 -4.851662
v -2.125778 3.795811 -4.287069
v -1.700058 3.050467 -4.784350
v -1.780336 3.337614 -4.651928
v -1.675340 3.050080 -4.759806
v -1.700220 3.051547 -4.851662
v -1.659918 2.737970 -4.810584
v -1.659918 2.737970 -4.851662
v -1.675340 3.050080 -4.759806
v -1.635847 2.737970 -4.786621
v -1.505857 3.956203 -4.044045
v -1.505857 3.796434 -4.286470
v -1.924421 3.589134 -4.483409
v -0.885933 3.795811 -4.287069
v -1.087292 3.589134 -4.483409
v -0.621399 3.956202 -4.044045
v -1.505857 3.589472 -4.483180
v -1.231377 3.337614 -4.651928
v -1.059107 3.589471 -4.511334
v -1.205368 3.337988 -4.678174
v -1.780336 3.337614 -4.651928
v -1.952606 3.589471 -4.511334
v -1.806346 3.337988 -4.678174
v -1.505857 3.337743 -4.651879
v -1.675340 3.050080 -4.759806
v -1.336372 3.050080 -4.759806
v -1.505857 3.050121 -4.759803
v -1.635847 2.737970 -4.786621
v -1.375867 2.737970 -4.786621
v -1.505857 2.737970 -4.786621
v -5.627604 4.051325 -3.130028
v -5.951315 4.083443 -2.101842
v -5.627604 4.051325 -2.101842
v -6.277575 4.051325 -3.130028
v -6.277575 4.051325 -2.101842
v -6.519195 3.956202 -2.876892
v -6.519195 3.956202 -2.101842
v -7.564968 4.051325 -3.130028
v -9.059460 4.051325 -3.130028
v -6.777663 3.801731 -2.648112
v -6.777663 3.801731 -2.101842
v -7.564968 3.956203 -2.876892
v -8.745882 3.956202 -2.876892
v -6.985274 3.593848 -2.432122
v -6.985274 3.593848 -2.101842
v -7.134241 3.340542 -2.271537
v -7.134241 3.340542 -2.101842
v -7.241252 3.051547 -2.170476
v -7.241252 3.051547 -2.101842
v -7.281554 2.737970 -2.139052
v -7.281554 2.737970 -2.101842
v -7.564968 3.801731 -2.648112
v -7.564968 3.593848 -2.432122
v -7.134241 3.340542 -2.271537
v -8.456887 3.801731 -2.648112
v -8.203580 3.593848 -2.432122
v -7.995698 3.340542 -2.271537
v -7.564968 3.340543 -2.271537
v -7.241252 3.051547 -2.170476
v -7.895370 3.051547 -2.170476
v -7.564968 3.051547 -2.170476
v -7.281554 2.737970 -2.139052
v -7.848382 2.737970 -2.139052
v -7.564968 2.737970 -2.139052
v -8.456887 3.801731 -0.892419
v -8.203580 3.593848 -1.145725
v -7.995698 3.340542 -1.353608
v -7.995698 3.340542 -2.271537
v -7.895370 3.051547 -1.453936
v -7.895370 3.051547 -2.170476
v -7.848382 2.737970 -1.500923
v -7.848382 2.737970 -2.139052
v -7.564968 3.801731 -0.892420
v -7.564968 3.593848 -1.145725
v -7.995698 3.340542 -1.353608
v -7.564968 3.956202 -0.603424
v -7.564968 3.340542 -1.353608
v -7.895370 3.051547 -1.453936
v -7.564968 3.051547 -1.453936
v -7.848382 2.737970 -1.500923
v -7.564968 2.737970 -1.500923
v -8.745882 3.956202 -0.603424
v -7.564968 4.051325 -0.289845
v -9.059460 4.051325 -0.289845
v -7.564968 4.082683 0.028542
v -9.377850 4.082683 0.028542
v -9.385569 4.083443 0.028542
v -9.711679 4.051325 -0.289845
v -9.393288 4.082683 0.028542
v -10.951468 4.082683 0.028542
v -10.951468 4.051324 -0.289848
v -10.025257 3.956202 -0.603424
v -10.951468 3.956202 -0.603424
v -10.951468 4.051325 -3.130028
v -10.025257 3.956202 -2.876892
v -10.951468 3.956203 -2.876893
v -10.314250 3.801731 -0.892419
v -10.951468 3.801731 -0.892420
v -10.314250 3.801731 -2.648112
v -10.951468 3.801731 -2.648113
v -10.567556 3.593848 -1.145725
v -10.951468 3.593848 -1.145726
v -10.567556 3.593848 -2.432122
v -10.951468 3.593848 -2.432123
v -10.764390 3.329621 -1.357400
v -10.759707 3.340543 -2.271537
v -10.879705 3.060890 -2.173743
v -10.884804 3.041574 -1.455431
v -10.918015 2.737970 -1.500923
v -10.916978 2.747461 -2.140003
v -4.470737 4.051325 -3.130028
v -3.346536 4.051325 -3.130028
v -5.389756 3.956202 -2.876892
v -5.389756 3.956202 -2.101842
v -3.584083 3.956202 -2.876892
v -3.313868 4.051325 -3.096339
v -5.127331 3.801731 -2.648112
v -5.127331 3.801731 -2.101842
v -4.470737 3.956202 -2.876892
v -4.910052 3.593848 -2.432122
v -4.910052 3.593848 -2.101842
v -4.761874 3.340543 -2.271537
v -4.761003 3.338515 -2.101842
v -4.661879 3.060890 -2.173743
v -4.661367 3.058957 -2.101842
v -4.624622 2.747461 -2.140003
v -4.624561 2.746894 -2.101842
v -4.470737 3.801731 -2.648113
v -4.470737 3.593848 -2.432122
v -4.761874 3.340543 -2.271537
v -3.845310 3.801731 -2.648112
v -4.059446 3.593848 -2.432122
v -4.470737 3.340543 -2.271537
v -4.661879 3.060890 -2.173743
v -4.205507 3.340543 -2.271537
v -4.031421 3.593848 -2.403836
v -4.179735 3.340228 -2.245231
v -4.304261 3.060668 -2.173665
v -4.031421 3.593848 -2.403836
v -4.470737 3.059171 -2.173142
v -4.340920 2.747233 -2.139980
v -4.624622 2.747461 -2.140003
v -4.470737 2.746003 -2.139857
v -3.814141 3.801731 -2.618482
v -3.814141 3.801731 -2.101842
v -4.031421 3.593848 -2.101842
v -3.551716 3.956202 -2.101842
v -4.179735 3.340228 -2.245231
v -4.180469 3.338515 -2.101842
v -3.551716 3.956202 -2.845230
v -3.313868 4.051325 -2.101842
v -2.990158 4.083443 -2.101842
v -4.279770 3.060225 -2.149025
v -4.205507 3.340543 -2.271537
v -4.304261 3.060668 -2.173665
v -4.280105 3.058957 -2.101842
v -4.316889 2.747103 -2.115952
v -4.316911 2.746894 -2.101842
v -4.304261 3.060668 -2.173665
v -4.340920 2.747233 -2.139980
v -2.990158 4.083443 -3.422392
v -2.663897 4.051325 -3.096517
v -2.663897 4.051325 -2.101842
v -2.631049 4.051325 -3.130028
v -2.422277 3.956202 -2.845271
v -2.422277 3.956202 -2.101842
v -2.389913 3.956202 -2.876892
v -2.163809 3.801731 -2.618302
v -2.163809 3.801731 -2.101842
v -1.956198 3.593848 -2.403726
v -1.956198 3.593848 -2.101842
v -1.807232 3.340542 -2.245389
v -1.807232 3.340542 -2.101842
v -2.132987 3.801731 -2.648112
v -1.700220 3.051547 -2.145921
v -1.700220 3.051547 -2.101842
v -1.675545 3.051547 -2.170476
v -1.781264 3.340542 -2.271537
v -1.659918 2.737970 -2.115057
v -1.659918 2.737970 -2.101842
v -1.505857 3.956203 -2.876892
v -1.505857 4.051325 -3.130028
v -1.505857 3.801731 -2.648112
v -0.621798 3.956202 -2.876892
v -1.928372 3.593848 -2.432122
v -2.163809 3.801731 -2.618302
v -1.956198 3.593848 -2.403726
v -0.878726 3.801731 -2.648112
v -1.505857 3.593848 -2.432122
v -0.847903 3.801731 -2.618302
v -1.055513 3.593848 -2.403726
v -1.083341 3.593848 -2.432122
v -0.847903 3.801731 -2.618302
v -1.230449 3.340542 -2.271537
v -1.055513 3.593848 -2.403726
v -1.204481 3.340542 -2.245389
v -1.505857 3.340542 -2.271537
v -1.781264 3.340542 -2.271537
v -1.956198 3.593848 -2.403726
v -1.807232 3.340542 -2.245389
v -1.675545 3.051547 -2.170476
v -1.336167 3.051547 -2.170476
v -1.505857 3.051547 -2.170476
v -1.635847 2.737970 -2.139052
v -1.700220 3.051547 -2.145921
v -1.659918 2.737970 -2.115057
v -1.505857 2.737970 -2.139052
v -1.375867 2.737970 -2.139052
v -1.351795 2.737970 -2.115057
v -1.311492 3.051547 -2.145921
v -2.956464 4.083443 -3.456135
v -1.505857 4.083444 -3.456137
v -2.631262 4.051325 -3.782250
v -1.505857 4.051325 -3.782250
v -0.380401 4.051325 -3.782250
v -0.024851 4.083377 -3.456135
v -0.024851 4.083248 -3.491196
v -0.380612 4.051325 -3.130028
v -0.024851 4.083248 -3.421074
v -0.347817 4.051325 -3.816094
v -0.024851 4.083119 -4.851662
v -0.347817 4.051325 -4.851662
v -0.589436 3.956202 -4.076110
v -0.589436 3.956202 -4.851662
v -0.854779 3.796087 -4.316308
v -0.847903 3.801731 -4.851662
v -1.059107 3.589471 -4.511334
v -0.885933 3.795811 -4.287069
v -1.087292 3.589134 -4.483409
v -1.055513 3.593848 -4.851662
v -1.205368 3.337988 -4.678174
v -1.204481 3.340542 -4.851662
v -1.231377 3.337614 -4.651928
v -1.336372 3.050080 -4.759806
v -1.311654 3.050467 -4.784350
v -1.311492 3.051547 -4.851662
v -1.351795 2.737970 -4.810584
v -1.351795 2.737970 -4.851662
v -1.336372 3.050080 -4.759806
v -1.375867 2.737970 -4.786621
v -0.589436 3.956202 -2.845271
v -0.347817 4.051325 -3.096465
v -0.347817 4.051325 -2.101842
v -0.589437 3.956202 -2.101842
v -0.024851 4.083119 -2.101842
v -0.847903 3.801731 -2.101842
v -1.055513 3.593848 -2.403726
v -1.055513 3.593848 -2.101842
v -1.204481 3.340542 -2.245389
v -1.204481 3.340542 -2.101842
v -1.311492 3.051547 -2.145921
v -1.230449 3.340542 -2.271537
v -1.336167 3.051547 -2.170476
v -1.311492 3.051547 -2.101842
v -1.351795 2.737970 -2.115057
v -1.351795 2.737970 -2.101842
v -10.884804 3.041574 -1.455431
v -10.951468 3.051546 -1.453936
v -10.951468 2.737969 -1.500923
v -10.918015 2.737970 -1.500923
v -10.951468 3.340542 -1.353608
v -10.764390 3.329621 -1.357400
v -10.951468 3.593848 -1.145726
v -10.567556 3.593848 -1.145725
v -10.759707 3.340543 -2.271537
v -10.951468 3.340543 -2.271537
v -10.951468 3.593848 -2.432123
v -10.567556 3.593848 -2.432122
v -10.879705 3.060890 -2.173743
v -10.951468 3.051548 -2.170476
v -10.916978 2.747461 -2.140003
v -10.951468 2.737971 -2.139053
v 6.227874 7.880634 3.873125
v 6.227874 7.880634 4.908746
v 5.901613 7.912753 4.908746
v 6.469493 7.785511 4.133193
v 6.469493 7.785511 4.908746
v 6.734838 7.625397 4.373392
v 6.727961 7.631040 4.908746
v 6.501456 7.785511 4.101129
v 6.939164 7.418780 4.568417
v 6.935572 7.423157 4.908746
v 7.085425 7.167297 4.735258
v 7.084538 7.169851 4.908746
v 6.765992 7.625119 4.344152
v 6.967349 7.418443 4.540492
v 7.191711 6.879776 4.841433
v 7.111434 7.166924 4.709012
v 7.216430 6.879389 4.816890
v 7.191549 6.880856 4.908746
v 7.231852 6.567279 4.867668
v 7.231852 6.567279 4.908746
v 7.216430 6.879389 4.816890
v 7.255925 6.567279 4.843705
v 7.515267 7.785511 4.101129
v 7.515267 7.625874 4.343429
v 7.515267 7.418886 4.540194
v 7.515267 7.880634 3.839333
v 8.119751 7.418443 4.540493
v 7.111434 7.166924 4.709012
v 6.939164 7.418780 4.568417
v 7.085425 7.167297 4.735258
v 7.918078 7.166924 4.709012
v 8.367084 7.625117 4.344154
v 8.150277 7.418770 4.567659
v 7.515267 7.167112 4.708941
v 7.216430 6.879389 4.816890
v 7.820832 6.879389 4.816890
v 7.945107 7.167292 4.734953
v 7.845506 6.879776 4.841442
v 7.515267 6.879462 4.816884
v 7.774540 6.567279 4.843705
v 7.255925 6.567279 4.843705
v 7.515267 6.567279 4.843705
v 8.407185 7.631040 4.908746
v 8.153879 7.423157 4.908746
v 7.945107 7.167292 4.734953
v 7.945996 7.169851 4.908746
v 8.119751 7.418443 4.540493
v 7.918078 7.166924 4.709012
v 7.845506 6.879776 4.841442
v 7.845668 6.880856 4.908746
v 7.798682 6.567279 4.867667
v 7.798682 6.567279 4.908746
v 7.820832 6.879389 4.816890
v 7.774540 6.567279 4.843705
v 8.400297 7.625388 4.372538
v 8.696179 7.785511 4.908746
v 8.696179 7.785511 4.131125
v 8.661185 7.785511 4.101129
v 9.009756 7.880634 4.908746
v 9.009756 7.880634 3.871419
v 8.974956 7.880634 3.839333
v 9.335867 7.912753 4.908746
v 9.335867 7.912752 3.546904
v 9.661976 7.880634 3.871419
v 9.661976 7.880634 4.908746
v 9.302181 7.912752 3.513219
v 9.975554 7.785511 4.131145
v 9.975554 7.785511 4.908746
v 9.369552 7.912752 3.513219
v 10.256332 7.635432 4.360427
v 10.264548 7.631040 4.908746
v 9.696778 7.880634 3.839333
v 10.010576 7.785511 4.101129
v 10.513299 7.426895 4.561240
v 10.517855 7.423157 4.908746
v 10.711554 7.165053 4.735280
v 10.710001 7.169851 4.908746
v 10.834255 6.876643 4.841271
v 10.834010 6.880857 4.908746
v 10.868313 6.567279 4.908746
v 10.868241 6.567940 4.867614
v 10.289292 7.635426 4.331748
v 10.543251 7.426880 4.533756
v 10.901765 7.785511 4.101127
v 10.901765 7.631040 4.338488
v 10.901765 7.880634 3.839331
v 10.901765 7.912753 3.513222
v 10.901765 7.423157 4.537318
v 10.711554 7.165053 4.735280
v 10.513299 7.426895 4.561240
v 10.738306 7.165108 4.709245
v 10.901765 7.169851 4.707908
v 10.834255 6.876643 4.841271
v 10.711554 7.165053 4.735280
v 10.858679 6.877194 4.816908
v 10.901765 6.880856 4.816764
v 10.892302 6.567574 4.843679
v 10.901765 6.567279 4.843705
v 10.868241 6.567940 4.867614
v 10.834255 6.876643 4.841271
v 9.697070 7.880634 3.187111
v 10.901765 7.880634 3.187112
v 9.335867 7.912752 3.513219
v 9.335867 7.912752 3.479533
v 10.011105 7.785511 2.933976
v 10.901765 7.785511 2.933976
v 10.297421 7.631040 2.705197
v 10.901765 7.631040 2.705197
v 10.547628 7.423157 2.489206
v 10.901765 7.423157 2.489206
v 10.517855 7.423157 2.461548
v 10.264548 7.631040 2.676338
v 9.975554 7.785511 2.904334
v 9.661976 7.880634 3.155231
v 10.264548 7.631040 0.980499
v 10.517855 7.423157 1.232074
v 10.714553 7.159247 1.440972
v 10.710136 7.169540 2.302582
v 10.295544 7.631040 0.949503
v 10.546726 7.423157 1.202808
v 10.901765 7.631039 0.949503
v 10.901765 7.423157 1.202809
v 10.901765 7.785511 0.660508
v 10.830177 6.889535 2.206140
v 10.737030 7.169851 2.328620
v 10.855814 6.886840 2.229652
v 10.834928 6.871539 1.536938
v 10.867314 6.576412 2.173035
v 10.868275 6.567637 1.582093
v 10.740562 7.160440 1.413959
v 10.859035 6.874464 1.511978
v 10.007991 7.785511 0.660508
v 10.901765 7.880633 0.346931
v 9.695342 7.880634 0.346928
v 10.901765 7.911993 0.028542
v 9.377271 7.911993 0.028542
v 9.975554 7.785511 0.692944
v 9.661976 7.880634 0.380294
v 9.335867 7.912753 0.028542
v 9.009756 7.880634 0.380294
v 9.294462 7.911993 0.028542
v 9.009756 7.880634 3.155231
v 8.976391 7.880634 0.346928
v 7.515267 7.911993 0.028542
v 7.515267 7.880634 0.346929
v 8.663744 7.785511 0.660508
v 7.515267 7.785511 0.660508
v 8.696179 7.785511 0.692944
v 8.376188 7.631040 0.949503
v 7.515267 7.631040 0.949503
v 8.696179 7.785511 2.904334
v 8.407185 7.631040 0.980499
v 8.124668 7.423157 1.202809
v 7.515267 7.423157 1.202809
v 8.153879 7.423157 1.232020
v 7.919339 7.169851 1.410692
v 8.153879 7.423157 1.232020
v 7.945996 7.169851 1.437348
v 7.515267 7.169851 1.410692
v 7.821040 6.880856 1.511020
v 7.945996 7.169851 1.437348
v 7.845668 6.880856 1.535648
v 7.515267 6.880856 1.511020
v 7.774544 6.567279 1.558007
v 7.515267 6.567279 1.558007
v 7.845668 6.880856 1.535648
v 7.798682 6.567279 1.582144
v 8.407185 7.631040 2.676338
v 8.153879 7.423157 2.461631
v 7.945996 7.169851 1.437348
v 7.945996 7.169851 2.302763
v 7.845668 6.880856 1.535648
v 8.123744 7.423157 2.489206
v 7.918978 7.169851 2.328620
v 7.845668 6.880856 2.202997
v 7.798682 6.567279 1.582144
v 7.798682 6.567279 2.172141
v 7.821040 6.880856 2.227560
v 7.774540 6.567279 2.196136
v 8.374312 7.631040 2.705196
v 8.123744 7.423157 2.489206
v 8.660628 7.785511 2.933976
v 7.515267 7.631040 2.705196
v 8.974663 7.880634 3.187111
v 7.515267 7.785511 2.933976
v 7.515267 7.880634 3.187111
v 7.515267 7.912753 3.513220
v 6.260720 7.880634 3.187111
v 6.501856 7.785511 2.933976
v 6.260509 7.880634 3.839333
v 5.935306 7.912752 3.513219
v 5.901613 7.912752 3.513219
v 5.901613 7.912752 3.546962
v 5.545440 7.880634 3.839333
v 5.577902 7.880634 3.873308
v 5.577902 7.880634 4.908746
v 5.340054 7.785511 4.133291
v 5.340054 7.785511 4.908746
v 5.308107 7.785511 4.101129
v 5.085835 7.635426 4.361217
v 5.077629 7.631040 4.908746
v 4.864896 7.426889 4.561861
v 4.860348 7.423157 4.908746
v 5.054905 7.635569 4.331529
v 4.710621 7.165059 4.735523
v 4.712171 7.169851 4.908746
v 4.836947 7.427107 4.533541
v 4.607921 6.876643 4.841291
v 4.608167 6.880857 4.908746
v 4.583277 6.875262 4.816985
v 4.684577 7.164464 4.709426
v 4.573956 6.567940 4.867614
v 4.573883 6.567279 4.908746
v 4.583277 6.875262 4.816985
v 4.549974 6.568302 4.843616
v 4.421035 7.633632 4.334506
v 4.421035 7.785511 4.101127
v 4.421035 7.425807 4.534783
v 4.421035 7.880634 3.839332
v 3.533961 7.785511 4.101129
v 3.787164 7.635569 4.331529
v 4.005120 7.427107 4.533541
v 4.684577 7.164464 4.709426
v 4.864896 7.426889 4.561861
v 4.710621 7.165059 4.735523
v 4.421035 7.165742 4.709065
v 4.583277 6.875262 4.816985
v 4.157492 7.164464 4.709426
v 3.977172 7.426889 4.561861
v 4.131447 7.165059 4.735523
v 4.258790 6.875262 4.816985
v 4.421035 6.876160 4.816949
v 4.549974 6.568302 4.843616
v 4.292095 6.568302 4.843616
v 4.421035 6.568166 4.843627
v 3.977172 7.426889 4.561861
v 3.756233 7.635426 4.361217
v 3.764439 7.631040 4.908746
v 3.981720 7.423157 4.908746
v 4.131447 7.165059 4.735523
v 3.502014 7.785511 4.908746
v 4.129898 7.169851 4.908746
v 3.502014 7.785511 4.133291
v 3.264166 7.880634 4.908746
v 4.234147 6.876643 4.841291
v 3.264166 7.880634 3.873308
v 4.233902 6.880857 4.908746
v 4.157492 7.164464 4.709426
v 4.258790 6.875262 4.816985
v 4.268185 6.567279 4.908746
v 4.268113 6.567940 4.867614
v 4.258790 6.875262 4.816985
v 4.292095 6.568302 4.843616
v 2.940456 7.912753 4.908746
v 3.296628 7.880634 3.839333
v 2.940456 7.912752 3.546962
v 4.421035 7.912753 3.513220
v 2.974019 7.912752 3.513219
v 2.614194 7.880634 3.873125
v 2.614194 7.880634 4.908746
v 2.940456 7.912752 3.513219
v 3.296835 7.880634 3.187111
v 2.906763 7.912752 3.513219
v 2.372575 7.785511 4.133193
v 2.372575 7.785511 4.908746
v 2.581560 7.880634 3.839333
v 2.340611 7.785511 4.101129
v 2.107231 7.625397 4.373392
v 2.114108 7.631040 4.908746
v 2.076077 7.625119 4.344152
v 1.902903 7.418780 4.568417
v 2.076077 7.625119 4.344152
v 1.874719 7.418443 4.540492
v 1.906497 7.423157 4.908746
v 1.756643 7.167297 4.735258
v 1.757529 7.169851 4.908746
v 1.625638 6.879389 4.816890
v 1.730634 7.166924 4.709012
v 1.650356 6.879776 4.841433
v 1.650518 6.880856 4.908746
v 1.610216 6.567279 4.867668
v 1.610216 6.567279 4.908746
v 1.625638 6.879389 4.816890
v 1.586144 6.567279 4.843705
v 1.456155 7.785511 4.101129
v 1.456155 7.625744 4.343553
v 1.874719 7.418443 4.540492
v 1.456155 7.880634 3.839333
v 0.836231 7.625119 4.344152
v 0.571697 7.785511 4.101129
v 1.037589 7.418443 4.540492
v 1.456155 7.418782 4.540264
v 1.730634 7.166924 4.709012
v 1.902903 7.418780 4.568417
v 1.756643 7.167297 4.735258
v 1.456155 7.167053 4.708963
v 1.181675 7.166924 4.709012
v 1.009405 7.418780 4.568417
v 1.155666 7.167297 4.735258
v 1.286670 6.879389 4.816890
v 1.625638 6.879389 4.816890
v 1.456155 6.879430 4.816887
v 1.326164 6.567279 4.843705
v 1.586144 6.567279 4.843705
v 1.456155 6.567279 4.843705
v 5.868050 7.912752 3.513219
v 5.545233 7.880634 3.187111
v 5.901613 7.912752 3.479475
v 5.577902 7.880634 3.153423
v 4.421035 7.880634 3.187111
v 6.227874 7.880634 3.153600
v 5.901613 7.912753 2.158925
v 5.577902 7.880634 2.158925
v 6.227874 7.880634 2.158925
v 6.469493 7.785511 2.902354
v 6.469493 7.785511 2.158925
v 6.727961 7.631040 2.675385
v 6.727961 7.631040 2.158925
v 6.935572 7.423157 2.460809
v 6.935572 7.423157 2.158925
v 6.758784 7.631040 2.705196
v 7.084538 7.169851 2.302473
v 7.084538 7.169851 2.158925
v 6.963398 7.423157 2.489206
v 7.191549 6.880856 2.203005
v 7.191549 6.880856 2.158925
v 7.216225 6.880856 2.227560
v 7.110506 7.169851 2.328620
v 7.231852 6.567279 2.172140
v 7.231852 6.567279 2.158925
v 7.515267 7.423157 2.489206
v 7.918978 7.169851 2.328620
v 7.110506 7.169851 2.328620
v 6.935572 7.423157 2.460809
v 7.084538 7.169851 2.302473
v 7.515267 7.169851 2.328620
v 7.216225 6.880856 2.227560
v 7.845668 6.880856 2.202997
v 7.945996 7.169851 2.302763
v 7.821040 6.880856 2.227560
v 7.515267 6.880856 2.227560
v 7.774540 6.567279 2.196136
v 7.515267 6.567279 2.196136
v 7.255925 6.567279 2.196136
v 7.191549 6.880856 2.203005
v 7.231852 6.567279 2.172140
v 4.421035 7.785511 2.933976
v 5.307688 7.785511 2.933976
v 3.534381 7.785511 2.933976
v 5.340054 7.785511 2.902314
v 5.340054 7.785511 2.158925
v 5.077629 7.631040 2.675566
v 5.077629 7.631040 2.158925
v 4.860348 7.423157 2.460919
v 4.860348 7.423157 2.158925
v 5.046460 7.631040 2.705197
v 4.712035 7.169537 2.302314
v 4.711301 7.167824 2.158925
v 4.832323 7.423157 2.489206
v 4.612000 6.889535 2.206109
v 4.686264 7.169851 2.328620
v 4.587509 6.889977 2.230749
v 4.611664 6.888266 2.158925
v 4.574881 6.576412 2.173035
v 4.574859 6.576203 2.158925
v 4.587509 6.889977 2.230749
v 4.550851 6.576541 2.197064
v 4.421035 7.631040 2.705197
v 3.795608 7.631040 2.705197
v 4.421035 7.423157 2.489206
v 4.009744 7.423157 2.489206
v 3.764439 7.631040 2.675566
v 4.686264 7.169851 2.328620
v 4.860348 7.423157 2.460919
v 4.712035 7.169537 2.302314
v 4.421035 7.169851 2.328620
v 4.587509 6.889977 2.230749
v 4.155804 7.169851 2.328620
v 3.981720 7.423157 2.460919
v 4.130032 7.169537 2.302314
v 4.254560 6.889977 2.230749
v 4.421035 6.888479 2.230225
v 4.550851 6.576541 2.197064
v 4.291217 6.576541 2.197064
v 4.421035 6.575311 2.196941
v 3.981720 7.423157 2.460919
v 3.764439 7.631040 2.158925
v 3.981720 7.423157 2.158925
v 3.502014 7.785511 2.158925
v 4.130032 7.169537 2.302314
v 4.130768 7.167824 2.158925
v 3.502014 7.785511 2.902314
v 3.264166 7.880634 2.158925
v 3.264166 7.880634 3.153423
v 2.940456 7.912753 2.158925
v 2.940456 7.912752 3.479475
v 2.614194 7.880634 3.153600
v 2.614194 7.880634 2.158925
v 2.372575 7.785511 2.902354
v 2.372575 7.785511 2.158925
v 2.340212 7.785511 2.933976
v 2.114108 7.631040 2.675385
v 2.114108 7.631040 2.158925
v 1.906497 7.423157 2.460809
v 1.906497 7.423157 2.158925
v 1.757529 7.169851 2.302473
v 1.757529 7.169851 2.158925
v 1.650518 6.880856 2.203005
v 1.731562 7.169851 2.328620
v 1.625843 6.880856 2.227560
v 1.650518 6.880856 2.158925
v 1.610216 6.567279 2.172140
v 1.610216 6.567279 2.158925
v 2.083285 7.631040 2.705196
v 1.906497 7.423157 2.460809
v 2.114108 7.631040 2.675385
v 1.878671 7.423157 2.489206
v 1.456155 7.785511 2.933976
v 1.456155 7.631040 2.705196
v 1.456155 7.423157 2.489206
v 0.829023 7.631040 2.705196
v 1.731562 7.169851 2.328620
v 1.906497 7.423157 2.460809
v 1.757529 7.169851 2.302473
v 1.456155 7.169851 2.328620
v 1.033639 7.423157 2.489206
v 0.798201 7.631040 2.675385
v 1.005812 7.423157 2.460809
v 1.180747 7.169851 2.328620
v 1.005812 7.423157 2.460809
v 1.154779 7.169851 2.302473
v 1.286465 6.880856 2.227560
v 1.625843 6.880856 2.227560
v 1.456155 6.880856 2.227560
v 1.326164 6.567279 2.196136
v 1.261790 6.880856 2.203005
v 1.302093 6.567279 2.172140
v 1.456155 6.567279 2.196136
v 1.586144 6.567279 2.196136
v 1.610216 6.567279 2.172140
v 1.650518 6.880856 2.203005
v 1.456155 7.912753 3.513220
v 1.456155 7.880634 3.187111
v 2.581348 7.880634 3.187111
v 0.572096 7.785511 2.933976
v 0.798201 7.631040 2.675385
v 0.330910 7.880634 3.187111
v -0.024851 7.912686 3.513219
v 0.330699 7.880634 3.839333
v -0.024851 7.912557 3.478157
v -0.024851 7.912557 3.548281
v 0.298115 7.880634 3.153548
v -0.024851 7.912429 2.158925
v 0.298115 7.880634 2.158925
v 0.539734 7.785511 2.902354
v 0.539735 7.785511 2.158925
v 0.798201 7.631040 2.158925
v 1.005812 7.423157 2.460809
v 1.005812 7.423157 2.158925
v 1.154779 7.169851 2.302473
v 1.154779 7.169851 2.158925
v 1.261790 6.880856 2.203005
v 1.261790 6.880856 2.158925
v 1.286465 6.880856 2.227560
v 1.180747 7.169851 2.328620
v 1.302093 6.567279 2.172140
v 1.302093 6.567279 2.158925
v 0.539734 7.785511 4.133193
v 0.539734 7.785511 4.908746
v 0.298115 7.880634 4.908746
v 0.805077 7.625397 4.373392
v 0.798201 7.631040 4.908746
v 0.298115 7.880634 3.873177
v -0.024851 7.912429 4.908746
v 1.009405 7.418780 4.568417
v 0.836231 7.625119 4.344152
v 1.037589 7.418443 4.540492
v 1.005812 7.423157 4.908746
v 1.155666 7.167297 4.735258
v 1.154779 7.169851 4.908746
v 1.261951 6.879776 4.841433
v 1.181675 7.166924 4.709012
v 1.286670 6.879389 4.816890
v 1.261790 6.880856 4.908746
v 1.302093 6.567279 4.867668
v 1.302093 6.567279 4.908746
v 1.286670 6.879389 4.816890
v 1.326164 6.567279 4.843705
v 4.230403 6.888266 2.158925
v 4.230068 6.889535 2.206109
v 4.254560 6.889977 2.230749
v 4.155804 7.169851 2.328620
v 4.267187 6.576412 2.173035
v 4.267210 6.576203 2.158925
v 4.291217 6.576541 2.197064
v 4.254560 6.889977 2.230749
v 10.859035 6.874464 1.511978
v 10.901765 6.880856 1.511020
v 10.901765 6.567279 1.558007
v 10.901765 7.169851 1.410692
v 10.892330 6.567279 1.558007
v 10.834928 6.871539 1.536938
v 10.868275 6.567637 1.582093
v 10.740562 7.160440 1.413959
v 10.901765 7.423157 1.202809
v 10.546726 7.423157 1.202808
v 10.517855 7.423157 1.232074
v 10.714553 7.159247 1.440972
v 10.737030 7.169851 2.328620
v 10.901765 7.169851 2.328621
v 10.901765 7.423157 2.489206
v 10.547628 7.423157 2.489206
v 10.710136 7.169540 2.302582
v 10.517855 7.423157 2.461548
v 10.855814 6.886840 2.229652
v 10.901765 6.880857 2.227560
v 10.892130 6.569931 2.196401
v 10.901765 6.567280 2.196136
v 10.867314 6.576412 2.173035
v 10.830177 6.889535 2.206140
v -5.951315 7.912753 4.908746
v -6.277575 7.880634 4.908746
v -6.277575 7.880634 3.839333
v -6.519195 7.785511 4.101129
v -6.519195 7.785511 4.908746
v -5.951315 7.912752 3.513219
v -6.784915 7.625088 4.344181
v -6.777663 7.631040 4.908746
v -7.564968 7.880634 3.839333
v -6.989162 7.418420 4.540508
v -6.985274 7.423157 4.908746
v -7.564968 7.785511 4.101129
v -7.135261 7.166911 4.709017
v -7.134241 7.169851 4.908746
v -7.241473 6.879383 4.816890
v -7.241252 6.880856 4.908746
v -7.281554 6.567279 4.843705
v -7.281554 6.567279 4.908746
v -7.564968 7.625874 4.343429
v -7.564968 7.418886 4.540194
v -7.135261 7.166911 4.709017
v -8.449635 7.625088 4.344181
v -7.564968 7.167112 4.708941
v -7.241473 6.879383 4.816890
v -7.994678 7.166911 4.709017
v -7.895149 6.879383 4.816890
v -8.199693 7.418420 4.540508
v -7.564968 6.879462 4.816884
v -7.281554 6.567279 4.843705
v -7.848382 6.567279 4.843705
v -7.564968 6.567279 4.843705
v -8.456887 7.631040 4.908746
v -8.203580 7.423157 4.908746
v -7.994678 7.166911 4.709017
v -8.745882 7.785511 4.908746
v -7.995698 7.169851 4.908746
v -7.895149 6.879383 4.816890
v -7.895370 6.880856 4.908746
v -7.848382 6.567279 4.843705
v -7.848382 6.567279 4.908746
v -8.745882 7.785511 4.101129
v -9.059460 7.880634 4.908746
v -9.059460 7.880634 3.839333
v -9.385569 7.912753 4.908746
v -7.564968 7.912753 3.513220
v -9.385569 7.912752 3.513219
v -9.711679 7.880634 3.839333
v -9.711679 7.880634 4.908746
v -10.025257 7.785511 4.101129
v -10.025257 7.785511 4.908746
v -10.951468 7.880634 3.839331
v -10.951468 7.912753 3.513222
v -10.951468 7.785511 4.101127
v -10.305597 7.635665 4.331381
v -10.314250 7.631040 4.908746
v -10.951468 7.631040 4.338488
v -10.562636 7.427195 4.533455
v -10.567556 7.423157 4.908746
v -10.951468 7.423157 4.537318
v -10.761488 7.164340 4.709462
v -10.761488 7.164340 4.709462
v -10.759707 7.169851 4.908746
v -10.951468 7.169851 4.707908
v -10.884046 6.875126 4.816989
v -10.884046 6.875126 4.816989
v -10.883714 6.880857 4.908746
v -10.951468 6.880856 4.816764
v -10.917900 6.568327 4.843614
v -10.918015 6.567279 4.908746
v -10.917900 6.568327 4.843614
v -10.951468 6.567279 4.843705
v -4.470737 6.876160 4.816949
v -4.470737 6.568166 4.843627
v -4.623699 6.568327 4.843614
v -4.341796 6.568302 4.843616
v -4.657535 6.875126 4.816989
v -4.308492 6.875262 4.816985
v -4.470737 7.165742 4.709065
v -4.760091 7.164340 4.709462
v -4.207194 7.164464 4.709426
v -4.470737 7.425807 4.534783
v -4.914971 7.427195 4.533455
v -4.026874 7.426889 4.561861
v -4.181150 7.165059 4.735523
v -4.054822 7.427107 4.533541
v -4.470737 7.633632 4.334506
v -3.836866 7.635569 4.331529
v -4.026874 7.426889 4.561861
v -5.135983 7.635665 4.331381
v -4.470737 7.785511 4.101127
v -5.127331 7.631040 4.908746
v -4.910052 7.423157 4.908746
v -4.760091 7.164340 4.709462
v -5.389756 7.785511 4.908746
v -4.761874 7.169851 4.908746
v -4.657535 6.875126 4.816989
v -4.657868 6.880857 4.908746
v -4.623699 6.568327 4.843614
v -4.623585 6.567279 4.908746
v -5.389756 7.785511 4.101129
v -5.627604 7.880634 4.908746
v -5.627604 7.880634 3.839333
v -4.470737 7.880634 3.839332
v -3.583663 7.785511 4.101129
v -4.470737 7.912753 3.513220
v -3.346330 7.880634 3.839333
v -3.805936 7.635426 4.361217
v -3.814141 7.631040 4.908746
v -4.031421 7.423157 4.908746
v -3.551716 7.785511 4.908746
v -4.181150 7.165059 4.735523
v -4.179599 7.169851 4.908746
v -3.551716 7.785511 4.133291
v -3.313868 7.880634 4.908746
v -3.313868 7.880634 3.873308
v -2.990158 7.912753 4.908746
v -4.283849 6.876643 4.841291
v -4.283604 6.880857 4.908746
v -4.308492 6.875262 4.816985
v -4.207194 7.164464 4.709426
v -4.317815 6.567940 4.867614
v -4.317887 6.567279 4.908746
v -4.308492 6.875262 4.816985
v -4.341796 6.568302 4.843616
v -2.990158 7.912752 3.546962
v -2.663897 7.880634 3.873125
v -2.663897 7.880634 4.908746
v -2.990158 7.912752 3.513219
v -3.023721 7.912752 3.513219
v -2.990158 7.912752 3.479475
v -2.422277 7.785511 4.133193
v -2.422277 7.785511 4.908746
v -2.390314 7.785511 4.101129
v -2.156933 7.625397 4.373392
v -2.163809 7.631040 4.908746
v -1.952606 7.418780 4.568417
v -1.956198 7.423157 4.908746
v -2.125778 7.625119 4.344152
v -1.924421 7.418443 4.540492
v -1.806346 7.167297 4.735258
v -1.807232 7.169851 4.908746
v -2.125778 7.625119 4.344152
v -1.700058 6.879776 4.841433
v -1.780336 7.166924 4.709012
v -1.675340 6.879389 4.816890
v -1.700220 6.880856 4.908746
v -1.659918 6.567279 4.867668
v -1.659918 6.567279 4.908746
v -1.675340 6.879389 4.816890
v -1.635847 6.567279 4.843705
v -1.505857 7.785511 4.101129
v -1.505857 7.625744 4.343553
v -1.924421 7.418443 4.540492
v -0.885933 7.625119 4.344152
v -1.087292 7.418443 4.540492
v -0.621399 7.785511 4.101129
v -1.505857 7.418782 4.540264
v -1.231377 7.166924 4.709012
v -1.059107 7.418780 4.568417
v -1.205368 7.167297 4.735258
v -1.505857 7.167053 4.708963
v -1.780336 7.166924 4.709012
v -1.952606 7.418780 4.568417
v -1.806346 7.167297 4.735258
v -1.675340 6.879389 4.816890
v -1.336372 6.879389 4.816890
v -1.505857 6.879430 4.816887
v -1.635847 6.567279 4.843705
v -1.375867 6.567279 4.843705
v -1.505857 6.567279 4.843705
v -5.627604 7.880634 3.187111
v -4.470737 7.880634 3.187111
v -5.951315 7.912753 2.158925
v -5.627604 7.880634 2.158925
v -6.277575 7.880634 3.187111
v -5.389756 7.785511 2.933976
v -5.389756 7.785511 2.158925
v -6.277575 7.880634 2.158925
v -6.519195 7.785511 2.933976
v -6.519195 7.785511 2.158925
v -7.564968 7.880634 3.187111
v -9.059460 7.880634 3.187111
v -6.777663 7.631040 2.705196
v -6.777663 7.631040 2.158925
v -7.564968 7.785511 2.933976
v -8.745882 7.785511 2.933976
v -7.564968 7.631040 2.705196
v -6.985274 7.423157 2.489206
v -6.985274 7.423157 2.158925
v -7.134241 7.169851 2.328620
v -7.134241 7.169851 2.158925
v -7.241252 6.880856 2.227560
v -7.241252 6.880856 2.158925
v -7.281554 6.567279 2.196136
v -7.281554 6.567279 2.158925
v -7.564968 7.423157 2.489206
v -7.134241 7.169851 2.328620
v -8.456887 7.631040 2.705196
v -8.203580 7.423157 2.489206
v -7.995698 7.169851 2.328620
v -7.564968 7.169851 2.328620
v -7.241252 6.880856 2.227560
v -7.895370 6.880856 2.227560
v -7.564968 6.880856 2.227560
v -7.281554 6.567279 2.196136
v -7.848382 6.567279 2.196136
v -7.564968 6.567279 2.196136
v -7.995698 7.169851 1.410692
v -7.995698 7.169851 2.328620
v -7.895370 6.880856 1.511020
v -7.895370 6.880856 2.227560
v -7.848382 6.567279 1.558007
v -7.848382 6.567279 2.196136
v -8.203580 7.423157 1.202809
v -8.456887 7.631040 0.949503
v -7.564968 7.631040 0.949503
v -7.564968 7.423157 1.202809
v -7.995698 7.169851 1.410692
v -7.564968 7.785511 0.660508
v -7.564968 7.169851 1.410692
v -7.895370 6.880856 1.511020
v -7.564968 6.880856 1.511020
v -7.848382 6.567279 1.558007
v -7.564968 6.567279 1.558007
v -8.745882 7.785511 0.660508
v -7.564968 7.880634 0.346929
v -9.059460 7.880634 0.346928
v -7.564968 7.911993 0.028542
v -9.377850 7.911993 0.028542
v -9.385569 7.912753 0.028542
v -9.711679 7.880634 0.346928
v -9.393288 7.911993 0.028542
v -10.951468 7.911993 0.028542
v -10.951468 7.880633 0.346931
v -9.711679 7.880634 3.187111
v -10.951468 7.880634 3.187112
v -10.025257 7.785511 0.660508
v -10.951468 7.785511 0.660508
v -10.025257 7.785511 2.933976
v -10.951468 7.785511 2.933976
v -10.314250 7.631040 0.949503
v -10.951468 7.631039 0.949503
v -10.314250 7.631040 2.705197
v -10.951468 7.631040 2.705197
v -10.567556 7.423157 1.202808
v -10.951468 7.423157 1.202809
v -10.567556 7.423157 2.489206
v -10.951468 7.423157 2.489206
v -10.764390 7.158930 1.414483
v -10.759707 7.169851 2.328620
v -10.879705 6.890199 2.230827
v -10.884804 6.870883 1.512514
v -10.918015 6.567279 1.558006
v -10.916978 6.576770 2.197087
v -4.470737 7.785511 2.933976
v -5.127331 7.631040 2.705197
v -5.127331 7.631040 2.158925
v -4.910052 7.423157 2.489206
v -4.910052 7.423157 2.158925
v -4.761874 7.169851 2.328620
v -4.761003 7.167824 2.158925
v -4.661879 6.890199 2.230827
v -4.661367 6.888266 2.158925
v -4.624622 6.576770 2.197087
v -4.624561 6.576203 2.158925
v -4.470737 7.631040 2.705197
v -4.470737 7.423157 2.489206
v -4.761874 7.169851 2.328620
v -3.845310 7.631040 2.705197
v -4.470737 7.169851 2.328620
v -4.661879 6.890199 2.230827
v -4.059446 7.423157 2.489206
v -4.205507 7.169851 2.328620
v -4.031421 7.423157 2.460919
v -4.179735 7.169537 2.302314
v -4.304261 6.889977 2.230749
v -4.031421 7.423157 2.460919
v -4.470737 6.888479 2.230225
v -4.340920 6.576541 2.197064
v -4.624622 6.576770 2.197087
v -4.470737 6.575311 2.196941
v -3.814141 7.631040 2.675566
v -3.814141 7.631040 2.158925
v -4.031421 7.423157 2.158925
v -4.179735 7.169537 2.302314
v -3.551716 7.785511 2.158925
v -4.180469 7.167824 2.158925
v -3.551716 7.785511 2.902314
v -3.313868 7.880634 2.158925
v -3.584083 7.785511 2.933976
v -3.313868 7.880634 3.153423
v -3.346536 7.880634 3.187111
v -2.990158 7.912753 2.158925
v -2.663897 7.880634 3.153600
v -2.663897 7.880634 2.158925
v -2.631049 7.880634 3.187111
v -2.422277 7.785511 2.902354
v -2.422277 7.785511 2.158925
v -2.389913 7.785511 2.933976
v -2.163809 7.631040 2.675385
v -2.163809 7.631040 2.158925
v -1.956198 7.423157 2.460809
v -1.956198 7.423157 2.158925
v -1.807232 7.169851 2.302473
v -1.807232 7.169851 2.158925
v -2.132987 7.631040 2.705196
v -1.700220 6.880856 2.203005
v -1.700220 6.880856 2.158925
v -1.675545 6.880856 2.227560
v -1.781264 7.169851 2.328620
v -1.659918 6.567279 2.172140
v -1.659918 6.567279 2.158925
v -1.505857 7.785511 2.933976
v -1.505857 7.880634 3.187111
v -1.505857 7.631040 2.705196
v -0.621798 7.785511 2.933976
v -1.928372 7.423157 2.489206
v -2.163809 7.631040 2.675385
v -1.956198 7.423157 2.460809
v -0.878726 7.631040 2.705196
v -1.055513 7.423157 2.460809
v -0.847903 7.631040 2.675385
v -1.083341 7.423157 2.489206
v -0.847903 7.631040 2.675385
v -1.505857 7.423157 2.489206
v -1.230449 7.169851 2.328620
v -1.055513 7.423157 2.460809
v -1.204481 7.169851 2.302473
v -1.781264 7.169851 2.328620
v -1.956198 7.423157 2.460809
v -1.807232 7.169851 2.302473
v -1.505857 7.169851 2.328620
v -1.675545 6.880856 2.227560
v -1.336167 6.880856 2.227560
v -1.505857 6.880856 2.227560
v -1.635847 6.567279 2.196136
v -1.700220 6.880856 2.203005
v -1.659918 6.567279 2.172140
v -1.505857 6.567279 2.196136
v -1.375867 6.567279 2.196136
v -1.351795 6.567279 2.172140
v -1.311492 6.880856 2.203005
v -1.505857 7.912753 3.513220
v -2.956464 7.912752 3.513219
v -2.631262 7.880634 3.839333
v -1.505857 7.880634 3.839333
v -0.380401 7.880634 3.839333
v -0.024851 7.912686 3.513219
v -0.024851 7.912557 3.548281
v -0.380612 7.880634 3.187111
v -0.024851 7.912557 3.478157
v -0.347817 7.880634 3.153548
v -0.024851 7.912429 2.158925
v -0.347817 7.880634 2.158925
v -0.589436 7.785511 2.902354
v -0.589437 7.785511 2.158925
v -0.847903 7.631040 2.158925
v -1.055513 7.423157 2.460809
v -1.055513 7.423157 2.158925
v -1.204481 7.169851 2.302473
v -1.204481 7.169851 2.158925
v -1.311492 6.880856 2.203005
v -1.230449 7.169851 2.328620
v -1.336167 6.880856 2.227560
v -1.311492 6.880856 2.158925
v -1.351795 6.567279 2.172140
v -1.351795 6.567279 2.158925
v -0.347817 7.880634 4.908746
v -0.589436 7.785511 4.908746
v -0.589436 7.785511 4.133193
v -0.347817 7.880634 3.873177
v -0.024851 7.912429 4.908746
v -0.854779 7.625397 4.373392
v -0.847903 7.631040 4.908746
v -1.059107 7.418780 4.568417
v -0.885933 7.625119 4.344152
v -1.087292 7.418443 4.540492
v -1.055513 7.423157 4.908746
v -1.205368 7.167297 4.735258
v -1.204481 7.169851 4.908746
v -1.336372 6.879389 4.816890
v -1.231377 7.166924 4.709012
v -1.311654 6.879776 4.841433
v -1.311492 6.880856 4.908746
v -1.351795 6.567279 4.867668
v -1.351795 6.567279 4.908746
v -1.336372 6.879389 4.816890
v -1.375867 6.567279 4.843705
v -4.279770 6.889535 2.206109
v -4.205507 7.169851 2.328620
v -4.304261 6.889977 2.230749
v -4.280105 6.888266 2.158925
v -4.316889 6.576412 2.173035
v -4.316911 6.576203 2.158925
v -4.304261 6.889977 2.230749
v -4.340920 6.576541 2.197064
v -10.884804 6.870883 1.512514
v -10.918015 6.567279 1.558006
v -10.951468 6.567279 1.558007
v -10.951468 6.880856 1.511020
v -10.951468 7.169851 1.410692
v -10.764390 7.158930 1.414483
v -10.951468 7.423157 1.202809
v -10.567556 7.423157 1.202808
v -10.759707 7.169851 2.328620
v -10.567556 7.423157 2.489206
v -10.951468 7.423157 2.489206
v -10.951468 7.169851 2.328621
v -10.879705 6.890199 2.230827
v -10.951468 6.880857 2.227560
v -10.916978 6.576770 2.197087
v -10.951468 6.567280 2.196136
v 6.227874 7.880634 -3.816042
v 5.901613 7.912752 -3.489879
v 5.901613 7.912753 -4.851662
v 6.227874 7.880634 -4.851662
v 5.577902 7.880634 -3.816225
v 5.577902 7.880634 -4.851662
v 5.545440 7.880634 -3.782250
v 5.340054 7.785511 -4.076207
v 5.340054 7.785511 -4.851662
v 5.308107 7.785511 -4.044045
v 5.085835 7.635426 -4.304134
v 5.077629 7.631040 -4.851662
v 4.864896 7.426889 -4.504777
v 4.860348 7.423157 -4.851662
v 5.054905 7.635569 -4.274445
v 4.710621 7.165059 -4.678440
v 4.712171 7.169851 -4.851662
v 4.836947 7.427107 -4.476457
v 4.607922 6.876643 -4.784209
v 4.608167 6.880857 -4.851662
v 4.583278 6.875262 -4.759902
v 4.684576 7.164464 -4.652342
v 4.573956 6.567940 -4.810530
v 4.573883 6.567279 -4.851662
v 4.583278 6.875262 -4.759902
v 4.549974 6.568302 -4.786532
v 4.421035 7.785511 -4.044044
v 4.421035 7.633632 -4.277423
v 4.421035 7.880634 -3.782248
v 3.533961 7.785511 -4.044045
v 3.787164 7.635569 -4.274445
v 4.005120 7.427107 -4.476457
v 4.421035 7.425807 -4.477700
v 4.684576 7.164464 -4.652342
v 4.864896 7.426889 -4.504777
v 4.710621 7.165059 -4.678440
v 4.421035 7.165742 -4.651981
v 4.583278 6.875262 -4.759902
v 4.157492 7.164464 -4.652342
v 3.977172 7.426889 -4.504777
v 4.131447 7.165059 -4.678440
v 4.258790 6.875262 -4.759902
v 4.421035 6.876160 -4.759865
v 4.549974 6.568302 -4.786532
v 4.292095 6.568302 -4.786532
v 4.421035 6.568166 -4.786543
v 3.977172 7.426889 -4.504777
v 3.756233 7.635426 -4.304134
v 3.764439 7.631040 -4.851662
v 3.981720 7.423157 -4.851662
v 4.131447 7.165059 -4.678440
v 3.502014 7.785511 -4.851662
v 4.129898 7.169851 -4.851662
v 3.502014 7.785511 -4.076207
v 3.264166 7.880634 -4.851662
v 4.234146 6.876643 -4.784209
v 3.264166 7.880634 -3.816225
v 4.157492 7.164464 -4.652342
v 4.258790 6.875262 -4.759902
v 4.233902 6.880857 -4.851662
v 4.268185 6.567279 -4.851662
v 4.268113 6.567940 -4.810530
v 4.258790 6.875262 -4.759902
v 4.292095 6.568302 -4.786532
v 2.940456 7.912753 -4.851662
v 3.296628 7.880634 -3.782250
v 2.940456 7.912752 -3.489879
v 4.421035 7.912753 -3.456137
v 2.974019 7.912752 -3.456135
v 2.614194 7.880634 -3.816042
v 2.614194 7.880634 -4.851662
v 2.940456 7.912752 -3.456135
v 2.372575 7.785511 -4.076110
v 2.372575 7.785511 -4.851662
v 3.296835 7.880634 -3.130028
v 2.906763 7.912752 -3.456135
v 2.107231 7.625397 -4.316308
v 2.114108 7.631040 -4.851662
v 2.340611 7.785511 -4.044045
v 1.902903 7.418780 -4.511334
v 1.906497 7.423157 -4.851662
v 2.076077 7.625119 -4.287069
v 1.874719 7.418443 -4.483409
v 1.756643 7.167297 -4.678174
v 1.757529 7.169851 -4.851662
v 2.076077 7.625119 -4.287069
v 1.650356 6.879776 -4.784350
v 1.650518 6.880856 -4.851662
v 1.625638 6.879389 -4.759806
v 1.730634 7.166924 -4.651928
v 1.610216 6.567279 -4.810584
v 1.610216 6.567279 -4.851662
v 1.625638 6.879389 -4.759806
v 1.586144 6.567279 -4.786621
v 1.456155 7.785511 -4.044045
v 1.456155 7.625744 -4.286470
v 1.874719 7.418443 -4.483409
v 0.836231 7.625119 -4.287069
v 1.037589 7.418443 -4.483409
v 0.571697 7.785511 -4.044045
v 1.456155 7.418782 -4.483180
v 1.181675 7.166924 -4.651928
v 1.009405 7.418780 -4.511334
v 1.155666 7.167297 -4.678174
v 1.730634 7.166924 -4.651928
v 1.902903 7.418780 -4.511334
v 1.756643 7.167297 -4.678174
v 1.456155 7.167053 -4.651879
v 1.625638 6.879389 -4.759806
v 1.286670 6.879389 -4.759806
v 1.456155 6.879430 -4.759803
v 1.586144 6.567279 -4.786621
v 1.326164 6.567279 -4.786621
v 1.456155 6.567279 -4.786621
v 6.469493 7.785511 -4.076110
v 6.469493 7.785511 -4.851662
v 6.734838 7.625397 -4.316308
v 6.727961 7.631040 -4.851662
v 6.501456 7.785511 -4.044045
v 6.939165 7.418780 -4.511334
v 6.935572 7.423157 -4.851662
v 7.085425 7.167297 -4.678174
v 7.084538 7.169851 -4.851662
v 6.765992 7.625119 -4.287069
v 6.967349 7.418443 -4.483409
v 7.191711 6.879776 -4.784350
v 7.111434 7.166924 -4.651928
v 7.216430 6.879389 -4.759806
v 7.191549 6.880856 -4.851662
v 7.231852 6.567279 -4.810584
v 7.231852 6.567279 -4.851662
v 7.216430 6.879389 -4.759806
v 7.255925 6.567279 -4.786621
v 7.515266 7.785511 -4.044045
v 7.515266 7.625874 -4.286346
v 7.515266 7.418886 -4.483110
v 7.515266 7.880634 -3.782250
v 7.111434 7.166924 -4.651928
v 6.939165 7.418780 -4.511334
v 7.085425 7.167297 -4.678174
v 8.119752 7.418443 -4.483409
v 7.918078 7.166924 -4.651928
v 8.367084 7.625117 -4.287070
v 8.150277 7.418770 -4.510576
v 7.515266 7.167112 -4.651857
v 7.216430 6.879389 -4.759806
v 7.820832 6.879389 -4.759806
v 7.945107 7.167292 -4.677869
v 7.845506 6.879776 -4.784359
v 7.515266 6.879462 -4.759801
v 7.774540 6.567279 -4.786621
v 7.255925 6.567279 -4.786621
v 7.515266 6.567279 -4.786621
v 8.661185 7.785511 -4.044045
v 8.400297 7.625388 -4.315454
v 8.974956 7.880634 -3.782250
v 8.407185 7.631040 -4.851662
v 8.153879 7.423157 -4.851662
v 8.696179 7.785511 -4.851662
v 7.945107 7.167292 -4.677869
v 8.119752 7.418443 -4.483409
v 7.918078 7.166924 -4.651928
v 7.945996 7.169851 -4.851662
v 7.845506 6.879776 -4.784359
v 7.845668 6.880856 -4.851662
v 7.798681 6.567279 -4.810584
v 7.798681 6.567279 -4.851662
v 7.820832 6.879389 -4.759806
v 7.774540 6.567279 -4.786621
v 8.696179 7.785511 -4.074041
v 9.009756 7.880634 -4.851662
v 9.009756 7.880634 -3.814336
v 9.335867 7.912753 -4.851662
v 9.335867 7.912752 -3.489821
v 9.302181 7.912752 -3.456135
v 9.661977 7.880634 -3.814336
v 9.661977 7.880634 -4.851662
v 9.975554 7.785511 -4.074061
v 9.975554 7.785511 -4.851662
v 9.369552 7.912752 -3.456135
v 10.256332 7.635432 -4.303343
v 10.264548 7.631040 -4.851662
v 9.696778 7.880634 -3.782250
v 10.010576 7.785511 -4.044045
v 10.513298 7.426895 -4.504156
v 10.517855 7.423157 -4.851662
v 10.711554 7.165053 -4.678196
v 10.710001 7.169851 -4.851662
v 10.834256 6.876643 -4.784187
v 10.834010 6.880857 -4.851662
v 10.868313 6.567279 -4.851662
v 10.868241 6.567940 -4.810530
v 10.289292 7.635426 -4.274665
v 10.543251 7.426880 -4.476674
v 10.901765 7.785511 -4.044044
v 10.901765 7.631040 -4.281405
v 10.901765 7.880634 -3.782248
v 10.901765 7.912753 -3.456138
v 10.901765 7.423157 -4.480234
v 10.513298 7.426895 -4.504156
v 10.711554 7.165053 -4.678196
v 10.738305 7.165108 -4.652160
v 10.901765 7.169851 -4.650825
v 10.834256 6.876643 -4.784187
v 10.711554 7.165053 -4.678196
v 10.858679 6.877194 -4.759824
v 10.901765 6.880856 -4.759680
v 10.892302 6.567574 -4.786595
v 10.901765 6.567279 -4.786621
v 10.868241 6.567940 -4.810530
v 10.834256 6.876643 -4.784187
v 9.697071 7.880634 -3.130028
v 10.901765 7.880634 -3.130028
v 9.335867 7.912752 -3.456135
v 9.335867 7.912752 -3.422449
v 10.011105 7.785511 -2.876892
v 10.901765 7.785511 -2.876893
v 10.297421 7.631040 -2.648112
v 10.901765 7.631040 -2.648113
v 10.547627 7.423157 -2.432122
v 10.901765 7.423157 -2.432123
v 10.517855 7.423157 -2.404464
v 10.264548 7.631040 -2.619255
v 9.975554 7.785511 -2.847251
v 9.661977 7.880634 -3.098147
v 10.264548 7.631040 -0.923416
v 10.517855 7.423157 -1.174991
v 10.714553 7.159247 -1.383888
v 10.710135 7.169540 -2.245498
v 10.295544 7.631040 -0.892419
v 10.546725 7.423157 -1.145725
v 10.901765 7.631039 -0.892420
v 10.901765 7.423157 -1.145726
v 10.901765 7.785511 -0.603424
v 10.007991 7.785511 -0.603424
v 10.901765 7.880633 -0.289848
v 9.975554 7.785511 -0.635860
v 9.695342 7.880634 -0.289845
v 10.901765 7.911993 0.028542
v 9.377271 7.911993 0.028542
v 9.661977 7.880634 -0.323210
v 9.335867 7.912753 0.028542
v 9.009756 7.880634 -0.323211
v 9.294462 7.911993 0.028542
v 9.009756 7.880634 -3.098147
v 8.976391 7.880634 -0.289845
v 7.515267 7.911993 0.028542
v 7.515266 7.880634 -0.289845
v 8.663743 7.785511 -0.603424
v 7.515266 7.785511 -0.603424
v 8.696179 7.785511 -0.635860
v 8.376188 7.631040 -0.892419
v 7.515266 7.631040 -0.892420
v 8.124668 7.423157 -1.145725
v 7.515266 7.423157 -1.145725
v 8.407185 7.631040 -0.923416
v 8.153879 7.423157 -1.174937
v 7.919340 7.169851 -1.353608
v 8.153879 7.423157 -1.174937
v 7.945996 7.169851 -1.380264
v 7.515266 7.169851 -1.353608
v 7.821040 6.880856 -1.453936
v 7.945996 7.169851 -1.380264
v 7.845668 6.880856 -1.478564
v 7.515266 6.880856 -1.453936
v 7.774544 6.567279 -1.500923
v 7.515266 6.567279 -1.500923
v 7.845668 6.880856 -1.478564
v 7.798681 6.567279 -1.525060
v 8.407185 7.631040 -2.619255
v 8.696179 7.785511 -2.847251
v 8.153879 7.423157 -2.404547
v 7.945996 7.169851 -1.380264
v 8.974663 7.880634 -3.130028
v 8.660628 7.785511 -2.876892
v 8.374312 7.631040 -2.648112
v 7.945996 7.169851 -2.245679
v 7.845668 6.880856 -1.478564
v 8.123744 7.423157 -2.432122
v 7.918978 7.169851 -2.271537
v 7.845668 6.880856 -2.145913
v 7.798681 6.567279 -1.525060
v 7.798681 6.567279 -2.115058
v 7.821040 6.880856 -2.170476
v 7.774540 6.567279 -2.139052
v 8.123744 7.423157 -2.432122
v 7.515266 7.631040 -2.648112
v 7.515266 7.785511 -2.876892
v 7.515266 7.423157 -2.432122
v 7.515266 7.880634 -3.130028
v 7.918978 7.169851 -2.271537
v 6.501856 7.785511 -2.876892
v 7.945996 7.169851 -2.245679
v 7.845668 6.880856 -2.145913
v 7.821040 6.880856 -2.170476
v 7.515266 7.169851 -2.271537
v 7.110506 7.169851 -2.271537
v 7.515266 6.880856 -2.170476
v 7.774540 6.567279 -2.139052
v 7.515266 6.567279 -2.139052
v 7.255925 6.567279 -2.139052
v 7.216225 6.880856 -2.170476
v 7.191549 6.880856 -2.145921
v 7.231852 6.567279 -2.115057
v 7.084538 7.169851 -2.245389
v 6.935572 7.423157 -2.403726
v 6.963398 7.423157 -2.432122
v 6.758784 7.631040 -2.648112
v 6.727961 7.631040 -2.618302
v 6.935572 7.423157 -2.403726
v 6.727961 7.631040 -2.101842
v 6.935572 7.423157 -2.101842
v 6.469493 7.785511 -2.101842
v 7.084538 7.169851 -2.245389
v 7.084538 7.169851 -2.101842
v 6.469493 7.785511 -2.845271
v 6.227874 7.880634 -2.101842
v 7.191549 6.880856 -2.145921
v 7.191549 6.880856 -2.101842
v 7.216225 6.880856 -2.170476
v 7.110506 7.169851 -2.271537
v 7.231852 6.567279 -2.115057
v 7.231852 6.567279 -2.101842
v 6.227874 7.880634 -3.096517
v 5.901613 7.912753 -2.101842
v 6.260720 7.880634 -3.130028
v 5.901613 7.912752 -3.422392
v 5.577902 7.880634 -3.096339
v 5.577902 7.880634 -2.101842
v 5.901613 7.912752 -3.456135
v 7.515266 7.912753 -3.456137
v 5.935306 7.912752 -3.456135
v 6.260509 7.880634 -3.782250
v 5.868050 7.912752 -3.456135
v 5.545233 7.880634 -3.130028
v 4.421035 7.880634 -3.130028
v 5.307688 7.785511 -2.876892
v 5.340054 7.785511 -2.845230
v 5.340054 7.785511 -2.101842
v 5.077629 7.631040 -2.618482
v 5.077629 7.631040 -2.101842
v 4.860348 7.423157 -2.403836
v 4.860348 7.423157 -2.101842
v 4.712035 7.169537 -2.245231
v 4.711301 7.167824 -2.101842
v 5.046460 7.631040 -2.648112
v 4.832324 7.423157 -2.432122
v 4.612000 6.889535 -2.149025
v 4.686265 7.169851 -2.271537
v 4.587509 6.889977 -2.173665
v 4.611664 6.888266 -2.101842
v 4.574881 6.576412 -2.115952
v 4.574859 6.576203 -2.101842
v 4.587509 6.889977 -2.173665
v 4.550850 6.576541 -2.139980
v 4.421035 7.785511 -2.876892
v 4.421035 7.631040 -2.648113
v 3.534381 7.785511 -2.876892
v 3.795608 7.631040 -2.648112
v 4.421035 7.423157 -2.432122
v 4.009744 7.423157 -2.432122
v 3.764439 7.631040 -2.618482
v 4.686265 7.169851 -2.271537
v 4.860348 7.423157 -2.403836
v 4.712035 7.169537 -2.245231
v 4.421035 7.169851 -2.271537
v 4.587509 6.889977 -2.173665
v 4.155804 7.169851 -2.271537
v 3.981720 7.423157 -2.403836
v 4.130032 7.169537 -2.245231
v 4.254560 6.889977 -2.173665
v 4.421035 6.888479 -2.173142
v 4.550850 6.576541 -2.139980
v 4.291218 6.576541 -2.139980
v 4.421035 6.575311 -2.139857
v 3.981720 7.423157 -2.403836
v 3.764439 7.631040 -2.101842
v 3.981720 7.423157 -2.101842
v 3.502014 7.785511 -2.101842
v 4.130032 7.169537 -2.245231
v 4.130768 7.167824 -2.101842
v 3.502014 7.785511 -2.845230
v 3.264166 7.880634 -2.101842
v 3.264166 7.880634 -3.096339
v 2.940456 7.912753 -2.101842
v 2.940456 7.912752 -3.422392
v 2.614194 7.880634 -3.096517
v 2.614194 7.880634 -2.101842
v 2.372575 7.785511 -2.845271
v 2.372575 7.785511 -2.101842
v 2.340212 7.785511 -2.876892
v 2.114108 7.631040 -2.618302
v 2.114108 7.631040 -2.101842
v 1.906497 7.423157 -2.403726
v 1.906497 7.423157 -2.101842
v 1.757529 7.169851 -2.245389
v 1.757529 7.169851 -2.101842
v 1.650518 6.880856 -2.145921
v 1.731562 7.169851 -2.271537
v 1.625843 6.880856 -2.170476
v 1.650518 6.880856 -2.101842
v 1.610216 6.567279 -2.115057
v 1.610216 6.567279 -2.101842
v 2.083285 7.631040 -2.648112
v 2.114108 7.631040 -2.618302
v 1.906497 7.423157 -2.403726
v 1.878671 7.423157 -2.432122
v 1.456155 7.785511 -2.876892
v 1.456155 7.631040 -2.648112
v 1.456155 7.423157 -2.432122
v 0.829023 7.631040 -2.648112
v 1.731562 7.169851 -2.271537
v 1.906497 7.423157 -2.403726
v 1.757529 7.169851 -2.245389
v 1.456155 7.169851 -2.271537
v 1.033639 7.423157 -2.432122
v 0.798201 7.631040 -2.618302
v 1.005812 7.423157 -2.403726
v 1.180747 7.169851 -2.271537
v 1.005812 7.423157 -2.403726
v 1.154779 7.169851 -2.245389
v 1.286465 6.880856 -2.170476
v 1.625843 6.880856 -2.170476
v 1.456155 6.880856 -2.170476
v 1.326164 6.567279 -2.139052
v 1.261790 6.880856 -2.145921
v 1.302093 6.567279 -2.115057
v 1.456155 6.567279 -2.139052
v 1.586144 6.567279 -2.139052
v 1.610216 6.567279 -2.115057
v 1.650518 6.880856 -2.145921
v 2.581348 7.880634 -3.130028
v 1.456155 7.880634 -3.130028
v 1.456155 7.912753 -3.456137
v 0.572096 7.785511 -2.876892
v 0.798201 7.631040 -2.618302
v 0.330910 7.880634 -3.130028
v 0.539734 7.785511 -2.845271
v 0.298115 7.880634 -3.096465
v 0.539735 7.785511 -2.101842
v 0.798201 7.631040 -2.101842
v 0.298115 7.880634 -2.101842
v 1.005812 7.423157 -2.403726
v -0.024851 7.912429 -2.101842
v 1.005812 7.423157 -2.101842
v -0.024851 7.912557 -3.421074
v -0.024851 7.912686 -3.456135
v 1.154779 7.169851 -2.245389
v 1.154779 7.169851 -2.101842
v 1.261790 6.880856 -2.145921
v 1.261790 6.880856 -2.101842
v 1.286465 6.880856 -2.170476
v 1.180747 7.169851 -2.271537
v 1.302093 6.567279 -2.115057
v 1.302093 6.567279 -2.101842
v 0.330699 7.880634 -3.782250
v -0.024851 7.912557 -3.491196
v 0.298115 7.880634 -3.816094
v -0.024851 7.912429 -4.851662
v 0.298115 7.880634 -4.851662
v 0.539734 7.785511 -4.076110
v 0.539734 7.785511 -4.851662
v 0.805077 7.625397 -4.316308
v 0.798201 7.631040 -4.851662
v 1.009405 7.418780 -4.511334
v 0.836231 7.625119 -4.287069
v 1.037589 7.418443 -4.483409
v 1.005812 7.423157 -4.851662
v 1.155666 7.167297 -4.678174
v 1.154779 7.169851 -4.851662
v 1.261951 6.879776 -4.784350
v 1.181675 7.166924 -4.651928
v 1.286670 6.879389 -4.759806
v 1.261790 6.880856 -4.851662
v 1.302093 6.567279 -4.810584
v 1.302093 6.567279 -4.851662
v 1.286670 6.879389 -4.759806
v 1.326164 6.567279 -4.786621
v 2.581560 7.880634 -3.782250
v 1.456155 7.880634 -3.782250
v 4.230068 6.889535 -2.149025
v 4.254560 6.889977 -2.173665
v 4.155804 7.169851 -2.271537
v 4.230403 6.888266 -2.101842
v 4.267187 6.576412 -2.115952
v 4.267210 6.576203 -2.101842
v 4.291218 6.576541 -2.139980
v 4.254560 6.889977 -2.173665
v 10.859035 6.874464 -1.454895
v 10.892330 6.567279 -1.500923
v 10.901765 6.567279 -1.500923
v 10.901765 6.880856 -1.453936
v 10.834927 6.871539 -1.479855
v 10.868275 6.567637 -1.525010
v 10.901765 7.169851 -1.353608
v 10.740562 7.160440 -1.356876
v 10.901765 7.423157 -1.145726
v 10.546725 7.423157 -1.145725
v 10.517855 7.423157 -1.174991
v 10.714553 7.159247 -1.383888
v 10.737030 7.169851 -2.271537
v 10.547627 7.423157 -2.432122
v 10.901765 7.423157 -2.432123
v 10.901765 7.169851 -2.271537
v 10.710135 7.169540 -2.245498
v 10.517855 7.423157 -2.404464
v 10.855814 6.886840 -2.172568
v 10.901765 6.880857 -2.170476
v 10.892130 6.569931 -2.139318
v 10.901765 6.567280 -2.139053
v 10.867314 6.576412 -2.115952
v 10.830177 6.889535 -2.149057
v 10.830177 6.889535 -2.149057
v 10.737030 7.169851 -2.271537
v 10.855814 6.886840 -2.172568
v 10.834927 6.871539 -1.479855
v 10.740562 7.160440 -1.356876
v 10.859035 6.874464 -1.454895
v 10.867314 6.576412 -2.115952
v 10.868275 6.567637 -1.525010
v -6.277575 7.880634 -3.782250
v -6.277575 7.880634 -4.851662
v -5.951315 7.912753 -4.851662
v -6.519195 7.785511 -4.044045
v -6.519195 7.785511 -4.851662
v -5.951315 7.912752 -3.456135
v -6.784915 7.625088 -4.287098
v -6.777663 7.631040 -4.851662
v -7.564968 7.880634 -3.782250
v -6.989162 7.418420 -4.483424
v -6.985274 7.423157 -4.851662
v -7.564968 7.785511 -4.044045
v -7.135261 7.166911 -4.651933
v -7.134241 7.169851 -4.851662
v -7.241473 6.879383 -4.759807
v -7.241252 6.880856 -4.851662
v -7.281554 6.567279 -4.786621
v -7.281554 6.567279 -4.851662
v -7.564968 7.625874 -4.286346
v -7.564968 7.418886 -4.483110
v -7.135261 7.166911 -4.651933
v -8.449635 7.625088 -4.287098
v -7.564968 7.167112 -4.651857
v -7.241473 6.879383 -4.759807
v -7.994678 7.166911 -4.651933
v -7.895149 6.879383 -4.759807
v -8.199693 7.418420 -4.483424
v -7.564968 6.879462 -4.759801
v -7.281554 6.567279 -4.786621
v -7.848382 6.567279 -4.786621
v -7.564968 6.567279 -4.786621
v -8.456887 7.631040 -4.851662
v -8.203580 7.423157 -4.851662
v -7.994678 7.166911 -4.651933
v -8.745882 7.785511 -4.851662
v -7.995698 7.169851 -4.851662
v -7.895149 6.879383 -4.759807
v -7.895370 6.880856 -4.851662
v -7.848382 6.567279 -4.786621
v -7.848382 6.567279 -4.851662
v -8.745882 7.785511 -4.044045
v -9.059460 7.880634 -4.851662
v -9.059460 7.880634 -3.782250
v -9.385569 7.912753 -4.851662
v -7.564968 7.912753 -3.456137
v -9.385569 7.912752 -3.456135
v -9.711679 7.880634 -3.782250
v -9.711679 7.880634 -4.851662
v -10.025257 7.785511 -4.044045
v -10.025257 7.785511 -4.851662
v -10.951468 7.880634 -3.782248
v -10.951468 7.912753 -3.456138
v -10.951468 7.785511 -4.044044
v -9.711679 7.880634 -3.130028
v -10.305597 7.635665 -4.274298
v -10.314250 7.631040 -4.851662
v -10.951468 7.631040 -4.281405
v -10.562636 7.427195 -4.476371
v -10.567556 7.423157 -4.851662
v -10.951468 7.423157 -4.480234
v -10.761488 7.164340 -4.652377
v -10.761488 7.164340 -4.652377
v -10.759707 7.169851 -4.851662
v -10.951468 7.169851 -4.650825
v -10.884046 6.875126 -4.759906
v -10.884046 6.875126 -4.759906
v -10.883714 6.880857 -4.851662
v -10.917900 6.568327 -4.786530
v -10.918015 6.567279 -4.851662
v -10.951468 6.880856 -4.759680
v -10.917900 6.568327 -4.786530
v -10.951468 6.567279 -4.786621
v -4.623699 6.568327 -4.786530
v -4.470737 6.568166 -4.786543
v -4.470737 6.876160 -4.759865
v -4.341796 6.568302 -4.786532
v -4.657535 6.875126 -4.759906
v -4.308492 6.875262 -4.759902
v -4.470737 7.165742 -4.651981
v -4.760091 7.164340 -4.652377
v -4.207194 7.164464 -4.652342
v -4.470737 7.425807 -4.477700
v -4.914971 7.427195 -4.476371
v -4.181150 7.165059 -4.678440
v -4.026874 7.426889 -4.504777
v -4.054822 7.427107 -4.476457
v -4.470737 7.633632 -4.277423
v -3.836866 7.635569 -4.274445
v -4.026874 7.426889 -4.504777
v -5.135983 7.635665 -4.274298
v -4.470737 7.785511 -4.044044
v -5.127331 7.631040 -4.851662
v -4.910052 7.423157 -4.851662
v -4.760091 7.164340 -4.652377
v -5.389756 7.785511 -4.851662
v -4.761874 7.169851 -4.851662
v -4.657535 6.875126 -4.759906
v -4.657868 6.880857 -4.851662
v -4.623699 6.568327 -4.786530
v -4.623585 6.567279 -4.851662
v -5.389756 7.785511 -4.044045
v -5.627604 7.880634 -4.851662
v -5.627604 7.880634 -3.782250
v -4.470737 7.880634 -3.782248
v -3.583663 7.785511 -4.044045
v -4.470737 7.912753 -3.456137
v -3.346330 7.880634 -3.782250
v -3.805936 7.635426 -4.304134
v -3.814141 7.631040 -4.851662
v -4.031421 7.423157 -4.851662
v -3.551716 7.785511 -4.851662
v -4.181150 7.165059 -4.678440
v -4.179599 7.169851 -4.851662
v -3.551716 7.785511 -4.076207
v -3.313868 7.880634 -4.851662
v -3.313868 7.880634 -3.816225
v -2.990158 7.912753 -4.851662
v -2.990158 7.912752 -3.489879
v -4.207194 7.164464 -4.652342
v -4.308492 6.875262 -4.759902
v -4.283849 6.876643 -4.784209
v -4.283604 6.880857 -4.851662
v -4.317815 6.567940 -4.810530
v -4.317887 6.567279 -4.851662
v -4.308492 6.875262 -4.759902
v -4.341796 6.568302 -4.786532
v -2.663897 7.880634 -3.816042
v -2.663897 7.880634 -4.851662
v -2.990158 7.912752 -3.456135
v -3.023721 7.912752 -3.456135
v -2.422277 7.785511 -4.076110
v -2.422277 7.785511 -4.851662
v -2.390314 7.785511 -4.044045
v -2.156933 7.625397 -4.316308
v -2.163809 7.631040 -4.851662
v -1.952606 7.418780 -4.511334
v -1.956198 7.423157 -4.851662
v -2.125778 7.625119 -4.287069
v -1.924421 7.418443 -4.483409
v -1.806346 7.167297 -4.678174
v -1.807232 7.169851 -4.851662
v -2.125778 7.625119 -4.287069
v -1.700058 6.879776 -4.784350
v -1.780336 7.166924 -4.651928
v -1.675340 6.879389 -4.759806
v -1.700220 6.880856 -4.851662
v -1.659918 6.567279 -4.810584
v -1.659918 6.567279 -4.851662
v -1.675340 6.879389 -4.759806
v -1.635847 6.567279 -4.786621
v -1.505857 7.785511 -4.044045
v -1.505857 7.625744 -4.286470
v -1.924421 7.418443 -4.483409
v -0.885933 7.625119 -4.287069
v -1.087292 7.418443 -4.483409
v -0.621399 7.785511 -4.044045
v -1.505857 7.418782 -4.483180
v -1.231377 7.166924 -4.651928
v -1.059107 7.418780 -4.511334
v -1.205368 7.167297 -4.678174
v -1.780336 7.166924 -4.651928
v -1.952606 7.418780 -4.511334
v -1.806346 7.167297 -4.678174
v -1.505857 7.167053 -4.651879
v -1.675340 6.879389 -4.759806
v -1.336372 6.879389 -4.759806
v -1.505857 6.879430 -4.759803
v -1.635847 6.567279 -4.786621
v -1.375867 6.567279 -4.786621
v -1.505857 6.567279 -4.786621
v -5.627604 7.880634 -3.130028
v -5.951315 7.912753 -2.101842
v -5.627604 7.880634 -2.101842
v -6.277575 7.880634 -3.130028
v -6.277575 7.880634 -2.101842
v -6.519195 7.785511 -2.876892
v -6.519195 7.785511 -2.101842
v -7.564968 7.880634 -3.130028
v -9.059460 7.880634 -3.130028
v -6.777663 7.631040 -2.648112
v -6.777663 7.631040 -2.101842
v -7.564968 7.785511 -2.876892
v -8.745882 7.785511 -2.876892
v -6.985274 7.423157 -2.432122
v -6.985274 7.423157 -2.101842
v -7.134241 7.169851 -2.271537
v -7.134241 7.169851 -2.101842
v -7.241252 6.880856 -2.170476
v -7.241252 6.880856 -2.101842
v -7.281554 6.567279 -2.139052
v -7.281554 6.567279 -2.101842
v -7.564968 7.631040 -2.648112
v -7.564968 7.423157 -2.432122
v -7.134241 7.169851 -2.271537
v -8.456887 7.631040 -2.648112
v -8.203580 7.423157 -2.432122
v -7.995698 7.169851 -2.271537
v -7.564968 7.169851 -2.271537
v -7.241252 6.880856 -2.170476
v -7.895370 6.880856 -2.170476
v -7.564968 6.880856 -2.170476
v -7.281554 6.567279 -2.139052
v -7.848382 6.567279 -2.139052
v -7.564968 6.567279 -2.139052
v -8.456887 7.631040 -0.892419
v -8.203580 7.423157 -1.145725
v -7.995698 7.169851 -1.353608
v -7.995698 7.169851 -2.271537
v -7.895370 6.880856 -1.453936
v -7.895370 6.880856 -2.170476
v -7.848382 6.567279 -1.500923
v -7.848382 6.567279 -2.139052
v -7.564968 7.631040 -0.892420
v -7.564968 7.423157 -1.145725
v -7.995698 7.169851 -1.353608
v -7.564968 7.785511 -0.603424
v -7.564968 7.169851 -1.353608
v -7.895370 6.880856 -1.453936
v -7.564968 6.880856 -1.453936
v -7.848382 6.567279 -1.500923
v -7.564968 6.567279 -1.500923
v -8.745882 7.785511 -0.603424
v -7.564968 7.880634 -0.289845
v -9.059460 7.880634 -0.289845
v -7.564968 7.911993 0.028542
v -9.377850 7.911993 0.028542
v -9.385569 7.912753 0.028542
v -9.711679 7.880634 -0.289845
v -9.393288 7.911993 0.028542
v -10.951468 7.911993 0.028542
v -10.951468 7.880633 -0.289848
v -10.025257 7.785511 -0.603424
v -10.951468 7.785511 -0.603424
v -10.951468 7.880634 -3.130028
v -10.025257 7.785511 -2.876892
v -10.951468 7.785511 -2.876893
v -10.314250 7.631040 -0.892419
v -10.951468 7.631039 -0.892420
v -10.314250 7.631040 -2.648112
v -10.951468 7.631040 -2.648113
v -10.567556 7.423157 -1.145725
v -10.951468 7.423157 -1.145726
v -10.567556 7.423157 -2.432122
v -10.951468 7.423157 -2.432123
v -10.764390 7.158930 -1.357400
v -10.759707 7.169851 -2.271537
v -10.879705 6.890199 -2.173743
v -10.884804 6.870883 -1.455431
v -10.918015 6.567279 -1.500923
v -10.916978 6.576770 -2.140003
v -4.470737 7.880634 -3.130028
v -3.346536 7.880634 -3.130028
v -5.389756 7.785511 -2.876892
v -5.389756 7.785511 -2.101842
v -3.584083 7.785511 -2.876892
v -3.313868 7.880634 -3.096339
v -5.127331 7.631040 -2.648112
v -5.127331 7.631040 -2.101842
v -4.470737 7.785511 -2.876892
v -4.910052 7.423157 -2.432122
v -4.910052 7.423157 -2.101842
v -4.761874 7.169851 -2.271537
v -4.761003 7.167824 -2.101842
v -4.661879 6.890199 -2.173743
v -4.661367 6.888266 -2.101842
v -4.624622 6.576770 -2.140003
v -4.624561 6.576203 -2.101842
v -4.470737 7.631040 -2.648113
v -4.470737 7.423157 -2.432122
v -4.761874 7.169851 -2.271537
v -3.845310 7.631040 -2.648112
v -4.059446 7.423157 -2.432122
v -4.470737 7.169851 -2.271537
v -4.661879 6.890199 -2.173743
v -4.205507 7.169851 -2.271537
v -4.031421 7.423157 -2.403836
v -4.179735 7.169537 -2.245231
v -4.304261 6.889977 -2.173665
v -4.031421 7.423157 -2.403836
v -4.470737 6.888479 -2.173142
v -4.340920 6.576541 -2.139980
v -4.624622 6.576770 -2.140003
v -4.470737 6.575311 -2.139857
v -3.814141 7.631040 -2.618482
v -3.814141 7.631040 -2.101842
v -4.031421 7.423157 -2.101842
v -3.551716 7.785511 -2.101842
v -4.179735 7.169537 -2.245231
v -4.180469 7.167824 -2.101842
v -3.551716 7.785511 -2.845230
v -3.313868 7.880634 -2.101842
v -2.990158 7.912753 -2.101842
v -4.279770 6.889535 -2.149025
v -4.205507 7.169851 -2.271537
v -4.304261 6.889977 -2.173665
v -4.280105 6.888266 -2.101842
v -4.316889 6.576412 -2.115952
v -4.316911 6.576203 -2.101842
v -4.304261 6.889977 -2.173665
v -4.340920 6.576541 -2.139980
v -2.990158 7.912752 -3.422392
v -2.663897 7.880634 -3.096517
v -2.663897 7.880634 -2.101842
v -2.631049 7.880634 -3.130028
v -2.422277 7.785511 -2.845271
v -2.422277 7.785511 -2.101842
v -2.389913 7.785511 -2.876892
v -2.163809 7.631040 -2.618302
v -2.163809 7.631040 -2.101842
v -1.956198 7.423157 -2.403726
v -1.956198 7.423157 -2.101842
v -1.807232 7.169851 -2.245389
v -1.807232 7.169851 -2.101842
v -2.132987 7.631040 -2.648112
v -1.700220 6.880856 -2.145921
v -1.700220 6.880856 -2.101842
v -1.675545 6.880856 -2.170476
v -1.781264 7.169851 -2.271537
v -1.659918 6.567279 -2.115057
v -1.659918 6.567279 -2.101842
v -1.505857 7.785511 -2.876892
v -1.505857 7.880634 -3.130028
v -1.505857 7.631040 -2.648112
v -0.621798 7.785511 -2.876892
v -1.928372 7.423157 -2.432122
v -2.163809 7.631040 -2.618302
v -1.956198 7.423157 -2.403726
v -0.878726 7.631040 -2.648112
v -1.505857 7.423157 -2.432122
v -0.847903 7.631040 -2.618302
v -1.055513 7.423157 -2.403726
v -1.083341 7.423157 -2.432122
v -0.847903 7.631040 -2.618302
v -1.230449 7.169851 -2.271537
v -1.055513 7.423157 -2.403726
v -1.204481 7.169851 -2.245389
v -1.505857 7.169851 -2.271537
v -1.781264 7.169851 -2.271537
v -1.956198 7.423157 -2.403726
v -1.807232 7.169851 -2.245389
v -1.675545 6.880856 -2.170476
v -1.336167 6.880856 -2.170476
v -1.505857 6.880856 -2.170476
v -1.635847 6.567279 -2.139052
v -1.700220 6.880856 -2.145921
v -1.659918 6.567279 -2.115057
v -1.505857 6.567279 -2.139052
v -1.375867 6.567279 -2.139052
v -1.351795 6.567279 -2.115057
v -1.311492 6.880856 -2.145921
v -2.956464 7.912752 -3.456135
v -1.505857 7.912753 -3.456137
v -2.631262 7.880634 -3.782250
v -1.505857 7.880634 -3.782250
v -0.380401 7.880634 -3.782250
v -0.024851 7.912686 -3.456135
v -0.024851 7.912557 -3.491196
v -0.380612 7.880634 -3.130028
v -0.024851 7.912557 -3.421074
v -0.347817 7.880634 -3.816094
v -0.024851 7.912429 -4.851662
v -0.347817 7.880634 -4.851662
v -0.589436 7.785511 -4.076110
v -0.589436 7.785511 -4.851662
v -0.854779 7.625397 -4.316308
v -0.847903 7.631040 -4.851662
v -1.059107 7.418780 -4.511334
v -0.885933 7.625119 -4.287069
v -1.087292 7.418443 -4.483409
v -1.055513 7.423157 -4.851662
v -1.205368 7.167297 -4.678174
v -1.204481 7.169851 -4.851662
v -1.231377 7.166924 -4.651928
v -1.336372 6.879389 -4.759806
v -1.311654 6.879776 -4.784350
v -1.311492 6.880856 -4.851662
v -1.351795 6.567279 -4.810584
v -1.351795 6.567279 -4.851662
v -1.336372 6.879389 -4.759806
v -1.375867 6.567279 -4.786621
v -0.589436 7.785511 -2.845271
v -0.347817 7.880634 -3.096465
v -0.347817 7.880634 -2.101842
v -0.589437 7.785511 -2.101842
v -0.024851 7.912429 -2.101842
v -0.847903 7.631040 -2.101842
v -1.055513 7.423157 -2.403726
v -1.055513 7.423157 -2.101842
v -1.204481 7.169851 -2.245389
v -1.204481 7.169851 -2.101842
v -1.311492 6.880856 -2.145921
v -1.230449 7.169851 -2.271537
v -1.336167 6.880856 -2.170476
v -1.311492 6.880856 -2.101842
v -1.351795 6.567279 -2.115057
v -1.351795 6.567279 -2.101842
v -10.884804 6.870883 -1.455431
v -10.951468 6.880856 -1.453936
v -10.951468 6.567279 -1.500923
v -10.918015 6.567279 -1.500923
v -10.951468 7.169851 -1.353608
v -10.764390 7.158930 -1.357400
v -10.951468 7.423157 -1.145726
v -10.567556 7.423157 -1.145725
v -10.759707 7.169851 -2.271537
v -10.951468 7.169851 -2.271537
v -10.951468 7.423157 -2.432123
v -10.567556 7.423157 -2.432122
v -10.879705 6.890199 -2.173743
v -10.951468 6.880857 -2.170476
v -10.916978 6.576770 -2.140003
v -10.951468 6.567280 -2.139053
v 7.625406 6.563152 2.111887
v 7.625406 8.385369 2.111887
v 7.382786 6.561675 2.111887
v 7.231546 7.121202 2.111887
v 6.935411 7.385496 2.111887
v 6.597904 8.385369 2.111887
v 6.597904 7.562173 2.111887
v 6.260396 7.385496 2.111887
v 5.902317 8.385369 2.111887
v 5.964261 7.121202 2.111887
v 5.902317 6.892032 2.111887
v 5.840372 7.121202 2.111887
v 5.544238 7.385496 2.111887
v 5.206730 8.385369 2.111887
v 5.206730 7.562173 2.111887
v 4.869221 7.415073 2.111887
v 4.433544 8.385369 2.111887
v 4.573087 7.129881 2.111887
v 4.417639 6.751691 2.111887
v 4.323621 6.968825 2.111887
v 4.106210 7.291132 2.111887
v 3.809543 7.492363 2.111887
v 3.622288 8.385369 2.111887
v 3.622288 7.577218 2.111887
v 3.471236 7.528871 2.111887
v 2.933904 8.385369 2.111887
v 3.147694 7.303789 2.111887
v 2.933904 7.031158 2.111887
v 2.735722 7.224066 2.111887
v 2.487591 7.434257 2.111887
v 2.239459 8.385369 2.111887
v 2.239459 7.537887 2.111887
v 1.953615 7.407719 2.111887
v 1.453092 8.385369 2.111887
v 1.667770 7.142041 2.111887
v 1.453092 6.703995 2.111886
v 1.214407 7.221727 2.111887
v 0.903295 7.438623 2.111887
v 0.664610 8.385369 2.111887
v 0.664610 7.557829 2.111887
v 0.454870 7.451836 2.111886
v -0.050734 8.385369 2.111887
v 0.189637 7.261303 2.111886
v -0.050714 7.025482 2.111886
v -0.291066 7.261303 2.111886
v -0.556299 7.451836 2.111886
v -0.766038 8.385369 2.111887
v -0.766038 7.557829 2.111887
v -1.004724 7.438623 2.111887
v -1.554521 8.385369 2.111887
v -1.274700 7.221727 2.111887
v -1.517998 6.703995 2.111887
v -1.769198 7.142041 2.111887
v -2.055043 7.407719 2.111887
v -2.340888 8.385369 2.111887
v -2.340888 7.537887 2.111887
v -2.589018 7.434257 2.111887
v -3.035333 8.385369 2.111887
v -2.837150 7.224066 2.111887
v -2.976602 7.031158 2.111887
v -3.249122 7.303789 2.111887
v -3.572664 7.528871 2.111887
v -3.723717 8.385369 2.111887
v -3.723717 7.577218 2.111887
v -3.910972 7.492363 2.111887
v -4.534973 8.385369 2.111887
v -4.184018 7.291132 2.111887
v -4.382358 6.968825 2.111887
v -4.466847 6.751691 2.111887
v -4.674516 7.129881 2.111887
v -4.970650 7.415073 2.111887
v -5.308158 8.385369 2.111887
v -5.308158 7.562173 2.111887
v -5.645667 7.385496 2.111887
v -6.003746 8.385369 2.111887
v -5.875225 7.121202 2.111887
v -5.979788 6.892032 2.111887
v -6.065690 7.121202 2.111887
v -6.361824 7.385496 2.111887
v -6.699333 8.385369 2.111887
v -6.699333 7.562173 2.111887
v -7.036841 7.385496 2.111887
v -7.696384 8.385369 2.111887
v -7.288379 7.121202 2.111887
v -7.484215 6.561675 2.111887
v -7.696384 6.563152 2.111887
v 7.625406 6.563152 2.111887
v 7.625406 6.563699 1.680624
v 7.625406 8.385369 2.111887
v 7.625406 6.996885 1.498783
v 7.625406 7.299518 1.265448
v 7.625406 8.385369 0.798777
v 7.625406 7.522916 0.798777
v 7.625406 8.385369 0.021475
v 7.625406 7.299518 0.332107
v 7.625406 6.996885 0.098771
v 7.625406 6.880211 0.021475
v 7.625406 6.996885 -0.055822
v 7.625406 7.299518 -0.289157
v 7.625406 7.522916 -0.755828
v 7.625406 8.385369 -0.755828
v 7.625406 7.299518 -1.222498
v 7.625406 8.385369 -2.054429
v 7.625406 6.996885 -1.455834
v 7.625406 6.563699 -1.616187
v 7.625406 6.563152 -2.054429
v 7.625406 6.563152 -2.054429
v 7.382786 6.561675 -2.054429
v 7.625406 8.385369 -2.054429
v 7.231546 7.121202 -2.054429
v 6.935411 7.385495 -2.054429
v 6.597904 8.385369 -2.054429
v 6.597904 7.562173 -2.054429
v 6.260396 7.385495 -2.054429
v 5.902317 8.385369 -2.054429
v 5.964261 7.121202 -2.054429
v 5.902317 6.892032 -2.054429
v 5.840372 7.121202 -2.054429
v 5.544238 7.385495 -2.054429
v 5.206730 8.385369 -2.054429
v 5.206730 7.562173 -2.054429
v 4.869221 7.415073 -2.054429
v 4.433544 8.385369 -2.054429
v 4.573087 7.129881 -2.054429
v 4.417639 6.751691 -2.054429
v 4.323621 6.968825 -2.054429
v 4.106210 7.291132 -2.054429
v 3.809543 7.492362 -2.054429
v 3.622288 8.385369 -2.054429
v 3.622288 7.577218 -2.054429
v 3.471236 7.528870 -2.054429
v 2.933904 8.385369 -2.054429
v 3.147694 7.303789 -2.054429
v 2.933904 7.031158 -2.054429
v 2.735722 7.224066 -2.054429
v 2.487591 7.434256 -2.054429
v 2.239459 8.385369 -2.054429
v 2.239459 7.537887 -2.054429
v 1.953615 7.407719 -2.054429
v 1.453092 8.385369 -2.054429
v 1.667770 7.142041 -2.054429
v 1.453092 6.703995 -2.054429
v 1.214407 7.221727 -2.054429
v 0.903295 7.438623 -2.054429
v 0.664610 8.385369 -2.054429
v 0.664610 7.557829 -2.054429
v 0.454870 7.451836 -2.054428
v -0.050714 8.385369 -2.054429
v 0.189637 7.261303 -2.054428
v -0.019354 7.025482 -2.054428
v -0.291066 7.261303 -2.054428
v -0.556299 7.451836 -2.054428
v -0.766038 8.385369 -2.054429
v -0.766038 7.557829 -2.054429
v -1.004724 7.438623 -2.054429
v -1.554521 8.385369 -2.054429
v -1.274586 7.221727 -2.054429
v -1.508176 6.703995 -2.054429
v -1.769198 7.142041 -2.054429
v -2.055043 7.407719 -2.054429
v -2.340888 8.385369 -2.054429
v -2.340888 7.537887 -2.054429
v -2.589018 7.434256 -2.054429
v -3.035333 8.385369 -2.054429
v -2.837150 7.224066 -2.054429
v -2.985887 7.031158 -2.054429
v -3.249122 7.303789 -2.054429
v -3.572664 7.528870 -2.054429
v -3.723717 8.385369 -2.054429
v -3.723717 7.577218 -2.054429
v -3.910972 7.492362 -2.054429
v -4.534973 8.385369 -2.054429
v -4.178186 7.291132 -2.054429
v -4.388858 6.968825 -2.054429
v -4.469573 6.751691 -2.054429
v -4.674516 7.129881 -2.054429
v -4.970650 7.415073 -2.054429
v -5.308158 8.385369 -2.054429
v -5.308158 7.562173 -2.054429
v -5.645667 7.385495 -2.054429
v -6.003746 8.385369 -2.054429
v -5.890582 7.121202 -2.054429
v -6.003746 6.892032 -2.054429
v -6.065690 7.121202 -2.054429
v -6.361824 7.385495 -2.054429
v -6.699333 8.385369 -2.054429
v -6.699333 7.562173 -2.054429
v -7.036841 7.385495 -2.054429
v -7.696384 8.385369 -2.054429
v -7.332976 7.121202 -2.054429
v -7.484215 6.561675 -2.054429
v -7.696384 6.563152 -2.054429
v -7.696384 6.563152 2.111887
v -7.696384 8.385369 2.111887
v -7.696384 6.563699 1.680624
v -7.696384 6.996885 1.498783
v -7.696384 7.299518 1.265448
v -7.696384 8.385369 0.798777
v -7.696384 7.522916 0.798777
v -7.696384 8.385369 0.021475
v -7.696384 7.299518 0.332107
v -7.696384 6.996885 0.098771
v -7.696384 6.880211 0.021475
v -7.696384 6.996885 -0.055822
v -7.696384 7.299518 -0.289157
v -7.696384 7.522916 -0.755828
v -7.696384 8.385369 -0.755828
v -7.696384 7.299518 -1.222498
v -7.696384 8.385369 -2.054429
v -7.696384 6.996885 -1.455833
v -7.696384 6.563699 -1.616187
v -7.696384 6.563152 -2.054429
v 4.511743 11.095369 -1.862189
v 4.541865 11.103437 -1.862189
v 4.541867 11.103437 -1.738212
v 4.511743 11.095369 -1.738212
v 4.571987 11.095369 -1.738212
v 4.489697 11.073323 -1.862189
v 4.571987 11.095369 -1.862189
v 4.489697 11.073323 -1.738212
v 4.594033 11.073323 -1.738212
v 4.481627 11.043207 -1.862189
v 4.594033 11.073323 -1.862189
v 4.481627 11.043207 -1.738212
v 4.486920 11.023452 -1.862189
v 4.486920 11.023452 -1.738212
v 4.602102 11.043207 -1.738212
v 4.602102 11.043207 -1.862189
v 4.596808 11.023452 -1.738212
v 4.596808 11.023452 -1.862189
v 4.415004 10.998630 -1.862189
v 4.437050 11.020675 -1.862189
v 4.437050 11.020675 -1.738212
v 4.415004 10.998630 -1.738212
v 4.467165 11.028746 -1.738212
v 4.407239 10.969650 -1.862189
v 4.467165 11.028746 -1.862189
v 4.486920 11.023452 -1.738212
v 4.486920 11.023452 -1.862189
v 4.407239 10.969650 -1.738212
v 4.415004 10.940670 -1.862189
v 4.415004 10.940670 -1.738212
v 4.437050 10.918624 -1.862189
v 4.437050 10.918624 -1.738212
v 4.467165 10.910555 -1.862189
v 4.467165 10.910555 -1.738212
v 4.486920 10.915849 -1.862189
v 4.486920 10.915849 -1.738212
v 4.668725 10.998630 -1.862189
v 4.676490 10.969650 -1.862189
v 4.676490 10.969650 -1.738212
v 4.668725 10.998630 -1.738212
v 4.668725 10.940670 -1.738212
v 4.646679 11.020675 -1.862189
v 4.668725 10.940670 -1.862189
v 4.646679 11.020675 -1.738212
v 4.646679 10.918624 -1.738212
v 4.616564 11.028746 -1.862189
v 4.646679 10.918624 -1.862189
v 4.616564 11.028746 -1.738212
v 4.596808 11.023452 -1.862189
v 4.596808 11.023452 -1.738212
v 4.616564 10.910555 -1.738212
v 4.616564 10.910555 -1.862189
v 4.596808 10.915849 -1.738212
v 4.596808 10.915849 -1.862189
v 4.541865 10.835864 -1.862189
v 4.511743 10.843932 -1.862189
v 4.511743 10.843932 -1.738212
v 4.541865 10.835864 -1.738212
v 4.489697 10.865978 -1.738212
v 4.571987 10.843932 -1.862189
v 4.489697 10.865978 -1.862189
v 4.481627 10.896093 -1.738212
v 4.481627 10.896093 -1.862189
v 4.571987 10.843932 -1.738212
v 4.594033 10.865978 -1.862189
v 4.594033 10.865978 -1.738212
v 4.602102 10.896093 -1.862189
v 4.602102 10.896093 -1.738212
v 4.596808 10.915849 -1.862189
v 4.596808 10.915849 -1.738212
v 4.481627 10.896093 -1.862189
v 4.486920 10.915849 -1.862189
v 4.486920 10.915849 -1.738212
v 4.481627 10.896093 -1.738212
v 4.675329 10.921248 -1.738212
v 4.668725 10.940670 -1.738212
v 4.646679 10.918624 -1.738212
v 4.645323 10.872184 -1.738212
v 4.683361 10.978195 -1.738212
v 4.676490 10.969650 -1.738212
v 4.668725 10.998630 -1.738212
v 4.670104 11.029558 -1.738212
v 4.646679 11.020675 -1.738212
v 4.638887 11.072445 -1.738212
v 4.616564 11.028746 -1.738212
v 4.616564 10.910555 -1.738212
v 4.594083 11.100845 -1.738212
v 4.598288 10.839090 -1.738212
v 4.594033 11.073323 -1.738212
v 4.602102 11.043207 -1.738212
v 4.596808 11.023452 -1.738212
v 4.571987 11.095369 -1.738212
v 4.541974 11.110775 -1.738212
v 4.541867 11.103437 -1.738212
v 4.511743 11.095369 -1.738212
v 4.489866 11.100845 -1.738212
v 4.489697 11.073323 -1.738212
v 4.445062 11.072445 -1.738212
v 4.481627 11.043207 -1.738212
v 4.413844 11.029558 -1.738212
v 4.437050 11.020675 -1.738212
v 4.467165 11.028746 -1.738212
v 4.486920 11.023452 -1.738212
v 4.415004 10.998630 -1.738212
v 4.400588 10.978195 -1.738212
v 4.407239 10.969650 -1.738212
v 4.415004 10.940670 -1.738212
v 4.408620 10.921248 -1.738212
v 4.437050 10.918624 -1.738212
v 4.438626 10.872184 -1.738212
v 4.467165 10.910555 -1.738212
v 4.485660 10.839089 -1.738212
v 4.489697 10.865978 -1.738212
v 4.481627 10.896093 -1.738212
v 4.486920 10.915849 -1.738212
v 4.511743 10.843932 -1.738212
v 4.541974 10.827417 -1.738212
v 4.541865 10.835864 -1.738212
v 4.571987 10.843932 -1.738212
v 4.594033 10.865978 -1.738212
v 4.602102 10.896093 -1.738212
v 4.596808 10.915849 -1.738212
v 1.550732 11.095369 -1.862189
v 1.580854 11.103437 -1.862189
v 1.580856 11.103437 -1.738212
v 1.550732 11.095369 -1.738212
v 1.610976 11.095369 -1.738212
v 1.528686 11.073323 -1.862189
v 1.610976 11.095369 -1.862189
v 1.528686 11.073323 -1.738212
v 1.633022 11.073323 -1.738212
v 1.520617 11.043207 -1.862189
v 1.633022 11.073323 -1.862189
v 1.520617 11.043207 -1.738212
v 1.525910 11.023452 -1.862189
v 1.525910 11.023452 -1.738212
v 1.641091 11.043207 -1.738212
v 1.641091 11.043207 -1.862189
v 1.635798 11.023452 -1.738212
v 1.635798 11.023452 -1.862189
v 1.453994 10.998630 -1.862189
v 1.476039 11.020675 -1.862189
v 1.476039 11.020675 -1.738212
v 1.453994 10.998630 -1.738212
v 1.506155 11.028746 -1.738212
v 1.446228 10.969650 -1.862189
v 1.506155 11.028746 -1.862189
v 1.525910 11.023452 -1.738212
v 1.525910 11.023452 -1.862189
v 1.446228 10.969650 -1.738212
v 1.453994 10.940670 -1.862189
v 1.453994 10.940670 -1.738212
v 1.476039 10.918624 -1.862189
v 1.476039 10.918624 -1.738212
v 1.506155 10.910555 -1.862189
v 1.506155 10.910555 -1.738212
v 1.525910 10.915849 -1.862189
v 1.525910 10.915849 -1.738212
v 1.707715 10.998630 -1.862189
v 1.715479 10.969650 -1.862189
v 1.715479 10.969650 -1.738212
v 1.707715 10.998630 -1.738212
v 1.707715 10.940670 -1.738212
v 1.685668 11.020675 -1.862189
v 1.707715 10.940670 -1.862189
v 1.685668 11.020675 -1.738212
v 1.685668 10.918624 -1.738212
v 1.655554 11.028746 -1.862189
v 1.685668 10.918624 -1.862189
v 1.655554 11.028746 -1.738212
v 1.635798 11.023452 -1.862189
v 1.635798 11.023452 -1.738212
v 1.655554 10.910555 -1.738212
v 1.655554 10.910555 -1.862189
v 1.635798 10.915849 -1.738212
v 1.635798 10.915849 -1.862189
v 1.580854 10.835864 -1.862189
v 1.550732 10.843932 -1.862189
v 1.550732 10.843932 -1.738212
v 1.580854 10.835864 -1.738212
v 1.528686 10.865978 -1.738212
v 1.610976 10.843932 -1.862189
v 1.528686 10.865978 -1.862189
v 1.520617 10.896093 -1.738212
v 1.520617 10.896093 -1.862189
v 1.610976 10.843932 -1.738212
v 1.633022 10.865978 -1.862189
v 1.633022 10.865978 -1.738212
v 1.641091 10.896093 -1.862189
v 1.641091 10.896093 -1.738212
v 1.635798 10.915849 -1.862189
v 1.635798 10.915849 -1.738212
v 1.520617 10.896093 -1.862189
v 1.525910 10.915849 -1.862189
v 1.525910 10.915849 -1.738212
v 1.520617 10.896093 -1.738212
v 1.714318 10.921248 -1.738212
v 1.707715 10.940670 -1.738212
v 1.685668 10.918624 -1.738212
v 1.684312 10.872184 -1.738212
v 1.722351 10.978195 -1.738212
v 1.715479 10.969650 -1.738212
v 1.707715 10.998630 -1.738212
v 1.709094 11.029558 -1.738212
v 1.685668 11.020675 -1.738212
v 1.677876 11.072445 -1.738212
v 1.655554 11.028746 -1.738212
v 1.655554 10.910555 -1.738212
v 1.633072 11.100845 -1.738212
v 1.637278 10.839090 -1.738212
v 1.633022 11.073323 -1.738212
v 1.641091 11.043207 -1.738212
v 1.635798 11.023452 -1.738212
v 1.610976 11.095369 -1.738212
v 1.580964 11.110775 -1.738212
v 1.580856 11.103437 -1.738212
v 1.550732 11.095369 -1.738212
v 1.528855 11.100845 -1.738212
v 1.528686 11.073323 -1.738212
v 1.484051 11.072445 -1.738212
v 1.520617 11.043207 -1.738212
v 1.452834 11.029558 -1.738212
v 1.476039 11.020675 -1.738212
v 1.506155 11.028746 -1.738212
v 1.525910 11.023452 -1.738212
v 1.453994 10.998630 -1.738212
v 1.439577 10.978195 -1.738212
v 1.446228 10.969650 -1.738212
v 1.453994 10.940670 -1.738212
v 1.447610 10.921248 -1.738212
v 1.476039 10.918624 -1.738212
v 1.477615 10.872184 -1.738212
v 1.506155 10.910555 -1.738212
v 1.524650 10.839089 -1.738212
v 1.528686 10.865978 -1.738212
v 1.520617 10.896093 -1.738212
v 1.525910 10.915849 -1.738212
v 1.550732 10.843932 -1.738212
v 1.580964 10.827417 -1.738212
v 1.580854 10.835864 -1.738212
v 1.610976 10.843932 -1.738212
v 1.633022 10.865978 -1.738212
v 1.641091 10.896093 -1.738212
v 1.635798 10.915849 -1.738212
v -1.662871 11.095369 -1.862189
v -1.632749 11.103437 -1.862189
v -1.632747 11.103437 -1.738212
v -1.662871 11.095369 -1.738212
v -1.602627 11.095369 -1.738212
v -1.684917 11.073323 -1.862189
v -1.602627 11.095369 -1.862189
v -1.684917 11.073323 -1.738212
v -1.580582 11.073323 -1.738212
v -1.692985 11.043207 -1.862189
v -1.580582 11.073323 -1.862189
v -1.692985 11.043207 -1.738212
v -1.687693 11.023452 -1.862189
v -1.687693 11.023452 -1.738212
v -1.572512 11.043207 -1.738212
v -1.572512 11.043207 -1.862189
v -1.577805 11.023452 -1.738212
v -1.577805 11.023452 -1.862189
v -1.759609 10.998630 -1.862189
v -1.737564 11.020675 -1.862189
v -1.737564 11.020675 -1.738212
v -1.759609 10.998630 -1.738212
v -1.707449 11.028746 -1.738212
v -1.767374 10.969650 -1.862189
v -1.707449 11.028746 -1.862189
v -1.687693 11.023452 -1.738212
v -1.687693 11.023452 -1.862189
v -1.767374 10.969650 -1.738212
v -1.759609 10.940670 -1.862189
v -1.759609 10.940670 -1.738212
v -1.737564 10.918624 -1.862189
v -1.737564 10.918624 -1.738212
v -1.707449 10.910555 -1.862189
v -1.707449 10.910555 -1.738212
v -1.687693 10.915849 -1.862189
v -1.687693 10.915849 -1.738212
v -1.505889 10.998630 -1.862189
v -1.498124 10.969650 -1.862189
v -1.498124 10.969650 -1.738212
v -1.505889 10.998630 -1.738212
v -1.505889 10.940670 -1.738212
v -1.527934 11.020675 -1.862189
v -1.505889 10.940670 -1.862189
v -1.527934 11.020675 -1.738212
v -1.527934 10.918624 -1.738212
v -1.558050 11.028746 -1.862189
v -1.527934 10.918624 -1.862189
v -1.558050 11.028746 -1.738212
v -1.577805 11.023452 -1.862189
v -1.577805 11.023452 -1.738212
v -1.558050 10.910555 -1.738212
v -1.558050 10.910555 -1.862189
v -1.577805 10.915849 -1.738212
v -1.577805 10.915849 -1.862189
v -1.632749 10.835864 -1.862189
v -1.662871 10.843932 -1.862189
v -1.662871 10.843932 -1.738212
v -1.632749 10.835864 -1.738212
v -1.684917 10.865978 -1.738212
v -1.602627 10.843932 -1.862189
v -1.684917 10.865978 -1.862189
v -1.692985 10.896093 -1.738212
v -1.692985 10.896093 -1.862189
v -1.602627 10.843932 -1.738212
v -1.580582 10.865978 -1.862189
v -1.580582 10.865978 -1.738212
v -1.572512 10.896093 -1.862189
v -1.572512 10.896093 -1.738212
v -1.577805 10.915849 -1.862189
v -1.577805 10.915849 -1.738212
v -1.692985 10.896093 -1.862189
v -1.687693 10.915849 -1.862189
v -1.687693 10.915849 -1.738212
v -1.692985 10.896093 -1.738212
v -1.499285 10.921248 -1.738212
v -1.505889 10.940670 -1.738212
v -1.527934 10.918624 -1.738212
v -1.529290 10.872184 -1.738212
v -1.491253 10.978195 -1.738212
v -1.498124 10.969650 -1.738212
v -1.505889 10.998630 -1.738212
v -1.504509 11.029558 -1.738212
v -1.527934 11.020675 -1.738212
v -1.535727 11.072445 -1.738212
v -1.558050 11.028746 -1.738212
v -1.558050 10.910555 -1.738212
v -1.580531 11.100845 -1.738212
v -1.576326 10.839090 -1.738212
v -1.580582 11.073323 -1.738212
v -1.572512 11.043207 -1.738212
v -1.577805 11.023452 -1.738212
v -1.602627 11.095369 -1.738212
v -1.632640 11.110775 -1.738212
v -1.632747 11.103437 -1.738212
v -1.662871 11.095369 -1.738212
v -1.684747 11.100845 -1.738212
v -1.684917 11.073323 -1.738212
v -1.729552 11.072445 -1.738212
v -1.692985 11.043207 -1.738212
v -1.760770 11.029558 -1.738212
v -1.737564 11.020675 -1.738212
v -1.707449 11.028746 -1.738212
v -1.687693 11.023452 -1.738212
v -1.759609 10.998630 -1.738212
v -1.774026 10.978195 -1.738212
v -1.767374 10.969650 -1.738212
v -1.759609 10.940670 -1.738212
v -1.765993 10.921248 -1.738212
v -1.737564 10.918624 -1.738212
v -1.735987 10.872184 -1.738212
v -1.707449 10.910555 -1.738212
v -1.688953 10.839089 -1.738212
v -1.684917 10.865978 -1.738212
v -1.692985 10.896093 -1.738212
v -1.687693 10.915849 -1.738212
v -1.662871 10.843932 -1.738212
v -1.632640 10.827417 -1.738212
v -1.632749 10.835864 -1.738212
v -1.602627 10.843932 -1.738212
v -1.580582 10.865978 -1.738212
v -1.572512 10.896093 -1.738212
v -1.577805 10.915849 -1.738212
v -4.624679 11.095369 -1.862189
v -4.594556 11.103437 -1.862189
v -4.594553 11.103437 -1.738212
v -4.624679 11.095369 -1.738212
v -4.564433 11.095369 -1.738212
v -4.646724 11.073323 -1.862189
v -4.564433 11.095369 -1.862189
v -4.646724 11.073323 -1.738212
v -4.542388 11.073323 -1.738212
v -4.654793 11.043207 -1.862189
v -4.542388 11.073323 -1.862189
v -4.654793 11.043207 -1.738212
v -4.649499 11.023452 -1.862189
v -4.649499 11.023452 -1.738212
v -4.534318 11.043207 -1.738212
v -4.534318 11.043207 -1.862189
v -4.539611 11.023452 -1.738212
v -4.539611 11.023452 -1.862189
v -4.721416 10.998630 -1.862189
v -4.699370 11.020675 -1.862189
v -4.699370 11.020675 -1.738212
v -4.721416 10.998630 -1.738212
v -4.669255 11.028746 -1.738212
v -4.729181 10.969650 -1.862189
v -4.669255 11.028746 -1.862189
v -4.649499 11.023452 -1.738212
v -4.649499 11.023452 -1.862189
v -4.729181 10.969650 -1.738212
v -4.721416 10.940670 -1.862189
v -4.721416 10.940670 -1.738212
v -4.699370 10.918624 -1.862189
v -4.699370 10.918624 -1.738212
v -4.669255 10.910555 -1.862189
v -4.669255 10.910555 -1.738212
v -4.649499 10.915849 -1.862189
v -4.649499 10.915849 -1.738212
v -4.467695 10.998630 -1.862189
v -4.459931 10.969650 -1.862189
v -4.459931 10.969650 -1.738212
v -4.467695 10.998630 -1.738212
v -4.467695 10.940670 -1.738212
v -4.489741 11.020675 -1.862189
v -4.467695 10.940670 -1.862189
v -4.489741 11.020675 -1.738212
v -4.489741 10.918624 -1.738212
v -4.519857 11.028746 -1.862189
v -4.489741 10.918624 -1.862189
v -4.519857 11.028746 -1.738212
v -4.539611 11.023452 -1.862189
v -4.539611 11.023452 -1.738212
v -4.519857 10.910555 -1.738212
v -4.519857 10.910555 -1.862189
v -4.539611 10.915849 -1.738212
v -4.539611 10.915849 -1.862189
v -4.594556 10.835864 -1.862189
v -4.624679 10.843932 -1.862189
v -4.624679 10.843932 -1.738212
v -4.594556 10.835864 -1.738212
v -4.646724 10.865978 -1.738212
v -4.564433 10.843932 -1.862189
v -4.646724 10.865978 -1.862189
v -4.654793 10.896093 -1.738212
v -4.654793 10.896093 -1.862189
v -4.564433 10.843932 -1.738212
v -4.542388 10.865978 -1.862189
v -4.542388 10.865978 -1.738212
v -4.534318 10.896093 -1.862189
v -4.534318 10.896093 -1.738212
v -4.539611 10.915849 -1.862189
v -4.539611 10.915849 -1.738212
v -4.654793 10.896093 -1.862189
v -4.649499 10.915849 -1.862189
v -4.649499 10.915849 -1.738212
v -4.654793 10.896093 -1.738212
v -4.461092 10.921248 -1.738212
v -4.467695 10.940670 -1.738212
v -4.489741 10.918624 -1.738212
v -4.491097 10.872184 -1.738212
v -4.453060 10.978195 -1.738212
v -4.459931 10.969650 -1.738212
v -4.467695 10.998630 -1.738212
v -4.466315 11.029558 -1.738212
v -4.489741 11.020675 -1.738212
v -4.497534 11.072445 -1.738212
v -4.519857 11.028746 -1.738212
v -4.519857 10.910555 -1.738212
v -4.542337 11.100845 -1.738212
v -4.538132 10.839090 -1.738212
v -4.542388 11.073323 -1.738212
v -4.534318 11.043207 -1.738212
v -4.539611 11.023452 -1.738212
v -4.564433 11.095369 -1.738212
v -4.594447 11.110775 -1.738212
v -4.594553 11.103437 -1.738212
v -4.624679 11.095369 -1.738212
v -4.646555 11.100845 -1.738212
v -4.646724 11.073323 -1.738212
v -4.691359 11.072445 -1.738212
v -4.654793 11.043207 -1.738212
v -4.722575 11.029558 -1.738212
v -4.699370 11.020675 -1.738212
v -4.669255 11.028746 -1.738212
v -4.649499 11.023452 -1.738212
v -4.721416 10.998630 -1.738212
v -4.735832 10.978195 -1.738212
v -4.729181 10.969650 -1.738212
v -4.721416 10.940670 -1.738212
v -4.727800 10.921248 -1.738212
v -4.699370 10.918624 -1.738212
v -4.697795 10.872184 -1.738212
v -4.669255 10.910555 -1.738212
v -4.650760 10.839089 -1.738212
v -4.646724 10.865978 -1.738212
v -4.654793 10.896093 -1.738212
v -4.649499 10.915849 -1.738212
v -4.624679 10.843932 -1.738212
v -4.594447 10.827417 -1.738212
v -4.594556 10.835864 -1.738212
v -4.564433 10.843932 -1.738212
v -4.542388 10.865978 -1.738212
v -4.534318 10.896093 -1.738212
v -4.539611 10.915849 -1.738212
v -7.555445 11.115626 0.029644
v -7.679421 11.115626 0.029642
v -7.679421 11.107558 -0.000481
v -7.555445 11.107558 0.059764
v -7.555445 11.107558 -0.000481
v -7.679421 11.107558 0.059764
v -7.679421 11.085512 -0.022526
v -7.555445 11.085512 0.081810
v -7.555445 11.085512 -0.022526
v -7.679421 11.085512 0.081810
v -7.679421 11.055397 -0.030596
v -7.555445 11.055397 0.089879
v -7.555445 11.055397 -0.030596
v -7.679421 11.055397 0.089879
v -7.679421 11.035641 -0.025303
v -7.555445 11.035641 -0.025303
v -7.555445 11.035641 0.084585
v -7.679421 11.035641 0.084585
v -7.555445 11.032865 -0.075172
v -7.679421 11.032865 -0.075172
v -7.679421 11.010820 -0.097220
v -7.555445 11.040935 -0.045057
v -7.555445 11.010820 -0.097220
v -7.679421 11.040935 -0.045057
v -7.555445 11.035641 -0.025303
v -7.679421 11.035641 -0.025303
v -7.679421 10.981839 -0.104984
v -7.555445 10.981839 -0.104984
v -7.679421 10.952860 -0.097220
v -7.555445 10.952860 -0.097220
v -7.679421 10.930814 -0.075172
v -7.555445 10.930814 -0.075172
v -7.679421 10.922745 -0.045057
v -7.555445 10.922745 -0.045057
v -7.679421 10.928039 -0.025303
v -7.555445 10.928039 -0.025303
v -7.555445 10.981839 0.164267
v -7.679421 10.981839 0.164267
v -7.679421 11.010820 0.156501
v -7.555445 10.952860 0.156501
v -7.555445 11.010820 0.156501
v -7.679421 10.952860 0.156501
v -7.679421 11.032865 0.134456
v -7.555445 10.930814 0.134456
v -7.555445 11.032865 0.134456
v -7.679421 10.930814 0.134456
v -7.679421 11.040935 0.104341
v -7.555445 10.922745 0.104341
v -7.555445 11.040935 0.104341
v -7.679421 10.922745 0.104341
v -7.679421 11.035641 0.084585
v -7.555445 11.035641 0.084585
v -7.555445 10.928039 0.084585
v -7.679421 10.928039 0.084585
v -7.555445 10.856122 -0.000481
v -7.679421 10.856122 -0.000481
v -7.679421 10.848053 0.029642
v -7.555445 10.878167 -0.022526
v -7.555445 10.848053 0.029642
v -7.679421 10.878167 -0.022526
v -7.555445 10.908283 -0.030596
v -7.679421 10.908283 -0.030596
v -7.679421 10.856122 0.059764
v -7.555445 10.856122 0.059764
v -7.679421 10.878167 0.081810
v -7.555445 10.878167 0.081810
v -7.679421 10.908283 0.089879
v -7.555445 10.908283 0.089879
v -7.679421 10.928039 0.084585
v -7.555445 10.928039 0.084585
v -7.555445 10.928039 -0.025303
v -7.679421 10.928039 -0.025303
v -7.679421 10.908283 -0.030596
v -7.555445 10.908283 -0.030596
v -7.555445 10.930814 0.134456
v -7.555445 10.952860 0.156501
v -7.555445 10.933437 0.163104
v -7.555445 10.884374 0.133101
v -7.555445 10.990384 0.171138
v -7.555445 10.981839 0.164267
v -7.555445 11.010820 0.156501
v -7.555445 11.041748 0.157882
v -7.555445 11.032865 0.134456
v -7.555445 11.084634 0.126664
v -7.555445 11.040935 0.104341
v -7.555445 10.922745 0.104341
v -7.555445 11.113035 0.081860
v -7.555445 10.851280 0.086066
v -7.555445 11.085512 0.081810
v -7.555445 11.055397 0.089879
v -7.555445 11.035641 0.084585
v -7.555445 11.107558 0.059764
v -7.555445 11.122964 0.029752
v -7.555445 11.115626 0.029644
v -7.555445 11.107558 -0.000481
v -7.555445 11.113035 -0.022358
v -7.555445 11.085512 -0.022526
v -7.555445 11.084634 -0.067161
v -7.555445 11.055397 -0.030596
v -7.555445 11.041748 -0.098379
v -7.555445 11.032865 -0.075172
v -7.555445 11.040935 -0.045057
v -7.555445 11.035641 -0.025303
v -7.555445 11.010820 -0.097220
v -7.555445 10.990384 -0.111636
v -7.555445 10.981839 -0.104984
v -7.555445 10.952860 -0.097220
v -7.555445 10.933437 -0.103604
v -7.555445 10.930814 -0.075172
v -7.555445 10.884374 -0.073597
v -7.555445 10.922745 -0.045057
v -7.555445 10.851279 -0.026564
v -7.555445 10.878167 -0.022526
v -7.555445 10.908283 -0.030596
v -7.555445 10.928039 -0.025303
v -7.555445 10.856122 -0.000481
v -7.555445 10.839607 0.029752
v -7.555445 10.848053 0.029642
v -7.555445 10.856122 0.059764
v -7.555445 10.878167 0.081810
v -7.555445 10.908283 0.089879
v -7.555445 10.928039 0.084585
v 4.541867 11.103437 1.767692
v 4.541865 11.103437 1.891669
v 4.511743 11.095369 1.891669
v 4.571987 11.095369 1.767692
v 4.511743 11.095369 1.767692
v 4.571987 11.095369 1.891669
v 4.489697 11.073323 1.891669
v 4.594033 11.073323 1.767692
v 4.489697 11.073323 1.767692
v 4.594033 11.073323 1.891669
v 4.481627 11.043207 1.891669
v 4.602102 11.043207 1.767692
v 4.481627 11.043207 1.767692
v 4.602102 11.043207 1.891669
v 4.486920 11.023452 1.891669
v 4.486920 11.023452 1.767692
v 4.596808 11.023452 1.767692
v 4.596808 11.023452 1.891669
v 4.437050 11.020675 1.767692
v 4.437050 11.020675 1.891669
v 4.415004 10.998630 1.891669
v 4.467165 11.028746 1.767692
v 4.415004 10.998630 1.767692
v 4.467165 11.028746 1.891669
v 4.486920 11.023452 1.767692
v 4.486920 11.023452 1.891669
v 4.407239 10.969650 1.891669
v 4.407239 10.969650 1.767692
v 4.415004 10.940670 1.891669
v 4.415004 10.940670 1.767692
v 4.437050 10.918624 1.891669
v 4.437050 10.918624 1.767692
v 4.467165 10.910555 1.891669
v 4.467165 10.910555 1.767692
v 4.486920 10.915849 1.891669
v 4.486920 10.915849 1.767692
v 4.676490 10.969650 1.767692
v 4.676490 10.969650 1.891669
v 4.668725 10.998630 1.891669
v 4.668725 10.940670 1.767692
v 4.668725 10.998630 1.767692
v 4.668725 10.940670 1.891669
v 4.646679 11.020675 1.891669
v 4.646679 10.918624 1.767692
v 4.646679 11.020675 1.767692
v 4.646679 10.918624 1.891669
v 4.616564 11.028746 1.891669
v 4.616564 10.910555 1.767692
v 4.616564 11.028746 1.767692
v 4.616564 10.910555 1.891669
v 4.596808 11.023452 1.891669
v 4.596808 11.023452 1.767692
v 4.596808 10.915849 1.767692
v 4.596808 10.915849 1.891669
v 4.511743 10.843932 1.767692
v 4.511743 10.843932 1.891669
v 4.541865 10.835864 1.891669
v 4.489697 10.865978 1.767692
v 4.541865 10.835864 1.767692
v 4.489697 10.865978 1.891669
v 4.481627 10.896093 1.767692
v 4.481627 10.896093 1.891669
v 4.571987 10.843932 1.891668
v 4.571987 10.843932 1.767692
v 4.594033 10.865978 1.891669
v 4.594033 10.865978 1.767692
v 4.602102 10.896093 1.891669
v 4.602102 10.896093 1.767692
v 4.596808 10.915849 1.891669
v 4.596808 10.915849 1.767692
v 4.486920 10.915849 1.767692
v 4.486920 10.915849 1.891669
v 4.481627 10.896093 1.891669
v 4.481627 10.896093 1.767692
v 4.646679 10.918624 1.767692
v 4.668725 10.940670 1.767692
v 4.675329 10.921248 1.767692
v 4.645323 10.872184 1.767692
v 4.683361 10.978195 1.767692
v 4.676490 10.969650 1.767692
v 4.668725 10.998630 1.767692
v 4.670104 11.029558 1.767692
v 4.646679 11.020675 1.767692
v 4.638887 11.072445 1.767692
v 4.616564 11.028746 1.767692
v 4.616564 10.910555 1.767692
v 4.594083 11.100845 1.767692
v 4.598288 10.839090 1.767692
v 4.594033 11.073323 1.767692
v 4.602102 11.043207 1.767692
v 4.596808 11.023452 1.767692
v 4.571987 11.095369 1.767692
v 4.541974 11.110775 1.767692
v 4.541867 11.103437 1.767692
v 4.511743 11.095369 1.767692
v 4.489866 11.100845 1.767692
v 4.489697 11.073323 1.767692
v 4.445062 11.072445 1.767692
v 4.481627 11.043207 1.767692
v 4.413844 11.029558 1.767692
v 4.437050 11.020675 1.767692
v 4.467165 11.028746 1.767692
v 4.486920 11.023452 1.767692
v 4.415004 10.998630 1.767692
v 4.400588 10.978195 1.767692
v 4.407239 10.969650 1.767692
v 4.415004 10.940670 1.767692
v 4.408620 10.921248 1.767692
v 4.437050 10.918624 1.767692
v 4.438626 10.872184 1.767692
v 4.467165 10.910555 1.767692
v 4.485660 10.839089 1.767692
v 4.489697 10.865978 1.767692
v 4.481627 10.896093 1.767692
v 4.486920 10.915849 1.767692
v 4.511743 10.843932 1.767692
v 4.541974 10.827417 1.767692
v 4.541865 10.835864 1.767692
v 4.571987 10.843932 1.767692
v 4.594033 10.865978 1.767692
v 4.602102 10.896093 1.767692
v 4.596808 10.915849 1.767692
v 1.580856 11.103437 1.767692
v 1.580854 11.103437 1.891669
v 1.550732 11.095369 1.891669
v 1.610976 11.095369 1.767692
v 1.550732 11.095369 1.767692
v 1.610976 11.095369 1.891669
v 1.528686 11.073323 1.891669
v 1.633022 11.073323 1.767692
v 1.528686 11.073323 1.767692
v 1.633022 11.073323 1.891669
v 1.520617 11.043207 1.891669
v 1.641091 11.043207 1.767692
v 1.520617 11.043207 1.767692
v 1.641091 11.043207 1.891669
v 1.525910 11.023452 1.891669
v 1.525910 11.023452 1.767692
v 1.635798 11.023452 1.767692
v 1.635798 11.023452 1.891669
v 1.476039 11.020675 1.767692
v 1.476039 11.020675 1.891669
v 1.453994 10.998630 1.891669
v 1.506155 11.028746 1.767692
v 1.453994 10.998630 1.767692
v 1.506155 11.028746 1.891669
v 1.525910 11.023452 1.767692
v 1.525910 11.023452 1.891669
v 1.446228 10.969650 1.891669
v 1.446228 10.969650 1.767692
v 1.453994 10.940670 1.891669
v 1.453994 10.940670 1.767692
v 1.476039 10.918624 1.891669
v 1.476039 10.918624 1.767692
v 1.506155 10.910555 1.891669
v 1.506155 10.910555 1.767692
v 1.525910 10.915849 1.891669
v 1.525910 10.915849 1.767692
v 1.715479 10.969650 1.767692
v 1.715479 10.969650 1.891669
v 1.707715 10.998630 1.891669
v 1.707715 10.940670 1.767692
v 1.707715 10.998630 1.767692
v 1.707715 10.940670 1.891669
v 1.685668 11.020675 1.891669
v 1.685668 10.918624 1.767692
v 1.685668 11.020675 1.767692
v 1.685668 10.918624 1.891669
v 1.655554 11.028746 1.891669
v 1.655554 10.910555 1.767692
v 1.655554 11.028746 1.767692
v 1.655554 10.910555 1.891669
v 1.635798 11.023452 1.891669
v 1.635798 11.023452 1.767692
v 1.635798 10.915849 1.767692
v 1.635798 10.915849 1.891669
v 1.550732 10.843932 1.767692
v 1.550732 10.843932 1.891669
v 1.580854 10.835864 1.891669
v 1.528686 10.865978 1.767692
v 1.580854 10.835864 1.767692
v 1.528686 10.865978 1.891669
v 1.520617 10.896093 1.767692
v 1.520617 10.896093 1.891669
v 1.610976 10.843932 1.891669
v 1.610976 10.843932 1.767692
v 1.633022 10.865978 1.891669
v 1.633022 10.865978 1.767692
v 1.641091 10.896093 1.891669
v 1.641091 10.896093 1.767692
v 1.635798 10.915849 1.891669
v 1.635798 10.915849 1.767692
v 1.525910 10.915849 1.767692
v 1.525910 10.915849 1.891669
v 1.520617 10.896093 1.891669
v 1.520617 10.896093 1.767692
v 1.685668 10.918624 1.767692
v 1.707715 10.940670 1.767692
v 1.714318 10.921248 1.767692
v 1.684312 10.872184 1.767692
v 1.722351 10.978195 1.767692
v 1.715479 10.969650 1.767692
v 1.707715 10.998630 1.767692
v 1.709094 11.029558 1.767692
v 1.685668 11.020675 1.767692
v 1.677876 11.072445 1.767692
v 1.655554 11.028746 1.767692
v 1.655554 10.910555 1.767692
v 1.633072 11.100845 1.767692
v 1.637278 10.839090 1.767692
v 1.633022 11.073323 1.767692
v 1.641091 11.043207 1.767692
v 1.635798 11.023452 1.767692
v 1.610976 11.095369 1.767692
v 1.580964 11.110775 1.767692
v 1.580856 11.103437 1.767692
v 1.550732 11.095369 1.767692
v 1.528855 11.100845 1.767692
v 1.528686 11.073323 1.767692
v 1.484051 11.072445 1.767692
v 1.520617 11.043207 1.767692
v 1.452834 11.029558 1.767692
v 1.476039 11.020675 1.767692
v 1.506155 11.028746 1.767692
v 1.525910 11.023452 1.767692
v 1.453994 10.998630 1.767692
v 1.439577 10.978195 1.767692
v 1.446228 10.969650 1.767692
v 1.453994 10.940670 1.767692
v 1.447610 10.921248 1.767692
v 1.476039 10.918624 1.767692
v 1.477615 10.872184 1.767692
v 1.506155 10.910555 1.767692
v 1.524650 10.839089 1.767692
v 1.528686 10.865978 1.767692
v 1.520617 10.896093 1.767692
v 1.525910 10.915849 1.767692
v 1.550732 10.843932 1.767692
v 1.580964 10.827417 1.767692
v 1.580854 10.835864 1.767692
v 1.610976 10.843932 1.767692
v 1.633022 10.865978 1.767692
v 1.641091 10.896093 1.767692
v 1.635798 10.915849 1.767692
v -1.632747 11.103437 1.767692
v -1.632749 11.103437 1.891668
v -1.662871 11.095369 1.891668
v -1.602627 11.095369 1.767692
v -1.662871 11.095369 1.767692
v -1.602627 11.095369 1.891668
v -1.684917 11.073323 1.891668
v -1.580582 11.073323 1.767692
v -1.684917 11.073323 1.767692
v -1.580582 11.073323 1.891668
v -1.692985 11.043207 1.891668
v -1.572512 11.043207 1.767692
v -1.692985 11.043207 1.767692
v -1.572512 11.043207 1.891668
v -1.687693 11.023452 1.891668
v -1.687693 11.023452 1.767692
v -1.577805 11.023452 1.767692
v -1.577805 11.023452 1.891668
v -1.737564 11.020675 1.767692
v -1.737564 11.020675 1.891668
v -1.759609 10.998630 1.891668
v -1.707449 11.028746 1.767692
v -1.759609 10.998630 1.767692
v -1.707449 11.028746 1.891668
v -1.687693 11.023452 1.767692
v -1.687693 11.023452 1.891668
v -1.767374 10.969650 1.891668
v -1.767374 10.969650 1.767692
v -1.759609 10.940670 1.891668
v -1.759609 10.940670 1.767692
v -1.737564 10.918624 1.891668
v -1.737564 10.918624 1.767692
v -1.707449 10.910555 1.891668
v -1.707449 10.910555 1.767692
v -1.687693 10.915849 1.891668
v -1.687693 10.915849 1.767692
v -1.498124 10.969650 1.767692
v -1.498124 10.969650 1.891668
v -1.505889 10.998630 1.891668
v -1.505889 10.940670 1.767692
v -1.505889 10.998630 1.767692
v -1.505889 10.940670 1.891668
v -1.527934 11.020675 1.891668
v -1.527934 10.918624 1.767692
v -1.527934 11.020675 1.767692
v -1.527934 10.918624 1.891668
v -1.558050 11.028746 1.891668
v -1.558050 10.910555 1.767692
v -1.558050 11.028746 1.767692
v -1.558050 10.910555 1.891668
v -1.577805 11.023452 1.891668
v -1.577805 11.023452 1.767692
v -1.577805 10.915849 1.767692
v -1.577805 10.915849 1.891668
v -1.662871 10.843932 1.767692
v -1.662871 10.843932 1.891668
v -1.632749 10.835864 1.891668
v -1.684917 10.865978 1.767692
v -1.632749 10.835864 1.767692
v -1.684917 10.865978 1.891668
v -1.692985 10.896093 1.767692
v -1.692985 10.896093 1.891668
v -1.602627 10.843932 1.891668
v -1.602627 10.843932 1.767692
v -1.580582 10.865978 1.891668
v -1.580582 10.865978 1.767692
v -1.572512 10.896093 1.891668
v -1.572512 10.896093 1.767692
v -1.577805 10.915849 1.891668
v -1.577805 10.915849 1.767692
v -1.687693 10.915849 1.767692
v -1.687693 10.915849 1.891668
v -1.692985 10.896093 1.891668
v -1.692985 10.896093 1.767692
v -1.527934 10.918624 1.767692
v -1.505889 10.940670 1.767692
v -1.499285 10.921248 1.767692
v -1.529290 10.872184 1.767692
v -1.491253 10.978195 1.767692
v -1.498124 10.969650 1.767692
v -1.505889 10.998630 1.767692
v -1.504509 11.029558 1.767692
v -1.527934 11.020675 1.767692
v -1.535727 11.072445 1.767692
v -1.558050 11.028746 1.767692
v -1.558050 10.910555 1.767692
v -1.580531 11.100845 1.767692
v -1.576326 10.839090 1.767692
v -1.580582 11.073323 1.767692
v -1.572512 11.043207 1.767692
v -1.577805 11.023452 1.767692
v -1.602627 11.095369 1.767692
v -1.632640 11.110775 1.767692
v -1.632747 11.103437 1.767692
v -1.662871 11.095369 1.767692
v -1.684747 11.100845 1.767692
v -1.684917 11.073323 1.767692
v -1.729552 11.072445 1.767692
v -1.692985 11.043207 1.767692
v -1.760770 11.029558 1.767692
v -1.737564 11.020675 1.767692
v -1.707449 11.028746 1.767692
v -1.687693 11.023452 1.767692
v -1.759609 10.998630 1.767692
v -1.774026 10.978195 1.767692
v -1.767374 10.969650 1.767692
v -1.759609 10.940670 1.767692
v -1.765993 10.921248 1.767692
v -1.737564 10.918624 1.767692
v -1.735987 10.872184 1.767692
v -1.707449 10.910555 1.767692
v -1.688953 10.839089 1.767692
v -1.684917 10.865978 1.767692
v -1.692985 10.896093 1.767692
v -1.687693 10.915849 1.767692
v -1.662871 10.843932 1.767692
v -1.632640 10.827417 1.767692
v -1.632749 10.835864 1.767692
v -1.602627 10.843932 1.767692
v -1.580582 10.865978 1.767692
v -1.572512 10.896093 1.767692
v -1.577805 10.915849 1.767692
v -4.594553 11.103437 1.767692
v -4.594556 11.103437 1.891668
v -4.624679 11.095369 1.891668
v -4.564433 11.095369 1.767692
v -4.624679 11.095369 1.767692
v -4.564433 11.095369 1.891668
v -4.646724 11.073323 1.891668
v -4.542388 11.073323 1.767692
v -4.646724 11.073323 1.767692
v -4.542388 11.073323 1.891668
v -4.654795 11.043207 1.891668
v -4.534318 11.043207 1.767692
v -4.654795 11.043207 1.767692
v -4.534318 11.043207 1.891668
v -4.649499 11.023452 1.891668
v -4.649499 11.023452 1.767692
v -4.539613 11.023452 1.767692
v -4.539613 11.023452 1.891668
v -4.699370 11.020675 1.767692
v -4.699370 11.020675 1.891668
v -4.721417 10.998630 1.891668
v -4.669255 11.028746 1.767692
v -4.721417 10.998630 1.767692
v -4.669255 11.028746 1.891668
v -4.649499 11.023452 1.767692
v -4.649499 11.023452 1.891668
v -4.729181 10.969650 1.891668
v -4.729181 10.969650 1.767692
v -4.721417 10.940670 1.891668
v -4.721417 10.940670 1.767692
v -4.699370 10.918624 1.891668
v -4.699370 10.918624 1.767692
v -4.669255 10.910555 1.891668
v -4.669255 10.910555 1.767692
v -4.649499 10.915849 1.891668
v -4.649499 10.915849 1.767692
v -4.459931 10.969650 1.767692
v -4.459931 10.969650 1.891668
v -4.467697 10.998630 1.891668
v -4.467697 10.940670 1.767692
v -4.467697 10.998630 1.767692
v -4.467697 10.940670 1.891668
v -4.489741 11.020675 1.891668
v -4.489741 10.918624 1.767692
v -4.489741 11.020675 1.767692
v -4.489741 10.918624 1.891668
v -4.519857 11.028746 1.891668
v -4.519857 10.910555 1.767692
v -4.519857 11.028746 1.767692
v -4.519857 10.910555 1.891668
v -4.539613 11.023452 1.891668
v -4.539613 11.023452 1.767692
v -4.539613 10.915849 1.767692
v -4.539613 10.915849 1.891668
v -4.624679 10.843932 1.767692
v -4.624679 10.843932 1.891668
v -4.594556 10.835864 1.891668
v -4.646724 10.865978 1.767692
v -4.594556 10.835864 1.767692
v -4.646724 10.865978 1.891668
v -4.654795 10.896093 1.767692
v -4.654795 10.896093 1.891668
v -4.564433 10.843932 1.891668
v -4.564433 10.843932 1.767692
v -4.542388 10.865978 1.891668
v -4.542388 10.865978 1.767692
v -4.534318 10.896093 1.891668
v -4.534318 10.896093 1.767692
v -4.539613 10.915849 1.891668
v -4.539613 10.915849 1.767692
v -4.649499 10.915849 1.767692
v -4.649499 10.915849 1.891668
v -4.654795 10.896093 1.891668
v -4.654795 10.896093 1.767692
v -4.489741 10.918624 1.767692
v -4.467697 10.940670 1.767692
v -4.461093 10.921248 1.767692
v -4.491097 10.872184 1.767692
v -4.453060 10.978195 1.767692
v -4.459931 10.969650 1.767692
v -4.467697 10.998630 1.767692
v -4.466315 11.029558 1.767692
v -4.489741 11.020675 1.767692
v -4.497534 11.072445 1.767692
v -4.519857 11.028746 1.767692
v -4.519857 10.910555 1.767692
v -4.542337 11.100845 1.767692
v -4.538132 10.839090 1.767692
v -4.542388 11.073323 1.767692
v -4.534318 11.043207 1.767692
v -4.539613 11.023452 1.767692
v -4.564433 11.095369 1.767692
v -4.594447 11.110775 1.767692
v -4.594553 11.103437 1.767692
v -4.624679 11.095369 1.767692
v -4.646556 11.100845 1.767692
v -4.646724 11.073323 1.767692
v -4.691359 11.072445 1.767692
v -4.654795 11.043207 1.767692
v -4.722575 11.029558 1.767692
v -4.699370 11.020675 1.767692
v -4.669255 11.028746 1.767692
v -4.649499 11.023452 1.767692
v -4.721417 10.998630 1.767692
v -4.735833 10.978195 1.767692
v -4.729181 10.969650 1.767692
v -4.721417 10.940670 1.767692
v -4.727800 10.921248 1.767692
v -4.699370 10.918624 1.767692
v -4.697795 10.872184 1.767692
v -4.669255 10.910555 1.767692
v -4.650761 10.839089 1.767692
v -4.646724 10.865978 1.767692
v -4.654795 10.896093 1.767692
v -4.649499 10.915849 1.767692
v -4.624679 10.843932 1.767692
v -4.594447 10.827417 1.767692
v -4.594556 10.835864 1.767692
v -4.564433 10.843932 1.767692
v -4.542388 10.865978 1.767692
v -4.534318 10.896093 1.767692
v -4.539613 10.915849 1.767692
vt 2.052400 0.802400
vt 2.052400 1.314700
vt 2.213800 1.314700
vt 1.932800 0.931100
vt 1.932800 1.314700
vt 1.801600 1.049900
vt 1.805000 1.314700
vt 1.917000 0.915200
vt 1.700400 1.151100
vt 1.701300 1.314200
vt 1.517900 1.227900
vt 1.518800 1.313700
vt 1.786200 1.035400
vt 1.686500 1.137700
vt 1.379800 1.279900
vt 1.513700 1.214900
vt 1.375800 1.267800
vt 1.380100 1.313200
vt 1.256100 1.292500
vt 1.256000 1.312800
vt 1.378400 1.267800
vt 1.254900 1.280600
vt 1.415500 0.915200
vt 1.415500 1.035100
vt 1.415500 1.137500
vt 1.415500 0.785700
vt 1.116400 1.137700
vt 1.615300 1.262100
vt 1.700500 1.144000
vt 1.628100 1.268000
vt 1.216200 1.262100
vt 0.994100 1.035400
vt 1.101300 1.150700
vt 1.415500 1.262000
vt 1.563300 1.404400
vt 1.264300 1.404400
vt 1.202800 1.266200
vt 1.252100 1.408200
vt 1.415500 1.404300
vt 1.287200 1.558800
vt 1.543800 1.558800
vt 1.415500 1.558800
vt 0.974200 1.314700
vt 1.099600 1.314700
vt 1.257800 1.230300
vt 1.257100 1.313800
vt 1.110600 1.137700
vt 1.266100 1.217800
vt 1.395500 1.280600
vt 1.395200 1.312900
vt 1.526100 1.292300
vt 1.526200 1.312000
vt 1.397100 1.268800
vt 1.527500 1.280700
vt 0.977700 1.049500
vt 0.831300 1.314700
vt 0.831300 0.930000
vt 0.848600 0.915200
vt 0.676100 1.314700
vt 0.676100 0.801600
vt 0.693400 0.785700
vt 0.514800 1.314700
vt 0.514800 0.641000
vt 0.353500 0.801600
vt 0.353500 1.314700
vt 0.531500 0.624400
vt 0.198400 0.930100
vt 0.198400 1.314700
vt 0.498200 0.624400
vt 0.059500 1.043500
vt 0.055400 1.314700
vt 0.336300 0.785700
vt 0.181000 0.915200
vt -0.067600 1.153700
vt -0.069900 1.314700
vt -0.189200 1.233900
vt -0.187300 1.314300
vt -0.323100 1.282500
vt -0.321300 1.313800
vt -0.466600 1.313300
vt -0.466200 1.294200
vt 0.043100 1.029300
vt -0.082400 1.141000
vt -0.259900 0.915200
vt -0.259900 1.032600
vt -0.259900 0.785700
vt -0.259900 0.624400
vt -0.259800 1.143500
vt -0.165600 1.284100
vt -0.067700 1.147600
vt -0.178700 1.277800
vt -0.259600 1.275600
vt -0.226100 1.428700
vt -0.165800 1.282000
vt -0.237900 1.424500
vt -0.259200 1.422700
vt -0.254100 1.578200
vt -0.258800 1.578400
vt -0.242200 1.579100
vt -0.225800 1.425700
vt 0.336100 0.463000
vt -0.259900 0.463000
vt 0.514800 0.624400
vt 0.514800 0.607700
vt 0.180800 0.337800
vt -0.259900 0.337800
vt 0.039100 0.224600
vt -0.259900 0.224600
vt -0.084700 0.117800
vt -0.259900 0.117800
vt -0.069900 0.104100
vt 0.055400 0.210300
vt 0.198400 0.323100
vt 0.353500 0.447300
vt 0.055400 -0.628600
vt -0.069900 -0.504100
vt -0.232800 -0.400800
vt -0.227400 0.025400
vt 0.040100 -0.643900
vt -0.084200 -0.518600
vt -0.259900 -0.643900
vt -0.259900 -0.518600
vt -0.259900 -0.786900
vt -0.373800 -0.022300
vt -0.232400 0.038400
vt -0.379900 -0.010600
vt -0.382300 -0.353400
vt -0.508700 -0.038800
vt -0.512400 -0.331100
vt -0.237000 -0.414200
vt -0.385500 -0.365700
vt 0.182300 -0.786900
vt -0.259900 -0.942000
vt 0.337000 -0.942000
vt -0.259900 -1.099500
vt 0.494300 -1.099500
vt 0.198400 -0.770900
vt 0.353500 -0.925500
vt 0.514800 -1.099500
vt 0.676100 -0.925500
vt 0.535300 -1.099500
vt 0.676100 0.447300
vt 0.692700 -0.942000
vt 1.415500 -1.099500
vt 1.415500 -0.942000
vt 0.847300 -0.786900
vt 1.415500 -0.786900
vt 0.831300 -0.770900
vt 0.989600 -0.643900
vt 1.415500 -0.643900
vt 0.831300 0.323100
vt 0.974200 -0.628600
vt 1.114000 -0.518600
vt 1.415500 -0.518600
vt 1.099600 -0.504200
vt 1.215600 -0.379500
vt 1.099600 -0.510800
vt 1.202400 -0.372300
vt 1.415500 -0.379500
vt 1.264200 -0.230700
vt 1.202400 -0.375200
vt 1.252000 -0.226800
vt 1.415500 -0.230700
vt 1.287200 -0.073800
vt 1.415500 -0.073800
vt 1.252000 -0.228900
vt 1.275300 -0.072100
vt 0.974200 0.210300
vt 1.099600 0.104100
vt 1.251700 -0.402600
vt 1.251700 0.025500
vt 1.403000 -0.354000
vt 1.108400 0.117800
vt 1.259600 0.038300
vt 1.403000 -0.023800
vt 1.557200 -0.331000
vt 1.557200 -0.039100
vt 1.404800 -0.011700
vt 1.558900 -0.027200
vt 0.990500 0.224600
vt 1.114500 0.117800
vt 0.848900 0.337800
vt 1.415500 0.224600
vt 0.693500 0.463000
vt 1.415500 0.337800
vt 1.415500 0.463000
vt 1.415500 0.624400
vt 2.036100 0.463000
vt 1.916800 0.337800
vt 2.036200 0.785700
vt 2.197100 0.624400
vt 2.213800 0.624400
vt 2.213800 0.641100
vt 2.390000 0.785700
vt 2.373900 0.802500
vt 2.373900 1.314700
vt 2.491600 0.931100
vt 2.491600 1.314700
vt 2.507400 0.915200
vt 2.617400 1.043900
vt 2.621400 1.314700
vt 2.726700 1.143100
vt 2.728900 1.314700
vt 2.632700 1.029200
vt 2.856400 1.228700
vt 2.854200 1.314500
vt 2.740500 1.129900
vt 2.999200 1.280700
vt 2.997200 1.314100
vt 3.003600 1.268900
vt 2.860600 1.216000
vt 3.152000 1.293400
vt 3.152300 1.313800
vt 3.001200 1.268700
vt 3.153000 1.281500
vt 2.946200 1.030700
vt 2.946200 0.915200
vt 2.946100 1.141600
vt 2.946200 0.785700
vt 3.385100 0.915200
vt 3.259800 1.029200
vt 3.151900 1.141200
vt 2.815600 1.277800
vt 2.726700 1.136400
vt 2.802700 1.284100
vt 2.946000 1.277300
vt 2.865500 1.424900
vt 3.076300 1.278100
vt 3.165700 1.148100
vt 3.089200 1.284200
vt 3.026000 1.425100
vt 2.945800 1.424600
vt 2.881800 1.577400
vt 3.009400 1.577600
vt 2.945600 1.577500
vt 3.165700 1.154300
vt 3.275100 1.043900
vt 3.271100 1.314700
vt 3.163600 1.314700
vt 3.044400 1.234300
vt 3.400900 1.314700
vt 3.046400 1.314400
vt 3.400900 0.931100
vt 3.518600 1.314700
vt 2.910900 1.282900
vt 3.518600 0.802500
vt 2.912800 1.314100
vt 3.040400 1.222300
vt 2.906700 1.271700
vt 2.767700 1.313700
vt 2.768100 1.294700
vt 2.909000 1.271700
vt 2.767100 1.283600
vt 3.678700 1.314700
vt 3.502500 0.785700
vt 3.678700 0.641100
vt 2.946200 0.624400
vt 3.662100 0.624400
vt 3.840100 0.802400
vt 3.840100 1.314700
vt 3.678700 0.624400
vt 3.502400 0.463000
vt 3.695400 0.624400
vt 3.959600 0.931100
vt 3.959600 1.314700
vt 3.856200 0.785700
vt 3.975400 0.915200
vt 4.090900 1.049900
vt 4.087500 1.314700
vt 4.106300 1.035400
vt 4.235000 1.145800
vt 4.101800 1.035400
vt 4.244900 1.132000
vt 4.232800 1.314200
vt 4.374600 1.227900
vt 4.373700 1.313700
vt 4.516600 1.267800
vt 4.378700 1.214900
vt 4.512700 1.279900
vt 4.512400 1.313200
vt 4.636400 1.292500
vt 4.636500 1.312800
vt 4.514000 1.267800
vt 4.637500 1.280600
vt 4.413000 0.915200
vt 4.413000 1.035100
vt 4.205900 1.137700
vt 4.413000 0.785700
vt 4.719700 1.035400
vt 4.850600 0.915200
vt 4.620100 1.137700
vt 4.413000 1.137500
vt 4.277200 1.262100
vt 4.192000 1.144000
vt 4.264300 1.268000
vt 4.413000 1.262100
vt 4.548800 1.262100
vt 4.634000 1.144000
vt 4.561600 1.268000
vt 4.496800 1.404400
vt 4.329100 1.404400
vt 4.413000 1.404300
vt 4.477300 1.558800
vt 4.348700 1.558800
vt 4.413000 1.558800
vt 2.230400 0.624400
vt 2.390100 0.463000
vt 2.213800 0.607700
vt 2.373900 0.446400
vt 2.946200 0.463000
vt 2.052400 0.446500
vt 2.213800 -0.045600
vt 2.373900 -0.045600
vt 2.052400 -0.045600
vt 1.932800 0.322200
vt 1.932800 -0.045600
vt 1.805000 0.209900
vt 1.805000 -0.045600
vt 1.702200 0.103700
vt 1.701700 -0.045600
vt 1.789700 0.224600
vt 1.518900 0.025400
vt 1.518900 -0.045600
vt 1.688500 0.117800
vt 1.380300 -0.023800
vt 1.380300 -0.045600
vt 1.376500 -0.011700
vt 1.514800 0.038300
vt 1.256500 -0.039100
vt 1.256500 -0.045600
vt 1.415500 0.117800
vt 1.215800 -0.007500
vt 1.615700 -0.007500
vt 1.702300 0.111400
vt 1.628600 -0.013400
vt 1.415500 -0.007500
vt 1.563400 -0.150500
vt 1.252000 -0.154300
vt 1.202400 -0.011500
vt 1.264200 -0.150500
vt 1.415500 -0.150500
vt 1.287200 -0.305600
vt 1.415500 -0.305600
vt 1.543800 -0.305600
vt 1.575600 -0.151700
vt 1.555700 -0.306800
vt 2.946200 0.337800
vt 2.507600 0.337800
vt 3.384900 0.337800
vt 2.491600 0.322100
vt 2.491600 -0.045600
vt 2.621400 0.210000
vt 2.621400 -0.045600
vt 2.728900 0.103800
vt 2.728900 -0.045600
vt 2.636800 0.224600
vt 2.854400 0.025300
vt 2.855200 -0.045600
vt 2.742800 0.117800
vt 2.992900 -0.022300
vt 2.858300 0.038300
vt 2.996500 -0.010100
vt 2.993500 -0.045600
vt 3.147800 -0.038600
vt 3.147900 -0.045600
vt 2.994100 -0.010100
vt 3.149100 -0.026800
vt 2.946200 0.224600
vt 3.255600 0.224600
vt 2.946200 0.117800
vt 3.149700 0.117800
vt 3.271100 0.210000
vt 2.815000 -0.030600
vt 2.728900 0.110300
vt 2.802300 -0.037700
vt 2.946200 -0.030600
vt 2.863900 -0.173500
vt 3.077500 -0.030600
vt 3.163600 0.110300
vt 3.090200 -0.037700
vt 3.028600 -0.173500
vt 2.946200 -0.174200
vt 2.882000 -0.313400
vt 3.010500 -0.313400
vt 2.946200 -0.313900
vt 3.163600 0.103800
vt 3.271100 -0.045600
vt 3.163600 -0.045600
vt 3.400900 -0.045600
vt 3.018200 0.025400
vt 3.017300 -0.045600
vt 3.400900 0.322100
vt 3.518600 -0.045600
vt 3.518600 0.446400
vt 3.678700 -0.045600
vt 3.678700 0.607700
vt 3.840100 0.446500
vt 3.840100 -0.045600
vt 3.959600 0.322200
vt 3.959600 -0.045600
vt 3.975600 0.337800
vt 4.087500 0.209900
vt 4.087500 -0.045600
vt 4.232800 0.103700
vt 4.232800 -0.045600
vt 4.373600 0.025400
vt 4.373600 -0.045600
vt 4.512200 -0.023800
vt 4.377600 0.038300
vt 4.516000 -0.011700
vt 4.512200 -0.045600
vt 4.636000 -0.039100
vt 4.636000 -0.045600
vt 4.102700 0.224600
vt 4.190200 0.110500
vt 4.087500 0.217000
vt 4.204000 0.117800
vt 4.413000 0.337800
vt 4.413000 0.224600
vt 4.413000 0.117800
vt 4.723200 0.224600
vt 4.276800 -0.007500
vt 4.190200 0.111400
vt 4.263900 -0.013400
vt 4.413000 -0.007500
vt 4.622000 0.117800
vt 4.738500 0.217000
vt 4.635800 0.110500
vt 4.549200 -0.007500
vt 4.635800 0.111400
vt 4.562100 -0.013400
vt 4.496900 -0.150500
vt 4.329100 -0.150500
vt 4.413000 -0.150500
vt 4.477300 -0.305600
vt 4.509200 -0.151700
vt 4.489200 -0.306800
vt 4.413000 -0.305600
vt 4.348700 -0.305600
vt 4.336800 -0.306800
vt 4.316800 -0.151700
vt 4.413000 0.624400
vt 4.413000 0.463000
vt 3.856400 0.463000
vt 4.850400 0.337800
vt 4.738500 0.209900
vt 4.969700 0.463000
vt 5.145700 0.624400
vt 4.969800 0.785700
vt 5.145700 0.607000
vt 5.145700 0.641700
vt 4.985900 0.446400
vt 5.145700 -0.045600
vt 4.985900 -0.045600
vt 4.866400 0.322200
vt 4.866400 -0.045600
vt 4.738500 -0.045600
vt 4.593200 0.103700
vt 4.593200 -0.045600
vt 4.452400 0.025400
vt 4.452400 -0.045600
vt 4.313800 -0.023800
vt 4.313800 -0.045600
vt 4.310000 -0.011700
vt 4.448400 0.038300
vt 4.190000 -0.039100
vt 4.190000 -0.045600
vt 4.866400 0.931100
vt 4.866400 1.314700
vt 4.985900 1.314700
vt 4.735100 1.049900
vt 4.738500 1.314700
vt 4.985900 0.802400
vt 5.145700 1.314700
vt 4.591000 1.145800
vt 4.724200 1.035400
vt 4.581100 1.132000
vt 4.593200 1.314200
vt 4.451400 1.227900
vt 4.452300 1.313700
vt 4.313300 1.279900
vt 4.447300 1.214900
vt 4.309300 1.267800
vt 4.313600 1.313200
vt 4.189600 1.292500
vt 4.189500 1.312800
vt 4.311900 1.267800
vt 4.188400 1.280600
vt 2.873000 -0.045500
vt 2.873600 -0.022200
vt 2.869800 -0.010000
vt 3.014100 0.038400
vt 2.730600 -0.038600
vt 2.730500 -0.045500
vt 2.729400 -0.026700
vt 2.872600 -0.010000
vt 1.423100 1.146000
vt 1.426300 1.124800
vt 1.269500 1.124800
vt 1.575100 1.124800
vt 1.269500 1.129500
vt 1.419900 1.157900
vt 1.267900 1.141400
vt 1.570200 1.204600
vt 1.714300 1.124800
vt 1.714300 1.300500
vt 1.706500 1.314500
vt 1.562500 1.217200
vt 4.507600 1.233200
vt 4.507600 1.314700
vt 4.656000 1.314700
vt 4.656000 1.139500
vt 4.500600 1.219900
vt 4.648700 1.124800
vt 4.363200 1.292000
vt 4.360100 1.314700
vt 4.221900 1.310000
vt 4.220800 1.314700
vt 4.223700 1.298100
vt 4.363500 1.279700
vt 2.213800 1.314700
vt 2.052400 1.314700
vt 2.052400 0.785700
vt 1.932800 0.915200
vt 1.932800 1.314700
vt 2.213800 0.624400
vt 1.801400 1.035400
vt 1.805000 1.314700
vt 1.415500 0.785700
vt 1.700300 1.137700
vt 1.701300 1.314200
vt 1.415500 0.915200
vt 1.517800 1.214900
vt 1.518800 1.313700
vt 1.379600 1.267800
vt 1.380100 1.313200
vt 1.256100 1.280600
vt 1.256000 1.312800
vt 1.415500 1.035100
vt 1.415500 1.137500
vt 1.628100 1.262100
vt 0.977800 1.035400
vt 1.415500 1.262000
vt 1.575500 1.404400
vt 1.202900 1.262100
vt 1.252100 1.404400
vt 1.101500 1.137700
vt 1.415500 1.404300
vt 1.555700 1.558800
vt 1.275300 1.558800
vt 1.415500 1.558800
vt 0.974200 1.314700
vt 1.099600 1.314700
vt 1.257900 1.217800
vt 0.831300 1.314700
vt 1.257100 1.313800
vt 1.395600 1.268800
vt 1.395200 1.312900
vt 1.526100 1.280800
vt 1.526200 1.312000
vt 0.831300 0.915200
vt 0.676100 1.314700
vt 0.676100 0.785700
vt 0.514800 1.314700
vt 1.415500 0.624400
vt 0.514800 0.624400
vt 0.353500 0.785700
vt 0.353500 1.314700
vt 0.198400 0.915200
vt 0.198400 1.314700
vt -0.259900 0.785700
vt -0.259900 0.624400
vt -0.259900 0.915200
vt 0.059700 1.029100
vt 0.055400 1.314700
vt -0.259900 1.032600
vt -0.067400 1.140800
vt -0.069900 1.314700
vt -0.259800 1.143500
vt -0.189500 1.221900
vt -0.165600 1.278100
vt -0.187300 1.314300
vt -0.259600 1.275600
vt -0.323800 1.271300
vt -0.225900 1.425400
vt -0.321300 1.313800
vt -0.259200 1.422700
vt -0.466000 1.283100
vt -0.466600 1.313300
vt -0.242200 1.577800
vt -0.258800 1.578400
vt 2.945800 1.424600
vt 2.945600 1.577500
vt 2.869900 1.577400
vt 3.009400 1.577600
vt 2.853400 1.425000
vt 3.026000 1.425100
vt 2.946000 1.277300
vt 2.802800 1.277800
vt 3.076300 1.278100
vt 2.946100 1.141600
vt 2.726500 1.129100
vt 3.165700 1.148100
vt 3.089200 1.284200
vt 3.151900 1.141200
vt 2.946200 1.030700
vt 3.259800 1.029200
vt 3.165700 1.154300
vt 2.617100 1.029100
vt 2.946200 0.915200
vt 2.621400 1.314700
vt 2.728900 1.314700
vt 2.856700 1.215900
vt 2.491600 1.314700
vt 2.854200 1.314500
vt 2.999900 1.268700
vt 2.997200 1.314100
vt 3.151700 1.281500
vt 3.152300 1.313800
vt 2.491600 0.915200
vt 2.373900 1.314700
vt 2.373900 0.785700
vt 2.946200 0.785700
vt 3.385100 0.915200
vt 2.946200 0.624400
vt 3.502500 0.785700
vt 3.275100 1.043900
vt 3.271100 1.314700
vt 3.163600 1.314700
vt 3.400900 1.314700
vt 3.044400 1.234300
vt 3.046400 1.314400
vt 3.400900 0.931100
vt 3.518600 1.314700
vt 3.518600 0.802500
vt 3.678700 1.314700
vt 2.910900 1.282900
vt 2.912800 1.314100
vt 2.906800 1.271800
vt 3.040500 1.222400
vt 2.768100 1.294700
vt 2.767700 1.313700
vt 2.909000 1.271700
vt 2.767100 1.283600
vt 3.678700 0.641100
vt 3.840100 0.802400
vt 3.840100 1.314700
vt 3.678700 0.624400
vt 3.662100 0.624400
vt 3.678700 0.607700
vt 3.959600 0.931100
vt 3.959600 1.314700
vt 3.975400 0.915200
vt 4.090900 1.049900
vt 4.087500 1.314700
vt 4.235000 1.145800
vt 4.232800 1.314200
vt 4.101800 1.035400
vt 4.244900 1.132000
vt 4.374600 1.227900
vt 4.373700 1.313700
vt 4.106300 1.035400
vt 4.512700 1.279900
vt 4.378700 1.214900
vt 4.516600 1.267800
vt 4.512400 1.313200
vt 4.636400 1.292500
vt 4.636500 1.312800
vt 4.514000 1.267800
vt 4.637500 1.280600
vt 4.413000 0.915200
vt 4.413000 1.035100
vt 4.205900 1.137700
vt 4.719700 1.035400
vt 4.620100 1.137700
vt 4.850600 0.915200
vt 4.413000 1.137500
vt 4.548800 1.262100
vt 4.634000 1.144000
vt 4.561600 1.268000
vt 4.413000 1.262100
vt 4.277200 1.262100
vt 4.192000 1.144000
vt 4.264300 1.268000
vt 4.329100 1.404400
vt 4.496800 1.404400
vt 4.413000 1.404300
vt 4.348700 1.558800
vt 4.477300 1.558800
vt 4.413000 1.558800
vt 2.373900 0.463000
vt 2.946200 0.463000
vt 2.213800 -0.045600
vt 2.373900 -0.045600
vt 2.052400 0.463000
vt 2.491600 0.337800
vt 2.491600 -0.045600
vt 2.052400 -0.045600
vt 1.932800 0.337800
vt 1.932800 -0.045600
vt 1.415500 0.463000
vt 0.676100 0.463000
vt 1.805000 0.224600
vt 1.805000 -0.045600
vt 1.415500 0.337800
vt 0.831300 0.337800
vt 1.415500 0.224600
vt 1.702300 0.117800
vt 1.701700 -0.045600
vt 1.518900 0.038300
vt 1.518900 -0.045600
vt 1.380300 -0.011700
vt 1.380300 -0.045600
vt 1.256500 -0.027200
vt 1.256500 -0.045600
vt 1.415500 0.117800
vt 1.628600 -0.007500
vt 0.974200 0.224600
vt 1.099600 0.117800
vt 1.202400 -0.007500
vt 1.415500 -0.007500
vt 1.575600 -0.150500
vt 1.252000 -0.150500
vt 1.415500 -0.150500
vt 1.555700 -0.305600
vt 1.275300 -0.305600
vt 1.415500 -0.305600
vt 1.251700 -0.415800
vt 1.251700 0.038300
vt 1.403000 -0.366100
vt 1.403000 -0.011700
vt 1.557200 -0.342900
vt 1.557200 -0.027200
vt 1.099600 -0.518600
vt 0.974200 -0.643900
vt 1.415500 -0.643900
vt 1.415500 -0.518600
vt 1.202400 -0.379500
vt 1.415500 -0.786900
vt 1.415500 -0.379500
vt 1.252000 -0.230700
vt 1.415500 -0.230700
vt 1.275300 -0.073800
vt 1.415500 -0.073800
vt 0.831300 -0.786900
vt 1.415500 -0.942000
vt 0.676100 -0.942000
vt 1.415500 -1.099500
vt 0.518600 -1.099500
vt 0.514800 -1.099500
vt 0.353500 -0.942000
vt 0.511000 -1.099500
vt -0.259900 -1.099500
vt -0.259900 -0.942000
vt 0.353500 0.463000
vt -0.259900 0.463000
vt 0.198400 -0.786900
vt -0.259900 -0.786900
vt 0.198400 0.337800
vt -0.259900 0.337800
vt 0.055400 -0.643900
vt -0.259900 -0.643900
vt 0.055400 0.224600
vt -0.259900 0.224600
vt -0.069900 -0.518600
vt -0.259900 -0.518600
vt -0.069900 0.117800
vt -0.259900 0.117800
vt -0.232900 -0.413900
vt -0.227200 0.038300
vt -0.373500 -0.010100
vt -0.382600 -0.365500
vt -0.512600 -0.343100
vt -0.508500 -0.026900
vt 2.946200 0.337800
vt 2.621400 0.224600
vt 2.621400 -0.045600
vt 2.728900 0.117800
vt 2.728900 -0.045600
vt 2.854200 0.038300
vt 2.855200 -0.045600
vt 2.992600 -0.010100
vt 2.993500 -0.045600
vt 3.147600 -0.026700
vt 3.147900 -0.045600
vt 2.946200 0.224600
vt 2.946200 0.117800
vt 2.802200 -0.030600
vt 3.255600 0.224600
vt 2.946200 -0.030600
vt 2.851700 -0.173400
vt 3.149700 0.117800
vt 3.077500 -0.030600
vt 3.163600 0.110300
vt 3.090200 -0.037700
vt 3.028600 -0.173500
vt 3.163600 0.103800
vt 2.946200 -0.174200
vt 3.010500 -0.313400
vt 2.870100 -0.313200
vt 2.946200 -0.313900
vt 3.271100 0.210000
vt 3.271100 -0.045600
vt 3.163600 -0.045600
vt 3.018200 0.025400
vt 3.400900 -0.045600
vt 3.017300 -0.045600
vt 3.400900 0.322100
vt 3.518600 -0.045600
vt 3.384900 0.337800
vt 3.518600 0.446400
vt 3.502400 0.463000
vt 3.678700 -0.045600
vt 3.840100 0.446500
vt 3.840100 -0.045600
vt 3.856400 0.463000
vt 3.959600 0.322200
vt 3.959600 -0.045600
vt 3.975600 0.337800
vt 4.087500 0.209900
vt 4.087500 -0.045600
vt 4.232800 0.103700
vt 4.232800 -0.045600
vt 4.373600 0.025400
vt 4.373600 -0.045600
vt 4.102700 0.224600
vt 4.512200 -0.023800
vt 4.512200 -0.045600
vt 4.516000 -0.011700
vt 4.377600 0.038300
vt 4.636000 -0.039100
vt 4.636000 -0.045600
vt 4.413000 0.337800
vt 4.413000 0.463000
vt 4.413000 0.224600
vt 4.850400 0.337800
vt 4.204000 0.117800
vt 4.087500 0.217000
vt 4.190200 0.110500
vt 4.723200 0.224600
vt 4.635800 0.110500
vt 4.738500 0.217000
vt 4.622000 0.117800
vt 4.738500 0.209900
vt 4.413000 0.117800
vt 4.549200 -0.007500
vt 4.635800 0.111400
vt 4.562100 -0.013400
vt 4.276800 -0.007500
vt 4.190200 0.111400
vt 4.263900 -0.013400
vt 4.413000 -0.007500
vt 4.329100 -0.150500
vt 4.496900 -0.150500
vt 4.413000 -0.150500
vt 4.348700 -0.305600
vt 4.316800 -0.151700
vt 4.336800 -0.306800
vt 4.413000 -0.305600
vt 4.477300 -0.305600
vt 4.489200 -0.306800
vt 4.509200 -0.151700
vt 4.413000 0.624400
vt 3.695400 0.624400
vt 3.856200 0.785700
vt 4.413000 0.785700
vt 4.969800 0.785700
vt 5.145700 0.624400
vt 5.145700 0.641700
vt 4.969700 0.463000
vt 5.145700 0.607000
vt 4.985900 0.446400
vt 5.145700 -0.045600
vt 4.985900 -0.045600
vt 4.866400 0.322200
vt 4.866400 -0.045600
vt 4.738500 -0.045600
vt 4.593200 0.103700
vt 4.593200 -0.045600
vt 4.452400 0.025400
vt 4.452400 -0.045600
vt 4.313800 -0.023800
vt 4.448400 0.038300
vt 4.310000 -0.011700
vt 4.313800 -0.045600
vt 4.190000 -0.039100
vt 4.190000 -0.045600
vt 4.985900 1.314700
vt 4.866400 1.314700
vt 4.866400 0.931100
vt 4.985900 0.802400
vt 5.145700 1.314700
vt 4.735100 1.049900
vt 4.738500 1.314700
vt 4.591000 1.145800
vt 4.724200 1.035400
vt 4.581100 1.132000
vt 4.593200 1.314200
vt 4.451400 1.227900
vt 4.452300 1.313700
vt 4.309300 1.267800
vt 4.447300 1.214900
vt 4.313300 1.279900
vt 4.313600 1.313200
vt 4.189600 1.292500
vt 4.189500 1.312800
vt 4.311900 1.267800
vt 4.188400 1.280600
vt 2.873600 -0.022200
vt 3.014200 0.038400
vt 2.869800 -0.010000
vt 2.873000 -0.045500
vt 2.730600 -0.038600
vt 2.730500 -0.045500
vt 2.872600 -0.010100
vt 2.729400 -0.026700
vt 1.421400 1.157800
vt 1.269500 1.141400
vt 1.269500 1.124800
vt 1.426300 1.124800
vt 1.575100 1.124800
vt 1.569500 1.217400
vt 1.714300 1.124800
vt 1.714300 1.314700
vt 4.507600 1.219900
vt 4.656000 1.124800
vt 4.656000 1.314700
vt 4.507600 1.314700
vt 4.364900 1.279200
vt 4.360100 1.314700
vt 4.225000 1.297700
vt 4.220800 1.314700
vt 2.052400 0.802400
vt 2.213800 0.641100
vt 2.213800 1.314700
vt 2.052400 1.314700
vt 2.373900 0.802500
vt 2.373900 1.314700
vt 2.390000 0.785700
vt 2.491600 0.931100
vt 2.491600 1.314700
vt 2.507400 0.915200
vt 2.617400 1.043900
vt 2.621400 1.314700
vt 2.726700 1.143100
vt 2.728900 1.314700
vt 2.632700 1.029200
vt 2.856400 1.228700
vt 2.854200 1.314500
vt 2.740500 1.129900
vt 2.999200 1.280700
vt 2.997200 1.314100
vt 3.003600 1.268900
vt 2.860600 1.216000
vt 3.152000 1.293400
vt 3.152300 1.313800
vt 3.001200 1.268700
vt 3.153000 1.281500
vt 2.946200 0.915200
vt 2.946200 1.030700
vt 2.946200 0.785700
vt 3.385100 0.915200
vt 3.259800 1.029200
vt 3.151900 1.141200
vt 2.946100 1.141600
vt 2.815600 1.277800
vt 2.726700 1.136400
vt 2.802700 1.284100
vt 2.946000 1.277300
vt 2.865500 1.424900
vt 3.076300 1.278100
vt 3.165700 1.148100
vt 3.089200 1.284200
vt 3.026000 1.425100
vt 2.945800 1.424600
vt 2.881800 1.577400
vt 3.009400 1.577600
vt 2.945600 1.577500
vt 3.165700 1.154300
vt 3.275100 1.043900
vt 3.271100 1.314700
vt 3.163600 1.314700
vt 3.044400 1.234300
vt 3.400900 1.314700
vt 3.046400 1.314400
vt 3.400900 0.931100
vt 3.518600 1.314700
vt 2.910900 1.282900
vt 3.518600 0.802500
vt 3.040400 1.222300
vt 2.906700 1.271700
vt 2.912800 1.314100
vt 2.767700 1.313700
vt 2.768100 1.294700
vt 2.909000 1.271700
vt 2.767100 1.283600
vt 3.678700 1.314700
vt 3.502500 0.785700
vt 3.678700 0.641100
vt 2.946200 0.624400
vt 3.662100 0.624400
vt 3.840100 0.802400
vt 3.840100 1.314700
vt 3.678700 0.624400
vt 3.959600 0.931100
vt 3.959600 1.314700
vt 3.502400 0.463000
vt 3.695400 0.624400
vt 4.090900 1.049900
vt 4.087500 1.314700
vt 3.975400 0.915200
vt 4.235000 1.145800
vt 4.232800 1.314200
vt 4.101800 1.035400
vt 4.244900 1.132000
vt 4.374600 1.227900
vt 4.373700 1.313700
vt 4.106300 1.035400
vt 4.512700 1.279900
vt 4.512400 1.313200
vt 4.516600 1.267800
vt 4.378700 1.214900
vt 4.636400 1.292500
vt 4.636500 1.312800
vt 4.514000 1.267800
vt 4.637500 1.280600
vt 4.413000 0.915200
vt 4.413000 1.035100
vt 4.205900 1.137700
vt 4.719700 1.035400
vt 4.620100 1.137700
vt 4.850600 0.915200
vt 4.413000 1.137500
vt 4.548800 1.262100
vt 4.634000 1.144000
vt 4.561600 1.268000
vt 4.277200 1.262100
vt 4.192000 1.144000
vt 4.264300 1.268000
vt 4.413000 1.262100
vt 4.329100 1.404400
vt 4.496800 1.404400
vt 4.413000 1.404300
vt 4.348700 1.558800
vt 4.477300 1.558800
vt 4.413000 1.558800
vt 1.932800 0.931100
vt 1.932800 1.314700
vt 1.801600 1.049900
vt 1.805000 1.314700
vt 1.917000 0.915200
vt 1.700400 1.151100
vt 1.701300 1.314200
vt 1.517900 1.227900
vt 1.518800 1.313700
vt 1.786200 1.035400
vt 1.686500 1.137700
vt 1.379800 1.279900
vt 1.513700 1.214900
vt 1.375800 1.267800
vt 1.380100 1.313200
vt 1.256100 1.292500
vt 1.256000 1.312800
vt 1.378400 1.267800
vt 1.254900 1.280600
vt 1.415500 0.915200
vt 1.415500 1.035100
vt 1.415500 1.137500
vt 1.415500 0.785700
vt 1.615300 1.262100
vt 1.700500 1.144000
vt 1.628100 1.268000
vt 1.116400 1.137700
vt 1.216200 1.262100
vt 0.994100 1.035400
vt 1.101300 1.150700
vt 1.415500 1.262000
vt 1.563300 1.404400
vt 1.264300 1.404400
vt 1.202800 1.266200
vt 1.252100 1.408200
vt 1.415500 1.404300
vt 1.287200 1.558800
vt 1.543800 1.558800
vt 1.415500 1.558800
vt 0.848600 0.915200
vt 0.977700 1.049500
vt 0.693400 0.785700
vt 0.974200 1.314700
vt 1.099600 1.314700
vt 0.831300 1.314700
vt 1.257800 1.230300
vt 1.110600 1.137700
vt 1.266100 1.217800
vt 1.257100 1.313800
vt 1.395500 1.280600
vt 1.395200 1.312900
vt 1.526100 1.292300
vt 1.526200 1.312000
vt 1.397100 1.268800
vt 1.527500 1.280700
vt 0.831300 0.930000
vt 0.676100 1.314700
vt 0.676100 0.801600
vt 0.514800 1.314700
vt 0.514800 0.641000
vt 0.531500 0.624400
vt 0.353500 0.801600
vt 0.353500 1.314700
vt 0.198400 0.930100
vt 0.198400 1.314700
vt 0.498200 0.624400
vt 0.059500 1.043500
vt 0.055400 1.314700
vt 0.336300 0.785700
vt 0.181000 0.915200
vt -0.067600 1.153700
vt -0.069900 1.314700
vt -0.189200 1.233900
vt -0.187300 1.314300
vt -0.323100 1.282500
vt -0.321300 1.313800
vt -0.466600 1.313300
vt -0.466200 1.294200
vt 0.043100 1.029300
vt -0.082400 1.141000
vt -0.259900 0.915200
vt -0.259900 1.032600
vt -0.259900 0.785700
vt -0.259900 0.624400
vt -0.259800 1.143500
vt -0.067700 1.147600
vt -0.165600 1.284100
vt -0.178700 1.277800
vt -0.259600 1.275600
vt -0.226100 1.428700
vt -0.165800 1.282000
vt -0.237900 1.424500
vt -0.259200 1.422700
vt -0.254100 1.578200
vt -0.258800 1.578400
vt -0.242200 1.579100
vt -0.225800 1.425700
vt 0.336100 0.463000
vt -0.259900 0.463000
vt 0.514800 0.624400
vt 0.514800 0.607700
vt 0.180800 0.337800
vt -0.259900 0.337800
vt 0.039100 0.224600
vt -0.259900 0.224600
vt -0.084700 0.117800
vt -0.259900 0.117800
vt -0.069900 0.104100
vt 0.055400 0.210300
vt 0.198400 0.323100
vt 0.353500 0.447300
vt 0.055400 -0.628600
vt -0.069900 -0.504100
vt -0.232800 -0.400800
vt -0.227400 0.025400
vt 0.040100 -0.643900
vt -0.084200 -0.518600
vt -0.259900 -0.643900
vt -0.259900 -0.518600
vt -0.259900 -0.786900
vt 0.182300 -0.786900
vt -0.259900 -0.942000
vt 0.198400 -0.770900
vt 0.337000 -0.942000
vt -0.259900 -1.099500
vt 0.494300 -1.099500
vt 0.353500 -0.925500
vt 0.514800 -1.099500
vt 0.676100 -0.925500
vt 0.535300 -1.099500
vt 0.676100 0.447300
vt 0.692700 -0.942000
vt 1.415500 -1.099500
vt 1.415500 -0.942000
vt 0.847300 -0.786900
vt 1.415500 -0.786900
vt 0.831300 -0.770900
vt 0.989600 -0.643900
vt 1.415500 -0.643900
vt 1.114000 -0.518600
vt 1.415500 -0.518600
vt 0.974200 -0.628600
vt 1.099600 -0.504200
vt 1.215600 -0.379500
vt 1.099600 -0.510800
vt 1.202400 -0.372300
vt 1.415500 -0.379500
vt 1.264200 -0.230700
vt 1.202400 -0.375200
vt 1.252000 -0.226800
vt 1.415500 -0.230700
vt 1.287200 -0.073800
vt 1.415500 -0.073800
vt 1.252000 -0.228900
vt 1.275300 -0.072100
vt 0.974200 0.210300
vt 0.831300 0.323100
vt 1.099600 0.104100
vt 1.251700 -0.402600
vt 0.693500 0.463000
vt 0.848900 0.337800
vt 0.990500 0.224600
vt 1.251700 0.025500
vt 1.403000 -0.354000
vt 1.108400 0.117800
vt 1.259600 0.038300
vt 1.403000 -0.023800
vt 1.557200 -0.331000
vt 1.557200 -0.039100
vt 1.404800 -0.011700
vt 1.558900 -0.027200
vt 1.114500 0.117800
vt 1.415500 0.224600
vt 1.415500 0.337800
vt 1.415500 0.117800
vt 1.415500 0.463000
vt 1.215800 -0.007500
vt 1.916800 0.337800
vt 1.202400 -0.011500
vt 1.252000 -0.154300
vt 1.264200 -0.150500
vt 1.415500 -0.007500
vt 1.615700 -0.007500
vt 1.415500 -0.150500
vt 1.287200 -0.305600
vt 1.415500 -0.305600
vt 1.543800 -0.305600
vt 1.563400 -0.150500
vt 1.575600 -0.151700
vt 1.555700 -0.306800
vt 1.628600 -0.013400
vt 1.702300 0.111400
vt 1.688500 0.117800
vt 1.789700 0.224600
vt 1.805000 0.209900
vt 1.702200 0.103700
vt 1.805000 -0.045600
vt 1.701700 -0.045600
vt 1.932800 -0.045600
vt 1.518900 0.025400
vt 1.518900 -0.045600
vt 1.932800 0.322200
vt 2.052400 -0.045600
vt 1.380300 -0.023800
vt 1.380300 -0.045600
vt 1.376500 -0.011700
vt 1.514800 0.038300
vt 1.256500 -0.039100
vt 1.256500 -0.045600
vt 2.052400 0.446500
vt 2.213800 -0.045600
vt 2.036100 0.463000
vt 2.213800 0.607700
vt 2.373900 0.446400
vt 2.373900 -0.045600
vt 2.213800 0.624400
vt 1.415500 0.624400
vt 2.197100 0.624400
vt 2.036200 0.785700
vt 2.230400 0.624400
vt 2.390100 0.463000
vt 2.946200 0.463000
vt 2.507600 0.337800
vt 2.491600 0.322100
vt 2.491600 -0.045600
vt 2.621400 0.210000
vt 2.621400 -0.045600
vt 2.728900 0.103800
vt 2.728900 -0.045600
vt 2.854400 0.025300
vt 2.855200 -0.045600
vt 2.636800 0.224600
vt 2.742800 0.117800
vt 2.992900 -0.022300
vt 2.858300 0.038300
vt 2.996500 -0.010100
vt 2.993500 -0.045600
vt 3.147800 -0.038600
vt 3.147900 -0.045600
vt 2.994100 -0.010100
vt 3.149100 -0.026800
vt 2.946200 0.337800
vt 2.946200 0.224600
vt 3.384900 0.337800
vt 3.255600 0.224600
vt 2.946200 0.117800
vt 3.149700 0.117800
vt 3.271100 0.210000
vt 2.815000 -0.030600
vt 2.728900 0.110300
vt 2.802300 -0.037700
vt 2.946200 -0.030600
vt 2.863900 -0.173500
vt 3.077500 -0.030600
vt 3.163600 0.110300
vt 3.090200 -0.037700
vt 3.028600 -0.173500
vt 2.946200 -0.174200
vt 2.882000 -0.313400
vt 3.010500 -0.313400
vt 2.946200 -0.313900
vt 3.163600 0.103800
vt 3.271100 -0.045600
vt 3.163600 -0.045600
vt 3.400900 -0.045600
vt 3.018200 0.025400
vt 3.017300 -0.045600
vt 3.400900 0.322100
vt 3.518600 -0.045600
vt 3.518600 0.446400
vt 3.678700 -0.045600
vt 3.678700 0.607700
vt 3.840100 0.446500
vt 3.840100 -0.045600
vt 3.959600 0.322200
vt 3.959600 -0.045600
vt 3.975600 0.337800
vt 4.087500 0.209900
vt 4.087500 -0.045600
vt 4.232800 0.103700
vt 4.232800 -0.045600
vt 4.373600 0.025400
vt 4.373600 -0.045600
vt 4.512200 -0.023800
vt 4.377600 0.038300
vt 4.516000 -0.011700
vt 4.512200 -0.045600
vt 4.636000 -0.039100
vt 4.636000 -0.045600
vt 4.102700 0.224600
vt 4.087500 0.217000
vt 4.190200 0.110500
vt 4.204000 0.117800
vt 4.413000 0.337800
vt 4.413000 0.224600
vt 4.413000 0.117800
vt 4.723200 0.224600
vt 4.276800 -0.007500
vt 4.190200 0.111400
vt 4.263900 -0.013400
vt 4.413000 -0.007500
vt 4.622000 0.117800
vt 4.738500 0.217000
vt 4.635800 0.110500
vt 4.549200 -0.007500
vt 4.635800 0.111400
vt 4.562100 -0.013400
vt 4.496900 -0.150500
vt 4.329100 -0.150500
vt 4.413000 -0.150500
vt 4.477300 -0.305600
vt 4.509200 -0.151700
vt 4.489200 -0.306800
vt 4.413000 -0.305600
vt 4.348700 -0.305600
vt 4.336800 -0.306800
vt 4.316800 -0.151700
vt 3.856400 0.463000
vt 4.413000 0.463000
vt 4.413000 0.624400
vt 4.850400 0.337800
vt 4.738500 0.209900
vt 4.969700 0.463000
vt 4.866400 0.322200
vt 4.985900 0.446400
vt 4.866400 -0.045600
vt 4.738500 -0.045600
vt 4.985900 -0.045600
vt 4.593200 0.103700
vt 5.145700 -0.045600
vt 4.593200 -0.045600
vt 5.145700 0.607000
vt 5.145700 0.624400
vt 4.452400 0.025400
vt 4.452400 -0.045600
vt 4.313800 -0.023800
vt 4.313800 -0.045600
vt 4.310000 -0.011700
vt 4.448400 0.038300
vt 4.190000 -0.039100
vt 4.190000 -0.045600
vt 4.969800 0.785700
vt 5.145700 0.641700
vt 4.985900 0.802400
vt 5.145700 1.314700
vt 4.985900 1.314700
vt 4.866400 0.931100
vt 4.866400 1.314700
vt 4.735100 1.049900
vt 4.738500 1.314700
vt 4.591000 1.145800
vt 4.724200 1.035400
vt 4.581100 1.132000
vt 4.593200 1.314200
vt 4.451400 1.227900
vt 4.452300 1.313700
vt 4.313300 1.279900
vt 4.447300 1.214900
vt 4.309300 1.267800
vt 4.313600 1.313200
vt 4.189600 1.292500
vt 4.189500 1.312800
vt 4.311900 1.267800
vt 4.188400 1.280600
vt 3.856200 0.785700
vt 4.413000 0.785700
vt 2.873600 -0.022200
vt 2.869800 -0.010000
vt 3.014100 0.038400
vt 2.873000 -0.045500
vt 2.730600 -0.038600
vt 2.730500 -0.045500
vt 2.729400 -0.026700
vt 2.872600 -0.010000
vt 1.423100 1.146000
vt 1.269500 1.129500
vt 1.269500 1.124800
vt 1.426300 1.124800
vt 1.419900 1.157900
vt 1.267900 1.141400
vt 1.575100 1.124800
vt 1.570200 1.204600
vt 1.714300 1.124800
vt 1.714300 1.300500
vt 1.706500 1.314500
vt 1.562500 1.217200
vt 4.507600 1.233200
vt 4.656000 1.139500
vt 4.656000 1.314700
vt 4.507600 1.314700
vt 4.500600 1.219900
vt 4.648700 1.124800
vt 4.363200 1.292000
vt 4.360100 1.314700
vt 4.221900 1.310000
vt 4.220800 1.314700
vt 4.223700 1.298100
vt 4.363500 1.279700
vt -0.373800 -0.022300
vt -0.232400 0.038400
vt -0.379900 -0.010600
vt -0.382300 -0.353400
vt -0.237000 -0.414200
vt -0.385500 -0.365700
vt -0.508700 -0.038800
vt -0.512400 -0.331100
vt 2.052400 0.785700
vt 2.052400 1.314700
vt 2.213800 1.314700
vt 1.932800 0.915200
vt 1.932800 1.314700
vt 2.213800 0.624400
vt 1.801400 1.035400
vt 1.805000 1.314700
vt 1.415500 0.785700
vt 1.700300 1.137700
vt 1.701300 1.314200
vt 1.415500 0.915200
vt 1.517800 1.214900
vt 1.518800 1.313700
vt 1.379600 1.267800
vt 1.380100 1.313200
vt 1.256100 1.280600
vt 1.256000 1.312800
vt 1.415500 1.035100
vt 1.415500 1.137500
vt 1.628100 1.262100
vt 0.977800 1.035400
vt 1.415500 1.262000
vt 1.575500 1.404400
vt 1.202900 1.262100
vt 1.252100 1.404400
vt 1.101500 1.137700
vt 1.415500 1.404300
vt 1.555700 1.558800
vt 1.275300 1.558800
vt 1.415500 1.558800
vt 0.974200 1.314700
vt 1.099600 1.314700
vt 1.257900 1.217800
vt 0.831300 1.314700
vt 1.257100 1.313800
vt 1.395600 1.268800
vt 1.395200 1.312900
vt 1.526100 1.280800
vt 1.526200 1.312000
vt 0.831300 0.915200
vt 0.676100 1.314700
vt 0.676100 0.785700
vt 0.514800 1.314700
vt 1.415500 0.624400
vt 0.514800 0.624400
vt 0.353500 0.785700
vt 0.353500 1.314700
vt 0.198400 0.915200
vt 0.198400 1.314700
vt -0.259900 0.785700
vt -0.259900 0.624400
vt -0.259900 0.915200
vt 0.353500 0.463000
vt 0.059700 1.029100
vt 0.055400 1.314700
vt -0.259900 1.032600
vt -0.067400 1.140800
vt -0.069900 1.314700
vt -0.259800 1.143500
vt -0.189500 1.221900
vt -0.165600 1.278100
vt -0.187300 1.314300
vt -0.259600 1.275600
vt -0.323800 1.271300
vt -0.225900 1.425400
vt -0.321300 1.313800
vt -0.466000 1.283100
vt -0.466600 1.313300
vt -0.259200 1.422700
vt -0.242200 1.577800
vt -0.258800 1.578400
vt 2.869900 1.577400
vt 2.945600 1.577500
vt 2.945800 1.424600
vt 3.009400 1.577600
vt 2.853400 1.425000
vt 3.026000 1.425100
vt 2.946000 1.277300
vt 2.802800 1.277800
vt 3.076300 1.278100
vt 2.946100 1.141600
vt 2.726500 1.129100
vt 3.089200 1.284200
vt 3.165700 1.148100
vt 3.151900 1.141200
vt 2.946200 1.030700
vt 3.259800 1.029200
vt 3.165700 1.154300
vt 2.617100 1.029100
vt 2.946200 0.915200
vt 2.621400 1.314700
vt 2.728900 1.314700
vt 2.856700 1.215900
vt 2.491600 1.314700
vt 2.854200 1.314500
vt 2.999900 1.268700
vt 2.997200 1.314100
vt 3.151700 1.281500
vt 3.152300 1.313800
vt 2.491600 0.915200
vt 2.373900 1.314700
vt 2.373900 0.785700
vt 2.946200 0.785700
vt 3.385100 0.915200
vt 2.946200 0.624400
vt 3.502500 0.785700
vt 3.275100 1.043900
vt 3.271100 1.314700
vt 3.163600 1.314700
vt 3.400900 1.314700
vt 3.044400 1.234300
vt 3.046400 1.314400
vt 3.400900 0.931100
vt 3.518600 1.314700
vt 3.518600 0.802500
vt 3.678700 1.314700
vt 3.678700 0.641100
vt 3.040500 1.222400
vt 2.906800 1.271800
vt 2.910900 1.282900
vt 2.912800 1.314100
vt 2.768100 1.294700
vt 2.767700 1.313700
vt 2.909000 1.271700
vt 2.767100 1.283600
vt 3.840100 0.802400
vt 3.840100 1.314700
vt 3.678700 0.624400
vt 3.662100 0.624400
vt 3.959600 0.931100
vt 3.959600 1.314700
vt 3.975400 0.915200
vt 4.090900 1.049900
vt 4.087500 1.314700
vt 4.235000 1.145800
vt 4.232800 1.314200
vt 4.101800 1.035400
vt 4.244900 1.132000
vt 4.374600 1.227900
vt 4.373700 1.313700
vt 4.106300 1.035400
vt 4.512700 1.279900
vt 4.378700 1.214900
vt 4.516600 1.267800
vt 4.512400 1.313200
vt 4.636400 1.292500
vt 4.636500 1.312800
vt 4.514000 1.267800
vt 4.637500 1.280600
vt 4.413000 0.915200
vt 4.413000 1.035100
vt 4.205900 1.137700
vt 4.719700 1.035400
vt 4.620100 1.137700
vt 4.850600 0.915200
vt 4.413000 1.137500
vt 4.548800 1.262100
vt 4.634000 1.144000
vt 4.561600 1.268000
vt 4.277200 1.262100
vt 4.192000 1.144000
vt 4.264300 1.268000
vt 4.413000 1.262100
vt 4.329100 1.404400
vt 4.496800 1.404400
vt 4.413000 1.404300
vt 4.348700 1.558800
vt 4.477300 1.558800
vt 4.413000 1.558800
vt 2.373900 0.463000
vt 2.213800 -0.045600
vt 2.373900 -0.045600
vt 2.052400 0.463000
vt 2.052400 -0.045600
vt 1.932800 0.337800
vt 1.932800 -0.045600
vt 1.415500 0.463000
vt 0.676100 0.463000
vt 1.805000 0.224600
vt 1.805000 -0.045600
vt 1.415500 0.337800
vt 0.831300 0.337800
vt 1.702300 0.117800
vt 1.701700 -0.045600
vt 1.518900 0.038300
vt 1.518900 -0.045600
vt 1.380300 -0.011700
vt 1.380300 -0.045600
vt 1.256500 -0.027200
vt 1.256500 -0.045600
vt 1.415500 0.224600
vt 1.415500 0.117800
vt 1.628600 -0.007500
vt 0.974200 0.224600
vt 1.099600 0.117800
vt 1.202400 -0.007500
vt 1.415500 -0.007500
vt 1.575600 -0.150500
vt 1.252000 -0.150500
vt 1.415500 -0.150500
vt 1.555700 -0.305600
vt 1.275300 -0.305600
vt 1.415500 -0.305600
vt 0.974200 -0.643900
vt 1.099600 -0.518600
vt 1.251700 -0.415800
vt 1.251700 0.038300
vt 1.403000 -0.366100
vt 1.403000 -0.011700
vt 1.557200 -0.342900
vt 1.557200 -0.027200
vt 1.415500 -0.643900
vt 1.415500 -0.518600
vt 1.202400 -0.379500
vt 1.415500 -0.786900
vt 1.415500 -0.379500
vt 1.252000 -0.230700
vt 1.415500 -0.230700
vt 1.275300 -0.073800
vt 1.415500 -0.073800
vt 0.831300 -0.786900
vt 1.415500 -0.942000
vt 0.676100 -0.942000
vt 1.415500 -1.099500
vt 0.518600 -1.099500
vt 0.514800 -1.099500
vt 0.353500 -0.942000
vt 0.511000 -1.099500
vt -0.259900 -1.099500
vt -0.259900 -0.942000
vt 0.198400 -0.786900
vt -0.259900 -0.786900
vt -0.259900 0.463000
vt 0.198400 0.337800
vt -0.259900 0.337800
vt 0.055400 -0.643900
vt -0.259900 -0.643900
vt 0.055400 0.224600
vt -0.259900 0.224600
vt -0.069900 -0.518600
vt -0.259900 -0.518600
vt -0.069900 0.117800
vt -0.259900 0.117800
vt -0.232900 -0.413900
vt -0.227200 0.038300
vt -0.373500 -0.010100
vt -0.382600 -0.365500
vt -0.512600 -0.343100
vt -0.508500 -0.026900
vt 2.946200 0.463000
vt 3.502400 0.463000
vt 2.491600 0.337800
vt 2.491600 -0.045600
vt 3.384900 0.337800
vt 3.518600 0.446400
vt 2.621400 0.224600
vt 2.621400 -0.045600
vt 2.946200 0.337800
vt 2.728900 0.117800
vt 2.728900 -0.045600
vt 2.854200 0.038300
vt 2.855200 -0.045600
vt 2.992600 -0.010100
vt 2.993500 -0.045600
vt 3.147600 -0.026700
vt 3.147900 -0.045600
vt 2.946200 0.224600
vt 2.946200 0.117800
vt 2.802200 -0.030600
vt 3.255600 0.224600
vt 3.149700 0.117800
vt 2.946200 -0.030600
vt 2.851700 -0.173400
vt 3.077500 -0.030600
vt 3.163600 0.110300
vt 3.090200 -0.037700
vt 3.028600 -0.173500
vt 3.163600 0.103800
vt 2.946200 -0.174200
vt 3.010500 -0.313400
vt 2.870100 -0.313200
vt 2.946200 -0.313900
vt 3.271100 0.210000
vt 3.271100 -0.045600
vt 3.163600 -0.045600
vt 3.400900 -0.045600
vt 3.018200 0.025400
vt 3.017300 -0.045600
vt 3.400900 0.322100
vt 3.518600 -0.045600
vt 3.678700 -0.045600
vt 2.873600 -0.022200
vt 3.014200 0.038400
vt 2.869800 -0.010000
vt 2.873000 -0.045500
vt 2.730600 -0.038600
vt 2.730500 -0.045500
vt 2.872600 -0.010100
vt 2.729400 -0.026700
vt 3.678700 0.607700
vt 3.840100 0.446500
vt 3.840100 -0.045600
vt 3.856400 0.463000
vt 3.959600 0.322200
vt 3.959600 -0.045600
vt 3.975600 0.337800
vt 4.087500 0.209900
vt 4.087500 -0.045600
vt 4.232800 0.103700
vt 4.232800 -0.045600
vt 4.373600 0.025400
vt 4.373600 -0.045600
vt 4.102700 0.224600
vt 4.512200 -0.023800
vt 4.512200 -0.045600
vt 4.516000 -0.011700
vt 4.377600 0.038300
vt 4.636000 -0.039100
vt 4.636000 -0.045600
vt 4.413000 0.337800
vt 4.413000 0.463000
vt 4.413000 0.224600
vt 4.850400 0.337800
vt 4.204000 0.117800
vt 4.087500 0.217000
vt 4.190200 0.110500
vt 4.723200 0.224600
vt 4.413000 0.117800
vt 4.738500 0.217000
vt 4.635800 0.110500
vt 4.622000 0.117800
vt 4.738500 0.209900
vt 4.549200 -0.007500
vt 4.635800 0.111400
vt 4.562100 -0.013400
vt 4.413000 -0.007500
vt 4.276800 -0.007500
vt 4.190200 0.111400
vt 4.263900 -0.013400
vt 4.329100 -0.150500
vt 4.496900 -0.150500
vt 4.413000 -0.150500
vt 4.348700 -0.305600
vt 4.316800 -0.151700
vt 4.336800 -0.306800
vt 4.413000 -0.305600
vt 4.477300 -0.305600
vt 4.489200 -0.306800
vt 4.509200 -0.151700
vt 3.695400 0.624400
vt 4.413000 0.624400
vt 3.856200 0.785700
vt 4.413000 0.785700
vt 4.969800 0.785700
vt 5.145700 0.624400
vt 5.145700 0.641700
vt 4.969700 0.463000
vt 5.145700 0.607000
vt 4.985900 0.802400
vt 5.145700 1.314700
vt 4.985900 1.314700
vt 4.866400 0.931100
vt 4.866400 1.314700
vt 4.735100 1.049900
vt 4.738500 1.314700
vt 4.591000 1.145800
vt 4.724200 1.035400
vt 4.581100 1.132000
vt 4.593200 1.314200
vt 4.451400 1.227900
vt 4.452300 1.313700
vt 4.447300 1.214900
vt 4.309300 1.267800
vt 4.313300 1.279900
vt 4.313600 1.313200
vt 4.189600 1.292500
vt 4.189500 1.312800
vt 4.311900 1.267800
vt 4.188400 1.280600
vt 4.866400 0.322200
vt 4.985900 0.446400
vt 4.985900 -0.045600
vt 4.866400 -0.045600
vt 5.145700 -0.045600
vt 4.738500 -0.045600
vt 4.593200 0.103700
vt 4.593200 -0.045600
vt 4.452400 0.025400
vt 4.452400 -0.045600
vt 4.313800 -0.023800
vt 4.448400 0.038300
vt 4.310000 -0.011700
vt 4.313800 -0.045600
vt 4.190000 -0.039100
vt 4.190000 -0.045600
vt 1.421400 1.157800
vt 1.426300 1.124800
vt 1.269500 1.124800
vt 1.269500 1.141400
vt 1.575100 1.124800
vt 1.569500 1.217400
vt 1.714300 1.124800
vt 1.714300 1.314700
vt 4.507600 1.219900
vt 4.507600 1.314700
vt 4.656000 1.314700
vt 4.656000 1.124800
vt 4.364900 1.279200
vt 4.360100 1.314700
vt 4.225000 1.297700
vt 4.220800 1.314700
vt 2.052400 0.802400
vt 2.052400 1.314700
vt 2.213800 1.314700
vt 1.932800 0.931100
vt 1.932800 1.314700
vt 1.801600 1.049900
vt 1.805000 1.314700
vt 1.917000 0.915200
vt 1.700400 1.151100
vt 1.701300 1.314200
vt 1.517900 1.227900
vt 1.518800 1.313700
vt 1.786200 1.035400
vt 1.686500 1.137700
vt 1.379800 1.279900
vt 1.513700 1.214900
vt 1.375800 1.267800
vt 1.380100 1.313200
vt 1.256100 1.292500
vt 1.256000 1.312800
vt 1.378400 1.267800
vt 1.254900 1.280600
vt 1.415500 0.915200
vt 1.415500 1.035100
vt 1.415500 1.137500
vt 1.415500 0.785700
vt 1.116400 1.137700
vt 1.615300 1.262100
vt 1.700500 1.144000
vt 1.628100 1.268000
vt 1.216200 1.262100
vt 0.994100 1.035400
vt 1.101300 1.150700
vt 1.415500 1.262000
vt 1.563300 1.404400
vt 1.264300 1.404400
vt 1.202800 1.266200
vt 1.252100 1.408200
vt 1.415500 1.404300
vt 1.287200 1.558800
vt 1.543800 1.558800
vt 1.415500 1.558800
vt 0.974200 1.314700
vt 1.099600 1.314700
vt 1.257800 1.230300
vt 1.257100 1.313800
vt 1.110600 1.137700
vt 1.266100 1.217800
vt 1.395500 1.280600
vt 1.395200 1.312900
vt 1.526100 1.292300
vt 1.526200 1.312000
vt 1.397100 1.268800
vt 1.527500 1.280700
vt 0.977700 1.049500
vt 0.831300 1.314700
vt 0.831300 0.930000
vt 0.848600 0.915200
vt 0.676100 1.314700
vt 0.676100 0.801600
vt 0.693400 0.785700
vt 0.514800 1.314700
vt 0.514800 0.641000
vt 0.353500 0.801600
vt 0.353500 1.314700
vt 0.531500 0.624400
vt 0.198400 0.930100
vt 0.198400 1.314700
vt 0.498200 0.624400
vt 0.059500 1.043500
vt 0.055400 1.314700
vt 0.336300 0.785700
vt 0.181000 0.915200
vt -0.067600 1.153700
vt -0.069900 1.314700
vt -0.189200 1.233900
vt -0.187300 1.314300
vt -0.323100 1.282500
vt -0.321300 1.313800
vt -0.466600 1.313300
vt -0.466200 1.294200
vt 0.043100 1.029300
vt -0.082400 1.141000
vt -0.259900 0.915200
vt -0.259900 1.032600
vt -0.259900 0.785700
vt -0.259900 0.624400
vt -0.259800 1.143500
vt -0.165600 1.284100
vt -0.067700 1.147600
vt -0.178700 1.277800
vt -0.259600 1.275600
vt -0.226100 1.428700
vt -0.165800 1.282000
vt -0.237900 1.424500
vt -0.259200 1.422700
vt -0.254100 1.578200
vt -0.258800 1.578400
vt -0.242200 1.579100
vt -0.225800 1.425700
vt 0.336100 0.463000
vt -0.259900 0.463000
vt 0.514800 0.624400
vt 0.514800 0.607700
vt 0.180800 0.337800
vt -0.259900 0.337800
vt 0.039100 0.224600
vt -0.259900 0.224600
vt -0.084700 0.117800
vt -0.259900 0.117800
vt -0.069900 0.104100
vt 0.055400 0.210300
vt 0.198400 0.323100
vt 0.353500 0.447300
vt 0.055400 -0.628600
vt -0.069900 -0.504100
vt -0.232800 -0.400800
vt -0.227400 0.025400
vt 0.040100 -0.643900
vt -0.084200 -0.518600
vt -0.259900 -0.643900
vt -0.259900 -0.518600
vt -0.259900 -0.786900
vt -0.373800 -0.022300
vt -0.232400 0.038400
vt -0.379900 -0.010600
vt -0.382300 -0.353400
vt -0.508700 -0.038800
vt -0.512400 -0.331100
vt -0.237000 -0.414200
vt -0.385500 -0.365700
vt 0.182300 -0.786900
vt -0.259900 -0.942000
vt 0.337000 -0.942000
vt -0.259900 -1.099500
vt 0.494300 -1.099500
vt 0.198400 -0.770900
vt 0.353500 -0.925500
vt 0.514800 -1.099500
vt 0.676100 -0.925500
vt 0.535300 -1.099500
vt 0.676100 0.447300
vt 0.692700 -0.942000
vt 1.415500 -1.099500
vt 1.415500 -0.942000
vt 0.847300 -0.786900
vt 1.415500 -0.786900
vt 0.831300 -0.770900
vt 0.989600 -0.643900
vt 1.415500 -0.643900
vt 0.831300 0.323100
vt 0.974200 -0.628600
vt 1.114000 -0.518600
vt 1.415500 -0.518600
vt 1.099600 -0.504200
vt 1.215600 -0.379500
vt 1.099600 -0.510800
vt 1.202400 -0.372300
vt 1.415500 -0.379500
vt 1.264200 -0.230700
vt 1.202400 -0.375200
vt 1.252000 -0.226800
vt 1.415500 -0.230700
vt 1.287200 -0.073800
vt 1.415500 -0.073800
vt 1.252000 -0.228900
vt 1.275300 -0.072100
vt 0.974200 0.210300
vt 1.099600 0.104100
vt 1.251700 -0.402600
vt 1.251700 0.025500
vt 1.403000 -0.354000
vt 1.108400 0.117800
vt 1.259600 0.038300
vt 1.403000 -0.023800
vt 1.557200 -0.331000
vt 1.557200 -0.039100
vt 1.404800 -0.011700
vt 1.558900 -0.027200
vt 0.990500 0.224600
vt 1.114500 0.117800
vt 0.848900 0.337800
vt 1.415500 0.224600
vt 0.693500 0.463000
vt 1.415500 0.337800
vt 1.415500 0.463000
vt 1.415500 0.624400
vt 2.036100 0.463000
vt 1.916800 0.337800
vt 2.036200 0.785700
vt 2.197100 0.624400
vt 2.213800 0.624400
vt 2.213800 0.641100
vt 2.390000 0.785700
vt 2.373900 0.802500
vt 2.373900 1.314700
vt 2.491600 0.931100
vt 2.491600 1.314700
vt 2.507400 0.915200
vt 2.617400 1.043900
vt 2.621400 1.314700
vt 2.726700 1.143100
vt 2.728900 1.314700
vt 2.632700 1.029200
vt 2.856400 1.228700
vt 2.854200 1.314500
vt 2.740500 1.129900
vt 2.999200 1.280700
vt 2.997200 1.314100
vt 3.003600 1.268900
vt 2.860600 1.216000
vt 3.152000 1.293400
vt 3.152300 1.313800
vt 3.001200 1.268700
vt 3.153000 1.281500
vt 2.946200 1.030700
vt 2.946200 0.915200
vt 2.946100 1.141600
vt 2.946200 0.785700
vt 3.385100 0.915200
vt 3.259800 1.029200
vt 3.151900 1.141200
vt 2.815600 1.277800
vt 2.726700 1.136400
vt 2.802700 1.284100
vt 2.946000 1.277300
vt 2.865500 1.424900
vt 3.076300 1.278100
vt 3.165700 1.148100
vt 3.089200 1.284200
vt 3.026000 1.425100
vt 2.945800 1.424600
vt 2.881800 1.577400
vt 3.009400 1.577600
vt 2.945600 1.577500
vt 3.165700 1.154300
vt 3.275100 1.043900
vt 3.271100 1.314700
vt 3.163600 1.314700
vt 3.044400 1.234300
vt 3.400900 1.314700
vt 3.046400 1.314400
vt 3.400900 0.931100
vt 3.518600 1.314700
vt 2.910900 1.282900
vt 3.518600 0.802500
vt 2.912800 1.314100
vt 3.040400 1.222300
vt 2.906700 1.271700
vt 2.767700 1.313700
vt 2.768100 1.294700
vt 2.909000 1.271700
vt 2.767100 1.283600
vt 3.678700 1.314700
vt 3.502500 0.785700
vt 3.678700 0.641100
vt 2.946200 0.624400
vt 3.662100 0.624400
vt 3.840100 0.802400
vt 3.840100 1.314700
vt 3.678700 0.624400
vt 3.502400 0.463000
vt 3.695400 0.624400
vt 3.959600 0.931100
vt 3.959600 1.314700
vt 3.856200 0.785700
vt 3.975400 0.915200
vt 4.090900 1.049900
vt 4.087500 1.314700
vt 4.106300 1.035400
vt 4.235000 1.145800
vt 4.101800 1.035400
vt 4.244900 1.132000
vt 4.232800 1.314200
vt 4.374600 1.227900
vt 4.373700 1.313700
vt 4.516600 1.267800
vt 4.378700 1.214900
vt 4.512700 1.279900
vt 4.512400 1.313200
vt 4.636400 1.292500
vt 4.636500 1.312800
vt 4.514000 1.267800
vt 4.637500 1.280600
vt 4.413000 0.915200
vt 4.413000 1.035100
vt 4.205900 1.137700
vt 4.413000 0.785700
vt 4.719700 1.035400
vt 4.850600 0.915200
vt 4.620100 1.137700
vt 4.413000 1.137500
vt 4.277200 1.262100
vt 4.192000 1.144000
vt 4.264300 1.268000
vt 4.413000 1.262100
vt 4.548800 1.262100
vt 4.634000 1.144000
vt 4.561600 1.268000
vt 4.496800 1.404400
vt 4.329100 1.404400
vt 4.413000 1.404300
vt 4.477300 1.558800
vt 4.348700 1.558800
vt 4.413000 1.558800
vt 2.230400 0.624400
vt 2.390100 0.463000
vt 2.213800 0.607700
vt 2.373900 0.446400
vt 2.946200 0.463000
vt 2.052400 0.446500
vt 2.213800 -0.045600
vt 2.373900 -0.045600
vt 2.052400 -0.045600
vt 1.932800 0.322200
vt 1.932800 -0.045600
vt 1.805000 0.209900
vt 1.805000 -0.045600
vt 1.702200 0.103700
vt 1.701700 -0.045600
vt 1.789700 0.224600
vt 1.518900 0.025400
vt 1.518900 -0.045600
vt 1.688500 0.117800
vt 1.380300 -0.023800
vt 1.380300 -0.045600
vt 1.376500 -0.011700
vt 1.514800 0.038300
vt 1.256500 -0.039100
vt 1.256500 -0.045600
vt 1.415500 0.117800
vt 1.215800 -0.007500
vt 1.615700 -0.007500
vt 1.702300 0.111400
vt 1.628600 -0.013400
vt 1.415500 -0.007500
vt 1.563400 -0.150500
vt 1.252000 -0.154300
vt 1.202400 -0.011500
vt 1.264200 -0.150500
vt 1.415500 -0.150500
vt 1.287200 -0.305600
vt 1.415500 -0.305600
vt 1.543800 -0.305600
vt 1.575600 -0.151700
vt 1.555700 -0.306800
vt 2.946200 0.337800
vt 2.507600 0.337800
vt 3.384900 0.337800
vt 2.491600 0.322100
vt 2.491600 -0.045600
vt 2.621400 0.210000
vt 2.621400 -0.045600
vt 2.728900 0.103800
vt 2.728900 -0.045600
vt 2.636800 0.224600
vt 2.854400 0.025300
vt 2.855200 -0.045600
vt 2.742800 0.117800
vt 2.992900 -0.022300
vt 2.858300 0.038300
vt 2.996500 -0.010100
vt 2.993500 -0.045600
vt 3.147800 -0.038600
vt 3.147900 -0.045600
vt 2.994100 -0.010100
vt 3.149100 -0.026800
vt 2.946200 0.224600
vt 3.255600 0.224600
vt 2.946200 0.117800
vt 3.149700 0.117800
vt 3.271100 0.210000
vt 2.815000 -0.030600
vt 2.728900 0.110300
vt 2.802300 -0.037700
vt 2.946200 -0.030600
vt 2.863900 -0.173500
vt 3.077500 -0.030600
vt 3.163600 0.110300
vt 3.090200 -0.037700
vt 3.028600 -0.173500
vt 2.946200 -0.174200
vt 2.882000 -0.313400
vt 3.010500 -0.313400
vt 2.946200 -0.313900
vt 3.163600 0.103800
vt 3.271100 -0.045600
vt 3.163600 -0.045600
vt 3.400900 -0.045600
vt 3.018200 0.025400
vt 3.017300 -0.045600
vt 3.400900 0.322100
vt 3.518600 -0.045600
vt 3.518600 0.446400
vt 3.678700 -0.045600
vt 3.678700 0.607700
vt 3.840100 0.446500
vt 3.840100 -0.045600
vt 3.959600 0.322200
vt 3.959600 -0.045600
vt 3.975600 0.337800
vt 4.087500 0.209900
vt 4.087500 -0.045600
vt 4.232800 0.103700
vt 4.232800 -0.045600
vt 4.373600 0.025400
vt 4.373600 -0.045600
vt 4.512200 -0.023800
vt 4.377600 0.038300
vt 4.516000 -0.011700
vt 4.512200 -0.045600
vt 4.636000 -0.039100
vt 4.636000 -0.045600
vt 4.102700 0.224600
vt 4.190200 0.110500
vt 4.087500 0.217000
vt 4.204000 0.117800
vt 4.413000 0.337800
vt 4.413000 0.224600
vt 4.413000 0.117800
vt 4.723200 0.224600
vt 4.276800 -0.007500
vt 4.190200 0.111400
vt 4.263900 -0.013400
vt 4.413000 -0.007500
vt 4.622000 0.117800
vt 4.738500 0.217000
vt 4.635800 0.110500
vt 4.549200 -0.007500
vt 4.635800 0.111400
vt 4.562100 -0.013400
vt 4.496900 -0.150500
vt 4.329100 -0.150500
vt 4.413000 -0.150500
vt 4.477300 -0.305600
vt 4.509200 -0.151700
vt 4.489200 -0.306800
vt 4.413000 -0.305600
vt 4.348700 -0.305600
vt 4.336800 -0.306800
vt 4.316800 -0.151700
vt 4.413000 0.624400
vt 4.413000 0.463000
vt 3.856400 0.463000
vt 4.850400 0.337800
vt 4.738500 0.209900
vt 4.969700 0.463000
vt 5.145700 0.624400
vt 4.969800 0.785700
vt 5.145700 0.607000
vt 5.145700 0.641700
vt 4.985900 0.446400
vt 5.145700 -0.045600
vt 4.985900 -0.045600
vt 4.866400 0.322200
vt 4.866400 -0.045600
vt 4.738500 -0.045600
vt 4.593200 0.103700
vt 4.593200 -0.045600
vt 4.452400 0.025400
vt 4.452400 -0.045600
vt 4.313800 -0.023800
vt 4.313800 -0.045600
vt 4.310000 -0.011700
vt 4.448400 0.038300
vt 4.190000 -0.039100
vt 4.190000 -0.045600
vt 4.866400 0.931100
vt 4.866400 1.314700
vt 4.985900 1.314700
vt 4.735100 1.049900
vt 4.738500 1.314700
vt 4.985900 0.802400
vt 5.145700 1.314700
vt 4.591000 1.145800
vt 4.724200 1.035400
vt 4.581100 1.132000
vt 4.593200 1.314200
vt 4.451400 1.227900
vt 4.452300 1.313700
vt 4.313300 1.279900
vt 4.447300 1.214900
vt 4.309300 1.267800
vt 4.313600 1.313200
vt 4.189600 1.292500
vt 4.189500 1.312800
vt 4.311900 1.267800
vt 4.188400 1.280600
vt 2.873000 -0.045500
vt 2.873600 -0.022200
vt 2.869800 -0.010000
vt 3.014100 0.038400
vt 2.730600 -0.038600
vt 2.730500 -0.045500
vt 2.729400 -0.026700
vt 2.872600 -0.010000
vt 1.423100 1.146000
vt 1.426300 1.124800
vt 1.269500 1.124800
vt 1.575100 1.124800
vt 1.269500 1.129500
vt 1.419900 1.157900
vt 1.267900 1.141400
vt 1.570200 1.204600
vt 1.714300 1.124800
vt 1.714300 1.300500
vt 1.706500 1.314500
vt 1.562500 1.217200
vt 4.507600 1.233200
vt 4.507600 1.314700
vt 4.656000 1.314700
vt 4.656000 1.139500
vt 4.500600 1.219900
vt 4.648700 1.124800
vt 4.363200 1.292000
vt 4.360100 1.314700
vt 4.221900 1.310000
vt 4.220800 1.314700
vt 4.223700 1.298100
vt 4.363500 1.279700
vt 2.213800 1.314700
vt 2.052400 1.314700
vt 2.052400 0.785700
vt 1.932800 0.915200
vt 1.932800 1.314700
vt 2.213800 0.624400
vt 1.801400 1.035400
vt 1.805000 1.314700
vt 1.415500 0.785700
vt 1.700300 1.137700
vt 1.701300 1.314200
vt 1.415500 0.915200
vt 1.517800 1.214900
vt 1.518800 1.313700
vt 1.379600 1.267800
vt 1.380100 1.313200
vt 1.256100 1.280600
vt 1.256000 1.312800
vt 1.415500 1.035100
vt 1.415500 1.137500
vt 1.628100 1.262100
vt 0.977800 1.035400
vt 1.415500 1.262000
vt 1.575500 1.404400
vt 1.202900 1.262100
vt 1.252100 1.404400
vt 1.101500 1.137700
vt 1.415500 1.404300
vt 1.555700 1.558800
vt 1.275300 1.558800
vt 1.415500 1.558800
vt 0.974200 1.314700
vt 1.099600 1.314700
vt 1.257900 1.217800
vt 0.831300 1.314700
vt 1.257100 1.313800
vt 1.395600 1.268800
vt 1.395200 1.312900
vt 1.526100 1.280800
vt 1.526200 1.312000
vt 0.831300 0.915200
vt 0.676100 1.314700
vt 0.676100 0.785700
vt 0.514800 1.314700
vt 1.415500 0.624400
vt 0.514800 0.624400
vt 0.353500 0.785700
vt 0.353500 1.314700
vt 0.198400 0.915200
vt 0.198400 1.314700
vt -0.259900 0.785700
vt -0.259900 0.624400
vt -0.259900 0.915200
vt 0.059700 1.029100
vt 0.055400 1.314700
vt -0.259900 1.032600
vt -0.067400 1.140800
vt -0.069900 1.314700
vt -0.259800 1.143500
vt -0.189500 1.221900
vt -0.165600 1.278100
vt -0.187300 1.314300
vt -0.259600 1.275600
vt -0.323800 1.271300
vt -0.225900 1.425400
vt -0.321300 1.313800
vt -0.259200 1.422700
vt -0.466000 1.283100
vt -0.466600 1.313300
vt -0.242200 1.577800
vt -0.258800 1.578400
vt 2.945800 1.424600
vt 2.945600 1.577500
vt 2.869900 1.577400
vt 3.009400 1.577600
vt 2.853400 1.425000
vt 3.026000 1.425100
vt 2.946000 1.277300
vt 2.802800 1.277800
vt 3.076300 1.278100
vt 2.946100 1.141600
vt 2.726500 1.129100
vt 3.165700 1.148100
vt 3.089200 1.284200
vt 3.151900 1.141200
vt 2.946200 1.030700
vt 3.259800 1.029200
vt 3.165700 1.154300
vt 2.617100 1.029100
vt 2.946200 0.915200
vt 2.621400 1.314700
vt 2.728900 1.314700
vt 2.856700 1.215900
vt 2.491600 1.314700
vt 2.854200 1.314500
vt 2.999900 1.268700
vt 2.997200 1.314100
vt 3.151700 1.281500
vt 3.152300 1.313800
vt 2.491600 0.915200
vt 2.373900 1.314700
vt 2.373900 0.785700
vt 2.946200 0.785700
vt 3.385100 0.915200
vt 2.946200 0.624400
vt 3.502500 0.785700
vt 3.275100 1.043900
vt 3.271100 1.314700
vt 3.163600 1.314700
vt 3.400900 1.314700
vt 3.044400 1.234300
vt 3.046400 1.314400
vt 3.400900 0.931100
vt 3.518600 1.314700
vt 3.518600 0.802500
vt 3.678700 1.314700
vt 2.910900 1.282900
vt 2.912800 1.314100
vt 2.906800 1.271800
vt 3.040500 1.222400
vt 2.768100 1.294700
vt 2.767700 1.313700
vt 2.909000 1.271700
vt 2.767100 1.283600
vt 3.678700 0.641100
vt 3.840100 0.802400
vt 3.840100 1.314700
vt 3.678700 0.624400
vt 3.662100 0.624400
vt 3.678700 0.607700
vt 3.959600 0.931100
vt 3.959600 1.314700
vt 3.975400 0.915200
vt 4.090900 1.049900
vt 4.087500 1.314700
vt 4.235000 1.145800
vt 4.232800 1.314200
vt 4.101800 1.035400
vt 4.244900 1.132000
vt 4.374600 1.227900
vt 4.373700 1.313700
vt 4.106300 1.035400
vt 4.512700 1.279900
vt 4.378700 1.214900
vt 4.516600 1.267800
vt 4.512400 1.313200
vt 4.636400 1.292500
vt 4.636500 1.312800
vt 4.514000 1.267800
vt 4.637500 1.280600
vt 4.413000 0.915200
vt 4.413000 1.035100
vt 4.205900 1.137700
vt 4.719700 1.035400
vt 4.620100 1.137700
vt 4.850600 0.915200
vt 4.413000 1.137500
vt 4.548800 1.262100
vt 4.634000 1.144000
vt 4.561600 1.268000
vt 4.413000 1.262100
vt 4.277200 1.262100
vt 4.192000 1.144000
vt 4.264300 1.268000
vt 4.329100 1.404400
vt 4.496800 1.404400
vt 4.413000 1.404300
vt 4.348700 1.558800
vt 4.477300 1.558800
vt 4.413000 1.558800
vt 2.373900 0.463000
vt 2.946200 0.463000
vt 2.213800 -0.045600
vt 2.373900 -0.045600
vt 2.052400 0.463000
vt 2.491600 0.337800
vt 2.491600 -0.045600
vt 2.052400 -0.045600
vt 1.932800 0.337800
vt 1.932800 -0.045600
vt 1.415500 0.463000
vt 0.676100 0.463000
vt 1.805000 0.224600
vt 1.805000 -0.045600
vt 1.415500 0.337800
vt 0.831300 0.337800
vt 1.415500 0.224600
vt 1.702300 0.117800
vt 1.701700 -0.045600
vt 1.518900 0.038300
vt 1.518900 -0.045600
vt 1.380300 -0.011700
vt 1.380300 -0.045600
vt 1.256500 -0.027200
vt 1.256500 -0.045600
vt 1.415500 0.117800
vt 1.628600 -0.007500
vt 0.974200 0.224600
vt 1.099600 0.117800
vt 1.202400 -0.007500
vt 1.415500 -0.007500
vt 1.575600 -0.150500
vt 1.252000 -0.150500
vt 1.415500 -0.150500
vt 1.555700 -0.305600
vt 1.275300 -0.305600
vt 1.415500 -0.305600
vt 1.251700 -0.415800
vt 1.251700 0.038300
vt 1.403000 -0.366100
vt 1.403000 -0.011700
vt 1.557200 -0.342900
vt 1.557200 -0.027200
vt 1.099600 -0.518600
vt 0.974200 -0.643900
vt 1.415500 -0.643900
vt 1.415500 -0.518600
vt 1.202400 -0.379500
vt 1.415500 -0.786900
vt 1.415500 -0.379500
vt 1.252000 -0.230700
vt 1.415500 -0.230700
vt 1.275300 -0.073800
vt 1.415500 -0.073800
vt 0.831300 -0.786900
vt 1.415500 -0.942000
vt 0.676100 -0.942000
vt 1.415500 -1.099500
vt 0.518600 -1.099500
vt 0.514800 -1.099500
vt 0.353500 -0.942000
vt 0.511000 -1.099500
vt -0.259900 -1.099500
vt -0.259900 -0.942000
vt 0.353500 0.463000
vt -0.259900 0.463000
vt 0.198400 -0.786900
vt -0.259900 -0.786900
vt 0.198400 0.337800
vt -0.259900 0.337800
vt 0.055400 -0.643900
vt -0.259900 -0.643900
vt 0.055400 0.224600
vt -0.259900 0.224600
vt -0.069900 -0.518600
vt -0.259900 -0.518600
vt -0.069900 0.117800
vt -0.259900 0.117800
vt -0.232900 -0.413900
vt -0.227200 0.038300
vt -0.373500 -0.010100
vt -0.382600 -0.365500
vt -0.512600 -0.343100
vt -0.508500 -0.026900
vt 2.946200 0.337800
vt 2.621400 0.224600
vt 2.621400 -0.045600
vt 2.728900 0.117800
vt 2.728900 -0.045600
vt 2.854200 0.038300
vt 2.855200 -0.045600
vt 2.992600 -0.010100
vt 2.993500 -0.045600
vt 3.147600 -0.026700
vt 3.147900 -0.045600
vt 2.946200 0.224600
vt 2.946200 0.117800
vt 2.802200 -0.030600
vt 3.255600 0.224600
vt 2.946200 -0.030600
vt 2.851700 -0.173400
vt 3.149700 0.117800
vt 3.077500 -0.030600
vt 3.163600 0.110300
vt 3.090200 -0.037700
vt 3.028600 -0.173500
vt 3.163600 0.103800
vt 2.946200 -0.174200
vt 3.010500 -0.313400
vt 2.870100 -0.313200
vt 2.946200 -0.313900
vt 3.271100 0.210000
vt 3.271100 -0.045600
vt 3.163600 -0.045600
vt 3.018200 0.025400
vt 3.400900 -0.045600
vt 3.017300 -0.045600
vt 3.400900 0.322100
vt 3.518600 -0.045600
vt 3.384900 0.337800
vt 3.518600 0.446400
vt 3.502400 0.463000
vt 3.678700 -0.045600
vt 3.840100 0.446500
vt 3.840100 -0.045600
vt 3.856400 0.463000
vt 3.959600 0.322200
vt 3.959600 -0.045600
vt 3.975600 0.337800
vt 4.087500 0.209900
vt 4.087500 -0.045600
vt 4.232800 0.103700
vt 4.232800 -0.045600
vt 4.373600 0.025400
vt 4.373600 -0.045600
vt 4.102700 0.224600
vt 4.512200 -0.023800
vt 4.512200 -0.045600
vt 4.516000 -0.011700
vt 4.377600 0.038300
vt 4.636000 -0.039100
vt 4.636000 -0.045600
vt 4.413000 0.337800
vt 4.413000 0.463000
vt 4.413000 0.224600
vt 4.850400 0.337800
vt 4.204000 0.117800
vt 4.087500 0.217000
vt 4.190200 0.110500
vt 4.723200 0.224600
vt 4.635800 0.110500
vt 4.738500 0.217000
vt 4.622000 0.117800
vt 4.738500 0.209900
vt 4.413000 0.117800
vt 4.549200 -0.007500
vt 4.635800 0.111400
vt 4.562100 -0.013400
vt 4.276800 -0.007500
vt 4.190200 0.111400
vt 4.263900 -0.013400
vt 4.413000 -0.007500
vt 4.329100 -0.150500
vt 4.496900 -0.150500
vt 4.413000 -0.150500
vt 4.348700 -0.305600
vt 4.316800 -0.151700
vt 4.336800 -0.306800
vt 4.413000 -0.305600
vt 4.477300 -0.305600
vt 4.489200 -0.306800
vt 4.509200 -0.151700
vt 4.413000 0.624400
vt 3.695400 0.624400
vt 3.856200 0.785700
vt 4.413000 0.785700
vt 4.969800 0.785700
vt 5.145700 0.624400
vt 5.145700 0.641700
vt 4.969700 0.463000
vt 5.145700 0.607000
vt 4.985900 0.446400
vt 5.145700 -0.045600
vt 4.985900 -0.045600
vt 4.866400 0.322200
vt 4.866400 -0.045600
vt 4.738500 -0.045600
vt 4.593200 0.103700
vt 4.593200 -0.045600
vt 4.452400 0.025400
vt 4.452400 -0.045600
vt 4.313800 -0.023800
vt 4.448400 0.038300
vt 4.310000 -0.011700
vt 4.313800 -0.045600
vt 4.190000 -0.039100
vt 4.190000 -0.045600
vt 4.985900 1.314700
vt 4.866400 1.314700
vt 4.866400 0.931100
vt 4.985900 0.802400
vt 5.145700 1.314700
vt 4.735100 1.049900
vt 4.738500 1.314700
vt 4.591000 1.145800
vt 4.724200 1.035400
vt 4.581100 1.132000
vt 4.593200 1.314200
vt 4.451400 1.227900
vt 4.452300 1.313700
vt 4.309300 1.267800
vt 4.447300 1.214900
vt 4.313300 1.279900
vt 4.313600 1.313200
vt 4.189600 1.292500
vt 4.189500 1.312800
vt 4.311900 1.267800
vt 4.188400 1.280600
vt 2.873600 -0.022200
vt 3.014200 0.038400
vt 2.869800 -0.010000
vt 2.873000 -0.045500
vt 2.730600 -0.038600
vt 2.730500 -0.045500
vt 2.872600 -0.010100
vt 2.729400 -0.026700
vt 1.421400 1.157800
vt 1.269500 1.141400
vt 1.269500 1.124800
vt 1.426300 1.124800
vt 1.575100 1.124800
vt 1.569500 1.217400
vt 1.714300 1.124800
vt 1.714300 1.314700
vt 4.507600 1.219900
vt 4.656000 1.124800
vt 4.656000 1.314700
vt 4.507600 1.314700
vt 4.364900 1.279200
vt 4.360100 1.314700
vt 4.225000 1.297700
vt 4.220800 1.314700
vt 2.052400 0.802400
vt 2.213800 0.641100
vt 2.213800 1.314700
vt 2.052400 1.314700
vt 2.373900 0.802500
vt 2.373900 1.314700
vt 2.390000 0.785700
vt 2.491600 0.931100
vt 2.491600 1.314700
vt 2.507400 0.915200
vt 2.617400 1.043900
vt 2.621400 1.314700
vt 2.726700 1.143100
vt 2.728900 1.314700
vt 2.632700 1.029200
vt 2.856400 1.228700
vt 2.854200 1.314500
vt 2.740500 1.129900
vt 2.999200 1.280700
vt 2.997200 1.314100
vt 3.003600 1.268900
vt 2.860600 1.216000
vt 3.152000 1.293400
vt 3.152300 1.313800
vt 3.001200 1.268700
vt 3.153000 1.281500
vt 2.946200 0.915200
vt 2.946200 1.030700
vt 2.946200 0.785700
vt 3.385100 0.915200
vt 3.259800 1.029200
vt 3.151900 1.141200
vt 2.946100 1.141600
vt 2.815600 1.277800
vt 2.726700 1.136400
vt 2.802700 1.284100
vt 2.946000 1.277300
vt 2.865500 1.424900
vt 3.076300 1.278100
vt 3.165700 1.148100
vt 3.089200 1.284200
vt 3.026000 1.425100
vt 2.945800 1.424600
vt 2.881800 1.577400
vt 3.009400 1.577600
vt 2.945600 1.577500
vt 3.165700 1.154300
vt 3.275100 1.043900
vt 3.271100 1.314700
vt 3.163600 1.314700
vt 3.044400 1.234300
vt 3.400900 1.314700
vt 3.046400 1.314400
vt 3.400900 0.931100
vt 3.518600 1.314700
vt 2.910900 1.282900
vt 3.518600 0.802500
vt 3.040400 1.222300
vt 2.906700 1.271700
vt 2.912800 1.314100
vt 2.767700 1.313700
vt 2.768100 1.294700
vt 2.909000 1.271700
vt 2.767100 1.283600
vt 3.678700 1.314700
vt 3.502500 0.785700
vt 3.678700 0.641100
vt 2.946200 0.624400
vt 3.662100 0.624400
vt 3.840100 0.802400
vt 3.840100 1.314700
vt 3.678700 0.624400
vt 3.959600 0.931100
vt 3.959600 1.314700
vt 3.502400 0.463000
vt 3.695400 0.624400
vt 4.090900 1.049900
vt 4.087500 1.314700
vt 3.975400 0.915200
vt 4.235000 1.145800
vt 4.232800 1.314200
vt 4.101800 1.035400
vt 4.244900 1.132000
vt 4.374600 1.227900
vt 4.373700 1.313700
vt 4.106300 1.035400
vt 4.512700 1.279900
vt 4.512400 1.313200
vt 4.516600 1.267800
vt 4.378700 1.214900
vt 4.636400 1.292500
vt 4.636500 1.312800
vt 4.514000 1.267800
vt 4.637500 1.280600
vt 4.413000 0.915200
vt 4.413000 1.035100
vt 4.205900 1.137700
vt 4.719700 1.035400
vt 4.620100 1.137700
vt 4.850600 0.915200
vt 4.413000 1.137500
vt 4.548800 1.262100
vt 4.634000 1.144000
vt 4.561600 1.268000
vt 4.277200 1.262100
vt 4.192000 1.144000
vt 4.264300 1.268000
vt 4.413000 1.262100
vt 4.329100 1.404400
vt 4.496800 1.404400
vt 4.413000 1.404300
vt 4.348700 1.558800
vt 4.477300 1.558800
vt 4.413000 1.558800
vt 1.932800 0.931100
vt 1.932800 1.314700
vt 1.801600 1.049900
vt 1.805000 1.314700
vt 1.917000 0.915200
vt 1.700400 1.151100
vt 1.701300 1.314200
vt 1.517900 1.227900
vt 1.518800 1.313700
vt 1.786200 1.035400
vt 1.686500 1.137700
vt 1.379800 1.279900
vt 1.513700 1.214900
vt 1.375800 1.267800
vt 1.380100 1.313200
vt 1.256100 1.292500
vt 1.256000 1.312800
vt 1.378400 1.267800
vt 1.254900 1.280600
vt 1.415500 0.915200
vt 1.415500 1.035100
vt 1.415500 1.137500
vt 1.415500 0.785700
vt 1.615300 1.262100
vt 1.700500 1.144000
vt 1.628100 1.268000
vt 1.116400 1.137700
vt 1.216200 1.262100
vt 0.994100 1.035400
vt 1.101300 1.150700
vt 1.415500 1.262000
vt 1.563300 1.404400
vt 1.264300 1.404400
vt 1.202800 1.266200
vt 1.252100 1.408200
vt 1.415500 1.404300
vt 1.287200 1.558800
vt 1.543800 1.558800
vt 1.415500 1.558800
vt 0.848600 0.915200
vt 0.977700 1.049500
vt 0.693400 0.785700
vt 0.974200 1.314700
vt 1.099600 1.314700
vt 0.831300 1.314700
vt 1.257800 1.230300
vt 1.110600 1.137700
vt 1.266100 1.217800
vt 1.257100 1.313800
vt 1.395500 1.280600
vt 1.395200 1.312900
vt 1.526100 1.292300
vt 1.526200 1.312000
vt 1.397100 1.268800
vt 1.527500 1.280700
vt 0.831300 0.930000
vt 0.676100 1.314700
vt 0.676100 0.801600
vt 0.514800 1.314700
vt 0.514800 0.641000
vt 0.531500 0.624400
vt 0.353500 0.801600
vt 0.353500 1.314700
vt 0.198400 0.930100
vt 0.198400 1.314700
vt 0.498200 0.624400
vt 0.059500 1.043500
vt 0.055400 1.314700
vt 0.336300 0.785700
vt 0.181000 0.915200
vt -0.067600 1.153700
vt -0.069900 1.314700
vt -0.189200 1.233900
vt -0.187300 1.314300
vt -0.323100 1.282500
vt -0.321300 1.313800
vt -0.466600 1.313300
vt -0.466200 1.294200
vt 0.043100 1.029300
vt -0.082400 1.141000
vt -0.259900 0.915200
vt -0.259900 1.032600
vt -0.259900 0.785700
vt -0.259900 0.624400
vt -0.259800 1.143500
vt -0.067700 1.147600
vt -0.165600 1.284100
vt -0.178700 1.277800
vt -0.259600 1.275600
vt -0.226100 1.428700
vt -0.165800 1.282000
vt -0.237900 1.424500
vt -0.259200 1.422700
vt -0.254100 1.578200
vt -0.258800 1.578400
vt -0.242200 1.579100
vt -0.225800 1.425700
vt 0.336100 0.463000
vt -0.259900 0.463000
vt 0.514800 0.624400
vt 0.514800 0.607700
vt 0.180800 0.337800
vt -0.259900 0.337800
vt 0.039100 0.224600
vt -0.259900 0.224600
vt -0.084700 0.117800
vt -0.259900 0.117800
vt -0.069900 0.104100
vt 0.055400 0.210300
vt 0.198400 0.323100
vt 0.353500 0.447300
vt 0.055400 -0.628600
vt -0.069900 -0.504100
vt -0.232800 -0.400800
vt -0.227400 0.025400
vt 0.040100 -0.643900
vt -0.084200 -0.518600
vt -0.259900 -0.643900
vt -0.259900 -0.518600
vt -0.259900 -0.786900
vt 0.182300 -0.786900
vt -0.259900 -0.942000
vt 0.198400 -0.770900
vt 0.337000 -0.942000
vt -0.259900 -1.099500
vt 0.494300 -1.099500
vt 0.353500 -0.925500
vt 0.514800 -1.099500
vt 0.676100 -0.925500
vt 0.535300 -1.099500
vt 0.676100 0.447300
vt 0.692700 -0.942000
vt 1.415500 -1.099500
vt 1.415500 -0.942000
vt 0.847300 -0.786900
vt 1.415500 -0.786900
vt 0.831300 -0.770900
vt 0.989600 -0.643900
vt 1.415500 -0.643900
vt 1.114000 -0.518600
vt 1.415500 -0.518600
vt 0.974200 -0.628600
vt 1.099600 -0.504200
vt 1.215600 -0.379500
vt 1.099600 -0.510800
vt 1.202400 -0.372300
vt 1.415500 -0.379500
vt 1.264200 -0.230700
vt 1.202400 -0.375200
vt 1.252000 -0.226800
vt 1.415500 -0.230700
vt 1.287200 -0.073800
vt 1.415500 -0.073800
vt 1.252000 -0.228900
vt 1.275300 -0.072100
vt 0.974200 0.210300
vt 0.831300 0.323100
vt 1.099600 0.104100
vt 1.251700 -0.402600
vt 0.693500 0.463000
vt 0.848900 0.337800
vt 0.990500 0.224600
vt 1.251700 0.025500
vt 1.403000 -0.354000
vt 1.108400 0.117800
vt 1.259600 0.038300
vt 1.403000 -0.023800
vt 1.557200 -0.331000
vt 1.557200 -0.039100
vt 1.404800 -0.011700
vt 1.558900 -0.027200
vt 1.114500 0.117800
vt 1.415500 0.224600
vt 1.415500 0.337800
vt 1.415500 0.117800
vt 1.415500 0.463000
vt 1.215800 -0.007500
vt 1.916800 0.337800
vt 1.202400 -0.011500
vt 1.252000 -0.154300
vt 1.264200 -0.150500
vt 1.415500 -0.007500
vt 1.615700 -0.007500
vt 1.415500 -0.150500
vt 1.287200 -0.305600
vt 1.415500 -0.305600
vt 1.543800 -0.305600
vt 1.563400 -0.150500
vt 1.575600 -0.151700
vt 1.555700 -0.306800
vt 1.628600 -0.013400
vt 1.702300 0.111400
vt 1.688500 0.117800
vt 1.789700 0.224600
vt 1.805000 0.209900
vt 1.702200 0.103700
vt 1.805000 -0.045600
vt 1.701700 -0.045600
vt 1.932800 -0.045600
vt 1.518900 0.025400
vt 1.518900 -0.045600
vt 1.932800 0.322200
vt 2.052400 -0.045600
vt 1.380300 -0.023800
vt 1.380300 -0.045600
vt 1.376500 -0.011700
vt 1.514800 0.038300
vt 1.256500 -0.039100
vt 1.256500 -0.045600
vt 2.052400 0.446500
vt 2.213800 -0.045600
vt 2.036100 0.463000
vt 2.213800 0.607700
vt 2.373900 0.446400
vt 2.373900 -0.045600
vt 2.213800 0.624400
vt 1.415500 0.624400
vt 2.197100 0.624400
vt 2.036200 0.785700
vt 2.230400 0.624400
vt 2.390100 0.463000
vt 2.946200 0.463000
vt 2.507600 0.337800
vt 2.491600 0.322100
vt 2.491600 -0.045600
vt 2.621400 0.210000
vt 2.621400 -0.045600
vt 2.728900 0.103800
vt 2.728900 -0.045600
vt 2.854400 0.025300
vt 2.855200 -0.045600
vt 2.636800 0.224600
vt 2.742800 0.117800
vt 2.992900 -0.022300
vt 2.858300 0.038300
vt 2.996500 -0.010100
vt 2.993500 -0.045600
vt 3.147800 -0.038600
vt 3.147900 -0.045600
vt 2.994100 -0.010100
vt 3.149100 -0.026800
vt 2.946200 0.337800
vt 2.946200 0.224600
vt 3.384900 0.337800
vt 3.255600 0.224600
vt 2.946200 0.117800
vt 3.149700 0.117800
vt 3.271100 0.210000
vt 2.815000 -0.030600
vt 2.728900 0.110300
vt 2.802300 -0.037700
vt 2.946200 -0.030600
vt 2.863900 -0.173500
vt 3.077500 -0.030600
vt 3.163600 0.110300
vt 3.090200 -0.037700
vt 3.028600 -0.173500
vt 2.946200 -0.174200
vt 2.882000 -0.313400
vt 3.010500 -0.313400
vt 2.946200 -0.313900
vt 3.163600 0.103800
vt 3.271100 -0.045600
vt 3.163600 -0.045600
vt 3.400900 -0.045600
vt 3.018200 0.025400
vt 3.017300 -0.045600
vt 3.400900 0.322100
vt 3.518600 -0.045600
vt 3.518600 0.446400
vt 3.678700 -0.045600
vt 3.678700 0.607700
vt 3.840100 0.446500
vt 3.840100 -0.045600
vt 3.959600 0.322200
vt 3.959600 -0.045600
vt 3.975600 0.337800
vt 4.087500 0.209900
vt 4.087500 -0.045600
vt 4.232800 0.103700
vt 4.232800 -0.045600
vt 4.373600 0.025400
vt 4.373600 -0.045600
vt 4.512200 -0.023800
vt 4.377600 0.038300
vt 4.516000 -0.011700
vt 4.512200 -0.045600
vt 4.636000 -0.039100
vt 4.636000 -0.045600
vt 4.102700 0.224600
vt 4.087500 0.217000
vt 4.190200 0.110500
vt 4.204000 0.117800
vt 4.413000 0.337800
vt 4.413000 0.224600
vt 4.413000 0.117800
vt 4.723200 0.224600
vt 4.276800 -0.007500
vt 4.190200 0.111400
vt 4.263900 -0.013400
vt 4.413000 -0.007500
vt 4.622000 0.117800
vt 4.738500 0.217000
vt 4.635800 0.110500
vt 4.549200 -0.007500
vt 4.635800 0.111400
vt 4.562100 -0.013400
vt 4.496900 -0.150500
vt 4.329100 -0.150500
vt 4.413000 -0.150500
vt 4.477300 -0.305600
vt 4.509200 -0.151700
vt 4.489200 -0.306800
vt 4.413000 -0.305600
vt 4.348700 -0.305600
vt 4.336800 -0.306800
vt 4.316800 -0.151700
vt 3.856400 0.463000
vt 4.413000 0.463000
vt 4.413000 0.624400
vt 4.850400 0.337800
vt 4.738500 0.209900
vt 4.969700 0.463000
vt 4.866400 0.322200
vt 4.985900 0.446400
vt 4.866400 -0.045600
vt 4.738500 -0.045600
vt 4.985900 -0.045600
vt 4.593200 0.103700
vt 5.145700 -0.045600
vt 4.593200 -0.045600
vt 5.145700 0.607000
vt 5.145700 0.624400
vt 4.452400 0.025400
vt 4.452400 -0.045600
vt 4.313800 -0.023800
vt 4.313800 -0.045600
vt 4.310000 -0.011700
vt 4.448400 0.038300
vt 4.190000 -0.039100
vt 4.190000 -0.045600
vt 4.969800 0.785700
vt 5.145700 0.641700
vt 4.985900 0.802400
vt 5.145700 1.314700
vt 4.985900 1.314700
vt 4.866400 0.931100
vt 4.866400 1.314700
vt 4.735100 1.049900
vt 4.738500 1.314700
vt 4.591000 1.145800
vt 4.724200 1.035400
vt 4.581100 1.132000
vt 4.593200 1.314200
vt 4.451400 1.227900
vt 4.452300 1.313700
vt 4.313300 1.279900
vt 4.447300 1.214900
vt 4.309300 1.267800
vt 4.313600 1.313200
vt 4.189600 1.292500
vt 4.189500 1.312800
vt 4.311900 1.267800
vt 4.188400 1.280600
vt 3.856200 0.785700
vt 4.413000 0.785700
vt 2.873600 -0.022200
vt 2.869800 -0.010000
vt 3.014100 0.038400
vt 2.873000 -0.045500
vt 2.730600 -0.038600
vt 2.730500 -0.045500
vt 2.729400 -0.026700
vt 2.872600 -0.010000
vt 1.423100 1.146000
vt 1.269500 1.129500
vt 1.269500 1.124800
vt 1.426300 1.124800
vt 1.419900 1.157900
vt 1.267900 1.141400
vt 1.575100 1.124800
vt 1.570200 1.204600
vt 1.714300 1.124800
vt 1.714300 1.300500
vt 1.706500 1.314500
vt 1.562500 1.217200
vt 4.507600 1.233200
vt 4.656000 1.139500
vt 4.656000 1.314700
vt 4.507600 1.314700
vt 4.500600 1.219900
vt 4.648700 1.124800
vt 4.363200 1.292000
vt 4.360100 1.314700
vt 4.221900 1.310000
vt 4.220800 1.314700
vt 4.223700 1.298100
vt 4.363500 1.279700
vt -0.373800 -0.022300
vt -0.232400 0.038400
vt -0.379900 -0.010600
vt -0.382300 -0.353400
vt -0.237000 -0.414200
vt -0.385500 -0.365700
vt -0.508700 -0.038800
vt -0.512400 -0.331100
vt 2.052400 0.785700
vt 2.052400 1.314700
vt 2.213800 1.314700
vt 1.932800 0.915200
vt 1.932800 1.314700
vt 2.213800 0.624400
vt 1.801400 1.035400
vt 1.805000 1.314700
vt 1.415500 0.785700
vt 1.700300 1.137700
vt 1.701300 1.314200
vt 1.415500 0.915200
vt 1.517800 1.214900
vt 1.518800 1.313700
vt 1.379600 1.267800
vt 1.380100 1.313200
vt 1.256100 1.280600
vt 1.256000 1.312800
vt 1.415500 1.035100
vt 1.415500 1.137500
vt 1.628100 1.262100
vt 0.977800 1.035400
vt 1.415500 1.262000
vt 1.575500 1.404400
vt 1.202900 1.262100
vt 1.252100 1.404400
vt 1.101500 1.137700
vt 1.415500 1.404300
vt 1.555700 1.558800
vt 1.275300 1.558800
vt 1.415500 1.558800
vt 0.974200 1.314700
vt 1.099600 1.314700
vt 1.257900 1.217800
vt 0.831300 1.314700
vt 1.257100 1.313800
vt 1.395600 1.268800
vt 1.395200 1.312900
vt 1.526100 1.280800
vt 1.526200 1.312000
vt 0.831300 0.915200
vt 0.676100 1.314700
vt 0.676100 0.785700
vt 0.514800 1.314700
vt 1.415500 0.624400
vt 0.514800 0.624400
vt 0.353500 0.785700
vt 0.353500 1.314700
vt 0.198400 0.915200
vt 0.198400 1.314700
vt -0.259900 0.785700
vt -0.259900 0.624400
vt -0.259900 0.915200
vt 0.353500 0.463000
vt 0.059700 1.029100
vt 0.055400 1.314700
vt -0.259900 1.032600
vt -0.067400 1.140800
vt -0.069900 1.314700
vt -0.259800 1.143500
vt -0.189500 1.221900
vt -0.165600 1.278100
vt -0.187300 1.314300
vt -0.259600 1.275600
vt -0.323800 1.271300
vt -0.225900 1.425400
vt -0.321300 1.313800
vt -0.466000 1.283100
vt -0.466600 1.313300
vt -0.259200 1.422700
vt -0.242200 1.577800
vt -0.258800 1.578400
vt 2.869900 1.577400
vt 2.945600 1.577500
vt 2.945800 1.424600
vt 3.009400 1.577600
vt 2.853400 1.425000
vt 3.026000 1.425100
vt 2.946000 1.277300
vt 2.802800 1.277800
vt 3.076300 1.278100
vt 2.946100 1.141600
vt 2.726500 1.129100
vt 3.089200 1.284200
vt 3.165700 1.148100
vt 3.151900 1.141200
vt 2.946200 1.030700
vt 3.259800 1.029200
vt 3.165700 1.154300
vt 2.617100 1.029100
vt 2.946200 0.915200
vt 2.621400 1.314700
vt 2.728900 1.314700
vt 2.856700 1.215900
vt 2.491600 1.314700
vt 2.854200 1.314500
vt 2.999900 1.268700
vt 2.997200 1.314100
vt 3.151700 1.281500
vt 3.152300 1.313800
vt 2.491600 0.915200
vt 2.373900 1.314700
vt 2.373900 0.785700
vt 2.946200 0.785700
vt 3.385100 0.915200
vt 2.946200 0.624400
vt 3.502500 0.785700
vt 3.275100 1.043900
vt 3.271100 1.314700
vt 3.163600 1.314700
vt 3.400900 1.314700
vt 3.044400 1.234300
vt 3.046400 1.314400
vt 3.400900 0.931100
vt 3.518600 1.314700
vt 3.518600 0.802500
vt 3.678700 1.314700
vt 3.678700 0.641100
vt 3.040500 1.222400
vt 2.906800 1.271800
vt 2.910900 1.282900
vt 2.912800 1.314100
vt 2.768100 1.294700
vt 2.767700 1.313700
vt 2.909000 1.271700
vt 2.767100 1.283600
vt 3.840100 0.802400
vt 3.840100 1.314700
vt 3.678700 0.624400
vt 3.662100 0.624400
vt 3.959600 0.931100
vt 3.959600 1.314700
vt 3.975400 0.915200
vt 4.090900 1.049900
vt 4.087500 1.314700
vt 4.235000 1.145800
vt 4.232800 1.314200
vt 4.101800 1.035400
vt 4.244900 1.132000
vt 4.374600 1.227900
vt 4.373700 1.313700
vt 4.106300 1.035400
vt 4.512700 1.279900
vt 4.378700 1.214900
vt 4.516600 1.267800
vt 4.512400 1.313200
vt 4.636400 1.292500
vt 4.636500 1.312800
vt 4.514000 1.267800
vt 4.637500 1.280600
vt 4.413000 0.915200
vt 4.413000 1.035100
vt 4.205900 1.137700
vt 4.719700 1.035400
vt 4.620100 1.137700
vt 4.850600 0.915200
vt 4.413000 1.137500
vt 4.548800 1.262100
vt 4.634000 1.144000
vt 4.561600 1.268000
vt 4.277200 1.262100
vt 4.192000 1.144000
vt 4.264300 1.268000
vt 4.413000 1.262100
vt 4.329100 1.404400
vt 4.496800 1.404400
vt 4.413000 1.404300
vt 4.348700 1.558800
vt 4.477300 1.558800
vt 4.413000 1.558800
vt 2.373900 0.463000
vt 2.213800 -0.045600
vt 2.373900 -0.045600
vt 2.052400 0.463000
vt 2.052400 -0.045600
vt 1.932800 0.337800
vt 1.932800 -0.045600
vt 1.415500 0.463000
vt 0.676100 0.463000
vt 1.805000 0.224600
vt 1.805000 -0.045600
vt 1.415500 0.337800
vt 0.831300 0.337800
vt 1.702300 0.117800
vt 1.701700 -0.045600
vt 1.518900 0.038300
vt 1.518900 -0.045600
vt 1.380300 -0.011700
vt 1.380300 -0.045600
vt 1.256500 -0.027200
vt 1.256500 -0.045600
vt 1.415500 0.224600
vt 1.415500 0.117800
vt 1.628600 -0.007500
vt 0.974200 0.224600
vt 1.099600 0.117800
vt 1.202400 -0.007500
vt 1.415500 -0.007500
vt 1.575600 -0.150500
vt 1.252000 -0.150500
vt 1.415500 -0.150500
vt 1.555700 -0.305600
vt 1.275300 -0.305600
vt 1.415500 -0.305600
vt 0.974200 -0.643900
vt 1.099600 -0.518600
vt 1.251700 -0.415800
vt 1.251700 0.038300
vt 1.403000 -0.366100
vt 1.403000 -0.011700
vt 1.557200 -0.342900
vt 1.557200 -0.027200
vt 1.415500 -0.643900
vt 1.415500 -0.518600
vt 1.202400 -0.379500
vt 1.415500 -0.786900
vt 1.415500 -0.379500
vt 1.252000 -0.230700
vt 1.415500 -0.230700
vt 1.275300 -0.073800
vt 1.415500 -0.073800
vt 0.831300 -0.786900
vt 1.415500 -0.942000
vt 0.676100 -0.942000
vt 1.415500 -1.099500
vt 0.518600 -1.099500
vt 0.514800 -1.099500
vt 0.353500 -0.942000
vt 0.511000 -1.099500
vt -0.259900 -1.099500
vt -0.259900 -0.942000
vt 0.198400 -0.786900
vt -0.259900 -0.786900
vt -0.259900 0.463000
vt 0.198400 0.337800
vt -0.259900 0.337800
vt 0.055400 -0.643900
vt -0.259900 -0.643900
vt 0.055400 0.224600
vt -0.259900 0.224600
vt -0.069900 -0.518600
vt -0.259900 -0.518600
vt -0.069900 0.117800
vt -0.259900 0.117800
vt -0.232900 -0.413900
vt -0.227200 0.038300
vt -0.373500 -0.010100
vt -0.382600 -0.365500
vt -0.512600 -0.343100
vt -0.508500 -0.026900
vt 2.946200 0.463000
vt 3.502400 0.463000
vt 2.491600 0.337800
vt 2.491600 -0.045600
vt 3.384900 0.337800
vt 3.518600 0.446400
vt 2.621400 0.224600
vt 2.621400 -0.045600
vt 2.946200 0.337800
vt 2.728900 0.117800
vt 2.728900 -0.045600
vt 2.854200 0.038300
vt 2.855200 -0.045600
vt 2.992600 -0.010100
vt 2.993500 -0.045600
vt 3.147600 -0.026700
vt 3.147900 -0.045600
vt 2.946200 0.224600
vt 2.946200 0.117800
vt 2.802200 -0.030600
vt 3.255600 0.224600
vt 3.149700 0.117800
vt 2.946200 -0.030600
vt 2.851700 -0.173400
vt 3.077500 -0.030600
vt 3.163600 0.110300
vt 3.090200 -0.037700
vt 3.028600 -0.173500
vt 3.163600 0.103800
vt 2.946200 -0.174200
vt 3.010500 -0.313400
vt 2.870100 -0.313200
vt 2.946200 -0.313900
vt 3.271100 0.210000
vt 3.271100 -0.045600
vt 3.163600 -0.045600
vt 3.400900 -0.045600
vt 3.018200 0.025400
vt 3.017300 -0.045600
vt 3.400900 0.322100
vt 3.518600 -0.045600
vt 3.678700 -0.045600
vt 2.873600 -0.022200
vt 3.014200 0.038400
vt 2.869800 -0.010000
vt 2.873000 -0.045500
vt 2.730600 -0.038600
vt 2.730500 -0.045500
vt 2.872600 -0.010100
vt 2.729400 -0.026700
vt 3.678700 0.607700
vt 3.840100 0.446500
vt 3.840100 -0.045600
vt 3.856400 0.463000
vt 3.959600 0.322200
vt 3.959600 -0.045600
vt 3.975600 0.337800
vt 4.087500 0.209900
vt 4.087500 -0.045600
vt 4.232800 0.103700
vt 4.232800 -0.045600
vt 4.373600 0.025400
vt 4.373600 -0.045600
vt 4.102700 0.224600
vt 4.512200 -0.023800
vt 4.512200 -0.045600
vt 4.516000 -0.011700
vt 4.377600 0.038300
vt 4.636000 -0.039100
vt 4.636000 -0.045600
vt 4.413000 0.337800
vt 4.413000 0.463000
vt 4.413000 0.224600
vt 4.850400 0.337800
vt 4.204000 0.117800
vt 4.087500 0.217000
vt 4.190200 0.110500
vt 4.723200 0.224600
vt 4.413000 0.117800
vt 4.738500 0.217000
vt 4.635800 0.110500
vt 4.622000 0.117800
vt 4.738500 0.209900
vt 4.549200 -0.007500
vt 4.635800 0.111400
vt 4.562100 -0.013400
vt 4.413000 -0.007500
vt 4.276800 -0.007500
vt 4.190200 0.111400
vt 4.263900 -0.013400
vt 4.329100 -0.150500
vt 4.496900 -0.150500
vt 4.413000 -0.150500
vt 4.348700 -0.305600
vt 4.316800 -0.151700
vt 4.336800 -0.306800
vt 4.413000 -0.305600
vt 4.477300 -0.305600
vt 4.489200 -0.306800
vt 4.509200 -0.151700
vt 3.695400 0.624400
vt 4.413000 0.624400
vt 3.856200 0.785700
vt 4.413000 0.785700
vt 4.969800 0.785700
vt 5.145700 0.624400
vt 5.145700 0.641700
vt 4.969700 0.463000
vt 5.145700 0.607000
vt 4.985900 0.802400
vt 5.145700 1.314700
vt 4.985900 1.314700
vt 4.866400 0.931100
vt 4.866400 1.314700
vt 4.735100 1.049900
vt 4.738500 1.314700
vt 4.591000 1.145800
vt 4.724200 1.035400
vt 4.581100 1.132000
vt 4.593200 1.314200
vt 4.451400 1.227900
vt 4.452300 1.313700
vt 4.447300 1.214900
vt 4.309300 1.267800
vt 4.313300 1.279900
vt 4.313600 1.313200
vt 4.189600 1.292500
vt 4.189500 1.312800
vt 4.311900 1.267800
vt 4.188400 1.280600
vt 4.866400 0.322200
vt 4.985900 0.446400
vt 4.985900 -0.045600
vt 4.866400 -0.045600
vt 5.145700 -0.045600
vt 4.738500 -0.045600
vt 4.593200 0.103700
vt 4.593200 -0.045600
vt 4.452400 0.025400
vt 4.452400 -0.045600
vt 4.313800 -0.023800
vt 4.448400 0.038300
vt 4.310000 -0.011700
vt 4.313800 -0.045600
vt 4.190000 -0.039100
vt 4.190000 -0.045600
vt 1.421400 1.157800
vt 1.426300 1.124800
vt 1.269500 1.124800
vt 1.269500 1.141400
vt 1.575100 1.124800
vt 1.569500 1.217400
vt 1.714300 1.124800
vt 1.714300 1.314700
vt 4.507600 1.219900
vt 4.507600 1.314700
vt 4.656000 1.314700
vt 4.656000 1.124800
vt 4.364900 1.279200
vt 4.360100 1.314700
vt 4.225000 1.297700
vt 4.220800 1.314700
vt 16.143499 0.001200
vt 16.143499 1.510700
vt 15.942500 0.000000
vt 15.817200 0.463500
vt 15.571900 0.682400
vt 15.292300 1.510700
vt 15.292300 0.828800
vt 15.012800 0.682400
vt 14.716100 1.510700
vt 14.767400 0.463500
vt 14.716100 0.273700
vt 14.664800 0.463500
vt 14.419500 0.682400
vt 14.139900 1.510700
vt 14.139900 0.828800
vt 13.860300 0.706900
vt 13.499400 1.510700
vt 13.615000 0.470700
vt 13.486300 0.157400
vt 13.408400 0.337300
vt 13.228300 0.604300
vt 12.982500 0.771000
vt 12.827400 1.510700
vt 12.827400 0.841300
vt 12.702300 0.801200
vt 12.257200 1.510700
vt 12.434300 0.614800
vt 12.257200 0.388900
vt 12.093000 0.548700
vt 11.887400 0.722800
vt 11.681900 1.510700
vt 11.681900 0.808700
vt 11.445100 0.700800
vt 11.030500 1.510700
vt 11.208300 0.480800
vt 11.030500 0.117900
vt 10.832800 0.546800
vt 10.575100 0.726400
vt 10.377300 1.510700
vt 10.377300 0.825200
vt 10.203600 0.737400
vt 9.784800 1.510700
vt 9.983900 0.579600
vt 9.784800 0.384200
vt 9.585700 0.579600
vt 9.366000 0.737400
vt 9.192200 1.510700
vt 9.192200 0.825200
vt 8.994500 0.726400
vt 8.539100 1.510700
vt 8.770900 0.546800
vt 8.569300 0.117900
vt 8.361200 0.480800
vt 8.124400 0.700800
vt 7.887600 1.510700
vt 7.887600 0.808700
vt 7.682100 0.722800
vt 7.312400 1.510700
vt 7.476600 0.548700
vt 7.361000 0.388900
vt 7.135300 0.614800
vt 6.867300 0.801200
vt 6.742100 1.510700
vt 6.742100 0.841300
vt 6.587000 0.771000
vt 6.070100 1.510700
vt 6.360800 0.604300
vt 6.196500 0.337300
vt 6.126600 0.157400
vt 5.954500 0.470700
vt 5.709200 0.706900
vt 5.429600 1.510700
vt 5.429600 0.828800
vt 5.150000 0.682400
vt 4.853400 1.510700
vt 4.959900 0.463500
vt 4.873300 0.273700
vt 4.802100 0.463500
vt 4.556800 0.682400
vt 4.277200 1.510700
vt 4.277200 0.828800
vt 3.997600 0.682400
vt 3.451300 1.510700
vt 3.789300 0.463500
vt 3.627000 0.000000
vt 3.451300 0.001200
vt 16.143499 0.001200
vt 16.500700 0.001700
vt 16.143499 1.510700
vt 16.651400 0.360500
vt 16.844700 0.611200
vt 17.231199 1.510700
vt 17.231199 0.796300
vt 17.875099 1.510700
vt 17.617800 0.611200
vt 17.811100 0.360500
vt 17.875099 0.263900
vt 17.939199 0.360500
vt 18.132500 0.611200
vt 18.518999 0.796300
vt 18.518999 1.510700
vt 18.905600 0.611200
vt 19.594801 1.510700
vt 19.098900 0.360500
vt 19.231701 0.001700
vt 19.594801 0.001200
vt 19.594801 0.001200
vt 19.795799 0.000000
vt 19.594801 1.510700
vt 19.921000 0.463500
vt 20.166401 0.682400
vt 20.445900 1.510700
vt 20.445900 0.828800
vt 20.725500 0.682400
vt 21.022100 1.510700
vt 20.970800 0.463500
vt 21.022100 0.273700
vt 21.073500 0.463500
vt 21.318800 0.682400
vt 21.598400 1.510700
vt 21.598400 0.828800
vt 21.877899 0.706900
vt 22.238800 1.510700
vt 22.123199 0.470700
vt 22.252001 0.157400
vt 22.329901 0.337300
vt 22.510000 0.604300
vt 22.755800 0.771000
vt 22.910900 1.510700
vt 22.910900 0.841300
vt 23.035999 0.801200
vt 23.481100 1.510700
vt 23.304001 0.614800
vt 23.481100 0.388900
vt 23.645300 0.548700
vt 23.850800 0.722800
vt 24.056400 1.510700
vt 24.056400 0.808700
vt 24.293200 0.700800
vt 24.707800 1.510700
vt 24.529900 0.480800
vt 24.707800 0.117900
vt 24.905500 0.546800
vt 25.163200 0.726400
vt 25.360901 1.510700
vt 25.360901 0.825200
vt 25.534700 0.737400
vt 25.953501 1.510700
vt 25.754400 0.579600
vt 25.927500 0.384200
vt 26.152599 0.579600
vt 26.372299 0.737400
vt 26.546101 1.510700
vt 26.546101 0.825200
vt 26.743799 0.726400
vt 27.199200 1.510700
vt 26.967300 0.546800
vt 27.160801 0.117900
vt 27.377100 0.480800
vt 27.613800 0.700800
vt 27.850599 1.510700
vt 27.850599 0.808700
vt 28.056200 0.722800
vt 28.425900 1.510700
vt 28.261700 0.548700
vt 28.384899 0.388900
vt 28.603001 0.614800
vt 28.871000 0.801200
vt 28.996099 1.510700
vt 28.996099 0.841300
vt 29.151199 0.771000
vt 29.668200 1.510700
vt 29.372601 0.604300
vt 29.547100 0.337300
vt 29.614000 0.157400
vt 29.783800 0.470700
vt 30.029100 0.706900
vt 30.308599 1.510700
vt 30.308599 0.828800
vt 30.588200 0.682400
vt 30.884899 1.510700
vt 30.791100 0.463500
vt 30.884899 0.273700
vt 30.936199 0.463500
vt 31.181499 0.682400
vt 31.461100 1.510700
vt 31.461100 0.828800
vt 31.740601 0.682400
vt 32.286999 1.510700
vt 31.986000 0.463500
vt 32.111198 0.000000
vt 32.286999 0.001200
vt 3.451300 0.001200
vt 3.451300 1.510700
vt 3.094000 0.001700
vt 2.943400 0.360500
vt 2.750100 0.611200
vt 2.363500 1.510700
vt 2.363500 0.796300
vt 1.719600 1.510700
vt 1.977000 0.611200
vt 1.783700 0.360500
vt 1.719600 0.263900
vt 1.655600 0.360500
vt 1.462300 0.611200
vt 1.075700 0.796300
vt 1.075700 1.510700
vt 0.689200 0.611200
vt 0.000000 1.510700
vt 0.495900 0.360500
vt 0.363000 0.001700
vt 0.000000 0.001200
vt 0.815900 0.628600
vt 0.815900 0.594800
vt 0.955100 0.594800
vt 0.955100 0.628600
vt 0.955100 0.560900
vt 0.815900 0.653300
vt 0.815900 0.560900
vt 0.955100 0.653300
vt 0.955100 0.536200
vt 0.815900 0.687100
vt 0.815900 0.536200
vt 0.955100 0.687100
vt 0.815900 0.709300
vt 0.955100 0.709300
vt 0.955100 0.502400
vt 0.815900 0.502400
vt 0.955100 0.480200
vt 0.815900 0.480200
vt 0.815900 0.797600
vt 0.815900 0.762600
vt 0.955100 0.762600
vt 0.955100 0.797600
vt 0.955100 0.732300
vt 0.815900 0.826800
vt 0.815900 0.732300
vt 0.955100 0.709300
vt 0.815900 0.709300
vt 0.955100 0.826800
vt 0.815900 0.856000
vt 0.955100 0.856000
vt 0.815900 0.891000
vt 0.955100 0.891000
vt 0.815900 0.921300
vt 0.955100 0.921300
vt 0.815900 0.944200
vt 0.955100 0.944200
vt 0.815900 0.395000
vt 0.815900 0.361300
vt 0.955100 0.361300
vt 0.955100 0.395000
vt 0.955100 0.332100
vt 0.815900 0.425300
vt 0.815900 0.332100
vt 0.955100 0.425300
vt 0.955100 0.297100
vt 0.815900 0.460300
vt 0.815900 0.297100
vt 0.955100 0.460300
vt 0.815900 0.480200
vt 0.955100 0.480200
vt 0.955100 0.266800
vt 0.815900 0.266800
vt 0.955100 0.243800
vt 0.815900 0.243800
vt 0.815900 0.121700
vt 0.815900 0.087900
vt 0.955100 0.087900
vt 0.955100 0.121700
vt 0.955100 0.052900
vt 0.815900 0.155600
vt 0.815900 0.052900
vt 0.955100 0.022600
vt 0.815900 0.022600
vt 0.955100 0.155600
vt 0.815900 0.190600
vt 0.955100 0.190600
vt 0.815900 0.220900
vt 0.955100 0.220900
vt 0.815900 0.243800
vt 0.955100 0.243800
vt 0.815900 0.967200
vt 0.815900 0.944200
vt 0.955100 0.944200
vt 0.955100 0.967200
vt 0.552400 0.619700
vt 0.546000 0.597600
vt 0.580400 0.603600
vt 0.611700 0.645400
vt 0.508300 0.572600
vt 0.520100 0.576000
vt 0.508500 0.544300
vt 0.487300 0.516800
vt 0.514600 0.509800
vt 0.488300 0.457300
vt 0.537000 0.483000
vt 0.613300 0.591600
vt 0.511100 0.402200
vt 0.676200 0.645400
vt 0.528900 0.427500
vt 0.541000 0.460400
vt 0.558600 0.475100
vt 0.534900 0.393000
vt 0.552600 0.359500
vt 0.557400 0.366200
vt 0.590300 0.354100
vt 0.606800 0.335000
vt 0.624800 0.360100
vt 0.666300 0.332100
vt 0.651600 0.382600
vt 0.722700 0.351400
vt 0.707100 0.374500
vt 0.674200 0.386500
vt 0.659500 0.404200
vt 0.741600 0.380500
vt 0.768000 0.390000
vt 0.767400 0.402100
vt 0.779000 0.433800
vt 0.797400 0.447500
vt 0.773000 0.468200
vt 0.801500 0.511900
vt 0.750600 0.495100
vt 0.779700 0.572700
vt 0.758600 0.550600
vt 0.746600 0.517700
vt 0.729000 0.503000
vt 0.752600 0.585100
vt 0.735500 0.619800
vt 0.730200 0.611900
vt 0.697300 0.624000
vt 0.662800 0.618000
vt 0.635900 0.595500
vt 0.628000 0.573900
vt 0.815900 0.628600
vt 0.815900 0.594800
vt 0.955100 0.594800
vt 0.955100 0.628600
vt 0.955100 0.560900
vt 0.815900 0.653300
vt 0.815900 0.560900
vt 0.955100 0.653300
vt 0.955100 0.536200
vt 0.815900 0.687100
vt 0.815900 0.536200
vt 0.955100 0.687100
vt 0.815900 0.709300
vt 0.955100 0.709300
vt 0.955100 0.502400
vt 0.815900 0.502400
vt 0.955100 0.480200
vt 0.815900 0.480200
vt 0.815900 0.797600
vt 0.815900 0.762600
vt 0.955100 0.762600
vt 0.955100 0.797600
vt 0.955100 0.732300
vt 0.815900 0.826800
vt 0.815900 0.732300
vt 0.955100 0.709300
vt 0.815900 0.709300
vt 0.955100 0.826800
vt 0.815900 0.856000
vt 0.955100 0.856000
vt 0.815900 0.891000
vt 0.955100 0.891000
vt 0.815900 0.921300
vt 0.955100 0.921300
vt 0.815900 0.944200
vt 0.955100 0.944200
vt 0.815900 0.395000
vt 0.815900 0.361300
vt 0.955100 0.361300
vt 0.955100 0.395000
vt 0.955100 0.332100
vt 0.815900 0.425300
vt 0.815900 0.332100
vt 0.955100 0.425300
vt 0.955100 0.297100
vt 0.815900 0.460300
vt 0.815900 0.297100
vt 0.955100 0.460300
vt 0.815900 0.480200
vt 0.955100 0.480200
vt 0.955100 0.266800
vt 0.815900 0.266800
vt 0.955100 0.243800
vt 0.815900 0.243800
vt 0.815900 0.121700
vt 0.815900 0.087900
vt 0.955100 0.087900
vt 0.955100 0.121700
vt 0.955100 0.052900
vt 0.815900 0.155600
vt 0.815900 0.052900
vt 0.955100 0.022600
vt 0.815900 0.022600
vt 0.955100 0.155600
vt 0.815900 0.190600
vt 0.955100 0.190600
vt 0.815900 0.220900
vt 0.955100 0.220900
vt 0.815900 0.243800
vt 0.955100 0.243800
vt 0.815900 0.967200
vt 0.815900 0.944200
vt 0.955100 0.944200
vt 0.955100 0.967200
vt 0.552400 0.619700
vt 0.546000 0.597600
vt 0.580400 0.603600
vt 0.611700 0.645400
vt 0.508300 0.572600
vt 0.520100 0.576000
vt 0.508500 0.544300
vt 0.487300 0.516800
vt 0.514600 0.509800
vt 0.488300 0.457300
vt 0.537000 0.483000
vt 0.613300 0.591600
vt 0.511100 0.402200
vt 0.676200 0.645400
vt 0.528900 0.427500
vt 0.541000 0.460400
vt 0.558600 0.475100
vt 0.534900 0.393000
vt 0.552600 0.359500
vt 0.557400 0.366200
vt 0.590300 0.354100
vt 0.606800 0.335000
vt 0.624800 0.360100
vt 0.666300 0.332100
vt 0.651600 0.382600
vt 0.722700 0.351400
vt 0.707100 0.374500
vt 0.674200 0.386500
vt 0.659500 0.404200
vt 0.741600 0.380500
vt 0.768000 0.390000
vt 0.767400 0.402100
vt 0.779000 0.433800
vt 0.797400 0.447500
vt 0.773000 0.468200
vt 0.801500 0.511900
vt 0.750600 0.495100
vt 0.779700 0.572700
vt 0.758600 0.550600
vt 0.746600 0.517700
vt 0.729000 0.503000
vt 0.752600 0.585100
vt 0.735500 0.619800
vt 0.730200 0.611900
vt 0.697300 0.624000
vt 0.662800 0.618000
vt 0.635900 0.595500
vt 0.628000 0.573900
vt 0.815900 0.628600
vt 0.815900 0.594800
vt 0.955100 0.594800
vt 0.955100 0.628600
vt 0.955100 0.560900
vt 0.815900 0.653300
vt 0.815900 0.560900
vt 0.955100 0.653300
vt 0.955100 0.536200
vt 0.815900 0.687100
vt 0.815900 0.536200
vt 0.955100 0.687100
vt 0.815900 0.709300
vt 0.955100 0.709300
vt 0.955100 0.502400
vt 0.815900 0.502400
vt 0.955100 0.480200
vt 0.815900 0.480200
vt 0.815900 0.797600
vt 0.815900 0.762600
vt 0.955100 0.762600
vt 0.955100 0.797600
vt 0.955100 0.732300
vt 0.815900 0.826800
vt 0.815900 0.732300
vt 0.955100 0.709300
vt 0.815900 0.709300
vt 0.955100 0.826800
vt 0.815900 0.856000
vt 0.955100 0.856000
vt 0.815900 0.891000
vt 0.955100 0.891000
vt 0.815900 0.921300
vt 0.955100 0.921300
vt 0.815900 0.944200
vt 0.955100 0.944200
vt 0.815900 0.395000
vt 0.815900 0.361300
vt 0.955100 0.361300
vt 0.955100 0.395000
vt 0.955100 0.332100
vt 0.815900 0.425300
vt 0.815900 0.332100
vt 0.955100 0.425300
vt 0.955100 0.297100
vt 0.815900 0.460300
vt 0.815900 0.297100
vt 0.955100 0.460300
vt 0.815900 0.480200
vt 0.955100 0.480200
vt 0.955100 0.266800
vt 0.815900 0.266800
vt 0.955100 0.243800
vt 0.815900 0.243800
vt 0.815900 0.121700
vt 0.815900 0.087900
vt 0.955100 0.087900
vt 0.955100 0.121700
vt 0.955100 0.052900
vt 0.815900 0.155600
vt 0.815900 0.052900
vt 0.955100 0.022600
vt 0.815900 0.022600
vt 0.955100 0.155600
vt 0.815900 0.190600
vt 0.955100 0.190600
vt 0.815900 0.220900
vt 0.955100 0.220900
vt 0.815900 0.243800
vt 0.955100 0.243800
vt 0.815900 0.967200
vt 0.815900 0.944200
vt 0.955100 0.944200
vt 0.955100 0.967200
vt 0.552400 0.619700
vt 0.546000 0.597600
vt 0.580400 0.603600
vt 0.611700 0.645400
vt 0.508300 0.572600
vt 0.520100 0.576000
vt 0.508500 0.544300
vt 0.487300 0.516800
vt 0.514600 0.509800
vt 0.488300 0.457300
vt 0.537000 0.483000
vt 0.613300 0.591600
vt 0.511100 0.402200
vt 0.676200 0.645400
vt 0.528900 0.427500
vt 0.541000 0.460400
vt 0.558600 0.475100
vt 0.534900 0.393000
vt 0.552600 0.359500
vt 0.557400 0.366200
vt 0.590300 0.354100
vt 0.606800 0.335000
vt 0.624800 0.360100
vt 0.666300 0.332100
vt 0.651600 0.382600
vt 0.722700 0.351400
vt 0.707100 0.374500
vt 0.674200 0.386500
vt 0.659500 0.404200
vt 0.741600 0.380500
vt 0.768000 0.390000
vt 0.767400 0.402100
vt 0.779000 0.433800
vt 0.797400 0.447500
vt 0.773000 0.468200
vt 0.801500 0.511900
vt 0.750600 0.495100
vt 0.779700 0.572700
vt 0.758600 0.550600
vt 0.746600 0.517700
vt 0.729000 0.503000
vt 0.752600 0.585100
vt 0.735500 0.619800
vt 0.730200 0.611900
vt 0.697300 0.624000
vt 0.662800 0.618000
vt 0.635900 0.595500
vt 0.628000 0.573900
vt 0.815900 0.628600
vt 0.815900 0.594800
vt 0.955100 0.594800
vt 0.955100 0.628600
vt 0.955100 0.560900
vt 0.815900 0.653300
vt 0.815900 0.560900
vt 0.955100 0.653300
vt 0.955100 0.536200
vt 0.815900 0.687100
vt 0.815900 0.536200
vt 0.955100 0.687100
vt 0.815900 0.709300
vt 0.955100 0.709300
vt 0.955100 0.502400
vt 0.815900 0.502400
vt 0.955100 0.480200
vt 0.815900 0.480200
vt 0.815900 0.797600
vt 0.815900 0.762600
vt 0.955100 0.762600
vt 0.955100 0.797600
vt 0.955100 0.732300
vt 0.815900 0.826800
vt 0.815900 0.732300
vt 0.955100 0.709300
vt 0.815900 0.709300
vt 0.955100 0.826800
vt 0.815900 0.856000
vt 0.955100 0.856000
vt 0.815900 0.891000
vt 0.955100 0.891000
vt 0.815900 0.921300
vt 0.955100 0.921300
vt 0.815900 0.944200
vt 0.955100 0.944200
vt 0.815900 0.395000
vt 0.815900 0.361300
vt 0.955100 0.361300
vt 0.955100 0.395000
vt 0.955100 0.332100
vt 0.815900 0.425300
vt 0.815900 0.332100
vt 0.955100 0.425300
vt 0.955100 0.297100
vt 0.815900 0.460300
vt 0.815900 0.297100
vt 0.955100 0.460300
vt 0.815900 0.480200
vt 0.955100 0.480200
vt 0.955100 0.266800
vt 0.815900 0.266800
vt 0.955100 0.243800
vt 0.815900 0.243800
vt 0.815900 0.121700
vt 0.815900 0.087900
vt 0.955100 0.087900
vt 0.955100 0.121700
vt 0.955100 0.052900
vt 0.815900 0.155600
vt 0.815900 0.052900
vt 0.955100 0.022600
vt 0.815900 0.022600
vt 0.955100 0.155600
vt 0.815900 0.190600
vt 0.955100 0.190600
vt 0.815900 0.220900
vt 0.955100 0.220900
vt 0.815900 0.243800
vt 0.955100 0.243800
vt 0.815900 0.967200
vt 0.815900 0.944200
vt 0.955100 0.944200
vt 0.955100 0.967200
vt 0.552400 0.619700
vt 0.546000 0.597600
vt 0.580400 0.603600
vt 0.611700 0.645400
vt 0.508300 0.572600
vt 0.520100 0.576000
vt 0.508500 0.544300
vt 0.487300 0.516800
vt 0.514600 0.509800
vt 0.488300 0.457300
vt 0.537000 0.483000
vt 0.613300 0.591600
vt 0.511100 0.402200
vt 0.676200 0.645400
vt 0.528900 0.427500
vt 0.541000 0.460400
vt 0.558600 0.475100
vt 0.534900 0.393000
vt 0.552600 0.359500
vt 0.557400 0.366200
vt 0.590300 0.354100
vt 0.606800 0.335000
vt 0.624800 0.360100
vt 0.666300 0.332100
vt 0.651600 0.382600
vt 0.722700 0.351400
vt 0.707100 0.374500
vt 0.674200 0.386500
vt 0.659500 0.404200
vt 0.741600 0.380500
vt 0.768000 0.390000
vt 0.767400 0.402100
vt 0.779000 0.433800
vt 0.797400 0.447500
vt 0.773000 0.468200
vt 0.801500 0.511900
vt 0.750600 0.495100
vt 0.779700 0.572700
vt 0.758600 0.550600
vt 0.746600 0.517700
vt 0.729000 0.503000
vt 0.752600 0.585100
vt 0.735500 0.619800
vt 0.730200 0.611900
vt 0.697300 0.624000
vt 0.662800 0.618000
vt 0.635900 0.595500
vt 0.628000 0.573900
vt 0.955100 0.594800
vt 0.815900 0.594800
vt 0.815900 0.628600
vt 0.955100 0.560900
vt 0.955100 0.628600
vt 0.815900 0.560900
vt 0.815900 0.653300
vt 0.955100 0.536200
vt 0.955100 0.653300
vt 0.815900 0.536200
vt 0.815900 0.687100
vt 0.955100 0.502400
vt 0.955100 0.687100
vt 0.815900 0.502400
vt 0.815900 0.709300
vt 0.955100 0.709300
vt 0.955100 0.480200
vt 0.815900 0.480200
vt 0.955100 0.762600
vt 0.815900 0.762600
vt 0.815900 0.797600
vt 0.955100 0.732300
vt 0.955100 0.797600
vt 0.815900 0.732300
vt 0.955100 0.709300
vt 0.815900 0.709300
vt 0.815900 0.826800
vt 0.955100 0.826800
vt 0.815900 0.856000
vt 0.955100 0.856000
vt 0.815900 0.891000
vt 0.955100 0.891000
vt 0.815900 0.921300
vt 0.955100 0.921300
vt 0.815900 0.944200
vt 0.955100 0.944200
vt 0.955100 0.361300
vt 0.815900 0.361300
vt 0.815900 0.395000
vt 0.955100 0.332100
vt 0.955100 0.395000
vt 0.815900 0.332100
vt 0.815900 0.425300
vt 0.955100 0.297100
vt 0.955100 0.425300
vt 0.815900 0.297100
vt 0.815900 0.460300
vt 0.955100 0.266800
vt 0.955100 0.460300
vt 0.815900 0.266800
vt 0.815900 0.480200
vt 0.955100 0.480200
vt 0.955100 0.243800
vt 0.815900 0.243800
vt 0.955100 0.087900
vt 0.815900 0.087900
vt 0.815900 0.121700
vt 0.955100 0.052900
vt 0.955100 0.121700
vt 0.815900 0.052900
vt 0.955100 0.022600
vt 0.815900 0.022600
vt 0.815900 0.155600
vt 0.955100 0.155600
vt 0.815900 0.190600
vt 0.955100 0.190600
vt 0.815900 0.220900
vt 0.955100 0.220900
vt 0.815900 0.243800
vt 0.955100 0.243800
vt 0.955100 0.944200
vt 0.815900 0.944200
vt 0.815900 0.967200
vt 0.955100 0.967200
vt 0.580400 0.603600
vt 0.546000 0.597600
vt 0.552400 0.619700
vt 0.611700 0.645400
vt 0.508300 0.572600
vt 0.520100 0.576000
vt 0.508500 0.544300
vt 0.487300 0.516800
vt 0.514600 0.509800
vt 0.488300 0.457300
vt 0.537000 0.483000
vt 0.613300 0.591600
vt 0.511100 0.402200
vt 0.676200 0.645400
vt 0.528900 0.427500
vt 0.541000 0.460400
vt 0.558600 0.475100
vt 0.534900 0.393000
vt 0.552600 0.359500
vt 0.557400 0.366200
vt 0.590300 0.354100
vt 0.606800 0.335000
vt 0.624800 0.360100
vt 0.666300 0.332100
vt 0.651600 0.382600
vt 0.722700 0.351400
vt 0.707100 0.374500
vt 0.674200 0.386500
vt 0.659500 0.404200
vt 0.741600 0.380500
vt 0.768000 0.390000
vt 0.767400 0.402100
vt 0.779000 0.433800
vt 0.797400 0.447500
vt 0.773000 0.468200
vt 0.801500 0.511900
vt 0.750600 0.495100
vt 0.779700 0.572700
vt 0.758600 0.550600
vt 0.746600 0.517700
vt 0.729000 0.503000
vt 0.752600 0.585100
vt 0.735500 0.619800
vt 0.730200 0.611900
vt 0.697300 0.624000
vt 0.662800 0.618000
vt 0.635900 0.595500
vt 0.628000 0.573900
vt 0.955100 0.594800
vt 0.815900 0.594800
vt 0.815900 0.628600
vt 0.955100 0.560900
vt 0.955100 0.628600
vt 0.815900 0.560900
vt 0.815900 0.653300
vt 0.955100 0.536200
vt 0.955100 0.653300
vt 0.815900 0.536200
vt 0.815900 0.687100
vt 0.955100 0.502400
vt 0.955100 0.687100
vt 0.815900 0.502400
vt 0.815900 0.709300
vt 0.955100 0.709300
vt 0.955100 0.480200
vt 0.815900 0.480200
vt 0.955100 0.762600
vt 0.815900 0.762600
vt 0.815900 0.797600
vt 0.955100 0.732300
vt 0.955100 0.797600
vt 0.815900 0.732300
vt 0.955100 0.709300
vt 0.815900 0.709300
vt 0.815900 0.826800
vt 0.955100 0.826800
vt 0.815900 0.856000
vt 0.955100 0.856000
vt 0.815900 0.891000
vt 0.955100 0.891000
vt 0.815900 0.921300
vt 0.955100 0.921300
vt 0.815900 0.944200
vt 0.955100 0.944200
vt 0.955100 0.361300
vt 0.815900 0.361300
vt 0.815900 0.395000
vt 0.955100 0.332100
vt 0.955100 0.395000
vt 0.815900 0.332100
vt 0.815900 0.425300
vt 0.955100 0.297100
vt 0.955100 0.425300
vt 0.815900 0.297100
vt 0.815900 0.460300
vt 0.955100 0.266800
vt 0.955100 0.460300
vt 0.815900 0.266800
vt 0.815900 0.480200
vt 0.955100 0.480200
vt 0.955100 0.243800
vt 0.815900 0.243800
vt 0.955100 0.087900
vt 0.815900 0.087900
vt 0.815900 0.121700
vt 0.955100 0.052900
vt 0.955100 0.121700
vt 0.815900 0.052900
vt 0.955100 0.022600
vt 0.815900 0.022600
vt 0.815900 0.155600
vt 0.955100 0.155600
vt 0.815900 0.190600
vt 0.955100 0.190600
vt 0.815900 0.220900
vt 0.955100 0.220900
vt 0.815900 0.243800
vt 0.955100 0.243800
vt 0.955100 0.944200
vt 0.815900 0.944200
vt 0.815900 0.967200
vt 0.955100 0.967200
vt 0.580400 0.603600
vt 0.546000 0.597600
vt 0.552400 0.619700
vt 0.611700 0.645400
vt 0.508300 0.572600
vt 0.520100 0.576000
vt 0.508500 0.544300
vt 0.487300 0.516800
vt 0.514600 0.509800
vt 0.488300 0.457300
vt 0.537000 0.483000
vt 0.613300 0.591600
vt 0.511100 0.402200
vt 0.676200 0.645400
vt 0.528900 0.427500
vt 0.541000 0.460400
vt 0.558600 0.475100
vt 0.534900 0.393000
vt 0.552600 0.359500
vt 0.557400 0.366200
vt 0.590300 0.354100
vt 0.606800 0.335000
vt 0.624800 0.360100
vt 0.666300 0.332100
vt 0.651600 0.382600
vt 0.722700 0.351400
vt 0.707100 0.374500
vt 0.674200 0.386500
vt 0.659500 0.404200
vt 0.741600 0.380500
vt 0.768000 0.390000
vt 0.767400 0.402100
vt 0.779000 0.433800
vt 0.797400 0.447500
vt 0.773000 0.468200
vt 0.801500 0.511900
vt 0.750600 0.495100
vt 0.779700 0.572700
vt 0.758600 0.550600
vt 0.746600 0.517700
vt 0.729000 0.503000
vt 0.752600 0.585100
vt 0.735500 0.619800
vt 0.730200 0.611900
vt 0.697300 0.624000
vt 0.662800 0.618000
vt 0.635900 0.595500
vt 0.628000 0.573900
vt 0.955100 0.594800
vt 0.815900 0.594800
vt 0.815900 0.628600
vt 0.955100 0.560900
vt 0.955100 0.628600
vt 0.815900 0.560900
vt 0.815900 0.653300
vt 0.955100 0.536200
vt 0.955100 0.653300
vt 0.815900 0.536200
vt 0.815900 0.687100
vt 0.955100 0.502400
vt 0.955100 0.687100
vt 0.815900 0.502400
vt 0.815900 0.709300
vt 0.955100 0.709300
vt 0.955100 0.480200
vt 0.815900 0.480200
vt 0.955100 0.762600
vt 0.815900 0.762600
vt 0.815900 0.797600
vt 0.955100 0.732300
vt 0.955100 0.797600
vt 0.815900 0.732300
vt 0.955100 0.709300
vt 0.815900 0.709300
vt 0.815900 0.826800
vt 0.955100 0.826800
vt 0.815900 0.856000
vt 0.955100 0.856000
vt 0.815900 0.891000
vt 0.955100 0.891000
vt 0.815900 0.921300
vt 0.955100 0.921300
vt 0.815900 0.944200
vt 0.955100 0.944200
vt 0.955100 0.361300
vt 0.815900 0.361300
vt 0.815900 0.395000
vt 0.955100 0.332100
vt 0.955100 0.395000
vt 0.815900 0.332100
vt 0.815900 0.425300
vt 0.955100 0.297100
vt 0.955100 0.425300
vt 0.815900 0.297100
vt 0.815900 0.460300
vt 0.955100 0.266800
vt 0.955100 0.460300
vt 0.815900 0.266800
vt 0.815900 0.480200
vt 0.955100 0.480200
vt 0.955100 0.243800
vt 0.815900 0.243800
vt 0.955100 0.087900
vt 0.815900 0.087900
vt 0.815900 0.121700
vt 0.955100 0.052900
vt 0.955100 0.121700
vt 0.815900 0.052900
vt 0.955100 0.022600
vt 0.815900 0.022600
vt 0.815900 0.155600
vt 0.955100 0.155600
vt 0.815900 0.190600
vt 0.955100 0.190600
vt 0.815900 0.220900
vt 0.955100 0.220900
vt 0.815900 0.243800
vt 0.955100 0.243800
vt 0.955100 0.944200
vt 0.815900 0.944200
vt 0.815900 0.967200
vt 0.955100 0.967200
vt 0.580400 0.603600
vt 0.546000 0.597600
vt 0.552400 0.619700
vt 0.611700 0.645400
vt 0.508300 0.572600
vt 0.520100 0.576000
vt 0.508500 0.544300
vt 0.487300 0.516800
vt 0.514600 0.509800
vt 0.488300 0.457300
vt 0.537000 0.483000
vt 0.613300 0.591600
vt 0.511100 0.402200
vt 0.676200 0.645400
vt 0.528900 0.427500
vt 0.541000 0.460400
vt 0.558600 0.475100
vt 0.534900 0.393000
vt 0.552600 0.359500
vt 0.557400 0.366200
vt 0.590300 0.354100
vt 0.606800 0.335000
vt 0.624800 0.360100
vt 0.666300 0.332100
vt 0.651600 0.382600
vt 0.722700 0.351400
vt 0.707100 0.374500
vt 0.674200 0.386500
vt 0.659500 0.404200
vt 0.741600 0.380500
vt 0.768000 0.390000
vt 0.767400 0.402100
vt 0.779000 0.433800
vt 0.797400 0.447500
vt 0.773000 0.468200
vt 0.801500 0.511900
vt 0.750600 0.495100
vt 0.779700 0.572700
vt 0.758600 0.550600
vt 0.746600 0.517700
vt 0.729000 0.503000
vt 0.752600 0.585100
vt 0.735500 0.619800
vt 0.730200 0.611900
vt 0.697300 0.624000
vt 0.662800 0.618000
vt 0.635900 0.595500
vt 0.628000 0.573900
vt 0.955100 0.594800
vt 0.815900 0.594800
vt 0.815900 0.628600
vt 0.955100 0.560900
vt 0.955100 0.628600
vt 0.815900 0.560900
vt 0.815900 0.653300
vt 0.955100 0.536200
vt 0.955100 0.653300
vt 0.815900 0.536200
vt 0.815900 0.687100
vt 0.955100 0.502400
vt 0.955100 0.687100
vt 0.815900 0.502400
vt 0.815900 0.709300
vt 0.955100 0.709300
vt 0.955100 0.480200
vt 0.815900 0.480200
vt 0.955100 0.762600
vt 0.815900 0.762600
vt 0.815900 0.797600
vt 0.955100 0.732300
vt 0.955100 0.797600
vt 0.815900 0.732300
vt 0.955100 0.709300
vt 0.815900 0.709300
vt 0.815900 0.826800
vt 0.955100 0.826800
vt 0.815900 0.856000
vt 0.955100 0.856000
vt 0.815900 0.891000
vt 0.955100 0.891000
vt 0.815900 0.921300
vt 0.955100 0.921300
vt 0.815900 0.944200
vt 0.955100 0.944200
vt 0.955100 0.361300
vt 0.815900 0.361300
vt 0.815900 0.395000
vt 0.955100 0.332100
vt 0.955100 0.395000
vt 0.815900 0.332100
vt 0.815900 0.425300
vt 0.955100 0.297100
vt 0.955100 0.425300
vt 0.815900 0.297100
vt 0.815900 0.460300
vt 0.955100 0.266800
vt 0.955100 0.460300
vt 0.815900 0.266800
vt 0.815900 0.480200
vt 0.955100 0.480200
vt 0.955100 0.243800
vt 0.815900 0.243800
vt 0.955100 0.087900
vt 0.815900 0.087900
vt 0.815900 0.121700
vt 0.955100 0.052900
vt 0.955100 0.121700
vt 0.815900 0.052900
vt 0.955100 0.022600
vt 0.815900 0.022600
vt 0.815900 0.155600
vt 0.955100 0.155600
vt 0.815900 0.190600
vt 0.955100 0.190600
vt 0.815900 0.220900
vt 0.955100 0.220900
vt 0.815900 0.243800
vt 0.955100 0.243800
vt 0.955100 0.944200
vt 0.815900 0.944200
vt 0.815900 0.967200
vt 0.955100 0.967200
vt 0.580400 0.603600
vt 0.546000 0.597600
vt 0.552400 0.619700
vt 0.611700 0.645400
vt 0.508300 0.572600
vt 0.520100 0.576000
vt 0.508500 0.544300
vt 0.487300 0.516800
vt 0.514600 0.509800
vt 0.488300 0.457300
vt 0.537000 0.483000
vt 0.613300 0.591600
vt 0.511100 0.402200
vt 0.676200 0.645400
vt 0.528900 0.427500
vt 0.541000 0.460400
vt 0.558600 0.475100
vt 0.534900 0.393000
vt 0.552600 0.359500
vt 0.557400 0.366200
vt 0.590300 0.354100
vt 0.606800 0.335000
vt 0.624800 0.360100
vt 0.666300 0.332100
vt 0.651600 0.382600
vt 0.722700 0.351400
vt 0.707100 0.374500
vt 0.674200 0.386500
vt 0.659500 0.404200
vt 0.741600 0.380500
vt 0.768000 0.390000
vt 0.767400 0.402100
vt 0.779000 0.433800
vt 0.797400 0.447500
vt 0.773000 0.468200
vt 0.801500 0.511900
vt 0.750600 0.495100
vt 0.779700 0.572700
vt 0.758600 0.550600
vt 0.746600 0.517700
vt 0.729000 0.503000
vt 0.752600 0.585100
vt 0.735500 0.619800
vt 0.730200 0.611900
vt 0.697300 0.624000
vt 0.662800 0.618000
vt 0.635900 0.595500
vt 0.628000 0.573900
vt 0.955100 0.594800
vt 0.815900 0.594800
vt 0.815900 0.628600
vt 0.955100 0.560900
vt 0.955100 0.628600
vt 0.815900 0.560900
vt 0.815900 0.653300
vt 0.955100 0.536200
vt 0.955100 0.653300
vt 0.815900 0.536200
vt 0.815900 0.687100
vt 0.955100 0.502400
vt 0.955100 0.687100
vt 0.815900 0.502400
vt 0.815900 0.709300
vt 0.955100 0.709300
vt 0.955100 0.480200
vt 0.815900 0.480200
vt 0.955100 0.762600
vt 0.815900 0.762600
vt 0.815900 0.797600
vt 0.955100 0.732300
vt 0.955100 0.797600
vt 0.815900 0.732300
vt 0.955100 0.709300
vt 0.815900 0.709300
vt 0.815900 0.826800
vt 0.955100 0.826800
vt 0.815900 0.856000
vt 0.955100 0.856000
vt 0.815900 0.891000
vt 0.955100 0.891000
vt 0.815900 0.921300
vt 0.955100 0.921300
vt 0.815900 0.944200
vt 0.955100 0.944200
vt 0.955100 0.361300
vt 0.815900 0.361300
vt 0.815900 0.395000
vt 0.955100 0.332100
vt 0.955100 0.395000
vt 0.815900 0.332100
vt 0.815900 0.425300
vt 0.955100 0.297100
vt 0.955100 0.425300
vt 0.815900 0.297100
vt 0.815900 0.460300
vt 0.955100 0.266800
vt 0.955100 0.460300
vt 0.815900 0.266800
vt 0.815900 0.480200
vt 0.955100 0.480200
vt 0.955100 0.243800
vt 0.815900 0.243800
vt 0.955100 0.087900
vt 0.815900 0.087900
vt 0.815900 0.121700
vt 0.955100 0.052900
vt 0.955100 0.121700
vt 0.815900 0.052900
vt 0.955100 0.022600
vt 0.815900 0.022600
vt 0.815900 0.155600
vt 0.955100 0.155600
vt 0.815900 0.190600
vt 0.955100 0.190600
vt 0.815900 0.220900
vt 0.955100 0.220900
vt 0.815900 0.243800
vt 0.955100 0.243800
vt 0.955100 0.944200
vt 0.815900 0.944200
vt 0.815900 0.967200
vt 0.955100 0.967200
vt 0.580400 0.603600
vt 0.546000 0.597600
vt 0.552400 0.619700
vt 0.611700 0.645400
vt 0.508300 0.572600
vt 0.520100 0.576000
vt 0.508500 0.544300
vt 0.487300 0.516800
vt 0.514600 0.509800
vt 0.488300 0.457300
vt 0.537000 0.483000
vt 0.613300 0.591600
vt 0.511100 0.402200
vt 0.676200 0.645400
vt 0.528900 0.427500
vt 0.541000 0.460400
vt 0.558600 0.475100
vt 0.534900 0.393000
vt 0.552600 0.359500
vt 0.557400 0.366200
vt 0.590300 0.354100
vt 0.606800 0.335000
vt 0.624800 0.360100
vt 0.666300 0.332100
vt 0.651600 0.382600
vt 0.722700 0.351400
vt 0.707100 0.374500
vt 0.674200 0.386500
vt 0.659500 0.404200
vt 0.741600 0.380500
vt 0.768000 0.390000
vt 0.767400 0.402100
vt 0.779000 0.433800
vt 0.797400 0.447500
vt 0.773000 0.468200
vt 0.801500 0.511900
vt 0.750600 0.495100
vt 0.779700 0.572700
vt 0.758600 0.550600
vt 0.746600 0.517700
vt 0.729000 0.503000
vt 0.752600 0.585100
vt 0.735500 0.619800
vt 0.730200 0.611900
vt 0.697300 0.624000
vt 0.662800 0.618000
vt 0.635900 0.595500
vt 0.628000 0.573900
vn -0.14319 -0.98796 -0.05860
vn -0.23441 -0.97214 0.00000
vn 0.00040 -1.00000 0.00000
vn -0.32970 -0.93699 -0.11550
vn -0.44181 -0.89711 0.00080
vn -0.47469 -0.86088 -0.18320
vn -0.61462 -0.78882 0.00130
vn -0.12189 -0.93955 -0.31998
vn -0.64921 -0.71891 -0.24840
vn -0.79096 -0.61187 0.00050
vn -0.79282 -0.53391 -0.29391
vn -0.90317 -0.42928 0.00190
vn -0.17511 -0.84854 -0.49932
vn -0.24060 -0.71959 -0.65139
vn -0.88934 -0.30201 -0.34331
vn -0.30870 -0.55561 -0.77201
vn -0.35170 -0.29320 -0.88901
vn -0.97077 -0.23999 0.00150
vn -0.91583 -0.14900 -0.37291
vn -0.99184 -0.12750 0.00000
vn -0.35170 -0.29320 -0.88901
vn -0.35910 -0.12490 -0.92490
vn 0.00000 -0.89353 -0.44901
vn 0.00000 -0.76702 -0.64162
vn 0.00000 -0.62512 -0.78053
vn 0.00000 -0.97516 -0.22149
vn 0.21450 -0.73809 -0.63969
vn -0.30870 -0.55561 -0.77201
vn -0.64921 -0.71891 -0.24840
vn -0.79282 -0.53391 -0.29391
vn 0.27900 -0.56389 -0.77729
vn 0.16051 -0.85503 -0.49312
vn 0.57322 -0.78453 -0.23651
vn 0.00000 -0.45711 -0.88941
vn -0.35170 -0.29320 -0.88901
vn 0.35639 -0.29429 -0.88678
vn 0.74671 -0.59340 -0.30050
vn 0.89060 -0.30090 -0.34100
vn 0.00000 -0.22050 -0.97539
vn 0.35349 -0.13200 -0.92608
vn -0.35910 -0.12490 -0.92490
vn 0.00000 -0.08560 -0.99633
vn 0.55539 -0.83159 0.00250
vn 0.70710 -0.70710 0.00250
vn 0.74671 -0.59340 -0.30050
vn 0.87171 -0.49001 0.00300
vn 0.21450 -0.73809 -0.63969
vn 0.27900 -0.56389 -0.77729
vn 0.89060 -0.30090 -0.34100
vn 0.97077 -0.23999 0.00150
vn 0.91197 -0.16819 -0.37419
vn 0.98896 -0.14819 0.00000
vn 0.35639 -0.29429 -0.88678
vn 0.35349 -0.13200 -0.92608
vn 0.42900 -0.88589 -0.17650
vn 0.38351 -0.92353 0.00100
vn 0.27549 -0.95435 -0.11539
vn 0.10430 -0.94091 -0.32220
vn 0.19510 -0.98078 0.00000
vn 0.12630 -0.99063 -0.05190
vn 0.05360 -0.98945 -0.13459
vn 0.00000 -1.00000 0.00000
vn -0.00010 -0.99970 -0.02460
vn -0.12630 -0.99064 -0.05180
vn -0.19510 -0.98078 0.00000
vn 0.02460 -0.99970 0.00010
vn -0.27399 -0.95487 -0.11470
vn -0.38269 -0.92388 0.00000
vn -0.01230 -0.99962 0.02450
vn -0.42362 -0.88883 -0.17471
vn -0.55569 -0.83139 0.00080
vn -0.05350 -0.98946 -0.13459
vn -0.10350 -0.94158 -0.32049
vn -0.57828 -0.78047 -0.23759
vn -0.72209 -0.69179 0.00290
vn -0.74669 -0.59780 -0.29170
vn -0.86397 -0.50348 0.00740
vn -0.88453 -0.31461 -0.34441
vn -0.96556 -0.25989 0.01270
vn -0.99401 -0.10930 0.00040
vn -0.91919 -0.13270 -0.37079
vn -0.15760 -0.85879 -0.48749
vn -0.21351 -0.73774 -0.64043
vn 0.00000 -0.89483 -0.44641
vn 0.00060 -0.76970 -0.63840
vn 0.00000 -0.97516 -0.22149
vn 0.00000 -1.00000 0.00000
vn 0.00230 -0.62557 -0.78016
vn -0.74669 -0.59780 -0.29170
vn -0.57828 -0.78047 -0.23759
vn -0.28239 -0.57109 -0.77079
vn 0.00710 -0.45920 -0.88830
vn -0.88453 -0.31461 -0.34441
vn -0.74669 -0.59780 -0.29170
vn -0.33460 -0.29440 -0.89519
vn 0.01610 -0.22820 -0.97348
vn -0.35881 -0.11870 -0.92583
vn 0.00000 -0.08560 -0.99633
vn -0.91919 -0.13270 -0.37079
vn -0.88453 -0.31461 -0.34441
vn -0.05430 -0.98912 0.13670
vn 0.00000 -0.97394 0.22681
vn -0.01180 -0.99986 0.01150
vn -0.02020 -0.99971 0.01320
vn -0.10410 -0.93822 0.33001
vn 0.00000 -0.88853 0.45882
vn -0.15530 -0.85840 0.48890
vn 0.00000 -0.77749 0.62889
vn -0.21891 -0.74515 0.62994
vn 0.00000 -0.63248 0.77458
vn -0.58273 -0.77834 0.23371
vn -0.42230 -0.88901 0.17700
vn -0.27419 -0.95447 0.11750
vn -0.12679 -0.99055 0.05230
vn -0.42068 -0.89416 -0.15329
vn -0.57649 -0.78869 -0.21360
vn -0.75310 -0.59530 -0.28010
vn -0.74509 -0.59539 0.30059
vn -0.15329 -0.89416 -0.42068
vn -0.21220 -0.79240 -0.57190
vn 0.00000 -0.83147 -0.55558
vn 0.00310 -0.70450 -0.70970
vn 0.00000 -0.92388 -0.38269
vn -0.87537 -0.32819 0.35499
vn -0.28521 -0.55513 0.78134
vn -0.32980 -0.29520 0.89671
vn -0.87770 -0.31730 -0.35910
vn -0.91080 -0.14590 0.38620
vn -0.92101 -0.15420 -0.35771
vn -0.28551 -0.59851 -0.74851
vn -0.32718 -0.30888 -0.89305
vn -0.10010 -0.95693 -0.27251
vn 0.00000 -0.98078 -0.19510
vn -0.04950 -0.99108 -0.12370
vn 0.00000 -1.00000 0.00000
vn -0.01480 -0.99989 0.00000
vn -0.27251 -0.95693 -0.10010
vn -0.12360 -0.99110 -0.04940
vn 0.00000 -1.00000 0.00000
vn 0.12360 -0.99110 -0.04940
vn 0.01480 -0.99989 0.00000
vn 0.12670 -0.99057 0.05220
vn 0.04950 -0.99108 -0.12370
vn 0.00000 -1.00000 0.00000
vn 0.00000 -0.98078 -0.19510
vn 0.10010 -0.95693 -0.27251
vn 0.00000 -0.92388 -0.38269
vn 0.27251 -0.95693 -0.10010
vn 0.15329 -0.89416 -0.42068
vn 0.00000 -0.83147 -0.55558
vn 0.27419 -0.95447 0.11750
vn 0.42068 -0.89416 -0.15329
vn 0.20900 -0.79769 -0.56569
vn 0.00000 -0.70711 -0.70711
vn 0.56569 -0.79769 -0.20900
vn 0.28350 -0.59799 -0.74969
vn 0.56569 -0.79769 -0.20900
vn 0.74967 -0.59798 -0.28359
vn 0.00000 -0.48880 -0.87240
vn 0.35011 -0.30861 -0.88441
vn 0.74967 -0.59798 -0.28359
vn 0.88441 -0.30861 -0.35011
vn 0.00000 -0.23910 -0.97100
vn 0.35711 -0.19001 -0.91453
vn 0.00000 -0.14819 -0.98896
vn 0.88441 -0.30861 -0.35011
vn 0.91453 -0.19001 -0.35711
vn 0.42230 -0.88901 0.17700
vn 0.57378 -0.78608 0.22989
vn 0.74967 -0.59798 -0.28359
vn 0.74677 -0.58978 0.30739
vn 0.88441 -0.30861 -0.35011
vn 0.21680 -0.74900 0.62610
vn 0.27879 -0.54698 0.78936
vn 0.88848 -0.29999 0.34729
vn 0.91453 -0.19001 -0.35711
vn 0.91257 -0.17329 0.37039
vn 0.35421 -0.28951 0.88922
vn 0.35430 -0.14510 0.92381
vn 0.15530 -0.85840 0.48890
vn 0.21680 -0.74900 0.62610
vn 0.10410 -0.93822 0.33001
vn 0.00000 -0.77749 0.62889
vn 0.05430 -0.98912 0.13670
vn 0.00000 -0.88853 0.45882
vn 0.00000 -0.97394 0.22681
vn 0.00000 -1.00000 0.00000
vn -0.05850 -0.98821 0.14150
vn -0.12180 -0.93690 0.32770
vn -0.05770 -0.98858 -0.13920
vn -0.00080 -0.99999 0.00410
vn -0.01150 -0.99986 -0.01190
vn -0.00360 -0.99999 -0.00080
vn 0.05790 -0.98856 -0.13929
vn 0.14480 -0.98771 -0.05890
vn 0.23740 -0.97141 0.00000
vn 0.33010 -0.93701 -0.11420
vn 0.44080 -0.89760 0.00020
vn 0.12171 -0.94034 -0.31771
vn 0.46219 -0.86869 -0.17820
vn 0.60359 -0.79729 0.00170
vn 0.63691 -0.73131 -0.24400
vn 0.78579 -0.61849 0.00370
vn 0.17050 -0.85438 -0.49089
vn 0.79548 -0.53049 -0.29289
vn 0.90579 -0.42370 0.00480
vn 0.23389 -0.72548 -0.64728
vn 0.89532 -0.28881 -0.33911
vn 0.97316 -0.22989 0.01070
vn 0.35440 -0.28560 -0.89041
vn 0.30791 -0.55311 -0.77412
vn 0.92037 -0.13230 -0.36799
vn 0.99407 -0.10870 0.00000
vn 0.35440 -0.28560 -0.89041
vn 0.36500 -0.11960 -0.92329
vn 0.00000 -0.77097 -0.63687
vn 0.00000 -0.89483 -0.44641
vn 0.00000 -0.62740 -0.77870
vn 0.00000 -0.97516 -0.22149
vn -0.12171 -0.94034 -0.31771
vn -0.17050 -0.85438 -0.49089
vn -0.23391 -0.72553 -0.64722
vn 0.30791 -0.55311 -0.77412
vn 0.63691 -0.73131 -0.24400
vn 0.79548 -0.53049 -0.29289
vn 0.00000 -0.45611 -0.88992
vn 0.35440 -0.28560 -0.89041
vn -0.30798 -0.55317 -0.77405
vn -0.63691 -0.73131 -0.24400
vn -0.79540 -0.53060 -0.29290
vn -0.35450 -0.28550 -0.89040
vn 0.00000 -0.22019 -0.97546
vn 0.36500 -0.11960 -0.92329
vn -0.36500 -0.11960 -0.92329
vn 0.00000 -0.08630 -0.99627
vn -0.63691 -0.73131 -0.24400
vn -0.46219 -0.86869 -0.17820
vn -0.60359 -0.79729 0.00170
vn -0.78579 -0.61849 0.00370
vn -0.79540 -0.53060 -0.29290
vn -0.44080 -0.89760 0.00020
vn -0.90579 -0.42370 0.00480
vn -0.33010 -0.93701 -0.11420
vn -0.23740 -0.97141 0.00000
vn -0.89531 -0.28860 -0.33930
vn -0.14480 -0.98770 -0.05900
vn -0.97320 -0.22970 0.01080
vn -0.30798 -0.55317 -0.77405
vn -0.35450 -0.28550 -0.89040
vn -0.99401 -0.10930 0.00040
vn -0.92024 -0.13261 -0.36821
vn -0.35450 -0.28550 -0.89040
vn -0.36500 -0.11960 -0.92329
vn -0.00040 -1.00000 0.00000
vn -0.05800 -0.98855 -0.13931
vn -0.00010 -0.99969 -0.02470
vn 0.00000 -1.00000 0.00000
vn -0.01230 -0.99962 0.02450
vn 0.14319 -0.98796 -0.05860
vn 0.23441 -0.97214 0.00000
vn -0.01190 -0.99986 0.01160
vn -0.05890 -0.98817 0.14160
vn 0.02460 -0.99970 0.00000
vn 0.32970 -0.93699 -0.11550
vn 0.44181 -0.89711 0.00080
vn 0.05760 -0.98859 -0.13920
vn 0.12189 -0.93955 -0.31998
vn 0.47469 -0.86088 -0.18320
vn 0.61462 -0.78882 0.00130
vn 0.17511 -0.84854 -0.49932
vn 0.64921 -0.71891 -0.24840
vn 0.17511 -0.84854 -0.49932
vn 0.24060 -0.71959 -0.65139
vn 0.79096 -0.61187 0.00050
vn 0.79269 -0.53410 -0.29390
vn 0.90317 -0.42928 0.00190
vn 0.35190 -0.29300 -0.88900
vn 0.30878 -0.55577 -0.77186
vn 0.88930 -0.30190 -0.34350
vn 0.97077 -0.23999 0.00150
vn 0.91583 -0.14900 -0.37291
vn 0.99184 -0.12750 0.00000
vn 0.35190 -0.29300 -0.88900
vn 0.35910 -0.12490 -0.92490
vn 0.00000 -0.89353 -0.44901
vn 0.00000 -0.76697 -0.64168
vn 0.24060 -0.71959 -0.65139
vn 0.00000 -0.97516 -0.22149
vn -0.17511 -0.84854 -0.49932
vn -0.12189 -0.93955 -0.31998
vn -0.24060 -0.71959 -0.65139
vn 0.00000 -0.62507 -0.78057
vn 0.30878 -0.55577 -0.77186
vn 0.64921 -0.71891 -0.24840
vn 0.79269 -0.53410 -0.29390
vn 0.00000 -0.45711 -0.88941
vn -0.30870 -0.55561 -0.77201
vn -0.64921 -0.71891 -0.24840
vn -0.79282 -0.53391 -0.29391
vn -0.35170 -0.29320 -0.88901
vn 0.35190 -0.29300 -0.88900
vn 0.00000 -0.22050 -0.97539
vn -0.35910 -0.12490 -0.92490
vn 0.35910 -0.12490 -0.92490
vn 0.00000 -0.08560 -0.99633
vn 0.01230 -0.99962 -0.02450
vn 0.05900 -0.98817 0.14159
vn -0.02030 -0.99971 0.01320
vn 0.14550 -0.98757 0.05950
vn 0.00000 -0.97394 0.22681
vn -0.14390 -0.98783 0.05910
vn 0.00040 -1.00000 0.00000
vn 0.23740 -0.97141 0.00000
vn -0.23441 -0.97214 0.00000
vn -0.32851 -0.93713 0.11780
vn -0.44112 -0.89745 0.00000
vn -0.46802 -0.86464 0.18261
vn -0.61501 -0.78852 0.00000
vn -0.65048 -0.72068 0.23979
vn -0.79109 -0.61170 0.00000
vn -0.16990 -0.85248 0.49439
vn -0.79312 -0.53011 0.29991
vn -0.90340 -0.42880 0.00000
vn -0.24260 -0.73100 0.63780
vn -0.88718 -0.30149 0.34929
vn -0.97104 -0.23891 0.00000
vn -0.34919 -0.28869 0.89147
vn -0.30881 -0.53861 0.78392
vn -0.91652 -0.15410 0.36911
vn -0.99184 -0.12750 0.00000
vn 0.00000 -0.63248 0.77458
vn 0.27879 -0.54698 0.78936
vn -0.30881 -0.53861 0.78392
vn -0.65048 -0.72068 0.23979
vn -0.79312 -0.53011 0.29991
vn 0.00000 -0.43562 0.90013
vn -0.34919 -0.28869 0.89147
vn 0.88848 -0.29999 0.34729
vn 0.74677 -0.58978 0.30739
vn 0.35421 -0.28951 0.88922
vn 0.00000 -0.21640 0.97630
vn 0.35430 -0.14510 0.92381
vn 0.00000 -0.09970 0.99502
vn -0.35999 -0.13810 0.92268
vn -0.88718 -0.30149 0.34929
vn -0.91652 -0.15410 0.36911
vn 0.00000 -0.88853 0.45882
vn 0.12230 -0.93711 0.32690
vn -0.12230 -0.93711 0.32690
vn 0.32991 -0.93672 0.11710
vn 0.44060 -0.89770 0.00000
vn 0.45941 -0.86961 0.18090
vn 0.60331 -0.79751 0.00000
vn 0.64170 -0.72800 0.24130
vn 0.78491 -0.61961 0.00020
vn 0.16730 -0.85402 0.49261
vn 0.79604 -0.52503 0.30111
vn 0.90692 -0.42131 0.00050
vn 0.23880 -0.73139 0.63879
vn 0.88973 -0.29341 0.34971
vn 0.30900 -0.53680 0.78509
vn 0.34930 -0.28940 0.89120
vn 0.97413 -0.22601 -0.00080
vn 0.91957 -0.14729 0.36429
vn 0.99312 -0.11710 0.00010
vn 0.34930 -0.28940 0.89120
vn 0.36211 -0.14090 0.92142
vn 0.00000 -0.77749 0.62889
vn -0.16729 -0.85375 0.49307
vn 0.00000 -0.63248 0.77458
vn -0.23821 -0.73163 0.63873
vn -0.45987 -0.86935 0.18099
vn 0.30900 -0.53680 0.78509
vn 0.64170 -0.72800 0.24130
vn 0.79604 -0.52503 0.30111
vn 0.00000 -0.43562 0.90013
vn 0.34930 -0.28940 0.89120
vn -0.30901 -0.53702 0.78493
vn -0.64169 -0.72819 0.24080
vn -0.79592 -0.52521 0.30111
vn -0.34950 -0.28920 0.89119
vn 0.00000 -0.21901 0.97572
vn 0.36211 -0.14090 0.92142
vn -0.36211 -0.14081 0.92144
vn 0.00000 -0.10570 0.99440
vn -0.64169 -0.72819 0.24080
vn -0.60331 -0.79751 0.00000
vn -0.78491 -0.61961 0.00020
vn -0.44060 -0.89770 0.00000
vn -0.79592 -0.52521 0.30111
vn -0.90692 -0.42131 0.00050
vn -0.32991 -0.93672 0.11710
vn -0.23740 -0.97141 0.00000
vn -0.14550 -0.98757 0.05950
vn -0.00040 -1.00000 0.00000
vn -0.02080 -0.99970 0.01310
vn 0.14390 -0.98782 0.05920
vn 0.23441 -0.97214 0.00000
vn 0.32851 -0.93713 0.11780
vn 0.44112 -0.89745 0.00000
vn 0.12180 -0.93690 0.32770
vn 0.46760 -0.86490 0.18250
vn 0.61501 -0.78852 0.00000
vn 0.65057 -0.72047 0.24019
vn 0.79109 -0.61170 0.00000
vn 0.79320 -0.53000 0.29990
vn 0.90340 -0.42880 0.00000
vn 0.88719 -0.30160 0.34920
vn 0.30871 -0.53852 0.78403
vn 0.34909 -0.28879 0.89148
vn 0.97104 -0.23891 0.00000
vn 0.91649 -0.15410 0.36919
vn 0.99184 -0.12750 0.00000
vn 0.16990 -0.85270 0.49400
vn 0.65057 -0.72047 0.24019
vn 0.46760 -0.86490 0.18250
vn 0.24311 -0.73082 0.63781
vn 0.00000 -0.88853 0.45882
vn 0.00000 -0.77749 0.62889
vn 0.00000 -0.63248 0.77458
vn -0.16990 -0.85248 0.49439
vn 0.30871 -0.53852 0.78403
vn 0.65057 -0.72047 0.24019
vn 0.79320 -0.53000 0.29990
vn 0.00000 -0.43562 0.90013
vn -0.24260 -0.73100 0.63780
vn -0.46802 -0.86464 0.18261
vn -0.65048 -0.72068 0.23979
vn -0.30881 -0.53861 0.78392
vn -0.65048 -0.72068 0.23979
vn -0.79312 -0.53011 0.29991
vn -0.34919 -0.28869 0.89147
vn 0.34909 -0.28879 0.89148
vn 0.00000 -0.21640 0.97630
vn -0.35999 -0.13810 0.92268
vn -0.88718 -0.30149 0.34929
vn -0.91652 -0.15410 0.36911
vn 0.00000 -0.09970 0.99502
vn 0.36000 -0.13800 0.92269
vn 0.91649 -0.15410 0.36919
vn 0.88719 -0.30160 0.34920
vn 0.00000 -1.00000 0.00000
vn 0.00000 -0.97394 0.22681
vn 0.05860 -0.98820 0.14150
vn -0.12180 -0.93690 0.32770
vn -0.46802 -0.86464 0.18261
vn -0.05860 -0.98823 0.14130
vn 0.00000 -1.00000 0.00000
vn -0.05770 -0.98861 -0.13900
vn 0.00000 -0.99999 0.00430
vn 0.00000 -0.99999 -0.00420
vn -0.14410 -0.98780 0.05910
vn 0.00000 -1.00000 0.00000
vn -0.23441 -0.97214 0.00000
vn -0.32851 -0.93713 0.11780
vn -0.44112 -0.89745 0.00000
vn -0.61501 -0.78852 0.00000
vn -0.65048 -0.72068 0.23979
vn -0.79109 -0.61170 0.00000
vn -0.79312 -0.53011 0.29991
vn -0.90340 -0.42880 0.00000
vn -0.88718 -0.30149 0.34929
vn -0.97104 -0.23891 0.00000
vn -0.34919 -0.28869 0.89147
vn -0.30881 -0.53861 0.78392
vn -0.91652 -0.15410 0.36911
vn -0.99184 -0.12750 0.00000
vn -0.32970 -0.93699 -0.11550
vn -0.44181 -0.89711 0.00080
vn -0.23441 -0.97214 0.00000
vn -0.47469 -0.86088 -0.18320
vn -0.61462 -0.78882 0.00130
vn -0.14350 -0.98792 -0.05850
vn 0.00000 -1.00000 0.00000
vn -0.64921 -0.71891 -0.24840
vn -0.17511 -0.84854 -0.49932
vn -0.24060 -0.71959 -0.65139
vn -0.79096 -0.61187 0.00050
vn -0.79282 -0.53391 -0.29391
vn -0.90317 -0.42928 0.00190
vn -0.88934 -0.30201 -0.34331
vn -0.30870 -0.55561 -0.77201
vn -0.35170 -0.29320 -0.88901
vn -0.97077 -0.23999 0.00150
vn -0.91583 -0.14900 -0.37291
vn -0.99184 -0.12750 0.00000
vn -0.35170 -0.29320 -0.88901
vn -0.35910 -0.12490 -0.92490
vn -0.97413 -0.22601 -0.00080
vn -0.88972 -0.29321 0.34991
vn -0.34950 -0.28920 0.89119
vn -0.30901 -0.53702 0.78493
vn -0.91953 -0.14720 0.36441
vn -0.99312 -0.11710 0.00010
vn -0.36211 -0.14081 0.92144
vn -0.34950 -0.28920 0.89119
vn -0.32718 -0.30888 -0.89305
vn 0.01530 -0.24761 -0.96874
vn 0.00000 -0.14819 -0.98896
vn 0.01240 -0.49321 -0.86982
vn -0.36659 -0.17659 -0.91347
vn -0.87770 -0.31730 -0.35910
vn -0.92101 -0.15420 -0.35771
vn -0.28551 -0.59851 -0.74851
vn 0.00310 -0.70450 -0.70970
vn -0.21220 -0.79240 -0.57190
vn -0.57649 -0.78869 -0.21360
vn -0.75310 -0.59530 -0.28010
vn -0.28521 -0.55513 0.78134
vn 0.00000 -0.43562 0.90013
vn 0.00000 -0.63248 0.77458
vn -0.21891 -0.74515 0.62994
vn -0.74509 -0.59539 0.30059
vn -0.58273 -0.77834 0.23371
vn -0.32980 -0.29520 0.89671
vn 0.01730 -0.20690 0.97821
vn -0.30949 -0.13150 0.94177
vn 0.00000 -0.09970 0.99502
vn -0.91080 -0.14590 0.38620
vn -0.87537 -0.32819 0.35499
vn -0.00040 -1.00000 0.00000
vn 0.23441 -0.97214 0.00000
vn 0.08260 -0.99307 -0.08360
vn 0.21879 -0.95436 -0.20329
vn 0.44181 -0.89711 0.00080
vn -0.00010 -1.00000 0.00000
vn 0.31679 -0.88707 -0.33579
vn 0.61462 -0.78882 0.00130
vn 0.00000 -0.97516 -0.22149
vn 0.44708 -0.76577 -0.46228
vn 0.79101 -0.61181 0.00060
vn 0.00000 -0.89353 -0.44901
vn 0.58058 -0.59548 -0.55528
vn 0.90321 -0.42920 0.00200
vn 0.67072 -0.33701 -0.66072
vn 0.97077 -0.23999 0.00150
vn 0.68868 -0.14950 -0.70948
vn 0.99184 -0.12750 0.00000
vn 0.00000 -0.76702 -0.64162
vn 0.00000 -0.62512 -0.78053
vn 0.58058 -0.59548 -0.55528
vn -0.28959 -0.89967 -0.32669
vn 0.00000 -0.45711 -0.88941
vn 0.67072 -0.33701 -0.66072
vn -0.52408 -0.63658 -0.56578
vn -0.67617 -0.33579 -0.65577
vn -0.39652 -0.80234 -0.44612
vn 0.00000 -0.22050 -0.97539
vn 0.68868 -0.14950 -0.70948
vn -0.68173 -0.16341 -0.71313
vn 0.00000 -0.08560 -0.99633
vn -0.55539 -0.83159 0.00250
vn -0.70710 -0.70710 0.00260
vn -0.52408 -0.63658 -0.56578
vn -0.38351 -0.92353 0.00110
vn -0.87171 -0.49001 0.00300
vn -0.67617 -0.33579 -0.65577
vn -0.97077 -0.23999 0.00150
vn -0.68173 -0.16341 -0.71313
vn -0.98896 -0.14819 0.00000
vn -0.17981 -0.96223 -0.20441
vn -0.19510 -0.98078 0.00000
vn -0.07840 -0.99399 -0.07640
vn 0.00000 -1.00000 0.00000
vn 0.00000 -1.00000 0.00000
vn 0.00000 -1.00000 0.00000
vn 0.07840 -0.99399 -0.07640
vn 0.19510 -0.98078 0.00000
vn 0.17890 -0.96259 -0.20350
vn 0.38269 -0.92388 0.00000
vn 0.00000 -0.97516 -0.22149
vn 0.00000 -1.00000 0.00000
vn 0.00000 -0.89483 -0.44641
vn 0.28521 -0.90264 -0.32232
vn 0.55569 -0.83139 0.00080
vn -0.00060 -0.76970 -0.63840
vn 0.39539 -0.80197 -0.44778
vn 0.72219 -0.69169 0.00300
vn -0.00250 -0.62551 -0.78021
vn 0.53459 -0.63839 -0.55379
vn 0.53459 -0.63839 -0.55379
vn 0.86419 -0.50310 0.00790
vn -0.00770 -0.45860 -0.88861
vn 0.65650 -0.34600 -0.67030
vn 0.65650 -0.34600 -0.67030
vn 0.96550 -0.26010 0.01250
vn -0.01600 -0.22831 -0.97346
vn 0.69160 -0.13680 -0.70920
vn 0.99407 -0.10870 0.00000
vn 0.69160 -0.13680 -0.70920
vn 0.00000 -0.08560 -0.99633
vn 0.00000 -0.22019 -0.97546
vn 0.00000 -0.08630 -0.99627
vn -0.69811 -0.13730 -0.70271
vn 0.36500 -0.11960 -0.92329
vn -0.67606 -0.32548 -0.66106
vn 0.35440 -0.28560 -0.89041
vn 0.00000 -0.45611 -0.88992
vn -0.58189 -0.59279 -0.55679
vn 0.30791 -0.55311 -0.77412
vn 0.00000 -0.62740 -0.77870
vn -0.43458 -0.77597 -0.45718
vn 0.63691 -0.73131 -0.24400
vn 0.79548 -0.53049 -0.29289
vn 0.23389 -0.72548 -0.64728
vn 0.00000 -0.77097 -0.63687
vn 0.17050 -0.85438 -0.49089
vn 0.63691 -0.73131 -0.24400
vn -0.30912 -0.89266 -0.32802
vn 0.00000 -0.89483 -0.44641
vn -0.60359 -0.79729 0.00170
vn -0.78579 -0.61849 0.00370
vn -0.58189 -0.59279 -0.55679
vn -0.44080 -0.89760 0.00020
vn -0.90598 -0.42329 0.00510
vn -0.67606 -0.32548 -0.66106
vn -0.97313 -0.23001 0.01060
vn -0.69811 -0.13730 -0.70271
vn -0.99407 -0.10870 0.00000
vn -0.22010 -0.95442 -0.20160
vn -0.23740 -0.97141 0.00000
vn -0.08310 -0.99300 -0.08390
vn 0.00000 -0.97516 -0.22149
vn 0.12171 -0.94034 -0.31771
vn 0.00000 -1.00000 0.00000
vn 0.05790 -0.98856 -0.13929
vn 0.46219 -0.86869 -0.17820
vn 0.60359 -0.79729 0.00170
vn 0.78579 -0.61849 0.00370
vn 0.44080 -0.89760 0.00020
vn 0.79548 -0.53049 -0.29289
vn 0.90579 -0.42370 0.00480
vn 0.33010 -0.93701 -0.11420
vn 0.23740 -0.97141 0.00000
vn 0.14480 -0.98771 -0.05890
vn 0.00040 -1.00000 0.00000
vn 0.89532 -0.28881 -0.33911
vn 0.97316 -0.22989 0.01070
vn 0.35440 -0.28560 -0.89041
vn 0.30791 -0.55311 -0.77412
vn 0.92037 -0.13230 -0.36799
vn 0.99407 -0.10870 0.00000
vn 0.35440 -0.28560 -0.89041
vn 0.36500 -0.11960 -0.92329
vn -0.00360 -0.99999 -0.00080
vn -0.14319 -0.98796 -0.05860
vn -0.23441 -0.97214 0.00000
vn -0.01150 -0.99986 -0.01190
vn 0.01230 -0.99962 -0.02450
vn -0.02030 -0.99971 0.01320
vn -0.32970 -0.93699 -0.11550
vn -0.44181 -0.89711 0.00080
vn -0.12189 -0.93955 -0.31998
vn -0.47469 -0.86088 -0.18320
vn -0.61462 -0.78882 0.00130
vn -0.64921 -0.71891 -0.24840
vn -0.79096 -0.61187 0.00050
vn -0.17511 -0.84854 -0.49932
vn -0.24060 -0.71959 -0.65139
vn -0.79277 -0.53398 -0.29389
vn -0.90317 -0.42928 0.00190
vn -0.17511 -0.84854 -0.49932
vn -0.88934 -0.30201 -0.34331
vn -0.30870 -0.55561 -0.77201
vn -0.35170 -0.29320 -0.88901
vn -0.97077 -0.23999 0.00150
vn -0.91583 -0.14900 -0.37291
vn -0.99184 -0.12750 0.00000
vn -0.35170 -0.29320 -0.88901
vn -0.35910 -0.12490 -0.92490
vn 0.00000 -0.89353 -0.44901
vn 0.00000 -0.76697 -0.64168
vn -0.24060 -0.71959 -0.65139
vn 0.17511 -0.84854 -0.49932
vn 0.24060 -0.71959 -0.65139
vn 0.12189 -0.93955 -0.31998
vn 0.00000 -0.62507 -0.78057
vn 0.30878 -0.55577 -0.77186
vn 0.64921 -0.71891 -0.24840
vn 0.79269 -0.53410 -0.29390
vn 0.00000 -0.45711 -0.88941
vn -0.30870 -0.55561 -0.77201
vn -0.64921 -0.71891 -0.24840
vn -0.79277 -0.53398 -0.29389
vn -0.35170 -0.29320 -0.88901
vn 0.35190 -0.29300 -0.88900
vn 0.00000 -0.22050 -0.97539
vn -0.35910 -0.12490 -0.92490
vn 0.35910 -0.12490 -0.92490
vn 0.00000 -0.08560 -0.99633
vn -0.08410 -0.99287 0.08450
vn 0.00000 -0.97394 0.22681
vn -0.00040 -1.00000 0.00000
vn -0.23740 -0.97141 0.00000
vn 0.08350 -0.99294 0.08420
vn -0.22070 -0.95310 0.20710
vn -0.44060 -0.89770 0.00000
vn 0.23441 -0.97214 0.00000
vn 0.21870 -0.95332 0.20820
vn 0.44112 -0.89745 0.00000
vn 0.00000 -0.97394 0.22681
vn -0.07920 -0.99390 0.07680
vn 0.30881 -0.88923 0.33751
vn 0.61501 -0.78852 0.00000
vn 0.00000 -0.88853 0.45882
vn -0.17961 -0.96124 0.20921
vn 0.00000 -0.77749 0.62889
vn 0.45088 -0.77416 0.44428
vn 0.79109 -0.61170 0.00000
vn 0.58119 -0.58509 0.56559
vn 0.90340 -0.42880 0.00000
vn 0.66598 -0.33329 0.66738
vn 0.97104 -0.23891 0.00000
vn 0.69107 -0.15949 0.70497
vn 0.99184 -0.12750 0.00000
vn 0.00000 -0.63248 0.77458
vn 0.58119 -0.58509 0.56559
vn -0.28211 -0.90094 0.32972
vn -0.39913 -0.81075 0.42823
vn -0.52499 -0.62549 0.57719
vn 0.00000 -0.43562 0.90013
vn 0.66598 -0.33329 0.66738
vn -0.67151 -0.33210 0.66241
vn 0.00000 -0.21640 0.97630
vn 0.69107 -0.15949 0.70497
vn -0.68402 -0.17351 0.70852
vn 0.00000 -0.09970 0.99502
vn -0.53060 -0.66100 -0.53060
vn -0.52499 -0.62549 0.57719
vn -0.66364 -0.34522 -0.66364
vn -0.67151 -0.33210 0.66241
vn -0.69174 -0.20731 -0.69174
vn -0.68402 -0.17351 0.70852
vn -0.38800 -0.83601 -0.38800
vn -0.27949 -0.91857 -0.27949
vn 0.00000 -0.83147 -0.55558
vn 0.00000 -0.70711 -0.70711
vn -0.53060 -0.66100 -0.53060
vn 0.00000 -0.92388 -0.38269
vn 0.00000 -0.48880 -0.87240
vn -0.66364 -0.34522 -0.66364
vn 0.00000 -0.23910 -0.97100
vn -0.69174 -0.20731 -0.69174
vn 0.00000 -0.14819 -0.98896
vn -0.17500 -0.96889 -0.17500
vn 0.00000 -0.98078 -0.19510
vn -0.07420 -0.99448 -0.07420
vn 0.00000 -1.00000 0.00000
vn -0.07360 -0.99729 0.00000
vn 0.00000 -1.00000 0.00000
vn 0.07420 -0.99448 -0.07420
vn 0.07360 -0.99729 0.00000
vn 0.00000 -1.00000 0.00000
vn 0.00000 -0.98078 -0.19510
vn 0.07920 -0.99390 0.07680
vn 0.00000 -0.97394 0.22681
vn 0.17500 -0.96889 -0.17500
vn 0.00000 -0.92388 -0.38269
vn 0.17961 -0.96124 0.20921
vn 0.00000 -0.88853 0.45882
vn 0.27949 -0.91857 -0.27949
vn 0.00000 -0.83147 -0.55558
vn 0.28211 -0.90094 0.32972
vn 0.00000 -0.77749 0.62889
vn 0.39208 -0.83106 -0.39448
vn -0.00350 -0.70430 -0.70990
vn 0.40209 -0.80627 0.43388
vn 0.00000 -0.63248 0.77458
vn 0.54301 -0.65561 -0.52471
vn 0.53439 -0.62929 0.56429
vn 0.64512 -0.35781 0.67512
vn 0.64327 -0.35018 -0.68087
vn 0.70111 -0.18170 -0.68951
vn 0.64378 -0.15240 0.74988
vn 0.00000 -0.88853 0.45882
vn -0.30462 -0.89146 0.33542
vn -0.60331 -0.79751 0.00000
vn -0.44148 -0.77876 0.44568
vn -0.78491 -0.61961 0.00030
vn -0.58237 -0.58227 0.56727
vn -0.90692 -0.42131 0.00060
vn -0.66724 -0.32982 0.66784
vn -0.97408 -0.22620 -0.00070
vn -0.69659 -0.15700 0.70009
vn -0.99312 -0.11710 0.00010
vn 0.00000 -0.77749 0.62889
vn 0.00000 -0.63248 0.77458
vn -0.58237 -0.58227 0.56727
vn 0.16730 -0.85402 0.49261
vn 0.00000 -0.43562 0.90013
vn -0.66724 -0.32982 0.66784
vn 0.23880 -0.73139 0.63879
vn 0.30900 -0.53680 0.78509
vn 0.64170 -0.72800 0.24130
vn 0.79604 -0.52503 0.30111
vn 0.34930 -0.28940 0.89120
vn 0.64170 -0.72800 0.24130
vn 0.00000 -0.21901 0.97572
vn 0.36211 -0.14090 0.92142
vn -0.69659 -0.15700 0.70009
vn 0.00000 -0.10570 0.99440
vn 0.45941 -0.86961 0.18090
vn 0.60331 -0.79751 0.00000
vn 0.78491 -0.61961 0.00020
vn 0.79604 -0.52503 0.30111
vn 0.44060 -0.89770 0.00000
vn 0.90692 -0.42131 0.00050
vn 0.32991 -0.93672 0.11710
vn 0.23740 -0.97141 0.00000
vn 0.12230 -0.93711 0.32690
vn 0.14550 -0.98757 0.05950
vn 0.05900 -0.98817 0.14159
vn 0.00040 -1.00000 0.00000
vn -0.14390 -0.98783 0.05910
vn -0.23441 -0.97214 0.00000
vn -0.05850 -0.98821 0.14150
vn -0.32851 -0.93713 0.11780
vn -0.44112 -0.89745 0.00000
vn -0.12180 -0.93690 0.32770
vn -0.46802 -0.86464 0.18261
vn -0.61501 -0.78852 0.00000
vn -0.65048 -0.72068 0.23979
vn -0.79109 -0.61170 0.00000
vn -0.79312 -0.53011 0.29991
vn -0.90340 -0.42880 0.00000
vn -0.16990 -0.85248 0.49439
vn -0.88718 -0.30149 0.34929
vn -0.97104 -0.23891 0.00000
vn -0.34919 -0.28869 0.89147
vn -0.30881 -0.53861 0.78392
vn -0.91652 -0.15410 0.36911
vn -0.99184 -0.12750 0.00000
vn 0.00000 -0.88853 0.45882
vn 0.00000 -0.97394 0.22681
vn 0.00000 -0.77749 0.62889
vn 0.12180 -0.93690 0.32770
vn -0.24260 -0.73100 0.63780
vn -0.46802 -0.86464 0.18261
vn -0.65048 -0.72068 0.23979
vn 0.16990 -0.85270 0.49400
vn 0.65057 -0.72047 0.24019
vn 0.46760 -0.86490 0.18250
vn 0.24311 -0.73082 0.63781
vn 0.46760 -0.86490 0.18250
vn 0.00000 -0.63248 0.77458
vn 0.30871 -0.53852 0.78403
vn 0.65057 -0.72047 0.24019
vn 0.79320 -0.53000 0.29990
vn -0.30881 -0.53861 0.78392
vn -0.65048 -0.72068 0.23979
vn -0.79312 -0.53011 0.29991
vn 0.00000 -0.43562 0.90013
vn -0.34919 -0.28869 0.89147
vn 0.34909 -0.28879 0.89148
vn 0.00000 -0.21640 0.97630
vn -0.35999 -0.13810 0.92268
vn -0.88718 -0.30149 0.34929
vn -0.91652 -0.15410 0.36911
vn 0.00000 -0.09970 0.99502
vn 0.36000 -0.13800 0.92269
vn 0.91649 -0.15410 0.36919
vn 0.88719 -0.30160 0.34920
vn 0.00000 -1.00000 0.00000
vn -0.00080 -0.99999 0.00410
vn -0.05770 -0.98858 -0.13920
vn 0.00000 -0.97516 -0.22149
vn 0.05770 -0.98861 -0.13900
vn 0.00000 -1.00000 0.00000
vn 0.00000 -0.99999 -0.00420
vn 0.05860 -0.98823 0.14130
vn 0.00000 -0.99999 0.00430
vn 0.14410 -0.98780 0.05910
vn 0.00000 -1.00000 0.00000
vn 0.23441 -0.97214 0.00000
vn 0.32851 -0.93713 0.11780
vn 0.44112 -0.89745 0.00000
vn 0.61501 -0.78852 0.00000
vn 0.65057 -0.72047 0.24019
vn 0.79109 -0.61170 0.00000
vn 0.79320 -0.53000 0.29990
vn 0.90340 -0.42880 0.00000
vn 0.88719 -0.30160 0.34920
vn 0.30871 -0.53852 0.78403
vn 0.34909 -0.28879 0.89148
vn 0.97104 -0.23891 0.00000
vn 0.91649 -0.15410 0.36919
vn 0.99184 -0.12750 0.00000
vn 0.23441 -0.97214 0.00000
vn 0.44181 -0.89711 0.00080
vn 0.32970 -0.93699 -0.11550
vn 0.14350 -0.98792 -0.05850
vn 0.00000 -1.00000 0.00000
vn 0.47469 -0.86088 -0.18320
vn 0.61462 -0.78882 0.00130
vn 0.64921 -0.71891 -0.24840
vn 0.17511 -0.84854 -0.49932
vn 0.24060 -0.71959 -0.65139
vn 0.79096 -0.61187 0.00050
vn 0.79269 -0.53410 -0.29390
vn 0.90317 -0.42928 0.00190
vn 0.35190 -0.29300 -0.88900
vn 0.30878 -0.55577 -0.77186
vn 0.88930 -0.30190 -0.34350
vn 0.97077 -0.23999 0.00150
vn 0.91583 -0.14900 -0.37291
vn 0.99184 -0.12750 0.00000
vn 0.35190 -0.29300 -0.88900
vn 0.35910 -0.12490 -0.92490
vn 0.88973 -0.29341 0.34971
vn 0.30900 -0.53680 0.78509
vn 0.34930 -0.28940 0.89120
vn 0.97413 -0.22601 -0.00080
vn 0.91955 -0.14731 0.36432
vn 0.99312 -0.11710 0.00020
vn 0.34930 -0.28940 0.89120
vn 0.36211 -0.14090 0.92142
vn 0.64327 -0.35018 -0.68087
vn 0.70111 -0.18170 -0.68951
vn 0.00000 -0.14819 -0.98896
vn -0.01530 -0.24761 -0.96874
vn -0.01300 -0.49251 -0.87021
vn 0.54301 -0.65561 -0.52471
vn -0.00350 -0.70430 -0.70990
vn 0.39208 -0.83106 -0.39448
vn 0.53439 -0.62929 0.56429
vn 0.40209 -0.80627 0.43388
vn 0.00000 -0.63248 0.77458
vn 0.00000 -0.43562 0.90013
vn 0.64512 -0.35781 0.67512
vn -0.01620 -0.20819 0.97795
vn 0.64378 -0.15240 0.74988
vn 0.00000 -0.09970 0.99502
vn -0.14319 -0.98796 0.05860
vn -0.00360 -0.99999 0.00080
vn 0.00040 -1.00000 0.00000
vn -0.23441 -0.97214 0.00000
vn 0.14480 -0.98771 0.05890
vn 0.23740 -0.97141 0.00000
vn 0.05790 -0.98856 0.13929
vn 0.33010 -0.93701 0.11420
vn 0.44080 -0.89760 -0.00020
vn 0.12171 -0.94034 0.31771
vn 0.46219 -0.86869 0.17820
vn 0.60359 -0.79729 -0.00170
vn 0.63691 -0.73131 0.24400
vn 0.78579 -0.61849 -0.00370
vn 0.17050 -0.85438 0.49089
vn 0.79548 -0.53049 0.29289
vn 0.90579 -0.42370 -0.00480
vn 0.23391 -0.72553 0.64722
vn 0.89532 -0.28881 0.33911
vn 0.97316 -0.22989 -0.01070
vn 0.35440 -0.28560 0.89041
vn 0.30791 -0.55311 0.77412
vn 0.92037 -0.13230 0.36799
vn 0.99407 -0.10870 0.00000
vn 0.35440 -0.28560 0.89041
vn 0.36500 -0.11960 0.92329
vn 0.00000 -0.89483 0.44641
vn 0.00000 -0.77097 0.63687
vn 0.00000 -0.97516 0.22149
vn -0.12171 -0.94034 0.31771
vn -0.17050 -0.85438 0.49089
vn -0.23391 -0.72553 0.64722
vn 0.00000 -0.62740 0.77870
vn 0.30791 -0.55311 0.77412
vn 0.63691 -0.73131 0.24400
vn 0.79548 -0.53049 0.29289
vn 0.00000 -0.45611 0.88992
vn 0.35440 -0.28560 0.89041
vn -0.30798 -0.55317 0.77405
vn -0.63691 -0.73131 0.24400
vn -0.79540 -0.53060 0.29290
vn -0.35450 -0.28550 0.89040
vn 0.00000 -0.22019 0.97546
vn 0.36500 -0.11960 0.92329
vn -0.36500 -0.11960 0.92329
vn 0.00000 -0.08630 0.99627
vn -0.63691 -0.73131 0.24400
vn -0.46219 -0.86869 0.17820
vn -0.60359 -0.79729 -0.00170
vn -0.78579 -0.61849 -0.00370
vn -0.79540 -0.53060 0.29290
vn -0.44080 -0.89760 -0.00020
vn -0.90579 -0.42370 -0.00480
vn -0.33010 -0.93701 0.11420
vn -0.23740 -0.97141 0.00000
vn -0.89531 -0.28860 0.33930
vn -0.14480 -0.98770 0.05900
vn -0.30798 -0.55317 0.77405
vn -0.35450 -0.28550 0.89040
vn -0.97320 -0.22970 -0.01080
vn -0.99401 -0.10930 -0.00040
vn -0.92024 -0.13261 0.36821
vn -0.35450 -0.28550 0.89040
vn -0.36500 -0.11960 0.92329
vn -0.00040 -1.00000 0.00000
vn -0.05800 -0.98855 0.13931
vn -0.00010 -0.99969 0.02470
vn 0.00000 -1.00000 0.00000
vn -0.01230 -0.99962 -0.02450
vn 0.14319 -0.98796 0.05860
vn 0.23441 -0.97214 0.00000
vn -0.01190 -0.99986 -0.01160
vn 0.32970 -0.93699 0.11550
vn 0.44181 -0.89711 -0.00080
vn -0.05890 -0.98817 -0.14160
vn 0.02460 -0.99970 0.00000
vn 0.47469 -0.86088 0.18320
vn 0.61462 -0.78882 -0.00130
vn 0.12189 -0.93955 0.31998
vn 0.64921 -0.71891 0.24840
vn 0.79096 -0.61187 -0.00050
vn 0.17511 -0.84854 0.49932
vn 0.24060 -0.71959 0.65139
vn 0.79269 -0.53410 0.29390
vn 0.90317 -0.42928 -0.00190
vn 0.17511 -0.84854 0.49932
vn 0.88930 -0.30190 0.34350
vn 0.97077 -0.23999 -0.00150
vn 0.35190 -0.29300 0.88900
vn 0.30878 -0.55577 0.77186
vn 0.91583 -0.14900 0.37291
vn 0.99184 -0.12750 0.00000
vn 0.35190 -0.29300 0.88900
vn 0.35910 -0.12490 0.92490
vn 0.00000 -0.89353 0.44901
vn 0.00000 -0.76697 0.64168
vn 0.24060 -0.71959 0.65139
vn -0.17511 -0.84854 0.49932
vn -0.24060 -0.71959 0.65139
vn -0.12189 -0.93955 0.31998
vn 0.00000 -0.62507 0.78057
vn -0.30870 -0.55561 0.77201
vn -0.64921 -0.71891 0.24840
vn -0.79282 -0.53391 0.29391
vn 0.30878 -0.55577 0.77186
vn 0.64921 -0.71891 0.24840
vn 0.79269 -0.53410 0.29390
vn 0.00000 -0.45711 0.88941
vn 0.35190 -0.29300 0.88900
vn -0.35170 -0.29320 0.88901
vn 0.00000 -0.22050 0.97539
vn 0.35910 -0.12490 0.92490
vn -0.35910 -0.12490 0.92490
vn 0.00000 -0.08560 0.99633
vn -0.32970 -0.93699 0.11550
vn -0.44181 -0.89711 -0.00080
vn -0.47469 -0.86088 0.18320
vn -0.61462 -0.78882 -0.00130
vn -0.12189 -0.93955 0.31998
vn -0.64921 -0.71891 0.24840
vn -0.79096 -0.61187 -0.00050
vn -0.79282 -0.53391 0.29391
vn -0.90317 -0.42928 -0.00190
vn -0.17511 -0.84854 0.49932
vn -0.24060 -0.71959 0.65139
vn -0.88934 -0.30201 0.34331
vn -0.30870 -0.55561 0.77201
vn -0.35170 -0.29320 0.88901
vn -0.97077 -0.23999 -0.00150
vn -0.91583 -0.14900 0.37291
vn -0.99184 -0.12750 0.00000
vn -0.35170 -0.29320 0.88901
vn -0.35910 -0.12490 0.92490
vn 0.00000 -0.89353 0.44901
vn 0.00000 -0.76702 0.64162
vn 0.00000 -0.62512 0.78053
vn 0.00000 -0.97516 0.22149
vn -0.30870 -0.55561 0.77201
vn -0.64921 -0.71891 0.24840
vn -0.79282 -0.53391 0.29391
vn 0.21459 -0.73808 0.63968
vn 0.27900 -0.56389 0.77729
vn 0.16051 -0.85503 0.49312
vn 0.57322 -0.78453 0.23651
vn 0.00000 -0.45711 0.88941
vn -0.35170 -0.29320 0.88901
vn 0.35639 -0.29429 0.88678
vn 0.74671 -0.59340 0.30050
vn 0.89060 -0.30090 0.34100
vn 0.00000 -0.22050 0.97539
vn 0.35349 -0.13200 0.92608
vn -0.35910 -0.12490 0.92490
vn 0.00000 -0.08560 0.99633
vn 0.10430 -0.94091 0.32220
vn 0.42900 -0.88589 0.17650
vn 0.05360 -0.98945 0.13459
vn 0.55539 -0.83159 -0.00250
vn 0.70710 -0.70710 -0.00250
vn 0.38351 -0.92353 -0.00100
vn 0.74671 -0.59340 0.30050
vn 0.21459 -0.73808 0.63968
vn 0.27900 -0.56389 0.77729
vn 0.87171 -0.49001 -0.00300
vn 0.89060 -0.30090 0.34100
vn 0.97077 -0.23999 -0.00150
vn 0.91197 -0.16819 0.37419
vn 0.98896 -0.14819 0.00000
vn 0.35639 -0.29429 0.88678
vn 0.35349 -0.13200 0.92608
vn 0.27549 -0.95435 0.11539
vn 0.19510 -0.98078 0.00000
vn 0.12630 -0.99063 0.05190
vn 0.00000 -1.00000 0.00000
vn -0.00010 -0.99970 0.02460
vn 0.02460 -0.99970 -0.00010
vn -0.12630 -0.99064 0.05180
vn -0.19510 -0.98078 0.00000
vn -0.27399 -0.95487 0.11470
vn -0.38269 -0.92388 0.00000
vn -0.01230 -0.99962 -0.02450
vn -0.42362 -0.88883 0.17471
vn -0.55569 -0.83139 -0.00080
vn -0.05350 -0.98946 0.13459
vn -0.10350 -0.94158 0.32049
vn -0.57828 -0.78047 0.23759
vn -0.72209 -0.69179 -0.00290
vn -0.74669 -0.59780 0.29170
vn -0.86397 -0.50348 -0.00740
vn -0.88453 -0.31461 0.34441
vn -0.96556 -0.25989 -0.01270
vn -0.99401 -0.10930 -0.00040
vn -0.91919 -0.13270 0.37079
vn -0.15760 -0.85879 0.48749
vn -0.21351 -0.73774 0.64043
vn 0.00000 -0.89483 0.44641
vn 0.00060 -0.76970 0.63840
vn 0.00000 -0.97516 0.22149
vn 0.00000 -1.00000 0.00000
vn 0.00230 -0.62557 0.78016
vn -0.57828 -0.78047 0.23759
vn -0.74669 -0.59780 0.29170
vn -0.28239 -0.57109 0.77079
vn 0.00710 -0.45920 0.88830
vn -0.88453 -0.31461 0.34441
vn -0.74669 -0.59780 0.29170
vn -0.33460 -0.29440 0.89519
vn 0.01610 -0.22820 0.97348
vn -0.35881 -0.11870 0.92583
vn 0.00000 -0.08560 0.99633
vn -0.91919 -0.13270 0.37079
vn -0.88453 -0.31461 0.34441
vn -0.05430 -0.98912 -0.13670
vn 0.00000 -0.97394 -0.22681
vn -0.01180 -0.99986 -0.01150
vn -0.02020 -0.99971 -0.01320
vn -0.10410 -0.93822 -0.33001
vn 0.00000 -0.88853 -0.45882
vn -0.15530 -0.85840 -0.48890
vn 0.00000 -0.77749 -0.62889
vn -0.21890 -0.74519 -0.62990
vn 0.00000 -0.63248 -0.77458
vn -0.58273 -0.77834 -0.23371
vn -0.42230 -0.88901 -0.17700
vn -0.27419 -0.95447 -0.11750
vn -0.12679 -0.99055 -0.05230
vn -0.42068 -0.89416 0.15329
vn -0.57654 -0.78865 0.21361
vn -0.75310 -0.59530 0.28010
vn -0.74509 -0.59539 -0.30059
vn -0.15329 -0.89416 0.42068
vn -0.21221 -0.79245 0.57183
vn 0.00000 -0.83147 0.55558
vn 0.00310 -0.70450 0.70970
vn 0.00000 -0.92388 0.38269
vn -0.10010 -0.95693 0.27251
vn 0.00000 -0.98078 0.19510
vn -0.27251 -0.95693 0.10010
vn -0.04950 -0.99108 0.12370
vn 0.00000 -1.00000 0.00000
vn -0.01480 -0.99989 0.00000
vn -0.12360 -0.99110 0.04940
vn 0.00000 -1.00000 0.00000
vn 0.12360 -0.99110 0.04940
vn 0.01480 -0.99989 0.00000
vn 0.12670 -0.99057 -0.05220
vn 0.04950 -0.99108 0.12370
vn 0.00000 -1.00000 0.00000
vn 0.00000 -0.98078 0.19510
vn 0.10010 -0.95693 0.27251
vn 0.00000 -0.92388 0.38269
vn 0.27251 -0.95693 0.10010
vn 0.15329 -0.89416 0.42068
vn 0.00000 -0.83147 0.55558
vn 0.20900 -0.79769 0.56569
vn 0.00000 -0.70711 0.70711
vn 0.42068 -0.89416 0.15329
vn 0.56569 -0.79769 0.20900
vn 0.28350 -0.59799 0.74969
vn 0.56569 -0.79769 0.20900
vn 0.74969 -0.59799 0.28350
vn 0.00000 -0.48880 0.87240
vn 0.35011 -0.30861 0.88441
vn 0.74969 -0.59799 0.28350
vn 0.88441 -0.30861 0.35011
vn 0.00000 -0.23910 0.97100
vn 0.35711 -0.19001 0.91453
vn 0.00000 -0.14819 0.98896
vn 0.88441 -0.30861 0.35011
vn 0.91453 -0.19001 0.35711
vn 0.42230 -0.88901 -0.17700
vn 0.27419 -0.95447 -0.11750
vn 0.57378 -0.78608 -0.22989
vn 0.74969 -0.59799 0.28350
vn 0.05430 -0.98912 -0.13670
vn 0.10410 -0.93822 -0.33001
vn 0.15530 -0.85840 -0.48890
vn 0.74677 -0.58978 -0.30739
vn 0.88441 -0.30861 0.35011
vn 0.21680 -0.74900 -0.62610
vn 0.27879 -0.54698 -0.78936
vn 0.88848 -0.29999 -0.34729
vn 0.91453 -0.19001 0.35711
vn 0.91257 -0.17329 -0.37039
vn 0.35421 -0.28951 -0.88922
vn 0.35430 -0.14510 -0.92381
vn 0.21680 -0.74900 -0.62610
vn 0.00000 -0.77749 -0.62889
vn 0.00000 -0.88853 -0.45882
vn 0.00000 -0.63248 -0.77458
vn 0.00000 -0.97394 -0.22681
vn 0.27879 -0.54698 -0.78936
vn -0.12180 -0.93690 -0.32770
vn 0.74677 -0.58978 -0.30739
vn 0.88848 -0.29999 -0.34729
vn 0.35421 -0.28951 -0.88922
vn 0.00000 -0.43562 -0.90013
vn -0.30881 -0.53861 -0.78392
vn 0.00000 -0.21640 -0.97630
vn 0.35430 -0.14510 -0.92381
vn 0.00000 -0.09970 -0.99502
vn -0.35999 -0.13810 -0.92268
vn -0.34919 -0.28869 -0.89147
vn -0.88718 -0.30149 -0.34929
vn -0.91652 -0.15410 -0.36911
vn -0.79312 -0.53011 -0.29991
vn -0.65048 -0.72068 -0.23979
vn -0.24260 -0.73100 -0.63780
vn -0.16990 -0.85248 -0.49439
vn -0.46802 -0.86464 -0.18261
vn -0.65048 -0.72068 -0.23979
vn -0.61501 -0.78852 0.00000
vn -0.79109 -0.61170 0.00000
vn -0.44112 -0.89745 0.00000
vn -0.79312 -0.53011 -0.29991
vn -0.90340 -0.42880 0.00000
vn -0.32851 -0.93713 -0.11780
vn -0.23441 -0.97214 0.00000
vn -0.88718 -0.30149 -0.34929
vn -0.97104 -0.23891 0.00000
vn -0.34919 -0.28869 -0.89147
vn -0.30881 -0.53861 -0.78392
vn -0.91652 -0.15410 -0.36911
vn -0.99184 -0.12750 0.00000
vn -0.14390 -0.98783 -0.05910
vn 0.00040 -1.00000 0.00000
vn -0.05850 -0.98821 -0.14150
vn -0.02030 -0.99971 -0.01320
vn 0.14550 -0.98757 -0.05950
vn 0.23740 -0.97141 0.00000
vn -0.01150 -0.99986 0.01190
vn 0.00000 -1.00000 0.00000
vn -0.00080 -0.99999 -0.00410
vn -0.05770 -0.98858 0.13920
vn 0.01230 -0.99962 0.02450
vn 0.05900 -0.98817 -0.14159
vn 0.00000 -0.97394 -0.22681
vn 0.12230 -0.93711 -0.32690
vn 0.32991 -0.93672 -0.11710
vn 0.44060 -0.89770 0.00000
vn 0.45941 -0.86961 -0.18090
vn 0.60331 -0.79751 0.00000
vn 0.64170 -0.72800 -0.24130
vn 0.78491 -0.61961 -0.00020
vn 0.79604 -0.52503 -0.30111
vn 0.90692 -0.42131 -0.00050
vn 0.16730 -0.85402 -0.49261
vn 0.23880 -0.73139 -0.63879
vn 0.88973 -0.29341 -0.34971
vn 0.30900 -0.53680 -0.78509
vn 0.34930 -0.28940 -0.89120
vn 0.97413 -0.22601 0.00080
vn 0.91957 -0.14729 -0.36429
vn 0.99312 -0.11710 -0.00010
vn 0.34930 -0.28940 -0.89120
vn 0.36211 -0.14090 -0.92142
vn 0.00000 -0.88853 -0.45882
vn 0.00000 -0.77749 -0.62889
vn -0.12230 -0.93711 -0.32690
vn -0.16729 -0.85375 -0.49307
vn 0.00000 -0.63248 -0.77458
vn -0.23821 -0.73163 -0.63873
vn -0.45987 -0.86935 -0.18099
vn 0.30900 -0.53680 -0.78509
vn 0.64170 -0.72800 -0.24130
vn 0.79604 -0.52503 -0.30111
vn 0.00000 -0.43562 -0.90013
vn 0.34930 -0.28940 -0.89120
vn -0.30901 -0.53702 -0.78493
vn -0.64169 -0.72819 -0.24080
vn -0.79592 -0.52521 -0.30111
vn -0.34950 -0.28920 -0.89119
vn 0.00000 -0.21901 -0.97572
vn 0.36211 -0.14090 -0.92142
vn -0.36211 -0.14081 -0.92144
vn 0.00000 -0.10570 -0.99440
vn -0.64169 -0.72819 -0.24080
vn -0.60331 -0.79751 0.00000
vn -0.78491 -0.61961 -0.00020
vn -0.44060 -0.89770 0.00000
vn -0.79592 -0.52521 -0.30111
vn -0.90692 -0.42131 -0.00050
vn -0.32991 -0.93672 -0.11710
vn -0.23740 -0.97141 0.00000
vn -0.14550 -0.98757 -0.05950
vn -0.00040 -1.00000 0.00000
vn -0.02080 -0.99970 -0.01310
vn 0.14390 -0.98782 -0.05920
vn 0.23441 -0.97214 0.00000
vn 0.32851 -0.93713 -0.11780
vn 0.44112 -0.89745 0.00000
vn 0.12180 -0.93690 -0.32770
vn 0.46760 -0.86490 -0.18250
vn 0.61501 -0.78852 0.00000
vn 0.65057 -0.72047 -0.24019
vn 0.79109 -0.61170 0.00000
vn 0.79320 -0.53000 -0.29990
vn 0.90340 -0.42880 0.00000
vn 0.88719 -0.30160 -0.34920
vn 0.30871 -0.53852 -0.78403
vn 0.34909 -0.28879 -0.89148
vn 0.97104 -0.23891 0.00000
vn 0.91649 -0.15410 -0.36919
vn 0.99184 -0.12750 0.00000
vn 0.16990 -0.85270 -0.49400
vn 0.46760 -0.86490 -0.18250
vn 0.65057 -0.72047 -0.24019
vn 0.24311 -0.73082 -0.63781
vn 0.00000 -0.88853 -0.45882
vn 0.00000 -0.77749 -0.62889
vn 0.00000 -0.63248 -0.77458
vn -0.16990 -0.85248 -0.49439
vn 0.30871 -0.53852 -0.78403
vn 0.65057 -0.72047 -0.24019
vn 0.79320 -0.53000 -0.29990
vn 0.00000 -0.43562 -0.90013
vn -0.24260 -0.73100 -0.63780
vn -0.46802 -0.86464 -0.18261
vn -0.65048 -0.72068 -0.23979
vn -0.30881 -0.53861 -0.78392
vn -0.65048 -0.72068 -0.23979
vn -0.79312 -0.53011 -0.29991
vn -0.34919 -0.28869 -0.89147
vn 0.34909 -0.28879 -0.89148
vn 0.00000 -0.21640 -0.97630
vn -0.35999 -0.13810 -0.92268
vn -0.88718 -0.30149 -0.34929
vn -0.91652 -0.15410 -0.36911
vn 0.00000 -0.09970 -0.99502
vn 0.36000 -0.13800 -0.92269
vn 0.91649 -0.15410 -0.36919
vn 0.88719 -0.30160 -0.34920
vn 0.05860 -0.98820 -0.14150
vn 0.00000 -0.97394 -0.22681
vn 0.00000 -1.00000 0.00000
vn -0.12180 -0.93690 -0.32770
vn -0.46802 -0.86464 -0.18261
vn -0.05860 -0.98823 -0.14130
vn -0.32851 -0.93713 -0.11780
vn -0.14410 -0.98780 -0.05910
vn -0.44112 -0.89745 0.00000
vn -0.61501 -0.78852 0.00000
vn -0.23441 -0.97214 0.00000
vn -0.65048 -0.72068 -0.23979
vn 0.00000 -1.00000 0.00000
vn -0.79109 -0.61170 0.00000
vn 0.00000 -0.99999 -0.00430
vn 0.00000 -1.00000 0.00000
vn -0.79312 -0.53011 -0.29991
vn -0.90340 -0.42880 0.00000
vn -0.88718 -0.30149 -0.34929
vn -0.97104 -0.23891 0.00000
vn -0.34919 -0.28869 -0.89147
vn -0.30881 -0.53861 -0.78392
vn -0.91652 -0.15410 -0.36911
vn -0.99184 -0.12750 0.00000
vn -0.05770 -0.98861 0.13900
vn 0.00000 -0.99999 0.00420
vn -0.14350 -0.98792 0.05850
vn 0.00000 -1.00000 0.00000
vn -0.23441 -0.97214 0.00000
vn -0.32970 -0.93699 0.11550
vn -0.44181 -0.89711 -0.00080
vn -0.47469 -0.86088 0.18320
vn -0.61462 -0.78882 -0.00130
vn -0.64921 -0.71891 0.24840
vn -0.17511 -0.84854 0.49932
vn -0.24060 -0.71959 0.65139
vn -0.79096 -0.61187 -0.00050
vn -0.79282 -0.53391 0.29391
vn -0.90317 -0.42928 -0.00190
vn -0.88934 -0.30201 0.34331
vn -0.30870 -0.55561 0.77201
vn -0.35170 -0.29320 0.88901
vn -0.97077 -0.23999 -0.00150
vn -0.91583 -0.14900 0.37291
vn -0.99184 -0.12750 0.00000
vn -0.35170 -0.29320 0.88901
vn -0.35910 -0.12490 0.92490
vn 0.05760 -0.98859 0.13920
vn 0.00000 -0.97516 0.22149
vn -0.88972 -0.29321 -0.34991
vn -0.34950 -0.28920 -0.89119
vn -0.30901 -0.53702 -0.78493
vn -0.97413 -0.22601 0.00080
vn -0.91953 -0.14720 -0.36441
vn -0.99312 -0.11710 -0.00010
vn -0.36211 -0.14081 -0.92144
vn -0.34950 -0.28920 -0.89119
vn -0.32718 -0.30888 0.89305
vn -0.36659 -0.17659 0.91347
vn 0.00000 -0.14819 0.98896
vn 0.01530 -0.24761 0.96874
vn -0.87770 -0.31730 0.35910
vn -0.92101 -0.15420 0.35771
vn 0.01240 -0.49321 0.86982
vn -0.28551 -0.59851 0.74851
vn 0.00310 -0.70450 0.70970
vn -0.21221 -0.79245 0.57183
vn -0.57654 -0.78865 0.21361
vn -0.75310 -0.59530 0.28010
vn -0.28519 -0.55508 -0.78138
vn -0.21890 -0.74519 -0.62990
vn 0.00000 -0.63248 -0.77458
vn 0.00000 -0.43562 -0.90013
vn -0.74509 -0.59539 -0.30059
vn -0.58273 -0.77834 -0.23371
vn -0.32980 -0.29520 -0.89671
vn 0.01730 -0.20690 -0.97821
vn -0.30952 -0.13151 -0.94176
vn 0.00000 -0.09970 -0.99502
vn -0.91080 -0.14590 -0.38620
vn -0.87537 -0.32819 -0.35499
vn -0.87537 -0.32819 -0.35499
vn -0.28519 -0.55508 -0.78138
vn -0.32980 -0.29520 -0.89671
vn -0.87770 -0.31730 0.35910
vn -0.28551 -0.59851 0.74851
vn -0.32718 -0.30888 0.89305
vn -0.91080 -0.14590 -0.38620
vn -0.92101 -0.15420 0.35771
vn 0.08260 -0.99307 0.08360
vn 0.23441 -0.97214 0.00000
vn -0.00040 -1.00000 0.00000
vn 0.21879 -0.95436 0.20329
vn 0.44181 -0.89711 -0.00080
vn -0.00010 -1.00000 0.00000
vn 0.31679 -0.88707 0.33579
vn 0.61462 -0.78882 -0.00130
vn 0.00000 -0.97516 0.22149
vn 0.44708 -0.76577 0.46228
vn 0.79101 -0.61181 -0.00060
vn 0.00000 -0.89353 0.44901
vn 0.58058 -0.59548 0.55528
vn 0.90321 -0.42920 -0.00200
vn 0.67072 -0.33701 0.66072
vn 0.97077 -0.23999 -0.00150
vn 0.68868 -0.14950 0.70948
vn 0.99184 -0.12750 0.00000
vn 0.00000 -0.76702 0.64162
vn 0.00000 -0.62512 0.78053
vn 0.58058 -0.59548 0.55528
vn -0.28959 -0.89967 0.32669
vn 0.00000 -0.45711 0.88941
vn 0.67072 -0.33701 0.66072
vn -0.52408 -0.63658 0.56578
vn -0.67617 -0.33579 0.65577
vn -0.39652 -0.80234 0.44612
vn 0.00000 -0.22050 0.97539
vn 0.68868 -0.14950 0.70948
vn -0.68173 -0.16341 0.71313
vn 0.00000 -0.08560 0.99633
vn -0.55539 -0.83159 -0.00250
vn -0.70710 -0.70710 -0.00260
vn -0.52408 -0.63658 0.56578
vn -0.38351 -0.92353 -0.00110
vn -0.87171 -0.49001 -0.00300
vn -0.67617 -0.33579 0.65577
vn -0.97077 -0.23999 -0.00150
vn -0.68173 -0.16341 0.71313
vn -0.98896 -0.14819 0.00000
vn -0.17981 -0.96223 0.20441
vn -0.19510 -0.98078 0.00000
vn -0.07840 -0.99399 0.07640
vn 0.00000 -1.00000 0.00000
vn 0.00000 -1.00000 0.00000
vn 0.00000 -1.00000 0.00000
vn 0.07840 -0.99399 0.07640
vn 0.19510 -0.98078 0.00000
vn 0.17890 -0.96259 0.20350
vn 0.38269 -0.92388 0.00000
vn 0.00000 -0.97516 0.22149
vn 0.00000 -1.00000 0.00000
vn 0.00000 -0.89483 0.44641
vn 0.07920 -0.99390 -0.07680
vn 0.28521 -0.90264 0.32232
vn 0.55569 -0.83139 -0.00080
vn -0.00060 -0.76970 0.63840
vn 0.39539 -0.80197 0.44778
vn 0.72219 -0.69169 -0.00300
vn -0.00250 -0.62551 0.78021
vn 0.53459 -0.63839 0.55379
vn 0.53459 -0.63839 0.55379
vn 0.86419 -0.50310 -0.00790
vn -0.00770 -0.45860 0.88861
vn 0.65650 -0.34600 0.67030
vn 0.65650 -0.34600 0.67030
vn 0.96550 -0.26010 -0.01250
vn 0.69160 -0.13680 0.70920
vn 0.99407 -0.10870 0.00000
vn -0.01600 -0.22831 0.97346
vn 0.69160 -0.13680 0.70920
vn 0.00000 -0.08560 0.99633
vn -0.69811 -0.13730 0.70271
vn 0.00000 -0.08630 0.99627
vn 0.00000 -0.22019 0.97546
vn 0.36500 -0.11960 0.92329
vn -0.67606 -0.32548 0.66106
vn 0.35440 -0.28560 0.89041
vn 0.00000 -0.45611 0.88992
vn -0.58189 -0.59279 0.55679
vn 0.30791 -0.55311 0.77412
vn 0.00000 -0.62740 0.77870
vn -0.43458 -0.77597 0.45718
vn 0.79548 -0.53049 0.29289
vn 0.63691 -0.73131 0.24400
vn 0.23389 -0.72548 0.64728
vn 0.00000 -0.77097 0.63687
vn 0.17050 -0.85438 0.49089
vn 0.63691 -0.73131 0.24400
vn -0.30912 -0.89266 0.32802
vn 0.00000 -0.89483 0.44641
vn -0.60359 -0.79729 -0.00170
vn -0.78579 -0.61849 -0.00370
vn -0.58189 -0.59279 0.55679
vn -0.44080 -0.89760 -0.00020
vn -0.90598 -0.42329 -0.00510
vn -0.67606 -0.32548 0.66106
vn -0.97313 -0.23001 -0.01060
vn -0.69811 -0.13730 0.70271
vn -0.99407 -0.10870 0.00000
vn -0.22010 -0.95442 0.20160
vn -0.23740 -0.97141 0.00000
vn -0.08310 -0.99300 0.08390
vn 0.00000 -0.97516 0.22149
vn 0.12171 -0.94034 0.31771
vn 0.00000 -1.00000 0.00000
vn 0.05790 -0.98856 0.13929
vn 0.46219 -0.86869 0.17820
vn 0.60359 -0.79729 -0.00170
vn 0.78579 -0.61849 -0.00370
vn 0.44080 -0.89760 -0.00020
vn 0.79548 -0.53049 0.29289
vn 0.90579 -0.42370 -0.00480
vn 0.33010 -0.93701 0.11420
vn 0.23740 -0.97141 0.00000
vn 0.14480 -0.98771 0.05890
vn 0.00040 -1.00000 0.00000
vn -0.00360 -0.99999 0.00080
vn 0.30791 -0.55311 0.77412
vn 0.35440 -0.28560 0.89041
vn 0.89532 -0.28881 0.33911
vn 0.97316 -0.22989 -0.01070
vn 0.92037 -0.13230 0.36799
vn 0.99407 -0.10870 0.00000
vn 0.35440 -0.28560 0.89041
vn 0.36500 -0.11960 0.92329
vn -0.14319 -0.98796 0.05860
vn -0.23441 -0.97214 0.00000
vn -0.01150 -0.99986 0.01190
vn 0.01230 -0.99962 0.02450
vn -0.32970 -0.93699 0.11550
vn -0.44181 -0.89711 -0.00080
vn -0.12189 -0.93955 0.31998
vn -0.47469 -0.86088 0.18320
vn -0.61462 -0.78882 -0.00130
vn -0.64921 -0.71891 0.24840
vn -0.79096 -0.61187 -0.00050
vn -0.17511 -0.84854 0.49932
vn -0.24060 -0.71959 0.65139
vn -0.79277 -0.53398 0.29389
vn -0.90317 -0.42928 -0.00190
vn -0.17511 -0.84854 0.49932
vn -0.88934 -0.30201 0.34331
vn -0.30870 -0.55561 0.77201
vn -0.35170 -0.29320 0.88901
vn -0.97077 -0.23999 -0.00150
vn -0.91583 -0.14900 0.37291
vn -0.99184 -0.12750 0.00000
vn -0.35170 -0.29320 0.88901
vn -0.35910 -0.12490 0.92490
vn 0.00000 -0.89353 0.44901
vn 0.00000 -0.76697 0.64168
vn -0.24060 -0.71959 0.65139
vn 0.17511 -0.84854 0.49932
vn 0.24060 -0.71959 0.65139
vn 0.12189 -0.93955 0.31998
vn 0.00000 -0.62507 0.78057
vn 0.30878 -0.55577 0.77186
vn 0.64921 -0.71891 0.24840
vn 0.79269 -0.53410 0.29390
vn -0.30870 -0.55561 0.77201
vn -0.64921 -0.71891 0.24840
vn -0.79277 -0.53398 0.29389
vn 0.00000 -0.45711 0.88941
vn -0.35170 -0.29320 0.88901
vn 0.35190 -0.29300 0.88900
vn 0.00000 -0.22050 0.97539
vn -0.35910 -0.12490 0.92490
vn 0.35910 -0.12490 0.92490
vn 0.00000 -0.08560 0.99633
vn -0.08410 -0.99287 -0.08450
vn -0.00040 -1.00000 0.00000
vn -0.23740 -0.97141 0.00000
vn 0.08350 -0.99294 -0.08420
vn 0.23441 -0.97214 0.00000
vn 0.21870 -0.95332 -0.20820
vn 0.44112 -0.89745 0.00000
vn 0.00000 -0.97394 -0.22681
vn -0.07920 -0.99390 -0.07680
vn 0.30881 -0.88923 -0.33751
vn 0.61501 -0.78852 0.00000
vn 0.00000 -0.88853 -0.45882
vn -0.17961 -0.96124 -0.20921
vn 0.45088 -0.77416 -0.44428
vn 0.79109 -0.61170 0.00000
vn 0.58119 -0.58509 -0.56559
vn 0.90340 -0.42880 0.00000
vn 0.66598 -0.33329 -0.66738
vn 0.97104 -0.23891 0.00000
vn 0.69107 -0.15949 -0.70497
vn 0.99184 -0.12750 0.00000
vn 0.00000 -0.77749 -0.62889
vn 0.00000 -0.63248 -0.77458
vn 0.58119 -0.58509 -0.56559
vn -0.28211 -0.90094 -0.32972
vn -0.39913 -0.81075 -0.42823
vn -0.52499 -0.62549 -0.57719
vn 0.00000 -0.43562 -0.90013
vn 0.66598 -0.33329 -0.66738
vn -0.67151 -0.33210 -0.66241
vn 0.00000 -0.21640 -0.97630
vn 0.69107 -0.15949 -0.70497
vn -0.68402 -0.17351 -0.70852
vn 0.00000 -0.09970 -0.99502
vn -0.27949 -0.91857 0.27949
vn -0.38800 -0.83601 0.38800
vn -0.53060 -0.66100 0.53060
vn -0.52499 -0.62549 -0.57719
vn -0.66364 -0.34522 0.66364
vn -0.67151 -0.33210 -0.66241
vn -0.69174 -0.20731 0.69174
vn -0.68402 -0.17351 -0.70852
vn 0.00000 -0.83147 0.55558
vn 0.00000 -0.70711 0.70711
vn -0.53060 -0.66100 0.53060
vn 0.00000 -0.92388 0.38269
vn 0.00000 -0.48880 0.87240
vn -0.66364 -0.34522 0.66364
vn 0.00000 -0.23910 0.97100
vn -0.69174 -0.20731 0.69174
vn 0.00000 -0.14819 0.98896
vn -0.17500 -0.96889 0.17500
vn 0.00000 -0.98078 0.19510
vn -0.07420 -0.99448 0.07420
vn 0.00000 -1.00000 0.00000
vn -0.07360 -0.99729 0.00000
vn 0.00000 -1.00000 0.00000
vn 0.07420 -0.99448 0.07420
vn 0.07360 -0.99729 0.00000
vn 0.00000 -1.00000 0.00000
vn 0.00000 -0.98078 0.19510
vn 0.17500 -0.96889 0.17500
vn 0.00000 -0.92388 0.38269
vn 0.00000 -0.97394 -0.22681
vn 0.17961 -0.96124 -0.20921
vn 0.00000 -0.88853 -0.45882
vn 0.27949 -0.91857 0.27949
vn 0.00000 -0.83147 0.55558
vn 0.28211 -0.90094 -0.32972
vn 0.00000 -0.77749 -0.62889
vn 0.39208 -0.83106 0.39448
vn -0.00350 -0.70430 0.70990
vn 0.40209 -0.80627 -0.43388
vn 0.00000 -0.63248 -0.77458
vn 0.54301 -0.65561 0.52471
vn 0.53439 -0.62929 -0.56429
vn 0.64512 -0.35781 -0.67512
vn 0.64327 -0.35018 0.68087
vn 0.70111 -0.18170 0.68951
vn 0.64378 -0.15240 -0.74988
vn 0.00000 -0.97394 -0.22681
vn 0.05900 -0.98817 -0.14159
vn -0.22070 -0.95310 -0.20710
vn -0.44060 -0.89770 0.00000
vn 0.12230 -0.93711 -0.32690
vn 0.14550 -0.98757 -0.05950
vn -0.30462 -0.89146 -0.33542
vn -0.60331 -0.79751 0.00000
vn 0.00000 -0.88853 -0.45882
vn -0.44148 -0.77876 -0.44568
vn -0.78491 -0.61961 -0.00030
vn -0.58237 -0.58227 -0.56727
vn -0.90692 -0.42131 -0.00060
vn -0.66724 -0.32982 -0.66784
vn -0.97408 -0.22620 0.00070
vn -0.69659 -0.15700 -0.70009
vn -0.99312 -0.11710 -0.00010
vn 0.00000 -0.77749 -0.62889
vn 0.00000 -0.63248 -0.77458
vn -0.58237 -0.58227 -0.56727
vn 0.16730 -0.85402 -0.49261
vn 0.23880 -0.73139 -0.63879
vn 0.00000 -0.43562 -0.90013
vn -0.66724 -0.32982 -0.66784
vn 0.30900 -0.53680 -0.78509
vn 0.64170 -0.72800 -0.24130
vn 0.79604 -0.52503 -0.30111
vn 0.34930 -0.28940 -0.89120
vn 0.64170 -0.72800 -0.24130
vn 0.00000 -0.21901 -0.97572
vn 0.36211 -0.14090 -0.92142
vn -0.69659 -0.15700 -0.70009
vn 0.00000 -0.10570 -0.99440
vn 0.45941 -0.86961 -0.18090
vn 0.60331 -0.79751 0.00000
vn 0.78491 -0.61961 -0.00020
vn 0.44060 -0.89770 0.00000
vn 0.79604 -0.52503 -0.30111
vn 0.90692 -0.42131 -0.00050
vn 0.32991 -0.93672 -0.11710
vn 0.23740 -0.97141 0.00000
vn 0.00040 -1.00000 0.00000
vn 0.88973 -0.29341 -0.34971
vn 0.30900 -0.53680 -0.78509
vn 0.34930 -0.28940 -0.89120
vn 0.97413 -0.22601 0.00080
vn 0.91957 -0.14729 -0.36429
vn 0.99312 -0.11710 -0.00020
vn 0.34930 -0.28940 -0.89120
vn 0.36211 -0.14090 -0.92142
vn -0.02030 -0.99971 -0.01320
vn -0.14390 -0.98783 -0.05910
vn -0.23441 -0.97214 0.00000
vn -0.05850 -0.98821 -0.14150
vn -0.32851 -0.93713 -0.11780
vn -0.44112 -0.89745 0.00000
vn -0.12180 -0.93690 -0.32770
vn -0.46802 -0.86464 -0.18261
vn -0.61501 -0.78852 0.00000
vn -0.65048 -0.72068 -0.23979
vn -0.79109 -0.61170 0.00000
vn -0.79312 -0.53011 -0.29991
vn -0.90340 -0.42880 0.00000
vn -0.16990 -0.85248 -0.49439
vn -0.88718 -0.30149 -0.34929
vn -0.97104 -0.23891 0.00000
vn -0.34919 -0.28869 -0.89147
vn -0.30881 -0.53861 -0.78392
vn -0.91652 -0.15410 -0.36911
vn -0.99184 -0.12750 0.00000
vn 0.00000 -0.88853 -0.45882
vn 0.00000 -0.97394 -0.22681
vn 0.00000 -0.77749 -0.62889
vn 0.12180 -0.93690 -0.32770
vn -0.24260 -0.73100 -0.63780
vn -0.46802 -0.86464 -0.18261
vn -0.65048 -0.72068 -0.23979
vn 0.16990 -0.85270 -0.49400
vn 0.00000 -0.63248 -0.77458
vn 0.46760 -0.86490 -0.18250
vn 0.65057 -0.72047 -0.24019
vn 0.24311 -0.73082 -0.63781
vn 0.46760 -0.86490 -0.18250
vn 0.30871 -0.53852 -0.78403
vn 0.65057 -0.72047 -0.24019
vn 0.79320 -0.53000 -0.29990
vn 0.00000 -0.43562 -0.90013
vn -0.30881 -0.53861 -0.78392
vn -0.65048 -0.72068 -0.23979
vn -0.79312 -0.53011 -0.29991
vn -0.34919 -0.28869 -0.89147
vn 0.34909 -0.28879 -0.89148
vn 0.00000 -0.21640 -0.97630
vn -0.35999 -0.13810 -0.92268
vn -0.88718 -0.30149 -0.34929
vn -0.91652 -0.15410 -0.36911
vn 0.00000 -0.09970 -0.99502
vn 0.36000 -0.13800 -0.92269
vn 0.91649 -0.15410 -0.36919
vn 0.88719 -0.30160 -0.34920
vn -0.00080 -0.99999 -0.00410
vn 0.00000 -1.00000 0.00000
vn -0.05770 -0.98858 0.13920
vn 0.00000 -0.97516 0.22149
vn 0.05770 -0.98861 0.13900
vn 0.00000 -1.00000 0.00000
vn 0.00000 -0.99999 0.00420
vn 0.05860 -0.98823 -0.14130
vn 0.00000 -0.99999 -0.00430
vn 0.14350 -0.98792 0.05850
vn 0.00000 -1.00000 0.00000
vn 0.23441 -0.97214 0.00000
vn 0.32970 -0.93699 0.11550
vn 0.44181 -0.89711 -0.00080
vn 0.47469 -0.86088 0.18320
vn 0.61462 -0.78882 -0.00130
vn 0.64921 -0.71891 0.24840
vn 0.17511 -0.84854 0.49932
vn 0.24060 -0.71959 0.65139
vn 0.79096 -0.61187 -0.00050
vn 0.79269 -0.53410 0.29390
vn 0.90317 -0.42928 -0.00190
vn 0.30878 -0.55577 0.77186
vn 0.35190 -0.29300 0.88900
vn 0.88930 -0.30190 0.34350
vn 0.97077 -0.23999 -0.00150
vn 0.91583 -0.14900 0.37291
vn 0.99184 -0.12750 0.00000
vn 0.35190 -0.29300 0.88900
vn 0.35910 -0.12490 0.92490
vn 0.32851 -0.93713 -0.11780
vn 0.14410 -0.98780 -0.05910
vn 0.23441 -0.97214 0.00000
vn 0.44112 -0.89745 0.00000
vn 0.00000 -1.00000 0.00000
vn 0.61501 -0.78852 0.00000
vn 0.65057 -0.72047 -0.24019
vn 0.79109 -0.61170 0.00000
vn 0.79320 -0.53000 -0.29990
vn 0.90340 -0.42880 0.00000
vn 0.88719 -0.30160 -0.34920
vn 0.30871 -0.53852 -0.78403
vn 0.34909 -0.28879 -0.89148
vn 0.97104 -0.23891 0.00000
vn 0.91649 -0.15410 -0.36919
vn 0.99184 -0.12750 0.00000
vn 0.64327 -0.35018 0.68087
vn -0.01530 -0.24761 0.96874
vn 0.00000 -0.14819 0.98896
vn 0.70111 -0.18170 0.68951
vn -0.01300 -0.49251 0.87021
vn 0.54301 -0.65561 0.52471
vn -0.00350 -0.70430 0.70990
vn 0.39208 -0.83106 0.39448
vn 0.53439 -0.62929 -0.56429
vn 0.00000 -0.43562 -0.90013
vn 0.00000 -0.63248 -0.77458
vn 0.40209 -0.80627 -0.43388
vn 0.64512 -0.35781 -0.67512
vn -0.01620 -0.20819 -0.97795
vn 0.64378 -0.15240 -0.74988
vn 0.00000 -0.09970 -0.99502
vn -0.14319 -0.98796 -0.05860
vn -0.23441 -0.97214 0.00000
vn 0.00040 -1.00000 0.00000
vn -0.32970 -0.93699 -0.11550
vn -0.44181 -0.89711 0.00080
vn -0.47469 -0.86088 -0.18320
vn -0.61462 -0.78882 0.00130
vn -0.12189 -0.93955 -0.31998
vn -0.64921 -0.71891 -0.24840
vn -0.79096 -0.61187 0.00050
vn -0.79282 -0.53391 -0.29391
vn -0.90317 -0.42928 0.00190
vn -0.17511 -0.84854 -0.49932
vn -0.24060 -0.71959 -0.65139
vn -0.88934 -0.30201 -0.34331
vn -0.30870 -0.55561 -0.77201
vn -0.35170 -0.29320 -0.88901
vn -0.97077 -0.23999 0.00150
vn -0.91583 -0.14900 -0.37291
vn -0.99184 -0.12750 0.00000
vn -0.35170 -0.29320 -0.88901
vn -0.35910 -0.12490 -0.92490
vn 0.00000 -0.89353 -0.44901
vn 0.00000 -0.76702 -0.64162
vn 0.00000 -0.62512 -0.78053
vn 0.00000 -0.97516 -0.22149
vn 0.21459 -0.73808 -0.63968
vn -0.30870 -0.55561 -0.77201
vn -0.64921 -0.71891 -0.24840
vn -0.79282 -0.53391 -0.29391
vn 0.27900 -0.56389 -0.77729
vn 0.16051 -0.85503 -0.49312
vn 0.57322 -0.78453 -0.23651
vn 0.00000 -0.45711 -0.88941
vn -0.35170 -0.29320 -0.88901
vn 0.35639 -0.29429 -0.88678
vn 0.74671 -0.59340 -0.30050
vn 0.89060 -0.30090 -0.34100
vn 0.00000 -0.22050 -0.97539
vn 0.35349 -0.13200 -0.92608
vn -0.35910 -0.12490 -0.92490
vn 0.00000 -0.08560 -0.99633
vn 0.55539 -0.83159 0.00250
vn 0.70710 -0.70710 0.00250
vn 0.74671 -0.59340 -0.30050
vn 0.87171 -0.49001 0.00300
vn 0.21459 -0.73808 -0.63968
vn 0.27900 -0.56389 -0.77729
vn 0.89060 -0.30090 -0.34100
vn 0.97077 -0.23999 0.00150
vn 0.91197 -0.16819 -0.37419
vn 0.98896 -0.14819 0.00000
vn 0.35639 -0.29429 -0.88678
vn 0.35349 -0.13200 -0.92608
vn 0.42900 -0.88589 -0.17650
vn 0.38351 -0.92353 0.00100
vn 0.27549 -0.95435 -0.11539
vn 0.10430 -0.94091 -0.32220
vn 0.19510 -0.98078 0.00000
vn 0.12630 -0.99063 -0.05190
vn 0.05360 -0.98945 -0.13459
vn 0.00000 -1.00000 0.00000
vn -0.00010 -0.99970 -0.02460
vn -0.12630 -0.99064 -0.05180
vn -0.19510 -0.98078 0.00000
vn 0.02460 -0.99970 0.00010
vn -0.27399 -0.95487 -0.11470
vn -0.38269 -0.92388 0.00000
vn -0.01230 -0.99962 0.02450
vn -0.42362 -0.88883 -0.17471
vn -0.55569 -0.83139 0.00080
vn -0.05350 -0.98946 -0.13459
vn -0.10350 -0.94158 -0.32049
vn -0.57828 -0.78047 -0.23759
vn -0.72209 -0.69179 0.00290
vn -0.74669 -0.59780 -0.29170
vn -0.86397 -0.50348 0.00740
vn -0.88453 -0.31461 -0.34441
vn -0.96556 -0.25989 0.01270
vn -0.99401 -0.10930 0.00040
vn -0.91919 -0.13270 -0.37079
vn -0.15760 -0.85879 -0.48749
vn -0.21351 -0.73774 -0.64043
vn 0.00000 -0.89483 -0.44641
vn 0.00060 -0.76970 -0.63840
vn 0.00000 -0.97516 -0.22149
vn 0.00000 -1.00000 0.00000
vn 0.00230 -0.62557 -0.78016
vn -0.74669 -0.59780 -0.29170
vn -0.57828 -0.78047 -0.23759
vn -0.28239 -0.57109 -0.77079
vn 0.00710 -0.45920 -0.88830
vn -0.88453 -0.31461 -0.34441
vn -0.74669 -0.59780 -0.29170
vn -0.33460 -0.29440 -0.89519
vn 0.01610 -0.22820 -0.97348
vn -0.35881 -0.11870 -0.92583
vn 0.00000 -0.08560 -0.99633
vn -0.91919 -0.13270 -0.37079
vn -0.88453 -0.31461 -0.34441
vn -0.05430 -0.98912 0.13670
vn 0.00000 -0.97394 0.22681
vn -0.01180 -0.99986 0.01150
vn -0.02020 -0.99971 0.01320
vn -0.10410 -0.93822 0.33001
vn 0.00000 -0.88853 0.45882
vn -0.15530 -0.85840 0.48890
vn 0.00000 -0.77749 0.62889
vn -0.21891 -0.74515 0.62994
vn 0.00000 -0.63248 0.77458
vn -0.58273 -0.77834 0.23371
vn -0.42230 -0.88901 0.17700
vn -0.27419 -0.95447 0.11750
vn -0.12679 -0.99055 0.05230
vn -0.42068 -0.89416 -0.15329
vn -0.57654 -0.78865 -0.21361
vn -0.75310 -0.59530 -0.28010
vn -0.74509 -0.59539 0.30059
vn -0.15329 -0.89416 -0.42068
vn -0.21220 -0.79240 -0.57190
vn 0.00000 -0.83147 -0.55558
vn 0.00310 -0.70450 -0.70970
vn 0.00000 -0.92388 -0.38269
vn -0.87537 -0.32819 0.35499
vn -0.28521 -0.55513 0.78134
vn -0.32980 -0.29520 0.89671
vn -0.87770 -0.31730 -0.35910
vn -0.91080 -0.14590 0.38620
vn -0.92101 -0.15420 -0.35771
vn -0.28551 -0.59851 -0.74851
vn -0.32718 -0.30888 -0.89305
vn -0.10010 -0.95693 -0.27251
vn 0.00000 -0.98078 -0.19510
vn -0.04950 -0.99108 -0.12370
vn 0.00000 -1.00000 0.00000
vn -0.01480 -0.99989 0.00000
vn -0.27251 -0.95693 -0.10010
vn -0.12360 -0.99110 -0.04940
vn 0.00000 -1.00000 0.00000
vn 0.12360 -0.99110 -0.04940
vn 0.01480 -0.99989 0.00000
vn 0.12670 -0.99057 0.05220
vn 0.04950 -0.99108 -0.12370
vn 0.00000 -1.00000 0.00000
vn 0.00000 -0.98078 -0.19510
vn 0.10010 -0.95693 -0.27251
vn 0.00000 -0.92388 -0.38269
vn 0.27251 -0.95693 -0.10010
vn 0.15329 -0.89416 -0.42068
vn 0.00000 -0.83147 -0.55558
vn 0.27419 -0.95447 0.11750
vn 0.42068 -0.89416 -0.15329
vn 0.20900 -0.79769 -0.56569
vn 0.00000 -0.70711 -0.70711
vn 0.56569 -0.79769 -0.20900
vn 0.28350 -0.59799 -0.74969
vn 0.56569 -0.79769 -0.20900
vn 0.74967 -0.59798 -0.28359
vn 0.00000 -0.48880 -0.87240
vn 0.35011 -0.30861 -0.88441
vn 0.74967 -0.59798 -0.28359
vn 0.88441 -0.30861 -0.35011
vn 0.00000 -0.23910 -0.97100
vn 0.35711 -0.19001 -0.91453
vn 0.00000 -0.14819 -0.98896
vn 0.88441 -0.30861 -0.35011
vn 0.91453 -0.19001 -0.35711
vn 0.42230 -0.88901 0.17700
vn 0.57378 -0.78608 0.22989
vn 0.74967 -0.59798 -0.28359
vn 0.74677 -0.58978 0.30739
vn 0.88441 -0.30861 -0.35011
vn 0.21680 -0.74900 0.62610
vn 0.27879 -0.54698 0.78936
vn 0.88848 -0.29999 0.34729
vn 0.91453 -0.19001 -0.35711
vn 0.91257 -0.17329 0.37039
vn 0.35421 -0.28951 0.88922
vn 0.35430 -0.14510 0.92381
vn 0.15530 -0.85840 0.48890
vn 0.21680 -0.74900 0.62610
vn 0.10410 -0.93822 0.33001
vn 0.00000 -0.77749 0.62889
vn 0.05430 -0.98912 0.13670
vn 0.00000 -0.88853 0.45882
vn 0.00000 -0.97394 0.22681
vn 0.00000 -1.00000 0.00000
vn -0.05850 -0.98821 0.14150
vn -0.12180 -0.93690 0.32770
vn -0.05770 -0.98858 -0.13920
vn -0.00080 -0.99999 0.00410
vn -0.01150 -0.99986 -0.01190
vn -0.00360 -0.99999 -0.00080
vn 0.05790 -0.98856 -0.13929
vn 0.14480 -0.98771 -0.05890
vn 0.23740 -0.97141 0.00000
vn 0.33010 -0.93701 -0.11420
vn 0.44080 -0.89760 0.00020
vn 0.12171 -0.94034 -0.31771
vn 0.46219 -0.86869 -0.17820
vn 0.60359 -0.79729 0.00170
vn 0.63691 -0.73131 -0.24400
vn 0.78579 -0.61849 0.00370
vn 0.17050 -0.85438 -0.49089
vn 0.79548 -0.53049 -0.29289
vn 0.90579 -0.42370 0.00480
vn 0.23391 -0.72553 -0.64722
vn 0.89532 -0.28881 -0.33911
vn 0.97316 -0.22989 0.01070
vn 0.35440 -0.28560 -0.89041
vn 0.30791 -0.55311 -0.77412
vn 0.92037 -0.13230 -0.36799
vn 0.99407 -0.10870 0.00000
vn 0.35440 -0.28560 -0.89041
vn 0.36500 -0.11960 -0.92329
vn 0.00000 -0.77097 -0.63687
vn 0.00000 -0.89483 -0.44641
vn 0.00000 -0.62740 -0.77870
vn 0.00000 -0.97516 -0.22149
vn -0.12171 -0.94034 -0.31771
vn -0.17050 -0.85438 -0.49089
vn -0.23391 -0.72553 -0.64722
vn 0.30791 -0.55311 -0.77412
vn 0.63691 -0.73131 -0.24400
vn 0.79548 -0.53049 -0.29289
vn 0.00000 -0.45611 -0.88992
vn 0.35440 -0.28560 -0.89041
vn -0.30798 -0.55317 -0.77405
vn -0.63691 -0.73131 -0.24400
vn -0.79540 -0.53060 -0.29290
vn -0.35450 -0.28550 -0.89040
vn 0.00000 -0.22019 -0.97546
vn 0.36500 -0.11960 -0.92329
vn -0.36500 -0.11960 -0.92329
vn 0.00000 -0.08630 -0.99627
vn -0.63691 -0.73131 -0.24400
vn -0.46219 -0.86869 -0.17820
vn -0.60359 -0.79729 0.00170
vn -0.78579 -0.61849 0.00370
vn -0.79540 -0.53060 -0.29290
vn -0.44080 -0.89760 0.00020
vn -0.90579 -0.42370 0.00480
vn -0.33010 -0.93701 -0.11420
vn -0.23740 -0.97141 0.00000
vn -0.89531 -0.28860 -0.33930
vn -0.14480 -0.98770 -0.05900
vn -0.97320 -0.22970 0.01080
vn -0.30798 -0.55317 -0.77405
vn -0.35450 -0.28550 -0.89040
vn -0.99401 -0.10930 0.00040
vn -0.92024 -0.13261 -0.36821
vn -0.35450 -0.28550 -0.89040
vn -0.36500 -0.11960 -0.92329
vn -0.00040 -1.00000 0.00000
vn -0.05800 -0.98855 -0.13931
vn -0.00010 -0.99969 -0.02470
vn 0.00000 -1.00000 0.00000
vn -0.01230 -0.99962 0.02450
vn 0.14319 -0.98796 -0.05860
vn 0.23441 -0.97214 0.00000
vn -0.01190 -0.99986 0.01160
vn -0.05890 -0.98817 0.14160
vn 0.02460 -0.99970 0.00000
vn 0.32970 -0.93699 -0.11550
vn 0.44181 -0.89711 0.00080
vn 0.05760 -0.98859 -0.13920
vn 0.12189 -0.93955 -0.31998
vn 0.47469 -0.86088 -0.18320
vn 0.61462 -0.78882 0.00130
vn 0.17511 -0.84854 -0.49932
vn 0.64921 -0.71891 -0.24840
vn 0.17511 -0.84854 -0.49932
vn 0.24060 -0.71959 -0.65139
vn 0.79096 -0.61187 0.00050
vn 0.79269 -0.53410 -0.29390
vn 0.90317 -0.42928 0.00190
vn 0.35190 -0.29300 -0.88900
vn 0.30878 -0.55577 -0.77186
vn 0.88930 -0.30190 -0.34350
vn 0.97077 -0.23999 0.00150
vn 0.91583 -0.14900 -0.37291
vn 0.99184 -0.12750 0.00000
vn 0.35190 -0.29300 -0.88900
vn 0.35910 -0.12490 -0.92490
vn 0.00000 -0.89353 -0.44901
vn 0.00000 -0.76697 -0.64168
vn 0.24060 -0.71959 -0.65139
vn 0.00000 -0.97516 -0.22149
vn -0.17511 -0.84854 -0.49932
vn -0.12189 -0.93955 -0.31998
vn -0.24060 -0.71959 -0.65139
vn 0.00000 -0.62507 -0.78057
vn 0.30878 -0.55577 -0.77186
vn 0.64921 -0.71891 -0.24840
vn 0.79269 -0.53410 -0.29390
vn 0.00000 -0.45711 -0.88941
vn -0.30870 -0.55561 -0.77201
vn -0.64921 -0.71891 -0.24840
vn -0.79282 -0.53391 -0.29391
vn -0.35170 -0.29320 -0.88901
vn 0.35190 -0.29300 -0.88900
vn 0.00000 -0.22050 -0.97539
vn -0.35910 -0.12490 -0.92490
vn 0.35910 -0.12490 -0.92490
vn 0.00000 -0.08560 -0.99633
vn 0.01230 -0.99962 -0.02450
vn 0.05900 -0.98817 0.14159
vn -0.02030 -0.99971 0.01320
vn 0.14550 -0.98757 0.05950
vn 0.00000 -0.97394 0.22681
vn -0.14390 -0.98783 0.05910
vn 0.00040 -1.00000 0.00000
vn 0.23740 -0.97141 0.00000
vn -0.23441 -0.97214 0.00000
vn -0.32851 -0.93713 0.11780
vn -0.44112 -0.89745 0.00000
vn -0.46802 -0.86464 0.18261
vn -0.61501 -0.78852 0.00000
vn -0.65048 -0.72068 0.23979
vn -0.79109 -0.61170 0.00000
vn -0.16990 -0.85248 0.49439
vn -0.79312 -0.53011 0.29991
vn -0.90340 -0.42880 0.00000
vn -0.24260 -0.73100 0.63780
vn -0.88718 -0.30149 0.34929
vn -0.97104 -0.23891 0.00000
vn -0.34919 -0.28869 0.89147
vn -0.30881 -0.53861 0.78392
vn -0.91652 -0.15410 0.36911
vn -0.99184 -0.12750 0.00000
vn 0.00000 -0.63248 0.77458
vn 0.27879 -0.54698 0.78936
vn -0.30881 -0.53861 0.78392
vn -0.65048 -0.72068 0.23979
vn -0.79312 -0.53011 0.29991
vn 0.00000 -0.43562 0.90013
vn -0.34919 -0.28869 0.89147
vn 0.88848 -0.29999 0.34729
vn 0.74677 -0.58978 0.30739
vn 0.35421 -0.28951 0.88922
vn 0.00000 -0.21640 0.97630
vn 0.35430 -0.14510 0.92381
vn 0.00000 -0.09970 0.99502
vn -0.35999 -0.13810 0.92268
vn -0.88718 -0.30149 0.34929
vn -0.91652 -0.15410 0.36911
vn 0.00000 -0.88853 0.45882
vn 0.12230 -0.93711 0.32690
vn -0.12230 -0.93711 0.32690
vn 0.32991 -0.93672 0.11710
vn 0.44060 -0.89770 0.00000
vn 0.45941 -0.86961 0.18090
vn 0.60331 -0.79751 0.00000
vn 0.64170 -0.72800 0.24130
vn 0.78491 -0.61961 0.00020
vn 0.16730 -0.85402 0.49261
vn 0.79604 -0.52503 0.30111
vn 0.90692 -0.42131 0.00050
vn 0.23880 -0.73139 0.63879
vn 0.88973 -0.29341 0.34971
vn 0.30900 -0.53680 0.78509
vn 0.34930 -0.28940 0.89120
vn 0.97413 -0.22601 -0.00080
vn 0.91957 -0.14729 0.36429
vn 0.99312 -0.11710 0.00010
vn 0.34930 -0.28940 0.89120
vn 0.36211 -0.14090 0.92142
vn 0.00000 -0.77749 0.62889
vn -0.16729 -0.85375 0.49307
vn 0.00000 -0.63248 0.77458
vn -0.23821 -0.73163 0.63873
vn -0.45987 -0.86935 0.18099
vn 0.30900 -0.53680 0.78509
vn 0.64170 -0.72800 0.24130
vn 0.79604 -0.52503 0.30111
vn 0.00000 -0.43562 0.90013
vn 0.34930 -0.28940 0.89120
vn -0.30901 -0.53702 0.78493
vn -0.64169 -0.72819 0.24080
vn -0.79592 -0.52521 0.30111
vn -0.34950 -0.28920 0.89119
vn 0.00000 -0.21901 0.97572
vn 0.36211 -0.14090 0.92142
vn -0.36211 -0.14081 0.92144
vn 0.00000 -0.10570 0.99440
vn -0.64169 -0.72819 0.24080
vn -0.60331 -0.79751 0.00000
vn -0.78491 -0.61961 0.00020
vn -0.44060 -0.89770 0.00000
vn -0.79592 -0.52521 0.30111
vn -0.90692 -0.42131 0.00050
vn -0.32991 -0.93672 0.11710
vn -0.23740 -0.97141 0.00000
vn -0.14550 -0.98757 0.05950
vn -0.00040 -1.00000 0.00000
vn -0.02080 -0.99970 0.01310
vn 0.14390 -0.98782 0.05920
vn 0.23441 -0.97214 0.00000
vn 0.32851 -0.93713 0.11780
vn 0.44112 -0.89745 0.00000
vn 0.12180 -0.93690 0.32770
vn 0.46760 -0.86490 0.18250
vn 0.61501 -0.78852 0.00000
vn 0.65057 -0.72047 0.24019
vn 0.79109 -0.61170 0.00000
vn 0.79320 -0.53000 0.29990
vn 0.90340 -0.42880 0.00000
vn 0.88719 -0.30160 0.34920
vn 0.30871 -0.53852 0.78403
vn 0.34909 -0.28879 0.89148
vn 0.97104 -0.23891 0.00000
vn 0.91649 -0.15410 0.36919
vn 0.99184 -0.12750 0.00000
vn 0.16990 -0.85270 0.49400
vn 0.65057 -0.72047 0.24019
vn 0.46760 -0.86490 0.18250
vn 0.24311 -0.73082 0.63781
vn 0.00000 -0.88853 0.45882
vn 0.00000 -0.77749 0.62889
vn 0.00000 -0.63248 0.77458
vn -0.16990 -0.85248 0.49439
vn 0.30871 -0.53852 0.78403
vn 0.65057 -0.72047 0.24019
vn 0.79320 -0.53000 0.29990
vn 0.00000 -0.43562 0.90013
vn -0.24260 -0.73100 0.63780
vn -0.46802 -0.86464 0.18261
vn -0.65048 -0.72068 0.23979
vn -0.30881 -0.53861 0.78392
vn -0.65048 -0.72068 0.23979
vn -0.79312 -0.53011 0.29991
vn -0.34919 -0.28869 0.89147
vn 0.34909 -0.28879 0.89148
vn 0.00000 -0.21640 0.97630
vn -0.35999 -0.13810 0.92268
vn -0.88718 -0.30149 0.34929
vn -0.91652 -0.15410 0.36911
vn 0.00000 -0.09970 0.99502
vn 0.36000 -0.13800 0.92269
vn 0.91649 -0.15410 0.36919
vn 0.88719 -0.30160 0.34920
vn 0.00000 -1.00000 0.00000
vn 0.00000 -0.97394 0.22681
vn 0.05860 -0.98820 0.14150
vn -0.12180 -0.93690 0.32770
vn -0.46802 -0.86464 0.18261
vn -0.05860 -0.98823 0.14130
vn 0.00000 -1.00000 0.00000
vn -0.05770 -0.98861 -0.13900
vn 0.00000 -0.99999 0.00420
vn 0.00000 -0.99999 -0.00420
vn -0.14410 -0.98780 0.05910
vn 0.00000 -1.00000 0.00000
vn -0.23441 -0.97214 0.00000
vn -0.32851 -0.93713 0.11780
vn -0.44112 -0.89745 0.00000
vn -0.61501 -0.78852 0.00000
vn -0.65048 -0.72068 0.23979
vn -0.79109 -0.61170 0.00000
vn -0.79312 -0.53011 0.29991
vn -0.90340 -0.42880 0.00000
vn -0.88718 -0.30149 0.34929
vn -0.97104 -0.23891 0.00000
vn -0.34919 -0.28869 0.89147
vn -0.30881 -0.53861 0.78392
vn -0.91652 -0.15410 0.36911
vn -0.99184 -0.12750 0.00000
vn -0.32970 -0.93699 -0.11550
vn -0.44181 -0.89711 0.00080
vn -0.23441 -0.97214 0.00000
vn -0.47469 -0.86088 -0.18320
vn -0.61462 -0.78882 0.00130
vn -0.14350 -0.98792 -0.05850
vn 0.00000 -1.00000 0.00000
vn -0.64921 -0.71891 -0.24840
vn -0.17511 -0.84854 -0.49932
vn -0.24060 -0.71959 -0.65139
vn -0.79096 -0.61187 0.00050
vn -0.79282 -0.53391 -0.29391
vn -0.90317 -0.42928 0.00190
vn -0.88934 -0.30201 -0.34331
vn -0.30870 -0.55561 -0.77201
vn -0.35170 -0.29320 -0.88901
vn -0.97077 -0.23999 0.00150
vn -0.91583 -0.14900 -0.37291
vn -0.99184 -0.12750 0.00000
vn -0.35170 -0.29320 -0.88901
vn -0.35910 -0.12490 -0.92490
vn -0.97413 -0.22601 -0.00080
vn -0.88972 -0.29321 0.34991
vn -0.34950 -0.28920 0.89119
vn -0.30901 -0.53702 0.78493
vn -0.91953 -0.14720 0.36441
vn -0.99312 -0.11710 0.00010
vn -0.36211 -0.14081 0.92144
vn -0.34950 -0.28920 0.89119
vn -0.32718 -0.30888 -0.89305
vn 0.01530 -0.24761 -0.96874
vn 0.00000 -0.14819 -0.98896
vn 0.01240 -0.49321 -0.86982
vn -0.36659 -0.17659 -0.91347
vn -0.87770 -0.31730 -0.35910
vn -0.92101 -0.15420 -0.35771
vn -0.28551 -0.59851 -0.74851
vn 0.00310 -0.70450 -0.70970
vn -0.21220 -0.79240 -0.57190
vn -0.57654 -0.78865 -0.21361
vn -0.75310 -0.59530 -0.28010
vn -0.28521 -0.55513 0.78134
vn 0.00000 -0.43562 0.90013
vn 0.00000 -0.63248 0.77458
vn -0.21891 -0.74515 0.62994
vn -0.74509 -0.59539 0.30059
vn -0.58273 -0.77834 0.23371
vn -0.32980 -0.29520 0.89671
vn 0.01730 -0.20690 0.97821
vn -0.30949 -0.13150 0.94177
vn 0.00000 -0.09970 0.99502
vn -0.91080 -0.14590 0.38620
vn -0.87537 -0.32819 0.35499
vn -0.00040 -1.00000 0.00000
vn 0.23441 -0.97214 0.00000
vn 0.08260 -0.99307 -0.08360
vn 0.21879 -0.95436 -0.20329
vn 0.44181 -0.89711 0.00080
vn -0.00010 -1.00000 0.00000
vn 0.31679 -0.88707 -0.33579
vn 0.61462 -0.78882 0.00130
vn 0.00000 -0.97516 -0.22149
vn 0.44708 -0.76577 -0.46228
vn 0.79101 -0.61181 0.00060
vn 0.00000 -0.89353 -0.44901
vn 0.58058 -0.59548 -0.55528
vn 0.90321 -0.42920 0.00200
vn 0.67072 -0.33701 -0.66072
vn 0.97077 -0.23999 0.00150
vn 0.68868 -0.14950 -0.70948
vn 0.99184 -0.12750 0.00000
vn 0.00000 -0.76702 -0.64162
vn 0.00000 -0.62512 -0.78053
vn 0.58058 -0.59548 -0.55528
vn -0.28959 -0.89967 -0.32669
vn 0.00000 -0.45711 -0.88941
vn 0.67072 -0.33701 -0.66072
vn -0.52408 -0.63658 -0.56578
vn -0.67617 -0.33579 -0.65577
vn -0.39652 -0.80234 -0.44612
vn 0.00000 -0.22050 -0.97539
vn 0.68868 -0.14950 -0.70948
vn -0.68173 -0.16341 -0.71313
vn 0.00000 -0.08560 -0.99633
vn -0.55539 -0.83159 0.00250
vn -0.70710 -0.70710 0.00260
vn -0.52408 -0.63658 -0.56578
vn -0.38351 -0.92353 0.00110
vn -0.87171 -0.49001 0.00300
vn -0.67617 -0.33579 -0.65577
vn -0.97077 -0.23999 0.00150
vn -0.68173 -0.16341 -0.71313
vn -0.98896 -0.14819 0.00000
vn -0.17981 -0.96223 -0.20441
vn -0.19510 -0.98078 0.00000
vn -0.07840 -0.99399 -0.07640
vn 0.00000 -1.00000 0.00000
vn 0.00000 -1.00000 0.00000
vn 0.00000 -1.00000 0.00000
vn 0.07840 -0.99399 -0.07640
vn 0.19510 -0.98078 0.00000
vn 0.17890 -0.96259 -0.20350
vn 0.38269 -0.92388 0.00000
vn 0.00000 -0.97516 -0.22149
vn 0.00000 -1.00000 0.00000
vn 0.00000 -0.89483 -0.44641
vn 0.28521 -0.90264 -0.32232
vn 0.55569 -0.83139 0.00080
vn -0.00060 -0.76970 -0.63840
vn 0.39539 -0.80197 -0.44778
vn 0.72219 -0.69169 0.00300
vn -0.00250 -0.62551 -0.78021
vn 0.53459 -0.63839 -0.55379
vn 0.53459 -0.63839 -0.55379
vn 0.86419 -0.50310 0.00790
vn -0.00770 -0.45860 -0.88861
vn 0.65650 -0.34600 -0.67030
vn 0.65650 -0.34600 -0.67030
vn 0.96550 -0.26010 0.01250
vn -0.01600 -0.22831 -0.97346
vn 0.69160 -0.13680 -0.70920
vn 0.99407 -0.10870 0.00000
vn 0.69160 -0.13680 -0.70920
vn 0.00000 -0.08560 -0.99633
vn 0.00000 -0.22019 -0.97546
vn 0.00000 -0.08630 -0.99627
vn -0.69811 -0.13730 -0.70271
vn 0.36500 -0.11960 -0.92329
vn -0.67606 -0.32548 -0.66106
vn 0.35440 -0.28560 -0.89041
vn 0.00000 -0.45611 -0.88992
vn -0.58189 -0.59279 -0.55679
vn 0.30791 -0.55311 -0.77412
vn 0.00000 -0.62740 -0.77870
vn -0.43458 -0.77597 -0.45718
vn 0.63691 -0.73131 -0.24400
vn 0.79548 -0.53049 -0.29289
vn 0.23389 -0.72548 -0.64728
vn 0.00000 -0.77097 -0.63687
vn 0.17050 -0.85438 -0.49089
vn 0.63691 -0.73131 -0.24400
vn -0.30912 -0.89266 -0.32802
vn 0.00000 -0.89483 -0.44641
vn -0.60359 -0.79729 0.00170
vn -0.78579 -0.61849 0.00370
vn -0.58189 -0.59279 -0.55679
vn -0.44080 -0.89760 0.00020
vn -0.90598 -0.42329 0.00510
vn -0.67606 -0.32548 -0.66106
vn -0.97313 -0.23001 0.01060
vn -0.69811 -0.13730 -0.70271
vn -0.99407 -0.10870 0.00000
vn -0.22010 -0.95442 -0.20160
vn -0.23740 -0.97141 0.00000
vn -0.08310 -0.99300 -0.08390
vn 0.00000 -0.97516 -0.22149
vn 0.12171 -0.94034 -0.31771
vn 0.00000 -1.00000 0.00000
vn 0.05790 -0.98856 -0.13929
vn 0.46219 -0.86869 -0.17820
vn 0.60359 -0.79729 0.00170
vn 0.78579 -0.61849 0.00370
vn 0.44080 -0.89760 0.00020
vn 0.79548 -0.53049 -0.29289
vn 0.90579 -0.42370 0.00480
vn 0.33010 -0.93701 -0.11420
vn 0.23740 -0.97141 0.00000
vn 0.14480 -0.98771 -0.05890
vn 0.00040 -1.00000 0.00000
vn 0.89532 -0.28881 -0.33911
vn 0.97316 -0.22989 0.01070
vn 0.35440 -0.28560 -0.89041
vn 0.30791 -0.55311 -0.77412
vn 0.92037 -0.13230 -0.36799
vn 0.99407 -0.10870 0.00000
vn 0.35440 -0.28560 -0.89041
vn 0.36500 -0.11960 -0.92329
vn -0.00360 -0.99999 -0.00080
vn -0.14319 -0.98796 -0.05860
vn -0.23441 -0.97214 0.00000
vn -0.01150 -0.99986 -0.01190
vn 0.01230 -0.99962 -0.02450
vn -0.02030 -0.99971 0.01320
vn -0.32970 -0.93699 -0.11550
vn -0.44181 -0.89711 0.00080
vn -0.12189 -0.93955 -0.31998
vn -0.47469 -0.86088 -0.18320
vn -0.61462 -0.78882 0.00130
vn -0.64921 -0.71891 -0.24840
vn -0.79096 -0.61187 0.00050
vn -0.17511 -0.84854 -0.49932
vn -0.24060 -0.71959 -0.65139
vn -0.79277 -0.53398 -0.29389
vn -0.90317 -0.42928 0.00190
vn -0.17511 -0.84854 -0.49932
vn -0.88934 -0.30201 -0.34331
vn -0.30870 -0.55561 -0.77201
vn -0.35170 -0.29320 -0.88901
vn -0.97077 -0.23999 0.00150
vn -0.91583 -0.14900 -0.37291
vn -0.99184 -0.12750 0.00000
vn -0.35170 -0.29320 -0.88901
vn -0.35910 -0.12490 -0.92490
vn 0.00000 -0.89353 -0.44901
vn 0.00000 -0.76697 -0.64168
vn -0.24060 -0.71959 -0.65139
vn 0.17511 -0.84854 -0.49932
vn 0.24060 -0.71959 -0.65139
vn 0.12189 -0.93955 -0.31998
vn 0.00000 -0.62507 -0.78057
vn 0.30878 -0.55577 -0.77186
vn 0.64921 -0.71891 -0.24840
vn 0.79269 -0.53410 -0.29390
vn 0.00000 -0.45711 -0.88941
vn -0.30870 -0.55561 -0.77201
vn -0.64921 -0.71891 -0.24840
vn -0.79277 -0.53398 -0.29389
vn -0.35170 -0.29320 -0.88901
vn 0.35190 -0.29300 -0.88900
vn 0.00000 -0.22050 -0.97539
vn -0.35910 -0.12490 -0.92490
vn 0.35910 -0.12490 -0.92490
vn 0.00000 -0.08560 -0.99633
vn -0.08410 -0.99287 0.08450
vn 0.00000 -0.97394 0.22681
vn -0.00040 -1.00000 0.00000
vn -0.23740 -0.97141 0.00000
vn 0.08350 -0.99294 0.08420
vn -0.22070 -0.95310 0.20710
vn -0.44060 -0.89770 0.00000
vn 0.23441 -0.97214 0.00000
vn 0.21870 -0.95332 0.20820
vn 0.44112 -0.89745 0.00000
vn 0.00000 -0.97394 0.22681
vn -0.07920 -0.99390 0.07680
vn 0.30881 -0.88923 0.33751
vn 0.61501 -0.78852 0.00000
vn 0.00000 -0.88853 0.45882
vn -0.17961 -0.96124 0.20921
vn 0.00000 -0.77749 0.62889
vn 0.45088 -0.77416 0.44428
vn 0.79109 -0.61170 0.00000
vn 0.58119 -0.58509 0.56559
vn 0.90340 -0.42880 0.00000
vn 0.66598 -0.33329 0.66738
vn 0.97104 -0.23891 0.00000
vn 0.69107 -0.15949 0.70497
vn 0.99184 -0.12750 0.00000
vn 0.00000 -0.63248 0.77458
vn 0.58119 -0.58509 0.56559
vn -0.28211 -0.90094 0.32972
vn -0.39913 -0.81075 0.42823
vn -0.52499 -0.62549 0.57719
vn 0.00000 -0.43562 0.90013
vn 0.66598 -0.33329 0.66738
vn -0.67151 -0.33210 0.66241
vn 0.00000 -0.21640 0.97630
vn 0.69107 -0.15949 0.70497
vn -0.68402 -0.17351 0.70852
vn 0.00000 -0.09970 0.99502
vn -0.53060 -0.66100 -0.53060
vn -0.52499 -0.62549 0.57719
vn -0.66364 -0.34522 -0.66364
vn -0.67151 -0.33210 0.66241
vn -0.69174 -0.20731 -0.69174
vn -0.68402 -0.17351 0.70852
vn -0.38800 -0.83601 -0.38800
vn -0.27949 -0.91857 -0.27949
vn 0.00000 -0.83147 -0.55558
vn 0.00000 -0.70711 -0.70711
vn -0.53060 -0.66100 -0.53060
vn 0.00000 -0.92388 -0.38269
vn 0.00000 -0.48880 -0.87240
vn -0.66364 -0.34522 -0.66364
vn 0.00000 -0.23910 -0.97100
vn -0.69174 -0.20731 -0.69174
vn 0.00000 -0.14819 -0.98896
vn -0.17500 -0.96889 -0.17500
vn 0.00000 -0.98078 -0.19510
vn -0.07420 -0.99448 -0.07420
vn 0.00000 -1.00000 0.00000
vn -0.07360 -0.99729 0.00000
vn 0.00000 -1.00000 0.00000
vn 0.07420 -0.99448 -0.07420
vn 0.07360 -0.99729 0.00000
vn 0.00000 -1.00000 0.00000
vn 0.00000 -0.98078 -0.19510
vn 0.07920 -0.99390 0.07680
vn 0.00000 -0.97394 0.22681
vn 0.17500 -0.96889 -0.17500
vn 0.00000 -0.92388 -0.38269
vn 0.17961 -0.96124 0.20921
vn 0.00000 -0.88853 0.45882
vn 0.27949 -0.91857 -0.27949
vn 0.00000 -0.83147 -0.55558
vn 0.28211 -0.90094 0.32972
vn 0.00000 -0.77749 0.62889
vn 0.39208 -0.83106 -0.39448
vn -0.00350 -0.70430 -0.70990
vn 0.40209 -0.80627 0.43388
vn 0.00000 -0.63248 0.77458
vn 0.54301 -0.65561 -0.52471
vn 0.53439 -0.62929 0.56429
vn 0.64512 -0.35781 0.67512
vn 0.64327 -0.35018 -0.68087
vn 0.70111 -0.18170 -0.68951
vn 0.64378 -0.15240 0.74988
vn 0.00000 -0.88853 0.45882
vn -0.30462 -0.89146 0.33542
vn -0.60331 -0.79751 0.00000
vn -0.44148 -0.77876 0.44568
vn -0.78491 -0.61961 0.00030
vn -0.58237 -0.58227 0.56727
vn -0.90692 -0.42131 0.00060
vn -0.66724 -0.32982 0.66784
vn -0.97408 -0.22620 -0.00070
vn -0.69659 -0.15700 0.70009
vn -0.99312 -0.11710 0.00010
vn 0.00000 -0.77749 0.62889
vn 0.00000 -0.63248 0.77458
vn -0.58237 -0.58227 0.56727
vn 0.16730 -0.85402 0.49261
vn 0.00000 -0.43562 0.90013
vn -0.66724 -0.32982 0.66784
vn 0.23880 -0.73139 0.63879
vn 0.30900 -0.53680 0.78509
vn 0.64170 -0.72800 0.24130
vn 0.79604 -0.52503 0.30111
vn 0.34930 -0.28940 0.89120
vn 0.64170 -0.72800 0.24130
vn 0.00000 -0.21901 0.97572
vn 0.36211 -0.14090 0.92142
vn -0.69659 -0.15700 0.70009
vn 0.00000 -0.10570 0.99440
vn 0.45941 -0.86961 0.18090
vn 0.60331 -0.79751 0.00000
vn 0.78491 -0.61961 0.00020
vn 0.79604 -0.52503 0.30111
vn 0.44060 -0.89770 0.00000
vn 0.90692 -0.42131 0.00050
vn 0.32991 -0.93672 0.11710
vn 0.23740 -0.97141 0.00000
vn 0.12230 -0.93711 0.32690
vn 0.14550 -0.98757 0.05950
vn 0.05900 -0.98817 0.14159
vn 0.00040 -1.00000 0.00000
vn -0.14390 -0.98783 0.05910
vn -0.23441 -0.97214 0.00000
vn -0.05850 -0.98821 0.14150
vn -0.32851 -0.93713 0.11780
vn -0.44112 -0.89745 0.00000
vn -0.12180 -0.93690 0.32770
vn -0.46802 -0.86464 0.18261
vn -0.61501 -0.78852 0.00000
vn -0.65048 -0.72068 0.23979
vn -0.79109 -0.61170 0.00000
vn -0.79312 -0.53011 0.29991
vn -0.90340 -0.42880 0.00000
vn -0.16990 -0.85248 0.49439
vn -0.88718 -0.30149 0.34929
vn -0.97104 -0.23891 0.00000
vn -0.34919 -0.28869 0.89147
vn -0.30881 -0.53861 0.78392
vn -0.91652 -0.15410 0.36911
vn -0.99184 -0.12750 0.00000
vn 0.00000 -0.88853 0.45882
vn 0.00000 -0.97394 0.22681
vn 0.00000 -0.77749 0.62889
vn 0.12180 -0.93690 0.32770
vn -0.24260 -0.73100 0.63780
vn -0.46802 -0.86464 0.18261
vn -0.65048 -0.72068 0.23979
vn 0.16990 -0.85270 0.49400
vn 0.65057 -0.72047 0.24019
vn 0.46760 -0.86490 0.18250
vn 0.24311 -0.73082 0.63781
vn 0.46760 -0.86490 0.18250
vn 0.00000 -0.63248 0.77458
vn 0.30871 -0.53852 0.78403
vn 0.65057 -0.72047 0.24019
vn 0.79320 -0.53000 0.29990
vn -0.30881 -0.53861 0.78392
vn -0.65048 -0.72068 0.23979
vn -0.79312 -0.53011 0.29991
vn 0.00000 -0.43562 0.90013
vn -0.34919 -0.28869 0.89147
vn 0.34909 -0.28879 0.89148
vn 0.00000 -0.21640 0.97630
vn -0.35999 -0.13810 0.92268
vn -0.88718 -0.30149 0.34929
vn -0.91652 -0.15410 0.36911
vn 0.00000 -0.09970 0.99502
vn 0.36000 -0.13800 0.92269
vn 0.91649 -0.15410 0.36919
vn 0.88719 -0.30160 0.34920
vn 0.00000 -1.00000 0.00000
vn -0.00080 -0.99999 0.00410
vn -0.05770 -0.98858 -0.13920
vn 0.00000 -0.97516 -0.22149
vn 0.05770 -0.98861 -0.13900
vn 0.00000 -1.00000 0.00000
vn 0.00000 -0.99999 -0.00420
vn 0.05860 -0.98823 0.14130
vn 0.00000 -0.99999 0.00420
vn 0.14410 -0.98780 0.05910
vn 0.00000 -1.00000 0.00000
vn 0.23441 -0.97214 0.00000
vn 0.32851 -0.93713 0.11780
vn 0.44112 -0.89745 0.00000
vn 0.61501 -0.78852 0.00000
vn 0.65057 -0.72047 0.24019
vn 0.79109 -0.61170 0.00000
vn 0.79320 -0.53000 0.29990
vn 0.90340 -0.42880 0.00000
vn 0.88719 -0.30160 0.34920
vn 0.30871 -0.53852 0.78403
vn 0.34909 -0.28879 0.89148
vn 0.97104 -0.23891 0.00000
vn 0.91649 -0.15410 0.36919
vn 0.99184 -0.12750 0.00000
vn 0.23441 -0.97214 0.00000
vn 0.44181 -0.89711 0.00080
vn 0.32970 -0.93699 -0.11550
vn 0.14350 -0.98792 -0.05850
vn 0.00000 -1.00000 0.00000
vn 0.47469 -0.86088 -0.18320
vn 0.61462 -0.78882 0.00130
vn 0.64921 -0.71891 -0.24840
vn 0.17511 -0.84854 -0.49932
vn 0.24060 -0.71959 -0.65139
vn 0.79096 -0.61187 0.00050
vn 0.79269 -0.53410 -0.29390
vn 0.90317 -0.42928 0.00190
vn 0.35190 -0.29300 -0.88900
vn 0.30878 -0.55577 -0.77186
vn 0.88930 -0.30190 -0.34350
vn 0.97077 -0.23999 0.00150
vn 0.91583 -0.14900 -0.37291
vn 0.99184 -0.12750 0.00000
vn 0.35190 -0.29300 -0.88900
vn 0.35910 -0.12490 -0.92490
vn 0.88973 -0.29341 0.34971
vn 0.30900 -0.53680 0.78509
vn 0.34930 -0.28940 0.89120
vn 0.97413 -0.22601 -0.00080
vn 0.91955 -0.14731 0.36432
vn 0.99312 -0.11710 0.00020
vn 0.34930 -0.28940 0.89120
vn 0.36211 -0.14090 0.92142
vn 0.64327 -0.35018 -0.68087
vn 0.70111 -0.18170 -0.68951
vn 0.00000 -0.14819 -0.98896
vn -0.01530 -0.24761 -0.96874
vn -0.01300 -0.49251 -0.87021
vn 0.54301 -0.65561 -0.52471
vn -0.00350 -0.70430 -0.70990
vn 0.39208 -0.83106 -0.39448
vn 0.53439 -0.62929 0.56429
vn 0.40209 -0.80627 0.43388
vn 0.00000 -0.63248 0.77458
vn 0.00000 -0.43562 0.90013
vn 0.64512 -0.35781 0.67512
vn -0.01620 -0.20819 0.97795
vn 0.64378 -0.15240 0.74988
vn 0.00000 -0.09970 0.99502
vn -0.14319 -0.98796 0.05860
vn -0.00360 -0.99999 0.00080
vn 0.00040 -1.00000 0.00000
vn -0.23441 -0.97214 0.00000
vn 0.14480 -0.98771 0.05890
vn 0.23740 -0.97141 0.00000
vn 0.05790 -0.98856 0.13929
vn 0.33010 -0.93701 0.11420
vn 0.44080 -0.89760 -0.00020
vn 0.12171 -0.94034 0.31771
vn 0.46219 -0.86869 0.17820
vn 0.60359 -0.79729 -0.00170
vn 0.63691 -0.73131 0.24400
vn 0.78579 -0.61849 -0.00370
vn 0.17050 -0.85438 0.49089
vn 0.79548 -0.53049 0.29289
vn 0.90579 -0.42370 -0.00480
vn 0.23391 -0.72553 0.64722
vn 0.89532 -0.28881 0.33911
vn 0.97316 -0.22989 -0.01070
vn 0.35440 -0.28560 0.89041
vn 0.30791 -0.55311 0.77412
vn 0.92037 -0.13230 0.36799
vn 0.99407 -0.10870 0.00000
vn 0.35440 -0.28560 0.89041
vn 0.36500 -0.11960 0.92329
vn 0.00000 -0.89483 0.44641
vn 0.00000 -0.77097 0.63687
vn 0.00000 -0.97516 0.22149
vn -0.12171 -0.94034 0.31771
vn -0.17050 -0.85438 0.49089
vn -0.23391 -0.72553 0.64722
vn 0.00000 -0.62740 0.77870
vn 0.30791 -0.55311 0.77412
vn 0.63691 -0.73131 0.24400
vn 0.79548 -0.53049 0.29289
vn 0.00000 -0.45611 0.88992
vn 0.35440 -0.28560 0.89041
vn -0.30798 -0.55317 0.77405
vn -0.63691 -0.73131 0.24400
vn -0.79540 -0.53060 0.29290
vn -0.35450 -0.28550 0.89040
vn 0.00000 -0.22019 0.97546
vn 0.36500 -0.11960 0.92329
vn -0.36500 -0.11960 0.92329
vn 0.00000 -0.08630 0.99627
vn -0.63691 -0.73131 0.24400
vn -0.46219 -0.86869 0.17820
vn -0.60359 -0.79729 -0.00170
vn -0.78579 -0.61849 -0.00370
vn -0.79540 -0.53060 0.29290
vn -0.44080 -0.89760 -0.00020
vn -0.90579 -0.42370 -0.00480
vn -0.33010 -0.93701 0.11420
vn -0.23740 -0.97141 0.00000
vn -0.89531 -0.28860 0.33930
vn -0.14480 -0.98770 0.05900
vn -0.30798 -0.55317 0.77405
vn -0.35450 -0.28550 0.89040
vn -0.97320 -0.22970 -0.01080
vn -0.99401 -0.10930 -0.00040
vn -0.92024 -0.13261 0.36821
vn -0.35450 -0.28550 0.89040
vn -0.36500 -0.11960 0.92329
vn -0.00040 -1.00000 0.00000
vn -0.05800 -0.98855 0.13931
vn -0.00010 -0.99969 0.02470
vn 0.00000 -1.00000 0.00000
vn -0.01230 -0.99962 -0.02450
vn 0.14319 -0.98796 0.05860
vn 0.23441 -0.97214 0.00000
vn -0.01190 -0.99986 -0.01160
vn 0.32970 -0.93699 0.11550
vn 0.44181 -0.89711 -0.00080
vn -0.05890 -0.98817 -0.14160
vn 0.02460 -0.99970 0.00000
vn 0.47469 -0.86088 0.18320
vn 0.61462 -0.78882 -0.00130
vn 0.12189 -0.93955 0.31998
vn 0.64921 -0.71891 0.24840
vn 0.79096 -0.61187 -0.00050
vn 0.17511 -0.84854 0.49932
vn 0.24060 -0.71959 0.65139
vn 0.79269 -0.53410 0.29390
vn 0.90317 -0.42928 -0.00190
vn 0.17511 -0.84854 0.49932
vn 0.88930 -0.30190 0.34350
vn 0.97077 -0.23999 -0.00150
vn 0.35190 -0.29300 0.88900
vn 0.30878 -0.55577 0.77186
vn 0.91583 -0.14900 0.37291
vn 0.99184 -0.12750 0.00000
vn 0.35190 -0.29300 0.88900
vn 0.35910 -0.12490 0.92490
vn 0.00000 -0.89353 0.44901
vn 0.00000 -0.76697 0.64168
vn 0.24060 -0.71959 0.65139
vn -0.17511 -0.84854 0.49932
vn -0.24060 -0.71959 0.65139
vn -0.12189 -0.93955 0.31998
vn 0.00000 -0.62507 0.78057
vn -0.30870 -0.55561 0.77201
vn -0.64921 -0.71891 0.24840
vn -0.79282 -0.53391 0.29391
vn 0.30878 -0.55577 0.77186
vn 0.64921 -0.71891 0.24840
vn 0.79269 -0.53410 0.29390
vn 0.00000 -0.45711 0.88941
vn 0.35190 -0.29300 0.88900
vn -0.35170 -0.29320 0.88901
vn 0.00000 -0.22050 0.97539
vn 0.35910 -0.12490 0.92490
vn -0.35910 -0.12490 0.92490
vn 0.00000 -0.08560 0.99633
vn -0.32970 -0.93699 0.11550
vn -0.44181 -0.89711 -0.00080
vn -0.47469 -0.86088 0.18320
vn -0.61462 -0.78882 -0.00130
vn -0.12189 -0.93955 0.31998
vn -0.64921 -0.71891 0.24840
vn -0.79096 -0.61187 -0.00050
vn -0.79282 -0.53391 0.29391
vn -0.90317 -0.42928 -0.00190
vn -0.17511 -0.84854 0.49932
vn -0.24060 -0.71959 0.65139
vn -0.88934 -0.30201 0.34331
vn -0.30870 -0.55561 0.77201
vn -0.35170 -0.29320 0.88901
vn -0.97077 -0.23999 -0.00150
vn -0.91583 -0.14900 0.37291
vn -0.99184 -0.12750 0.00000
vn -0.35170 -0.29320 0.88901
vn -0.35910 -0.12490 0.92490
vn 0.00000 -0.89353 0.44901
vn 0.00000 -0.76702 0.64162
vn 0.00000 -0.62512 0.78053
vn 0.00000 -0.97516 0.22149
vn -0.30870 -0.55561 0.77201
vn -0.64921 -0.71891 0.24840
vn -0.79282 -0.53391 0.29391
vn 0.21461 -0.73812 0.63962
vn 0.27900 -0.56389 0.77729
vn 0.16051 -0.85503 0.49312
vn 0.57322 -0.78453 0.23651
vn 0.00000 -0.45711 0.88941
vn -0.35170 -0.29320 0.88901
vn 0.35639 -0.29429 0.88678
vn 0.74671 -0.59340 0.30050
vn 0.89060 -0.30090 0.34100
vn 0.00000 -0.22050 0.97539
vn 0.35349 -0.13200 0.92608
vn -0.35910 -0.12490 0.92490
vn 0.00000 -0.08560 0.99633
vn 0.10430 -0.94091 0.32220
vn 0.42900 -0.88589 0.17650
vn 0.05360 -0.98945 0.13459
vn 0.55539 -0.83159 -0.00250
vn 0.70710 -0.70710 -0.00250
vn 0.38351 -0.92353 -0.00100
vn 0.74671 -0.59340 0.30050
vn 0.21461 -0.73812 0.63962
vn 0.27900 -0.56389 0.77729
vn 0.87171 -0.49001 -0.00300
vn 0.89060 -0.30090 0.34100
vn 0.97077 -0.23999 -0.00150
vn 0.91197 -0.16819 0.37419
vn 0.98896 -0.14819 0.00000
vn 0.35639 -0.29429 0.88678
vn 0.35349 -0.13200 0.92608
vn 0.27549 -0.95435 0.11539
vn 0.19510 -0.98078 0.00000
vn 0.12630 -0.99063 0.05190
vn 0.00000 -1.00000 0.00000
vn -0.00010 -0.99970 0.02460
vn 0.02460 -0.99970 -0.00010
vn -0.12630 -0.99064 0.05180
vn -0.19510 -0.98078 0.00000
vn -0.27399 -0.95487 0.11470
vn -0.38269 -0.92388 0.00000
vn -0.01230 -0.99962 -0.02450
vn -0.42362 -0.88883 0.17471
vn -0.55569 -0.83139 -0.00080
vn -0.05350 -0.98946 0.13459
vn -0.10350 -0.94158 0.32049
vn -0.57828 -0.78047 0.23759
vn -0.72209 -0.69179 -0.00290
vn -0.74669 -0.59780 0.29170
vn -0.86397 -0.50348 -0.00740
vn -0.88453 -0.31461 0.34441
vn -0.96556 -0.25989 -0.01270
vn -0.99401 -0.10930 -0.00040
vn -0.91919 -0.13270 0.37079
vn -0.15760 -0.85879 0.48749
vn -0.21351 -0.73774 0.64043
vn 0.00000 -0.89483 0.44641
vn 0.00060 -0.76970 0.63840
vn 0.00000 -0.97516 0.22149
vn 0.00000 -1.00000 0.00000
vn 0.00230 -0.62557 0.78016
vn -0.57828 -0.78047 0.23759
vn -0.74669 -0.59780 0.29170
vn -0.28239 -0.57109 0.77079
vn 0.00710 -0.45920 0.88830
vn -0.88453 -0.31461 0.34441
vn -0.74669 -0.59780 0.29170
vn -0.33460 -0.29440 0.89519
vn 0.01610 -0.22820 0.97348
vn -0.35881 -0.11870 0.92583
vn 0.00000 -0.08560 0.99633
vn -0.91919 -0.13270 0.37079
vn -0.88453 -0.31461 0.34441
vn -0.05430 -0.98912 -0.13670
vn 0.00000 -0.97394 -0.22681
vn -0.01180 -0.99986 -0.01150
vn -0.02020 -0.99971 -0.01320
vn -0.10410 -0.93822 -0.33001
vn 0.00000 -0.88853 -0.45882
vn -0.15530 -0.85840 -0.48890
vn 0.00000 -0.77749 -0.62889
vn -0.21890 -0.74519 -0.62990
vn 0.00000 -0.63248 -0.77458
vn -0.58273 -0.77834 -0.23371
vn -0.42230 -0.88901 -0.17700
vn -0.27419 -0.95447 -0.11750
vn -0.12679 -0.99055 -0.05230
vn -0.42068 -0.89416 0.15329
vn -0.57654 -0.78865 0.21361
vn -0.75310 -0.59530 0.28010
vn -0.74509 -0.59539 -0.30059
vn -0.15329 -0.89416 0.42068
vn -0.21221 -0.79245 0.57183
vn 0.00000 -0.83147 0.55558
vn 0.00310 -0.70450 0.70970
vn 0.00000 -0.92388 0.38269
vn -0.10010 -0.95693 0.27251
vn 0.00000 -0.98078 0.19510
vn -0.27251 -0.95693 0.10010
vn -0.04950 -0.99108 0.12370
vn 0.00000 -1.00000 0.00000
vn -0.01480 -0.99989 0.00000
vn -0.12360 -0.99110 0.04940
vn 0.00000 -1.00000 0.00000
vn 0.12360 -0.99110 0.04940
vn 0.01480 -0.99989 0.00000
vn 0.12670 -0.99057 -0.05220
vn 0.04950 -0.99108 0.12370
vn 0.00000 -1.00000 0.00000
vn 0.00000 -0.98078 0.19510
vn 0.10010 -0.95693 0.27251
vn 0.00000 -0.92388 0.38269
vn 0.27251 -0.95693 0.10010
vn 0.15329 -0.89416 0.42068
vn 0.00000 -0.83147 0.55558
vn 0.20900 -0.79769 0.56569
vn 0.00000 -0.70711 0.70711
vn 0.42068 -0.89416 0.15329
vn 0.56569 -0.79769 0.20900
vn 0.28350 -0.59799 0.74969
vn 0.56569 -0.79769 0.20900
vn 0.74969 -0.59799 0.28350
vn 0.00000 -0.48880 0.87240
vn 0.35011 -0.30861 0.88441
vn 0.74969 -0.59799 0.28350
vn 0.88441 -0.30861 0.35011
vn 0.00000 -0.23910 0.97100
vn 0.35711 -0.19001 0.91453
vn 0.00000 -0.14819 0.98896
vn 0.88441 -0.30861 0.35011
vn 0.91453 -0.19001 0.35711
vn 0.42230 -0.88901 -0.17700
vn 0.27419 -0.95447 -0.11750
vn 0.57378 -0.78608 -0.22989
vn 0.74969 -0.59799 0.28350
vn 0.05430 -0.98912 -0.13670
vn 0.10410 -0.93822 -0.33001
vn 0.15530 -0.85840 -0.48890
vn 0.74677 -0.58978 -0.30739
vn 0.88441 -0.30861 0.35011
vn 0.21680 -0.74900 -0.62610
vn 0.27879 -0.54698 -0.78936
vn 0.88848 -0.29999 -0.34729
vn 0.91453 -0.19001 0.35711
vn 0.91257 -0.17329 -0.37039
vn 0.35421 -0.28951 -0.88922
vn 0.35430 -0.14510 -0.92381
vn 0.21680 -0.74900 -0.62610
vn 0.00000 -0.77749 -0.62889
vn 0.00000 -0.88853 -0.45882
vn 0.00000 -0.63248 -0.77458
vn 0.00000 -0.97394 -0.22681
vn 0.27879 -0.54698 -0.78936
vn -0.12180 -0.93690 -0.32770
vn 0.74677 -0.58978 -0.30739
vn 0.88848 -0.29999 -0.34729
vn 0.35421 -0.28951 -0.88922
vn 0.00000 -0.43562 -0.90013
vn -0.30881 -0.53861 -0.78392
vn 0.00000 -0.21640 -0.97630
vn 0.35430 -0.14510 -0.92381
vn 0.00000 -0.09970 -0.99502
vn -0.35999 -0.13810 -0.92268
vn -0.34919 -0.28869 -0.89147
vn -0.88718 -0.30149 -0.34929
vn -0.91652 -0.15410 -0.36911
vn -0.79312 -0.53011 -0.29991
vn -0.65048 -0.72068 -0.23979
vn -0.24260 -0.73100 -0.63780
vn -0.16990 -0.85248 -0.49439
vn -0.46802 -0.86464 -0.18261
vn -0.65048 -0.72068 -0.23979
vn -0.61501 -0.78852 0.00000
vn -0.79109 -0.61170 0.00000
vn -0.44112 -0.89745 0.00000
vn -0.79312 -0.53011 -0.29991
vn -0.90340 -0.42880 0.00000
vn -0.32851 -0.93713 -0.11780
vn -0.23441 -0.97214 0.00000
vn -0.88718 -0.30149 -0.34929
vn -0.97104 -0.23891 0.00000
vn -0.34919 -0.28869 -0.89147
vn -0.30881 -0.53861 -0.78392
vn -0.91652 -0.15410 -0.36911
vn -0.99184 -0.12750 0.00000
vn -0.14390 -0.98783 -0.05910
vn 0.00040 -1.00000 0.00000
vn -0.05850 -0.98821 -0.14150
vn -0.02030 -0.99971 -0.01320
vn 0.14550 -0.98757 -0.05950
vn 0.23740 -0.97141 0.00000
vn -0.01150 -0.99986 0.01190
vn 0.00000 -1.00000 0.00000
vn -0.00080 -0.99999 -0.00410
vn -0.05770 -0.98858 0.13920
vn 0.01230 -0.99962 0.02450
vn 0.05900 -0.98817 -0.14159
vn 0.00000 -0.97394 -0.22681
vn 0.12230 -0.93711 -0.32690
vn 0.32991 -0.93672 -0.11710
vn 0.44060 -0.89770 0.00000
vn 0.45941 -0.86961 -0.18090
vn 0.60331 -0.79751 0.00000
vn 0.64170 -0.72800 -0.24130
vn 0.78491 -0.61961 -0.00020
vn 0.79604 -0.52503 -0.30111
vn 0.90692 -0.42131 -0.00050
vn 0.16730 -0.85402 -0.49261
vn 0.23880 -0.73139 -0.63879
vn 0.88973 -0.29341 -0.34971
vn 0.30900 -0.53680 -0.78509
vn 0.34930 -0.28940 -0.89120
vn 0.97413 -0.22601 0.00080
vn 0.91957 -0.14729 -0.36429
vn 0.99312 -0.11710 -0.00010
vn 0.34930 -0.28940 -0.89120
vn 0.36211 -0.14090 -0.92142
vn 0.00000 -0.88853 -0.45882
vn 0.00000 -0.77749 -0.62889
vn -0.12230 -0.93711 -0.32690
vn -0.16729 -0.85375 -0.49307
vn 0.00000 -0.63248 -0.77458
vn -0.23821 -0.73163 -0.63873
vn -0.45987 -0.86935 -0.18099
vn 0.30900 -0.53680 -0.78509
vn 0.64170 -0.72800 -0.24130
vn 0.79604 -0.52503 -0.30111
vn 0.00000 -0.43562 -0.90013
vn 0.34930 -0.28940 -0.89120
vn -0.30901 -0.53702 -0.78493
vn -0.64169 -0.72819 -0.24080
vn -0.79592 -0.52521 -0.30111
vn -0.34950 -0.28920 -0.89119
vn 0.00000 -0.21901 -0.97572
vn 0.36211 -0.14090 -0.92142
vn -0.36211 -0.14081 -0.92144
vn 0.00000 -0.10570 -0.99440
vn -0.64169 -0.72819 -0.24080
vn -0.60331 -0.79751 0.00000
vn -0.78491 -0.61961 -0.00020
vn -0.44060 -0.89770 0.00000
vn -0.79592 -0.52521 -0.30111
vn -0.90692 -0.42131 -0.00050
vn -0.32991 -0.93672 -0.11710
vn -0.23740 -0.97141 0.00000
vn -0.14550 -0.98757 -0.05950
vn -0.00040 -1.00000 0.00000
vn -0.02080 -0.99970 -0.01310
vn 0.14390 -0.98782 -0.05920
vn 0.23441 -0.97214 0.00000
vn 0.32851 -0.93713 -0.11780
vn 0.44112 -0.89745 0.00000
vn 0.12180 -0.93690 -0.32770
vn 0.46760 -0.86490 -0.18250
vn 0.61501 -0.78852 0.00000
vn 0.65057 -0.72047 -0.24019
vn 0.79109 -0.61170 0.00000
vn 0.79320 -0.53000 -0.29990
vn 0.90340 -0.42880 0.00000
vn 0.88719 -0.30160 -0.34920
vn 0.30871 -0.53852 -0.78403
vn 0.34909 -0.28879 -0.89148
vn 0.97104 -0.23891 0.00000
vn 0.91649 -0.15410 -0.36919
vn 0.99184 -0.12750 0.00000
vn 0.16990 -0.85270 -0.49400
vn 0.46760 -0.86490 -0.18250
vn 0.65057 -0.72047 -0.24019
vn 0.24311 -0.73082 -0.63781
vn 0.00000 -0.88853 -0.45882
vn 0.00000 -0.77749 -0.62889
vn 0.00000 -0.63248 -0.77458
vn -0.16990 -0.85248 -0.49439
vn 0.30871 -0.53852 -0.78403
vn 0.65057 -0.72047 -0.24019
vn 0.79320 -0.53000 -0.29990
vn 0.00000 -0.43562 -0.90013
vn -0.24260 -0.73100 -0.63780
vn -0.46802 -0.86464 -0.18261
vn -0.65048 -0.72068 -0.23979
vn -0.30881 -0.53861 -0.78392
vn -0.65048 -0.72068 -0.23979
vn -0.79312 -0.53011 -0.29991
vn -0.34919 -0.28869 -0.89147
vn 0.34909 -0.28879 -0.89148
vn 0.00000 -0.21640 -0.97630
vn -0.35999 -0.13810 -0.92268
vn -0.88718 -0.30149 -0.34929
vn -0.91652 -0.15410 -0.36911
vn 0.00000 -0.09970 -0.99502
vn 0.36000 -0.13800 -0.92269
vn 0.91649 -0.15410 -0.36919
vn 0.88719 -0.30160 -0.34920
vn 0.05860 -0.98820 -0.14150
vn 0.00000 -0.97394 -0.22681
vn 0.00000 -1.00000 0.00000
vn -0.12180 -0.93690 -0.32770
vn -0.46802 -0.86464 -0.18261
vn -0.05860 -0.98823 -0.14130
vn -0.32851 -0.93713 -0.11780
vn -0.14410 -0.98780 -0.05910
vn -0.44112 -0.89745 0.00000
vn -0.61501 -0.78852 0.00000
vn -0.23441 -0.97214 0.00000
vn -0.65048 -0.72068 -0.23979
vn 0.00000 -1.00000 0.00000
vn -0.79109 -0.61170 0.00000
vn 0.00000 -0.99999 -0.00420
vn 0.00000 -1.00000 0.00000
vn -0.79312 -0.53011 -0.29991
vn -0.90340 -0.42880 0.00000
vn -0.88718 -0.30149 -0.34929
vn -0.97104 -0.23891 0.00000
vn -0.34919 -0.28869 -0.89147
vn -0.30881 -0.53861 -0.78392
vn -0.91652 -0.15410 -0.36911
vn -0.99184 -0.12750 0.00000
vn -0.05770 -0.98861 0.13900
vn 0.00000 -0.99999 0.00420
vn -0.14350 -0.98792 0.05850
vn 0.00000 -1.00000 0.00000
vn -0.23441 -0.97214 0.00000
vn -0.32970 -0.93699 0.11550
vn -0.44181 -0.89711 -0.00080
vn -0.47469 -0.86088 0.18320
vn -0.61462 -0.78882 -0.00130
vn -0.64921 -0.71891 0.24840
vn -0.17511 -0.84854 0.49932
vn -0.24060 -0.71959 0.65139
vn -0.79096 -0.61187 -0.00050
vn -0.79282 -0.53391 0.29391
vn -0.90317 -0.42928 -0.00190
vn -0.88934 -0.30201 0.34331
vn -0.30870 -0.55561 0.77201
vn -0.35170 -0.29320 0.88901
vn -0.97077 -0.23999 -0.00150
vn -0.91583 -0.14900 0.37291
vn -0.99184 -0.12750 0.00000
vn -0.35170 -0.29320 0.88901
vn -0.35910 -0.12490 0.92490
vn 0.05760 -0.98859 0.13920
vn 0.00000 -0.97516 0.22149
vn -0.88972 -0.29321 -0.34991
vn -0.34950 -0.28920 -0.89119
vn -0.30901 -0.53702 -0.78493
vn -0.97413 -0.22601 0.00080
vn -0.91953 -0.14720 -0.36441
vn -0.99312 -0.11710 -0.00010
vn -0.36211 -0.14081 -0.92144
vn -0.34950 -0.28920 -0.89119
vn -0.32718 -0.30888 0.89305
vn -0.36659 -0.17659 0.91347
vn 0.00000 -0.14819 0.98896
vn 0.01530 -0.24761 0.96874
vn -0.87770 -0.31730 0.35910
vn -0.92101 -0.15420 0.35771
vn 0.01240 -0.49321 0.86982
vn -0.28551 -0.59851 0.74851
vn 0.00310 -0.70450 0.70970
vn -0.21221 -0.79245 0.57183
vn -0.57654 -0.78865 0.21361
vn -0.75310 -0.59530 0.28010
vn -0.28519 -0.55508 -0.78138
vn -0.21890 -0.74519 -0.62990
vn 0.00000 -0.63248 -0.77458
vn 0.00000 -0.43562 -0.90013
vn -0.74509 -0.59539 -0.30059
vn -0.58273 -0.77834 -0.23371
vn -0.32980 -0.29520 -0.89671
vn 0.01730 -0.20690 -0.97821
vn -0.30949 -0.13150 -0.94177
vn 0.00000 -0.09970 -0.99502
vn -0.91080 -0.14590 -0.38620
vn -0.87537 -0.32819 -0.35499
vn -0.87537 -0.32819 -0.35499
vn -0.28519 -0.55508 -0.78138
vn -0.32980 -0.29520 -0.89671
vn -0.87770 -0.31730 0.35910
vn -0.28551 -0.59851 0.74851
vn -0.32718 -0.30888 0.89305
vn -0.91080 -0.14590 -0.38620
vn -0.92101 -0.15420 0.35771
vn 0.08260 -0.99307 0.08360
vn 0.23441 -0.97214 0.00000
vn -0.00040 -1.00000 0.00000
vn 0.21879 -0.95436 0.20329
vn 0.44181 -0.89711 -0.00080
vn -0.00010 -1.00000 0.00000
vn 0.31679 -0.88707 0.33579
vn 0.61462 -0.78882 -0.00130
vn 0.00000 -0.97516 0.22149
vn 0.44708 -0.76577 0.46228
vn 0.79101 -0.61181 -0.00060
vn 0.00000 -0.89353 0.44901
vn 0.58058 -0.59548 0.55528
vn 0.90321 -0.42920 -0.00200
vn 0.67072 -0.33701 0.66072
vn 0.97077 -0.23999 -0.00150
vn 0.68868 -0.14950 0.70948
vn 0.99184 -0.12750 0.00000
vn 0.00000 -0.76702 0.64162
vn 0.00000 -0.62512 0.78053
vn 0.58058 -0.59548 0.55528
vn -0.28959 -0.89967 0.32669
vn 0.00000 -0.45711 0.88941
vn 0.67072 -0.33701 0.66072
vn -0.52408 -0.63658 0.56578
vn -0.67617 -0.33579 0.65577
vn -0.39652 -0.80234 0.44612
vn 0.00000 -0.22050 0.97539
vn 0.68868 -0.14950 0.70948
vn -0.68173 -0.16341 0.71313
vn 0.00000 -0.08560 0.99633
vn -0.55539 -0.83159 -0.00250
vn -0.70710 -0.70710 -0.00260
vn -0.52408 -0.63658 0.56578
vn -0.38351 -0.92353 -0.00110
vn -0.87171 -0.49001 -0.00300
vn -0.67617 -0.33579 0.65577
vn -0.97077 -0.23999 -0.00150
vn -0.68173 -0.16341 0.71313
vn -0.98896 -0.14819 0.00000
vn -0.17981 -0.96223 0.20441
vn -0.19510 -0.98078 0.00000
vn -0.07840 -0.99399 0.07640
vn 0.00000 -1.00000 0.00000
vn 0.00000 -1.00000 0.00000
vn 0.00000 -1.00000 0.00000
vn 0.07840 -0.99399 0.07640
vn 0.19510 -0.98078 0.00000
vn 0.17890 -0.96259 0.20350
vn 0.38269 -0.92388 0.00000
vn 0.00000 -0.97516 0.22149
vn 0.00000 -1.00000 0.00000
vn 0.00000 -0.89483 0.44641
vn 0.07920 -0.99390 -0.07680
vn 0.28521 -0.90264 0.32232
vn 0.55569 -0.83139 -0.00080
vn -0.00060 -0.76970 0.63840
vn 0.39539 -0.80197 0.44778
vn 0.72219 -0.69169 -0.00300
vn -0.00250 -0.62551 0.78021
vn 0.53459 -0.63839 0.55379
vn 0.53459 -0.63839 0.55379
vn 0.86419 -0.50310 -0.00790
vn -0.00770 -0.45860 0.88861
vn 0.65650 -0.34600 0.67030
vn 0.65650 -0.34600 0.67030
vn 0.96550 -0.26010 -0.01250
vn 0.69160 -0.13680 0.70920
vn 0.99407 -0.10870 0.00000
vn -0.01600 -0.22831 0.97346
vn 0.69160 -0.13680 0.70920
vn 0.00000 -0.08560 0.99633
vn -0.69811 -0.13730 0.70271
vn 0.00000 -0.08630 0.99627
vn 0.00000 -0.22019 0.97546
vn 0.36500 -0.11960 0.92329
vn -0.67606 -0.32548 0.66106
vn 0.35440 -0.28560 0.89041
vn 0.00000 -0.45611 0.88992
vn -0.58189 -0.59279 0.55679
vn 0.30791 -0.55311 0.77412
vn 0.00000 -0.62740 0.77870
vn -0.43458 -0.77597 0.45718
vn 0.79548 -0.53049 0.29289
vn 0.63691 -0.73131 0.24400
vn 0.23389 -0.72548 0.64728
vn 0.00000 -0.77097 0.63687
vn 0.17050 -0.85438 0.49089
vn 0.63691 -0.73131 0.24400
vn -0.30912 -0.89266 0.32802
vn 0.00000 -0.89483 0.44641
vn -0.60359 -0.79729 -0.00170
vn -0.78579 -0.61849 -0.00370
vn -0.58189 -0.59279 0.55679
vn -0.44080 -0.89760 -0.00020
vn -0.90598 -0.42329 -0.00510
vn -0.67606 -0.32548 0.66106
vn -0.97313 -0.23001 -0.01060
vn -0.69811 -0.13730 0.70271
vn -0.99407 -0.10870 0.00000
vn -0.22010 -0.95442 0.20160
vn -0.23740 -0.97141 0.00000
vn -0.08310 -0.99300 0.08390
vn 0.00000 -0.97516 0.22149
vn 0.12171 -0.94034 0.31771
vn 0.00000 -1.00000 0.00000
vn 0.05790 -0.98856 0.13929
vn 0.46219 -0.86869 0.17820
vn 0.60359 -0.79729 -0.00170
vn 0.78579 -0.61849 -0.00370
vn 0.44080 -0.89760 -0.00020
vn 0.79548 -0.53049 0.29289
vn 0.90579 -0.42370 -0.00480
vn 0.33010 -0.93701 0.11420
vn 0.23740 -0.97141 0.00000
vn 0.14480 -0.98771 0.05890
vn 0.00040 -1.00000 0.00000
vn -0.00360 -0.99999 0.00080
vn 0.30791 -0.55311 0.77412
vn 0.35440 -0.28560 0.89041
vn 0.89532 -0.28881 0.33911
vn 0.97316 -0.22989 -0.01070
vn 0.92037 -0.13230 0.36799
vn 0.99407 -0.10870 0.00000
vn 0.35440 -0.28560 0.89041
vn 0.36500 -0.11960 0.92329
vn -0.14319 -0.98796 0.05860
vn -0.23441 -0.97214 0.00000
vn -0.01150 -0.99986 0.01190
vn 0.01230 -0.99962 0.02450
vn -0.32970 -0.93699 0.11550
vn -0.44181 -0.89711 -0.00080
vn -0.12189 -0.93955 0.31998
vn -0.47469 -0.86088 0.18320
vn -0.61462 -0.78882 -0.00130
vn -0.64921 -0.71891 0.24840
vn -0.79096 -0.61187 -0.00050
vn -0.17511 -0.84854 0.49932
vn -0.24060 -0.71959 0.65139
vn -0.79277 -0.53398 0.29389
vn -0.90317 -0.42928 -0.00190
vn -0.17511 -0.84854 0.49932
vn -0.88934 -0.30201 0.34331
vn -0.30870 -0.55561 0.77201
vn -0.35170 -0.29320 0.88901
vn -0.97077 -0.23999 -0.00150
vn -0.91583 -0.14900 0.37291
vn -0.99184 -0.12750 0.00000
vn -0.35170 -0.29320 0.88901
vn -0.35910 -0.12490 0.92490
vn 0.00000 -0.89353 0.44901
vn 0.00000 -0.76697 0.64168
vn -0.24060 -0.71959 0.65139
vn 0.17511 -0.84854 0.49932
vn 0.24060 -0.71959 0.65139
vn 0.12189 -0.93955 0.31998
vn 0.00000 -0.62507 0.78057
vn 0.30878 -0.55577 0.77186
vn 0.64921 -0.71891 0.24840
vn 0.79269 -0.53410 0.29390
vn -0.30870 -0.55561 0.77201
vn -0.64921 -0.71891 0.24840
vn -0.79277 -0.53398 0.29389
vn 0.00000 -0.45711 0.88941
vn -0.35170 -0.29320 0.88901
vn 0.35190 -0.29300 0.88900
vn 0.00000 -0.22050 0.97539
vn -0.35910 -0.12490 0.92490
vn 0.35910 -0.12490 0.92490
vn 0.00000 -0.08560 0.99633
vn -0.08410 -0.99287 -0.08450
vn -0.00040 -1.00000 0.00000
vn -0.23740 -0.97141 0.00000
vn 0.08350 -0.99294 -0.08420
vn 0.23441 -0.97214 0.00000
vn 0.21870 -0.95332 -0.20820
vn 0.44112 -0.89745 0.00000
vn 0.00000 -0.97394 -0.22681
vn -0.07920 -0.99390 -0.07680
vn 0.30881 -0.88923 -0.33751
vn 0.61501 -0.78852 0.00000
vn 0.00000 -0.88853 -0.45882
vn -0.17961 -0.96124 -0.20921
vn 0.45088 -0.77416 -0.44428
vn 0.79109 -0.61170 0.00000
vn 0.58119 -0.58509 -0.56559
vn 0.90340 -0.42880 0.00000
vn 0.66598 -0.33329 -0.66738
vn 0.97104 -0.23891 0.00000
vn 0.69107 -0.15949 -0.70497
vn 0.99184 -0.12750 0.00000
vn 0.00000 -0.77749 -0.62889
vn 0.00000 -0.63248 -0.77458
vn 0.58119 -0.58509 -0.56559
vn -0.28211 -0.90094 -0.32972
vn -0.39913 -0.81075 -0.42823
vn -0.52499 -0.62549 -0.57719
vn 0.00000 -0.43562 -0.90013
vn 0.66598 -0.33329 -0.66738
vn -0.67151 -0.33210 -0.66241
vn 0.00000 -0.21640 -0.97630
vn 0.69107 -0.15949 -0.70497
vn -0.68402 -0.17351 -0.70852
vn 0.00000 -0.09970 -0.99502
vn -0.27949 -0.91857 0.27949
vn -0.38800 -0.83601 0.38800
vn -0.53060 -0.66100 0.53060
vn -0.52499 -0.62549 -0.57719
vn -0.66364 -0.34522 0.66364
vn -0.67151 -0.33210 -0.66241
vn -0.69174 -0.20731 0.69174
vn -0.68402 -0.17351 -0.70852
vn 0.00000 -0.83147 0.55558
vn 0.00000 -0.70711 0.70711
vn -0.53060 -0.66100 0.53060
vn 0.00000 -0.92388 0.38269
vn 0.00000 -0.48880 0.87240
vn -0.66364 -0.34522 0.66364
vn 0.00000 -0.23910 0.97100
vn -0.69174 -0.20731 0.69174
vn 0.00000 -0.14819 0.98896
vn -0.17500 -0.96889 0.17500
vn 0.00000 -0.98078 0.19510
vn -0.07420 -0.99448 0.07420
vn 0.00000 -1.00000 0.00000
vn -0.07360 -0.99729 0.00000
vn 0.00000 -1.00000 0.00000
vn 0.07420 -0.99448 0.07420
vn 0.07360 -0.99729 0.00000
vn 0.00000 -1.00000 0.00000
vn 0.00000 -0.98078 0.19510
vn 0.17500 -0.96889 0.17500
vn 0.00000 -0.92388 0.38269
vn 0.00000 -0.97394 -0.22681
vn 0.17961 -0.96124 -0.20921
vn 0.00000 -0.88853 -0.45882
vn 0.27949 -0.91857 0.27949
vn 0.00000 -0.83147 0.55558
vn 0.28211 -0.90094 -0.32972
vn 0.00000 -0.77749 -0.62889
vn 0.39208 -0.83106 0.39448
vn -0.00350 -0.70430 0.70990
vn 0.40209 -0.80627 -0.43388
vn 0.00000 -0.63248 -0.77458
vn 0.54301 -0.65561 0.52471
vn 0.53439 -0.62929 -0.56429
vn 0.64512 -0.35781 -0.67512
vn 0.64327 -0.35018 0.68087
vn 0.70111 -0.18170 0.68951
vn 0.64378 -0.15240 -0.74988
vn 0.00000 -0.97394 -0.22681
vn 0.05900 -0.98817 -0.14159
vn -0.22070 -0.95310 -0.20710
vn -0.44060 -0.89770 0.00000
vn 0.12230 -0.93711 -0.32690
vn 0.14550 -0.98757 -0.05950
vn -0.30462 -0.89146 -0.33542
vn -0.60331 -0.79751 0.00000
vn 0.00000 -0.88853 -0.45882
vn -0.44148 -0.77876 -0.44568
vn -0.78491 -0.61961 -0.00030
vn -0.58237 -0.58227 -0.56727
vn -0.90692 -0.42131 -0.00060
vn -0.66724 -0.32982 -0.66784
vn -0.97408 -0.22620 0.00070
vn -0.69659 -0.15700 -0.70009
vn -0.99312 -0.11710 -0.00010
vn 0.00000 -0.77749 -0.62889
vn 0.00000 -0.63248 -0.77458
vn -0.58237 -0.58227 -0.56727
vn 0.16730 -0.85402 -0.49261
vn 0.23880 -0.73139 -0.63879
vn 0.00000 -0.43562 -0.90013
vn -0.66724 -0.32982 -0.66784
vn 0.30900 -0.53680 -0.78509
vn 0.64170 -0.72800 -0.24130
vn 0.79604 -0.52503 -0.30111
vn 0.34930 -0.28940 -0.89120
vn 0.64170 -0.72800 -0.24130
vn 0.00000 -0.21901 -0.97572
vn 0.36211 -0.14090 -0.92142
vn -0.69659 -0.15700 -0.70009
vn 0.00000 -0.10570 -0.99440
vn 0.45941 -0.86961 -0.18090
vn 0.60331 -0.79751 0.00000
vn 0.78491 -0.61961 -0.00020
vn 0.44060 -0.89770 0.00000
vn 0.79604 -0.52503 -0.30111
vn 0.90692 -0.42131 -0.00050
vn 0.32991 -0.93672 -0.11710
vn 0.23740 -0.97141 0.00000
vn 0.00040 -1.00000 0.00000
vn 0.88973 -0.29341 -0.34971
vn 0.30900 -0.53680 -0.78509
vn 0.34930 -0.28940 -0.89120
vn 0.97413 -0.22601 0.00080
vn 0.91955 -0.14731 -0.36432
vn 0.99312 -0.11710 -0.00020
vn 0.34930 -0.28940 -0.89120
vn 0.36211 -0.14090 -0.92142
vn -0.02030 -0.99971 -0.01320
vn -0.14390 -0.98783 -0.05910
vn -0.23441 -0.97214 0.00000
vn -0.05850 -0.98821 -0.14150
vn -0.32851 -0.93713 -0.11780
vn -0.44112 -0.89745 0.00000
vn -0.12180 -0.93690 -0.32770
vn -0.46802 -0.86464 -0.18261
vn -0.61501 -0.78852 0.00000
vn -0.65048 -0.72068 -0.23979
vn -0.79109 -0.61170 0.00000
vn -0.79312 -0.53011 -0.29991
vn -0.90340 -0.42880 0.00000
vn -0.16990 -0.85248 -0.49439
vn -0.88718 -0.30149 -0.34929
vn -0.97104 -0.23891 0.00000
vn -0.34919 -0.28869 -0.89147
vn -0.30881 -0.53861 -0.78392
vn -0.91652 -0.15410 -0.36911
vn -0.99184 -0.12750 0.00000
vn 0.00000 -0.88853 -0.45882
vn 0.00000 -0.97394 -0.22681
vn 0.00000 -0.77749 -0.62889
vn 0.12180 -0.93690 -0.32770
vn -0.24260 -0.73100 -0.63780
vn -0.46802 -0.86464 -0.18261
vn -0.65048 -0.72068 -0.23979
vn 0.16990 -0.85270 -0.49400
vn 0.00000 -0.63248 -0.77458
vn 0.46760 -0.86490 -0.18250
vn 0.65057 -0.72047 -0.24019
vn 0.24311 -0.73082 -0.63781
vn 0.46760 -0.86490 -0.18250
vn 0.30871 -0.53852 -0.78403
vn 0.65057 -0.72047 -0.24019
vn 0.79320 -0.53000 -0.29990
vn 0.00000 -0.43562 -0.90013
vn -0.30881 -0.53861 -0.78392
vn -0.65048 -0.72068 -0.23979
vn -0.79312 -0.53011 -0.29991
vn -0.34919 -0.28869 -0.89147
vn 0.34909 -0.28879 -0.89148
vn 0.00000 -0.21640 -0.97630
vn -0.35999 -0.13810 -0.92268
vn -0.88718 -0.30149 -0.34929
vn -0.91652 -0.15410 -0.36911
vn 0.00000 -0.09970 -0.99502
vn 0.36000 -0.13800 -0.92269
vn 0.91649 -0.15410 -0.36919
vn 0.88719 -0.30160 -0.34920
vn -0.00080 -0.99999 -0.00410
vn 0.00000 -1.00000 0.00000
vn -0.05770 -0.98858 0.13920
vn 0.00000 -0.97516 0.22149
vn 0.05770 -0.98861 0.13900
vn 0.00000 -1.00000 0.00000
vn 0.00000 -0.99999 0.00420
vn 0.05860 -0.98823 -0.14130
vn 0.00000 -0.99999 -0.00420
vn 0.14350 -0.98792 0.05850
vn 0.00000 -1.00000 0.00000
vn 0.23441 -0.97214 0.00000
vn 0.32970 -0.93699 0.11550
vn 0.44181 -0.89711 -0.00080
vn 0.47469 -0.86088 0.18320
vn 0.61462 -0.78882 -0.00130
vn 0.64921 -0.71891 0.24840
vn 0.17511 -0.84854 0.49932
vn 0.24060 -0.71959 0.65139
vn 0.79096 -0.61187 -0.00050
vn 0.79269 -0.53410 0.29390
vn 0.90317 -0.42928 -0.00190
vn 0.30878 -0.55577 0.77186
vn 0.35190 -0.29300 0.88900
vn 0.88930 -0.30190 0.34350
vn 0.97077 -0.23999 -0.00150
vn 0.91583 -0.14900 0.37291
vn 0.99184 -0.12750 0.00000
vn 0.35190 -0.29300 0.88900
vn 0.35910 -0.12490 0.92490
vn 0.32851 -0.93713 -0.11780
vn 0.14410 -0.98780 -0.05910
vn 0.23441 -0.97214 0.00000
vn 0.44112 -0.89745 0.00000
vn 0.00000 -1.00000 0.00000
vn 0.61501 -0.78852 0.00000
vn 0.65057 -0.72047 -0.24019
vn 0.79109 -0.61170 0.00000
vn 0.79320 -0.53000 -0.29990
vn 0.90340 -0.42880 0.00000
vn 0.88719 -0.30160 -0.34920
vn 0.30871 -0.53852 -0.78403
vn 0.34909 -0.28879 -0.89148
vn 0.97104 -0.23891 0.00000
vn 0.91649 -0.15410 -0.36919
vn 0.99184 -0.12750 0.00000
vn 0.64327 -0.35018 0.68087
vn -0.01530 -0.24761 0.96874
vn 0.00000 -0.14819 0.98896
vn 0.70111 -0.18170 0.68951
vn -0.01300 -0.49251 0.87021
vn 0.54301 -0.65561 0.52471
vn -0.00350 -0.70430 0.70990
vn 0.39208 -0.83106 0.39448
vn 0.53439 -0.62929 -0.56429
vn 0.00000 -0.43562 -0.90013
vn 0.00000 -0.63248 -0.77458
vn 0.40209 -0.80627 -0.43388
vn 0.64512 -0.35781 -0.67512
vn -0.01620 -0.20819 -0.97795
vn 0.64378 -0.15240 -0.74988
vn 0.00000 -0.09970 -0.99502
vn 0.00000 0.00000 1.00000
vn 0.00000 0.00000 1.00000
vn 0.00000 0.00000 1.00000
vn 0.00000 0.00000 1.00000
vn 0.00000 0.00000 1.00000
vn 0.00000 0.00000 1.00000
vn 0.00000 0.00000 1.00000
vn 0.00000 0.00000 1.00000
vn 0.00000 0.00000 1.00000
vn 0.00000 0.00000 1.00000
vn 0.00000 0.00000 1.00000
vn 0.00000 0.00000 1.00000
vn 0.00000 0.00000 1.00000
vn 0.00000 0.00000 1.00000
vn 0.00000 0.00000 1.00000
vn 0.00000 0.00000 1.00000
vn 0.00000 0.00000 1.00000
vn 0.00000 0.00000 1.00000
vn 0.00000 0.00000 1.00000
vn 0.00000 0.00000 1.00000
vn 0.00000 0.00000 1.00000
vn 0.00000 0.00000 1.00000
vn 0.00000 0.00000 1.00000
vn 0.00000 0.00000 1.00000
vn 0.00000 0.00000 1.00000
vn 0.00000 0.00000 1.00000
vn 0.00000 0.00000 1.00000
vn 0.00000 0.00000 1.00000
vn 0.00000 0.00000 1.00000
vn 0.00000 0.00000 1.00000
vn 0.00000 0.00000 1.00000
vn 0.00000 0.00000 1.00000
vn 0.00000 0.00000 1.00000
vn 0.00000 0.00000 1.00000
vn 0.00000 0.00000 1.00000
vn 0.00000 0.00000 1.00000
vn 0.00000 0.00000 1.00000
vn 0.00000 0.00000 1.00000
vn 0.00000 0.00000 1.00000
vn 0.00000 0.00000 1.00000
vn 0.00000 0.00000 1.00000
vn 0.00000 0.00000 1.00000
vn 0.00000 0.00000 1.00000
vn 0.00000 0.00000 1.00000
vn 0.00000 0.00000 1.00000
vn 0.00000 0.00000 1.00000
vn 0.00000 0.00000 1.00000
vn 0.00000 0.00000 1.00000
vn 0.00000 0.00000 1.00000
vn 0.00000 0.00000 1.00000
vn 0.00000 0.00000 1.00000
vn 0.00000 0.00000 1.00000
vn 0.00000 0.00000 1.00000
vn 0.00000 0.00000 1.00000
vn 0.00000 0.00000 1.00000
vn 0.00000 0.00000 1.00000
vn 0.00000 0.00000 1.00000
vn 0.00000 0.00000 1.00000
vn 0.00000 0.00000 1.00000
vn 0.00000 0.00000 1.00000
vn 0.00000 0.00000 1.00000
vn 0.00000 0.00000 1.00000
vn 0.00000 0.00000 1.00000
vn 0.00000 0.00000 1.00000
vn 0.00000 0.00000 1.00000
vn 0.00000 0.00000 1.00000
vn 0.00000 0.00000 1.00000
vn 0.00000 0.00000 1.00000
vn 0.00000 0.00000 1.00000
vn 0.00000 0.00000 1.00000
vn 0.00000 0.00000 1.00000
vn 0.00000 0.00000 1.00000
vn 0.00000 0.00000 1.00000
vn 0.00000 0.00000 1.00000
vn 0.00000 0.00000 1.00000
vn 0.00000 0.00000 1.00000
vn 0.00000 0.00000 1.00000
vn 0.00000 0.00000 1.00000
vn 0.00000 0.00000 1.00000
vn 0.00000 0.00000 1.00000
vn 0.00000 0.00000 1.00000
vn 0.00000 0.00000 1.00000
vn 0.00000 0.00000 1.00000
vn 0.00000 0.00000 1.00000
vn 0.00000 0.00000 1.00000
vn 0.00000 0.00000 1.00000
vn 1.00000 0.00000 0.00000
vn 1.00000 0.00000 0.00000
vn 1.00000 0.00000 0.00000
vn 1.00000 0.00000 0.00000
vn 1.00000 0.00000 0.00000
vn 1.00000 0.00000 0.00000
vn 1.00000 0.00000 0.00000
vn 1.00000 0.00000 0.00000
vn 1.00000 0.00000 0.00000
vn 1.00000 0.00000 0.00000
vn 1.00000 0.00000 0.00000
vn 1.00000 0.00000 0.00000
vn 1.00000 0.00000 0.00000
vn 1.00000 0.00000 0.00000
vn 1.00000 0.00000 0.00000
vn 1.00000 0.00000 0.00000
vn 1.00000 0.00000 0.00000
vn 1.00000 0.00000 0.00000
vn 1.00000 0.00000 0.00000
vn 1.00000 0.00000 0.00000
vn 0.00000 0.00000 -1.00000
vn 0.00000 0.00000 -1.00000
vn 0.00000 0.00000 -1.00000
vn 0.00000 0.00000 -1.00000
vn 0.00000 0.00000 -1.00000
vn 0.00000 0.00000 -1.00000
vn 0.00000 0.00000 -1.00000
vn 0.00000 0.00000 -1.00000
vn 0.00000 0.00000 -1.00000
vn 0.00000 0.00000 -1.00000
vn 0.00000 0.00000 -1.00000
vn 0.00000 0.00000 -1.00000
vn 0.00000 0.00000 -1.00000
vn 0.00000 0.00000 -1.00000
vn 0.00000 0.00000 -1.00000
vn 0.00000 0.00000 -1.00000
vn 0.00000 0.00000 -1.00000
vn 0.00000 0.00000 -1.00000
vn 0.00000 0.00000 -1.00000
vn 0.00000 0.00000 -1.00000
vn 0.00000 0.00000 -1.00000
vn 0.00000 0.00000 -1.00000
vn 0.00000 0.00000 -1.00000
vn 0.00000 0.00000 -1.00000
vn 0.00000 0.00000 -1.00000
vn 0.00000 0.00000 -1.00000
vn 0.00000 0.00000 -1.00000
vn 0.00000 0.00000 -1.00000
vn 0.00000 0.00000 -1.00000
vn 0.00000 0.00000 -1.00000
vn 0.00000 0.00000 -1.00000
vn 0.00000 0.00000 -1.00000
vn 0.00000 0.00000 -1.00000
vn 0.00000 0.00000 -1.00000
vn 0.00000 0.00000 -1.00000
vn 0.00000 0.00000 -1.00000
vn 0.00000 0.00000 -1.00000
vn 0.00000 0.00000 -1.00000
vn 0.00000 0.00000 -1.00000
vn 0.00000 0.00000 -1.00000
vn 0.00000 0.00000 -1.00000
vn 0.00000 0.00000 -1.00000
vn 0.00000 0.00000 -1.00000
vn 0.00000 0.00000 -1.00000
vn 0.00000 0.00000 -1.00000
vn 0.00000 0.00000 -1.00000
vn 0.00000 0.00000 -1.00000
vn 0.00000 0.00000 -1.00000
vn 0.00000 0.00000 -1.00000
vn 0.00000 0.00000 -1.00000
vn 0.00000 0.00000 -1.00000
vn 0.00000 0.00000 -1.00000
vn 0.00000 0.00000 -1.00000
vn 0.00000 0.00000 -1.00000
vn 0.00000 0.00000 -1.00000
vn 0.00000 0.00000 -1.00000
vn 0.00000 0.00000 -1.00000
vn 0.00000 0.00000 -1.00000
vn 0.00000 0.00000 -1.00000
vn 0.00000 0.00000 -1.00000
vn 0.00000 0.00000 -1.00000
vn 0.00000 0.00000 -1.00000
vn 0.00000 0.00000 -1.00000
vn 0.00000 0.00000 -1.00000
vn 0.00000 0.00000 -1.00000
vn 0.00000 0.00000 -1.00000
vn 0.00000 0.00000 -1.00000
vn 0.00000 0.00000 -1.00000
vn 0.00000 0.00000 -1.00000
vn 0.00000 0.00000 -1.00000
vn 0.00000 0.00000 -1.00000
vn 0.00000 0.00000 -1.00000
vn 0.00000 0.00000 -1.00000
vn 0.00000 0.00000 -1.00000
vn 0.00000 0.00000 -1.00000
vn 0.00000 0.00000 -1.00000
vn 0.00000 0.00000 -1.00000
vn 0.00000 0.00000 -1.00000
vn 0.00000 0.00000 -1.00000
vn 0.00000 0.00000 -1.00000
vn 0.00000 0.00000 -1.00000
vn 0.00000 0.00000 -1.00000
vn 0.00000 0.00000 -1.00000
vn 0.00000 0.00000 -1.00000
vn 0.00000 0.00000 -1.00000
vn 0.00000 0.00000 -1.00000
vn -1.00000 0.00000 0.00000
vn -1.00000 0.00000 0.00000
vn -1.00000 0.00000 0.00000
vn -1.00000 0.00000 0.00000
vn -1.00000 0.00000 0.00000
vn -1.00000 0.00000 0.00000
vn -1.00000 0.00000 0.00000
vn -1.00000 0.00000 0.00000
vn -1.00000 0.00000 0.00000
vn -1.00000 0.00000 0.00000
vn -1.00000 0.00000 0.00000
vn -1.00000 0.00000 0.00000
vn -1.00000 0.00000 0.00000
vn -1.00000 0.00000 0.00000
vn -1.00000 0.00000 0.00000
vn -1.00000 0.00000 0.00000
vn -1.00000 0.00000 0.00000
vn -1.00000 0.00000 0.00000
vn -1.00000 0.00000 0.00000
vn -1.00000 0.00000 0.00000
vn 0.49997 -0.86604 0.00000
vn 0.00000 -1.00000 0.00000
vn 0.00000 -1.00000 0.00000
vn 0.49997 -0.86604 0.00000
vn -0.50001 -0.86602 0.00000
vn 0.86602 -0.50001 0.00000
vn -0.49997 -0.86604 0.00000
vn 0.86602 -0.50001 0.00000
vn -0.86602 -0.50001 0.00000
vn 1.00000 0.00000 0.00000
vn -0.86602 -0.50001 0.00000
vn 1.00000 0.00000 0.00000
vn 0.96593 0.25881 0.00000
vn 0.96593 0.25881 0.00000
vn -1.00000 0.00000 0.00000
vn -1.00000 0.00000 0.00000
vn -0.96593 0.25881 0.00000
vn -0.96593 0.25881 0.00000
vn 0.86602 -0.50001 0.00000
vn 0.50001 -0.86602 0.00000
vn 0.50001 -0.86602 0.00000
vn 0.86602 -0.50001 0.00000
vn 0.00000 -1.00000 0.00000
vn 1.00000 0.00000 0.00000
vn 0.00000 -1.00000 0.00000
vn -0.25881 -0.96593 0.00000
vn -0.25881 -0.96593 0.00000
vn 1.00000 0.00000 0.00000
vn 0.86602 0.50001 0.00000
vn 0.86602 0.50001 0.00000
vn 0.50001 0.86602 0.00000
vn 0.50001 0.86602 0.00000
vn 0.00000 1.00000 0.00000
vn 0.00000 1.00000 0.00000
vn -0.25881 0.96593 0.00000
vn -0.25881 0.96593 0.00000
vn -0.86602 -0.50001 0.00000
vn -1.00000 0.00000 0.00000
vn -1.00000 0.00000 0.00000
vn -0.86602 -0.50001 0.00000
vn -0.86602 0.50001 0.00000
vn -0.50001 -0.86602 0.00000
vn -0.86602 0.50001 0.00000
vn -0.50001 -0.86602 0.00000
vn -0.50001 0.86602 0.00000
vn 0.00000 -1.00000 0.00000
vn -0.50001 0.86602 0.00000
vn 0.00000 -1.00000 0.00000
vn 0.25881 -0.96593 0.00000
vn 0.25881 -0.96593 0.00000
vn 0.00000 1.00000 0.00000
vn 0.00000 1.00000 0.00000
vn 0.25881 0.96593 0.00000
vn 0.25881 0.96593 0.00000
vn 0.00000 1.00000 0.00000
vn 0.50001 0.86602 0.00000
vn 0.50001 0.86602 0.00000
vn 0.00000 1.00000 0.00000
vn 0.86602 0.50001 0.00000
vn -0.50001 0.86602 0.00000
vn 0.86602 0.50001 0.00000
vn 1.00000 0.00000 0.00000
vn 1.00000 0.00000 0.00000
vn -0.50001 0.86602 0.00000
vn -0.86602 0.50001 0.00000
vn -0.86602 0.50001 0.00000
vn -1.00000 0.00000 0.00000
vn -1.00000 0.00000 0.00000
vn -0.96593 -0.25881 0.00000
vn -0.96593 -0.25881 0.00000
vn 1.00000 0.00000 0.00000
vn 0.96593 -0.25881 0.00000
vn 0.96593 -0.25881 0.00000
vn 1.00000 0.00000 0.00000
vn 0.00000 0.00000 1.00000
vn 0.00000 0.00000 1.00000
vn 0.00000 0.00000 1.00000
vn 0.00000 0.00000 1.00000
vn 0.00000 0.00000 1.00000
vn 0.00000 0.00000 1.00000
vn 0.00000 0.00000 1.00000
vn 0.00000 0.00000 1.00000
vn 0.00000 0.00000 1.00000
vn 0.00000 0.00000 1.00000
vn 0.00000 0.00000 1.00000
vn 0.00000 0.00000 1.00000
vn 0.00000 0.00000 1.00000
vn 0.00000 0.00000 1.00000
vn 0.00000 0.00000 1.00000
vn 0.00000 0.00000 1.00000
vn 0.00000 0.00000 1.00000
vn 0.00000 0.00000 1.00000
vn 0.00000 0.00000 1.00000
vn 0.00000 0.00000 1.00000
vn 0.00000 0.00000 1.00000
vn 0.00000 0.00000 1.00000
vn 0.00000 0.00000 1.00000
vn 0.00000 0.00000 1.00000
vn 0.00000 0.00000 1.00000
vn 0.00000 0.00000 1.00000
vn 0.00000 0.00000 1.00000
vn 0.00000 0.00000 1.00000
vn 0.00000 0.00000 1.00000
vn 0.00000 0.00000 1.00000
vn 0.00000 0.00000 1.00000
vn 0.00000 0.00000 1.00000
vn 0.00000 0.00000 1.00000
vn 0.00000 0.00000 1.00000
vn 0.00000 0.00000 1.00000
vn 0.00000 0.00000 1.00000
vn 0.00000 0.00000 1.00000
vn 0.00000 0.00000 1.00000
vn 0.00000 0.00000 1.00000
vn 0.00000 0.00000 1.00000
vn 0.00000 0.00000 1.00000
vn 0.00000 0.00000 1.00000
vn 0.00000 0.00000 1.00000
vn 0.00000 0.00000 1.00000
vn 0.00000 0.00000 1.00000
vn 0.00000 0.00000 1.00000
vn 0.00000 0.00000 1.00000
vn 0.00000 0.00000 1.00000
vn 0.49997 -0.86604 0.00000
vn 0.00000 -1.00000 0.00000
vn 0.00000 -1.00000 0.00000
vn 0.49997 -0.86604 0.00000
vn -0.50001 -0.86602 0.00000
vn 0.86602 -0.50001 0.00000
vn -0.50001 -0.86602 0.00000
vn 0.86602 -0.50001 0.00000
vn -0.86602 -0.50001 0.00000
vn 1.00000 0.00000 0.00000
vn -0.86602 -0.50001 0.00000
vn 1.00000 0.00000 0.00000
vn 0.96593 0.25881 0.00000
vn 0.96593 0.25881 0.00000
vn -1.00000 0.00000 0.00000
vn -1.00000 0.00000 0.00000
vn -0.96593 0.25881 0.00000
vn -0.96593 0.25881 0.00000
vn 0.86602 -0.50001 0.00000
vn 0.50001 -0.86602 0.00000
vn 0.50001 -0.86602 0.00000
vn 0.86602 -0.50001 0.00000
vn 0.00000 -1.00000 0.00000
vn 1.00000 0.00000 0.00000
vn 0.00000 -1.00000 0.00000
vn -0.25881 -0.96593 0.00000
vn -0.25881 -0.96593 0.00000
vn 1.00000 0.00000 0.00000
vn 0.86602 0.50001 0.00000
vn 0.86602 0.50001 0.00000
vn 0.50001 0.86602 0.00000
vn 0.50001 0.86602 0.00000
vn 0.00000 1.00000 0.00000
vn 0.00000 1.00000 0.00000
vn -0.25881 0.96593 0.00000
vn -0.25881 0.96593 0.00000
vn -0.86602 -0.50001 0.00000
vn -1.00000 0.00000 0.00000
vn -1.00000 0.00000 0.00000
vn -0.86602 -0.50001 0.00000
vn -0.86602 0.50001 0.00000
vn -0.50001 -0.86602 0.00000
vn -0.86602 0.50001 0.00000
vn -0.50001 -0.86602 0.00000
vn -0.50001 0.86602 0.00000
vn 0.00000 -1.00000 0.00000
vn -0.50001 0.86602 0.00000
vn 0.00000 -1.00000 0.00000
vn 0.25881 -0.96593 0.00000
vn 0.25881 -0.96593 0.00000
vn 0.00000 1.00000 0.00000
vn 0.00000 1.00000 0.00000
vn 0.25881 0.96593 0.00000
vn 0.25881 0.96593 0.00000
vn 0.00000 1.00000 0.00000
vn 0.50001 0.86602 0.00000
vn 0.50001 0.86602 0.00000
vn 0.00000 1.00000 0.00000
vn 0.86602 0.50001 0.00000
vn -0.50001 0.86602 0.00000
vn 0.86602 0.50001 0.00000
vn 1.00000 0.00000 0.00000
vn 1.00000 0.00000 0.00000
vn -0.50001 0.86602 0.00000
vn -0.86602 0.50001 0.00000
vn -0.86602 0.50001 0.00000
vn -1.00000 0.00000 0.00000
vn -1.00000 0.00000 0.00000
vn -0.96593 -0.25881 0.00000
vn -0.96593 -0.25881 0.00000
vn 1.00000 0.00000 0.00000
vn 0.96593 -0.25881 0.00000
vn 0.96593 -0.25881 0.00000
vn 1.00000 0.00000 0.00000
vn 0.00000 0.00000 1.00000
vn 0.00000 0.00000 1.00000
vn 0.00000 0.00000 1.00000
vn 0.00000 0.00000 1.00000
vn 0.00000 0.00000 1.00000
vn 0.00000 0.00000 1.00000
vn 0.00000 0.00000 1.00000
vn 0.00000 0.00000 1.00000
vn 0.00000 0.00000 1.00000
vn 0.00000 0.00000 1.00000
vn 0.00000 0.00000 1.00000
vn 0.00000 0.00000 1.00000
vn 0.00000 0.00000 1.00000
vn 0.00000 0.00000 1.00000
vn 0.00000 0.00000 1.00000
vn 0.00000 0.00000 1.00000
vn 0.00000 0.00000 1.00000
vn 0.00000 0.00000 1.00000
vn 0.00000 0.00000 1.00000
vn 0.00000 0.00000 1.00000
vn 0.00000 0.00000 1.00000
vn 0.00000 0.00000 1.00000
vn 0.00000 0.00000 1.00000
vn 0.00000 0.00000 1.00000
vn 0.00000 0.00000 1.00000
vn 0.00000 0.00000 1.00000
vn 0.00000 0.00000 1.00000
vn 0.00000 0.00000 1.00000
vn 0.00000 0.00000 1.00000
vn 0.00000 0.00000 1.00000
vn 0.00000 0.00000 1.00000
vn 0.00000 0.00000 1.00000
vn 0.00000 0.00000 1.00000
vn 0.00000 0.00000 1.00000
vn 0.00000 0.00000 1.00000
vn 0.00000 0.00000 1.00000
vn 0.00000 0.00000 1.00000
vn 0.00000 0.00000 1.00000
vn 0.00000 0.00000 1.00000
vn 0.00000 0.00000 1.00000
vn 0.00000 0.00000 1.00000
vn 0.00000 0.00000 1.00000
vn 0.00000 0.00000 1.00000
vn 0.00000 0.00000 1.00000
vn 0.00000 0.00000 1.00000
vn 0.00000 0.00000 1.00000
vn 0.00000 0.00000 1.00000
vn 0.00000 0.00000 1.00000
vn 0.49997 -0.86604 0.00000
vn 0.00000 -1.00000 0.00000
vn 0.00000 -1.00000 0.00000
vn 0.49997 -0.86604 0.00000
vn -0.50001 -0.86602 0.00000
vn 0.86602 -0.50001 0.00000
vn -0.49997 -0.86604 0.00000
vn 0.86602 -0.50001 0.00000
vn -0.86602 -0.50001 0.00000
vn 1.00000 0.00000 0.00000
vn -0.86602 -0.50001 0.00000
vn 1.00000 0.00000 0.00000
vn 0.96593 0.25881 0.00000
vn 0.96593 0.25881 0.00000
vn -1.00000 0.00000 0.00000
vn -1.00000 0.00000 0.00000
vn -0.96593 0.25881 0.00000
vn -0.96593 0.25881 0.00000
vn 0.86602 -0.50001 0.00000
vn 0.50001 -0.86602 0.00000
vn 0.50001 -0.86602 0.00000
vn 0.86602 -0.50001 0.00000
vn 0.00000 -1.00000 0.00000
vn 1.00000 0.00000 0.00000
vn 0.00000 -1.00000 0.00000
vn -0.25881 -0.96593 0.00000
vn -0.25881 -0.96593 0.00000
vn 1.00000 0.00000 0.00000
vn 0.86602 0.50001 0.00000
vn 0.86602 0.50001 0.00000
vn 0.50001 0.86602 0.00000
vn 0.50001 0.86602 0.00000
vn 0.00000 1.00000 0.00000
vn 0.00000 1.00000 0.00000
vn -0.25881 0.96593 0.00000
vn -0.25881 0.96593 0.00000
vn -0.86602 -0.50001 0.00000
vn -1.00000 0.00000 0.00000
vn -1.00000 0.00000 0.00000
vn -0.86602 -0.50001 0.00000
vn -0.86602 0.50001 0.00000
vn -0.50001 -0.86602 0.00000
vn -0.86602 0.50001 0.00000
vn -0.50001 -0.86602 0.00000
vn -0.50001 0.86602 0.00000
vn 0.00000 -1.00000 0.00000
vn -0.50001 0.86602 0.00000
vn 0.00000 -1.00000 0.00000
vn 0.25881 -0.96593 0.00000
vn 0.25881 -0.96593 0.00000
vn 0.00000 1.00000 0.00000
vn 0.00000 1.00000 0.00000
vn 0.25881 0.96593 0.00000
vn 0.25881 0.96593 0.00000
vn 0.00000 1.00000 0.00000
vn 0.50001 0.86602 0.00000
vn 0.50001 0.86602 0.00000
vn 0.00000 1.00000 0.00000
vn 0.86602 0.50001 0.00000
vn -0.50001 0.86602 0.00000
vn 0.86602 0.50001 0.00000
vn 1.00000 0.00000 0.00000
vn 1.00000 0.00000 0.00000
vn -0.50001 0.86602 0.00000
vn -0.86602 0.50001 0.00000
vn -0.86602 0.50001 0.00000
vn -1.00000 0.00000 0.00000
vn -1.00000 0.00000 0.00000
vn -0.96593 -0.25881 0.00000
vn -0.96593 -0.25881 0.00000
vn 1.00000 0.00000 0.00000
vn 0.96593 -0.25881 0.00000
vn 0.96593 -0.25881 0.00000
vn 1.00000 0.00000 0.00000
vn 0.00000 0.00000 1.00000
vn 0.00000 0.00000 1.00000
vn 0.00000 0.00000 1.00000
vn 0.00000 0.00000 1.00000
vn 0.00000 0.00000 1.00000
vn 0.00000 0.00000 1.00000
vn 0.00000 0.00000 1.00000
vn 0.00000 0.00000 1.00000
vn 0.00000 0.00000 1.00000
vn 0.00000 0.00000 1.00000
vn 0.00000 0.00000 1.00000
vn 0.00000 0.00000 1.00000
vn 0.00000 0.00000 1.00000
vn 0.00000 0.00000 1.00000
vn 0.00000 0.00000 1.00000
vn 0.00000 0.00000 1.00000
vn 0.00000 0.00000 1.00000
vn 0.00000 0.00000 1.00000
vn 0.00000 0.00000 1.00000
vn 0.00000 0.00000 1.00000
vn 0.00000 0.00000 1.00000
vn 0.00000 0.00000 1.00000
vn 0.00000 0.00000 1.00000
vn 0.00000 0.00000 1.00000
vn 0.00000 0.00000 1.00000
vn 0.00000 0.00000 1.00000
vn 0.00000 0.00000 1.00000
vn 0.00000 0.00000 1.00000
vn 0.00000 0.00000 1.00000
vn 0.00000 0.00000 1.00000
vn 0.00000 0.00000 1.00000
vn 0.00000 0.00000 1.00000
vn 0.00000 0.00000 1.00000
vn 0.00000 0.00000 1.00000
vn 0.00000 0.00000 1.00000
vn 0.00000 0.00000 1.00000
vn 0.00000 0.00000 1.00000
vn 0.00000 0.00000 1.00000
vn 0.00000 0.00000 1.00000
vn 0.00000 0.00000 1.00000
vn 0.00000 0.00000 1.00000
vn 0.00000 0.00000 1.00000
vn 0.00000 0.00000 1.00000
vn 0.00000 0.00000 1.00000
vn 0.00000 0.00000 1.00000
vn 0.00000 0.00000 1.00000
vn 0.00000 0.00000 1.00000
vn 0.00000 0.00000 1.00000
vn 0.50001 -0.86602 0.00000
vn 0.00000 -1.00000 0.00000
vn 0.00000 -1.00000 0.00000
vn 0.50001 -0.86602 0.00000
vn -0.50001 -0.86602 0.00000
vn 0.86602 -0.50001 0.00000
vn -0.50001 -0.86602 0.00000
vn 0.86602 -0.50001 0.00000
vn -0.86602 -0.50001 0.00000
vn 1.00000 0.00000 0.00000
vn -0.86602 -0.50001 0.00000
vn 1.00000 0.00000 0.00000
vn 0.96593 0.25881 0.00000
vn 0.96593 0.25881 0.00000
vn -1.00000 0.00000 0.00000
vn -1.00000 0.00000 0.00000
vn -0.96593 0.25881 0.00000
vn -0.96593 0.25881 0.00000
vn 0.86602 -0.50001 0.00000
vn 0.50001 -0.86602 0.00000
vn 0.50001 -0.86602 0.00000
vn 0.86602 -0.50001 0.00000
vn 0.00000 -1.00000 0.00000
vn 1.00000 0.00000 0.00000
vn 0.00000 -1.00000 0.00000
vn -0.25881 -0.96593 0.00000
vn -0.25881 -0.96593 0.00000
vn 1.00000 0.00000 0.00000
vn 0.86602 0.50001 0.00000
vn 0.86602 0.50001 0.00000
vn 0.50001 0.86602 0.00000
vn 0.50001 0.86602 0.00000
vn 0.00000 1.00000 0.00000
vn 0.00000 1.00000 0.00000
vn -0.25881 0.96593 0.00000
vn -0.25881 0.96593 0.00000
vn -0.86602 -0.50001 0.00000
vn -1.00000 0.00000 0.00000
vn -1.00000 0.00000 0.00000
vn -0.86602 -0.50001 0.00000
vn -0.86602 0.50001 0.00000
vn -0.50001 -0.86602 0.00000
vn -0.86602 0.50001 0.00000
vn -0.50001 -0.86602 0.00000
vn -0.50001 0.86602 0.00000
vn 0.00000 -1.00000 0.00000
vn -0.50001 0.86602 0.00000
vn 0.00000 -1.00000 0.00000
vn 0.25881 -0.96593 0.00000
vn 0.25881 -0.96593 0.00000
vn 0.00000 1.00000 0.00000
vn 0.00000 1.00000 0.00000
vn 0.25881 0.96593 0.00000
vn 0.25881 0.96593 0.00000
vn 0.00000 1.00000 0.00000
vn 0.50001 0.86602 0.00000
vn 0.50001 0.86602 0.00000
vn 0.00000 1.00000 0.00000
vn 0.86602 0.50001 0.00000
vn -0.50001 0.86602 0.00000
vn 0.86602 0.50001 0.00000
vn 1.00000 0.00000 0.00000
vn 1.00000 0.00000 0.00000
vn -0.50001 0.86602 0.00000
vn -0.86602 0.50001 0.00000
vn -0.86602 0.50001 0.00000
vn -1.00000 0.00000 0.00000
vn -1.00000 0.00000 0.00000
vn -0.96593 -0.25881 0.00000
vn -0.96593 -0.25881 0.00000
vn 1.00000 0.00000 0.00000
vn 0.96593 -0.25881 0.00000
vn 0.96593 -0.25881 0.00000
vn 1.00000 0.00000 0.00000
vn 0.00000 0.00000 1.00000
vn 0.00000 0.00000 1.00000
vn 0.00000 0.00000 1.00000
vn 0.00000 0.00000 1.00000
vn 0.00000 0.00000 1.00000
vn 0.00000 0.00000 1.00000
vn 0.00000 0.00000 1.00000
vn 0.00000 0.00000 1.00000
vn 0.00000 0.00000 1.00000
vn 0.00000 0.00000 1.00000
vn 0.00000 0.00000 1.00000
vn 0.00000 0.00000 1.00000
vn 0.00000 0.00000 1.00000
vn 0.00000 0.00000 1.00000
vn 0.00000 0.00000 1.00000
vn 0.00000 0.00000 1.00000
vn 0.00000 0.00000 1.00000
vn 0.00000 0.00000 1.00000
vn 0.00000 0.00000 1.00000
vn 0.00000 0.00000 1.00000
vn 0.00000 0.00000 1.00000
vn 0.00000 0.00000 1.00000
vn 0.00000 0.00000 1.00000
vn 0.00000 0.00000 1.00000
vn 0.00000 0.00000 1.00000
vn 0.00000 0.00000 1.00000
vn 0.00000 0.00000 1.00000
vn 0.00000 0.00000 1.00000
vn 0.00000 0.00000 1.00000
vn 0.00000 0.00000 1.00000
vn 0.00000 0.00000 1.00000
vn 0.00000 0.00000 1.00000
vn 0.00000 0.00000 1.00000
vn 0.00000 0.00000 1.00000
vn 0.00000 0.00000 1.00000
vn 0.00000 0.00000 1.00000
vn 0.00000 0.00000 1.00000
vn 0.00000 0.00000 1.00000
vn 0.00000 0.00000 1.00000
vn 0.00000 0.00000 1.00000
vn 0.00000 0.00000 1.00000
vn 0.00000 0.00000 1.00000
vn 0.00000 0.00000 1.00000
vn 0.00000 0.00000 1.00000
vn 0.00000 0.00000 1.00000
vn 0.00000 0.00000 1.00000
vn 0.00000 0.00000 1.00000
vn 0.00000 0.00000 1.00000
vn 0.00000 -1.00000 0.00000
vn 0.00000 -1.00000 0.00000
vn 0.00000 -0.86602 0.50001
vn 0.00000 -0.86602 -0.50001
vn 0.00000 -0.86602 0.50001
vn 0.00000 -0.86604 -0.49997
vn 0.00000 -0.50001 0.86602
vn 0.00000 -0.50001 -0.86602
vn 0.00000 -0.50001 0.86602
vn 0.00000 -0.50001 -0.86602
vn 0.00000 0.00000 1.00000
vn 0.00000 0.00000 -1.00000
vn 0.00000 0.00000 1.00000
vn 0.00000 0.00000 -1.00000
vn 0.00000 0.25881 0.96593
vn 0.00000 0.25881 0.96593
vn 0.00000 0.25881 -0.96593
vn 0.00000 0.25881 -0.96593
vn 0.00000 -0.86602 0.50001
vn 0.00000 -0.86602 0.50001
vn 0.00000 -0.50001 0.86602
vn 0.00000 -1.00000 0.00000
vn 0.00000 -0.50001 0.86602
vn 0.00000 -1.00000 0.00000
vn 0.00000 -0.96593 -0.25881
vn 0.00000 -0.96593 -0.25881
vn 0.00000 0.00000 1.00000
vn 0.00000 0.00000 1.00000
vn 0.00000 0.50001 0.86602
vn 0.00000 0.50001 0.86602
vn 0.00000 0.86602 0.50001
vn 0.00000 0.86602 0.50001
vn 0.00000 1.00000 0.00000
vn 0.00000 1.00000 0.00000
vn 0.00000 0.96593 -0.25881
vn 0.00000 0.96593 -0.25881
vn 0.00000 0.00000 -1.00000
vn 0.00000 0.00000 -1.00000
vn 0.00000 -0.50001 -0.86602
vn 0.00000 0.50001 -0.86602
vn 0.00000 -0.50001 -0.86602
vn 0.00000 0.50001 -0.86602
vn 0.00000 -0.86602 -0.50001
vn 0.00000 0.86602 -0.50001
vn 0.00000 -0.86602 -0.50001
vn 0.00000 0.86602 -0.50001
vn 0.00000 -1.00000 0.00000
vn 0.00000 1.00000 0.00000
vn 0.00000 -1.00000 0.00000
vn 0.00000 1.00000 0.00000
vn 0.00000 -0.96593 0.25881
vn 0.00000 -0.96593 0.25881
vn 0.00000 0.96593 0.25881
vn 0.00000 0.96593 0.25881
vn 0.00000 0.86602 0.50001
vn 0.00000 0.86602 0.50001
vn 0.00000 1.00000 0.00000
vn 0.00000 0.50001 0.86602
vn 0.00000 1.00000 0.00000
vn 0.00000 0.50001 0.86602
vn 0.00000 0.00000 1.00000
vn 0.00000 0.00000 1.00000
vn 0.00000 0.86602 -0.50001
vn 0.00000 0.86602 -0.50001
vn 0.00000 0.50001 -0.86602
vn 0.00000 0.50001 -0.86602
vn 0.00000 0.00000 -1.00000
vn 0.00000 0.00000 -1.00000
vn 0.00000 -0.25881 -0.96593
vn 0.00000 -0.25881 -0.96593
vn 0.00000 -0.25881 0.96593
vn 0.00000 -0.25881 0.96593
vn 0.00000 0.00000 1.00000
vn 0.00000 0.00000 1.00000
vn 1.00000 0.00000 0.00000
vn 1.00000 0.00000 0.00000
vn 1.00000 0.00000 0.00000
vn 1.00000 0.00000 0.00000
vn 1.00000 0.00000 0.00000
vn 1.00000 0.00000 0.00000
vn 1.00000 0.00000 0.00000
vn 1.00000 0.00000 0.00000
vn 1.00000 0.00000 0.00000
vn 1.00000 0.00000 0.00000
vn 1.00000 0.00000 0.00000
vn 1.00000 0.00000 0.00000
vn 1.00000 0.00000 0.00000
vn 1.00000 0.00000 0.00000
vn 1.00000 0.00000 0.00000
vn 1.00000 0.00000 0.00000
vn 1.00000 0.00000 0.00000
vn 1.00000 0.00000 0.00000
vn 1.00000 0.00000 0.00000
vn 1.00000 0.00000 0.00000
vn 1.00000 0.00000 0.00000
vn 1.00000 0.00000 0.00000
vn 1.00000 0.00000 0.00000
vn 1.00000 0.00000 0.00000
vn 1.00000 0.00000 0.00000
vn 1.00000 0.00000 0.00000
vn 1.00000 0.00000 0.00000
vn 1.00000 0.00000 0.00000
vn 1.00000 0.00000 0.00000
vn 1.00000 0.00000 0.00000
vn 1.00000 0.00000 0.00000
vn 1.00000 0.00000 0.00000
vn 1.00000 0.00000 0.00000
vn 1.00000 0.00000 0.00000
vn 1.00000 0.00000 0.00000
vn 1.00000 0.00000 0.00000
vn 1.00000 0.00000 0.00000
vn 1.00000 0.00000 0.00000
vn 1.00000 0.00000 0.00000
vn 1.00000 0.00000 0.00000
vn 1.00000 0.00000 0.00000
vn 1.00000 0.00000 0.00000
vn 1.00000 0.00000 0.00000
vn 1.00000 0.00000 0.00000
vn 1.00000 0.00000 0.00000
vn 1.00000 0.00000 0.00000
vn 1.00000 0.00000 0.00000
vn 1.00000 0.00000 0.00000
vn 0.00000 -1.00000 0.00000
vn 0.00000 -1.00000 0.00000
vn 0.49997 -0.86604 0.00000
vn -0.50001 -0.86602 0.00000
vn 0.49997 -0.86604 0.00000
vn -0.49997 -0.86604 0.00000
vn 0.86602 -0.50001 0.00000
vn -0.86602 -0.50001 0.00000
vn 0.86602 -0.50001 0.00000
vn -0.86602 -0.50001 0.00000
vn 1.00000 0.00000 0.00000
vn -1.00000 0.00000 0.00000
vn 1.00000 0.00000 0.00000
vn -1.00000 0.00000 0.00000
vn 0.96593 0.25881 0.00000
vn 0.96593 0.25881 0.00000
vn -0.96593 0.25881 0.00000
vn -0.96593 0.25881 0.00000
vn 0.50001 -0.86602 0.00000
vn 0.50001 -0.86602 0.00000
vn 0.86602 -0.50001 0.00000
vn 0.00000 -1.00000 0.00000
vn 0.86602 -0.50001 0.00000
vn 0.00000 -1.00000 0.00000
vn -0.25881 -0.96593 0.00000
vn -0.25881 -0.96593 0.00000
vn 1.00000 0.00000 0.00000
vn 1.00000 0.00000 0.00000
vn 0.86602 0.50001 0.00000
vn 0.86602 0.50001 0.00000
vn 0.50001 0.86602 0.00000
vn 0.50001 0.86602 0.00000
vn 0.00000 1.00000 0.00000
vn 0.00000 1.00000 0.00000
vn -0.25881 0.96593 0.00000
vn -0.25881 0.96593 0.00000
vn -1.00000 0.00000 0.00000
vn -1.00000 0.00000 0.00000
vn -0.86602 -0.50001 0.00000
vn -0.86602 0.50001 0.00000
vn -0.86602 -0.50001 0.00000
vn -0.86602 0.50001 0.00000
vn -0.50001 -0.86602 0.00000
vn -0.50001 0.86602 0.00000
vn -0.50001 -0.86602 0.00000
vn -0.50001 0.86602 0.00000
vn 0.00000 -1.00000 0.00000
vn 0.00000 1.00000 0.00000
vn 0.00000 -1.00000 0.00000
vn 0.00000 1.00000 0.00000
vn 0.25881 -0.96593 0.00000
vn 0.25881 -0.96593 0.00000
vn 0.25881 0.96593 0.00000
vn 0.25881 0.96593 0.00000
vn 0.50001 0.86602 0.00000
vn 0.50001 0.86602 0.00000
vn 0.00000 1.00000 0.00000
vn 0.86602 0.50001 0.00000
vn 0.00000 1.00000 0.00000
vn 0.86602 0.50001 0.00000
vn 1.00000 0.00000 0.00000
vn 1.00000 0.00000 0.00000
vn -0.50001 0.86602 0.00000
vn -0.50001 0.86602 0.00000
vn -0.86602 0.50001 0.00000
vn -0.86602 0.50001 0.00000
vn -1.00000 0.00000 0.00000
vn -1.00000 0.00000 0.00000
vn -0.96593 -0.25881 0.00000
vn -0.96593 -0.25881 0.00000
vn 0.96593 -0.25881 0.00000
vn 0.96593 -0.25881 0.00000
vn 1.00000 0.00000 0.00000
vn 1.00000 0.00000 0.00000
vn 0.00000 0.00000 -1.00000
vn 0.00000 0.00000 -1.00000
vn 0.00000 0.00000 -1.00000
vn 0.00000 0.00000 -1.00000
vn 0.00000 0.00000 -1.00000
vn 0.00000 0.00000 -1.00000
vn 0.00000 0.00000 -1.00000
vn 0.00000 0.00000 -1.00000
vn 0.00000 0.00000 -1.00000
vn 0.00000 0.00000 -1.00000
vn 0.00000 0.00000 -1.00000
vn 0.00000 0.00000 -1.00000
vn 0.00000 0.00000 -1.00000
vn 0.00000 0.00000 -1.00000
vn 0.00000 0.00000 -1.00000
vn 0.00000 0.00000 -1.00000
vn 0.00000 0.00000 -1.00000
vn 0.00000 0.00000 -1.00000
vn 0.00000 0.00000 -1.00000
vn 0.00000 0.00000 -1.00000
vn 0.00000 0.00000 -1.00000
vn 0.00000 0.00000 -1.00000
vn 0.00000 0.00000 -1.00000
vn 0.00000 0.00000 -1.00000
vn 0.00000 0.00000 -1.00000
vn 0.00000 0.00000 -1.00000
vn 0.00000 0.00000 -1.00000
vn 0.00000 0.00000 -1.00000
vn 0.00000 0.00000 -1.00000
vn 0.00000 0.00000 -1.00000
vn 0.00000 0.00000 -1.00000
vn 0.00000 0.00000 -1.00000
vn 0.00000 0.00000 -1.00000
vn 0.00000 0.00000 -1.00000
vn 0.00000 0.00000 -1.00000
vn 0.00000 0.00000 -1.00000
vn 0.00000 0.00000 -1.00000
vn 0.00000 0.00000 -1.00000
vn 0.00000 0.00000 -1.00000
vn 0.00000 0.00000 -1.00000
vn 0.00000 0.00000 -1.00000
vn 0.00000 0.00000 -1.00000
vn 0.00000 0.00000 -1.00000
vn 0.00000 0.00000 -1.00000
vn 0.00000 0.00000 -1.00000
vn 0.00000 0.00000 -1.00000
vn 0.00000 0.00000 -1.00000
vn 0.00000 0.00000 -1.00000
vn 0.00000 -1.00000 0.00000
vn 0.00000 -1.00000 0.00000
vn 0.49997 -0.86604 0.00000
vn -0.50001 -0.86602 0.00000
vn 0.49997 -0.86604 0.00000
vn -0.50001 -0.86602 0.00000
vn 0.86602 -0.50001 0.00000
vn -0.86602 -0.50001 0.00000
vn 0.86602 -0.50001 0.00000
vn -0.86602 -0.50001 0.00000
vn 1.00000 0.00000 0.00000
vn -1.00000 0.00000 0.00000
vn 1.00000 0.00000 0.00000
vn -1.00000 0.00000 0.00000
vn 0.96593 0.25881 0.00000
vn 0.96593 0.25881 0.00000
vn -0.96593 0.25881 0.00000
vn -0.96593 0.25881 0.00000
vn 0.50001 -0.86602 0.00000
vn 0.50001 -0.86602 0.00000
vn 0.86602 -0.50001 0.00000
vn 0.00000 -1.00000 0.00000
vn 0.86602 -0.50001 0.00000
vn 0.00000 -1.00000 0.00000
vn -0.25881 -0.96593 0.00000
vn -0.25881 -0.96593 0.00000
vn 1.00000 0.00000 0.00000
vn 1.00000 0.00000 0.00000
vn 0.86602 0.50001 0.00000
vn 0.86602 0.50001 0.00000
vn 0.50001 0.86602 0.00000
vn 0.50001 0.86602 0.00000
vn 0.00000 1.00000 0.00000
vn 0.00000 1.00000 0.00000
vn -0.25881 0.96593 0.00000
vn -0.25881 0.96593 0.00000
vn -1.00000 0.00000 0.00000
vn -1.00000 0.00000 0.00000
vn -0.86602 -0.50001 0.00000
vn -0.86602 0.50001 0.00000
vn -0.86602 -0.50001 0.00000
vn -0.86602 0.50001 0.00000
vn -0.50001 -0.86602 0.00000
vn -0.50001 0.86602 0.00000
vn -0.50001 -0.86602 0.00000
vn -0.50001 0.86602 0.00000
vn 0.00000 -1.00000 0.00000
vn 0.00000 1.00000 0.00000
vn 0.00000 -1.00000 0.00000
vn 0.00000 1.00000 0.00000
vn 0.25881 -0.96593 0.00000
vn 0.25881 -0.96593 0.00000
vn 0.25881 0.96593 0.00000
vn 0.25881 0.96593 0.00000
vn 0.50001 0.86602 0.00000
vn 0.50001 0.86602 0.00000
vn 0.00000 1.00000 0.00000
vn 0.86602 0.50001 0.00000
vn 0.00000 1.00000 0.00000
vn 0.86602 0.50001 0.00000
vn 1.00000 0.00000 0.00000
vn 1.00000 0.00000 0.00000
vn -0.50001 0.86602 0.00000
vn -0.50001 0.86602 0.00000
vn -0.86602 0.50001 0.00000
vn -0.86602 0.50001 0.00000
vn -1.00000 0.00000 0.00000
vn -1.00000 0.00000 0.00000
vn -0.96593 -0.25881 0.00000
vn -0.96593 -0.25881 0.00000
vn 0.96593 -0.25881 0.00000
vn 0.96593 -0.25881 0.00000
vn 1.00000 0.00000 0.00000
vn 1.00000 0.00000 0.00000
vn 0.00000 0.00000 -1.00000
vn 0.00000 0.00000 -1.00000
vn 0.00000 0.00000 -1.00000
vn 0.00000 0.00000 -1.00000
vn 0.00000 0.00000 -1.00000
vn 0.00000 0.00000 -1.00000
vn 0.00000 0.00000 -1.00000
vn 0.00000 0.00000 -1.00000
vn 0.00000 0.00000 -1.00000
vn 0.00000 0.00000 -1.00000
vn 0.00000 0.00000 -1.00000
vn 0.00000 0.00000 -1.00000
vn 0.00000 0.00000 -1.00000
vn 0.00000 0.00000 -1.00000
vn 0.00000 0.00000 -1.00000
vn 0.00000 0.00000 -1.00000
vn 0.00000 0.00000 -1.00000
vn 0.00000 0.00000 -1.00000
vn 0.00000 0.00000 -1.00000
vn 0.00000 0.00000 -1.00000
vn 0.00000 0.00000 -1.00000
vn 0.00000 0.00000 -1.00000
vn 0.00000 0.00000 -1.00000
vn 0.00000 0.00000 -1.00000
vn 0.00000 0.00000 -1.00000
vn 0.00000 0.00000 -1.00000
vn 0.00000 0.00000 -1.00000
vn 0.00000 0.00000 -1.00000
vn 0.00000 0.00000 -1.00000
vn 0.00000 0.00000 -1.00000
vn 0.00000 0.00000 -1.00000
vn 0.00000 0.00000 -1.00000
vn 0.00000 0.00000 -1.00000
vn 0.00000 0.00000 -1.00000
vn 0.00000 0.00000 -1.00000
vn 0.00000 0.00000 -1.00000
vn 0.00000 0.00000 -1.00000
vn 0.00000 0.00000 -1.00000
vn 0.00000 0.00000 -1.00000
vn 0.00000 0.00000 -1.00000
vn 0.00000 0.00000 -1.00000
vn 0.00000 0.00000 -1.00000
vn 0.00000 0.00000 -1.00000
vn 0.00000 0.00000 -1.00000
vn 0.00000 0.00000 -1.00000
vn 0.00000 0.00000 -1.00000
vn 0.00000 0.00000 -1.00000
vn 0.00000 0.00000 -1.00000
vn 0.00000 -1.00000 0.00000
vn 0.00000 -1.00000 0.00000
vn 0.49997 -0.86604 0.00000
vn -0.50001 -0.86602 0.00000
vn 0.49997 -0.86604 0.00000
vn -0.49997 -0.86604 0.00000
vn 0.86602 -0.50001 0.00000
vn -0.86602 -0.50001 0.00000
vn 0.86602 -0.50001 0.00000
vn -0.86602 -0.50001 0.00000
vn 1.00000 0.00000 0.00000
vn -1.00000 0.00000 0.00000
vn 1.00000 0.00000 0.00000
vn -1.00000 0.00000 0.00000
vn 0.96593 0.25881 0.00000
vn 0.96593 0.25881 0.00000
vn -0.96593 0.25881 0.00000
vn -0.96593 0.25881 0.00000
vn 0.50001 -0.86602 0.00000
vn 0.50001 -0.86602 0.00000
vn 0.86602 -0.50001 0.00000
vn 0.00000 -1.00000 0.00000
vn 0.86602 -0.50001 0.00000
vn 0.00000 -1.00000 0.00000
vn -0.25881 -0.96593 0.00000
vn -0.25881 -0.96593 0.00000
vn 1.00000 0.00000 0.00000
vn 1.00000 0.00000 0.00000
vn 0.86602 0.50001 0.00000
vn 0.86602 0.50001 0.00000
vn 0.50001 0.86602 0.00000
vn 0.50001 0.86602 0.00000
vn 0.00000 1.00000 0.00000
vn 0.00000 1.00000 0.00000
vn -0.25881 0.96593 0.00000
vn -0.25881 0.96593 0.00000
vn -1.00000 0.00000 0.00000
vn -1.00000 0.00000 0.00000
vn -0.86602 -0.50001 0.00000
vn -0.86602 0.50001 0.00000
vn -0.86602 -0.50001 0.00000
vn -0.86602 0.50001 0.00000
vn -0.50001 -0.86602 0.00000
vn -0.50001 0.86602 0.00000
vn -0.50001 -0.86602 0.00000
vn -0.50001 0.86602 0.00000
vn 0.00000 -1.00000 0.00000
vn 0.00000 1.00000 0.00000
vn 0.00000 -1.00000 0.00000
vn 0.00000 1.00000 0.00000
vn 0.25881 -0.96593 0.00000
vn 0.25881 -0.96593 0.00000
vn 0.25881 0.96593 0.00000
vn 0.25881 0.96593 0.00000
vn 0.50001 0.86602 0.00000
vn 0.50001 0.86602 0.00000
vn 0.00000 1.00000 0.00000
vn 0.86602 0.50001 0.00000
vn 0.00000 1.00000 0.00000
vn 0.86602 0.50001 0.00000
vn 1.00000 0.00000 0.00000
vn 1.00000 0.00000 0.00000
vn -0.50001 0.86602 0.00000
vn -0.50001 0.86602 0.00000
vn -0.86602 0.50001 0.00000
vn -0.86602 0.50001 0.00000
vn -1.00000 0.00000 0.00000
vn -1.00000 0.00000 0.00000
vn -0.96593 -0.25881 0.00000
vn -0.96593 -0.25881 0.00000
vn 0.96593 -0.25881 0.00000
vn 0.96593 -0.25881 0.00000
vn 1.00000 0.00000 0.00000
vn 1.00000 0.00000 0.00000
vn 0.00000 0.00000 -1.00000
vn 0.00000 0.00000 -1.00000
vn 0.00000 0.00000 -1.00000
vn 0.00000 0.00000 -1.00000
vn 0.00000 0.00000 -1.00000
vn 0.00000 0.00000 -1.00000
vn 0.00000 0.00000 -1.00000
vn 0.00000 0.00000 -1.00000
vn 0.00000 0.00000 -1.00000
vn 0.00000 0.00000 -1.00000
vn 0.00000 0.00000 -1.00000
vn 0.00000 0.00000 -1.00000
vn 0.00000 0.00000 -1.00000
vn 0.00000 0.00000 -1.00000
vn 0.00000 0.00000 -1.00000
vn 0.00000 0.00000 -1.00000
vn 0.00000 0.00000 -1.00000
vn 0.00000 0.00000 -1.00000
vn 0.00000 0.00000 -1.00000
vn 0.00000 0.00000 -1.00000
vn 0.00000 0.00000 -1.00000
vn 0.00000 0.00000 -1.00000
vn 0.00000 0.00000 -1.00000
vn 0.00000 0.00000 -1.00000
vn 0.00000 0.00000 -1.00000
vn 0.00000 0.00000 -1.00000
vn 0.00000 0.00000 -1.00000
vn 0.00000 0.00000 -1.00000
vn 0.00000 0.00000 -1.00000
vn 0.00000 0.00000 -1.00000
vn 0.00000 0.00000 -1.00000
vn 0.00000 0.00000 -1.00000
vn 0.00000 0.00000 -1.00000
vn 0.00000 0.00000 -1.00000
vn 0.00000 0.00000 -1.00000
vn 0.00000 0.00000 -1.00000
vn 0.00000 0.00000 -1.00000
vn 0.00000 0.00000 -1.00000
vn 0.00000 0.00000 -1.00000
vn 0.00000 0.00000 -1.00000
vn 0.00000 0.00000 -1.00000
vn 0.00000 0.00000 -1.00000
vn 0.00000 0.00000 -1.00000
vn 0.00000 0.00000 -1.00000
vn 0.00000 0.00000 -1.00000
vn 0.00000 0.00000 -1.00000
vn 0.00000 0.00000 -1.00000
vn 0.00000 0.00000 -1.00000
vn 0.00000 -1.00000 0.00000
vn 0.00000 -1.00000 0.00000
vn 0.50001 -0.86602 0.00000
vn -0.50001 -0.86602 0.00000
vn 0.50001 -0.86602 0.00000
vn -0.50001 -0.86602 0.00000
vn 0.86602 -0.50001 0.00000
vn -0.86602 -0.50001 0.00000
vn 0.86602 -0.50001 0.00000
vn -0.86602 -0.50001 0.00000
vn 1.00000 0.00000 0.00000
vn -1.00000 0.00000 0.00000
vn 1.00000 0.00000 0.00000
vn -1.00000 0.00000 0.00000
vn 0.96590 0.25890 0.00000
vn 0.96590 0.25890 0.00000
vn -0.96590 0.25890 0.00000
vn -0.96590 0.25890 0.00000
vn 0.50001 -0.86602 0.00000
vn 0.50001 -0.86602 0.00000
vn 0.86602 -0.50001 0.00000
vn 0.00000 -1.00000 0.00000
vn 0.86602 -0.50001 0.00000
vn 0.00000 -1.00000 0.00000
vn -0.25881 -0.96593 0.00000
vn -0.25881 -0.96593 0.00000
vn 1.00000 0.00000 0.00000
vn 1.00000 0.00000 0.00000
vn 0.86602 0.50001 0.00000
vn 0.86602 0.50001 0.00000
vn 0.50001 0.86602 0.00000
vn 0.50001 0.86602 0.00000
vn 0.00000 1.00000 0.00000
vn 0.00000 1.00000 0.00000
vn -0.25881 0.96593 0.00000
vn -0.25881 0.96593 0.00000
vn -1.00000 0.00000 0.00000
vn -1.00000 0.00000 0.00000
vn -0.86602 -0.50001 0.00000
vn -0.86602 0.50001 0.00000
vn -0.86602 -0.50001 0.00000
vn -0.86602 0.50001 0.00000
vn -0.50001 -0.86602 0.00000
vn -0.50001 0.86602 0.00000
vn -0.50001 -0.86602 0.00000
vn -0.50001 0.86602 0.00000
vn 0.00000 -1.00000 0.00000
vn 0.00000 1.00000 0.00000
vn 0.00000 -1.00000 0.00000
vn 0.00000 1.00000 0.00000
vn 0.25881 -0.96593 0.00000
vn 0.25881 -0.96593 0.00000
vn 0.25881 0.96593 0.00000
vn 0.25881 0.96593 0.00000
vn 0.50001 0.86602 0.00000
vn 0.50001 0.86602 0.00000
vn 0.00000 1.00000 0.00000
vn 0.86602 0.50001 0.00000
vn 0.00000 1.00000 0.00000
vn 0.86602 0.50001 0.00000
vn 1.00000 0.00000 0.00000
vn 1.00000 0.00000 0.00000
vn -0.50001 0.86602 0.00000
vn -0.50001 0.86602 0.00000
vn -0.86602 0.50001 0.00000
vn -0.86602 0.50001 0.00000
vn -1.00000 0.00000 0.00000
vn -1.00000 0.00000 0.00000
vn -0.96590 -0.25890 0.00000
vn -0.96590 -0.25890 0.00000
vn 0.96590 -0.25890 0.00000
vn 0.96590 -0.25890 0.00000
vn 1.00000 0.00000 0.00000
vn 1.00000 0.00000 0.00000
vn 0.00000 0.00000 -1.00000
vn 0.00000 0.00000 -1.00000
vn 0.00000 0.00000 -1.00000
vn 0.00000 0.00000 -1.00000
vn 0.00000 0.00000 -1.00000
vn 0.00000 0.00000 -1.00000
vn 0.00000 0.00000 -1.00000
vn 0.00000 0.00000 -1.00000
vn 0.00000 0.00000 -1.00000
vn 0.00000 0.00000 -1.00000
vn 0.00000 0.00000 -1.00000
vn 0.00000 0.00000 -1.00000
vn 0.00000 0.00000 -1.00000
vn 0.00000 0.00000 -1.00000
vn 0.00000 0.00000 -1.00000
vn 0.00000 0.00000 -1.00000
vn 0.00000 0.00000 -1.00000
vn 0.00000 0.00000 -1.00000
vn 0.00000 0.00000 -1.00000
vn 0.00000 0.00000 -1.00000
vn 0.00000 0.00000 -1.00000
vn 0.00000 0.00000 -1.00000
vn 0.00000 0.00000 -1.00000
vn 0.00000 0.00000 -1.00000
vn 0.00000 0.00000 -1.00000
vn 0.00000 0.00000 -1.00000
vn 0.00000 0.00000 -1.00000
vn 0.00000 0.00000 -1.00000
vn 0.00000 0.00000 -1.00000
vn 0.00000 0.00000 -1.00000
vn 0.00000 0.00000 -1.00000
vn 0.00000 0.00000 -1.00000
vn 0.00000 0.00000 -1.00000
vn 0.00000 0.00000 -1.00000
vn 0.00000 0.00000 -1.00000
vn 0.00000 0.00000 -1.00000
vn 0.00000 0.00000 -1.00000
vn 0.00000 0.00000 -1.00000
vn 0.00000 0.00000 -1.00000
vn 0.00000 0.00000 -1.00000
vn 0.00000 0.00000 -1.00000
vn 0.00000 0.00000 -1.00000
vn 0.00000 0.00000 -1.00000
vn 0.00000 0.00000 -1.00000
vn 0.00000 0.00000 -1.00000
vn 0.00000 0.00000 -1.00000
vn 0.00000 0.00000 -1.00000
vn 0.00000 0.00000 -1.00000
f 1/1/1 2/2/2 3/3/3
f 4/4/4 2/2/2 1/1/1
f 4/4/4 5/5/5 2/2/2
f 6/6/6 5/5/5 4/4/4
f 6/6/6 7/7/7 5/5/5
f 8/8/8 6/6/6 4/4/4
f 1/1/1 8/8/8 4/4/4
f 9/9/9 7/7/7 6/6/6
f 9/9/9 10/10/10 7/7/7
f 11/11/11 10/10/10 9/9/9
f 11/11/11 12/12/12 10/10/10
f 9/9/9 6/6/6 13/13/13
f 8/8/8 13/13/13 6/6/6
f 9/9/9 13/13/13 14/14/14
f 15/15/15 12/12/12 11/11/11
f 16/16/16 15/15/15 11/11/11
f 16/16/16 17/17/17 15/15/15
f 15/15/15 18/18/18 12/12/12
f 19/19/19 18/18/18 15/15/15
f 19/19/19 20/20/20 18/18/18
f 21/21/21 19/19/19 15/15/15
f 21/21/21 22/22/22 19/19/19
f 23/23/23 13/13/13 8/8/8
f 24/24/24 14/14/14 13/13/13
f 23/23/23 24/24/24 13/13/13
f 24/24/24 25/25/25 14/14/14
f 26/26/26 23/23/23 8/8/8
f 27/27/27 25/25/25 24/24/24
f 25/25/25 28/28/28 14/14/14
f 29/29/29 14/14/14 28/28/28
f 29/29/29 28/28/28 30/30/30
f 31/31/31 25/25/25 27/27/27
f 27/27/27 24/24/24 32/32/32
f 32/32/32 24/24/24 23/23/23
f 32/32/32 33/33/33 27/27/27
f 25/25/25 34/34/34 28/28/28
f 31/31/31 34/34/34 25/25/25
f 34/34/34 35/35/35 28/28/28
f 36/36/36 34/34/34 31/31/31
f 36/36/36 31/31/31 37/37/37
f 36/36/36 37/37/37 38/38/38
f 36/36/36 39/39/39 34/34/34
f 34/34/34 39/39/39 35/35/35
f 40/40/40 39/39/39 36/36/36
f 39/39/39 41/41/41 35/35/35
f 40/40/40 42/42/42 39/39/39
f 39/39/39 42/42/42 41/41/41
f 43/43/43 44/44/44 33/33/33
f 44/44/44 45/45/45 33/33/33
f 44/44/44 46/46/46 45/45/45
f 45/45/45 47/47/47 33/33/33
f 45/45/45 48/48/48 47/47/47
f 46/46/46 49/49/49 45/45/45
f 46/46/46 50/50/50 49/49/49
f 50/50/50 51/51/51 49/49/49
f 50/50/50 52/52/52 51/51/51
f 51/51/51 53/53/53 49/49/49
f 51/51/51 54/54/54 53/53/53
f 43/43/43 33/33/33 55/55/55
f 56/56/56 43/43/43 55/55/55
f 32/32/32 55/55/55 33/33/33
f 56/56/56 55/55/55 57/57/57
f 55/55/55 32/32/32 58/58/58
f 55/55/55 58/58/58 57/57/57
f 32/32/32 23/23/23 58/58/58
f 59/59/59 56/56/56 57/57/57
f 58/58/58 23/23/23 26/26/26
f 59/59/59 57/57/57 60/60/60
f 57/57/57 58/58/58 61/61/61
f 57/57/57 61/61/61 60/60/60
f 58/58/58 26/26/26 61/61/61
f 62/62/62 59/59/59 60/60/60
f 62/62/62 60/60/60 63/63/63
f 60/60/60 61/61/61 63/63/63
f 64/64/64 62/62/62 63/63/63
f 64/64/64 65/65/65 62/62/62
f 66/66/66 63/63/63 61/61/61
f 67/67/67 65/65/65 64/64/64
f 67/67/67 68/68/68 65/65/65
f 63/63/63 69/69/69 64/64/64
f 70/70/70 68/68/68 67/67/67
f 70/70/70 71/71/71 68/68/68
f 67/67/67 64/64/64 72/72/72
f 72/72/72 64/64/64 69/69/69
f 70/70/70 67/67/67 73/73/73
f 67/67/67 72/72/72 73/73/73
f 74/74/74 71/71/71 70/70/70
f 74/74/74 75/75/75 71/71/71
f 76/76/76 75/75/75 74/74/74
f 76/76/76 77/77/77 75/75/75
f 78/78/78 77/77/77 76/76/76
f 78/78/78 79/79/79 77/77/77
f 80/80/80 79/79/79 78/78/78
f 80/80/80 78/78/78 81/81/81
f 74/74/74 70/70/70 82/82/82
f 70/70/70 73/73/73 82/82/82
f 74/74/74 82/82/82 83/83/83
f 84/84/84 82/82/82 73/73/73
f 84/84/84 85/85/85 82/82/82
f 85/85/85 83/83/83 82/82/82
f 86/86/86 84/84/84 73/73/73
f 86/86/86 73/73/73 72/72/72
f 87/87/87 86/86/86 72/72/72
f 85/85/85 88/88/88 83/83/83
f 87/87/87 72/72/72 69/69/69
f 89/89/89 90/90/90 83/83/83
f 89/89/89 83/83/83 91/91/91
f 88/88/88 91/91/91 83/83/83
f 88/88/88 92/92/92 91/91/91
f 91/91/91 93/93/93 94/94/94
f 91/91/91 95/95/95 93/93/93
f 92/92/92 95/95/95 91/91/91
f 92/92/92 96/96/96 95/95/95
f 96/96/96 97/97/97 95/95/95
f 96/96/96 98/98/98 97/97/97
f 95/95/95 97/97/97 99/99/99
f 95/95/95 99/99/99 100/100/100
f 101/101/101 87/87/87 69/69/69
f 101/101/101 102/102/102 87/87/87
f 69/69/69 103/103/103 101/101/101
f 63/63/63 103/103/103 69/69/69
f 66/66/66 103/103/103 63/63/63
f 104/104/104 101/101/101 103/103/103
f 104/104/104 103/103/103 66/66/66
f 105/105/105 102/102/102 101/101/101
f 105/105/105 106/106/106 102/102/102
f 107/107/107 106/106/106 105/105/105
f 107/107/107 108/108/108 106/106/106
f 109/109/109 108/108/108 107/107/107
f 109/109/109 110/110/110 108/108/108
f 107/107/107 111/111/111 109/109/109
f 105/105/105 112/112/112 107/107/107
f 107/107/107 112/112/112 111/111/111
f 113/113/113 105/105/105 101/101/101
f 105/105/105 113/113/113 112/112/112
f 113/113/113 101/101/101 114/114/114
f 104/104/104 114/114/114 101/101/101
f 115/115/115 112/112/112 113/113/113
f 116/116/116 111/111/111 112/112/112
f 116/116/116 112/112/112 115/115/115
f 117/117/117 111/111/111 116/116/116
f 117/117/117 118/118/118 111/111/111
f 116/116/116 115/115/115 119/119/119
f 116/116/116 119/119/119 120/120/120
f 121/121/121 120/120/120 119/119/119
f 121/121/121 122/122/122 120/120/120
f 123/123/123 121/121/121 119/119/119
f 124/124/124 118/118/118 117/117/117
f 125/125/125 118/118/118 124/124/124
f 125/125/125 124/124/124 126/126/126
f 124/124/124 117/117/117 127/127/127
f 128/128/128 124/124/124 127/127/127
f 128/128/128 127/127/127 129/129/129
f 130/130/130 127/127/127 117/117/117
f 130/130/130 131/131/131 127/127/127
f 123/123/123 119/119/119 132/132/132
f 133/133/133 123/123/123 132/132/132
f 115/115/115 132/132/132 119/119/119
f 133/133/133 132/132/132 134/134/134
f 135/135/135 133/133/133 134/134/134
f 135/135/135 134/134/134 136/136/136
f 115/115/115 137/137/137 132/132/132
f 137/137/137 134/134/134 132/132/132
f 115/115/115 113/113/113 137/137/137
f 137/137/137 113/113/113 114/114/114
f 137/137/137 138/138/138 134/134/134
f 138/138/138 136/136/136 134/134/134
f 137/137/137 114/114/114 138/138/138
f 138/138/138 139/139/139 136/136/136
f 138/138/138 114/114/114 104/104/104
f 138/138/138 104/104/104 139/139/139
f 140/140/140 139/139/139 104/104/104
f 140/140/140 141/141/141 139/139/139
f 140/140/140 104/104/104 142/142/142
f 104/104/104 66/66/66 142/142/142
f 140/140/140 143/143/143 141/141/141
f 144/144/144 141/141/141 143/143/143
f 144/144/144 143/143/143 145/145/145
f 145/145/145 143/143/143 146/146/146
f 140/140/140 146/146/146 143/143/143
f 145/145/145 146/146/146 147/147/147
f 140/140/140 148/148/148 146/146/146
f 148/148/148 140/140/140 142/142/142
f 147/147/147 146/146/146 149/149/149
f 148/148/148 149/149/149 146/146/146
f 147/147/147 149/149/149 150/150/150
f 148/148/148 142/142/142 151/151/151
f 148/148/148 152/152/152 149/149/149
f 152/152/152 148/148/148 151/151/151
f 150/150/150 149/149/149 153/153/153
f 153/153/153 149/149/149 152/152/152
f 150/150/150 153/153/153 154/154/154
f 153/153/153 152/152/152 155/155/155
f 154/154/154 153/153/153 156/156/156
f 157/157/157 156/156/156 153/153/153
f 157/157/157 158/158/158 156/156/156
f 154/154/154 156/156/156 159/159/159
f 160/160/160 159/159/159 156/156/156
f 161/161/161 160/160/160 156/156/156
f 161/161/161 162/162/162 160/160/160
f 160/160/160 163/163/163 159/159/159
f 164/164/164 163/163/163 160/160/160
f 164/164/164 165/165/165 163/163/163
f 166/166/166 164/164/164 160/160/160
f 166/166/166 167/167/167 164/164/164
f 155/155/155 152/152/152 168/168/168
f 152/152/152 151/151/151 168/168/168
f 155/155/155 168/168/168 169/169/169
f 170/170/170 155/155/155 169/169/169
f 170/170/170 169/169/169 171/171/171
f 171/171/171 172/172/172 170/170/170
f 171/171/171 169/169/169 173/173/173
f 171/171/171 173/173/173 174/174/174
f 171/171/171 175/175/175 172/172/172
f 175/175/175 176/176/176 172/172/172
f 175/175/175 177/177/177 176/176/176
f 177/177/177 175/175/175 178/178/178
f 177/177/177 178/178/178 179/179/179
f 169/169/169 168/168/168 180/180/180
f 169/169/169 180/180/180 181/181/181
f 168/168/168 182/182/182 180/180/180
f 168/168/168 151/151/151 182/182/182
f 183/183/183 181/181/181 180/180/180
f 151/151/151 184/184/184 182/182/182
f 151/151/151 142/142/142 184/184/184
f 184/184/184 142/142/142 66/66/66
f 185/185/185 180/180/180 182/182/182
f 185/185/185 183/183/183 180/180/180
f 186/186/186 182/182/182 184/184/184
f 186/186/186 185/185/185 182/182/182
f 187/187/187 184/184/184 66/66/66
f 187/187/187 186/186/186 184/184/184
f 61/61/61 187/187/187 66/66/66
f 61/61/61 26/26/26 187/187/187
f 188/188/188 186/186/186 187/187/187
f 189/189/189 185/185/185 186/186/186
f 189/189/189 186/186/186 188/188/188
f 187/187/187 26/26/26 190/190/190
f 26/26/26 8/8/8 190/190/190
f 1/1/1 190/190/190 8/8/8
f 187/187/187 190/190/190 191/191/191
f 191/191/191 190/190/190 1/1/1
f 188/188/188 187/187/187 191/191/191
f 191/191/191 1/1/1 192/192/192
f 191/191/191 192/192/192 188/188/188
f 193/193/193 192/192/192 1/1/1
f 1/1/1 3/3/3 193/193/193
f 193/193/193 194/194/194 192/192/192
f 3/3/3 195/195/195 193/193/193
f 193/193/193 195/195/195 194/194/194
f 3/3/3 196/196/196 195/195/195
f 196/196/196 197/197/197 195/195/195
f 196/196/196 198/198/198 197/197/197
f 195/195/195 197/197/197 199/199/199
f 195/195/195 199/199/199 194/194/194
f 198/198/198 200/200/200 197/197/197
f 199/199/199 197/197/197 200/200/200
f 198/198/198 201/201/201 200/200/200
f 201/201/201 202/202/202 200/200/200
f 201/201/201 203/203/203 202/202/202
f 199/199/199 200/200/200 204/204/204
f 204/204/204 200/200/200 202/202/202
f 203/203/203 205/205/205 202/202/202
f 203/203/203 206/206/206 205/205/205
f 204/204/204 202/202/202 207/207/207
f 206/206/206 208/208/208 205/205/205
f 206/206/206 209/209/209 208/208/208
f 210/210/210 205/205/205 208/208/208
f 210/210/210 211/211/211 205/205/205
f 209/209/209 212/212/212 208/208/208
f 209/209/209 213/213/213 212/212/212
f 212/212/212 214/214/214 208/208/208
f 212/212/212 215/215/215 214/214/214
f 207/207/207 216/216/216 204/204/204
f 204/204/204 216/216/216 217/217/217
f 204/204/204 217/217/217 199/199/199
f 207/207/207 218/218/218 216/216/216
f 199/199/199 217/217/217 219/219/219
f 199/199/199 219/219/219 194/194/194
f 219/219/219 217/217/217 220/220/220
f 217/217/217 216/216/216 221/221/221
f 217/217/217 221/221/221 220/220/220
f 216/216/216 222/222/222 221/221/221
f 216/216/216 218/218/218 222/222/222
f 223/223/223 218/218/218 207/207/207
f 224/224/224 223/223/223 207/207/207
f 224/224/224 225/225/225 223/223/223
f 223/223/223 226/226/226 218/218/218
f 227/227/227 226/226/226 223/223/223
f 218/218/218 228/228/228 222/222/222
f 218/218/218 226/226/226 228/228/228
f 228/228/228 229/229/229 222/222/222
f 228/228/228 230/230/230 229/229/229
f 226/226/226 231/231/231 228/228/228
f 227/227/227 232/232/232 226/226/226
f 226/226/226 232/232/232 231/231/231
f 233/233/233 232/232/232 227/227/227
f 232/232/232 234/234/234 231/231/231
f 233/233/233 235/235/235 232/232/232
f 232/232/232 235/235/235 234/234/234
f 236/236/236 221/221/221 222/222/222
f 236/236/236 237/237/237 221/221/221
f 237/237/237 220/220/220 221/221/221
f 236/236/236 238/238/238 237/237/237
f 236/236/236 239/239/239 238/238/238
f 240/240/240 239/239/239 236/236/236
f 237/237/237 238/238/238 241/241/241
f 240/240/240 242/242/242 239/239/239
f 237/237/237 241/241/241 243/243/243
f 237/237/237 243/243/243 220/220/220
f 243/243/243 241/241/241 244/244/244
f 245/245/245 242/242/242 240/240/240
f 243/243/243 244/244/244 246/246/246
f 220/220/220 243/243/243 246/246/246
f 245/245/245 247/247/247 242/242/242
f 248/248/248 245/245/245 240/240/240
f 248/248/248 249/249/249 245/245/245
f 250/250/250 247/247/247 245/245/245
f 250/250/250 245/245/245 251/251/251
f 252/252/252 251/251/251 245/245/245
f 252/252/252 253/253/253 251/251/251
f 246/246/246 244/244/244 254/254/254
f 220/220/220 246/246/246 255/255/255
f 219/219/219 220/220/220 255/255/255
f 246/246/246 254/254/254 256/256/256
f 257/257/257 219/219/219 255/255/255
f 194/194/194 219/219/219 257/257/257
f 255/255/255 246/246/246 258/258/258
f 256/256/256 258/258/258 246/246/246
f 257/257/257 255/255/255 258/258/258
f 254/254/254 259/259/259 256/256/256
f 254/254/254 260/260/260 259/259/259
f 256/256/256 261/261/261 258/258/258
f 258/258/258 261/261/261 262/262/262
f 262/262/262 257/257/257 258/258/258
f 263/263/263 261/261/261 256/256/256
f 260/260/260 264/264/264 259/259/259
f 260/260/260 265/265/265 264/264/264
f 259/259/259 266/266/266 256/256/256
f 263/263/263 256/256/256 266/266/266
f 267/267/267 259/259/259 264/264/264
f 267/267/267 266/266/266 259/259/259
f 265/265/265 268/268/268 264/264/264
f 268/268/268 267/267/267 264/264/264
f 265/265/265 269/269/269 268/268/268
f 268/268/268 270/270/270 267/267/267
f 269/269/269 271/271/271 268/268/268
f 272/272/272 268/268/268 271/271/271
f 272/272/272 271/271/271 273/273/273
f 269/269/269 274/274/274 271/271/271
f 274/274/274 275/275/275 271/271/271
f 274/274/274 276/276/276 275/275/275
f 277/277/277 278/278/278 275/275/275
f 277/277/277 275/275/275 279/279/279
f 276/276/276 279/279/279 275/275/275
f 276/276/276 280/280/280 279/279/279
f 280/280/280 281/281/281 279/279/279
f 280/280/280 282/282/282 281/281/281
f 281/281/281 283/283/283 279/279/279
f 281/281/281 284/284/284 283/283/283
f 270/270/270 285/285/285 267/267/267
f 270/270/270 286/286/286 285/285/285
f 287/287/287 286/286/286 270/270/270
f 267/267/267 285/285/285 288/288/288
f 267/267/267 288/288/288 266/266/266
f 285/285/285 286/286/286 289/289/289
f 288/288/288 285/285/285 290/290/290
f 285/285/285 289/289/289 290/290/290
f 286/286/286 291/291/291 289/289/289
f 287/287/287 292/292/292 286/286/286
f 286/286/286 292/292/292 291/291/291
f 293/293/293 292/292/292 287/287/287
f 293/293/293 287/287/287 294/294/294
f 293/293/293 294/294/294 295/295/295
f 293/293/293 296/296/296 292/292/292
f 292/292/292 297/297/297 291/291/291
f 292/292/292 296/296/296 297/297/297
f 298/298/298 291/291/291 297/297/297
f 298/298/298 297/297/297 299/299/299
f 296/296/296 300/300/300 297/297/297
f 301/301/301 296/296/296 293/293/293
f 296/296/296 302/302/302 300/300/300
f 301/301/301 302/302/302 296/296/296
f 302/302/302 303/303/303 300/300/300
f 304/304/304 302/302/302 301/301/301
f 302/302/302 305/305/305 303/303/303
f 304/304/304 305/305/305 302/302/302
f 194/194/194 257/257/257 306/306/306
f 306/306/306 192/192/192 194/194/194
f 257/257/257 307/307/307 306/306/306
f 308/308/308 192/192/192 306/306/306
f 308/308/308 188/188/188 192/192/192
f 307/307/307 309/309/309 306/306/306
f 308/308/308 306/306/306 309/309/309
f 257/257/257 310/310/310 307/307/307
f 308/308/308 311/311/311 188/188/188
f 262/262/262 310/310/310 257/257/257
f 312/312/312 308/308/308 309/309/309
f 312/312/312 311/311/311 308/308/308
f 312/312/312 309/309/309 313/313/313
f 312/312/312 314/314/314 311/311/311
f 311/311/311 189/189/189 188/188/188
f 314/314/314 315/315/315 311/311/311
f 311/311/311 315/315/315 189/189/189
f 314/314/314 316/316/316 315/315/315
f 316/316/316 317/317/317 315/315/315
f 189/189/189 315/315/315 317/317/317
f 316/316/316 318/318/318 317/317/317
f 318/318/318 319/319/319 317/317/317
f 318/318/318 320/320/320 319/319/319
f 189/189/189 317/317/317 321/321/321
f 321/321/321 185/185/185 189/189/189
f 321/321/321 183/183/183 185/185/185
f 320/320/320 322/322/322 319/319/319
f 320/320/320 323/323/323 322/322/322
f 317/317/317 319/319/319 324/324/324
f 317/317/317 324/324/324 321/321/321
f 324/324/324 183/183/183 321/321/321
f 323/323/323 325/325/325 322/322/322
f 323/323/323 326/326/326 325/325/325
f 322/322/322 325/325/325 327/327/327
f 322/322/322 327/327/327 328/328/328
f 326/326/326 329/329/329 325/325/325
f 326/326/326 330/330/330 329/329/329
f 324/324/324 331/331/331 183/183/183
f 183/183/183 331/331/331 181/181/181
f 331/331/331 332/332/332 181/181/181
f 333/333/333 331/331/331 324/324/324
f 334/334/334 333/333/333 324/324/324
f 334/334/334 335/335/335 333/333/333
f 333/333/333 336/336/336 331/331/331
f 331/331/331 336/336/336 332/332/332
f 337/337/337 336/336/336 333/333/333
f 338/338/338 339/339/339 332/332/332
f 338/338/338 332/332/332 340/340/340
f 336/336/336 340/340/340 332/332/332
f 336/336/336 341/341/341 340/340/340
f 337/337/337 341/341/341 336/336/336
f 341/341/341 342/342/342 340/340/340
f 341/341/341 343/343/343 342/342/342
f 344/344/344 343/343/343 341/341/341
f 344/344/344 341/341/341 337/337/337
f 345/345/345 344/344/344 337/337/337
f 345/345/345 346/346/346 344/344/344
f 310/310/310 347/347/347 348/348/348
f 310/310/310 348/348/348 307/307/307
f 309/309/309 307/307/307 348/348/348
f 349/349/349 347/347/347 310/310/310
f 349/349/349 310/310/310 262/262/262
f 309/309/309 348/348/348 350/350/350
f 313/313/313 309/309/309 350/350/350
f 313/313/313 350/350/350 351/351/351
f 351/351/351 350/350/350 352/352/352
f 352/352/352 350/350/350 348/348/348
f 351/351/351 352/352/352 353/353/353
f 353/353/353 352/352/352 354/354/354
f 353/353/353 354/354/354 355/355/355
f 352/352/352 348/348/348 356/356/356
f 354/354/354 352/352/352 356/356/356
f 347/347/347 356/356/356 348/348/348
f 355/355/355 354/354/354 357/357/357
f 355/355/355 357/357/357 358/358/358
f 354/354/354 356/356/356 359/359/359
f 358/358/358 357/357/357 360/360/360
f 360/360/360 357/357/357 361/361/361
f 360/360/360 361/361/361 362/362/362
f 358/358/358 360/360/360 363/363/363
f 363/363/363 360/360/360 364/364/364
f 363/363/363 364/364/364 365/365/365
f 364/364/364 360/360/360 366/366/366
f 364/364/364 366/366/366 367/367/367
f 347/347/347 368/368/368 356/356/356
f 368/368/368 359/359/359 356/356/356
f 369/369/369 368/368/368 347/347/347
f 369/369/369 347/347/347 349/349/349
f 368/368/368 370/370/370 359/359/359
f 371/371/371 368/368/368 369/369/369
f 371/371/371 370/370/370 368/368/368
f 349/349/349 372/372/372 369/369/369
f 372/372/372 371/371/371 369/369/369
f 370/370/370 373/373/373 359/359/359
f 373/373/373 374/374/374 359/359/359
f 373/373/373 375/375/375 374/374/374
f 370/370/370 376/376/376 373/373/373
f 376/376/376 377/377/377 373/373/373
f 378/378/378 370/370/370 371/371/371
f 378/378/378 376/376/376 370/370/370
f 379/379/379 378/378/378 371/371/371
f 379/379/379 380/380/380 378/378/378
f 381/381/381 376/376/376 378/378/378
f 376/376/376 382/382/382 377/377/377
f 381/381/381 382/382/382 376/376/376
f 382/382/382 383/383/383 377/377/377
f 384/384/384 382/382/382 381/381/381
f 382/382/382 385/385/385 383/383/383
f 384/384/384 385/385/385 382/382/382
f 372/372/372 386/386/386 371/371/371
f 387/387/387 386/386/386 372/372/372
f 387/387/387 388/388/388 386/386/386
f 389/389/389 387/387/387 372/372/372
f 388/388/388 390/390/390 386/386/386
f 388/388/388 391/391/391 390/390/390
f 389/389/389 372/372/372 392/392/392
f 393/393/393 389/389/389 392/392/392
f 349/349/349 392/392/392 372/372/372
f 393/393/393 392/392/392 394/394/394
f 349/349/349 394/394/394 392/392/392
f 395/395/395 393/393/393 394/394/394
f 349/349/349 262/262/262 394/394/394
f 396/396/396 394/394/394 262/262/262
f 395/395/395 394/394/394 396/396/396
f 396/396/396 262/262/262 261/261/261
f 396/396/396 261/261/261 263/263/263
f 397/397/397 395/395/395 396/396/396
f 396/396/396 263/263/263 397/397/397
f 397/397/397 398/398/398 395/395/395
f 399/399/399 398/398/398 397/397/397
f 399/399/399 400/400/400 398/398/398
f 401/401/401 399/399/399 397/397/397
f 402/402/402 400/400/400 399/399/399
f 402/402/402 399/399/399 401/401/401
f 402/402/402 403/403/403 400/400/400
f 404/404/404 403/403/403 402/402/402
f 404/404/404 405/405/405 403/403/403
f 406/406/406 405/405/405 404/404/404
f 406/406/406 407/407/407 405/405/405
f 407/407/407 406/406/406 408/408/408
f 408/408/408 406/406/406 409/409/409
f 408/408/408 409/409/409 410/410/410
f 407/407/407 408/408/408 411/411/411
f 411/411/411 408/408/408 412/412/412
f 411/411/411 412/412/412 413/413/413
f 402/402/402 401/401/401 414/414/414
f 415/415/415 416/416/416 414/414/414
f 415/415/415 414/414/414 417/417/417
f 418/418/418 414/414/414 401/401/401
f 419/419/419 417/417/417 414/414/414
f 418/418/418 419/419/419 414/414/414
f 419/419/419 420/420/420 417/417/417
f 421/421/421 419/419/419 418/418/418
f 420/420/420 422/422/422 417/417/417
f 422/422/422 423/423/423 417/417/417
f 422/422/422 424/424/424 423/423/423
f 420/420/420 425/425/425 422/422/422
f 426/426/426 420/420/420 419/419/419
f 426/426/426 419/419/419 421/421/421
f 427/427/427 426/426/426 421/421/421
f 427/427/427 428/428/428 426/426/426
f 429/429/429 420/420/420 426/426/426
f 429/429/429 425/425/425 420/420/420
f 430/430/430 429/429/429 426/426/426
f 430/430/430 431/431/431 429/429/429
f 432/432/432 425/425/425 429/429/429
f 425/425/425 433/433/433 422/422/422
f 432/432/432 434/434/434 425/425/425
f 425/425/425 434/434/434 433/433/433
f 435/435/435 434/434/434 432/432/432
f 436/436/436 435/435/435 432/432/432
f 436/436/436 437/437/437 435/435/435
f 435/435/435 438/438/438 434/434/434
f 434/434/434 438/438/438 439/439/439
f 434/434/434 439/439/439 433/433/433
f 440/440/440 433/433/433 439/439/439
f 440/440/440 441/441/441 433/433/433
f 442/442/442 443/443/443 444/444/444
f 442/442/442 444/444/444 263/263/263
f 444/444/444 397/397/397 263/263/263
f 401/401/401 397/397/397 444/444/444
f 443/443/443 401/401/401 444/444/444
f 443/443/443 418/418/418 401/401/401
f 266/266/266 442/442/442 263/263/263
f 445/445/445 418/418/418 443/443/443
f 266/266/266 288/288/288 442/442/442
f 421/421/421 418/418/418 445/445/445
f 445/445/445 446/446/446 421/421/421
f 447/447/447 443/443/443 442/442/442
f 445/445/445 443/443/443 447/447/447
f 447/447/447 442/442/442 448/448/448
f 442/442/442 288/288/288 449/449/449
f 442/442/442 449/449/449 448/448/448
f 450/450/450 447/447/447 448/448/448
f 451/451/451 448/448/448 449/449/449
f 450/450/450 452/452/452 447/447/447
f 452/452/452 445/445/445 447/447/447
f 453/453/453 452/452/452 450/450/450
f 453/453/453 454/454/454 452/452/452
f 452/452/452 455/455/455 445/445/445
f 454/454/454 455/455/455 452/452/452
f 445/445/445 455/455/455 446/446/446
f 454/454/454 456/456/456 455/455/455
f 456/456/456 446/446/446 455/455/455
f 456/456/456 457/457/457 446/446/446
f 457/457/457 458/458/458 446/446/446
f 457/457/457 459/459/459 458/458/458
f 459/459/459 460/460/460 458/458/458
f 459/459/459 461/461/461 460/460/460
f 461/461/461 462/462/462 460/460/460
f 461/461/461 463/463/463 462/462/462
f 460/460/460 462/462/462 464/464/464
f 460/460/460 464/464/464 465/465/465
f 463/463/463 466/466/466 462/462/462
f 463/463/463 467/467/467 466/466/466
f 468/468/468 469/469/469 470/470/470
f 471/471/471 469/469/469 468/468/468
f 471/471/471 472/472/472 469/469/469
f 468/468/468 470/470/470 473/473/473
f 474/474/474 473/473/473 470/470/470
f 474/474/474 451/451/451 473/473/473
f 451/451/451 449/449/449 473/473/473
f 473/473/473 290/290/290 468/468/468
f 473/473/473 449/449/449 290/290/290
f 290/290/290 471/471/471 468/468/468
f 288/288/288 290/290/290 449/449/449
f 290/290/290 289/289/289 471/471/471
f 475/475/475 472/472/472 471/471/471
f 475/475/475 471/471/471 476/476/476
f 475/475/475 476/476/476 477/477/477
f 475/475/475 478/478/478 472/472/472
f 479/479/479 478/478/478 475/475/475
f 479/479/479 480/480/480 478/478/478
f 481/481/481 480/480/480 479/479/479
f 482/482/482 481/481/481 479/479/479
f 482/482/482 483/483/483 481/481/481
f 481/481/481 484/484/484 480/480/480
f 485/485/485 484/484/484 481/481/481
f 485/485/485 486/486/486 484/484/484
f 487/487/487 485/485/485 481/481/481
f 487/487/487 488/488/488 485/485/485
f 391/391/391 489/489/489 490/490/490
f 391/391/391 490/490/490 390/390/390
f 390/390/390 490/490/490 491/491/491
f 390/390/390 491/491/491 492/492/492
f 489/489/489 493/493/493 490/490/490
f 489/489/489 494/494/494 493/493/493
f 490/490/490 493/493/493 495/495/495
f 490/490/490 495/495/495 496/496/496
f 497/497/497 498/498/498 499/499/499
f 500/500/500 498/498/498 497/497/497
f 497/497/497 499/499/499 501/501/501
f 502/502/502 497/497/497 501/501/501
f 502/502/502 501/501/501 503/503/503
f 500/500/500 497/497/497 504/504/504
f 505/505/505 500/500/500 504/504/504
f 505/505/505 504/504/504 506/506/506
f 504/504/504 507/507/507 506/506/506
f 504/504/504 508/508/508 507/507/507
f 509/509/509 510/510/510 511/511/511
f 509/509/509 511/511/511 512/512/512
f 512/512/512 513/513/513 509/509/509
f 512/512/512 514/514/514 513/513/513
f 515/515/515 510/510/510 509/509/509
f 515/515/515 516/516/516 510/510/510
f 517/517/517 516/516/516 515/515/515
f 517/517/517 518/518/518 516/516/516
f 515/515/515 519/519/519 517/517/517
f 515/515/515 520/520/520 519/519/519
f 521/521/521 522/522/522 523/523/523
f 522/522/522 524/524/524 523/523/523
f 522/522/522 525/525/525 524/524/524
f 521/521/521 523/523/523 526/526/526
f 525/525/525 527/527/527 524/524/524
f 525/525/525 528/528/528 527/527/527
f 524/524/524 529/529/529 523/523/523
f 528/528/528 530/530/530 527/527/527
f 528/528/528 531/531/531 530/530/530
f 527/527/527 532/532/532 524/524/524
f 524/524/524 532/532/532 529/529/529
f 531/531/531 533/533/533 530/530/530
f 531/531/531 534/534/534 533/533/533
f 534/534/534 535/535/535 533/533/533
f 534/534/534 536/536/536 535/535/535
f 536/536/536 537/537/537 535/535/535
f 536/536/536 538/538/538 537/537/537
f 530/530/530 539/539/539 527/527/527
f 527/527/527 539/539/539 532/532/532
f 530/530/530 540/540/540 539/539/539
f 541/541/541 540/540/540 530/530/530
f 542/542/542 532/532/532 539/539/539
f 541/541/541 543/543/543 540/540/540
f 544/544/544 543/543/543 541/541/541
f 540/540/540 543/543/543 545/545/545
f 543/543/543 546/546/546 545/545/545
f 540/540/540 545/545/545 547/547/547
f 539/539/539 540/540/540 547/547/547
f 539/539/539 547/547/547 542/542/542
f 544/544/544 548/548/548 543/543/543
f 543/543/543 548/548/548 546/546/546
f 549/549/549 548/548/548 544/544/544
f 548/548/548 550/550/550 546/546/546
f 549/549/549 551/551/551 548/548/548
f 548/548/548 551/551/551 550/550/550
f 547/547/547 552/552/552 542/542/542
f 547/547/547 553/553/553 552/552/552
f 554/554/554 553/553/553 547/547/547
f 542/542/542 552/552/552 555/555/555
f 554/554/554 556/556/556 553/553/553
f 557/557/557 556/556/556 554/554/554
f 557/557/557 558/558/558 556/556/556
f 559/559/559 558/558/558 557/557/557
f 559/559/559 560/560/560 558/558/558
f 542/542/542 555/555/555 561/561/561
f 542/542/542 561/561/561 532/532/532
f 561/561/561 555/555/555 562/562/562
f 561/561/561 529/529/529 532/532/532
f 561/561/561 562/562/562 563/563/563
f 561/561/561 563/563/563 529/529/529
f 563/563/563 562/562/562 564/564/564
f 563/563/563 565/565/565 529/529/529
f 523/523/523 529/529/529 565/565/565
f 523/523/523 565/565/565 526/526/526
f 563/563/563 564/564/564 566/566/566
f 563/563/563 566/566/566 565/565/565
f 567/567/567 566/566/566 564/564/564
f 567/567/567 564/564/564 568/568/568
f 569/569/569 567/567/567 568/568/568
f 569/569/569 568/568/568 570/570/570
f 569/569/569 571/571/571 567/567/567
f 567/567/567 571/571/571 572/572/572
f 567/567/567 572/572/572 566/566/566
f 569/569/569 573/573/573 571/571/571
f 574/574/574 569/569/569 570/570/570
f 574/574/574 573/573/573 569/569/569
f 574/574/574 570/570/570 575/575/575
f 574/574/574 576/576/576 573/573/573
f 577/577/577 574/574/574 575/575/575
f 577/577/577 576/576/576 574/574/574
f 577/577/577 575/575/575 578/578/578
f 577/577/577 579/579/579 576/576/576
f 580/580/580 577/577/577 578/578/578
f 581/581/581 579/579/579 577/577/577
f 580/580/580 578/578/578 582/582/582
f 581/581/581 583/583/583 579/579/579
f 582/582/582 584/584/584 580/580/580
f 585/585/585 583/583/583 581/581/581
f 582/582/582 586/586/586 584/584/584
f 585/585/585 587/587/587 583/583/583
f 586/586/586 588/588/588 584/584/584
f 586/586/586 589/589/589 588/588/588
f 590/590/590 587/587/587 585/585/585
f 590/590/590 591/591/591 587/587/587
f 592/592/592 593/593/593 594/594/594
f 595/595/595 593/593/593 592/592/592
f 592/592/592 594/594/594 596/596/596
f 595/595/595 592/592/592 597/597/597
f 598/598/598 592/592/592 596/596/596
f 597/597/597 592/592/592 598/598/598
f 598/598/598 596/596/596 599/599/599
f 597/597/597 598/598/598 600/600/600
f 601/601/601 598/598/598 599/599/599
f 600/600/600 598/598/598 601/601/601
f 601/601/601 599/599/599 602/602/602
f 603/603/603 604/604/604 600/600/600
f 603/603/603 600/600/600 605/605/605
f 600/600/600 601/601/601 605/605/605
f 605/605/605 601/601/601 606/606/606
f 606/606/606 601/601/601 602/602/602
f 605/605/605 606/606/606 607/607/607
f 607/607/607 608/608/608 605/605/605
f 606/606/606 602/602/602 609/609/609
f 607/607/607 606/606/606 610/610/610
f 610/610/610 606/606/606 609/609/609
f 602/602/602 611/611/611 609/609/609
f 602/602/602 612/612/612 611/611/611
f 613/613/613 612/612/612 602/602/602
f 609/609/609 611/611/611 614/614/614
f 613/613/613 615/615/615 612/612/612
f 616/616/616 615/615/615 613/613/613
f 616/616/616 617/617/617 615/615/615
f 618/618/618 617/617/617 616/616/616
f 618/618/618 619/619/619 617/617/617
f 609/609/609 614/614/614 620/620/620
f 610/610/610 609/609/609 620/620/620
f 620/620/620 614/614/614 621/621/621
f 620/620/620 621/621/621 622/622/622
f 622/622/622 621/621/621 521/521/521
f 623/623/623 610/610/610 620/620/620
f 623/623/623 620/620/620 622/622/622
f 624/624/624 610/610/610 623/623/623
f 622/622/622 521/521/521 526/526/526
f 607/607/607 610/610/610 624/624/624
f 625/625/625 623/623/623 622/622/622
f 625/625/625 622/622/622 526/526/526
f 624/624/624 623/623/623 626/626/626
f 626/626/626 623/623/623 625/625/625
f 624/624/624 627/627/627 607/607/607
f 607/607/607 627/627/627 608/608/608
f 628/628/628 608/608/608 627/627/627
f 628/628/628 629/629/629 608/608/608
f 630/630/630 628/628/628 627/627/627
f 629/629/629 631/631/631 608/608/608
f 629/629/629 632/632/632 631/631/631
f 630/630/630 627/627/627 633/633/633
f 624/624/624 633/633/633 627/627/627
f 634/634/634 630/630/630 633/633/633
f 635/635/635 633/633/633 624/624/624
f 634/634/634 633/633/633 635/635/635
f 635/635/635 624/624/624 626/626/626
f 636/636/636 634/634/634 635/635/635
f 632/632/632 637/637/637 631/631/631
f 632/632/632 638/638/638 637/637/637
f 639/639/639 631/631/631 637/637/637
f 639/639/639 640/640/640 631/631/631
f 638/638/638 641/641/641 637/637/637
f 638/638/638 642/642/642 641/641/641
f 641/641/641 643/643/643 637/637/637
f 641/641/641 644/644/644 643/643/643
f 636/636/636 635/635/635 645/645/645
f 645/645/645 635/635/635 626/626/626
f 646/646/646 636/636/636 645/645/645
f 646/646/646 647/647/647 636/636/636
f 645/645/645 626/626/626 648/648/648
f 645/645/645 648/648/648 646/646/646
f 649/649/649 648/648/648 626/626/626
f 626/626/626 625/625/625 649/649/649
f 650/650/650 648/648/648 649/649/649
f 651/651/651 647/647/647 646/646/646
f 651/651/651 652/652/652 647/647/647
f 646/646/646 653/653/653 651/651/651
f 654/654/654 652/652/652 651/651/651
f 653/653/653 654/654/654 651/651/651
f 654/654/654 655/655/655 652/652/652
f 656/656/656 655/655/655 654/654/654
f 656/656/656 657/657/657 655/655/655
f 656/656/656 654/654/654 658/658/658
f 656/656/656 658/658/658 659/659/659
f 660/660/660 657/657/657 656/656/656
f 660/660/660 661/661/661 657/657/657
f 653/653/653 662/662/662 654/654/654
f 663/663/663 661/661/661 660/660/660
f 664/664/664 663/663/663 660/660/660
f 664/664/664 665/665/665 663/663/663
f 663/663/663 666/666/666 661/661/661
f 667/667/667 666/666/666 663/663/663
f 667/667/667 668/668/668 666/666/666
f 669/669/669 667/667/667 663/663/663
f 669/669/669 670/670/670 667/667/667
f 671/671/671 662/662/662 653/653/653
f 671/671/671 672/672/672 662/662/662
f 672/672/672 673/673/673 662/662/662
f 674/674/674 672/672/672 671/671/671
f 675/675/675 672/672/672 674/674/674
f 674/674/674 671/671/671 676/676/676
f 675/675/675 677/677/677 672/672/672
f 672/672/672 677/677/677 673/673/673
f 678/678/678 677/677/677 675/675/675
f 678/678/678 675/675/675 679/679/679
f 678/678/678 679/679/679 680/680/680
f 678/678/678 681/681/681 677/677/677
f 677/677/677 682/682/682 673/673/673
f 677/677/677 681/681/681 682/682/682
f 683/683/683 673/673/673 682/682/682
f 683/683/683 682/682/682 684/684/684
f 681/681/681 685/685/685 682/682/682
f 686/686/686 681/681/681 678/678/678
f 681/681/681 687/687/687 685/685/685
f 686/686/686 687/687/687 681/681/681
f 687/687/687 688/688/688 685/685/685
f 689/689/689 687/687/687 686/686/686
f 687/687/687 690/690/690 688/688/688
f 689/689/689 690/690/690 687/687/687
f 691/691/691 692/692/692 625/625/625
f 691/691/691 625/625/625 526/526/526
f 691/691/691 526/526/526 693/693/693
f 691/691/691 693/693/693 694/694/694
f 695/695/695 693/693/693 526/526/526
f 696/696/696 691/691/691 694/694/694
f 696/696/696 692/692/692 691/691/691
f 696/696/696 694/694/694 697/697/697
f 695/695/695 698/698/698 693/693/693
f 695/695/695 526/526/526 565/565/565
f 699/699/699 698/698/698 695/695/695
f 699/699/699 700/700/700 698/698/698
f 695/695/695 565/565/565 701/701/701
f 699/699/699 695/695/695 701/701/701
f 702/702/702 701/701/701 565/565/565
f 703/703/703 700/700/700 699/699/699
f 703/703/703 704/704/704 700/700/700
f 699/699/699 701/701/701 705/705/705
f 703/703/703 699/699/699 705/705/705
f 706/706/706 705/705/705 701/701/701
f 706/706/706 701/701/701 702/702/702
f 703/703/703 705/705/705 707/707/707
f 708/708/708 704/704/704 703/703/703
f 708/708/708 703/703/703 707/707/707
f 708/708/708 709/709/709 704/704/704
f 710/710/710 709/709/709 708/708/708
f 710/710/710 711/711/711 709/709/709
f 711/711/711 710/710/710 712/712/712
f 711/711/711 712/712/712 713/713/713
f 713/713/713 712/712/712 714/714/714
f 713/713/713 714/714/714 715/715/715
f 708/708/708 707/707/707 716/716/716
f 717/717/717 708/708/708 716/716/716
f 718/718/718 707/707/707 705/705/705
f 718/718/718 705/705/705 706/706/706
f 719/719/719 716/716/716 707/707/707
f 719/719/719 707/707/707 718/718/718
f 720/720/720 716/716/716 719/719/719
f 717/717/717 716/716/716 721/721/721
f 720/720/720 721/721/721 716/716/716
f 722/722/722 717/717/717 721/721/721
f 723/723/723 721/721/721 720/720/720
f 722/722/722 721/721/721 724/724/724
f 723/723/723 724/724/724 721/721/721
f 725/725/725 722/722/722 724/724/724
f 726/726/726 724/724/724 723/723/723
f 725/725/725 724/724/724 727/727/727
f 726/726/726 727/727/727 724/724/724
f 719/719/719 728/728/728 729/729/729
f 730/730/730 729/729/729 728/728/728
f 730/730/730 731/731/731 729/729/729
f 732/732/732 731/731/731 730/730/730
f 732/732/732 733/733/733 731/731/731
f 719/719/719 734/734/734 728/728/728
f 718/718/718 734/734/734 719/719/719
f 718/718/718 735/735/735 734/734/734
f 706/706/706 735/735/735 718/718/718
f 734/734/734 735/735/735 736/736/736
f 734/734/734 736/736/736 737/737/737
f 738/738/738 734/734/734 737/737/737
f 735/735/735 739/739/739 736/736/736
f 738/738/738 737/737/737 740/740/740
f 741/741/741 738/738/738 740/740/740
f 741/741/741 740/740/740 742/742/742
f 743/743/743 741/741/741 742/742/742
f 743/743/743 742/742/742 744/744/744
f 735/735/735 745/745/745 739/739/739
f 706/706/706 745/745/745 735/735/735
f 745/745/745 746/746/746 739/739/739
f 702/702/702 745/745/745 706/706/706
f 745/745/745 747/747/747 746/746/746
f 702/702/702 747/747/747 745/745/745
f 747/747/747 748/748/748 746/746/746
f 747/747/747 749/749/749 748/748/748
f 750/750/750 749/749/749 747/747/747
f 750/750/750 747/747/747 702/702/702
f 566/566/566 750/750/750 702/702/702
f 702/702/702 565/565/565 566/566/566
f 566/566/566 751/751/751 750/750/750
f 752/752/752 750/750/750 751/751/751
f 753/753/753 752/752/752 751/751/751
f 753/753/753 751/751/751 754/754/754
f 566/566/566 755/755/755 751/751/751
f 755/755/755 566/566/566 572/572/572
f 755/755/755 572/572/572 756/756/756
f 757/757/757 754/754/754 751/751/751
f 757/757/757 751/751/751 755/755/755
f 757/757/757 758/758/758 754/754/754
f 759/759/759 755/755/755 756/756/756
f 757/757/757 755/755/755 759/759/759
f 759/759/759 756/756/756 760/760/760
f 761/761/761 758/758/758 757/757/757
f 761/761/761 757/757/757 759/759/759
f 761/761/761 762/762/762 758/758/758
f 763/763/763 759/759/759 760/760/760
f 761/761/761 759/759/759 763/763/763
f 763/763/763 760/760/760 764/764/764
f 765/765/765 762/762/762 761/761/761
f 765/765/765 761/761/761 763/763/763
f 765/765/765 766/766/766 762/762/762
f 767/767/767 763/763/763 764/764/764
f 765/765/765 763/763/763 767/767/767
f 767/767/767 764/764/764 768/768/768
f 769/769/769 765/765/765 767/767/767
f 769/769/769 767/767/767 770/770/770
f 769/769/769 770/770/770 771/771/771
f 769/769/769 771/771/771 772/772/772
f 771/771/771 773/773/773 772/772/772
f 771/771/771 774/774/774 773/773/773
f 696/696/696 775/775/775 692/692/692
f 776/776/776 775/775/775 696/696/696
f 776/776/776 696/696/696 697/697/697
f 776/776/776 697/697/697 777/777/777
f 778/778/778 776/776/776 777/777/777
f 778/778/778 777/777/777 779/779/779
f 780/780/780 778/778/778 779/779/779
f 780/780/780 779/779/779 781/781/781
f 782/782/782 780/780/780 781/781/781
f 782/782/782 781/781/781 783/783/783
f 784/784/784 782/782/782 783/783/783
f 784/784/784 783/783/783 785/785/785
f 778/778/778 786/786/786 776/776/776
f 776/776/776 786/786/786 775/775/775
f 778/778/778 787/787/787 786/786/786
f 788/788/788 787/787/787 778/778/778
f 775/775/775 786/786/786 789/789/789
f 788/788/788 790/790/790 787/787/787
f 791/791/791 790/790/790 788/788/788
f 786/786/786 787/787/787 792/792/792
f 786/786/786 792/792/792 789/789/789
f 787/787/787 790/790/790 793/793/793
f 787/787/787 793/793/793 792/792/792
f 793/793/793 794/794/794 792/792/792
f 793/793/793 795/795/795 794/794/794
f 790/790/790 796/796/796 793/793/793
f 797/797/797 789/789/789 792/792/792
f 790/790/790 798/798/798 796/796/796
f 791/791/791 798/798/798 790/790/790
f 798/798/798 799/799/799 796/796/796
f 800/800/800 798/798/798 791/791/791
f 798/798/798 801/801/801 799/799/799
f 800/800/800 801/801/801 798/798/798
f 797/797/797 802/802/802 789/789/789
f 803/803/803 802/802/802 797/797/797
f 803/803/803 797/797/797 804/804/804
f 804/804/804 797/797/797 805/805/805
f 806/806/806 802/802/802 803/803/803
f 804/804/804 805/805/805 807/807/807
f 806/806/806 808/808/808 802/802/802
f 809/809/809 808/808/808 806/806/806
f 802/802/802 810/810/810 789/789/789
f 802/802/802 808/808/808 810/810/810
f 775/775/775 789/789/789 810/810/810
f 692/692/692 775/775/775 810/810/810
f 809/809/809 811/811/811 808/808/808
f 811/811/811 810/810/810 808/808/808
f 692/692/692 810/810/810 812/812/812
f 811/811/811 812/812/812 810/810/810
f 625/625/625 692/692/692 812/812/812
f 625/625/625 812/812/812 649/649/649
f 812/812/812 811/811/811 649/649/649
f 813/813/813 811/811/811 809/809/809
f 650/650/650 649/649/649 811/811/811
f 813/813/813 650/650/650 811/811/811
f 813/813/813 814/814/814 650/650/650
f 813/813/813 815/815/815 814/814/814
f 650/650/650 814/814/814 816/816/816
f 650/650/650 816/816/816 648/648/648
f 815/815/815 817/817/817 814/814/814
f 815/815/815 818/818/818 817/817/817
f 814/814/814 817/817/817 819/819/819
f 814/814/814 819/819/819 816/816/816
f 818/818/818 820/820/820 817/817/817
f 819/819/819 817/817/817 820/820/820
f 818/818/818 821/821/821 820/820/820
f 821/821/821 822/822/822 820/820/820
f 821/821/821 823/823/823 822/822/822
f 823/823/823 824/824/824 822/822/822
f 823/823/823 825/825/825 824/824/824
f 819/819/819 820/820/820 826/826/826
f 827/827/827 824/824/824 825/825/825
f 827/827/827 825/825/825 828/828/828
f 824/824/824 827/827/827 829/829/829
f 824/824/824 829/829/829 830/830/830
f 831/831/831 827/827/827 828/828/828
f 831/831/831 828/828/828 832/832/832
f 826/826/826 833/833/833 819/819/819
f 819/819/819 833/833/833 834/834/834
f 819/819/819 834/834/834 816/816/816
f 826/826/826 835/835/835 833/833/833
f 834/834/834 833/833/833 836/836/836
f 837/837/837 835/835/835 826/826/826
f 838/838/838 837/837/837 826/826/826
f 838/838/838 839/839/839 837/837/837
f 833/833/833 835/835/835 840/840/840
f 833/833/833 840/840/840 836/836/836
f 841/841/841 842/842/842 840/840/840
f 841/841/841 840/840/840 843/843/843
f 835/835/835 843/843/843 840/840/840
f 844/844/844 836/836/836 840/840/840
f 835/835/835 845/845/845 843/843/843
f 837/837/837 845/845/845 835/835/835
f 845/845/845 846/846/846 843/843/843
f 846/846/846 847/847/847 843/843/843
f 846/846/846 848/848/848 847/847/847
f 849/849/849 845/845/845 837/837/837
f 850/850/850 849/849/849 837/837/837
f 850/850/850 851/851/851 849/849/849
f 849/849/849 852/852/852 845/845/845
f 845/845/845 852/852/852 846/846/846
f 853/853/853 852/852/852 849/849/849
f 852/852/852 854/854/854 846/846/846
f 853/853/853 855/855/855 852/852/852
f 852/852/852 855/855/855 854/854/854
f 856/856/856 855/855/855 853/853/853
f 857/857/857 856/856/856 853/853/853
f 857/857/857 858/858/858 856/856/856
f 856/856/856 859/859/859 855/855/855
f 855/855/855 859/859/859 860/860/860
f 855/855/855 860/860/860 854/854/854
f 861/861/861 854/854/854 860/860/860
f 861/861/861 862/862/862 854/854/854
f 816/816/816 834/834/834 863/863/863
f 816/816/816 863/863/863 864/864/864
f 864/864/864 648/648/648 816/816/816
f 864/864/864 646/646/646 648/648/648
f 864/864/864 865/865/865 646/646/646
f 863/863/863 865/865/865 864/864/864
f 646/646/646 865/865/865 653/653/653
f 866/866/866 653/653/653 865/865/865
f 863/863/863 866/866/866 865/865/865
f 866/866/866 671/671/671 653/653/653
f 676/676/676 671/671/671 866/866/866
f 867/867/867 866/866/866 863/863/863
f 676/676/676 866/866/866 867/867/867
f 867/867/867 863/863/863 868/868/868
f 867/867/867 868/868/868 869/869/869
f 863/863/863 870/870/870 868/868/868
f 863/863/863 834/834/834 870/870/870
f 870/870/870 871/871/871 868/868/868
f 834/834/834 836/836/836 870/870/870
f 870/870/870 872/872/872 871/871/871
f 836/836/836 872/872/872 870/870/870
f 872/872/872 873/873/873 871/871/871
f 872/872/872 874/874/874 873/873/873
f 836/836/836 875/875/875 872/872/872
f 875/875/875 874/874/874 872/872/872
f 844/844/844 875/875/875 836/836/836
f 875/875/875 876/876/876 874/874/874
f 844/844/844 876/876/876 875/875/875
f 844/844/844 877/877/877 876/876/876
f 878/878/878 877/877/877 844/844/844
f 878/878/878 879/879/879 877/877/877
f 880/880/880 879/879/879 878/878/878
f 880/880/880 881/881/881 879/879/879
f 881/881/881 880/880/880 882/882/882
f 882/882/882 880/880/880 883/883/883
f 882/882/882 883/883/883 884/884/884
f 881/881/881 882/882/882 885/885/885
f 885/885/885 882/882/882 886/886/886
f 885/885/885 886/886/886 887/887/887
f 888/888/888 889/889/889 890/890/890
f 888/888/888 890/890/890 891/891/891
f 892/892/892 888/888/888 891/891/891
f 892/892/892 891/891/891 869/869/869
f 867/867/867 869/869/869 891/891/891
f 676/676/676 867/867/867 891/891/891
f 676/676/676 891/891/891 890/890/890
f 889/889/889 893/893/893 890/890/890
f 893/893/893 676/676/676 890/890/890
f 893/893/893 674/674/674 676/676/676
f 889/889/889 894/894/894 893/893/893
f 894/894/894 895/895/895 893/893/893
f 896/896/896 893/893/893 895/895/895
f 896/896/896 895/895/895 897/897/897
f 894/894/894 898/898/898 895/895/895
f 898/898/898 899/899/899 895/895/895
f 898/898/898 900/900/900 899/899/899
f 901/901/901 902/902/902 899/899/899
f 901/901/901 899/899/899 903/903/903
f 900/900/900 903/903/903 899/899/899
f 900/900/900 904/904/904 903/903/903
f 904/904/904 905/905/905 903/903/903
f 904/904/904 906/906/906 905/905/905
f 905/905/905 907/907/907 903/903/903
f 905/905/905 908/908/908 907/907/907
f 807/807/807 805/805/805 909/909/909
f 909/909/909 805/805/805 910/910/910
f 909/909/909 910/910/910 911/911/911
f 807/807/807 909/909/909 912/912/912
f 912/912/912 909/909/909 913/913/913
f 912/912/912 913/913/913 914/914/914
f 913/913/913 909/909/909 915/915/915
f 913/913/913 915/915/915 916/916/916
f 917/917/917 918/918/918 919/919/919
f 917/917/917 919/919/919 920/920/920
f 917/917/917 920/920/920 921/921/921
f 917/917/917 921/921/921 922/922/922
f 922/922/922 921/921/921 923/923/923
f 922/922/922 923/923/923 924/924/924
f 925/925/925 926/926/926 927/927/927
f 925/925/925 927/927/927 928/928/928
f 929/929/929 925/925/925 928/928/928
f 929/929/929 928/928/928 930/930/930
f 931/931/931 929/929/929 930/930/930
f 931/931/931 930/930/930 932/932/932
f 933/933/933 934/934/934 935/935/935
f 933/933/933 935/935/935 936/936/936
f 937/937/937 935/935/935 934/934/934
f 937/937/937 938/938/938 935/935/935
f 939/939/939 937/937/937 934/934/934
f 940/940/940 938/938/938 937/937/937
f 940/940/940 941/941/941 938/938/938
f 942/942/942 940/940/940 937/937/937
f 942/942/942 937/937/937 939/939/939
f 943/943/943 941/941/941 940/940/940
f 942/942/942 943/943/943 940/940/940
f 943/943/943 944/944/944 941/941/941
f 945/945/945 944/944/944 943/943/943
f 945/945/945 946/946/946 944/944/944
f 947/947/947 945/945/945 943/943/943
f 942/942/942 947/947/947 943/943/943
f 948/948/948 946/946/946 945/945/945
f 948/948/948 949/949/949 946/946/946
f 947/947/947 950/950/950 945/945/945
f 951/951/951 949/949/949 948/948/948
f 951/951/951 952/952/952 949/949/949
f 948/948/948 953/953/953 951/951/951
f 948/948/948 954/954/954 953/953/953
f 955/955/955 952/952/952 951/951/951
f 955/955/955 956/956/956 952/952/952
f 955/955/955 951/951/951 957/957/957
f 955/955/955 957/957/957 958/958/958
f 947/947/947 942/942/942 959/959/959
f 950/950/950 947/947/947 960/960/960
f 947/947/947 959/959/959 960/960/960
f 942/942/942 961/961/961 959/959/959
f 942/942/942 939/939/939 961/961/961
f 962/962/962 959/959/959 961/961/961
f 963/963/963 960/960/960 959/959/959
f 963/963/963 959/959/959 962/962/962
f 964/964/964 960/960/960 963/963/963
f 950/950/950 960/960/960 965/965/965
f 964/964/964 965/965/965 960/960/960
f 966/966/966 950/950/950 965/965/965
f 966/966/966 967/967/967 950/950/950
f 966/966/966 968/968/968 967/967/967
f 966/966/966 965/965/965 969/969/969
f 970/970/970 966/966/966 969/969/969
f 971/971/971 965/965/965 964/964/964
f 971/971/971 969/969/969 965/965/965
f 971/971/971 964/964/964 972/972/972
f 971/971/971 972/972/972 973/973/973
f 974/974/974 969/969/969 971/971/971
f 970/970/970 969/969/969 975/975/975
f 974/974/974 975/975/975 969/969/969
f 976/976/976 970/970/970 975/975/975
f 977/977/977 975/975/975 974/974/974
f 976/976/976 975/975/975 978/978/978
f 977/977/977 978/978/978 975/975/975
f 963/963/963 979/979/979 964/964/964
f 963/963/963 980/980/980 979/979/979
f 962/962/962 980/980/980 963/963/963
f 979/979/979 980/980/980 981/981/981
f 979/979/979 981/981/981 982/982/982
f 983/983/983 979/979/979 982/982/982
f 980/980/980 984/984/984 981/981/981
f 983/983/983 982/982/982 985/985/985
f 980/980/980 986/986/986 984/984/984
f 962/962/962 986/986/986 980/980/980
f 986/986/986 987/987/987 984/984/984
f 988/988/988 983/983/983 985/985/985
f 986/986/986 989/989/989 987/987/987
f 962/962/962 989/989/989 986/986/986
f 988/988/988 990/990/990 983/983/983
f 988/988/988 991/991/991 990/990/990
f 988/988/988 985/985/985 992/992/992
f 988/988/988 992/992/992 993/993/993
f 988/988/988 993/993/993 994/994/994
f 994/994/994 995/995/995 988/988/988
f 994/994/994 996/996/996 995/995/995
f 989/989/989 997/997/997 987/987/987
f 962/962/962 998/998/998 989/989/989
f 962/962/962 961/961/961 998/998/998
f 989/989/989 999/999/999 997/997/997
f 998/998/998 961/961/961 1000/1000/1000
f 998/998/998 1001/1001/1001 989/989/989
f 998/998/998 1000/1000/1000 1001/1001/1001
f 1001/1001/1001 999/999/999 989/989/989
f 939/939/939 1000/1000/1000 961/961/961
f 1002/1002/1002 997/997/997 999/999/999
f 1002/1002/1002 1003/1003/1003 997/997/997
f 1001/1001/1001 1004/1004/1004 999/999/999
f 1005/1005/1005 1003/1003/1003 1002/1002/1002
f 1005/1005/1005 1006/1006/1006 1003/1003/1003
f 1001/1001/1001 1007/1007/1007 1004/1004/1004
f 1007/1007/1007 1001/1001/1001 1000/1000/1000
f 999/999/999 1004/1004/1004 1008/1008/1008
f 1009/1009/1009 1006/1006/1006 1005/1005/1005
f 1009/1009/1009 1010/1010/1010 1006/1006/1006
f 1009/1009/1009 1005/1005/1005 1011/1011/1011
f 1002/1002/1002 1011/1011/1011 1005/1005/1005
f 1012/1012/1012 1010/1010/1010 1009/1009/1009
f 1012/1012/1012 1013/1013/1013 1010/1010/1010
f 1014/1014/1014 1012/1012/1012 1009/1009/1009
f 1014/1014/1014 1015/1015/1015 1012/1012/1012
f 1016/1016/1016 1013/1013/1013 1012/1012/1012
f 1016/1016/1016 1017/1017/1017 1013/1013/1013
f 1009/1009/1009 1011/1011/1011 1018/1018/1018
f 1019/1019/1019 1017/1017/1017 1016/1016/1016
f 1019/1019/1019 1020/1020/1020 1017/1017/1017
f 1016/1016/1016 1021/1021/1021 1019/1019/1019
f 1016/1016/1016 1022/1022/1022 1021/1021/1021
f 1023/1023/1023 1020/1020/1020 1019/1019/1019
f 1023/1023/1023 1024/1024/1024 1020/1020/1020
f 1023/1023/1023 1019/1019/1019 1025/1025/1025
f 1023/1023/1023 1025/1025/1025 1026/1026/1026
f 1018/1018/1018 1011/1011/1011 1027/1027/1027
f 1018/1018/1018 1027/1027/1027 1028/1028/1028
f 1029/1029/1029 1018/1018/1018 1028/1028/1028
f 1030/1030/1030 1028/1028/1028 1027/1027/1027
f 1031/1031/1031 1028/1028/1028 1030/1030/1030
f 1030/1030/1030 1027/1027/1027 1032/1032/1032
f 1031/1031/1031 1033/1033/1033 1028/1028/1028
f 1029/1029/1029 1028/1028/1028 1033/1033/1033
f 1034/1034/1034 1033/1033/1033 1031/1031/1031
f 1035/1035/1035 1034/1034/1034 1031/1031/1031
f 1035/1035/1035 1036/1036/1036 1034/1034/1034
f 1037/1037/1037 1029/1029/1029 1033/1033/1033
f 1038/1038/1038 1029/1029/1029 1037/1037/1037
f 1038/1038/1038 1037/1037/1037 1039/1039/1039
f 1037/1037/1037 1033/1033/1033 1040/1040/1040
f 1034/1034/1034 1040/1040/1040 1033/1033/1033
f 1041/1041/1041 1037/1037/1037 1040/1040/1040
f 1042/1042/1042 1040/1040/1040 1034/1034/1034
f 1041/1041/1041 1040/1040/1040 1043/1043/1043
f 1042/1042/1042 1043/1043/1043 1040/1040/1040
f 1044/1044/1044 1041/1041/1041 1043/1043/1043
f 1045/1045/1045 1043/1043/1043 1042/1042/1042
f 1044/1044/1044 1043/1043/1043 1046/1046/1046
f 1045/1045/1045 1046/1046/1046 1043/1043/1043
f 1047/1047/1047 933/933/933 936/936/936
f 1047/1047/1047 936/936/936 1048/1048/1048
f 1049/1049/1049 1047/1047/1047 1048/1048/1048
f 1049/1049/1049 1048/1048/1048 1050/1050/1050
f 1049/1049/1049 1051/1051/1051 1047/1047/1047
f 933/933/933 1047/1047/1047 1051/1051/1051
f 1052/1052/1052 1049/1049/1049 1050/1050/1050
f 1052/1052/1052 1050/1050/1050 1053/1053/1053
f 1054/1054/1054 1052/1052/1052 1053/1053/1053
f 1054/1054/1054 1053/1053/1053 1055/1055/1055
f 1056/1056/1056 1049/1049/1049 1052/1052/1052
f 1049/1049/1049 1056/1056/1056 1051/1051/1051
f 1056/1056/1056 1052/1052/1052 1057/1057/1057
f 1058/1058/1058 1054/1054/1054 1055/1055/1055
f 1058/1058/1058 1059/1059/1059 1054/1054/1054
f 1058/1058/1058 1060/1060/1060 1059/1059/1059
f 1058/1058/1058 1055/1055/1055 1061/1061/1061
f 1062/1062/1062 1058/1058/1058 1061/1061/1061
f 1062/1062/1062 1061/1061/1061 1063/1063/1063
f 1062/1062/1062 1064/1064/1064 1058/1058/1058
f 1062/1062/1062 1065/1065/1065 1064/1064/1064
f 1056/1056/1056 1066/1066/1066 1051/1051/1051
f 1057/1057/1057 1067/1067/1067 1056/1056/1056
f 1056/1056/1056 1067/1067/1067 1066/1066/1066
f 1057/1057/1057 1068/1068/1068 1067/1067/1067
f 1051/1051/1051 1066/1066/1066 1069/1069/1069
f 1070/1070/1070 1068/1068/1068 1057/1057/1057
f 1071/1071/1071 1070/1070/1070 1057/1057/1057
f 1071/1071/1071 1072/1072/1072 1070/1070/1070
f 1073/1073/1073 1067/1067/1067 1068/1068/1068
f 1074/1074/1074 1073/1073/1073 1068/1068/1068
f 1073/1073/1073 1075/1075/1075 1067/1067/1067
f 1075/1075/1075 1066/1066/1066 1067/1067/1067
f 1075/1075/1075 1073/1073/1073 1076/1076/1076
f 1070/1070/1070 1077/1077/1077 1068/1068/1068
f 1074/1074/1074 1068/1068/1068 1077/1077/1077
f 1078/1078/1078 1077/1077/1077 1070/1070/1070
f 1079/1079/1079 1074/1074/1074 1077/1077/1077
f 1080/1080/1080 1074/1074/1074 1079/1079/1079
f 1080/1080/1080 1079/1079/1079 1081/1081/1081
f 1079/1079/1079 1077/1077/1077 1082/1082/1082
f 1078/1078/1078 1082/1082/1082 1077/1077/1077
f 1083/1083/1083 1079/1079/1079 1082/1082/1082
f 1084/1084/1084 1082/1082/1082 1078/1078/1078
f 1083/1083/1083 1082/1082/1082 1085/1085/1085
f 1084/1084/1084 1085/1085/1085 1082/1082/1082
f 1075/1075/1075 1086/1086/1086 1066/1066/1066
f 1086/1086/1086 1069/1069/1069 1066/1066/1066
f 1087/1087/1087 1086/1086/1086 1075/1075/1075
f 1075/1075/1075 1076/1076/1076 1087/1087/1087
f 1086/1086/1086 1088/1088/1088 1069/1069/1069
f 1076/1076/1076 1089/1089/1089 1087/1087/1087
f 1076/1076/1076 1090/1090/1090 1089/1089/1089
f 1087/1087/1087 1089/1089/1089 1091/1091/1091
f 1092/1092/1092 1090/1090/1090 1076/1076/1076
f 1092/1092/1092 1076/1076/1076 1093/1093/1093
f 1092/1092/1092 1093/1093/1093 1094/1094/1094
f 1092/1092/1092 1095/1095/1095 1090/1090/1090
f 1096/1096/1096 1095/1095/1095 1092/1092/1092
f 1096/1096/1096 1097/1097/1097 1095/1095/1095
f 1098/1098/1098 1097/1097/1097 1096/1096/1096
f 1098/1098/1098 1099/1099/1099 1097/1097/1097
f 1098/1098/1098 1096/1096/1096 1100/1100/1100
f 1098/1098/1098 1100/1100/1100 1101/1101/1101
f 1087/1087/1087 1091/1091/1091 1102/1102/1102
f 1087/1087/1087 1102/1102/1102 1086/1086/1086
f 1102/1102/1102 1091/1091/1091 1103/1103/1103
f 1102/1102/1102 1088/1088/1088 1086/1086/1086
f 1102/1102/1102 1103/1103/1103 1104/1104/1104
f 1102/1102/1102 1104/1104/1104 1088/1088/1088
f 1104/1104/1104 1103/1103/1103 1105/1105/1105
f 1104/1104/1104 1106/1106/1106 1088/1088/1088
f 1104/1104/1104 1105/1105/1105 1106/1106/1106
f 1106/1106/1106 1107/1107/1107 1088/1088/1088
f 1108/1108/1108 1106/1106/1106 1105/1105/1105
f 1108/1108/1108 1105/1105/1105 1109/1109/1109
f 1110/1110/1110 1108/1108/1108 1109/1109/1109
f 1110/1110/1110 1109/1109/1109 1111/1111/1111
f 1112/1112/1112 1106/1106/1106 1108/1108/1108
f 1113/1113/1113 1110/1110/1110 1111/1111/1111
f 1113/1113/1113 1111/1111/1111 1114/1114/1114
f 1115/1115/1115 1108/1108/1108 1110/1110/1110
f 1115/1115/1115 1112/1112/1112 1108/1108/1108
f 1116/1116/1116 1110/1110/1110 1113/1113/1113
f 1115/1115/1115 1110/1110/1110 1116/1116/1116
f 1117/1117/1117 1113/1113/1113 1114/1114/1114
f 1117/1117/1117 1114/1114/1114 1118/1118/1118
f 1119/1119/1119 1117/1117/1117 1118/1118/1118
f 1119/1119/1119 1118/1118/1118 1120/1120/1120
f 1121/1121/1121 1119/1119/1119 1120/1120/1120
f 1121/1121/1121 1120/1120/1120 1122/1122/1122
f 1121/1121/1121 1122/1122/1122 1123/1123/1123
f 1121/1121/1121 1123/1123/1123 1124/1124/1124
f 1125/1125/1125 1113/1113/1113 1117/1117/1117
f 1116/1116/1116 1113/1113/1113 1125/1125/1125
f 1125/1125/1125 1117/1117/1117 1126/1126/1126
f 1125/1125/1125 1127/1127/1127 1116/1116/1116
f 1125/1125/1125 1128/1128/1128 1127/1127/1127
f 1126/1126/1126 1128/1128/1128 1125/1125/1125
f 1116/1116/1116 1127/1127/1127 1129/1129/1129
f 1116/1116/1116 1129/1129/1129 1115/1115/1115
f 1115/1115/1115 1129/1129/1129 1130/1130/1130
f 1126/1126/1126 1131/1131/1131 1128/1128/1128
f 1115/1115/1115 1130/1130/1130 1112/1112/1112
f 1126/1126/1126 1132/1132/1132 1133/1133/1133
f 1126/1126/1126 1133/1133/1133 1134/1134/1134
f 1134/1134/1134 1131/1131/1131 1126/1126/1126
f 1134/1134/1134 1135/1135/1135 1131/1131/1131
f 1136/1136/1136 1134/1134/1134 1137/1137/1137
f 1136/1136/1136 1138/1138/1138 1134/1134/1134
f 1138/1138/1138 1135/1135/1135 1134/1134/1134
f 1138/1138/1138 1139/1139/1139 1135/1135/1135
f 1140/1140/1140 1139/1139/1139 1138/1138/1138
f 1140/1140/1140 1141/1141/1141 1139/1139/1139
f 1142/1142/1142 1140/1140/1140 1138/1138/1138
f 1142/1142/1142 1138/1138/1138 1143/1143/1143
f 1144/1144/1144 1112/1112/1112 1130/1130/1130
f 1144/1144/1144 1130/1130/1130 1145/1145/1145
f 1112/1112/1112 1144/1144/1144 1146/1146/1146
f 1112/1112/1112 1146/1146/1146 1106/1106/1106
f 1106/1106/1106 1146/1146/1146 1107/1107/1107
f 1144/1144/1144 1147/1147/1147 1146/1146/1146
f 1107/1107/1107 1146/1146/1146 1147/1147/1147
f 1148/1148/1148 1144/1144/1144 1145/1145/1145
f 1148/1148/1148 1145/1145/1145 1149/1149/1149
f 1150/1150/1150 1148/1148/1148 1149/1149/1149
f 1150/1150/1150 1149/1149/1149 1151/1151/1151
f 1152/1152/1152 1150/1150/1150 1151/1151/1151
f 1152/1152/1152 1151/1151/1151 1153/1153/1153
f 1150/1150/1150 1152/1152/1152 1154/1154/1154
f 1148/1148/1148 1150/1150/1150 1155/1155/1155
f 1150/1150/1150 1154/1154/1154 1155/1155/1155
f 1156/1156/1156 1144/1144/1144 1148/1148/1148
f 1148/1148/1148 1155/1155/1155 1156/1156/1156
f 1156/1156/1156 1157/1157/1157 1144/1144/1144
f 1144/1144/1144 1157/1157/1157 1147/1147/1147
f 1158/1158/1158 1156/1156/1156 1155/1155/1155
f 1159/1159/1159 1155/1155/1155 1154/1154/1154
f 1159/1159/1159 1158/1158/1158 1155/1155/1155
f 1160/1160/1160 1159/1159/1159 1154/1154/1154
f 1160/1160/1160 1154/1154/1154 1161/1161/1161
f 1162/1162/1162 1158/1158/1158 1159/1159/1159
f 1162/1162/1162 1159/1159/1159 1163/1163/1163
f 1163/1163/1163 1164/1164/1164 1162/1162/1162
f 1163/1163/1163 1165/1165/1165 1164/1164/1164
f 1162/1162/1162 1164/1164/1164 1166/1166/1166
f 1162/1162/1162 1166/1166/1166 1167/1167/1167
f 1167/1167/1167 1158/1158/1158 1162/1162/1162
f 1167/1167/1167 1166/1166/1166 1168/1168/1168
f 1158/1158/1158 1169/1169/1169 1156/1156/1156
f 1167/1167/1167 1169/1169/1169 1158/1158/1158
f 1169/1169/1169 1157/1157/1157 1156/1156/1156
f 1167/1167/1167 1168/1168/1168 1170/1170/1170
f 1170/1170/1170 1169/1169/1169 1167/1167/1167
f 1170/1170/1170 1168/1168/1168 1171/1171/1171
f 1170/1170/1170 1171/1171/1171 1172/1172/1172
f 1170/1170/1170 1173/1173/1173 1169/1169/1169
f 1169/1169/1169 1173/1173/1173 1157/1157/1157
f 1172/1172/1172 1173/1173/1173 1170/1170/1170
f 1172/1172/1172 1174/1174/1174 1173/1173/1173
f 1147/1147/1147 1157/1157/1157 1173/1173/1173
f 1147/1147/1147 1173/1173/1173 1174/1174/1174
f 1147/1147/1147 1174/1174/1174 1175/1175/1175
f 1175/1175/1175 1174/1174/1174 1176/1176/1176
f 1147/1147/1147 1175/1175/1175 1177/1177/1177
f 1107/1107/1107 1147/1147/1147 1177/1177/1177
f 1175/1175/1175 1176/1176/1176 1178/1178/1178
f 1178/1178/1178 1176/1176/1176 1179/1179/1179
f 1178/1178/1178 1179/1179/1179 1180/1180/1180
f 1181/1181/1181 1178/1178/1178 1180/1180/1180
f 1181/1181/1181 1175/1175/1175 1178/1178/1178
f 1181/1181/1181 1180/1180/1180 1182/1182/1182
f 1181/1181/1181 1183/1183/1183 1175/1175/1175
f 1177/1177/1177 1175/1175/1175 1183/1183/1183
f 1184/1184/1184 1181/1181/1181 1182/1182/1182
f 1184/1184/1184 1183/1183/1183 1181/1181/1181
f 1184/1184/1184 1182/1182/1182 1185/1185/1185
f 1186/1186/1186 1184/1184/1184 1185/1185/1185
f 1186/1186/1186 1185/1185/1185 1187/1187/1187
f 1184/1184/1184 1188/1188/1188 1183/1183/1183
f 1188/1188/1188 1184/1184/1184 1186/1186/1186
f 1188/1188/1188 1186/1186/1186 1189/1189/1189
f 1190/1190/1190 1186/1186/1186 1187/1187/1187
f 1190/1190/1190 1191/1191/1191 1186/1186/1186
f 1190/1190/1190 1192/1192/1192 1191/1191/1191
f 1190/1190/1190 1187/1187/1187 1193/1193/1193
f 1194/1194/1194 1190/1190/1190 1193/1193/1193
f 1194/1194/1194 1195/1195/1195 1190/1190/1190
f 1194/1194/1194 1196/1196/1196 1195/1195/1195
f 1194/1194/1194 1193/1193/1193 1197/1197/1197
f 1198/1198/1198 1194/1194/1194 1197/1197/1197
f 1198/1198/1198 1197/1197/1197 1199/1199/1199
f 1198/1198/1198 1200/1200/1200 1194/1194/1194
f 1198/1198/1198 1201/1201/1201 1200/1200/1200
f 1202/1202/1202 1188/1188/1188 1189/1189/1189
f 1203/1203/1203 1188/1188/1188 1202/1202/1202
f 1203/1203/1203 1183/1183/1183 1188/1188/1188
f 1177/1177/1177 1183/1183/1183 1203/1203/1203
f 1202/1202/1202 1189/1189/1189 1204/1204/1204
f 1204/1204/1204 1189/1189/1189 1205/1205/1205
f 1206/1206/1206 1177/1177/1177 1203/1203/1203
f 1206/1206/1206 1107/1107/1107 1177/1177/1177
f 1207/1207/1207 1203/1203/1203 1202/1202/1202
f 1206/1206/1206 1203/1203/1203 1207/1207/1207
f 1208/1208/1208 1202/1202/1202 1204/1204/1204
f 1207/1207/1207 1202/1202/1202 1208/1208/1208
f 1204/1204/1204 1205/1205/1205 1209/1209/1209
f 1210/1210/1210 1209/1209/1209 1205/1205/1205
f 1211/1211/1211 1204/1204/1204 1209/1209/1209
f 1211/1211/1211 1209/1209/1209 1212/1212/1212
f 1210/1210/1210 1213/1213/1213 1209/1209/1209
f 1214/1214/1214 1213/1213/1213 1210/1210/1210
f 1214/1214/1214 1215/1215/1215 1213/1213/1213
f 1216/1216/1216 1213/1213/1213 1215/1215/1215
f 1216/1216/1216 1215/1215/1215 1217/1217/1217
f 1208/1208/1208 1204/1204/1204 1218/1218/1218
f 1218/1218/1218 1219/1219/1219 1208/1208/1208
f 1208/1208/1208 1220/1220/1220 1207/1207/1207
f 1208/1208/1208 1219/1219/1219 1220/1220/1220
f 1218/1218/1218 1221/1221/1221 1219/1219/1219
f 1207/1207/1207 1220/1220/1220 1222/1222/1222
f 1207/1207/1207 1222/1222/1222 1206/1206/1206
f 1223/1223/1223 1221/1221/1221 1218/1218/1218
f 1224/1224/1224 1222/1222/1222 1220/1220/1220
f 1223/1223/1223 1225/1225/1225 1226/1226/1226
f 1223/1223/1223 1226/1226/1226 1227/1227/1227
f 1223/1223/1223 1228/1228/1228 1221/1221/1221
f 1227/1227/1227 1228/1228/1228 1223/1223/1223
f 1229/1229/1229 1221/1221/1221 1228/1228/1228
f 1227/1227/1227 1230/1230/1230 1228/1228/1228
f 1231/1231/1231 1230/1230/1230 1227/1227/1227
f 1231/1231/1231 1232/1232/1232 1230/1230/1230
f 1233/1233/1233 1230/1230/1230 1232/1232/1232
f 1234/1234/1234 1228/1228/1228 1230/1230/1230
f 1233/1233/1233 1234/1234/1234 1230/1230/1230
f 1234/1234/1234 1229/1229/1229 1228/1228/1228
f 1233/1233/1233 1235/1235/1235 1234/1234/1234
f 1233/1233/1233 1236/1236/1236 1235/1235/1235
f 1229/1229/1229 1237/1237/1237 1238/1238/1238
f 1229/1229/1229 1238/1238/1238 1239/1239/1239
f 1229/1229/1229 1239/1239/1239 1221/1221/1221
f 1239/1239/1239 1219/1219/1219 1221/1221/1221
f 1239/1239/1239 1240/1240/1240 1219/1219/1219
f 1240/1240/1240 1220/1220/1220 1219/1219/1219
f 1239/1239/1239 1241/1241/1241 1240/1240/1240
f 1240/1240/1240 1224/1224/1224 1220/1220/1220
f 1224/1224/1224 1240/1240/1240 1241/1241/1241
f 1239/1239/1239 1242/1242/1242 1241/1241/1241
f 1242/1242/1242 1243/1243/1243 1241/1241/1241
f 1242/1242/1242 1244/1244/1244 1243/1243/1243
f 1241/1241/1241 1243/1243/1243 1245/1245/1245
f 1246/1246/1246 1244/1244/1244 1242/1242/1242
f 1246/1246/1246 1247/1247/1247 1244/1244/1244
f 1241/1241/1241 1245/1245/1245 1248/1248/1248
f 1224/1224/1224 1241/1241/1241 1248/1248/1248
f 1248/1248/1248 1245/1245/1245 1249/1249/1249
f 1247/1247/1247 1246/1246/1246 1250/1250/1250
f 1247/1247/1247 1250/1250/1250 1251/1251/1251
f 1252/1252/1252 1250/1250/1250 1246/1246/1246
f 1252/1252/1252 1246/1246/1246 1253/1253/1253
f 1251/1251/1251 1250/1250/1250 1254/1254/1254
f 1251/1251/1251 1254/1254/1254 1255/1255/1255
f 1248/1248/1248 1249/1249/1249 1256/1256/1256
f 1224/1224/1224 1248/1248/1248 1256/1256/1256
f 1256/1256/1256 1249/1249/1249 1257/1257/1257
f 1224/1224/1224 1256/1256/1256 1258/1258/1258
f 1224/1224/1224 1258/1258/1258 1222/1222/1222
f 1256/1256/1256 1257/1257/1257 1259/1259/1259
f 1258/1258/1258 1256/1256/1256 1259/1259/1259
f 1260/1260/1260 1259/1259/1259 1257/1257/1257
f 1260/1260/1260 1257/1257/1257 1261/1261/1261
f 1258/1258/1258 1259/1259/1259 1262/1262/1262
f 1258/1258/1258 1263/1263/1263 1222/1222/1222
f 1206/1206/1206 1222/1222/1222 1263/1263/1263
f 1206/1206/1206 1263/1263/1263 1107/1107/1107
f 1088/1088/1088 1107/1107/1107 1263/1263/1263
f 1088/1088/1088 1263/1263/1263 1069/1069/1069
f 1258/1258/1258 1264/1264/1264 1263/1263/1263
f 1264/1264/1264 1258/1258/1258 1262/1262/1262
f 1265/1265/1265 1069/1069/1069 1263/1263/1263
f 1265/1265/1265 1263/1263/1263 1264/1264/1264
f 1051/1051/1051 1069/1069/1069 1265/1265/1265
f 933/933/933 1051/1051/1051 1265/1265/1265
f 933/933/933 1265/1265/1265 1264/1264/1264
f 933/933/933 1264/1264/1264 1262/1262/1262
f 934/934/934 933/933/933 1262/1262/1262
f 939/939/939 934/934/934 1262/1262/1262
f 1266/1266/1266 939/939/939 1262/1262/1262
f 1266/1266/1266 1262/1262/1262 1259/1259/1259
f 939/939/939 1266/1266/1266 1000/1000/1000
f 1266/1266/1266 1259/1259/1259 1260/1260/1260
f 1267/1267/1267 1000/1000/1000 1266/1266/1266
f 1267/1267/1267 1266/1266/1266 1260/1260/1260
f 1267/1267/1267 1268/1268/1268 1000/1000/1000
f 1260/1260/1260 1269/1269/1269 1267/1267/1267
f 1269/1269/1269 1268/1268/1268 1267/1267/1267
f 1007/1007/1007 1000/1000/1000 1268/1268/1268
f 1260/1260/1260 1270/1270/1270 1269/1269/1269
f 1270/1270/1270 1260/1260/1260 1261/1261/1261
f 1270/1270/1270 1261/1261/1261 1271/1271/1271
f 1272/1272/1272 1270/1270/1270 1271/1271/1271
f 1269/1269/1269 1270/1270/1270 1272/1272/1272
f 1272/1272/1272 1271/1271/1271 1273/1273/1273
f 1274/1274/1274 1272/1272/1272 1273/1273/1273
f 1274/1274/1274 1273/1273/1273 1275/1275/1275
f 1276/1276/1276 1274/1274/1274 1275/1275/1275
f 1276/1276/1276 1275/1275/1275 1277/1277/1277
f 1278/1278/1278 1272/1272/1272 1274/1274/1274
f 1269/1269/1269 1272/1272/1272 1278/1278/1278
f 1278/1278/1278 1274/1274/1274 1279/1279/1279
f 1280/1280/1280 1276/1276/1276 1277/1277/1277
f 1281/1281/1281 1276/1276/1276 1280/1280/1280
f 1281/1281/1281 1280/1280/1280 1282/1282/1282
f 1280/1280/1280 1277/1277/1277 1283/1283/1283
f 1284/1284/1284 1280/1280/1280 1283/1283/1283
f 1284/1284/1284 1283/1283/1283 1285/1285/1285
f 1286/1286/1286 1280/1280/1280 1284/1284/1284
f 1286/1286/1286 1284/1284/1284 1287/1287/1287
f 1278/1278/1278 1288/1288/1288 1269/1269/1269
f 1269/1269/1269 1288/1288/1288 1268/1268/1268
f 1278/1278/1278 1289/1289/1289 1288/1288/1288
f 1279/1279/1279 1289/1289/1289 1278/1278/1278
f 1290/1290/1290 1268/1268/1268 1288/1288/1288
f 1290/1290/1290 1007/1007/1007 1268/1268/1268
f 1291/1291/1291 1288/1288/1288 1289/1289/1289
f 1291/1291/1291 1290/1290/1290 1288/1288/1288
f 1279/1279/1279 1292/1292/1292 1289/1289/1289
f 1293/1293/1293 1291/1291/1291 1289/1289/1289
f 1293/1293/1293 1289/1289/1289 1292/1292/1292
f 1293/1293/1293 1294/1294/1294 1291/1291/1291
f 1290/1290/1290 1291/1291/1291 1294/1294/1294
f 1295/1295/1295 1292/1292/1292 1279/1279/1279
f 1295/1295/1295 1279/1279/1279 1296/1296/1296
f 1295/1295/1295 1296/1296/1296 1297/1297/1297
f 1295/1295/1295 1298/1298/1298 1292/1292/1292
f 1299/1299/1299 1298/1298/1298 1295/1295/1295
f 1300/1300/1300 1293/1293/1293 1292/1292/1292
f 1300/1300/1300 1292/1292/1292 1298/1298/1298
f 1300/1300/1300 1301/1301/1301 1293/1293/1293
f 1300/1300/1300 1302/1302/1302 1301/1301/1301
f 1303/1303/1303 1300/1300/1300 1298/1298/1298
f 1299/1299/1299 1304/1304/1304 1298/1298/1298
f 1303/1303/1303 1298/1298/1298 1304/1304/1304
f 1305/1305/1305 1304/1304/1304 1299/1299/1299
f 1306/1306/1306 1303/1303/1303 1304/1304/1304
f 1305/1305/1305 1307/1307/1307 1304/1304/1304
f 1306/1306/1306 1304/1304/1304 1307/1307/1307
f 1293/1293/1293 1308/1308/1308 1294/1294/1294
f 1309/1309/1309 1294/1294/1294 1308/1308/1308
f 1309/1309/1309 1308/1308/1308 1310/1310/1310
f 1311/1311/1311 1294/1294/1294 1309/1309/1309
f 1310/1310/1310 1308/1308/1308 1312/1312/1312
f 1310/1310/1310 1312/1312/1312 1313/1313/1313
f 1311/1311/1311 1314/1314/1314 1294/1294/1294
f 1315/1315/1315 1314/1314/1314 1311/1311/1311
f 1290/1290/1290 1294/1294/1294 1314/1314/1314
f 1315/1315/1315 1316/1316/1316 1314/1314/1314
f 1316/1316/1316 1290/1290/1290 1314/1314/1314
f 1317/1317/1317 1316/1316/1316 1315/1315/1315
f 1316/1316/1316 1007/1007/1007 1290/1290/1290
f 1007/1007/1007 1316/1316/1316 1318/1318/1318
f 1317/1317/1317 1318/1318/1318 1316/1316/1316
f 1007/1007/1007 1318/1318/1318 1004/1004/1004
f 1319/1319/1319 1318/1318/1318 1317/1317/1317
f 1008/1008/1008 1004/1004/1004 1318/1318/1318
f 1008/1008/1008 1318/1318/1318 1319/1319/1319
f 1319/1319/1319 1317/1317/1317 1320/1320/1320
f 1321/1321/1321 1319/1319/1319 1320/1320/1320
f 1321/1321/1321 1320/1320/1320 1322/1322/1322
f 1323/1323/1323 1319/1319/1319 1321/1321/1321
f 1324/1324/1324 1321/1321/1321 1322/1322/1322
f 1323/1323/1323 1321/1321/1321 1324/1324/1324
f 1324/1324/1324 1322/1322/1322 1325/1325/1325
f 1326/1326/1326 1324/1324/1324 1325/1325/1325
f 1326/1326/1326 1325/1325/1325 1327/1327/1327
f 1328/1328/1328 1326/1326/1326 1327/1327/1327
f 1328/1328/1328 1327/1327/1327 1329/1329/1329
f 1330/1330/1330 1328/1328/1328 1329/1329/1329
f 1331/1331/1331 1328/1328/1328 1330/1330/1330
f 1331/1331/1331 1330/1330/1330 1332/1332/1332
f 1330/1330/1330 1329/1329/1329 1333/1333/1333
f 1334/1334/1334 1330/1330/1330 1333/1333/1333
f 1334/1334/1334 1333/1333/1333 1335/1335/1335
f 1323/1323/1323 1324/1324/1324 1336/1336/1336
f 1336/1336/1336 1337/1337/1337 1338/1338/1338
f 1336/1336/1336 1338/1338/1338 1339/1339/1339
f 1336/1336/1336 1340/1340/1340 1323/1323/1323
f 1339/1339/1339 1341/1341/1341 1336/1336/1336
f 1336/1336/1336 1341/1341/1341 1340/1340/1340
f 1339/1339/1339 1342/1342/1342 1341/1341/1341
f 1343/1343/1343 1340/1340/1340 1341/1341/1341
f 1344/1344/1344 1342/1342/1342 1339/1339/1339
f 1344/1344/1344 1339/1339/1339 1345/1345/1345
f 1344/1344/1344 1345/1345/1345 1346/1346/1346
f 1344/1344/1344 1347/1347/1347 1342/1342/1342
f 1348/1348/1348 1343/1343/1343 1341/1341/1341
f 1348/1348/1348 1341/1341/1341 1342/1342/1342
f 1348/1348/1348 1349/1349/1349 1343/1343/1343
f 1348/1348/1348 1350/1350/1350 1349/1349/1349
f 1351/1351/1351 1348/1348/1348 1342/1342/1342
f 1351/1351/1351 1342/1342/1342 1347/1347/1347
f 1351/1351/1351 1352/1352/1352 1348/1348/1348
f 1351/1351/1351 1353/1353/1353 1352/1352/1352
f 1354/1354/1354 1351/1351/1351 1347/1347/1347
f 1355/1355/1355 1347/1347/1347 1344/1344/1344
f 1354/1354/1354 1347/1347/1347 1356/1356/1356
f 1355/1355/1355 1356/1356/1356 1347/1347/1347
f 1357/1357/1357 1354/1354/1354 1356/1356/1356
f 1357/1357/1357 1358/1358/1358 1354/1354/1354
f 1357/1357/1357 1359/1359/1359 1358/1358/1358
f 1357/1357/1357 1356/1356/1356 1360/1360/1360
f 1361/1361/1361 1360/1360/1360 1356/1356/1356
f 1361/1361/1361 1356/1356/1356 1355/1355/1355
f 1355/1355/1355 1362/1362/1362 1361/1361/1361
f 1355/1355/1355 1363/1363/1363 1362/1362/1362
f 1364/1364/1364 1365/1365/1365 1366/1366/1366
f 1364/1364/1364 1366/1366/1366 1008/1008/1008
f 1364/1364/1364 1008/1008/1008 1319/1319/1319
f 1323/1323/1323 1364/1364/1364 1319/1319/1319
f 1323/1323/1323 1365/1365/1365 1364/1364/1364
f 1323/1323/1323 1340/1340/1340 1365/1365/1365
f 1367/1367/1367 1365/1365/1365 1340/1340/1340
f 1343/1343/1343 1367/1367/1367 1340/1340/1340
f 1367/1367/1367 1343/1343/1343 1368/1368/1368
f 1367/1367/1367 1369/1369/1369 1365/1365/1365
f 1369/1369/1369 1366/1366/1366 1365/1365/1365
f 1367/1367/1367 1368/1368/1368 1370/1370/1370
f 1367/1367/1367 1371/1371/1371 1369/1369/1369
f 1367/1367/1367 1370/1370/1370 1371/1371/1371
f 1368/1368/1368 1372/1372/1372 1370/1370/1370
f 1368/1368/1368 1373/1373/1373 1372/1372/1372
f 1370/1370/1370 1372/1372/1372 1374/1374/1374
f 1370/1370/1370 1374/1374/1374 1371/1371/1371
f 1375/1375/1375 1373/1373/1373 1368/1368/1368
f 1371/1371/1371 1374/1374/1374 1376/1376/1376
f 1375/1375/1375 1377/1377/1377 1373/1373/1373
f 1371/1371/1371 1376/1376/1376 1378/1378/1378
f 1369/1369/1369 1371/1371/1371 1378/1378/1378
f 1369/1369/1369 1378/1378/1378 1379/1379/1379
f 1369/1369/1369 1379/1379/1379 1366/1366/1366
f 1380/1380/1380 1377/1377/1377 1375/1375/1375
f 1380/1380/1380 1381/1381/1381 1377/1377/1377
f 1381/1381/1381 1380/1380/1380 1382/1382/1382
f 1381/1381/1381 1382/1382/1382 1383/1383/1383
f 1384/1384/1384 1382/1382/1382 1380/1380/1380
f 1384/1384/1384 1380/1380/1380 1385/1385/1385
f 1383/1383/1383 1382/1382/1382 1386/1386/1386
f 1383/1383/1383 1386/1386/1386 1387/1387/1387
f 1388/1388/1388 1366/1366/1366 1379/1379/1379
f 1389/1389/1389 1388/1388/1388 1379/1379/1379
f 1389/1389/1389 1390/1390/1390 1388/1388/1388
f 1391/1391/1391 1390/1390/1390 1389/1389/1389
f 1391/1391/1391 1392/1392/1392 1390/1390/1390
f 1393/1393/1393 1390/1390/1390 1392/1392/1392
f 1393/1393/1393 1392/1392/1392 1394/1394/1394
f 1390/1390/1390 1032/1032/1032 1388/1388/1388
f 1390/1390/1390 1393/1393/1393 1032/1032/1032
f 1395/1395/1395 1393/1393/1393 1394/1394/1394
f 1395/1395/1395 1032/1032/1032 1393/1393/1393
f 1395/1395/1395 1394/1394/1394 1396/1396/1396
f 1395/1395/1395 1030/1030/1030 1032/1032/1032
f 1397/1397/1397 1395/1395/1395 1396/1396/1396
f 1398/1398/1398 1395/1395/1395 1397/1397/1397
f 1398/1398/1398 1397/1397/1397 1399/1399/1399
f 1397/1397/1397 1396/1396/1396 1400/1400/1400
f 1401/1401/1401 1397/1397/1397 1400/1400/1400
f 1401/1401/1401 1400/1400/1400 1402/1402/1402
f 1403/1403/1403 1401/1401/1401 1402/1402/1402
f 1403/1403/1403 1404/1404/1404 1401/1401/1401
f 1403/1403/1403 1405/1405/1405 1404/1404/1404
f 1403/1403/1403 1402/1402/1402 1406/1406/1406
f 1407/1407/1407 1403/1403/1403 1406/1406/1406
f 1407/1407/1407 1406/1406/1406 1408/1408/1408
f 1407/1407/1407 1409/1409/1409 1403/1403/1403
f 1407/1407/1407 1410/1410/1410 1409/1409/1409
f 1411/1411/1411 1008/1008/1008 1366/1366/1366
f 999/999/999 1008/1008/1008 1411/1411/1411
f 1002/1002/1002 999/999/999 1411/1411/1411
f 1002/1002/1002 1411/1411/1411 1011/1011/1011
f 1411/1411/1411 1366/1366/1366 1412/1412/1412
f 1011/1011/1011 1411/1411/1411 1412/1412/1412
f 1388/1388/1388 1412/1412/1412 1366/1366/1366
f 1011/1011/1011 1412/1412/1412 1027/1027/1027
f 1032/1032/1032 1412/1412/1412 1388/1388/1388
f 1032/1032/1032 1027/1027/1027 1412/1412/1412
f 1313/1313/1313 1312/1312/1312 1413/1413/1413
f 1414/1414/1414 1312/1312/1312 1415/1415/1415
f 1414/1414/1414 1413/1413/1413 1312/1312/1312
f 1313/1313/1313 1413/1413/1413 1416/1416/1416
f 1416/1416/1416 1413/1413/1413 1417/1417/1417
f 1416/1416/1416 1417/1417/1417 1418/1418/1418
f 1419/1419/1419 1417/1417/1417 1413/1413/1413
f 1419/1419/1419 1413/1413/1413 1420/1420/1420
f 1421/1421/1421 1422/1422/1422 1423/1423/1423
f 1421/1421/1421 1423/1423/1423 1424/1424/1424
f 1425/1425/1425 1422/1422/1422 1421/1421/1421
f 1425/1425/1425 1426/1426/1426 1422/1422/1422
f 1421/1421/1421 1424/1424/1424 1427/1427/1427
f 1421/1421/1421 1427/1427/1427 1428/1428/1428
f 1428/1428/1428 1427/1427/1427 1429/1429/1429
f 1428/1428/1428 1429/1429/1429 1430/1430/1430
f 1428/1428/1428 1430/1430/1430 1431/1431/1431
f 1428/1428/1428 1431/1431/1431 1432/1432/1432
f 1433/1433/1433 1434/1434/1434 1435/1435/1435
f 1433/1433/1433 1435/1435/1435 1436/1436/1436
f 1434/1434/1434 1433/1433/1433 1437/1437/1437
f 1434/1434/1434 1437/1437/1437 1438/1438/1438
f 1439/1439/1439 1433/1433/1433 1436/1436/1436
f 1439/1439/1439 1436/1436/1436 1440/1440/1440
f 1441/1441/1441 1439/1439/1439 1440/1440/1440
f 1441/1441/1441 1440/1440/1440 1442/1442/1442
f 1439/1439/1439 1441/1441/1441 1443/1443/1443
f 1439/1439/1439 1443/1443/1443 1444/1444/1444
f 1160/1160/1160 1161/1161/1161 1445/1445/1445
f 1446/1446/1446 1445/1445/1445 1161/1161/1161
f 1446/1446/1446 1447/1447/1447 1445/1445/1445
f 1160/1160/1160 1445/1445/1445 1448/1448/1448
f 1448/1448/1448 1449/1449/1449 1160/1160/1160
f 1448/1448/1448 1450/1450/1450 1449/1449/1449
f 1448/1448/1448 1445/1445/1445 1451/1451/1451
f 1448/1448/1448 1451/1451/1451 1452/1452/1452
f 1453/1453/1453 1454/1454/1454 1455/1455/1455
f 1456/1456/1456 1454/1454/1454 1453/1453/1453
f 1456/1456/1456 1457/1457/1457 1454/1454/1454
f 1453/1453/1453 1455/1455/1455 1458/1458/1458
f 1459/1459/1459 1457/1457/1457 1456/1456/1456
f 1459/1459/1459 1460/1460/1460 1457/1457/1457
f 1456/1456/1456 1453/1453/1453 1461/1461/1461
f 1462/1462/1462 1460/1460/1460 1459/1459/1459
f 1462/1462/1462 1463/1463/1463 1460/1460/1460
f 1459/1459/1459 1456/1456/1456 1464/1464/1464
f 1456/1456/1456 1461/1461/1461 1464/1464/1464
f 1465/1465/1465 1463/1463/1463 1462/1462/1462
f 1465/1465/1465 1466/1466/1466 1463/1463/1463
f 1467/1467/1467 1466/1466/1466 1465/1465/1465
f 1467/1467/1467 1468/1468/1468 1466/1466/1466
f 1469/1469/1469 1468/1468/1468 1467/1467/1467
f 1469/1469/1469 1470/1470/1470 1468/1468/1468
f 1471/1471/1471 1462/1462/1462 1459/1459/1459
f 1459/1459/1459 1464/1464/1464 1471/1471/1471
f 1471/1471/1471 1472/1472/1472 1462/1462/1462
f 1472/1472/1472 1473/1473/1473 1462/1462/1462
f 1474/1474/1474 1471/1471/1471 1464/1464/1464
f 1472/1472/1472 1475/1475/1475 1473/1473/1473
f 1475/1475/1475 1476/1476/1476 1473/1473/1473
f 1477/1477/1477 1475/1475/1475 1472/1472/1472
f 1478/1478/1478 1475/1475/1475 1477/1477/1477
f 1477/1477/1477 1472/1472/1472 1479/1479/1479
f 1479/1479/1479 1472/1472/1472 1471/1471/1471
f 1479/1479/1479 1471/1471/1471 1474/1474/1474
f 1475/1475/1475 1480/1480/1480 1476/1476/1476
f 1478/1478/1478 1480/1480/1480 1475/1475/1475
f 1480/1480/1480 1481/1481/1481 1476/1476/1476
f 1482/1482/1482 1480/1480/1480 1478/1478/1478
f 1480/1480/1480 1483/1483/1483 1481/1481/1481
f 1482/1482/1482 1483/1483/1483 1480/1480/1480
f 1484/1484/1484 1479/1479/1479 1474/1474/1474
f 1484/1484/1484 1485/1485/1485 1479/1479/1479
f 1485/1485/1485 1486/1486/1486 1479/1479/1479
f 1487/1487/1487 1484/1484/1484 1474/1474/1474
f 1485/1485/1485 1488/1488/1488 1486/1486/1486
f 1488/1488/1488 1489/1489/1489 1486/1486/1486
f 1488/1488/1488 1490/1490/1490 1489/1489/1489
f 1490/1490/1490 1491/1491/1491 1489/1489/1489
f 1490/1490/1490 1492/1492/1492 1491/1491/1491
f 1487/1487/1487 1474/1474/1474 1493/1493/1493
f 1474/1474/1474 1464/1464/1464 1493/1493/1493
f 1494/1494/1494 1487/1487/1487 1493/1493/1493
f 1493/1493/1493 1464/1464/1464 1461/1461/1461
f 1494/1494/1494 1493/1493/1493 1495/1495/1495
f 1493/1493/1493 1461/1461/1461 1495/1495/1495
f 1496/1496/1496 1494/1494/1494 1495/1495/1495
f 1495/1495/1495 1461/1461/1461 1497/1497/1497
f 1453/1453/1453 1497/1497/1497 1461/1461/1461
f 1496/1496/1496 1495/1495/1495 1498/1498/1498
f 1495/1495/1495 1497/1497/1497 1498/1498/1498
f 1453/1453/1453 1458/1458/1458 1497/1497/1497
f 1499/1499/1499 1496/1496/1496 1498/1498/1498
f 1499/1499/1499 1500/1500/1500 1496/1496/1496
f 1501/1501/1501 1500/1500/1500 1499/1499/1499
f 1501/1501/1501 1502/1502/1502 1500/1500/1500
f 1503/1503/1503 1501/1501/1501 1499/1499/1499
f 1504/1504/1504 1503/1503/1503 1499/1499/1499
f 1504/1504/1504 1499/1499/1499 1498/1498/1498
f 1503/1503/1503 1505/1505/1505 1501/1501/1501
f 1506/1506/1506 1504/1504/1504 1498/1498/1498
f 1507/1507/1507 1502/1502/1502 1501/1501/1501
f 1505/1505/1505 1507/1507/1507 1501/1501/1501
f 1507/1507/1507 1508/1508/1508 1502/1502/1502
f 1505/1505/1505 1509/1509/1509 1507/1507/1507
f 1510/1510/1510 1508/1508/1508 1507/1507/1507
f 1509/1509/1509 1510/1510/1510 1507/1507/1507
f 1510/1510/1510 1511/1511/1511 1508/1508/1508
f 1509/1509/1509 1512/1512/1512 1510/1510/1510
f 1513/1513/1513 1511/1511/1511 1510/1510/1510
f 1512/1512/1512 1514/1514/1514 1510/1510/1510
f 1513/1513/1513 1515/1515/1515 1511/1511/1511
f 1512/1512/1512 1516/1516/1516 1514/1514/1514
f 1517/1517/1517 1515/1515/1515 1513/1513/1513
f 1516/1516/1516 1518/1518/1518 1514/1514/1514
f 1517/1517/1517 1519/1519/1519 1515/1515/1515
f 1520/1520/1520 1519/1519/1519 1517/1517/1517
f 1520/1520/1520 1521/1521/1521 1519/1519/1519
f 1516/1516/1516 1522/1522/1522 1518/1518/1518
f 1522/1522/1522 1523/1523/1523 1518/1518/1518
f 1522/1522/1522 1524/1524/1524 1523/1523/1523
f 1525/1525/1525 1526/1526/1526 1527/1527/1527
f 1528/1528/1528 1527/1527/1527 1526/1526/1526
f 1525/1525/1525 1527/1527/1527 1529/1529/1529
f 1528/1528/1528 1530/1530/1530 1527/1527/1527
f 1529/1529/1529 1527/1527/1527 1531/1531/1531
f 1530/1530/1530 1531/1531/1531 1527/1527/1527
f 1529/1529/1529 1531/1531/1531 1532/1532/1532
f 1530/1530/1530 1533/1533/1533 1531/1531/1531
f 1532/1532/1532 1531/1531/1531 1534/1534/1534
f 1533/1533/1533 1534/1534/1534 1531/1531/1531
f 1532/1532/1532 1534/1534/1534 1535/1535/1535
f 1533/1533/1533 1536/1536/1536 1537/1537/1537
f 1533/1533/1533 1537/1537/1537 1538/1538/1538
f 1533/1533/1533 1538/1538/1538 1534/1534/1534
f 1538/1538/1538 1539/1539/1539 1534/1534/1534
f 1535/1535/1535 1534/1534/1534 1539/1539/1539
f 1538/1538/1538 1540/1540/1540 1539/1539/1539
f 1540/1540/1540 1538/1538/1538 1541/1541/1541
f 1535/1535/1535 1539/1539/1539 1542/1542/1542
f 1540/1540/1540 1543/1543/1543 1539/1539/1539
f 1542/1542/1542 1539/1539/1539 1543/1543/1543
f 1535/1535/1535 1542/1542/1542 1544/1544/1544
f 1535/1535/1535 1544/1544/1544 1545/1545/1545
f 1546/1546/1546 1535/1535/1535 1545/1545/1545
f 1542/1542/1542 1547/1547/1547 1544/1544/1544
f 1546/1546/1546 1545/1545/1545 1548/1548/1548
f 1548/1548/1548 1549/1549/1549 1546/1546/1546
f 1548/1548/1548 1550/1550/1550 1549/1549/1549
f 1550/1550/1550 1551/1551/1551 1549/1549/1549
f 1550/1550/1550 1552/1552/1552 1551/1551/1551
f 1542/1542/1542 1553/1553/1553 1547/1547/1547
f 1542/1542/1542 1543/1543/1543 1553/1553/1553
f 1553/1553/1553 1554/1554/1554 1547/1547/1547
f 1553/1553/1553 1555/1555/1555 1554/1554/1554
f 1555/1555/1555 1455/1455/1455 1554/1554/1554
f 1555/1555/1555 1458/1458/1458 1455/1455/1455
f 1553/1553/1553 1556/1556/1556 1555/1555/1555
f 1553/1553/1553 1543/1543/1543 1556/1556/1556
f 1557/1557/1557 1556/1556/1556 1543/1543/1543
f 1540/1540/1540 1557/1557/1557 1543/1543/1543
f 1555/1555/1555 1556/1556/1556 1558/1558/1558
f 1555/1555/1555 1558/1558/1558 1458/1458/1458
f 1557/1557/1557 1559/1559/1559 1556/1556/1556
f 1559/1559/1559 1558/1558/1558 1556/1556/1556
f 1557/1557/1557 1540/1540/1540 1560/1560/1560
f 1540/1540/1540 1541/1541/1541 1560/1560/1560
f 1541/1541/1541 1561/1561/1561 1560/1560/1560
f 1541/1541/1541 1562/1562/1562 1561/1561/1561
f 1560/1560/1560 1561/1561/1561 1563/1563/1563
f 1564/1564/1564 1562/1562/1562 1541/1541/1541
f 1564/1564/1564 1565/1565/1565 1562/1562/1562
f 1560/1560/1560 1563/1563/1563 1566/1566/1566
f 1557/1557/1557 1560/1560/1560 1566/1566/1566
f 1566/1566/1566 1563/1563/1563 1567/1567/1567
f 1557/1557/1557 1566/1566/1566 1568/1568/1568
f 1566/1566/1566 1567/1567/1567 1568/1568/1568
f 1557/1557/1557 1568/1568/1568 1559/1559/1559
f 1568/1568/1568 1567/1567/1567 1569/1569/1569
f 1559/1559/1559 1568/1568/1568 1570/1570/1570
f 1568/1568/1568 1569/1569/1569 1570/1570/1570
f 1564/1564/1564 1571/1571/1571 1572/1572/1572
f 1564/1564/1564 1572/1572/1572 1573/1573/1573
f 1573/1573/1573 1565/1565/1565 1564/1564/1564
f 1573/1573/1573 1574/1574/1574 1565/1565/1565
f 1575/1575/1575 1574/1574/1574 1573/1573/1573
f 1575/1575/1575 1576/1576/1576 1574/1574/1574
f 1575/1575/1575 1573/1573/1573 1577/1577/1577
f 1575/1575/1575 1577/1577/1577 1578/1578/1578
f 1579/1579/1579 1570/1570/1570 1569/1569/1569
f 1579/1579/1579 1569/1569/1569 1580/1580/1580
f 1559/1559/1559 1570/1570/1570 1581/1581/1581
f 1570/1570/1570 1579/1579/1579 1581/1581/1581
f 1582/1582/1582 1559/1559/1559 1581/1581/1581
f 1559/1559/1559 1582/1582/1582 1558/1558/1558
f 1583/1583/1583 1579/1579/1579 1580/1580/1580
f 1583/1583/1583 1580/1580/1580 1584/1584/1584
f 1579/1579/1579 1583/1583/1583 1585/1585/1585
f 1586/1586/1586 1583/1583/1583 1584/1584/1584
f 1586/1586/1586 1585/1585/1585 1583/1583/1583
f 1586/1586/1586 1584/1584/1584 1587/1587/1587
f 1588/1588/1588 1586/1586/1586 1587/1587/1587
f 1588/1588/1588 1587/1587/1587 1589/1589/1589
f 1590/1590/1590 1586/1586/1586 1588/1588/1588
f 1590/1590/1590 1588/1588/1588 1591/1591/1591
f 1592/1592/1592 1588/1588/1588 1589/1589/1589
f 1592/1592/1592 1589/1589/1589 1593/1593/1593
f 1586/1586/1586 1594/1594/1594 1585/1585/1585
f 1595/1595/1595 1592/1592/1592 1593/1593/1593
f 1595/1595/1595 1596/1596/1596 1592/1592/1592
f 1595/1595/1595 1597/1597/1597 1596/1596/1596
f 1595/1595/1595 1593/1593/1593 1598/1598/1598
f 1599/1599/1599 1595/1595/1595 1598/1598/1598
f 1599/1599/1599 1598/1598/1598 1600/1600/1600
f 1599/1599/1599 1601/1601/1601 1595/1595/1595
f 1599/1599/1599 1602/1602/1602 1601/1601/1601
f 1594/1594/1594 1603/1603/1603 1585/1585/1585
f 1594/1594/1594 1604/1604/1604 1603/1603/1603
f 1605/1605/1605 1604/1604/1604 1594/1594/1594
f 1606/1606/1606 1603/1603/1603 1604/1604/1604
f 1607/1607/1607 1606/1606/1606 1604/1604/1604
f 1606/1606/1606 1608/1608/1608 1603/1603/1603
f 1607/1607/1607 1604/1604/1604 1609/1609/1609
f 1605/1605/1605 1609/1609/1609 1604/1604/1604
f 1610/1610/1610 1607/1607/1607 1609/1609/1609
f 1611/1611/1611 1607/1607/1607 1610/1610/1610
f 1611/1611/1611 1610/1610/1610 1612/1612/1612
f 1613/1613/1613 1609/1609/1609 1605/1605/1605
f 1614/1614/1614 1613/1613/1613 1605/1605/1605
f 1614/1614/1614 1615/1615/1615 1613/1613/1613
f 1613/1613/1613 1616/1616/1616 1609/1609/1609
f 1610/1610/1610 1609/1609/1609 1616/1616/1616
f 1617/1617/1617 1616/1616/1616 1613/1613/1613
f 1618/1618/1618 1610/1610/1610 1616/1616/1616
f 1617/1617/1617 1619/1619/1619 1616/1616/1616
f 1618/1618/1618 1616/1616/1616 1619/1619/1619
f 1620/1620/1620 1619/1619/1619 1617/1617/1617
f 1621/1621/1621 1618/1618/1618 1619/1619/1619
f 1620/1620/1620 1622/1622/1622 1619/1619/1619
f 1621/1621/1621 1619/1619/1619 1622/1622/1622
f 1623/1623/1623 1458/1458/1458 1558/1558/1558
f 1624/1624/1624 1458/1458/1458 1623/1623/1623
f 1624/1624/1624 1623/1623/1623 1625/1625/1625
f 1624/1624/1624 1626/1626/1626 1458/1458/1458
f 1624/1624/1624 1627/1627/1627 1626/1626/1626
f 1626/1626/1626 1497/1497/1497 1458/1458/1458
f 1627/1627/1627 1628/1628/1628 1626/1626/1626
f 1627/1627/1627 1629/1629/1629 1628/1628/1628
f 1626/1626/1626 1630/1630/1630 1497/1497/1497
f 1628/1628/1628 1630/1630/1630 1626/1626/1626
f 1631/1631/1631 1497/1497/1497 1630/1630/1630
f 1631/1631/1631 1498/1498/1498 1497/1497/1497
f 1629/1629/1629 1632/1632/1632 1628/1628/1628
f 1629/1629/1629 1633/1633/1633 1632/1632/1632
f 1628/1628/1628 1634/1634/1634 1630/1630/1630
f 1632/1632/1632 1634/1634/1634 1628/1628/1628
f 1635/1635/1635 1630/1630/1630 1634/1634/1634
f 1635/1635/1635 1631/1631/1631 1630/1630/1630
f 1633/1633/1633 1636/1636/1636 1632/1632/1632
f 1633/1633/1633 1637/1637/1637 1636/1636/1636
f 1637/1637/1637 1638/1638/1638 1636/1636/1636
f 1637/1637/1637 1639/1639/1639 1638/1638/1638
f 1639/1639/1639 1640/1640/1640 1638/1638/1638
f 1639/1639/1639 1641/1641/1641 1640/1640/1640
f 1641/1641/1641 1642/1642/1642 1640/1640/1640
f 1641/1641/1641 1643/1643/1643 1642/1642/1642
f 1636/1636/1636 1644/1644/1644 1632/1632/1632
f 1632/1632/1632 1644/1644/1644 1634/1634/1634
f 1636/1636/1636 1645/1645/1645 1644/1644/1644
f 1646/1646/1646 1645/1645/1645 1636/1636/1636
f 1647/1647/1647 1634/1634/1634 1644/1644/1644
f 1647/1647/1647 1635/1635/1635 1634/1634/1634
f 1648/1648/1648 1644/1644/1644 1645/1645/1645
f 1648/1648/1648 1647/1647/1647 1644/1644/1644
f 1649/1649/1649 1648/1648/1648 1645/1645/1645
f 1646/1646/1646 1650/1650/1650 1645/1645/1645
f 1649/1649/1649 1645/1645/1645 1650/1650/1650
f 1651/1651/1651 1650/1650/1650 1646/1646/1646
f 1652/1652/1652 1649/1649/1649 1650/1650/1650
f 1651/1651/1651 1653/1653/1653 1650/1650/1650
f 1652/1652/1652 1650/1650/1650 1653/1653/1653
f 1654/1654/1654 1653/1653/1653 1651/1651/1651
f 1655/1655/1655 1652/1652/1652 1653/1653/1653
f 1654/1654/1654 1656/1656/1656 1653/1653/1653
f 1655/1655/1655 1653/1653/1653 1656/1656/1656
f 1635/1635/1635 1647/1647/1647 1657/1657/1657
f 1647/1647/1647 1648/1648/1648 1658/1658/1658
f 1647/1647/1647 1658/1658/1658 1657/1657/1657
f 1648/1648/1648 1659/1659/1659 1658/1658/1658
f 1648/1648/1648 1660/1660/1660 1659/1659/1659
f 1660/1660/1660 1661/1661/1661 1659/1659/1659
f 1660/1660/1660 1662/1662/1662 1661/1661/1661
f 1662/1662/1662 1663/1663/1663 1661/1661/1661
f 1662/1662/1662 1664/1664/1664 1663/1663/1663
f 1665/1665/1665 1657/1657/1657 1658/1658/1658
f 1665/1665/1665 1658/1658/1658 1666/1666/1666
f 1666/1666/1666 1658/1658/1658 1667/1667/1667
f 1668/1668/1668 1657/1657/1657 1665/1665/1665
f 1666/1666/1666 1667/1667/1667 1669/1669/1669
f 1670/1670/1670 1669/1669/1669 1667/1667/1667
f 1670/1670/1670 1671/1671/1671 1669/1669/1669
f 1672/1672/1672 1671/1671/1671 1670/1670/1670
f 1672/1672/1672 1673/1673/1673 1671/1671/1671
f 1668/1668/1668 1674/1674/1674 1657/1657/1657
f 1635/1635/1635 1657/1657/1657 1674/1674/1674
f 1675/1675/1675 1674/1674/1674 1668/1668/1668
f 1631/1631/1631 1635/1635/1635 1674/1674/1674
f 1675/1675/1675 1676/1676/1676 1674/1674/1674
f 1631/1631/1631 1674/1674/1674 1676/1676/1676
f 1677/1677/1677 1676/1676/1676 1675/1675/1675
f 1677/1677/1677 1678/1678/1678 1676/1676/1676
f 1676/1676/1676 1678/1678/1678 1679/1679/1679
f 1676/1676/1676 1679/1679/1679 1631/1631/1631
f 1498/1498/1498 1631/1631/1631 1679/1679/1679
f 1506/1506/1506 1498/1498/1498 1679/1679/1679
f 1506/1506/1506 1679/1679/1679 1680/1680/1680
f 1681/1681/1681 1680/1680/1680 1679/1679/1679
f 1682/1682/1682 1680/1680/1680 1681/1681/1681
f 1682/1682/1682 1683/1683/1683 1680/1680/1680
f 1683/1683/1683 1684/1684/1684 1680/1680/1680
f 1684/1684/1684 1506/1506/1506 1680/1680/1680
f 1683/1683/1683 1685/1685/1685 1684/1684/1684
f 1506/1506/1506 1686/1686/1686 1504/1504/1504
f 1687/1687/1687 1686/1686/1686 1506/1506/1506
f 1684/1684/1684 1687/1687/1687 1506/1506/1506
f 1687/1687/1687 1688/1688/1688 1686/1686/1686
f 1685/1685/1685 1689/1689/1689 1684/1684/1684
f 1689/1689/1689 1687/1687/1687 1684/1684/1684
f 1685/1685/1685 1690/1690/1690 1689/1689/1689
f 1691/1691/1691 1688/1688/1688 1687/1687/1687
f 1689/1689/1689 1691/1691/1691 1687/1687/1687
f 1691/1691/1691 1692/1692/1692 1688/1688/1688
f 1690/1690/1690 1693/1693/1693 1689/1689/1689
f 1693/1693/1693 1691/1691/1691 1689/1689/1689
f 1690/1690/1690 1694/1694/1694 1693/1693/1693
f 1695/1695/1695 1692/1692/1692 1691/1691/1691
f 1693/1693/1693 1695/1695/1695 1691/1691/1691
f 1695/1695/1695 1696/1696/1696 1692/1692/1692
f 1697/1697/1697 1695/1695/1695 1693/1693/1693
f 1697/1697/1697 1698/1698/1698 1695/1695/1695
f 1697/1697/1697 1699/1699/1699 1698/1698/1698
f 1697/1697/1697 1700/1700/1700 1699/1699/1699
f 1701/1701/1701 1699/1699/1699 1700/1700/1700
f 1701/1701/1701 1702/1702/1702 1699/1699/1699
f 1623/1623/1623 1558/1558/1558 1703/1703/1703
f 1704/1704/1704 1703/1703/1703 1558/1558/1558
f 1704/1704/1704 1558/1558/1558 1582/1582/1582
f 1705/1705/1705 1623/1623/1623 1703/1703/1703
f 1625/1625/1625 1623/1623/1623 1705/1705/1705
f 1625/1625/1625 1705/1705/1705 1706/1706/1706
f 1707/1707/1707 1703/1703/1703 1704/1704/1704
f 1704/1704/1704 1582/1582/1582 1708/1708/1708
f 1708/1708/1708 1707/1707/1707 1704/1704/1704
f 1706/1706/1706 1705/1705/1705 1709/1709/1709
f 1706/1706/1706 1709/1709/1709 1710/1710/1710
f 1705/1705/1705 1703/1703/1703 1711/1711/1711
f 1709/1709/1709 1705/1705/1705 1711/1711/1711
f 1707/1707/1707 1711/1711/1711 1703/1703/1703
f 1710/1710/1710 1709/1709/1709 1712/1712/1712
f 1710/1710/1710 1712/1712/1712 1713/1713/1713
f 1713/1713/1713 1712/1712/1712 1714/1714/1714
f 1713/1713/1713 1714/1714/1714 1715/1715/1715
f 1715/1715/1715 1714/1714/1714 1716/1716/1716
f 1715/1715/1715 1716/1716/1716 1717/1717/1717
f 1717/1717/1717 1716/1716/1716 1718/1718/1718
f 1717/1717/1717 1718/1718/1718 1719/1719/1719
f 1712/1712/1712 1709/1709/1709 1720/1720/1720
f 1709/1709/1709 1711/1711/1711 1720/1720/1720
f 1712/1712/1712 1720/1720/1720 1721/1721/1721
f 1722/1722/1722 1712/1712/1712 1721/1721/1721
f 1723/1723/1723 1720/1720/1720 1711/1711/1711
f 1723/1723/1723 1711/1711/1711 1707/1707/1707
f 1724/1724/1724 1721/1721/1721 1720/1720/1720
f 1724/1724/1724 1720/1720/1720 1723/1723/1723
f 1722/1722/1722 1721/1721/1721 1725/1725/1725
f 1726/1726/1726 1722/1722/1722 1725/1725/1725
f 1727/1727/1727 1721/1721/1721 1724/1724/1724
f 1727/1727/1727 1725/1725/1725 1721/1721/1721
f 1727/1727/1727 1724/1724/1724 1728/1728/1728
f 1727/1727/1727 1728/1728/1728 1729/1729/1729
f 1730/1730/1730 1725/1725/1725 1727/1727/1727
f 1723/1723/1723 1731/1731/1731 1724/1724/1724
f 1730/1730/1730 1732/1732/1732 1725/1725/1725
f 1726/1726/1726 1725/1725/1725 1732/1732/1732
f 1733/1733/1733 1732/1732/1732 1730/1730/1730
f 1734/1734/1734 1726/1726/1726 1732/1732/1732
f 1733/1733/1733 1735/1735/1735 1732/1732/1732
f 1734/1734/1734 1732/1732/1732 1735/1735/1735
f 1723/1723/1723 1736/1736/1736 1731/1731/1731
f 1707/1707/1707 1736/1736/1736 1723/1723/1723
f 1737/1737/1737 1731/1731/1731 1736/1736/1736
f 1737/1737/1737 1738/1738/1738 1731/1731/1731
f 1739/1739/1739 1737/1737/1737 1736/1736/1736
f 1738/1738/1738 1740/1740/1740 1731/1731/1731
f 1738/1738/1738 1741/1741/1741 1740/1740/1740
f 1707/1707/1707 1742/1742/1742 1736/1736/1736
f 1739/1739/1739 1736/1736/1736 1742/1742/1742
f 1743/1743/1743 1739/1739/1739 1742/1742/1742
f 1708/1708/1708 1742/1742/1742 1707/1707/1707
f 1743/1743/1743 1742/1742/1742 1708/1708/1708
f 1744/1744/1744 1743/1743/1743 1708/1708/1708
f 1741/1741/1741 1745/1745/1745 1740/1740/1740
f 1746/1746/1746 1740/1740/1740 1745/1745/1745
f 1746/1746/1746 1745/1745/1745 1747/1747/1747
f 1741/1741/1741 1748/1748/1748 1745/1745/1745
f 1748/1748/1748 1749/1749/1749 1745/1745/1745
f 1748/1748/1748 1750/1750/1750 1749/1749/1749
f 1751/1751/1751 1745/1745/1745 1749/1749/1749
f 1751/1751/1751 1749/1749/1749 1752/1752/1752
f 1744/1744/1744 1708/1708/1708 1753/1753/1753
f 1582/1582/1582 1753/1753/1753 1708/1708/1708
f 1582/1582/1582 1581/1581/1581 1753/1753/1753
f 1754/1754/1754 1744/1744/1744 1753/1753/1753
f 1754/1754/1754 1755/1755/1755 1744/1744/1744
f 1756/1756/1756 1753/1753/1753 1581/1581/1581
f 1756/1756/1756 1754/1754/1754 1753/1753/1753
f 1757/1757/1757 1755/1755/1755 1754/1754/1754
f 1757/1757/1757 1758/1758/1758 1755/1755/1755
f 1759/1759/1759 1757/1757/1757 1754/1754/1754
f 1759/1759/1759 1754/1754/1754 1756/1756/1756
f 1760/1760/1760 1758/1758/1758 1757/1757/1757
f 1759/1759/1759 1760/1760/1760 1757/1757/1757
f 1760/1760/1760 1761/1761/1761 1758/1758/1758
f 1762/1762/1762 1761/1761/1761 1760/1760/1760
f 1762/1762/1762 1763/1763/1763 1761/1761/1761
f 1764/1764/1764 1763/1763/1763 1762/1762/1762
f 1764/1764/1764 1765/1765/1765 1763/1763/1763
f 1759/1759/1759 1766/1766/1766 1760/1760/1760
f 1765/1765/1765 1764/1764/1764 1767/1767/1767
f 1765/1765/1765 1767/1767/1767 1768/1768/1768
f 1769/1769/1769 1767/1767/1767 1764/1764/1764
f 1769/1769/1769 1764/1764/1764 1770/1770/1770
f 1768/1768/1768 1767/1767/1767 1771/1771/1771
f 1768/1768/1768 1771/1771/1771 1772/1772/1772
f 1766/1766/1766 1759/1759/1759 1773/1773/1773
f 1759/1759/1759 1774/1774/1774 1773/1773/1773
f 1759/1759/1759 1756/1756/1756 1774/1774/1774
f 1766/1766/1766 1773/1773/1773 1775/1775/1775
f 1776/1776/1776 1773/1773/1773 1774/1774/1774
f 1777/1777/1777 1766/1766/1766 1775/1775/1775
f 1777/1777/1777 1778/1778/1778 1766/1766/1766
f 1777/1777/1777 1779/1779/1779 1778/1778/1778
f 1780/1780/1780 1775/1775/1775 1773/1773/1773
f 1780/1780/1780 1773/1773/1773 1776/1776/1776
f 1777/1777/1777 1775/1775/1775 1781/1781/1781
f 1780/1780/1780 1782/1782/1782 1783/1783/1783
f 1780/1780/1780 1783/1783/1783 1784/1784/1784
f 1784/1784/1784 1775/1775/1775 1780/1780/1780
f 1784/1784/1784 1781/1781/1781 1775/1775/1775
f 1776/1776/1776 1785/1785/1785 1780/1780/1780
f 1786/1786/1786 1781/1781/1781 1784/1784/1784
f 1786/1786/1786 1784/1784/1784 1787/1787/1787
f 1786/1786/1786 1787/1787/1787 1788/1788/1788
f 1786/1786/1786 1789/1789/1789 1781/1781/1781
f 1790/1790/1790 1777/1777/1777 1781/1781/1781
f 1790/1790/1790 1781/1781/1781 1789/1789/1789
f 1790/1790/1790 1791/1791/1791 1777/1777/1777
f 1790/1790/1790 1792/1792/1792 1791/1791/1791
f 1793/1793/1793 1790/1790/1790 1789/1789/1789
f 1794/1794/1794 1789/1789/1789 1786/1786/1786
f 1793/1793/1793 1789/1789/1789 1795/1795/1795
f 1794/1794/1794 1795/1795/1795 1789/1789/1789
f 1796/1796/1796 1793/1793/1793 1795/1795/1795
f 1796/1796/1796 1797/1797/1797 1793/1793/1793
f 1796/1796/1796 1798/1798/1798 1797/1797/1797
f 1796/1796/1796 1795/1795/1795 1799/1799/1799
f 1800/1800/1800 1799/1799/1799 1795/1795/1795
f 1800/1800/1800 1795/1795/1795 1794/1794/1794
f 1794/1794/1794 1801/1801/1801 1800/1800/1800
f 1794/1794/1794 1802/1802/1802 1801/1801/1801
f 1756/1756/1756 1803/1803/1803 1804/1804/1804
f 1803/1803/1803 1756/1756/1756 1581/1581/1581
f 1579/1579/1579 1803/1803/1803 1581/1581/1581
f 1756/1756/1756 1804/1804/1804 1774/1774/1774
f 1579/1579/1579 1805/1805/1805 1803/1803/1803
f 1805/1805/1805 1804/1804/1804 1803/1803/1803
f 1579/1579/1579 1585/1585/1585 1805/1805/1805
f 1585/1585/1585 1806/1806/1806 1805/1805/1805
f 1805/1805/1805 1806/1806/1806 1804/1804/1804
f 1585/1585/1585 1603/1603/1603 1806/1806/1806
f 1608/1608/1608 1806/1806/1806 1603/1603/1603
f 1807/1807/1807 1804/1804/1804 1806/1806/1806
f 1608/1608/1608 1807/1807/1807 1806/1806/1806
f 1807/1807/1807 1808/1808/1808 1804/1804/1804
f 1809/1809/1809 1808/1808/1808 1807/1807/1807
f 1810/1810/1810 1804/1804/1804 1808/1808/1808
f 1810/1810/1810 1774/1774/1774 1804/1804/1804
f 1810/1810/1810 1808/1808/1808 1811/1811/1811
f 1776/1776/1776 1774/1774/1774 1810/1810/1810
f 1809/1809/1809 1807/1807/1807 1812/1812/1812
f 1812/1812/1812 1807/1807/1807 1608/1608/1608
f 1813/1813/1813 1809/1809/1809 1812/1812/1812
f 1813/1813/1813 1812/1812/1812 1814/1814/1814
f 1815/1815/1815 1814/1814/1814 1812/1812/1812
f 1812/1812/1812 1608/1608/1608 1815/1815/1815
f 1815/1815/1815 1816/1816/1816 1814/1814/1814
f 1817/1817/1817 1815/1815/1815 1608/1608/1608
f 1817/1817/1817 1816/1816/1816 1815/1815/1815
f 1817/1817/1817 1608/1608/1608 1606/1606/1606
f 1817/1817/1817 1818/1818/1818 1816/1816/1816
f 1819/1819/1819 1818/1818/1818 1817/1817/1817
f 1820/1820/1820 1819/1819/1819 1817/1817/1817
f 1820/1820/1820 1821/1821/1821 1819/1819/1819
f 1819/1819/1819 1822/1822/1822 1818/1818/1818
f 1823/1823/1823 1822/1822/1822 1819/1819/1819
f 1823/1823/1823 1824/1824/1824 1822/1822/1822
f 1823/1823/1823 1825/1825/1825 1826/1826/1826
f 1823/1823/1823 1826/1826/1826 1827/1827/1827
f 1827/1827/1827 1824/1824/1824 1823/1823/1823
f 1827/1827/1827 1828/1828/1828 1824/1824/1824
f 1829/1829/1829 1828/1828/1828 1827/1827/1827
f 1829/1829/1829 1830/1830/1830 1828/1828/1828
f 1829/1829/1829 1827/1827/1827 1831/1831/1831
f 1829/1829/1829 1831/1831/1831 1832/1832/1832
f 1833/1833/1833 1834/1834/1834 1835/1835/1835
f 1833/1833/1833 1835/1835/1835 1836/1836/1836
f 1834/1834/1834 1837/1837/1837 1835/1835/1835
f 1834/1834/1834 1811/1811/1811 1837/1837/1837
f 1810/1810/1810 1811/1811/1811 1834/1834/1834
f 1776/1776/1776 1810/1810/1810 1834/1834/1834
f 1776/1776/1776 1834/1834/1834 1833/1833/1833
f 1776/1776/1776 1833/1833/1833 1785/1785/1785
f 1785/1785/1785 1833/1833/1833 1836/1836/1836
f 1785/1785/1785 1836/1836/1836 1838/1838/1838
f 1839/1839/1839 1785/1785/1785 1838/1838/1838
f 1839/1839/1839 1838/1838/1838 1840/1840/1840
f 1841/1841/1841 1839/1839/1839 1840/1840/1840
f 1841/1841/1841 1840/1840/1840 1842/1842/1842
f 1842/1842/1842 1843/1843/1843 1841/1841/1841
f 1844/1844/1844 1841/1841/1841 1843/1843/1843
f 1844/1844/1844 1843/1843/1843 1845/1845/1845
f 1842/1842/1842 1846/1846/1846 1843/1843/1843
f 1846/1846/1846 1847/1847/1847 1843/1843/1843
f 1846/1846/1846 1848/1848/1848 1847/1847/1847
f 1849/1849/1849 1850/1850/1850 1851/1851/1851
f 1849/1849/1849 1851/1851/1851 1852/1852/1852
f 1853/1853/1853 1850/1850/1850 1849/1849/1849
f 1853/1853/1853 1849/1849/1849 1854/1854/1854
f 1855/1855/1855 1853/1853/1853 1854/1854/1854
f 1855/1855/1855 1854/1854/1854 1856/1856/1856
f 1857/1857/1857 1858/1858/1858 1859/1859/1859
f 1857/1857/1857 1859/1859/1859 1860/1860/1860
f 1861/1861/1861 1858/1858/1858 1857/1857/1857
f 1861/1861/1861 1862/1862/1862 1858/1858/1858
f 1863/1863/1863 1862/1862/1862 1861/1861/1861
f 1863/1863/1863 1864/1864/1864 1862/1862/1862
f 1865/1865/1865 1866/1866/1866 1867/1867/1867
f 1868/1868/1868 1866/1866/1866 1865/1865/1865
f 1868/1868/1868 1869/1869/1869 1866/1866/1866
f 1870/1870/1870 1869/1869/1869 1868/1868/1868
f 1870/1870/1870 1871/1871/1871 1869/1869/1869
f 1872/1872/1872 1870/1870/1870 1868/1868/1868
f 1865/1865/1865 1872/1872/1872 1868/1868/1868
f 1873/1873/1873 1871/1871/1871 1870/1870/1870
f 1873/1873/1873 1874/1874/1874 1871/1871/1871
f 1875/1875/1875 1874/1874/1874 1873/1873/1873
f 1875/1875/1875 1876/1876/1876 1874/1874/1874
f 1873/1873/1873 1870/1870/1870 1877/1877/1877
f 1872/1872/1872 1877/1877/1877 1870/1870/1870
f 1873/1873/1873 1877/1877/1877 1878/1878/1878
f 1879/1879/1879 1876/1876/1876 1875/1875/1875
f 1880/1880/1880 1879/1879/1879 1875/1875/1875
f 1880/1880/1880 1881/1881/1881 1879/1879/1879
f 1879/1879/1879 1882/1882/1882 1876/1876/1876
f 1883/1883/1883 1882/1882/1882 1879/1879/1879
f 1883/1883/1883 1884/1884/1884 1882/1882/1882
f 1885/1885/1885 1883/1883/1883 1879/1879/1879
f 1885/1885/1885 1886/1886/1886 1883/1883/1883
f 1887/1887/1887 1877/1877/1877 1872/1872/1872
f 1888/1888/1888 1878/1878/1878 1877/1877/1877
f 1887/1887/1887 1888/1888/1888 1877/1877/1877
f 1888/1888/1888 1889/1889/1889 1878/1878/1878
f 1890/1890/1890 1887/1887/1887 1872/1872/1872
f 1891/1891/1891 1889/1889/1889 1888/1888/1888
f 1889/1889/1889 1892/1892/1892 1878/1878/1878
f 1893/1893/1893 1878/1878/1878 1892/1892/1892
f 1893/1893/1893 1892/1892/1892 1894/1894/1894
f 1895/1895/1895 1889/1889/1889 1891/1891/1891
f 1891/1891/1891 1888/1888/1888 1896/1896/1896
f 1896/1896/1896 1888/1888/1888 1887/1887/1887
f 1896/1896/1896 1897/1897/1897 1891/1891/1891
f 1889/1889/1889 1898/1898/1898 1892/1892/1892
f 1895/1895/1895 1898/1898/1898 1889/1889/1889
f 1898/1898/1898 1899/1899/1899 1892/1892/1892
f 1900/1900/1900 1898/1898/1898 1895/1895/1895
f 1900/1900/1900 1895/1895/1895 1901/1901/1901
f 1900/1900/1900 1901/1901/1901 1902/1902/1902
f 1900/1900/1900 1903/1903/1903 1898/1898/1898
f 1898/1898/1898 1903/1903/1903 1899/1899/1899
f 1904/1904/1904 1903/1903/1903 1900/1900/1900
f 1903/1903/1903 1905/1905/1905 1899/1899/1899
f 1904/1904/1904 1906/1906/1906 1903/1903/1903
f 1903/1903/1903 1906/1906/1906 1905/1905/1905
f 1907/1907/1907 1908/1908/1908 1897/1897/1897
f 1908/1908/1908 1909/1909/1909 1897/1897/1897
f 1908/1908/1908 1910/1910/1910 1909/1909/1909
f 1909/1909/1909 1911/1911/1911 1897/1897/1897
f 1909/1909/1909 1912/1912/1912 1911/1911/1911
f 1910/1910/1910 1913/1913/1913 1909/1909/1909
f 1910/1910/1910 1914/1914/1914 1913/1913/1913
f 1914/1914/1914 1915/1915/1915 1913/1913/1913
f 1914/1914/1914 1916/1916/1916 1915/1915/1915
f 1915/1915/1915 1917/1917/1917 1913/1913/1913
f 1915/1915/1915 1918/1918/1918 1917/1917/1917
f 1907/1907/1907 1897/1897/1897 1919/1919/1919
f 1920/1920/1920 1907/1907/1907 1919/1919/1919
f 1896/1896/1896 1919/1919/1919 1897/1897/1897
f 1920/1920/1920 1919/1919/1919 1921/1921/1921
f 1919/1919/1919 1896/1896/1896 1922/1922/1922
f 1919/1919/1919 1922/1922/1922 1921/1921/1921
f 1896/1896/1896 1887/1887/1887 1922/1922/1922
f 1923/1923/1923 1920/1920/1920 1921/1921/1921
f 1922/1922/1922 1887/1887/1887 1890/1890/1890
f 1923/1923/1923 1921/1921/1921 1924/1924/1924
f 1921/1921/1921 1922/1922/1922 1925/1925/1925
f 1921/1921/1921 1925/1925/1925 1924/1924/1924
f 1922/1922/1922 1890/1890/1890 1925/1925/1925
f 1926/1926/1926 1923/1923/1923 1924/1924/1924
f 1926/1926/1926 1924/1924/1924 1927/1927/1927
f 1924/1924/1924 1925/1925/1925 1927/1927/1927
f 1928/1928/1928 1926/1926/1926 1927/1927/1927
f 1928/1928/1928 1929/1929/1929 1926/1926/1926
f 1930/1930/1930 1927/1927/1927 1925/1925/1925
f 1931/1931/1931 1929/1929/1929 1928/1928/1928
f 1931/1931/1931 1932/1932/1932 1929/1929/1929
f 1927/1927/1927 1933/1933/1933 1928/1928/1928
f 1934/1934/1934 1932/1932/1932 1931/1931/1931
f 1934/1934/1934 1935/1935/1935 1932/1932/1932
f 1931/1931/1931 1928/1928/1928 1936/1936/1936
f 1936/1936/1936 1928/1928/1928 1933/1933/1933
f 1934/1934/1934 1931/1931/1931 1937/1937/1937
f 1931/1931/1931 1936/1936/1936 1937/1937/1937
f 1938/1938/1938 1935/1935/1935 1934/1934/1934
f 1938/1938/1938 1939/1939/1939 1935/1935/1935
f 1940/1940/1940 1939/1939/1939 1938/1938/1938
f 1940/1940/1940 1941/1941/1941 1939/1939/1939
f 1942/1942/1942 1941/1941/1941 1940/1940/1940
f 1942/1942/1942 1943/1943/1943 1941/1941/1941
f 1944/1944/1944 1943/1943/1943 1942/1942/1942
f 1944/1944/1944 1942/1942/1942 1945/1945/1945
f 1938/1938/1938 1934/1934/1934 1946/1946/1946
f 1934/1934/1934 1937/1937/1937 1946/1946/1946
f 1938/1938/1938 1946/1946/1946 1947/1947/1947
f 1948/1948/1948 1946/1946/1946 1937/1937/1937
f 1948/1948/1948 1949/1949/1949 1946/1946/1946
f 1949/1949/1949 1947/1947/1947 1946/1946/1946
f 1950/1950/1950 1948/1948/1948 1937/1937/1937
f 1950/1950/1950 1937/1937/1937 1936/1936/1936
f 1951/1951/1951 1950/1950/1950 1936/1936/1936
f 1949/1949/1949 1952/1952/1952 1947/1947/1947
f 1951/1951/1951 1936/1936/1936 1933/1933/1933
f 1953/1953/1953 1954/1954/1954 1947/1947/1947
f 1953/1953/1953 1947/1947/1947 1955/1955/1955
f 1952/1952/1952 1955/1955/1955 1947/1947/1947
f 1952/1952/1952 1956/1956/1956 1955/1955/1955
f 1955/1955/1955 1957/1957/1957 1958/1958/1958
f 1955/1955/1955 1959/1959/1959 1957/1957/1957
f 1956/1956/1956 1959/1959/1959 1955/1955/1955
f 1956/1956/1956 1960/1960/1960 1959/1959/1959
f 1960/1960/1960 1961/1961/1961 1959/1959/1959
f 1960/1960/1960 1962/1962/1962 1961/1961/1961
f 1959/1959/1959 1961/1961/1961 1963/1963/1963
f 1959/1959/1959 1963/1963/1963 1964/1964/1964
f 1965/1965/1965 1951/1951/1951 1933/1933/1933
f 1965/1965/1965 1966/1966/1966 1951/1951/1951
f 1933/1933/1933 1967/1967/1967 1965/1965/1965
f 1927/1927/1927 1967/1967/1967 1933/1933/1933
f 1930/1930/1930 1967/1967/1967 1927/1927/1927
f 1968/1968/1968 1965/1965/1965 1967/1967/1967
f 1968/1968/1968 1967/1967/1967 1930/1930/1930
f 1969/1969/1969 1966/1966/1966 1965/1965/1965
f 1969/1969/1969 1970/1970/1970 1966/1966/1966
f 1971/1971/1971 1970/1970/1970 1969/1969/1969
f 1971/1971/1971 1972/1972/1972 1970/1970/1970
f 1973/1973/1973 1972/1972/1972 1971/1971/1971
f 1973/1973/1973 1974/1974/1974 1972/1972/1972
f 1971/1971/1971 1975/1975/1975 1973/1973/1973
f 1969/1969/1969 1976/1976/1976 1971/1971/1971
f 1971/1971/1971 1976/1976/1976 1975/1975/1975
f 1977/1977/1977 1969/1969/1969 1965/1965/1965
f 1969/1969/1969 1977/1977/1977 1976/1976/1976
f 1977/1977/1977 1965/1965/1965 1978/1978/1978
f 1968/1968/1968 1978/1978/1978 1965/1965/1965
f 1979/1979/1979 1976/1976/1976 1977/1977/1977
f 1980/1980/1980 1975/1975/1975 1976/1976/1976
f 1980/1980/1980 1976/1976/1976 1979/1979/1979
f 1981/1981/1981 1975/1975/1975 1980/1980/1980
f 1981/1981/1981 1982/1982/1982 1975/1975/1975
f 1980/1980/1980 1979/1979/1979 1983/1983/1983
f 1980/1980/1980 1983/1983/1983 1984/1984/1984
f 1985/1985/1985 1984/1984/1984 1983/1983/1983
f 1985/1985/1985 1986/1986/1986 1984/1984/1984
f 1987/1987/1987 1985/1985/1985 1983/1983/1983
f 1988/1988/1988 1982/1982/1982 1981/1981/1981
f 1989/1989/1989 1982/1982/1982 1988/1988/1988
f 1989/1989/1989 1988/1988/1988 1990/1990/1990
f 1988/1988/1988 1981/1981/1981 1991/1991/1991
f 1992/1992/1992 1988/1988/1988 1991/1991/1991
f 1992/1992/1992 1991/1991/1991 1993/1993/1993
f 1994/1994/1994 1991/1991/1991 1981/1981/1981
f 1994/1994/1994 1995/1995/1995 1991/1991/1991
f 1987/1987/1987 1983/1983/1983 1996/1996/1996
f 1997/1997/1997 1987/1987/1987 1996/1996/1996
f 1979/1979/1979 1996/1996/1996 1983/1983/1983
f 1997/1997/1997 1996/1996/1996 1998/1998/1998
f 1999/1999/1999 1997/1997/1997 1998/1998/1998
f 1999/1999/1999 1998/1998/1998 2000/2000/2000
f 1979/1979/1979 2001/2001/2001 1996/1996/1996
f 2001/2001/2001 1998/1998/1998 1996/1996/1996
f 1979/1979/1979 1977/1977/1977 2001/2001/2001
f 2001/2001/2001 1977/1977/1977 1978/1978/1978
f 2001/2001/2001 2002/2002/2002 1998/1998/1998
f 2002/2002/2002 2000/2000/2000 1998/1998/1998
f 2001/2001/2001 1978/1978/1978 2002/2002/2002
f 2002/2002/2002 2003/2003/2003 2000/2000/2000
f 2002/2002/2002 1978/1978/1978 1968/1968/1968
f 2002/2002/2002 1968/1968/1968 2003/2003/2003
f 2004/2004/2004 2003/2003/2003 1968/1968/1968
f 2004/2004/2004 2005/2005/2005 2003/2003/2003
f 2004/2004/2004 1968/1968/1968 2006/2006/2006
f 1968/1968/1968 1930/1930/1930 2006/2006/2006
f 2004/2004/2004 2007/2007/2007 2005/2005/2005
f 2008/2008/2008 2005/2005/2005 2007/2007/2007
f 2008/2008/2008 2007/2007/2007 2009/2009/2009
f 2009/2009/2009 2007/2007/2007 2010/2010/2010
f 2004/2004/2004 2010/2010/2010 2007/2007/2007
f 2009/2009/2009 2010/2010/2010 2011/2011/2011
f 2004/2004/2004 2012/2012/2012 2010/2010/2010
f 2012/2012/2012 2004/2004/2004 2006/2006/2006
f 2011/2011/2011 2010/2010/2010 2013/2013/2013
f 2012/2012/2012 2013/2013/2013 2010/2010/2010
f 2011/2011/2011 2013/2013/2013 2014/2014/2014
f 2012/2012/2012 2006/2006/2006 2015/2015/2015
f 2012/2012/2012 2016/2016/2016 2013/2013/2013
f 2016/2016/2016 2012/2012/2012 2015/2015/2015
f 2014/2014/2014 2013/2013/2013 2017/2017/2017
f 2017/2017/2017 2013/2013/2013 2016/2016/2016
f 2014/2014/2014 2017/2017/2017 2018/2018/2018
f 2017/2017/2017 2016/2016/2016 2019/2019/2019
f 2018/2018/2018 2017/2017/2017 2020/2020/2020
f 2021/2021/2021 2020/2020/2020 2017/2017/2017
f 2021/2021/2021 2022/2022/2022 2020/2020/2020
f 2018/2018/2018 2020/2020/2020 2023/2023/2023
f 2024/2024/2024 2023/2023/2023 2020/2020/2020
f 2025/2025/2025 2024/2024/2024 2020/2020/2020
f 2025/2025/2025 2026/2026/2026 2024/2024/2024
f 2024/2024/2024 2027/2027/2027 2023/2023/2023
f 2028/2028/2028 2027/2027/2027 2024/2024/2024
f 2028/2028/2028 2029/2029/2029 2027/2027/2027
f 2030/2030/2030 2028/2028/2028 2024/2024/2024
f 2030/2030/2030 2031/2031/2031 2028/2028/2028
f 2019/2019/2019 2016/2016/2016 2032/2032/2032
f 2016/2016/2016 2015/2015/2015 2032/2032/2032
f 2019/2019/2019 2032/2032/2032 2033/2033/2033
f 2034/2034/2034 2019/2019/2019 2033/2033/2033
f 2034/2034/2034 2033/2033/2033 2035/2035/2035
f 2035/2035/2035 2036/2036/2036 2034/2034/2034
f 2035/2035/2035 2033/2033/2033 2037/2037/2037
f 2035/2035/2035 2037/2037/2037 2038/2038/2038
f 2035/2035/2035 2039/2039/2039 2036/2036/2036
f 2039/2039/2039 2040/2040/2040 2036/2036/2036
f 2039/2039/2039 2041/2041/2041 2040/2040/2040
f 2041/2041/2041 2039/2039/2039 2042/2042/2042
f 2041/2041/2041 2042/2042/2042 2043/2043/2043
f 2033/2033/2033 2032/2032/2032 2044/2044/2044
f 2033/2033/2033 2044/2044/2044 2045/2045/2045
f 2032/2032/2032 2046/2046/2046 2044/2044/2044
f 2032/2032/2032 2015/2015/2015 2046/2046/2046
f 2047/2047/2047 2045/2045/2045 2044/2044/2044
f 2015/2015/2015 2048/2048/2048 2046/2046/2046
f 2015/2015/2015 2006/2006/2006 2048/2048/2048
f 2048/2048/2048 2006/2006/2006 1930/1930/1930
f 2049/2049/2049 2044/2044/2044 2046/2046/2046
f 2049/2049/2049 2047/2047/2047 2044/2044/2044
f 2050/2050/2050 2046/2046/2046 2048/2048/2048
f 2050/2050/2050 2049/2049/2049 2046/2046/2046
f 2051/2051/2051 2048/2048/2048 1930/1930/1930
f 2051/2051/2051 2050/2050/2050 2048/2048/2048
f 1925/1925/1925 2051/2051/2051 1930/1930/1930
f 1925/1925/1925 1890/1890/1890 2051/2051/2051
f 2052/2052/2052 2050/2050/2050 2051/2051/2051
f 2053/2053/2053 2049/2049/2049 2050/2050/2050
f 2053/2053/2053 2050/2050/2050 2052/2052/2052
f 2051/2051/2051 1890/1890/1890 2054/2054/2054
f 1890/1890/1890 1872/1872/1872 2054/2054/2054
f 1865/1865/1865 2054/2054/2054 1872/1872/1872
f 2051/2051/2051 2054/2054/2054 2055/2055/2055
f 2055/2055/2055 2054/2054/2054 1865/1865/1865
f 2052/2052/2052 2051/2051/2051 2055/2055/2055
f 2055/2055/2055 1865/1865/1865 2056/2056/2056
f 2055/2055/2055 2056/2056/2056 2052/2052/2052
f 2057/2057/2057 2056/2056/2056 1865/1865/1865
f 1865/1865/1865 1867/1867/1867 2057/2057/2057
f 2057/2057/2057 2058/2058/2058 2056/2056/2056
f 1867/1867/1867 2059/2059/2059 2057/2057/2057
f 2057/2057/2057 2059/2059/2059 2058/2058/2058
f 1867/1867/1867 2060/2060/2060 2059/2059/2059
f 2060/2060/2060 2061/2061/2061 2059/2059/2059
f 2060/2060/2060 2062/2062/2062 2061/2061/2061
f 2059/2059/2059 2061/2061/2061 2063/2063/2063
f 2059/2059/2059 2063/2063/2063 2058/2058/2058
f 2062/2062/2062 2064/2064/2064 2061/2061/2061
f 2063/2063/2063 2061/2061/2061 2064/2064/2064
f 2062/2062/2062 2065/2065/2065 2064/2064/2064
f 2065/2065/2065 2066/2066/2066 2064/2064/2064
f 2065/2065/2065 2067/2067/2067 2066/2066/2066
f 2063/2063/2063 2064/2064/2064 2068/2068/2068
f 2068/2068/2068 2064/2064/2064 2066/2066/2066
f 2067/2067/2067 2069/2069/2069 2066/2066/2066
f 2067/2067/2067 2070/2070/2070 2069/2069/2069
f 2068/2068/2068 2066/2066/2066 2071/2071/2071
f 2070/2070/2070 2072/2072/2072 2069/2069/2069
f 2070/2070/2070 2073/2073/2073 2072/2072/2072
f 2074/2074/2074 2069/2069/2069 2072/2072/2072
f 2074/2074/2074 2075/2075/2075 2069/2069/2069
f 2073/2073/2073 2076/2076/2076 2072/2072/2072
f 2073/2073/2073 2077/2077/2077 2076/2076/2076
f 2076/2076/2076 2078/2078/2078 2072/2072/2072
f 2076/2076/2076 2079/2079/2079 2078/2078/2078
f 2071/2071/2071 2080/2080/2080 2068/2068/2068
f 2068/2068/2068 2080/2080/2080 2081/2081/2081
f 2068/2068/2068 2081/2081/2081 2063/2063/2063
f 2071/2071/2071 2082/2082/2082 2080/2080/2080
f 2063/2063/2063 2081/2081/2081 2083/2083/2083
f 2063/2063/2063 2083/2083/2083 2058/2058/2058
f 2083/2083/2083 2081/2081/2081 2084/2084/2084
f 2081/2081/2081 2080/2080/2080 2085/2085/2085
f 2081/2081/2081 2085/2085/2085 2084/2084/2084
f 2080/2080/2080 2086/2086/2086 2085/2085/2085
f 2080/2080/2080 2082/2082/2082 2086/2086/2086
f 2087/2087/2087 2082/2082/2082 2071/2071/2071
f 2088/2088/2088 2087/2087/2087 2071/2071/2071
f 2088/2088/2088 2089/2089/2089 2087/2087/2087
f 2087/2087/2087 2090/2090/2090 2082/2082/2082
f 2091/2091/2091 2090/2090/2090 2087/2087/2087
f 2082/2082/2082 2092/2092/2092 2086/2086/2086
f 2082/2082/2082 2090/2090/2090 2092/2092/2092
f 2092/2092/2092 2093/2093/2093 2086/2086/2086
f 2092/2092/2092 2094/2094/2094 2093/2093/2093
f 2090/2090/2090 2095/2095/2095 2092/2092/2092
f 2091/2091/2091 2096/2096/2096 2090/2090/2090
f 2090/2090/2090 2096/2096/2096 2095/2095/2095
f 2097/2097/2097 2096/2096/2096 2091/2091/2091
f 2096/2096/2096 2098/2098/2098 2095/2095/2095
f 2097/2097/2097 2099/2099/2099 2096/2096/2096
f 2096/2096/2096 2099/2099/2099 2098/2098/2098
f 2100/2100/2100 2085/2085/2085 2086/2086/2086
f 2100/2100/2100 2101/2101/2101 2085/2085/2085
f 2101/2101/2101 2084/2084/2084 2085/2085/2085
f 2100/2100/2100 2102/2102/2102 2101/2101/2101
f 2100/2100/2100 2103/2103/2103 2102/2102/2102
f 2104/2104/2104 2103/2103/2103 2100/2100/2100
f 2101/2101/2101 2102/2102/2102 2105/2105/2105
f 2104/2104/2104 2106/2106/2106 2103/2103/2103
f 2101/2101/2101 2105/2105/2105 2107/2107/2107
f 2101/2101/2101 2107/2107/2107 2084/2084/2084
f 2107/2107/2107 2105/2105/2105 2108/2108/2108
f 2109/2109/2109 2106/2106/2106 2104/2104/2104
f 2107/2107/2107 2108/2108/2108 2110/2110/2110
f 2084/2084/2084 2107/2107/2107 2110/2110/2110
f 2109/2109/2109 2111/2111/2111 2106/2106/2106
f 2112/2112/2112 2109/2109/2109 2104/2104/2104
f 2112/2112/2112 2113/2113/2113 2109/2109/2109
f 2114/2114/2114 2111/2111/2111 2109/2109/2109
f 2114/2114/2114 2109/2109/2109 2115/2115/2115
f 2116/2116/2116 2115/2115/2115 2109/2109/2109
f 2116/2116/2116 2117/2117/2117 2115/2115/2115
f 2110/2110/2110 2108/2108/2108 2118/2118/2118
f 2084/2084/2084 2110/2110/2110 2119/2119/2119
f 2083/2083/2083 2084/2084/2084 2119/2119/2119
f 2110/2110/2110 2118/2118/2118 2120/2120/2120
f 2121/2121/2121 2083/2083/2083 2119/2119/2119
f 2058/2058/2058 2083/2083/2083 2121/2121/2121
f 2119/2119/2119 2110/2110/2110 2122/2122/2122
f 2120/2120/2120 2122/2122/2122 2110/2110/2110
f 2121/2121/2121 2119/2119/2119 2122/2122/2122
f 2118/2118/2118 2123/2123/2123 2120/2120/2120
f 2118/2118/2118 2124/2124/2124 2123/2123/2123
f 2120/2120/2120 2125/2125/2125 2122/2122/2122
f 2122/2122/2122 2125/2125/2125 2126/2126/2126
f 2126/2126/2126 2121/2121/2121 2122/2122/2122
f 2127/2127/2127 2125/2125/2125 2120/2120/2120
f 2124/2124/2124 2128/2128/2128 2123/2123/2123
f 2124/2124/2124 2129/2129/2129 2128/2128/2128
f 2123/2123/2123 2130/2130/2130 2120/2120/2120
f 2127/2127/2127 2120/2120/2120 2130/2130/2130
f 2131/2131/2131 2123/2123/2123 2128/2128/2128
f 2131/2131/2131 2130/2130/2130 2123/2123/2123
f 2129/2129/2129 2132/2132/2132 2128/2128/2128
f 2132/2132/2132 2131/2131/2131 2128/2128/2128
f 2129/2129/2129 2133/2133/2133 2132/2132/2132
f 2132/2132/2132 2134/2134/2134 2131/2131/2131
f 2133/2133/2133 2135/2135/2135 2132/2132/2132
f 2136/2136/2136 2132/2132/2132 2135/2135/2135
f 2136/2136/2136 2135/2135/2135 2137/2137/2137
f 2133/2133/2133 2138/2138/2138 2135/2135/2135
f 2138/2138/2138 2139/2139/2139 2135/2135/2135
f 2138/2138/2138 2140/2140/2140 2139/2139/2139
f 2141/2141/2141 2142/2142/2142 2139/2139/2139
f 2141/2141/2141 2139/2139/2139 2143/2143/2143
f 2140/2140/2140 2143/2143/2143 2139/2139/2139
f 2140/2140/2140 2144/2144/2144 2143/2143/2143
f 2144/2144/2144 2145/2145/2145 2143/2143/2143
f 2144/2144/2144 2146/2146/2146 2145/2145/2145
f 2145/2145/2145 2147/2147/2147 2143/2143/2143
f 2145/2145/2145 2148/2148/2148 2147/2147/2147
f 2134/2134/2134 2149/2149/2149 2131/2131/2131
f 2134/2134/2134 2150/2150/2150 2149/2149/2149
f 2151/2151/2151 2150/2150/2150 2134/2134/2134
f 2131/2131/2131 2149/2149/2149 2152/2152/2152
f 2131/2131/2131 2152/2152/2152 2130/2130/2130
f 2149/2149/2149 2150/2150/2150 2153/2153/2153
f 2152/2152/2152 2149/2149/2149 2154/2154/2154
f 2149/2149/2149 2153/2153/2153 2154/2154/2154
f 2150/2150/2150 2155/2155/2155 2153/2153/2153
f 2151/2151/2151 2156/2156/2156 2150/2150/2150
f 2150/2150/2150 2156/2156/2156 2155/2155/2155
f 2157/2157/2157 2156/2156/2156 2151/2151/2151
f 2157/2157/2157 2151/2151/2151 2158/2158/2158
f 2157/2157/2157 2158/2158/2158 2159/2159/2159
f 2157/2157/2157 2160/2160/2160 2156/2156/2156
f 2156/2156/2156 2161/2161/2161 2155/2155/2155
f 2156/2156/2156 2160/2160/2160 2161/2161/2161
f 2162/2162/2162 2155/2155/2155 2161/2161/2161
f 2162/2162/2162 2161/2161/2161 2163/2163/2163
f 2160/2160/2160 2164/2164/2164 2161/2161/2161
f 2165/2165/2165 2160/2160/2160 2157/2157/2157
f 2160/2160/2160 2166/2166/2166 2164/2164/2164
f 2165/2165/2165 2166/2166/2166 2160/2160/2160
f 2166/2166/2166 2167/2167/2167 2164/2164/2164
f 2168/2168/2168 2166/2166/2166 2165/2165/2165
f 2166/2166/2166 2169/2169/2169 2167/2167/2167
f 2168/2168/2168 2169/2169/2169 2166/2166/2166
f 2058/2058/2058 2121/2121/2121 2170/2170/2170
f 2170/2170/2170 2056/2056/2056 2058/2058/2058
f 2121/2121/2121 2171/2171/2171 2170/2170/2170
f 2172/2172/2172 2056/2056/2056 2170/2170/2170
f 2172/2172/2172 2052/2052/2052 2056/2056/2056
f 2171/2171/2171 2173/2173/2173 2170/2170/2170
f 2172/2172/2172 2170/2170/2170 2173/2173/2173
f 2121/2121/2121 2174/2174/2174 2171/2171/2171
f 2172/2172/2172 2175/2175/2175 2052/2052/2052
f 2126/2126/2126 2174/2174/2174 2121/2121/2121
f 2176/2176/2176 2172/2172/2172 2173/2173/2173
f 2176/2176/2176 2175/2175/2175 2172/2172/2172
f 2176/2176/2176 2173/2173/2173 2177/2177/2177
f 2176/2176/2176 2178/2178/2178 2175/2175/2175
f 2175/2175/2175 2053/2053/2053 2052/2052/2052
f 2178/2178/2178 2179/2179/2179 2175/2175/2175
f 2175/2175/2175 2179/2179/2179 2053/2053/2053
f 2178/2178/2178 2180/2180/2180 2179/2179/2179
f 2180/2180/2180 2181/2181/2181 2179/2179/2179
f 2053/2053/2053 2179/2179/2179 2181/2181/2181
f 2180/2180/2180 2182/2182/2182 2181/2181/2181
f 2182/2182/2182 2183/2183/2183 2181/2181/2181
f 2182/2182/2182 2184/2184/2184 2183/2183/2183
f 2053/2053/2053 2181/2181/2181 2185/2185/2185
f 2185/2185/2185 2049/2049/2049 2053/2053/2053
f 2185/2185/2185 2047/2047/2047 2049/2049/2049
f 2184/2184/2184 2186/2186/2186 2183/2183/2183
f 2184/2184/2184 2187/2187/2187 2186/2186/2186
f 2181/2181/2181 2183/2183/2183 2188/2188/2188
f 2181/2181/2181 2188/2188/2188 2185/2185/2185
f 2188/2188/2188 2047/2047/2047 2185/2185/2185
f 2187/2187/2187 2189/2189/2189 2186/2186/2186
f 2187/2187/2187 2190/2190/2190 2189/2189/2189
f 2186/2186/2186 2189/2189/2189 2191/2191/2191
f 2186/2186/2186 2191/2191/2191 2192/2192/2192
f 2190/2190/2190 2193/2193/2193 2189/2189/2189
f 2190/2190/2190 2194/2194/2194 2193/2193/2193
f 2188/2188/2188 2195/2195/2195 2047/2047/2047
f 2047/2047/2047 2195/2195/2195 2045/2045/2045
f 2195/2195/2195 2196/2196/2196 2045/2045/2045
f 2197/2197/2197 2195/2195/2195 2188/2188/2188
f 2198/2198/2198 2197/2197/2197 2188/2188/2188
f 2198/2198/2198 2199/2199/2199 2197/2197/2197
f 2197/2197/2197 2200/2200/2200 2195/2195/2195
f 2195/2195/2195 2200/2200/2200 2196/2196/2196
f 2201/2201/2201 2200/2200/2200 2197/2197/2197
f 2202/2202/2202 2203/2203/2203 2196/2196/2196
f 2202/2202/2202 2196/2196/2196 2204/2204/2204
f 2200/2200/2200 2204/2204/2204 2196/2196/2196
f 2200/2200/2200 2205/2205/2205 2204/2204/2204
f 2201/2201/2201 2205/2205/2205 2200/2200/2200
f 2205/2205/2205 2206/2206/2206 2204/2204/2204
f 2205/2205/2205 2207/2207/2207 2206/2206/2206
f 2208/2208/2208 2207/2207/2207 2205/2205/2205
f 2208/2208/2208 2205/2205/2205 2201/2201/2201
f 2209/2209/2209 2208/2208/2208 2201/2201/2201
f 2209/2209/2209 2210/2210/2210 2208/2208/2208
f 2174/2174/2174 2211/2211/2211 2212/2212/2212
f 2174/2174/2174 2212/2212/2212 2171/2171/2171
f 2173/2173/2173 2171/2171/2171 2212/2212/2212
f 2213/2213/2213 2211/2211/2211 2174/2174/2174
f 2213/2213/2213 2174/2174/2174 2126/2126/2126
f 2173/2173/2173 2212/2212/2212 2214/2214/2214
f 2177/2177/2177 2173/2173/2173 2214/2214/2214
f 2177/2177/2177 2214/2214/2214 2215/2215/2215
f 2215/2215/2215 2214/2214/2214 2216/2216/2216
f 2216/2216/2216 2214/2214/2214 2212/2212/2212
f 2215/2215/2215 2216/2216/2216 2217/2217/2217
f 2217/2217/2217 2216/2216/2216 2218/2218/2218
f 2217/2217/2217 2218/2218/2218 2219/2219/2219
f 2216/2216/2216 2212/2212/2212 2220/2220/2220
f 2218/2218/2218 2216/2216/2216 2220/2220/2220
f 2211/2211/2211 2220/2220/2220 2212/2212/2212
f 2219/2219/2219 2218/2218/2218 2221/2221/2221
f 2219/2219/2219 2221/2221/2221 2222/2222/2222
f 2218/2218/2218 2220/2220/2220 2223/2223/2223
f 2222/2222/2222 2221/2221/2221 2224/2224/2224
f 2224/2224/2224 2221/2221/2221 2225/2225/2225
f 2224/2224/2224 2225/2225/2225 2226/2226/2226
f 2222/2222/2222 2224/2224/2224 2227/2227/2227
f 2227/2227/2227 2224/2224/2224 2228/2228/2228
f 2227/2227/2227 2228/2228/2228 2229/2229/2229
f 2228/2228/2228 2224/2224/2224 2230/2230/2230
f 2228/2228/2228 2230/2230/2230 2231/2231/2231
f 2211/2211/2211 2232/2232/2232 2220/2220/2220
f 2232/2232/2232 2223/2223/2223 2220/2220/2220
f 2233/2233/2233 2232/2232/2232 2211/2211/2211
f 2233/2233/2233 2211/2211/2211 2213/2213/2213
f 2232/2232/2232 2234/2234/2234 2223/2223/2223
f 2235/2235/2235 2232/2232/2232 2233/2233/2233
f 2235/2235/2235 2234/2234/2234 2232/2232/2232
f 2213/2213/2213 2236/2236/2236 2233/2233/2233
f 2236/2236/2236 2235/2235/2235 2233/2233/2233
f 2234/2234/2234 2237/2237/2237 2223/2223/2223
f 2237/2237/2237 2238/2238/2238 2223/2223/2223
f 2237/2237/2237 2239/2239/2239 2238/2238/2238
f 2234/2234/2234 2240/2240/2240 2237/2237/2237
f 2240/2240/2240 2241/2241/2241 2237/2237/2237
f 2242/2242/2242 2234/2234/2234 2235/2235/2235
f 2242/2242/2242 2240/2240/2240 2234/2234/2234
f 2243/2243/2243 2242/2242/2242 2235/2235/2235
f 2243/2243/2243 2244/2244/2244 2242/2242/2242
f 2245/2245/2245 2240/2240/2240 2242/2242/2242
f 2240/2240/2240 2246/2246/2246 2241/2241/2241
f 2245/2245/2245 2246/2246/2246 2240/2240/2240
f 2246/2246/2246 2247/2247/2247 2241/2241/2241
f 2248/2248/2248 2246/2246/2246 2245/2245/2245
f 2246/2246/2246 2249/2249/2249 2247/2247/2247
f 2248/2248/2248 2249/2249/2249 2246/2246/2246
f 2236/2236/2236 2250/2250/2250 2235/2235/2235
f 2251/2251/2251 2250/2250/2250 2236/2236/2236
f 2251/2251/2251 2252/2252/2252 2250/2250/2250
f 2253/2253/2253 2251/2251/2251 2236/2236/2236
f 2252/2252/2252 2254/2254/2254 2250/2250/2250
f 2252/2252/2252 2255/2255/2255 2254/2254/2254
f 2253/2253/2253 2236/2236/2236 2256/2256/2256
f 2257/2257/2257 2253/2253/2253 2256/2256/2256
f 2213/2213/2213 2256/2256/2256 2236/2236/2236
f 2257/2257/2257 2256/2256/2256 2258/2258/2258
f 2213/2213/2213 2258/2258/2258 2256/2256/2256
f 2259/2259/2259 2257/2257/2257 2258/2258/2258
f 2213/2213/2213 2126/2126/2126 2258/2258/2258
f 2260/2260/2260 2258/2258/2258 2126/2126/2126
f 2259/2259/2259 2258/2258/2258 2260/2260/2260
f 2260/2260/2260 2126/2126/2126 2125/2125/2125
f 2260/2260/2260 2125/2125/2125 2127/2127/2127
f 2261/2261/2261 2259/2259/2259 2260/2260/2260
f 2260/2260/2260 2127/2127/2127 2261/2261/2261
f 2261/2261/2261 2262/2262/2262 2259/2259/2259
f 2263/2263/2263 2262/2262/2262 2261/2261/2261
f 2263/2263/2263 2264/2264/2264 2262/2262/2262
f 2265/2265/2265 2263/2263/2263 2261/2261/2261
f 2266/2266/2266 2264/2264/2264 2263/2263/2263
f 2266/2266/2266 2263/2263/2263 2265/2265/2265
f 2266/2266/2266 2267/2267/2267 2264/2264/2264
f 2268/2268/2268 2267/2267/2267 2266/2266/2266
f 2268/2268/2268 2269/2269/2269 2267/2267/2267
f 2270/2270/2270 2269/2269/2269 2268/2268/2268
f 2270/2270/2270 2271/2271/2271 2269/2269/2269
f 2271/2271/2271 2270/2270/2270 2272/2272/2272
f 2272/2272/2272 2270/2270/2270 2273/2273/2273
f 2272/2272/2272 2273/2273/2273 2274/2274/2274
f 2271/2271/2271 2272/2272/2272 2275/2275/2275
f 2275/2275/2275 2272/2272/2272 2276/2276/2276
f 2275/2275/2275 2276/2276/2276 2277/2277/2277
f 2266/2266/2266 2265/2265/2265 2278/2278/2278
f 2279/2279/2279 2280/2280/2280 2278/2278/2278
f 2279/2279/2279 2278/2278/2278 2281/2281/2281
f 2282/2282/2282 2278/2278/2278 2265/2265/2265
f 2283/2283/2283 2281/2281/2281 2278/2278/2278
f 2282/2282/2282 2283/2283/2283 2278/2278/2278
f 2283/2283/2283 2284/2284/2284 2281/2281/2281
f 2285/2285/2285 2283/2283/2283 2282/2282/2282
f 2284/2284/2284 2286/2286/2286 2281/2281/2281
f 2286/2286/2286 2287/2287/2287 2281/2281/2281
f 2286/2286/2286 2288/2288/2288 2287/2287/2287
f 2284/2284/2284 2289/2289/2289 2286/2286/2286
f 2290/2290/2290 2284/2284/2284 2283/2283/2283
f 2290/2290/2290 2283/2283/2283 2285/2285/2285
f 2291/2291/2291 2290/2290/2290 2285/2285/2285
f 2291/2291/2291 2292/2292/2292 2290/2290/2290
f 2293/2293/2293 2284/2284/2284 2290/2290/2290
f 2293/2293/2293 2289/2289/2289 2284/2284/2284
f 2294/2294/2294 2293/2293/2293 2290/2290/2290
f 2294/2294/2294 2295/2295/2295 2293/2293/2293
f 2296/2296/2296 2289/2289/2289 2293/2293/2293
f 2289/2289/2289 2297/2297/2297 2286/2286/2286
f 2296/2296/2296 2298/2298/2298 2289/2289/2289
f 2289/2289/2289 2298/2298/2298 2297/2297/2297
f 2299/2299/2299 2298/2298/2298 2296/2296/2296
f 2300/2300/2300 2299/2299/2299 2296/2296/2296
f 2300/2300/2300 2301/2301/2301 2299/2299/2299
f 2299/2299/2299 2302/2302/2302 2298/2298/2298
f 2298/2298/2298 2302/2302/2302 2303/2303/2303
f 2298/2298/2298 2303/2303/2303 2297/2297/2297
f 2304/2304/2304 2297/2297/2297 2303/2303/2303
f 2304/2304/2304 2305/2305/2305 2297/2297/2297
f 2306/2306/2306 2307/2307/2307 2308/2308/2308
f 2306/2306/2306 2308/2308/2308 2127/2127/2127
f 2308/2308/2308 2261/2261/2261 2127/2127/2127
f 2265/2265/2265 2261/2261/2261 2308/2308/2308
f 2307/2307/2307 2265/2265/2265 2308/2308/2308
f 2307/2307/2307 2282/2282/2282 2265/2265/2265
f 2130/2130/2130 2306/2306/2306 2127/2127/2127
f 2309/2309/2309 2282/2282/2282 2307/2307/2307
f 2130/2130/2130 2152/2152/2152 2306/2306/2306
f 2285/2285/2285 2282/2282/2282 2309/2309/2309
f 2309/2309/2309 2310/2310/2310 2285/2285/2285
f 2311/2311/2311 2307/2307/2307 2306/2306/2306
f 2309/2309/2309 2307/2307/2307 2311/2311/2311
f 2311/2311/2311 2306/2306/2306 2312/2312/2312
f 2306/2306/2306 2152/2152/2152 2313/2313/2313
f 2306/2306/2306 2313/2313/2313 2312/2312/2312
f 2314/2314/2314 2311/2311/2311 2312/2312/2312
f 2315/2315/2315 2312/2312/2312 2313/2313/2313
f 2314/2314/2314 2316/2316/2316 2311/2311/2311
f 2316/2316/2316 2309/2309/2309 2311/2311/2311
f 2317/2317/2317 2316/2316/2316 2314/2314/2314
f 2317/2317/2317 2318/2318/2318 2316/2316/2316
f 2316/2316/2316 2319/2319/2319 2309/2309/2309
f 2318/2318/2318 2319/2319/2319 2316/2316/2316
f 2309/2309/2309 2319/2319/2319 2310/2310/2310
f 2318/2318/2318 2320/2320/2320 2319/2319/2319
f 2320/2320/2320 2310/2310/2310 2319/2319/2319
f 2320/2320/2320 2321/2321/2321 2310/2310/2310
f 2321/2321/2321 2322/2322/2322 2310/2310/2310
f 2321/2321/2321 2323/2323/2323 2322/2322/2322
f 2323/2323/2323 2324/2324/2324 2322/2322/2322
f 2323/2323/2323 2325/2325/2325 2324/2324/2324
f 2325/2325/2325 2326/2326/2326 2324/2324/2324
f 2325/2325/2325 2327/2327/2327 2326/2326/2326
f 2324/2324/2324 2326/2326/2326 2328/2328/2328
f 2324/2324/2324 2328/2328/2328 2329/2329/2329
f 2327/2327/2327 2330/2330/2330 2326/2326/2326
f 2327/2327/2327 2331/2331/2331 2330/2330/2330
f 2332/2332/2332 2333/2333/2333 2334/2334/2334
f 2335/2335/2335 2333/2333/2333 2332/2332/2332
f 2335/2335/2335 2336/2336/2336 2333/2333/2333
f 2332/2332/2332 2334/2334/2334 2337/2337/2337
f 2338/2338/2338 2337/2337/2337 2334/2334/2334
f 2338/2338/2338 2315/2315/2315 2337/2337/2337
f 2315/2315/2315 2313/2313/2313 2337/2337/2337
f 2337/2337/2337 2154/2154/2154 2332/2332/2332
f 2337/2337/2337 2313/2313/2313 2154/2154/2154
f 2154/2154/2154 2335/2335/2335 2332/2332/2332
f 2152/2152/2152 2154/2154/2154 2313/2313/2313
f 2154/2154/2154 2153/2153/2153 2335/2335/2335
f 2339/2339/2339 2336/2336/2336 2335/2335/2335
f 2339/2339/2339 2335/2335/2335 2340/2340/2340
f 2339/2339/2339 2340/2340/2340 2341/2341/2341
f 2339/2339/2339 2342/2342/2342 2336/2336/2336
f 2343/2343/2343 2342/2342/2342 2339/2339/2339
f 2343/2343/2343 2344/2344/2344 2342/2342/2342
f 2345/2345/2345 2344/2344/2344 2343/2343/2343
f 2346/2346/2346 2345/2345/2345 2343/2343/2343
f 2346/2346/2346 2347/2347/2347 2345/2345/2345
f 2345/2345/2345 2348/2348/2348 2344/2344/2344
f 2349/2349/2349 2348/2348/2348 2345/2345/2345
f 2349/2349/2349 2350/2350/2350 2348/2348/2348
f 2351/2351/2351 2349/2349/2349 2345/2345/2345
f 2351/2351/2351 2352/2352/2352 2349/2349/2349
f 2255/2255/2255 2353/2353/2353 2354/2354/2354
f 2255/2255/2255 2354/2354/2354 2254/2254/2254
f 2254/2254/2254 2354/2354/2354 2355/2355/2355
f 2254/2254/2254 2355/2355/2355 2356/2356/2356
f 2353/2353/2353 2357/2357/2357 2354/2354/2354
f 2353/2353/2353 2358/2358/2358 2357/2357/2357
f 2354/2354/2354 2357/2357/2357 2359/2359/2359
f 2354/2354/2354 2359/2359/2359 2360/2360/2360
f 2361/2361/2361 2362/2362/2362 2363/2363/2363
f 2364/2364/2364 2362/2362/2362 2361/2361/2361
f 2361/2361/2361 2363/2363/2363 2365/2365/2365
f 2366/2366/2366 2361/2361/2361 2365/2365/2365
f 2366/2366/2366 2365/2365/2365 2367/2367/2367
f 2364/2364/2364 2361/2361/2361 2368/2368/2368
f 2369/2369/2369 2364/2364/2364 2368/2368/2368
f 2369/2369/2369 2368/2368/2368 2370/2370/2370
f 2368/2368/2368 2371/2371/2371 2370/2370/2370
f 2368/2368/2368 2372/2372/2372 2371/2371/2371
f 2373/2373/2373 2374/2374/2374 2375/2375/2375
f 2373/2373/2373 2375/2375/2375 2376/2376/2376
f 2376/2376/2376 2377/2377/2377 2373/2373/2373
f 2376/2376/2376 2378/2378/2378 2377/2377/2377
f 2379/2379/2379 2374/2374/2374 2373/2373/2373
f 2379/2379/2379 2380/2380/2380 2374/2374/2374
f 2381/2381/2381 2380/2380/2380 2379/2379/2379
f 2381/2381/2381 2382/2382/2382 2380/2380/2380
f 2379/2379/2379 2383/2383/2383 2381/2381/2381
f 2379/2379/2379 2384/2384/2384 2383/2383/2383
f 2385/2385/2385 2386/2386/2386 2387/2387/2387
f 2386/2386/2386 2388/2388/2388 2387/2387/2387
f 2386/2386/2386 2389/2389/2389 2388/2388/2388
f 2385/2385/2385 2387/2387/2387 2390/2390/2390
f 2389/2389/2389 2391/2391/2391 2388/2388/2388
f 2389/2389/2389 2392/2392/2392 2391/2391/2391
f 2388/2388/2388 2393/2393/2393 2387/2387/2387
f 2392/2392/2392 2394/2394/2394 2391/2391/2391
f 2392/2392/2392 2395/2395/2395 2394/2394/2394
f 2391/2391/2391 2396/2396/2396 2388/2388/2388
f 2388/2388/2388 2396/2396/2396 2393/2393/2393
f 2395/2395/2395 2397/2397/2397 2394/2394/2394
f 2395/2395/2395 2398/2398/2398 2397/2397/2397
f 2398/2398/2398 2399/2399/2399 2397/2397/2397
f 2398/2398/2398 2400/2400/2400 2399/2399/2399
f 2400/2400/2400 2401/2401/2401 2399/2399/2399
f 2400/2400/2400 2402/2402/2402 2401/2401/2401
f 2394/2394/2394 2403/2403/2403 2391/2391/2391
f 2391/2391/2391 2403/2403/2403 2396/2396/2396
f 2394/2394/2394 2404/2404/2404 2403/2403/2403
f 2405/2405/2405 2404/2404/2404 2394/2394/2394
f 2406/2406/2406 2396/2396/2396 2403/2403/2403
f 2405/2405/2405 2407/2407/2407 2404/2404/2404
f 2408/2408/2408 2407/2407/2407 2405/2405/2405
f 2404/2404/2404 2407/2407/2407 2409/2409/2409
f 2407/2407/2407 2410/2410/2410 2409/2409/2409
f 2404/2404/2404 2409/2409/2409 2411/2411/2411
f 2403/2403/2403 2404/2404/2404 2411/2411/2411
f 2403/2403/2403 2411/2411/2411 2406/2406/2406
f 2408/2408/2408 2412/2412/2412 2407/2407/2407
f 2407/2407/2407 2412/2412/2412 2410/2410/2410
f 2413/2413/2413 2412/2412/2412 2408/2408/2408
f 2412/2412/2412 2414/2414/2414 2410/2410/2410
f 2413/2413/2413 2415/2415/2415 2412/2412/2412
f 2412/2412/2412 2415/2415/2415 2414/2414/2414
f 2411/2411/2411 2416/2416/2416 2406/2406/2406
f 2411/2411/2411 2417/2417/2417 2416/2416/2416
f 2418/2418/2418 2417/2417/2417 2411/2411/2411
f 2406/2406/2406 2416/2416/2416 2419/2419/2419
f 2418/2418/2418 2420/2420/2420 2417/2417/2417
f 2421/2421/2421 2420/2420/2420 2418/2418/2418
f 2421/2421/2421 2422/2422/2422 2420/2420/2420
f 2423/2423/2423 2422/2422/2422 2421/2421/2421
f 2423/2423/2423 2424/2424/2424 2422/2422/2422
f 2406/2406/2406 2419/2419/2419 2425/2425/2425
f 2406/2406/2406 2425/2425/2425 2396/2396/2396
f 2425/2425/2425 2419/2419/2419 2426/2426/2426
f 2425/2425/2425 2393/2393/2393 2396/2396/2396
f 2425/2425/2425 2426/2426/2426 2427/2427/2427
f 2425/2425/2425 2427/2427/2427 2393/2393/2393
f 2427/2427/2427 2426/2426/2426 2428/2428/2428
f 2427/2427/2427 2429/2429/2429 2393/2393/2393
f 2387/2387/2387 2393/2393/2393 2429/2429/2429
f 2387/2387/2387 2429/2429/2429 2390/2390/2390
f 2427/2427/2427 2428/2428/2428 2430/2430/2430
f 2427/2427/2427 2430/2430/2430 2429/2429/2429
f 2431/2431/2431 2430/2430/2430 2428/2428/2428
f 2431/2431/2431 2428/2428/2428 2432/2432/2432
f 2433/2433/2433 2431/2431/2431 2432/2432/2432
f 2433/2433/2433 2432/2432/2432 2434/2434/2434
f 2433/2433/2433 2435/2435/2435 2431/2431/2431
f 2431/2431/2431 2435/2435/2435 2436/2436/2436
f 2431/2431/2431 2436/2436/2436 2430/2430/2430
f 2433/2433/2433 2437/2437/2437 2435/2435/2435
f 2438/2438/2438 2433/2433/2433 2434/2434/2434
f 2438/2438/2438 2437/2437/2437 2433/2433/2433
f 2438/2438/2438 2434/2434/2434 2439/2439/2439
f 2438/2438/2438 2440/2440/2440 2437/2437/2437
f 2441/2441/2441 2438/2438/2438 2439/2439/2439
f 2441/2441/2441 2440/2440/2440 2438/2438/2438
f 2441/2441/2441 2439/2439/2439 2442/2442/2442
f 2441/2441/2441 2443/2443/2443 2440/2440/2440
f 2444/2444/2444 2441/2441/2441 2442/2442/2442
f 2445/2445/2445 2443/2443/2443 2441/2441/2441
f 2444/2444/2444 2442/2442/2442 2446/2446/2446
f 2445/2445/2445 2447/2447/2447 2443/2443/2443
f 2446/2446/2446 2448/2448/2448 2444/2444/2444
f 2449/2449/2449 2447/2447/2447 2445/2445/2445
f 2446/2446/2446 2450/2450/2450 2448/2448/2448
f 2449/2449/2449 2451/2451/2451 2447/2447/2447
f 2450/2450/2450 2452/2452/2452 2448/2448/2448
f 2450/2450/2450 2453/2453/2453 2452/2452/2452
f 2454/2454/2454 2451/2451/2451 2449/2449/2449
f 2454/2454/2454 2455/2455/2455 2451/2451/2451
f 2456/2456/2456 2457/2457/2457 2458/2458/2458
f 2459/2459/2459 2457/2457/2457 2456/2456/2456
f 2456/2456/2456 2458/2458/2458 2460/2460/2460
f 2459/2459/2459 2456/2456/2456 2461/2461/2461
f 2462/2462/2462 2456/2456/2456 2460/2460/2460
f 2461/2461/2461 2456/2456/2456 2462/2462/2462
f 2462/2462/2462 2460/2460/2460 2463/2463/2463
f 2461/2461/2461 2462/2462/2462 2464/2464/2464
f 2465/2465/2465 2462/2462/2462 2463/2463/2463
f 2464/2464/2464 2462/2462/2462 2465/2465/2465
f 2465/2465/2465 2463/2463/2463 2466/2466/2466
f 2467/2467/2467 2468/2468/2468 2464/2464/2464
f 2467/2467/2467 2464/2464/2464 2469/2469/2469
f 2464/2464/2464 2465/2465/2465 2469/2469/2469
f 2469/2469/2469 2465/2465/2465 2470/2470/2470
f 2470/2470/2470 2465/2465/2465 2466/2466/2466
f 2469/2469/2469 2470/2470/2470 2471/2471/2471
f 2471/2471/2471 2472/2472/2472 2469/2469/2469
f 2470/2470/2470 2466/2466/2466 2473/2473/2473
f 2471/2471/2471 2470/2470/2470 2474/2474/2474
f 2474/2474/2474 2470/2470/2470 2473/2473/2473
f 2466/2466/2466 2475/2475/2475 2473/2473/2473
f 2466/2466/2466 2476/2476/2476 2475/2475/2475
f 2477/2477/2477 2476/2476/2476 2466/2466/2466
f 2473/2473/2473 2475/2475/2475 2478/2478/2478
f 2477/2477/2477 2479/2479/2479 2476/2476/2476
f 2480/2480/2480 2479/2479/2479 2477/2477/2477
f 2480/2480/2480 2481/2481/2481 2479/2479/2479
f 2482/2482/2482 2481/2481/2481 2480/2480/2480
f 2482/2482/2482 2483/2483/2483 2481/2481/2481
f 2473/2473/2473 2478/2478/2478 2484/2484/2484
f 2474/2474/2474 2473/2473/2473 2484/2484/2484
f 2484/2484/2484 2478/2478/2478 2485/2485/2485
f 2484/2484/2484 2485/2485/2485 2486/2486/2486
f 2486/2486/2486 2485/2485/2485 2385/2385/2385
f 2487/2487/2487 2474/2474/2474 2484/2484/2484
f 2487/2487/2487 2484/2484/2484 2486/2486/2486
f 2488/2488/2488 2474/2474/2474 2487/2487/2487
f 2486/2486/2486 2385/2385/2385 2390/2390/2390
f 2471/2471/2471 2474/2474/2474 2488/2488/2488
f 2489/2489/2489 2487/2487/2487 2486/2486/2486
f 2489/2489/2489 2486/2486/2486 2390/2390/2390
f 2488/2488/2488 2487/2487/2487 2490/2490/2490
f 2490/2490/2490 2487/2487/2487 2489/2489/2489
f 2488/2488/2488 2491/2491/2491 2471/2471/2471
f 2471/2471/2471 2491/2491/2491 2472/2472/2472
f 2492/2492/2492 2472/2472/2472 2491/2491/2491
f 2492/2492/2492 2493/2493/2493 2472/2472/2472
f 2494/2494/2494 2492/2492/2492 2491/2491/2491
f 2493/2493/2493 2495/2495/2495 2472/2472/2472
f 2493/2493/2493 2496/2496/2496 2495/2495/2495
f 2494/2494/2494 2491/2491/2491 2497/2497/2497
f 2488/2488/2488 2497/2497/2497 2491/2491/2491
f 2498/2498/2498 2494/2494/2494 2497/2497/2497
f 2499/2499/2499 2497/2497/2497 2488/2488/2488
f 2498/2498/2498 2497/2497/2497 2499/2499/2499
f 2499/2499/2499 2488/2488/2488 2490/2490/2490
f 2500/2500/2500 2498/2498/2498 2499/2499/2499
f 2496/2496/2496 2501/2501/2501 2495/2495/2495
f 2496/2496/2496 2502/2502/2502 2501/2501/2501
f 2503/2503/2503 2495/2495/2495 2501/2501/2501
f 2503/2503/2503 2504/2504/2504 2495/2495/2495
f 2502/2502/2502 2505/2505/2505 2501/2501/2501
f 2502/2502/2502 2506/2506/2506 2505/2505/2505
f 2505/2505/2505 2507/2507/2507 2501/2501/2501
f 2505/2505/2505 2508/2508/2508 2507/2507/2507
f 2500/2500/2500 2499/2499/2499 2509/2509/2509
f 2509/2509/2509 2499/2499/2499 2490/2490/2490
f 2510/2510/2510 2500/2500/2500 2509/2509/2509
f 2510/2510/2510 2511/2511/2511 2500/2500/2500
f 2509/2509/2509 2490/2490/2490 2512/2512/2512
f 2509/2509/2509 2512/2512/2512 2510/2510/2510
f 2513/2513/2513 2512/2512/2512 2490/2490/2490
f 2490/2490/2490 2489/2489/2489 2513/2513/2513
f 2514/2514/2514 2512/2512/2512 2513/2513/2513
f 2515/2515/2515 2511/2511/2511 2510/2510/2510
f 2515/2515/2515 2516/2516/2516 2511/2511/2511
f 2510/2510/2510 2517/2517/2517 2515/2515/2515
f 2518/2518/2518 2516/2516/2516 2515/2515/2515
f 2517/2517/2517 2518/2518/2518 2515/2515/2515
f 2518/2518/2518 2519/2519/2519 2516/2516/2516
f 2520/2520/2520 2519/2519/2519 2518/2518/2518
f 2520/2520/2520 2521/2521/2521 2519/2519/2519
f 2520/2520/2520 2518/2518/2518 2522/2522/2522
f 2520/2520/2520 2522/2522/2522 2523/2523/2523
f 2524/2524/2524 2521/2521/2521 2520/2520/2520
f 2524/2524/2524 2525/2525/2525 2521/2521/2521
f 2517/2517/2517 2526/2526/2526 2518/2518/2518
f 2527/2527/2527 2525/2525/2525 2524/2524/2524
f 2528/2528/2528 2527/2527/2527 2524/2524/2524
f 2528/2528/2528 2529/2529/2529 2527/2527/2527
f 2527/2527/2527 2530/2530/2530 2525/2525/2525
f 2531/2531/2531 2530/2530/2530 2527/2527/2527
f 2531/2531/2531 2532/2532/2532 2530/2530/2530
f 2533/2533/2533 2531/2531/2531 2527/2527/2527
f 2533/2533/2533 2534/2534/2534 2531/2531/2531
f 2535/2535/2535 2526/2526/2526 2517/2517/2517
f 2535/2535/2535 2536/2536/2536 2526/2526/2526
f 2536/2536/2536 2537/2537/2537 2526/2526/2526
f 2538/2538/2538 2536/2536/2536 2535/2535/2535
f 2539/2539/2539 2536/2536/2536 2538/2538/2538
f 2538/2538/2538 2535/2535/2535 2540/2540/2540
f 2539/2539/2539 2541/2541/2541 2536/2536/2536
f 2536/2536/2536 2541/2541/2541 2537/2537/2537
f 2542/2542/2542 2541/2541/2541 2539/2539/2539
f 2542/2542/2542 2539/2539/2539 2543/2543/2543
f 2542/2542/2542 2543/2543/2543 2544/2544/2544
f 2542/2542/2542 2545/2545/2545 2541/2541/2541
f 2541/2541/2541 2546/2546/2546 2537/2537/2537
f 2541/2541/2541 2545/2545/2545 2546/2546/2546
f 2547/2547/2547 2537/2537/2537 2546/2546/2546
f 2547/2547/2547 2546/2546/2546 2548/2548/2548
f 2545/2545/2545 2549/2549/2549 2546/2546/2546
f 2550/2550/2550 2545/2545/2545 2542/2542/2542
f 2545/2545/2545 2551/2551/2551 2549/2549/2549
f 2550/2550/2550 2551/2551/2551 2545/2545/2545
f 2551/2551/2551 2552/2552/2552 2549/2549/2549
f 2553/2553/2553 2551/2551/2551 2550/2550/2550
f 2551/2551/2551 2554/2554/2554 2552/2552/2552
f 2553/2553/2553 2554/2554/2554 2551/2551/2551
f 2555/2555/2555 2556/2556/2556 2489/2489/2489
f 2555/2555/2555 2489/2489/2489 2390/2390/2390
f 2555/2555/2555 2390/2390/2390 2557/2557/2557
f 2555/2555/2555 2557/2557/2557 2558/2558/2558
f 2559/2559/2559 2557/2557/2557 2390/2390/2390
f 2560/2560/2560 2555/2555/2555 2558/2558/2558
f 2560/2560/2560 2556/2556/2556 2555/2555/2555
f 2560/2560/2560 2558/2558/2558 2561/2561/2561
f 2559/2559/2559 2562/2562/2562 2557/2557/2557
f 2559/2559/2559 2390/2390/2390 2429/2429/2429
f 2563/2563/2563 2562/2562/2562 2559/2559/2559
f 2563/2563/2563 2564/2564/2564 2562/2562/2562
f 2559/2559/2559 2429/2429/2429 2565/2565/2565
f 2563/2563/2563 2559/2559/2559 2565/2565/2565
f 2566/2566/2566 2565/2565/2565 2429/2429/2429
f 2567/2567/2567 2564/2564/2564 2563/2563/2563
f 2567/2567/2567 2568/2568/2568 2564/2564/2564
f 2563/2563/2563 2565/2565/2565 2569/2569/2569
f 2567/2567/2567 2563/2563/2563 2569/2569/2569
f 2570/2570/2570 2569/2569/2569 2565/2565/2565
f 2570/2570/2570 2565/2565/2565 2566/2566/2566
f 2567/2567/2567 2569/2569/2569 2571/2571/2571
f 2572/2572/2572 2568/2568/2568 2567/2567/2567
f 2572/2572/2572 2567/2567/2567 2571/2571/2571
f 2572/2572/2572 2573/2573/2573 2568/2568/2568
f 2574/2574/2574 2573/2573/2573 2572/2572/2572
f 2574/2574/2574 2575/2575/2575 2573/2573/2573
f 2575/2575/2575 2574/2574/2574 2576/2576/2576
f 2575/2575/2575 2576/2576/2576 2577/2577/2577
f 2577/2577/2577 2576/2576/2576 2578/2578/2578
f 2577/2577/2577 2578/2578/2578 2579/2579/2579
f 2572/2572/2572 2571/2571/2571 2580/2580/2580
f 2581/2581/2581 2572/2572/2572 2580/2580/2580
f 2582/2582/2582 2571/2571/2571 2569/2569/2569
f 2582/2582/2582 2569/2569/2569 2570/2570/2570
f 2583/2583/2583 2580/2580/2580 2571/2571/2571
f 2583/2583/2583 2571/2571/2571 2582/2582/2582
f 2584/2584/2584 2580/2580/2580 2583/2583/2583
f 2581/2581/2581 2580/2580/2580 2585/2585/2585
f 2584/2584/2584 2585/2585/2585 2580/2580/2580
f 2586/2586/2586 2581/2581/2581 2585/2585/2585
f 2587/2587/2587 2585/2585/2585 2584/2584/2584
f 2586/2586/2586 2585/2585/2585 2588/2588/2588
f 2587/2587/2587 2588/2588/2588 2585/2585/2585
f 2589/2589/2589 2586/2586/2586 2588/2588/2588
f 2590/2590/2590 2588/2588/2588 2587/2587/2587
f 2589/2589/2589 2588/2588/2588 2591/2591/2591
f 2590/2590/2590 2591/2591/2591 2588/2588/2588
f 2583/2583/2583 2592/2592/2592 2593/2593/2593
f 2594/2594/2594 2593/2593/2593 2592/2592/2592
f 2594/2594/2594 2595/2595/2595 2593/2593/2593
f 2596/2596/2596 2595/2595/2595 2594/2594/2594
f 2596/2596/2596 2597/2597/2597 2595/2595/2595
f 2583/2583/2583 2598/2598/2598 2592/2592/2592
f 2582/2582/2582 2598/2598/2598 2583/2583/2583
f 2582/2582/2582 2599/2599/2599 2598/2598/2598
f 2570/2570/2570 2599/2599/2599 2582/2582/2582
f 2598/2598/2598 2599/2599/2599 2600/2600/2600
f 2598/2598/2598 2600/2600/2600 2601/2601/2601
f 2602/2602/2602 2598/2598/2598 2601/2601/2601
f 2599/2599/2599 2603/2603/2603 2600/2600/2600
f 2602/2602/2602 2601/2601/2601 2604/2604/2604
f 2605/2605/2605 2602/2602/2602 2604/2604/2604
f 2605/2605/2605 2604/2604/2604 2606/2606/2606
f 2607/2607/2607 2605/2605/2605 2606/2606/2606
f 2607/2607/2607 2606/2606/2606 2608/2608/2608
f 2599/2599/2599 2609/2609/2609 2603/2603/2603
f 2570/2570/2570 2609/2609/2609 2599/2599/2599
f 2609/2609/2609 2610/2610/2610 2603/2603/2603
f 2566/2566/2566 2609/2609/2609 2570/2570/2570
f 2609/2609/2609 2611/2611/2611 2610/2610/2610
f 2566/2566/2566 2611/2611/2611 2609/2609/2609
f 2611/2611/2611 2612/2612/2612 2610/2610/2610
f 2611/2611/2611 2613/2613/2613 2612/2612/2612
f 2614/2614/2614 2613/2613/2613 2611/2611/2611
f 2614/2614/2614 2611/2611/2611 2566/2566/2566
f 2430/2430/2430 2614/2614/2614 2566/2566/2566
f 2566/2566/2566 2429/2429/2429 2430/2430/2430
f 2430/2430/2430 2615/2615/2615 2614/2614/2614
f 2616/2616/2616 2614/2614/2614 2615/2615/2615
f 2617/2617/2617 2616/2616/2616 2615/2615/2615
f 2617/2617/2617 2615/2615/2615 2618/2618/2618
f 2430/2430/2430 2619/2619/2619 2615/2615/2615
f 2619/2619/2619 2430/2430/2430 2436/2436/2436
f 2619/2619/2619 2436/2436/2436 2620/2620/2620
f 2621/2621/2621 2618/2618/2618 2615/2615/2615
f 2621/2621/2621 2615/2615/2615 2619/2619/2619
f 2621/2621/2621 2622/2622/2622 2618/2618/2618
f 2623/2623/2623 2619/2619/2619 2620/2620/2620
f 2621/2621/2621 2619/2619/2619 2623/2623/2623
f 2623/2623/2623 2620/2620/2620 2624/2624/2624
f 2625/2625/2625 2622/2622/2622 2621/2621/2621
f 2625/2625/2625 2621/2621/2621 2623/2623/2623
f 2625/2625/2625 2626/2626/2626 2622/2622/2622
f 2627/2627/2627 2623/2623/2623 2624/2624/2624
f 2625/2625/2625 2623/2623/2623 2627/2627/2627
f 2627/2627/2627 2624/2624/2624 2628/2628/2628
f 2629/2629/2629 2626/2626/2626 2625/2625/2625
f 2629/2629/2629 2625/2625/2625 2627/2627/2627
f 2629/2629/2629 2630/2630/2630 2626/2626/2626
f 2631/2631/2631 2627/2627/2627 2628/2628/2628
f 2629/2629/2629 2627/2627/2627 2631/2631/2631
f 2631/2631/2631 2628/2628/2628 2632/2632/2632
f 2633/2633/2633 2629/2629/2629 2631/2631/2631
f 2633/2633/2633 2631/2631/2631 2634/2634/2634
f 2633/2633/2633 2634/2634/2634 2635/2635/2635
f 2633/2633/2633 2635/2635/2635 2636/2636/2636
f 2635/2635/2635 2637/2637/2637 2636/2636/2636
f 2635/2635/2635 2638/2638/2638 2637/2637/2637
f 2560/2560/2560 2639/2639/2639 2556/2556/2556
f 2640/2640/2640 2639/2639/2639 2560/2560/2560
f 2640/2640/2640 2560/2560/2560 2561/2561/2561
f 2640/2640/2640 2561/2561/2561 2641/2641/2641
f 2642/2642/2642 2640/2640/2640 2641/2641/2641
f 2642/2642/2642 2641/2641/2641 2643/2643/2643
f 2644/2644/2644 2642/2642/2642 2643/2643/2643
f 2644/2644/2644 2643/2643/2643 2645/2645/2645
f 2646/2646/2646 2644/2644/2644 2645/2645/2645
f 2646/2646/2646 2645/2645/2645 2647/2647/2647
f 2648/2648/2648 2646/2646/2646 2647/2647/2647
f 2648/2648/2648 2647/2647/2647 2649/2649/2649
f 2642/2642/2642 2650/2650/2650 2640/2640/2640
f 2640/2640/2640 2650/2650/2650 2639/2639/2639
f 2642/2642/2642 2651/2651/2651 2650/2650/2650
f 2652/2652/2652 2651/2651/2651 2642/2642/2642
f 2639/2639/2639 2650/2650/2650 2653/2653/2653
f 2652/2652/2652 2654/2654/2654 2651/2651/2651
f 2655/2655/2655 2654/2654/2654 2652/2652/2652
f 2650/2650/2650 2651/2651/2651 2656/2656/2656
f 2650/2650/2650 2656/2656/2656 2653/2653/2653
f 2651/2651/2651 2654/2654/2654 2657/2657/2657
f 2651/2651/2651 2657/2657/2657 2656/2656/2656
f 2657/2657/2657 2658/2658/2658 2656/2656/2656
f 2657/2657/2657 2659/2659/2659 2658/2658/2658
f 2654/2654/2654 2660/2660/2660 2657/2657/2657
f 2661/2661/2661 2653/2653/2653 2656/2656/2656
f 2654/2654/2654 2662/2662/2662 2660/2660/2660
f 2655/2655/2655 2662/2662/2662 2654/2654/2654
f 2662/2662/2662 2663/2663/2663 2660/2660/2660
f 2664/2664/2664 2662/2662/2662 2655/2655/2655
f 2662/2662/2662 2665/2665/2665 2663/2663/2663
f 2664/2664/2664 2665/2665/2665 2662/2662/2662
f 2661/2661/2661 2666/2666/2666 2653/2653/2653
f 2667/2667/2667 2666/2666/2666 2661/2661/2661
f 2667/2667/2667 2661/2661/2661 2668/2668/2668
f 2668/2668/2668 2661/2661/2661 2669/2669/2669
f 2670/2670/2670 2666/2666/2666 2667/2667/2667
f 2668/2668/2668 2669/2669/2669 2671/2671/2671
f 2670/2670/2670 2672/2672/2672 2666/2666/2666
f 2673/2673/2673 2672/2672/2672 2670/2670/2670
f 2666/2666/2666 2674/2674/2674 2653/2653/2653
f 2666/2666/2666 2672/2672/2672 2674/2674/2674
f 2639/2639/2639 2653/2653/2653 2674/2674/2674
f 2556/2556/2556 2639/2639/2639 2674/2674/2674
f 2673/2673/2673 2675/2675/2675 2672/2672/2672
f 2675/2675/2675 2674/2674/2674 2672/2672/2672
f 2556/2556/2556 2674/2674/2674 2676/2676/2676
f 2675/2675/2675 2676/2676/2676 2674/2674/2674
f 2489/2489/2489 2556/2556/2556 2676/2676/2676
f 2489/2489/2489 2676/2676/2676 2513/2513/2513
f 2676/2676/2676 2675/2675/2675 2513/2513/2513
f 2677/2677/2677 2675/2675/2675 2673/2673/2673
f 2514/2514/2514 2513/2513/2513 2675/2675/2675
f 2677/2677/2677 2514/2514/2514 2675/2675/2675
f 2677/2677/2677 2678/2678/2678 2514/2514/2514
f 2677/2677/2677 2679/2679/2679 2678/2678/2678
f 2514/2514/2514 2678/2678/2678 2680/2680/2680
f 2514/2514/2514 2680/2680/2680 2512/2512/2512
f 2679/2679/2679 2681/2681/2681 2678/2678/2678
f 2679/2679/2679 2682/2682/2682 2681/2681/2681
f 2678/2678/2678 2681/2681/2681 2683/2683/2683
f 2678/2678/2678 2683/2683/2683 2680/2680/2680
f 2682/2682/2682 2684/2684/2684 2681/2681/2681
f 2683/2683/2683 2681/2681/2681 2684/2684/2684
f 2682/2682/2682 2685/2685/2685 2684/2684/2684
f 2685/2685/2685 2686/2686/2686 2684/2684/2684
f 2685/2685/2685 2687/2687/2687 2686/2686/2686
f 2687/2687/2687 2688/2688/2688 2686/2686/2686
f 2687/2687/2687 2689/2689/2689 2688/2688/2688
f 2683/2683/2683 2684/2684/2684 2690/2690/2690
f 2691/2691/2691 2688/2688/2688 2689/2689/2689
f 2691/2691/2691 2689/2689/2689 2692/2692/2692
f 2688/2688/2688 2691/2691/2691 2693/2693/2693
f 2688/2688/2688 2693/2693/2693 2694/2694/2694
f 2695/2695/2695 2691/2691/2691 2692/2692/2692
f 2695/2695/2695 2692/2692/2692 2696/2696/2696
f 2690/2690/2690 2697/2697/2697 2683/2683/2683
f 2683/2683/2683 2697/2697/2697 2698/2698/2698
f 2683/2683/2683 2698/2698/2698 2680/2680/2680
f 2690/2690/2690 2699/2699/2699 2697/2697/2697
f 2698/2698/2698 2697/2697/2697 2700/2700/2700
f 2701/2701/2701 2699/2699/2699 2690/2690/2690
f 2702/2702/2702 2701/2701/2701 2690/2690/2690
f 2702/2702/2702 2703/2703/2703 2701/2701/2701
f 2697/2697/2697 2699/2699/2699 2704/2704/2704
f 2697/2697/2697 2704/2704/2704 2700/2700/2700
f 2705/2705/2705 2706/2706/2706 2704/2704/2704
f 2705/2705/2705 2704/2704/2704 2707/2707/2707
f 2699/2699/2699 2707/2707/2707 2704/2704/2704
f 2708/2708/2708 2700/2700/2700 2704/2704/2704
f 2699/2699/2699 2709/2709/2709 2707/2707/2707
f 2701/2701/2701 2709/2709/2709 2699/2699/2699
f 2709/2709/2709 2710/2710/2710 2707/2707/2707
f 2710/2710/2710 2711/2711/2711 2707/2707/2707
f 2710/2710/2710 2712/2712/2712 2711/2711/2711
f 2713/2713/2713 2709/2709/2709 2701/2701/2701
f 2714/2714/2714 2713/2713/2713 2701/2701/2701
f 2714/2714/2714 2715/2715/2715 2713/2713/2713
f 2713/2713/2713 2716/2716/2716 2709/2709/2709
f 2709/2709/2709 2716/2716/2716 2710/2710/2710
f 2717/2717/2717 2716/2716/2716 2713/2713/2713
f 2716/2716/2716 2718/2718/2718 2710/2710/2710
f 2717/2717/2717 2719/2719/2719 2716/2716/2716
f 2716/2716/2716 2719/2719/2719 2718/2718/2718
f 2720/2720/2720 2719/2719/2719 2717/2717/2717
f 2721/2721/2721 2720/2720/2720 2717/2717/2717
f 2721/2721/2721 2722/2722/2722 2720/2720/2720
f 2720/2720/2720 2723/2723/2723 2719/2719/2719
f 2719/2719/2719 2723/2723/2723 2724/2724/2724
f 2719/2719/2719 2724/2724/2724 2718/2718/2718
f 2725/2725/2725 2718/2718/2718 2724/2724/2724
f 2725/2725/2725 2726/2726/2726 2718/2718/2718
f 2680/2680/2680 2698/2698/2698 2727/2727/2727
f 2680/2680/2680 2727/2727/2727 2728/2728/2728
f 2728/2728/2728 2512/2512/2512 2680/2680/2680
f 2728/2728/2728 2510/2510/2510 2512/2512/2512
f 2728/2728/2728 2729/2729/2729 2510/2510/2510
f 2727/2727/2727 2729/2729/2729 2728/2728/2728
f 2510/2510/2510 2729/2729/2729 2517/2517/2517
f 2730/2730/2730 2517/2517/2517 2729/2729/2729
f 2727/2727/2727 2730/2730/2730 2729/2729/2729
f 2730/2730/2730 2535/2535/2535 2517/2517/2517
f 2540/2540/2540 2535/2535/2535 2730/2730/2730
f 2731/2731/2731 2730/2730/2730 2727/2727/2727
f 2540/2540/2540 2730/2730/2730 2731/2731/2731
f 2731/2731/2731 2727/2727/2727 2732/2732/2732
f 2731/2731/2731 2732/2732/2732 2733/2733/2733
f 2727/2727/2727 2734/2734/2734 2732/2732/2732
f 2727/2727/2727 2698/2698/2698 2734/2734/2734
f 2734/2734/2734 2735/2735/2735 2732/2732/2732
f 2698/2698/2698 2700/2700/2700 2734/2734/2734
f 2734/2734/2734 2736/2736/2736 2735/2735/2735
f 2700/2700/2700 2736/2736/2736 2734/2734/2734
f 2736/2736/2736 2737/2737/2737 2735/2735/2735
f 2736/2736/2736 2738/2738/2738 2737/2737/2737
f 2700/2700/2700 2739/2739/2739 2736/2736/2736
f 2739/2739/2739 2738/2738/2738 2736/2736/2736
f 2708/2708/2708 2739/2739/2739 2700/2700/2700
f 2739/2739/2739 2740/2740/2740 2738/2738/2738
f 2708/2708/2708 2740/2740/2740 2739/2739/2739
f 2708/2708/2708 2741/2741/2741 2740/2740/2740
f 2742/2742/2742 2741/2741/2741 2708/2708/2708
f 2742/2742/2742 2743/2743/2743 2741/2741/2741
f 2744/2744/2744 2743/2743/2743 2742/2742/2742
f 2744/2744/2744 2745/2745/2745 2743/2743/2743
f 2745/2745/2745 2744/2744/2744 2746/2746/2746
f 2746/2746/2746 2744/2744/2744 2747/2747/2747
f 2746/2746/2746 2747/2747/2747 2748/2748/2748
f 2745/2745/2745 2746/2746/2746 2749/2749/2749
f 2749/2749/2749 2746/2746/2746 2750/2750/2750
f 2749/2749/2749 2750/2750/2750 2751/2751/2751
f 2752/2752/2752 2753/2753/2753 2754/2754/2754
f 2752/2752/2752 2754/2754/2754 2755/2755/2755
f 2756/2756/2756 2752/2752/2752 2755/2755/2755
f 2756/2756/2756 2755/2755/2755 2733/2733/2733
f 2731/2731/2731 2733/2733/2733 2755/2755/2755
f 2540/2540/2540 2731/2731/2731 2755/2755/2755
f 2540/2540/2540 2755/2755/2755 2754/2754/2754
f 2753/2753/2753 2757/2757/2757 2754/2754/2754
f 2757/2757/2757 2540/2540/2540 2754/2754/2754
f 2757/2757/2757 2538/2538/2538 2540/2540/2540
f 2753/2753/2753 2758/2758/2758 2757/2757/2757
f 2758/2758/2758 2759/2759/2759 2757/2757/2757
f 2760/2760/2760 2757/2757/2757 2759/2759/2759
f 2760/2760/2760 2759/2759/2759 2761/2761/2761
f 2758/2758/2758 2762/2762/2762 2759/2759/2759
f 2762/2762/2762 2763/2763/2763 2759/2759/2759
f 2762/2762/2762 2764/2764/2764 2763/2763/2763
f 2765/2765/2765 2766/2766/2766 2763/2763/2763
f 2765/2765/2765 2763/2763/2763 2767/2767/2767
f 2764/2764/2764 2767/2767/2767 2763/2763/2763
f 2764/2764/2764 2768/2768/2768 2767/2767/2767
f 2768/2768/2768 2769/2769/2769 2767/2767/2767
f 2768/2768/2768 2770/2770/2770 2769/2769/2769
f 2769/2769/2769 2771/2771/2771 2767/2767/2767
f 2769/2769/2769 2772/2772/2772 2771/2771/2771
f 2671/2671/2671 2669/2669/2669 2773/2773/2773
f 2773/2773/2773 2669/2669/2669 2774/2774/2774
f 2773/2773/2773 2774/2774/2774 2775/2775/2775
f 2671/2671/2671 2773/2773/2773 2776/2776/2776
f 2776/2776/2776 2773/2773/2773 2777/2777/2777
f 2776/2776/2776 2777/2777/2777 2778/2778/2778
f 2777/2777/2777 2773/2773/2773 2779/2779/2779
f 2777/2777/2777 2779/2779/2779 2780/2780/2780
f 2781/2781/2781 2782/2782/2782 2783/2783/2783
f 2781/2781/2781 2783/2783/2783 2784/2784/2784
f 2781/2781/2781 2784/2784/2784 2785/2785/2785
f 2781/2781/2781 2785/2785/2785 2786/2786/2786
f 2786/2786/2786 2785/2785/2785 2787/2787/2787
f 2786/2786/2786 2787/2787/2787 2788/2788/2788
f 2789/2789/2789 2790/2790/2790 2791/2791/2791
f 2789/2789/2789 2791/2791/2791 2792/2792/2792
f 2793/2793/2793 2789/2789/2789 2792/2792/2792
f 2793/2793/2793 2792/2792/2792 2794/2794/2794
f 2795/2795/2795 2793/2793/2793 2794/2794/2794
f 2795/2795/2795 2794/2794/2794 2796/2796/2796
f 2797/2797/2797 2798/2798/2798 2799/2799/2799
f 2797/2797/2797 2799/2799/2799 2800/2800/2800
f 2801/2801/2801 2799/2799/2799 2798/2798/2798
f 2801/2801/2801 2802/2802/2802 2799/2799/2799
f 2803/2803/2803 2801/2801/2801 2798/2798/2798
f 2804/2804/2804 2802/2802/2802 2801/2801/2801
f 2804/2804/2804 2805/2805/2805 2802/2802/2802
f 2806/2806/2806 2804/2804/2804 2801/2801/2801
f 2806/2806/2806 2801/2801/2801 2803/2803/2803
f 2807/2807/2807 2805/2805/2805 2804/2804/2804
f 2806/2806/2806 2807/2807/2807 2804/2804/2804
f 2807/2807/2807 2808/2808/2808 2805/2805/2805
f 2809/2809/2809 2808/2808/2808 2807/2807/2807
f 2809/2809/2809 2810/2810/2810 2808/2808/2808
f 2811/2811/2811 2809/2809/2809 2807/2807/2807
f 2806/2806/2806 2811/2811/2811 2807/2807/2807
f 2812/2812/2812 2810/2810/2810 2809/2809/2809
f 2812/2812/2812 2813/2813/2813 2810/2810/2810
f 2811/2811/2811 2814/2814/2814 2809/2809/2809
f 2815/2815/2815 2813/2813/2813 2812/2812/2812
f 2815/2815/2815 2816/2816/2816 2813/2813/2813
f 2812/2812/2812 2817/2817/2817 2815/2815/2815
f 2812/2812/2812 2818/2818/2818 2817/2817/2817
f 2819/2819/2819 2816/2816/2816 2815/2815/2815
f 2819/2819/2819 2820/2820/2820 2816/2816/2816
f 2819/2819/2819 2815/2815/2815 2821/2821/2821
f 2819/2819/2819 2821/2821/2821 2822/2822/2822
f 2811/2811/2811 2806/2806/2806 2823/2823/2823
f 2814/2814/2814 2811/2811/2811 2824/2824/2824
f 2811/2811/2811 2823/2823/2823 2824/2824/2824
f 2806/2806/2806 2825/2825/2825 2823/2823/2823
f 2806/2806/2806 2803/2803/2803 2825/2825/2825
f 2826/2826/2826 2823/2823/2823 2825/2825/2825
f 2827/2827/2827 2824/2824/2824 2823/2823/2823
f 2827/2827/2827 2823/2823/2823 2826/2826/2826
f 2828/2828/2828 2824/2824/2824 2827/2827/2827
f 2814/2814/2814 2824/2824/2824 2829/2829/2829
f 2828/2828/2828 2829/2829/2829 2824/2824/2824
f 2830/2830/2830 2814/2814/2814 2829/2829/2829
f 2830/2830/2830 2831/2831/2831 2814/2814/2814
f 2830/2830/2830 2832/2832/2832 2831/2831/2831
f 2830/2830/2830 2829/2829/2829 2833/2833/2833
f 2834/2834/2834 2830/2830/2830 2833/2833/2833
f 2835/2835/2835 2829/2829/2829 2828/2828/2828
f 2835/2835/2835 2833/2833/2833 2829/2829/2829
f 2835/2835/2835 2828/2828/2828 2836/2836/2836
f 2835/2835/2835 2836/2836/2836 2837/2837/2837
f 2838/2838/2838 2833/2833/2833 2835/2835/2835
f 2834/2834/2834 2833/2833/2833 2839/2839/2839
f 2838/2838/2838 2839/2839/2839 2833/2833/2833
f 2840/2840/2840 2834/2834/2834 2839/2839/2839
f 2841/2841/2841 2839/2839/2839 2838/2838/2838
f 2840/2840/2840 2839/2839/2839 2842/2842/2842
f 2841/2841/2841 2842/2842/2842 2839/2839/2839
f 2827/2827/2827 2843/2843/2843 2828/2828/2828
f 2827/2827/2827 2844/2844/2844 2843/2843/2843
f 2826/2826/2826 2844/2844/2844 2827/2827/2827
f 2843/2843/2843 2844/2844/2844 2845/2845/2845
f 2843/2843/2843 2845/2845/2845 2846/2846/2846
f 2847/2847/2847 2843/2843/2843 2846/2846/2846
f 2844/2844/2844 2848/2848/2848 2845/2845/2845
f 2847/2847/2847 2846/2846/2846 2849/2849/2849
f 2844/2844/2844 2850/2850/2850 2848/2848/2848
f 2826/2826/2826 2850/2850/2850 2844/2844/2844
f 2850/2850/2850 2851/2851/2851 2848/2848/2848
f 2852/2852/2852 2847/2847/2847 2849/2849/2849
f 2850/2850/2850 2853/2853/2853 2851/2851/2851
f 2826/2826/2826 2853/2853/2853 2850/2850/2850
f 2852/2852/2852 2854/2854/2854 2847/2847/2847
f 2852/2852/2852 2855/2855/2855 2854/2854/2854
f 2852/2852/2852 2849/2849/2849 2856/2856/2856
f 2852/2852/2852 2856/2856/2856 2857/2857/2857
f 2852/2852/2852 2857/2857/2857 2858/2858/2858
f 2858/2858/2858 2859/2859/2859 2852/2852/2852
f 2858/2858/2858 2860/2860/2860 2859/2859/2859
f 2853/2853/2853 2861/2861/2861 2851/2851/2851
f 2826/2826/2826 2862/2862/2862 2853/2853/2853
f 2826/2826/2826 2825/2825/2825 2862/2862/2862
f 2853/2853/2853 2863/2863/2863 2861/2861/2861
f 2862/2862/2862 2825/2825/2825 2864/2864/2864
f 2862/2862/2862 2865/2865/2865 2853/2853/2853
f 2862/2862/2862 2864/2864/2864 2865/2865/2865
f 2865/2865/2865 2863/2863/2863 2853/2853/2853
f 2803/2803/2803 2864/2864/2864 2825/2825/2825
f 2866/2866/2866 2861/2861/2861 2863/2863/2863
f 2866/2866/2866 2867/2867/2867 2861/2861/2861
f 2865/2865/2865 2868/2868/2868 2863/2863/2863
f 2869/2869/2869 2867/2867/2867 2866/2866/2866
f 2869/2869/2869 2870/2870/2870 2867/2867/2867
f 2865/2865/2865 2871/2871/2871 2868/2868/2868
f 2871/2871/2871 2865/2865/2865 2864/2864/2864
f 2863/2863/2863 2868/2868/2868 2872/2872/2872
f 2873/2873/2873 2870/2870/2870 2869/2869/2869
f 2873/2873/2873 2874/2874/2874 2870/2870/2870
f 2873/2873/2873 2869/2869/2869 2875/2875/2875
f 2866/2866/2866 2875/2875/2875 2869/2869/2869
f 2876/2876/2876 2874/2874/2874 2873/2873/2873
f 2876/2876/2876 2877/2877/2877 2874/2874/2874
f 2878/2878/2878 2876/2876/2876 2873/2873/2873
f 2878/2878/2878 2879/2879/2879 2876/2876/2876
f 2880/2880/2880 2877/2877/2877 2876/2876/2876
f 2880/2880/2880 2881/2881/2881 2877/2877/2877
f 2873/2873/2873 2875/2875/2875 2882/2882/2882
f 2883/2883/2883 2881/2881/2881 2880/2880/2880
f 2883/2883/2883 2884/2884/2884 2881/2881/2881
f 2880/2880/2880 2885/2885/2885 2883/2883/2883
f 2880/2880/2880 2886/2886/2886 2885/2885/2885
f 2887/2887/2887 2884/2884/2884 2883/2883/2883
f 2887/2887/2887 2888/2888/2888 2884/2884/2884
f 2887/2887/2887 2883/2883/2883 2889/2889/2889
f 2887/2887/2887 2889/2889/2889 2890/2890/2890
f 2882/2882/2882 2875/2875/2875 2891/2891/2891
f 2882/2882/2882 2891/2891/2891 2892/2892/2892
f 2893/2893/2893 2882/2882/2882 2892/2892/2892
f 2894/2894/2894 2892/2892/2892 2891/2891/2891
f 2895/2895/2895 2892/2892/2892 2894/2894/2894
f 2894/2894/2894 2891/2891/2891 2896/2896/2896
f 2895/2895/2895 2897/2897/2897 2892/2892/2892
f 2893/2893/2893 2892/2892/2892 2897/2897/2897
f 2898/2898/2898 2897/2897/2897 2895/2895/2895
f 2899/2899/2899 2898/2898/2898 2895/2895/2895
f 2899/2899/2899 2900/2900/2900 2898/2898/2898
f 2901/2901/2901 2893/2893/2893 2897/2897/2897
f 2902/2902/2902 2893/2893/2893 2901/2901/2901
f 2902/2902/2902 2901/2901/2901 2903/2903/2903
f 2901/2901/2901 2897/2897/2897 2904/2904/2904
f 2898/2898/2898 2904/2904/2904 2897/2897/2897
f 2905/2905/2905 2901/2901/2901 2904/2904/2904
f 2906/2906/2906 2904/2904/2904 2898/2898/2898
f 2905/2905/2905 2904/2904/2904 2907/2907/2907
f 2906/2906/2906 2907/2907/2907 2904/2904/2904
f 2908/2908/2908 2905/2905/2905 2907/2907/2907
f 2909/2909/2909 2907/2907/2907 2906/2906/2906
f 2908/2908/2908 2907/2907/2907 2910/2910/2910
f 2909/2909/2909 2910/2910/2910 2907/2907/2907
f 2911/2911/2911 2797/2797/2797 2800/2800/2800
f 2911/2911/2911 2800/2800/2800 2912/2912/2912
f 2913/2913/2913 2911/2911/2911 2912/2912/2912
f 2913/2913/2913 2912/2912/2912 2914/2914/2914
f 2913/2913/2913 2915/2915/2915 2911/2911/2911
f 2797/2797/2797 2911/2911/2911 2915/2915/2915
f 2916/2916/2916 2913/2913/2913 2914/2914/2914
f 2916/2916/2916 2914/2914/2914 2917/2917/2917
f 2918/2918/2918 2916/2916/2916 2917/2917/2917
f 2918/2918/2918 2917/2917/2917 2919/2919/2919
f 2920/2920/2920 2913/2913/2913 2916/2916/2916
f 2913/2913/2913 2920/2920/2920 2915/2915/2915
f 2920/2920/2920 2916/2916/2916 2921/2921/2921
f 2922/2922/2922 2918/2918/2918 2919/2919/2919
f 2922/2922/2922 2923/2923/2923 2918/2918/2918
f 2922/2922/2922 2924/2924/2924 2923/2923/2923
f 2922/2922/2922 2919/2919/2919 2925/2925/2925
f 2926/2926/2926 2922/2922/2922 2925/2925/2925
f 2926/2926/2926 2925/2925/2925 2927/2927/2927
f 2926/2926/2926 2928/2928/2928 2922/2922/2922
f 2926/2926/2926 2929/2929/2929 2928/2928/2928
f 2920/2920/2920 2930/2930/2930 2915/2915/2915
f 2921/2921/2921 2931/2931/2931 2920/2920/2920
f 2920/2920/2920 2931/2931/2931 2930/2930/2930
f 2921/2921/2921 2932/2932/2932 2931/2931/2931
f 2915/2915/2915 2930/2930/2930 2933/2933/2933
f 2934/2934/2934 2932/2932/2932 2921/2921/2921
f 2935/2935/2935 2934/2934/2934 2921/2921/2921
f 2935/2935/2935 2936/2936/2936 2934/2934/2934
f 2937/2937/2937 2931/2931/2931 2932/2932/2932
f 2938/2938/2938 2937/2937/2937 2932/2932/2932
f 2937/2937/2937 2939/2939/2939 2931/2931/2931
f 2939/2939/2939 2930/2930/2930 2931/2931/2931
f 2939/2939/2939 2937/2937/2937 2940/2940/2940
f 2934/2934/2934 2941/2941/2941 2932/2932/2932
f 2938/2938/2938 2932/2932/2932 2941/2941/2941
f 2942/2942/2942 2941/2941/2941 2934/2934/2934
f 2943/2943/2943 2938/2938/2938 2941/2941/2941
f 2944/2944/2944 2938/2938/2938 2943/2943/2943
f 2944/2944/2944 2943/2943/2943 2945/2945/2945
f 2943/2943/2943 2941/2941/2941 2946/2946/2946
f 2942/2942/2942 2946/2946/2946 2941/2941/2941
f 2947/2947/2947 2943/2943/2943 2946/2946/2946
f 2948/2948/2948 2946/2946/2946 2942/2942/2942
f 2947/2947/2947 2946/2946/2946 2949/2949/2949
f 2948/2948/2948 2949/2949/2949 2946/2946/2946
f 2939/2939/2939 2950/2950/2950 2930/2930/2930
f 2950/2950/2950 2933/2933/2933 2930/2930/2930
f 2951/2951/2951 2950/2950/2950 2939/2939/2939
f 2939/2939/2939 2940/2940/2940 2951/2951/2951
f 2950/2950/2950 2952/2952/2952 2933/2933/2933
f 2940/2940/2940 2953/2953/2953 2951/2951/2951
f 2940/2940/2940 2954/2954/2954 2953/2953/2953
f 2951/2951/2951 2953/2953/2953 2955/2955/2955
f 2956/2956/2956 2954/2954/2954 2940/2940/2940
f 2956/2956/2956 2940/2940/2940 2957/2957/2957
f 2956/2956/2956 2957/2957/2957 2958/2958/2958
f 2956/2956/2956 2959/2959/2959 2954/2954/2954
f 2960/2960/2960 2959/2959/2959 2956/2956/2956
f 2960/2960/2960 2961/2961/2961 2959/2959/2959
f 2962/2962/2962 2961/2961/2961 2960/2960/2960
f 2962/2962/2962 2963/2963/2963 2961/2961/2961
f 2962/2962/2962 2960/2960/2960 2964/2964/2964
f 2962/2962/2962 2964/2964/2964 2965/2965/2965
f 2951/2951/2951 2955/2955/2955 2966/2966/2966
f 2951/2951/2951 2966/2966/2966 2950/2950/2950
f 2966/2966/2966 2955/2955/2955 2967/2967/2967
f 2966/2966/2966 2952/2952/2952 2950/2950/2950
f 2966/2966/2966 2967/2967/2967 2968/2968/2968
f 2966/2966/2966 2968/2968/2968 2952/2952/2952
f 2968/2968/2968 2967/2967/2967 2969/2969/2969
f 2968/2968/2968 2970/2970/2970 2952/2952/2952
f 2968/2968/2968 2969/2969/2969 2970/2970/2970
f 2970/2970/2970 2971/2971/2971 2952/2952/2952
f 2972/2972/2972 2970/2970/2970 2969/2969/2969
f 2972/2972/2972 2969/2969/2969 2973/2973/2973
f 2974/2974/2974 2972/2972/2972 2973/2973/2973
f 2974/2974/2974 2973/2973/2973 2975/2975/2975
f 2976/2976/2976 2970/2970/2970 2972/2972/2972
f 2977/2977/2977 2974/2974/2974 2975/2975/2975
f 2977/2977/2977 2975/2975/2975 2978/2978/2978
f 2979/2979/2979 2972/2972/2972 2974/2974/2974
f 2979/2979/2979 2976/2976/2976 2972/2972/2972
f 2980/2980/2980 2974/2974/2974 2977/2977/2977
f 2979/2979/2979 2974/2974/2974 2980/2980/2980
f 2981/2981/2981 2977/2977/2977 2978/2978/2978
f 2981/2981/2981 2978/2978/2978 2982/2982/2982
f 2983/2983/2983 2981/2981/2981 2982/2982/2982
f 2983/2983/2983 2982/2982/2982 2984/2984/2984
f 2985/2985/2985 2983/2983/2983 2984/2984/2984
f 2985/2985/2985 2984/2984/2984 2986/2986/2986
f 2985/2985/2985 2986/2986/2986 2987/2987/2987
f 2985/2985/2985 2987/2987/2987 2988/2988/2988
f 2989/2989/2989 2977/2977/2977 2981/2981/2981
f 2980/2980/2980 2977/2977/2977 2989/2989/2989
f 2989/2989/2989 2981/2981/2981 2990/2990/2990
f 2989/2989/2989 2991/2991/2991 2980/2980/2980
f 2989/2989/2989 2992/2992/2992 2991/2991/2991
f 2990/2990/2990 2992/2992/2992 2989/2989/2989
f 2980/2980/2980 2991/2991/2991 2993/2993/2993
f 2980/2980/2980 2993/2993/2993 2979/2979/2979
f 2979/2979/2979 2993/2993/2993 2994/2994/2994
f 2990/2990/2990 2995/2995/2995 2992/2992/2992
f 2979/2979/2979 2994/2994/2994 2976/2976/2976
f 2990/2990/2990 2996/2996/2996 2997/2997/2997
f 2990/2990/2990 2997/2997/2997 2998/2998/2998
f 2998/2998/2998 2995/2995/2995 2990/2990/2990
f 2998/2998/2998 2999/2999/2999 2995/2995/2995
f 3000/3000/3000 2998/2998/2998 3001/3001/3001
f 3000/3000/3000 3002/3002/3002 2998/2998/2998
f 3002/3002/3002 2999/2999/2999 2998/2998/2998
f 3002/3002/3002 3003/3003/3003 2999/2999/2999
f 3004/3004/3004 3003/3003/3003 3002/3002/3002
f 3004/3004/3004 3005/3005/3005 3003/3003/3003
f 3006/3006/3006 3004/3004/3004 3002/3002/3002
f 3006/3006/3006 3002/3002/3002 3007/3007/3007
f 3008/3008/3008 2976/2976/2976 2994/2994/2994
f 3008/3008/3008 2994/2994/2994 3009/3009/3009
f 2976/2976/2976 3008/3008/3008 3010/3010/3010
f 2976/2976/2976 3010/3010/3010 2970/2970/2970
f 2970/2970/2970 3010/3010/3010 2971/2971/2971
f 3008/3008/3008 3011/3011/3011 3010/3010/3010
f 2971/2971/2971 3010/3010/3010 3011/3011/3011
f 3012/3012/3012 3008/3008/3008 3009/3009/3009
f 3012/3012/3012 3009/3009/3009 3013/3013/3013
f 3014/3014/3014 3012/3012/3012 3013/3013/3013
f 3014/3014/3014 3013/3013/3013 3015/3015/3015
f 3016/3016/3016 3014/3014/3014 3015/3015/3015
f 3016/3016/3016 3015/3015/3015 3017/3017/3017
f 3014/3014/3014 3016/3016/3016 3018/3018/3018
f 3012/3012/3012 3014/3014/3014 3019/3019/3019
f 3014/3014/3014 3018/3018/3018 3019/3019/3019
f 3020/3020/3020 3008/3008/3008 3012/3012/3012
f 3012/3012/3012 3019/3019/3019 3020/3020/3020
f 3020/3020/3020 3021/3021/3021 3008/3008/3008
f 3008/3008/3008 3021/3021/3021 3011/3011/3011
f 3022/3022/3022 3020/3020/3020 3019/3019/3019
f 3023/3023/3023 3019/3019/3019 3018/3018/3018
f 3023/3023/3023 3022/3022/3022 3019/3019/3019
f 3024/3024/3024 3023/3023/3023 3018/3018/3018
f 3024/3024/3024 3018/3018/3018 3025/3025/3025
f 3026/3026/3026 3022/3022/3022 3023/3023/3023
f 3026/3026/3026 3023/3023/3023 3027/3027/3027
f 3027/3027/3027 3028/3028/3028 3026/3026/3026
f 3027/3027/3027 3029/3029/3029 3028/3028/3028
f 3026/3026/3026 3028/3028/3028 3030/3030/3030
f 3026/3026/3026 3030/3030/3030 3031/3031/3031
f 3031/3031/3031 3022/3022/3022 3026/3026/3026
f 3031/3031/3031 3030/3030/3030 3032/3032/3032
f 3022/3022/3022 3033/3033/3033 3020/3020/3020
f 3031/3031/3031 3033/3033/3033 3022/3022/3022
f 3033/3033/3033 3021/3021/3021 3020/3020/3020
f 3031/3031/3031 3032/3032/3032 3034/3034/3034
f 3034/3034/3034 3033/3033/3033 3031/3031/3031
f 3034/3034/3034 3032/3032/3032 3035/3035/3035
f 3034/3034/3034 3035/3035/3035 3036/3036/3036
f 3034/3034/3034 3037/3037/3037 3033/3033/3033
f 3033/3033/3033 3037/3037/3037 3021/3021/3021
f 3036/3036/3036 3037/3037/3037 3034/3034/3034
f 3036/3036/3036 3038/3038/3038 3037/3037/3037
f 3011/3011/3011 3021/3021/3021 3037/3037/3037
f 3011/3011/3011 3037/3037/3037 3038/3038/3038
f 3011/3011/3011 3038/3038/3038 3039/3039/3039
f 3039/3039/3039 3038/3038/3038 3040/3040/3040
f 3011/3011/3011 3039/3039/3039 3041/3041/3041
f 2971/2971/2971 3011/3011/3011 3041/3041/3041
f 3039/3039/3039 3040/3040/3040 3042/3042/3042
f 3042/3042/3042 3040/3040/3040 3043/3043/3043
f 3042/3042/3042 3043/3043/3043 3044/3044/3044
f 3045/3045/3045 3042/3042/3042 3044/3044/3044
f 3045/3045/3045 3039/3039/3039 3042/3042/3042
f 3045/3045/3045 3044/3044/3044 3046/3046/3046
f 3045/3045/3045 3047/3047/3047 3039/3039/3039
f 3041/3041/3041 3039/3039/3039 3047/3047/3047
f 3048/3048/3048 3045/3045/3045 3046/3046/3046
f 3048/3048/3048 3047/3047/3047 3045/3045/3045
f 3048/3048/3048 3046/3046/3046 3049/3049/3049
f 3050/3050/3050 3048/3048/3048 3049/3049/3049
f 3050/3050/3050 3049/3049/3049 3051/3051/3051
f 3048/3048/3048 3052/3052/3052 3047/3047/3047
f 3052/3052/3052 3048/3048/3048 3050/3050/3050
f 3052/3052/3052 3050/3050/3050 3053/3053/3053
f 3054/3054/3054 3050/3050/3050 3051/3051/3051
f 3054/3054/3054 3055/3055/3055 3050/3050/3050
f 3054/3054/3054 3056/3056/3056 3055/3055/3055
f 3054/3054/3054 3051/3051/3051 3057/3057/3057
f 3058/3058/3058 3054/3054/3054 3057/3057/3057
f 3058/3058/3058 3059/3059/3059 3054/3054/3054
f 3058/3058/3058 3060/3060/3060 3059/3059/3059
f 3058/3058/3058 3057/3057/3057 3061/3061/3061
f 3062/3062/3062 3058/3058/3058 3061/3061/3061
f 3062/3062/3062 3061/3061/3061 3063/3063/3063
f 3062/3062/3062 3064/3064/3064 3058/3058/3058
f 3062/3062/3062 3065/3065/3065 3064/3064/3064
f 3066/3066/3066 3052/3052/3052 3053/3053/3053
f 3067/3067/3067 3052/3052/3052 3066/3066/3066
f 3067/3067/3067 3047/3047/3047 3052/3052/3052
f 3041/3041/3041 3047/3047/3047 3067/3067/3067
f 3066/3066/3066 3053/3053/3053 3068/3068/3068
f 3068/3068/3068 3053/3053/3053 3069/3069/3069
f 3070/3070/3070 3041/3041/3041 3067/3067/3067
f 3070/3070/3070 2971/2971/2971 3041/3041/3041
f 3071/3071/3071 3067/3067/3067 3066/3066/3066
f 3070/3070/3070 3067/3067/3067 3071/3071/3071
f 3072/3072/3072 3066/3066/3066 3068/3068/3068
f 3071/3071/3071 3066/3066/3066 3072/3072/3072
f 3068/3068/3068 3069/3069/3069 3073/3073/3073
f 3074/3074/3074 3073/3073/3073 3069/3069/3069
f 3075/3075/3075 3068/3068/3068 3073/3073/3073
f 3075/3075/3075 3073/3073/3073 3076/3076/3076
f 3074/3074/3074 3077/3077/3077 3073/3073/3073
f 3078/3078/3078 3077/3077/3077 3074/3074/3074
f 3078/3078/3078 3079/3079/3079 3077/3077/3077
f 3080/3080/3080 3077/3077/3077 3079/3079/3079
f 3080/3080/3080 3079/3079/3079 3081/3081/3081
f 3072/3072/3072 3068/3068/3068 3082/3082/3082
f 3082/3082/3082 3083/3083/3083 3072/3072/3072
f 3072/3072/3072 3084/3084/3084 3071/3071/3071
f 3072/3072/3072 3083/3083/3083 3084/3084/3084
f 3082/3082/3082 3085/3085/3085 3083/3083/3083
f 3071/3071/3071 3084/3084/3084 3086/3086/3086
f 3071/3071/3071 3086/3086/3086 3070/3070/3070
f 3087/3087/3087 3085/3085/3085 3082/3082/3082
f 3088/3088/3088 3086/3086/3086 3084/3084/3084
f 3087/3087/3087 3089/3089/3089 3090/3090/3090
f 3087/3087/3087 3090/3090/3090 3091/3091/3091
f 3087/3087/3087 3092/3092/3092 3085/3085/3085
f 3091/3091/3091 3092/3092/3092 3087/3087/3087
f 3093/3093/3093 3085/3085/3085 3092/3092/3092
f 3091/3091/3091 3094/3094/3094 3092/3092/3092
f 3095/3095/3095 3094/3094/3094 3091/3091/3091
f 3095/3095/3095 3096/3096/3096 3094/3094/3094
f 3097/3097/3097 3094/3094/3094 3096/3096/3096
f 3098/3098/3098 3092/3092/3092 3094/3094/3094
f 3097/3097/3097 3098/3098/3098 3094/3094/3094
f 3098/3098/3098 3093/3093/3093 3092/3092/3092
f 3097/3097/3097 3099/3099/3099 3098/3098/3098
f 3097/3097/3097 3100/3100/3100 3099/3099/3099
f 3093/3093/3093 3101/3101/3101 3102/3102/3102
f 3093/3093/3093 3102/3102/3102 3103/3103/3103
f 3093/3093/3093 3103/3103/3103 3085/3085/3085
f 3103/3103/3103 3083/3083/3083 3085/3085/3085
f 3103/3103/3103 3104/3104/3104 3083/3083/3083
f 3104/3104/3104 3084/3084/3084 3083/3083/3083
f 3103/3103/3103 3105/3105/3105 3104/3104/3104
f 3104/3104/3104 3088/3088/3088 3084/3084/3084
f 3088/3088/3088 3104/3104/3104 3105/3105/3105
f 3103/3103/3103 3106/3106/3106 3105/3105/3105
f 3106/3106/3106 3107/3107/3107 3105/3105/3105
f 3106/3106/3106 3108/3108/3108 3107/3107/3107
f 3105/3105/3105 3107/3107/3107 3109/3109/3109
f 3110/3110/3110 3108/3108/3108 3106/3106/3106
f 3110/3110/3110 3111/3111/3111 3108/3108/3108
f 3105/3105/3105 3109/3109/3109 3112/3112/3112
f 3088/3088/3088 3105/3105/3105 3112/3112/3112
f 3112/3112/3112 3109/3109/3109 3113/3113/3113
f 3111/3111/3111 3110/3110/3110 3114/3114/3114
f 3111/3111/3111 3114/3114/3114 3115/3115/3115
f 3116/3116/3116 3114/3114/3114 3110/3110/3110
f 3116/3116/3116 3110/3110/3110 3117/3117/3117
f 3115/3115/3115 3114/3114/3114 3118/3118/3118
f 3115/3115/3115 3118/3118/3118 3119/3119/3119
f 3112/3112/3112 3113/3113/3113 3120/3120/3120
f 3088/3088/3088 3112/3112/3112 3120/3120/3120
f 3120/3120/3120 3113/3113/3113 3121/3121/3121
f 3088/3088/3088 3120/3120/3120 3122/3122/3122
f 3088/3088/3088 3122/3122/3122 3086/3086/3086
f 3120/3120/3120 3121/3121/3121 3123/3123/3123
f 3122/3122/3122 3120/3120/3120 3123/3123/3123
f 3124/3124/3124 3123/3123/3123 3121/3121/3121
f 3124/3124/3124 3121/3121/3121 3125/3125/3125
f 3122/3122/3122 3123/3123/3123 3126/3126/3126
f 3122/3122/3122 3127/3127/3127 3086/3086/3086
f 3070/3070/3070 3086/3086/3086 3127/3127/3127
f 3070/3070/3070 3127/3127/3127 2971/2971/2971
f 2952/2952/2952 2971/2971/2971 3127/3127/3127
f 2952/2952/2952 3127/3127/3127 2933/2933/2933
f 3122/3122/3122 3128/3128/3128 3127/3127/3127
f 3128/3128/3128 3122/3122/3122 3126/3126/3126
f 3129/3129/3129 2933/2933/2933 3127/3127/3127
f 3129/3129/3129 3127/3127/3127 3128/3128/3128
f 2915/2915/2915 2933/2933/2933 3129/3129/3129
f 2797/2797/2797 2915/2915/2915 3129/3129/3129
f 2797/2797/2797 3129/3129/3129 3128/3128/3128
f 2797/2797/2797 3128/3128/3128 3126/3126/3126
f 2798/2798/2798 2797/2797/2797 3126/3126/3126
f 2803/2803/2803 2798/2798/2798 3126/3126/3126
f 3130/3130/3130 2803/2803/2803 3126/3126/3126
f 3130/3130/3130 3126/3126/3126 3123/3123/3123
f 2803/2803/2803 3130/3130/3130 2864/2864/2864
f 3130/3130/3130 3123/3123/3123 3124/3124/3124
f 3131/3131/3131 2864/2864/2864 3130/3130/3130
f 3131/3131/3131 3130/3130/3130 3124/3124/3124
f 3131/3131/3131 3132/3132/3132 2864/2864/2864
f 3124/3124/3124 3133/3133/3133 3131/3131/3131
f 3133/3133/3133 3132/3132/3132 3131/3131/3131
f 2871/2871/2871 2864/2864/2864 3132/3132/3132
f 3124/3124/3124 3134/3134/3134 3133/3133/3133
f 3134/3134/3134 3124/3124/3124 3125/3125/3125
f 3134/3134/3134 3125/3125/3125 3135/3135/3135
f 3136/3136/3136 3134/3134/3134 3135/3135/3135
f 3133/3133/3133 3134/3134/3134 3136/3136/3136
f 3136/3136/3136 3135/3135/3135 3137/3137/3137
f 3138/3138/3138 3136/3136/3136 3137/3137/3137
f 3138/3138/3138 3137/3137/3137 3139/3139/3139
f 3140/3140/3140 3138/3138/3138 3139/3139/3139
f 3140/3140/3140 3139/3139/3139 3141/3141/3141
f 3142/3142/3142 3136/3136/3136 3138/3138/3138
f 3133/3133/3133 3136/3136/3136 3142/3142/3142
f 3142/3142/3142 3138/3138/3138 3143/3143/3143
f 3144/3144/3144 3140/3140/3140 3141/3141/3141
f 3145/3145/3145 3140/3140/3140 3144/3144/3144
f 3145/3145/3145 3144/3144/3144 3146/3146/3146
f 3144/3144/3144 3141/3141/3141 3147/3147/3147
f 3148/3148/3148 3144/3144/3144 3147/3147/3147
f 3148/3148/3148 3147/3147/3147 3149/3149/3149
f 3150/3150/3150 3144/3144/3144 3148/3148/3148
f 3150/3150/3150 3148/3148/3148 3151/3151/3151
f 3142/3142/3142 3152/3152/3152 3133/3133/3133
f 3133/3133/3133 3152/3152/3152 3132/3132/3132
f 3142/3142/3142 3153/3153/3153 3152/3152/3152
f 3143/3143/3143 3153/3153/3153 3142/3142/3142
f 3154/3154/3154 3132/3132/3132 3152/3152/3152
f 3154/3154/3154 2871/2871/2871 3132/3132/3132
f 3155/3155/3155 3152/3152/3152 3153/3153/3153
f 3155/3155/3155 3154/3154/3154 3152/3152/3152
f 3143/3143/3143 3156/3156/3156 3153/3153/3153
f 3157/3157/3157 3155/3155/3155 3153/3153/3153
f 3157/3157/3157 3153/3153/3153 3156/3156/3156
f 3157/3157/3157 3158/3158/3158 3155/3155/3155
f 3154/3154/3154 3155/3155/3155 3158/3158/3158
f 3159/3159/3159 3156/3156/3156 3143/3143/3143
f 3159/3159/3159 3143/3143/3143 3160/3160/3160
f 3159/3159/3159 3160/3160/3160 3161/3161/3161
f 3159/3159/3159 3162/3162/3162 3156/3156/3156
f 3163/3163/3163 3162/3162/3162 3159/3159/3159
f 3164/3164/3164 3157/3157/3157 3156/3156/3156
f 3164/3164/3164 3156/3156/3156 3162/3162/3162
f 3164/3164/3164 3165/3165/3165 3157/3157/3157
f 3164/3164/3164 3166/3166/3166 3165/3165/3165
f 3167/3167/3167 3164/3164/3164 3162/3162/3162
f 3163/3163/3163 3168/3168/3168 3162/3162/3162
f 3167/3167/3167 3162/3162/3162 3168/3168/3168
f 3169/3169/3169 3168/3168/3168 3163/3163/3163
f 3170/3170/3170 3167/3167/3167 3168/3168/3168
f 3169/3169/3169 3171/3171/3171 3168/3168/3168
f 3170/3170/3170 3168/3168/3168 3171/3171/3171
f 3157/3157/3157 3172/3172/3172 3158/3158/3158
f 3173/3173/3173 3158/3158/3158 3172/3172/3172
f 3173/3173/3173 3172/3172/3172 3174/3174/3174
f 3175/3175/3175 3158/3158/3158 3173/3173/3173
f 3174/3174/3174 3172/3172/3172 3176/3176/3176
f 3174/3174/3174 3176/3176/3176 3177/3177/3177
f 3175/3175/3175 3178/3178/3178 3158/3158/3158
f 3179/3179/3179 3178/3178/3178 3175/3175/3175
f 3154/3154/3154 3158/3158/3158 3178/3178/3178
f 3179/3179/3179 3180/3180/3180 3178/3178/3178
f 3180/3180/3180 3154/3154/3154 3178/3178/3178
f 3181/3181/3181 3180/3180/3180 3179/3179/3179
f 3180/3180/3180 2871/2871/2871 3154/3154/3154
f 2871/2871/2871 3180/3180/3180 3182/3182/3182
f 3181/3181/3181 3182/3182/3182 3180/3180/3180
f 2871/2871/2871 3182/3182/3182 2868/2868/2868
f 3183/3183/3183 3182/3182/3182 3181/3181/3181
f 2872/2872/2872 2868/2868/2868 3182/3182/3182
f 2872/2872/2872 3182/3182/3182 3183/3183/3183
f 3183/3183/3183 3181/3181/3181 3184/3184/3184
f 3185/3185/3185 3183/3183/3183 3184/3184/3184
f 3185/3185/3185 3184/3184/3184 3186/3186/3186
f 3187/3187/3187 3183/3183/3183 3185/3185/3185
f 3188/3188/3188 3185/3185/3185 3186/3186/3186
f 3187/3187/3187 3185/3185/3185 3188/3188/3188
f 3188/3188/3188 3186/3186/3186 3189/3189/3189
f 3190/3190/3190 3188/3188/3188 3189/3189/3189
f 3190/3190/3190 3189/3189/3189 3191/3191/3191
f 3192/3192/3192 3190/3190/3190 3191/3191/3191
f 3192/3192/3192 3191/3191/3191 3193/3193/3193
f 3194/3194/3194 3192/3192/3192 3193/3193/3193
f 3195/3195/3195 3192/3192/3192 3194/3194/3194
f 3195/3195/3195 3194/3194/3194 3196/3196/3196
f 3194/3194/3194 3193/3193/3193 3197/3197/3197
f 3198/3198/3198 3194/3194/3194 3197/3197/3197
f 3198/3198/3198 3197/3197/3197 3199/3199/3199
f 3187/3187/3187 3188/3188/3188 3200/3200/3200
f 3200/3200/3200 3201/3201/3201 3202/3202/3202
f 3200/3200/3200 3202/3202/3202 3203/3203/3203
f 3200/3200/3200 3204/3204/3204 3187/3187/3187
f 3203/3203/3203 3205/3205/3205 3200/3200/3200
f 3200/3200/3200 3205/3205/3205 3204/3204/3204
f 3203/3203/3203 3206/3206/3206 3205/3205/3205
f 3207/3207/3207 3204/3204/3204 3205/3205/3205
f 3208/3208/3208 3206/3206/3206 3203/3203/3203
f 3208/3208/3208 3203/3203/3203 3209/3209/3209
f 3208/3208/3208 3209/3209/3209 3210/3210/3210
f 3208/3208/3208 3211/3211/3211 3206/3206/3206
f 3212/3212/3212 3207/3207/3207 3205/3205/3205
f 3212/3212/3212 3205/3205/3205 3206/3206/3206
f 3212/3212/3212 3213/3213/3213 3207/3207/3207
f 3212/3212/3212 3214/3214/3214 3213/3213/3213
f 3215/3215/3215 3212/3212/3212 3206/3206/3206
f 3215/3215/3215 3206/3206/3206 3211/3211/3211
f 3215/3215/3215 3216/3216/3216 3212/3212/3212
f 3215/3215/3215 3217/3217/3217 3216/3216/3216
f 3218/3218/3218 3215/3215/3215 3211/3211/3211
f 3219/3219/3219 3211/3211/3211 3208/3208/3208
f 3218/3218/3218 3211/3211/3211 3220/3220/3220
f 3219/3219/3219 3220/3220/3220 3211/3211/3211
f 3221/3221/3221 3218/3218/3218 3220/3220/3220
f 3221/3221/3221 3222/3222/3222 3218/3218/3218
f 3221/3221/3221 3223/3223/3223 3222/3222/3222
f 3221/3221/3221 3220/3220/3220 3224/3224/3224
f 3225/3225/3225 3224/3224/3224 3220/3220/3220
f 3225/3225/3225 3220/3220/3220 3219/3219/3219
f 3219/3219/3219 3226/3226/3226 3225/3225/3225
f 3219/3219/3219 3227/3227/3227 3226/3226/3226
f 3228/3228/3228 3229/3229/3229 3230/3230/3230
f 3228/3228/3228 3230/3230/3230 2872/2872/2872
f 3228/3228/3228 2872/2872/2872 3183/3183/3183
f 3187/3187/3187 3228/3228/3228 3183/3183/3183
f 3187/3187/3187 3229/3229/3229 3228/3228/3228
f 3187/3187/3187 3204/3204/3204 3229/3229/3229
f 3231/3231/3231 3229/3229/3229 3204/3204/3204
f 3207/3207/3207 3231/3231/3231 3204/3204/3204
f 3231/3231/3231 3207/3207/3207 3232/3232/3232
f 3231/3231/3231 3233/3233/3233 3229/3229/3229
f 3233/3233/3233 3230/3230/3230 3229/3229/3229
f 3231/3231/3231 3232/3232/3232 3234/3234/3234
f 3231/3231/3231 3235/3235/3235 3233/3233/3233
f 3231/3231/3231 3234/3234/3234 3235/3235/3235
f 3232/3232/3232 3236/3236/3236 3234/3234/3234
f 3232/3232/3232 3237/3237/3237 3236/3236/3236
f 3234/3234/3234 3236/3236/3236 3238/3238/3238
f 3234/3234/3234 3238/3238/3238 3235/3235/3235
f 3239/3239/3239 3237/3237/3237 3232/3232/3232
f 3235/3235/3235 3238/3238/3238 3240/3240/3240
f 3239/3239/3239 3241/3241/3241 3237/3237/3237
f 3235/3235/3235 3240/3240/3240 3242/3242/3242
f 3233/3233/3233 3235/3235/3235 3242/3242/3242
f 3233/3233/3233 3242/3242/3242 3243/3243/3243
f 3233/3233/3233 3243/3243/3243 3230/3230/3230
f 3244/3244/3244 3241/3241/3241 3239/3239/3239
f 3244/3244/3244 3245/3245/3245 3241/3241/3241
f 3245/3245/3245 3244/3244/3244 3246/3246/3246
f 3245/3245/3245 3246/3246/3246 3247/3247/3247
f 3248/3248/3248 3246/3246/3246 3244/3244/3244
f 3248/3248/3248 3244/3244/3244 3249/3249/3249
f 3247/3247/3247 3246/3246/3246 3250/3250/3250
f 3247/3247/3247 3250/3250/3250 3251/3251/3251
f 3252/3252/3252 3230/3230/3230 3243/3243/3243
f 3253/3253/3253 3252/3252/3252 3243/3243/3243
f 3253/3253/3253 3254/3254/3254 3252/3252/3252
f 3255/3255/3255 3254/3254/3254 3253/3253/3253
f 3255/3255/3255 3256/3256/3256 3254/3254/3254
f 3257/3257/3257 3254/3254/3254 3256/3256/3256
f 3257/3257/3257 3256/3256/3256 3258/3258/3258
f 3254/3254/3254 2896/2896/2896 3252/3252/3252
f 3254/3254/3254 3257/3257/3257 2896/2896/2896
f 3259/3259/3259 3257/3257/3257 3258/3258/3258
f 3259/3259/3259 2896/2896/2896 3257/3257/3257
f 3259/3259/3259 3258/3258/3258 3260/3260/3260
f 3259/3259/3259 2894/2894/2894 2896/2896/2896
f 3261/3261/3261 3259/3259/3259 3260/3260/3260
f 3262/3262/3262 3259/3259/3259 3261/3261/3261
f 3262/3262/3262 3261/3261/3261 3263/3263/3263
f 3261/3261/3261 3260/3260/3260 3264/3264/3264
f 3265/3265/3265 3261/3261/3261 3264/3264/3264
f 3265/3265/3265 3264/3264/3264 3266/3266/3266
f 3267/3267/3267 3265/3265/3265 3266/3266/3266
f 3267/3267/3267 3268/3268/3268 3265/3265/3265
f 3267/3267/3267 3269/3269/3269 3268/3268/3268
f 3267/3267/3267 3266/3266/3266 3270/3270/3270
f 3271/3271/3271 3267/3267/3267 3270/3270/3270
f 3271/3271/3271 3270/3270/3270 3272/3272/3272
f 3271/3271/3271 3273/3273/3273 3267/3267/3267
f 3271/3271/3271 3274/3274/3274 3273/3273/3273
f 3275/3275/3275 2872/2872/2872 3230/3230/3230
f 2863/2863/2863 2872/2872/2872 3275/3275/3275
f 2866/2866/2866 2863/2863/2863 3275/3275/3275
f 2866/2866/2866 3275/3275/3275 2875/2875/2875
f 3275/3275/3275 3230/3230/3230 3276/3276/3276
f 2875/2875/2875 3275/3275/3275 3276/3276/3276
f 3252/3252/3252 3276/3276/3276 3230/3230/3230
f 2875/2875/2875 3276/3276/3276 2891/2891/2891
f 2896/2896/2896 3276/3276/3276 3252/3252/3252
f 2896/2896/2896 2891/2891/2891 3276/3276/3276
f 3177/3177/3177 3176/3176/3176 3277/3277/3277
f 3278/3278/3278 3176/3176/3176 3279/3279/3279
f 3278/3278/3278 3277/3277/3277 3176/3176/3176
f 3177/3177/3177 3277/3277/3277 3280/3280/3280
f 3280/3280/3280 3277/3277/3277 3281/3281/3281
f 3280/3280/3280 3281/3281/3281 3282/3282/3282
f 3283/3283/3283 3281/3281/3281 3277/3277/3277
f 3283/3283/3283 3277/3277/3277 3284/3284/3284
f 3285/3285/3285 3286/3286/3286 3287/3287/3287
f 3285/3285/3285 3287/3287/3287 3288/3288/3288
f 3289/3289/3289 3286/3286/3286 3285/3285/3285
f 3289/3289/3289 3290/3290/3290 3286/3286/3286
f 3285/3285/3285 3288/3288/3288 3291/3291/3291
f 3285/3285/3285 3291/3291/3291 3292/3292/3292
f 3292/3292/3292 3291/3291/3291 3293/3293/3293
f 3292/3292/3292 3293/3293/3293 3294/3294/3294
f 3292/3292/3292 3294/3294/3294 3295/3295/3295
f 3292/3292/3292 3295/3295/3295 3296/3296/3296
f 3297/3297/3297 3298/3298/3298 3299/3299/3299
f 3297/3297/3297 3299/3299/3299 3300/3300/3300
f 3298/3298/3298 3297/3297/3297 3301/3301/3301
f 3298/3298/3298 3301/3301/3301 3302/3302/3302
f 3303/3303/3303 3297/3297/3297 3300/3300/3300
f 3303/3303/3303 3300/3300/3300 3304/3304/3304
f 3305/3305/3305 3303/3303/3303 3304/3304/3304
f 3305/3305/3305 3304/3304/3304 3306/3306/3306
f 3303/3303/3303 3305/3305/3305 3307/3307/3307
f 3303/3303/3303 3307/3307/3307 3308/3308/3308
f 3024/3024/3024 3025/3025/3025 3309/3309/3309
f 3310/3310/3310 3309/3309/3309 3025/3025/3025
f 3310/3310/3310 3311/3311/3311 3309/3309/3309
f 3024/3024/3024 3309/3309/3309 3312/3312/3312
f 3312/3312/3312 3313/3313/3313 3024/3024/3024
f 3312/3312/3312 3314/3314/3314 3313/3313/3313
f 3312/3312/3312 3309/3309/3309 3315/3315/3315
f 3312/3312/3312 3315/3315/3315 3316/3316/3316
f 3317/3317/3317 3318/3318/3318 3319/3319/3319
f 3320/3320/3320 3318/3318/3318 3317/3317/3317
f 3320/3320/3320 3321/3321/3321 3318/3318/3318
f 3317/3317/3317 3319/3319/3319 3322/3322/3322
f 3323/3323/3323 3321/3321/3321 3320/3320/3320
f 3323/3323/3323 3324/3324/3324 3321/3321/3321
f 3320/3320/3320 3317/3317/3317 3325/3325/3325
f 3326/3326/3326 3324/3324/3324 3323/3323/3323
f 3326/3326/3326 3327/3327/3327 3324/3324/3324
f 3323/3323/3323 3320/3320/3320 3328/3328/3328
f 3320/3320/3320 3325/3325/3325 3328/3328/3328
f 3329/3329/3329 3327/3327/3327 3326/3326/3326
f 3329/3329/3329 3330/3330/3330 3327/3327/3327
f 3331/3331/3331 3330/3330/3330 3329/3329/3329
f 3331/3331/3331 3332/3332/3332 3330/3330/3330
f 3333/3333/3333 3332/3332/3332 3331/3331/3331
f 3333/3333/3333 3334/3334/3334 3332/3332/3332
f 3335/3335/3335 3326/3326/3326 3323/3323/3323
f 3323/3323/3323 3328/3328/3328 3335/3335/3335
f 3335/3335/3335 3336/3336/3336 3326/3326/3326
f 3336/3336/3336 3337/3337/3337 3326/3326/3326
f 3338/3338/3338 3335/3335/3335 3328/3328/3328
f 3336/3336/3336 3339/3339/3339 3337/3337/3337
f 3339/3339/3339 3340/3340/3340 3337/3337/3337
f 3341/3341/3341 3339/3339/3339 3336/3336/3336
f 3342/3342/3342 3339/3339/3339 3341/3341/3341
f 3341/3341/3341 3336/3336/3336 3343/3343/3343
f 3343/3343/3343 3336/3336/3336 3335/3335/3335
f 3343/3343/3343 3335/3335/3335 3338/3338/3338
f 3339/3339/3339 3344/3344/3344 3340/3340/3340
f 3342/3342/3342 3344/3344/3344 3339/3339/3339
f 3344/3344/3344 3345/3345/3345 3340/3340/3340
f 3346/3346/3346 3344/3344/3344 3342/3342/3342
f 3344/3344/3344 3347/3347/3347 3345/3345/3345
f 3346/3346/3346 3347/3347/3347 3344/3344/3344
f 3348/3348/3348 3343/3343/3343 3338/3338/3338
f 3348/3348/3348 3349/3349/3349 3343/3343/3343
f 3349/3349/3349 3350/3350/3350 3343/3343/3343
f 3351/3351/3351 3348/3348/3348 3338/3338/3338
f 3349/3349/3349 3352/3352/3352 3350/3350/3350
f 3352/3352/3352 3353/3353/3353 3350/3350/3350
f 3352/3352/3352 3354/3354/3354 3353/3353/3353
f 3354/3354/3354 3355/3355/3355 3353/3353/3353
f 3354/3354/3354 3356/3356/3356 3355/3355/3355
f 3351/3351/3351 3338/3338/3338 3357/3357/3357
f 3338/3338/3338 3328/3328/3328 3357/3357/3357
f 3358/3358/3358 3351/3351/3351 3357/3357/3357
f 3357/3357/3357 3328/3328/3328 3325/3325/3325
f 3358/3358/3358 3357/3357/3357 3359/3359/3359
f 3357/3357/3357 3325/3325/3325 3359/3359/3359
f 3360/3360/3360 3358/3358/3358 3359/3359/3359
f 3359/3359/3359 3325/3325/3325 3361/3361/3361
f 3317/3317/3317 3361/3361/3361 3325/3325/3325
f 3360/3360/3360 3359/3359/3359 3362/3362/3362
f 3359/3359/3359 3361/3361/3361 3362/3362/3362
f 3317/3317/3317 3322/3322/3322 3361/3361/3361
f 3363/3363/3363 3360/3360/3360 3362/3362/3362
f 3363/3363/3363 3364/3364/3364 3360/3360/3360
f 3365/3365/3365 3364/3364/3364 3363/3363/3363
f 3365/3365/3365 3366/3366/3366 3364/3364/3364
f 3367/3367/3367 3365/3365/3365 3363/3363/3363
f 3368/3368/3368 3367/3367/3367 3363/3363/3363
f 3368/3368/3368 3363/3363/3363 3362/3362/3362
f 3367/3367/3367 3369/3369/3369 3365/3365/3365
f 3370/3370/3370 3368/3368/3368 3362/3362/3362
f 3371/3371/3371 3366/3366/3366 3365/3365/3365
f 3369/3369/3369 3371/3371/3371 3365/3365/3365
f 3371/3371/3371 3372/3372/3372 3366/3366/3366
f 3369/3369/3369 3373/3373/3373 3371/3371/3371
f 3374/3374/3374 3372/3372/3372 3371/3371/3371
f 3373/3373/3373 3374/3374/3374 3371/3371/3371
f 3374/3374/3374 3375/3375/3375 3372/3372/3372
f 3373/3373/3373 3376/3376/3376 3374/3374/3374
f 3377/3377/3377 3375/3375/3375 3374/3374/3374
f 3376/3376/3376 3378/3378/3378 3374/3374/3374
f 3377/3377/3377 3379/3379/3379 3375/3375/3375
f 3376/3376/3376 3380/3380/3380 3378/3378/3378
f 3381/3381/3381 3379/3379/3379 3377/3377/3377
f 3380/3380/3380 3382/3382/3382 3378/3378/3378
f 3381/3381/3381 3383/3383/3383 3379/3379/3379
f 3384/3384/3384 3383/3383/3383 3381/3381/3381
f 3384/3384/3384 3385/3385/3385 3383/3383/3383
f 3380/3380/3380 3386/3386/3386 3382/3382/3382
f 3386/3386/3386 3387/3387/3387 3382/3382/3382
f 3386/3386/3386 3388/3388/3388 3387/3387/3387
f 3389/3389/3389 3390/3390/3390 3391/3391/3391
f 3392/3392/3392 3391/3391/3391 3390/3390/3390
f 3389/3389/3389 3391/3391/3391 3393/3393/3393
f 3392/3392/3392 3394/3394/3394 3391/3391/3391
f 3393/3393/3393 3391/3391/3391 3395/3395/3395
f 3394/3394/3394 3395/3395/3395 3391/3391/3391
f 3393/3393/3393 3395/3395/3395 3396/3396/3396
f 3394/3394/3394 3397/3397/3397 3395/3395/3395
f 3396/3396/3396 3395/3395/3395 3398/3398/3398
f 3397/3397/3397 3398/3398/3398 3395/3395/3395
f 3396/3396/3396 3398/3398/3398 3399/3399/3399
f 3397/3397/3397 3400/3400/3400 3401/3401/3401
f 3397/3397/3397 3401/3401/3401 3402/3402/3402
f 3397/3397/3397 3402/3402/3402 3398/3398/3398
f 3402/3402/3402 3403/3403/3403 3398/3398/3398
f 3399/3399/3399 3398/3398/3398 3403/3403/3403
f 3402/3402/3402 3404/3404/3404 3403/3403/3403
f 3404/3404/3404 3402/3402/3402 3405/3405/3405
f 3399/3399/3399 3403/3403/3403 3406/3406/3406
f 3404/3404/3404 3407/3407/3407 3403/3403/3403
f 3406/3406/3406 3403/3403/3403 3407/3407/3407
f 3399/3399/3399 3406/3406/3406 3408/3408/3408
f 3399/3399/3399 3408/3408/3408 3409/3409/3409
f 3410/3410/3410 3399/3399/3399 3409/3409/3409
f 3406/3406/3406 3411/3411/3411 3408/3408/3408
f 3410/3410/3410 3409/3409/3409 3412/3412/3412
f 3412/3412/3412 3413/3413/3413 3410/3410/3410
f 3412/3412/3412 3414/3414/3414 3413/3413/3413
f 3414/3414/3414 3415/3415/3415 3413/3413/3413
f 3414/3414/3414 3416/3416/3416 3415/3415/3415
f 3406/3406/3406 3417/3417/3417 3411/3411/3411
f 3406/3406/3406 3407/3407/3407 3417/3417/3417
f 3417/3417/3417 3418/3418/3418 3411/3411/3411
f 3417/3417/3417 3419/3419/3419 3418/3418/3418
f 3419/3419/3419 3319/3319/3319 3418/3418/3418
f 3419/3419/3419 3322/3322/3322 3319/3319/3319
f 3417/3417/3417 3420/3420/3420 3419/3419/3419
f 3417/3417/3417 3407/3407/3407 3420/3420/3420
f 3421/3421/3421 3420/3420/3420 3407/3407/3407
f 3404/3404/3404 3421/3421/3421 3407/3407/3407
f 3419/3419/3419 3420/3420/3420 3422/3422/3422
f 3419/3419/3419 3422/3422/3422 3322/3322/3322
f 3421/3421/3421 3423/3423/3423 3420/3420/3420
f 3423/3423/3423 3422/3422/3422 3420/3420/3420
f 3421/3421/3421 3404/3404/3404 3424/3424/3424
f 3404/3404/3404 3405/3405/3405 3424/3424/3424
f 3405/3405/3405 3425/3425/3425 3424/3424/3424
f 3405/3405/3405 3426/3426/3426 3425/3425/3425
f 3424/3424/3424 3425/3425/3425 3427/3427/3427
f 3428/3428/3428 3426/3426/3426 3405/3405/3405
f 3428/3428/3428 3429/3429/3429 3426/3426/3426
f 3424/3424/3424 3427/3427/3427 3430/3430/3430
f 3421/3421/3421 3424/3424/3424 3430/3430/3430
f 3430/3430/3430 3427/3427/3427 3431/3431/3431
f 3421/3421/3421 3430/3430/3430 3432/3432/3432
f 3430/3430/3430 3431/3431/3431 3432/3432/3432
f 3421/3421/3421 3432/3432/3432 3423/3423/3423
f 3432/3432/3432 3431/3431/3431 3433/3433/3433
f 3423/3423/3423 3432/3432/3432 3434/3434/3434
f 3432/3432/3432 3433/3433/3433 3434/3434/3434
f 3428/3428/3428 3435/3435/3435 3436/3436/3436
f 3428/3428/3428 3436/3436/3436 3437/3437/3437
f 3437/3437/3437 3429/3429/3429 3428/3428/3428
f 3437/3437/3437 3438/3438/3438 3429/3429/3429
f 3439/3439/3439 3438/3438/3438 3437/3437/3437
f 3439/3439/3439 3440/3440/3440 3438/3438/3438
f 3439/3439/3439 3437/3437/3437 3441/3441/3441
f 3439/3439/3439 3441/3441/3441 3442/3442/3442
f 3443/3443/3443 3434/3434/3434 3433/3433/3433
f 3443/3443/3443 3433/3433/3433 3444/3444/3444
f 3423/3423/3423 3434/3434/3434 3445/3445/3445
f 3434/3434/3434 3443/3443/3443 3445/3445/3445
f 3446/3446/3446 3423/3423/3423 3445/3445/3445
f 3423/3423/3423 3446/3446/3446 3422/3422/3422
f 3447/3447/3447 3443/3443/3443 3444/3444/3444
f 3447/3447/3447 3444/3444/3444 3448/3448/3448
f 3443/3443/3443 3447/3447/3447 3449/3449/3449
f 3450/3450/3450 3447/3447/3447 3448/3448/3448
f 3450/3450/3450 3449/3449/3449 3447/3447/3447
f 3450/3450/3450 3448/3448/3448 3451/3451/3451
f 3452/3452/3452 3450/3450/3450 3451/3451/3451
f 3452/3452/3452 3451/3451/3451 3453/3453/3453
f 3454/3454/3454 3450/3450/3450 3452/3452/3452
f 3454/3454/3454 3452/3452/3452 3455/3455/3455
f 3456/3456/3456 3452/3452/3452 3453/3453/3453
f 3456/3456/3456 3453/3453/3453 3457/3457/3457
f 3450/3450/3450 3458/3458/3458 3449/3449/3449
f 3459/3459/3459 3456/3456/3456 3457/3457/3457
f 3459/3459/3459 3460/3460/3460 3456/3456/3456
f 3459/3459/3459 3461/3461/3461 3460/3460/3460
f 3459/3459/3459 3457/3457/3457 3462/3462/3462
f 3463/3463/3463 3459/3459/3459 3462/3462/3462
f 3463/3463/3463 3462/3462/3462 3464/3464/3464
f 3463/3463/3463 3465/3465/3465 3459/3459/3459
f 3463/3463/3463 3466/3466/3466 3465/3465/3465
f 3458/3458/3458 3467/3467/3467 3449/3449/3449
f 3458/3458/3458 3468/3468/3468 3467/3467/3467
f 3469/3469/3469 3468/3468/3468 3458/3458/3458
f 3470/3470/3470 3467/3467/3467 3468/3468/3468
f 3471/3471/3471 3470/3470/3470 3468/3468/3468
f 3470/3470/3470 3472/3472/3472 3467/3467/3467
f 3471/3471/3471 3468/3468/3468 3473/3473/3473
f 3469/3469/3469 3473/3473/3473 3468/3468/3468
f 3474/3474/3474 3471/3471/3471 3473/3473/3473
f 3475/3475/3475 3471/3471/3471 3474/3474/3474
f 3475/3475/3475 3474/3474/3474 3476/3476/3476
f 3477/3477/3477 3473/3473/3473 3469/3469/3469
f 3478/3478/3478 3477/3477/3477 3469/3469/3469
f 3478/3478/3478 3479/3479/3479 3477/3477/3477
f 3477/3477/3477 3480/3480/3480 3473/3473/3473
f 3474/3474/3474 3473/3473/3473 3480/3480/3480
f 3481/3481/3481 3480/3480/3480 3477/3477/3477
f 3482/3482/3482 3474/3474/3474 3480/3480/3480
f 3481/3481/3481 3483/3483/3483 3480/3480/3480
f 3482/3482/3482 3480/3480/3480 3483/3483/3483
f 3484/3484/3484 3483/3483/3483 3481/3481/3481
f 3485/3485/3485 3482/3482/3482 3483/3483/3483
f 3484/3484/3484 3486/3486/3486 3483/3483/3483
f 3485/3485/3485 3483/3483/3483 3486/3486/3486
f 3487/3487/3487 3322/3322/3322 3422/3422/3422
f 3488/3488/3488 3322/3322/3322 3487/3487/3487
f 3488/3488/3488 3487/3487/3487 3489/3489/3489
f 3488/3488/3488 3490/3490/3490 3322/3322/3322
f 3488/3488/3488 3491/3491/3491 3490/3490/3490
f 3490/3490/3490 3361/3361/3361 3322/3322/3322
f 3491/3491/3491 3492/3492/3492 3490/3490/3490
f 3491/3491/3491 3493/3493/3493 3492/3492/3492
f 3490/3490/3490 3494/3494/3494 3361/3361/3361
f 3492/3492/3492 3494/3494/3494 3490/3490/3490
f 3495/3495/3495 3361/3361/3361 3494/3494/3494
f 3495/3495/3495 3362/3362/3362 3361/3361/3361
f 3493/3493/3493 3496/3496/3496 3492/3492/3492
f 3493/3493/3493 3497/3497/3497 3496/3496/3496
f 3492/3492/3492 3498/3498/3498 3494/3494/3494
f 3496/3496/3496 3498/3498/3498 3492/3492/3492
f 3499/3499/3499 3494/3494/3494 3498/3498/3498
f 3499/3499/3499 3495/3495/3495 3494/3494/3494
f 3497/3497/3497 3500/3500/3500 3496/3496/3496
f 3497/3497/3497 3501/3501/3501 3500/3500/3500
f 3501/3501/3501 3502/3502/3502 3500/3500/3500
f 3501/3501/3501 3503/3503/3503 3502/3502/3502
f 3503/3503/3503 3504/3504/3504 3502/3502/3502
f 3503/3503/3503 3505/3505/3505 3504/3504/3504
f 3505/3505/3505 3506/3506/3506 3504/3504/3504
f 3505/3505/3505 3507/3507/3507 3506/3506/3506
f 3500/3500/3500 3508/3508/3508 3496/3496/3496
f 3496/3496/3496 3508/3508/3508 3498/3498/3498
f 3500/3500/3500 3509/3509/3509 3508/3508/3508
f 3510/3510/3510 3509/3509/3509 3500/3500/3500
f 3511/3511/3511 3498/3498/3498 3508/3508/3508
f 3511/3511/3511 3499/3499/3499 3498/3498/3498
f 3512/3512/3512 3508/3508/3508 3509/3509/3509
f 3512/3512/3512 3511/3511/3511 3508/3508/3508
f 3513/3513/3513 3512/3512/3512 3509/3509/3509
f 3510/3510/3510 3514/3514/3514 3509/3509/3509
f 3513/3513/3513 3509/3509/3509 3514/3514/3514
f 3515/3515/3515 3514/3514/3514 3510/3510/3510
f 3516/3516/3516 3513/3513/3513 3514/3514/3514
f 3515/3515/3515 3517/3517/3517 3514/3514/3514
f 3516/3516/3516 3514/3514/3514 3517/3517/3517
f 3518/3518/3518 3517/3517/3517 3515/3515/3515
f 3519/3519/3519 3516/3516/3516 3517/3517/3517
f 3518/3518/3518 3520/3520/3520 3517/3517/3517
f 3519/3519/3519 3517/3517/3517 3520/3520/3520
f 3499/3499/3499 3511/3511/3511 3521/3521/3521
f 3511/3511/3511 3512/3512/3512 3522/3522/3522
f 3511/3511/3511 3522/3522/3522 3521/3521/3521
f 3512/3512/3512 3523/3523/3523 3522/3522/3522
f 3512/3512/3512 3524/3524/3524 3523/3523/3523
f 3524/3524/3524 3525/3525/3525 3523/3523/3523
f 3524/3524/3524 3526/3526/3526 3525/3525/3525
f 3526/3526/3526 3527/3527/3527 3525/3525/3525
f 3526/3526/3526 3528/3528/3528 3527/3527/3527
f 3529/3529/3529 3521/3521/3521 3522/3522/3522
f 3529/3529/3529 3522/3522/3522 3530/3530/3530
f 3530/3530/3530 3522/3522/3522 3531/3531/3531
f 3532/3532/3532 3521/3521/3521 3529/3529/3529
f 3530/3530/3530 3531/3531/3531 3533/3533/3533
f 3534/3534/3534 3533/3533/3533 3531/3531/3531
f 3534/3534/3534 3535/3535/3535 3533/3533/3533
f 3536/3536/3536 3535/3535/3535 3534/3534/3534
f 3536/3536/3536 3537/3537/3537 3535/3535/3535
f 3532/3532/3532 3538/3538/3538 3521/3521/3521
f 3499/3499/3499 3521/3521/3521 3538/3538/3538
f 3539/3539/3539 3538/3538/3538 3532/3532/3532
f 3495/3495/3495 3499/3499/3499 3538/3538/3538
f 3539/3539/3539 3540/3540/3540 3538/3538/3538
f 3495/3495/3495 3538/3538/3538 3540/3540/3540
f 3541/3541/3541 3540/3540/3540 3539/3539/3539
f 3541/3541/3541 3542/3542/3542 3540/3540/3540
f 3540/3540/3540 3542/3542/3542 3543/3543/3543
f 3540/3540/3540 3543/3543/3543 3495/3495/3495
f 3362/3362/3362 3495/3495/3495 3543/3543/3543
f 3370/3370/3370 3362/3362/3362 3543/3543/3543
f 3370/3370/3370 3543/3543/3543 3544/3544/3544
f 3545/3545/3545 3544/3544/3544 3543/3543/3543
f 3546/3546/3546 3544/3544/3544 3545/3545/3545
f 3546/3546/3546 3547/3547/3547 3544/3544/3544
f 3547/3547/3547 3548/3548/3548 3544/3544/3544
f 3548/3548/3548 3370/3370/3370 3544/3544/3544
f 3547/3547/3547 3549/3549/3549 3548/3548/3548
f 3370/3370/3370 3550/3550/3550 3368/3368/3368
f 3551/3551/3551 3550/3550/3550 3370/3370/3370
f 3548/3548/3548 3551/3551/3551 3370/3370/3370
f 3551/3551/3551 3552/3552/3552 3550/3550/3550
f 3549/3549/3549 3553/3553/3553 3548/3548/3548
f 3553/3553/3553 3551/3551/3551 3548/3548/3548
f 3549/3549/3549 3554/3554/3554 3553/3553/3553
f 3555/3555/3555 3552/3552/3552 3551/3551/3551
f 3553/3553/3553 3555/3555/3555 3551/3551/3551
f 3555/3555/3555 3556/3556/3556 3552/3552/3552
f 3554/3554/3554 3557/3557/3557 3553/3553/3553
f 3557/3557/3557 3555/3555/3555 3553/3553/3553
f 3554/3554/3554 3558/3558/3558 3557/3557/3557
f 3559/3559/3559 3556/3556/3556 3555/3555/3555
f 3557/3557/3557 3559/3559/3559 3555/3555/3555
f 3559/3559/3559 3560/3560/3560 3556/3556/3556
f 3561/3561/3561 3559/3559/3559 3557/3557/3557
f 3561/3561/3561 3562/3562/3562 3559/3559/3559
f 3561/3561/3561 3563/3563/3563 3562/3562/3562
f 3561/3561/3561 3564/3564/3564 3563/3563/3563
f 3565/3565/3565 3563/3563/3563 3564/3564/3564
f 3565/3565/3565 3566/3566/3566 3563/3563/3563
f 3487/3487/3487 3422/3422/3422 3567/3567/3567
f 3568/3568/3568 3567/3567/3567 3422/3422/3422
f 3568/3568/3568 3422/3422/3422 3446/3446/3446
f 3569/3569/3569 3487/3487/3487 3567/3567/3567
f 3489/3489/3489 3487/3487/3487 3569/3569/3569
f 3489/3489/3489 3569/3569/3569 3570/3570/3570
f 3571/3571/3571 3567/3567/3567 3568/3568/3568
f 3568/3568/3568 3446/3446/3446 3572/3572/3572
f 3572/3572/3572 3571/3571/3571 3568/3568/3568
f 3570/3570/3570 3569/3569/3569 3573/3573/3573
f 3570/3570/3570 3573/3573/3573 3574/3574/3574
f 3569/3569/3569 3567/3567/3567 3575/3575/3575
f 3573/3573/3573 3569/3569/3569 3575/3575/3575
f 3571/3571/3571 3575/3575/3575 3567/3567/3567
f 3574/3574/3574 3573/3573/3573 3576/3576/3576
f 3574/3574/3574 3576/3576/3576 3577/3577/3577
f 3577/3577/3577 3576/3576/3576 3578/3578/3578
f 3577/3577/3577 3578/3578/3578 3579/3579/3579
f 3579/3579/3579 3578/3578/3578 3580/3580/3580
f 3579/3579/3579 3580/3580/3580 3581/3581/3581
f 3581/3581/3581 3580/3580/3580 3582/3582/3582
f 3581/3581/3581 3582/3582/3582 3583/3583/3583
f 3576/3576/3576 3573/3573/3573 3584/3584/3584
f 3573/3573/3573 3575/3575/3575 3584/3584/3584
f 3576/3576/3576 3584/3584/3584 3585/3585/3585
f 3586/3586/3586 3576/3576/3576 3585/3585/3585
f 3587/3587/3587 3584/3584/3584 3575/3575/3575
f 3587/3587/3587 3575/3575/3575 3571/3571/3571
f 3588/3588/3588 3585/3585/3585 3584/3584/3584
f 3588/3588/3588 3584/3584/3584 3587/3587/3587
f 3586/3586/3586 3585/3585/3585 3589/3589/3589
f 3590/3590/3590 3586/3586/3586 3589/3589/3589
f 3591/3591/3591 3585/3585/3585 3588/3588/3588
f 3591/3591/3591 3589/3589/3589 3585/3585/3585
f 3591/3591/3591 3588/3588/3588 3592/3592/3592
f 3591/3591/3591 3592/3592/3592 3593/3593/3593
f 3594/3594/3594 3589/3589/3589 3591/3591/3591
f 3587/3587/3587 3595/3595/3595 3588/3588/3588
f 3594/3594/3594 3596/3596/3596 3589/3589/3589
f 3590/3590/3590 3589/3589/3589 3596/3596/3596
f 3597/3597/3597 3596/3596/3596 3594/3594/3594
f 3598/3598/3598 3590/3590/3590 3596/3596/3596
f 3597/3597/3597 3599/3599/3599 3596/3596/3596
f 3598/3598/3598 3596/3596/3596 3599/3599/3599
f 3587/3587/3587 3600/3600/3600 3595/3595/3595
f 3571/3571/3571 3600/3600/3600 3587/3587/3587
f 3601/3601/3601 3595/3595/3595 3600/3600/3600
f 3601/3601/3601 3602/3602/3602 3595/3595/3595
f 3603/3603/3603 3601/3601/3601 3600/3600/3600
f 3602/3602/3602 3604/3604/3604 3595/3595/3595
f 3602/3602/3602 3605/3605/3605 3604/3604/3604
f 3571/3571/3571 3606/3606/3606 3600/3600/3600
f 3603/3603/3603 3600/3600/3600 3606/3606/3606
f 3607/3607/3607 3603/3603/3603 3606/3606/3606
f 3572/3572/3572 3606/3606/3606 3571/3571/3571
f 3607/3607/3607 3606/3606/3606 3572/3572/3572
f 3608/3608/3608 3607/3607/3607 3572/3572/3572
f 3605/3605/3605 3609/3609/3609 3604/3604/3604
f 3610/3610/3610 3604/3604/3604 3609/3609/3609
f 3610/3610/3610 3609/3609/3609 3611/3611/3611
f 3605/3605/3605 3612/3612/3612 3609/3609/3609
f 3612/3612/3612 3613/3613/3613 3609/3609/3609
f 3612/3612/3612 3614/3614/3614 3613/3613/3613
f 3615/3615/3615 3609/3609/3609 3613/3613/3613
f 3615/3615/3615 3613/3613/3613 3616/3616/3616
f 3608/3608/3608 3572/3572/3572 3617/3617/3617
f 3446/3446/3446 3617/3617/3617 3572/3572/3572
f 3446/3446/3446 3445/3445/3445 3617/3617/3617
f 3618/3618/3618 3608/3608/3608 3617/3617/3617
f 3618/3618/3618 3619/3619/3619 3608/3608/3608
f 3620/3620/3620 3617/3617/3617 3445/3445/3445
f 3620/3620/3620 3618/3618/3618 3617/3617/3617
f 3621/3621/3621 3619/3619/3619 3618/3618/3618
f 3621/3621/3621 3622/3622/3622 3619/3619/3619
f 3623/3623/3623 3621/3621/3621 3618/3618/3618
f 3623/3623/3623 3618/3618/3618 3620/3620/3620
f 3624/3624/3624 3622/3622/3622 3621/3621/3621
f 3623/3623/3623 3624/3624/3624 3621/3621/3621
f 3624/3624/3624 3625/3625/3625 3622/3622/3622
f 3626/3626/3626 3625/3625/3625 3624/3624/3624
f 3626/3626/3626 3627/3627/3627 3625/3625/3625
f 3628/3628/3628 3627/3627/3627 3626/3626/3626
f 3628/3628/3628 3629/3629/3629 3627/3627/3627
f 3623/3623/3623 3630/3630/3630 3624/3624/3624
f 3629/3629/3629 3628/3628/3628 3631/3631/3631
f 3629/3629/3629 3631/3631/3631 3632/3632/3632
f 3633/3633/3633 3631/3631/3631 3628/3628/3628
f 3633/3633/3633 3628/3628/3628 3634/3634/3634
f 3632/3632/3632 3631/3631/3631 3635/3635/3635
f 3632/3632/3632 3635/3635/3635 3636/3636/3636
f 3630/3630/3630 3623/3623/3623 3637/3637/3637
f 3623/3623/3623 3638/3638/3638 3637/3637/3637
f 3623/3623/3623 3620/3620/3620 3638/3638/3638
f 3630/3630/3630 3637/3637/3637 3639/3639/3639
f 3640/3640/3640 3637/3637/3637 3638/3638/3638
f 3641/3641/3641 3630/3630/3630 3639/3639/3639
f 3641/3641/3641 3642/3642/3642 3630/3630/3630
f 3641/3641/3641 3643/3643/3643 3642/3642/3642
f 3644/3644/3644 3639/3639/3639 3637/3637/3637
f 3644/3644/3644 3637/3637/3637 3640/3640/3640
f 3641/3641/3641 3639/3639/3639 3645/3645/3645
f 3644/3644/3644 3646/3646/3646 3647/3647/3647
f 3644/3644/3644 3647/3647/3647 3648/3648/3648
f 3648/3648/3648 3639/3639/3639 3644/3644/3644
f 3648/3648/3648 3645/3645/3645 3639/3639/3639
f 3640/3640/3640 3649/3649/3649 3644/3644/3644
f 3650/3650/3650 3645/3645/3645 3648/3648/3648
f 3650/3650/3650 3648/3648/3648 3651/3651/3651
f 3650/3650/3650 3651/3651/3651 3652/3652/3652
f 3650/3650/3650 3653/3653/3653 3645/3645/3645
f 3654/3654/3654 3641/3641/3641 3645/3645/3645
f 3654/3654/3654 3645/3645/3645 3653/3653/3653
f 3654/3654/3654 3655/3655/3655 3641/3641/3641
f 3654/3654/3654 3656/3656/3656 3655/3655/3655
f 3657/3657/3657 3654/3654/3654 3653/3653/3653
f 3658/3658/3658 3653/3653/3653 3650/3650/3650
f 3657/3657/3657 3653/3653/3653 3659/3659/3659
f 3658/3658/3658 3659/3659/3659 3653/3653/3653
f 3660/3660/3660 3657/3657/3657 3659/3659/3659
f 3660/3660/3660 3661/3661/3661 3657/3657/3657
f 3660/3660/3660 3662/3662/3662 3661/3661/3661
f 3660/3660/3660 3659/3659/3659 3663/3663/3663
f 3664/3664/3664 3663/3663/3663 3659/3659/3659
f 3664/3664/3664 3659/3659/3659 3658/3658/3658
f 3658/3658/3658 3665/3665/3665 3664/3664/3664
f 3658/3658/3658 3666/3666/3666 3665/3665/3665
f 3620/3620/3620 3667/3667/3667 3668/3668/3668
f 3667/3667/3667 3620/3620/3620 3445/3445/3445
f 3443/3443/3443 3667/3667/3667 3445/3445/3445
f 3620/3620/3620 3668/3668/3668 3638/3638/3638
f 3443/3443/3443 3669/3669/3669 3667/3667/3667
f 3669/3669/3669 3668/3668/3668 3667/3667/3667
f 3443/3443/3443 3449/3449/3449 3669/3669/3669
f 3449/3449/3449 3670/3670/3670 3669/3669/3669
f 3669/3669/3669 3670/3670/3670 3668/3668/3668
f 3449/3449/3449 3467/3467/3467 3670/3670/3670
f 3472/3472/3472 3670/3670/3670 3467/3467/3467
f 3671/3671/3671 3668/3668/3668 3670/3670/3670
f 3472/3472/3472 3671/3671/3671 3670/3670/3670
f 3671/3671/3671 3672/3672/3672 3668/3668/3668
f 3673/3673/3673 3672/3672/3672 3671/3671/3671
f 3674/3674/3674 3668/3668/3668 3672/3672/3672
f 3674/3674/3674 3638/3638/3638 3668/3668/3668
f 3674/3674/3674 3672/3672/3672 3675/3675/3675
f 3640/3640/3640 3638/3638/3638 3674/3674/3674
f 3673/3673/3673 3671/3671/3671 3676/3676/3676
f 3676/3676/3676 3671/3671/3671 3472/3472/3472
f 3677/3677/3677 3673/3673/3673 3676/3676/3676
f 3677/3677/3677 3676/3676/3676 3678/3678/3678
f 3679/3679/3679 3678/3678/3678 3676/3676/3676
f 3676/3676/3676 3472/3472/3472 3679/3679/3679
f 3679/3679/3679 3680/3680/3680 3678/3678/3678
f 3681/3681/3681 3679/3679/3679 3472/3472/3472
f 3681/3681/3681 3680/3680/3680 3679/3679/3679
f 3681/3681/3681 3472/3472/3472 3470/3470/3470
f 3681/3681/3681 3682/3682/3682 3680/3680/3680
f 3683/3683/3683 3682/3682/3682 3681/3681/3681
f 3684/3684/3684 3683/3683/3683 3681/3681/3681
f 3684/3684/3684 3685/3685/3685 3683/3683/3683
f 3683/3683/3683 3686/3686/3686 3682/3682/3682
f 3687/3687/3687 3686/3686/3686 3683/3683/3683
f 3687/3687/3687 3688/3688/3688 3686/3686/3686
f 3687/3687/3687 3689/3689/3689 3690/3690/3690
f 3687/3687/3687 3690/3690/3690 3691/3691/3691
f 3691/3691/3691 3688/3688/3688 3687/3687/3687
f 3691/3691/3691 3692/3692/3692 3688/3688/3688
f 3693/3693/3693 3692/3692/3692 3691/3691/3691
f 3693/3693/3693 3694/3694/3694 3692/3692/3692
f 3693/3693/3693 3691/3691/3691 3695/3695/3695
f 3693/3693/3693 3695/3695/3695 3696/3696/3696
f 3697/3697/3697 3698/3698/3698 3699/3699/3699
f 3697/3697/3697 3699/3699/3699 3700/3700/3700
f 3698/3698/3698 3701/3701/3701 3699/3699/3699
f 3698/3698/3698 3675/3675/3675 3701/3701/3701
f 3674/3674/3674 3675/3675/3675 3698/3698/3698
f 3640/3640/3640 3674/3674/3674 3698/3698/3698
f 3640/3640/3640 3698/3698/3698 3697/3697/3697
f 3640/3640/3640 3697/3697/3697 3649/3649/3649
f 3649/3649/3649 3697/3697/3697 3700/3700/3700
f 3649/3649/3649 3700/3700/3700 3702/3702/3702
f 3703/3703/3703 3649/3649/3649 3702/3702/3702
f 3703/3703/3703 3702/3702/3702 3704/3704/3704
f 3705/3705/3705 3703/3703/3703 3704/3704/3704
f 3705/3705/3705 3704/3704/3704 3706/3706/3706
f 3706/3706/3706 3707/3707/3707 3705/3705/3705
f 3708/3708/3708 3705/3705/3705 3707/3707/3707
f 3708/3708/3708 3707/3707/3707 3709/3709/3709
f 3706/3706/3706 3710/3710/3710 3707/3707/3707
f 3710/3710/3710 3711/3711/3711 3707/3707/3707
f 3710/3710/3710 3712/3712/3712 3711/3711/3711
f 3713/3713/3713 3714/3714/3714 3715/3715/3715
f 3713/3713/3713 3715/3715/3715 3716/3716/3716
f 3717/3717/3717 3714/3714/3714 3713/3713/3713
f 3717/3717/3717 3713/3713/3713 3718/3718/3718
f 3719/3719/3719 3717/3717/3717 3718/3718/3718
f 3719/3719/3719 3718/3718/3718 3720/3720/3720
f 3721/3721/3721 3722/3722/3722 3723/3723/3723
f 3721/3721/3721 3723/3723/3723 3724/3724/3724
f 3725/3725/3725 3722/3722/3722 3721/3721/3721
f 3725/3725/3725 3726/3726/3726 3722/3722/3722
f 3727/3727/3727 3726/3726/3726 3725/3725/3725
f 3727/3727/3727 3728/3728/3728 3726/3726/3726
f 3729/3729/3729 3730/3730/3730 3731/3731/3731
f 3731/3731/3731 3730/3730/3730 3732/3732/3732
f 3732/3732/3732 3730/3730/3730 3733/3733/3733
f 3734/3734/3734 3733/3733/3733 3730/3730/3730
f 3734/3734/3734 3735/3735/3735 3733/3733/3733
f 3736/3736/3736 3735/3735/3735 3734/3734/3734
f 3736/3736/3736 3734/3734/3734 3737/3737/3737
f 3738/3738/3738 3736/3736/3736 3737/3737/3737
f 3737/3737/3737 3739/3739/3739 3738/3738/3738
f 3739/3739/3739 3737/3737/3737 3740/3740/3740
f 3740/3740/3740 3737/3737/3737 3741/3741/3741
f 3742/3742/3742 3741/3741/3741 3737/3737/3737
f 3742/3742/3742 3743/3743/3743 3741/3741/3741
f 3744/3744/3744 3743/3743/3743 3742/3742/3742
f 3744/3744/3744 3742/3742/3742 3745/3745/3745
f 3746/3746/3746 3744/3744/3744 3745/3745/3745
f 3747/3747/3747 3746/3746/3746 3745/3745/3745
f 3747/3747/3747 3745/3745/3745 3748/3748/3748
f 3748/3748/3748 3745/3745/3745 3749/3749/3749
f 3749/3749/3749 3745/3745/3745 3750/3750/3750
f 3750/3750/3750 3745/3745/3745 3751/3751/3751
f 3750/3750/3750 3751/3751/3751 3752/3752/3752
f 3751/3751/3751 3753/3753/3753 3752/3752/3752
f 3751/3751/3751 3754/3754/3754 3753/3753/3753
f 3753/3753/3753 3754/3754/3754 3755/3755/3755
f 3755/3755/3755 3754/3754/3754 3756/3756/3756
f 3756/3756/3756 3754/3754/3754 3757/3757/3757
f 3757/3757/3757 3754/3754/3754 3758/3758/3758
f 3758/3758/3758 3754/3754/3754 3759/3759/3759
f 3758/3758/3758 3759/3759/3759 3760/3760/3760
f 3759/3759/3759 3761/3761/3761 3760/3760/3760
f 3759/3759/3759 3762/3762/3762 3761/3761/3761
f 3761/3761/3761 3762/3762/3762 3763/3763/3763
f 3763/3763/3763 3762/3762/3762 3764/3764/3764
f 3764/3764/3764 3762/3762/3762 3765/3765/3765
f 3765/3765/3765 3762/3762/3762 3766/3766/3766
f 3766/3766/3766 3762/3762/3762 3767/3767/3767
f 3766/3766/3766 3767/3767/3767 3768/3768/3768
f 3767/3767/3767 3769/3769/3769 3768/3768/3768
f 3767/3767/3767 3770/3770/3770 3769/3769/3769
f 3769/3769/3769 3770/3770/3770 3771/3771/3771
f 3771/3771/3771 3770/3770/3770 3772/3772/3772
f 3773/3773/3773 3772/3772/3772 3770/3770/3770
f 3774/3774/3774 3773/3773/3773 3770/3770/3770
f 3775/3775/3775 3774/3774/3774 3770/3770/3770
f 3775/3775/3775 3776/3776/3776 3774/3774/3774
f 3777/3777/3777 3776/3776/3776 3775/3775/3775
f 3777/3777/3777 3775/3775/3775 3778/3778/3778
f 3779/3779/3779 3777/3777/3777 3778/3778/3778
f 3780/3780/3780 3779/3779/3779 3778/3778/3778
f 3781/3781/3781 3780/3780/3780 3778/3778/3778
f 3782/3782/3782 3781/3781/3781 3778/3778/3778
f 3783/3783/3783 3782/3782/3782 3778/3778/3778
f 3783/3783/3783 3784/3784/3784 3782/3782/3782
f 3785/3785/3785 3784/3784/3784 3783/3783/3783
f 3785/3785/3785 3783/3783/3783 3786/3786/3786
f 3787/3787/3787 3785/3785/3785 3786/3786/3786
f 3788/3788/3788 3787/3787/3787 3786/3786/3786
f 3789/3789/3789 3788/3788/3788 3786/3786/3786
f 3790/3790/3790 3789/3789/3789 3786/3786/3786
f 3791/3791/3791 3790/3790/3790 3786/3786/3786
f 3791/3791/3791 3792/3792/3792 3790/3790/3790
f 3793/3793/3793 3792/3792/3792 3791/3791/3791
f 3793/3793/3793 3791/3791/3791 3794/3794/3794
f 3795/3795/3795 3793/3793/3793 3794/3794/3794
f 3796/3796/3796 3795/3795/3795 3794/3794/3794
f 3797/3797/3797 3796/3796/3796 3794/3794/3794
f 3797/3797/3797 3794/3794/3794 3798/3798/3798
f 3798/3798/3798 3794/3794/3794 3799/3799/3799
f 3800/3800/3800 3799/3799/3799 3794/3794/3794
f 3800/3800/3800 3801/3801/3801 3799/3799/3799
f 3802/3802/3802 3801/3801/3801 3800/3800/3800
f 3802/3802/3802 3800/3800/3800 3803/3803/3803
f 3804/3804/3804 3802/3802/3802 3803/3803/3803
f 3805/3805/3805 3804/3804/3804 3803/3803/3803
f 3803/3803/3803 3806/3806/3806 3805/3805/3805
f 3806/3806/3806 3803/3803/3803 3807/3807/3807
f 3808/3808/3808 3807/3807/3807 3803/3803/3803
f 3808/3808/3808 3809/3809/3809 3807/3807/3807
f 3810/3810/3810 3809/3809/3809 3808/3808/3808
f 3810/3810/3810 3808/3808/3808 3811/3811/3811
f 3812/3812/3812 3810/3810/3810 3811/3811/3811
f 3813/3813/3813 3812/3812/3812 3811/3811/3811
f 3814/3814/3814 3813/3813/3813 3811/3811/3811
f 3815/3815/3815 3816/3816/3816 3817/3817/3817
f 3817/3817/3817 3816/3816/3816 3818/3818/3818
f 3817/3817/3817 3818/3818/3818 3819/3819/3819
f 3819/3819/3819 3820/3820/3820 3817/3817/3817
f 3819/3819/3819 3821/3821/3821 3820/3820/3820
f 3821/3821/3821 3822/3822/3822 3820/3820/3820
f 3821/3821/3821 3823/3823/3823 3822/3822/3822
f 3822/3822/3822 3823/3823/3823 3824/3824/3824
f 3822/3822/3822 3824/3824/3824 3825/3825/3825
f 3826/3826/3826 3822/3822/3822 3825/3825/3825
f 3827/3827/3827 3822/3822/3822 3826/3826/3826
f 3822/3822/3822 3827/3827/3827 3828/3828/3828
f 3822/3822/3822 3828/3828/3828 3829/3829/3829
f 3829/3829/3829 3828/3828/3828 3830/3830/3830
f 3829/3829/3829 3830/3830/3830 3831/3831/3831
f 3831/3831/3831 3830/3830/3830 3832/3832/3832
f 3831/3831/3831 3832/3832/3832 3833/3833/3833
f 3834/3834/3834 3831/3831/3831 3833/3833/3833
f 3835/3835/3835 3836/3836/3836 3837/3837/3837
f 3836/3836/3836 3838/3838/3838 3837/3837/3837
f 3838/3838/3838 3839/3839/3839 3837/3837/3837
f 3839/3839/3839 3840/3840/3840 3837/3837/3837
f 3839/3839/3839 3841/3841/3841 3840/3840/3840
f 3840/3840/3840 3841/3841/3841 3842/3842/3842
f 3840/3840/3840 3842/3842/3842 3843/3843/3843
f 3844/3844/3844 3843/3843/3843 3842/3842/3842
f 3843/3843/3843 3844/3844/3844 3845/3845/3845
f 3845/3845/3845 3846/3846/3846 3843/3843/3843
f 3846/3846/3846 3847/3847/3847 3843/3843/3843
f 3847/3847/3847 3848/3848/3848 3843/3843/3843
f 3847/3847/3847 3849/3849/3849 3848/3848/3848
f 3848/3848/3848 3849/3849/3849 3850/3850/3850
f 3848/3848/3848 3850/3850/3850 3851/3851/3851
f 3852/3852/3852 3851/3851/3851 3850/3850/3850
f 3853/3853/3853 3851/3851/3851 3852/3852/3852
f 3853/3853/3853 3854/3854/3854 3851/3851/3851
f 3854/3854/3854 3855/3855/3855 3851/3851/3851
f 3855/3855/3855 3856/3856/3856 3851/3851/3851
f 3856/3856/3856 3857/3857/3857 3851/3851/3851
f 3856/3856/3856 3858/3858/3858 3857/3857/3857
f 3857/3857/3857 3858/3858/3858 3859/3859/3859
f 3857/3857/3857 3859/3859/3859 3860/3860/3860
f 3859/3859/3859 3861/3861/3861 3860/3860/3860
f 3861/3861/3861 3862/3862/3862 3860/3860/3860
f 3862/3862/3862 3863/3863/3863 3860/3860/3860
f 3863/3863/3863 3864/3864/3864 3860/3860/3860
f 3864/3864/3864 3865/3865/3865 3860/3860/3860
f 3864/3864/3864 3866/3866/3866 3865/3865/3865
f 3865/3865/3865 3866/3866/3866 3867/3867/3867
f 3865/3865/3865 3867/3867/3867 3868/3868/3868
f 3867/3867/3867 3869/3869/3869 3868/3868/3868
f 3869/3869/3869 3870/3870/3870 3868/3868/3868
f 3870/3870/3870 3871/3871/3871 3868/3868/3868
f 3871/3871/3871 3872/3872/3872 3868/3868/3868
f 3872/3872/3872 3873/3873/3873 3868/3868/3868
f 3872/3872/3872 3874/3874/3874 3873/3873/3873
f 3873/3873/3873 3874/3874/3874 3875/3875/3875
f 3873/3873/3873 3875/3875/3875 3876/3876/3876
f 3875/3875/3875 3877/3877/3877 3876/3876/3876
f 3877/3877/3877 3878/3878/3878 3876/3876/3876
f 3879/3879/3879 3876/3876/3876 3878/3878/3878
f 3880/3880/3880 3876/3876/3876 3879/3879/3879
f 3881/3881/3881 3876/3876/3876 3880/3880/3880
f 3881/3881/3881 3880/3880/3880 3882/3882/3882
f 3883/3883/3883 3881/3881/3881 3882/3882/3882
f 3883/3883/3883 3884/3884/3884 3881/3881/3881
f 3885/3885/3885 3884/3884/3884 3883/3883/3883
f 3886/3886/3886 3884/3884/3884 3885/3885/3885
f 3887/3887/3887 3884/3884/3884 3886/3886/3886
f 3888/3888/3888 3884/3884/3884 3887/3887/3887
f 3889/3889/3889 3884/3884/3884 3888/3888/3888
f 3889/3889/3889 3888/3888/3888 3890/3890/3890
f 3891/3891/3891 3889/3889/3889 3890/3890/3890
f 3891/3891/3891 3892/3892/3892 3889/3889/3889
f 3893/3893/3893 3892/3892/3892 3891/3891/3891
f 3894/3894/3894 3892/3892/3892 3893/3893/3893
f 3895/3895/3895 3892/3892/3892 3894/3894/3894
f 3896/3896/3896 3892/3892/3892 3895/3895/3895
f 3897/3897/3897 3892/3892/3892 3896/3896/3896
f 3897/3897/3897 3896/3896/3896 3898/3898/3898
f 3899/3899/3899 3897/3897/3897 3898/3898/3898
f 3899/3899/3899 3900/3900/3900 3897/3897/3897
f 3901/3901/3901 3900/3900/3900 3899/3899/3899
f 3902/3902/3902 3900/3900/3900 3901/3901/3901
f 3903/3903/3903 3900/3900/3900 3902/3902/3902
f 3903/3903/3903 3904/3904/3904 3900/3900/3900
f 3904/3904/3904 3905/3905/3905 3900/3900/3900
f 3905/3905/3905 3906/3906/3906 3900/3900/3900
f 3905/3905/3905 3907/3907/3907 3906/3906/3906
f 3906/3906/3906 3907/3907/3907 3908/3908/3908
f 3906/3906/3906 3908/3908/3908 3909/3909/3909
f 3910/3910/3910 3909/3909/3909 3908/3908/3908
f 3911/3911/3911 3909/3909/3909 3910/3910/3910
f 3909/3909/3909 3911/3911/3911 3912/3912/3912
f 3912/3912/3912 3913/3913/3913 3909/3909/3909
f 3913/3913/3913 3914/3914/3914 3909/3909/3909
f 3913/3913/3913 3915/3915/3915 3914/3914/3914
f 3914/3914/3914 3915/3915/3915 3916/3916/3916
f 3914/3914/3914 3916/3916/3916 3917/3917/3917
f 3918/3918/3918 3917/3917/3917 3916/3916/3916
f 3919/3919/3919 3917/3917/3917 3918/3918/3918
f 3920/3920/3920 3917/3917/3917 3919/3919/3919
f 3921/3921/3921 3922/3922/3922 3923/3923/3923
f 3922/3922/3922 3924/3924/3924 3923/3923/3923
f 3922/3922/3922 3925/3925/3925 3924/3924/3924
f 3926/3926/3926 3925/3925/3925 3922/3922/3922
f 3926/3926/3926 3927/3927/3927 3925/3925/3925
f 3928/3928/3928 3927/3927/3927 3926/3926/3926
f 3928/3928/3928 3929/3929/3929 3927/3927/3927
f 3928/3928/3928 3930/3930/3930 3929/3929/3929
f 3928/3928/3928 3931/3931/3931 3930/3930/3930
f 3932/3932/3932 3931/3931/3931 3928/3928/3928
f 3933/3933/3933 3932/3932/3932 3928/3928/3928
f 3934/3934/3934 3933/3933/3933 3928/3928/3928
f 3934/3934/3934 3928/3928/3928 3935/3935/3935
f 3936/3936/3936 3934/3934/3934 3935/3935/3935
f 3936/3936/3936 3935/3935/3935 3937/3937/3937
f 3937/3937/3937 3938/3938/3938 3936/3936/3936
f 3937/3937/3937 3939/3939/3939 3938/3938/3938
f 3940/3940/3940 3939/3939/3939 3937/3937/3937
f 3941/3941/3941 3942/3942/3942 3943/3943/3943
f 3941/3941/3941 3943/3943/3943 3944/3944/3944
f 3942/3942/3942 3945/3945/3945 3943/3943/3943
f 3946/3946/3946 3941/3941/3941 3944/3944/3944
f 3942/3942/3942 3947/3947/3947 3945/3945/3945
f 3946/3946/3946 3944/3944/3944 3948/3948/3948
f 3947/3947/3947 3949/3949/3949 3945/3945/3945
f 3950/3950/3950 3946/3946/3946 3948/3948/3948
f 3947/3947/3947 3951/3951/3951 3949/3949/3949
f 3950/3950/3950 3948/3948/3948 3952/3952/3952
f 3953/3953/3953 3950/3950/3950 3952/3952/3952
f 3953/3953/3953 3952/3952/3952 3954/3954/3954
f 3951/3951/3951 3955/3955/3955 3949/3949/3949
f 3951/3951/3951 3956/3956/3956 3955/3955/3955
f 3956/3956/3956 3957/3957/3957 3955/3955/3955
f 3956/3956/3956 3958/3958/3958 3957/3957/3957
f 3959/3959/3959 3960/3960/3960 3961/3961/3961
f 3959/3959/3959 3961/3961/3961 3962/3962/3962
f 3960/3960/3960 3963/3963/3963 3961/3961/3961
f 3964/3964/3964 3959/3959/3959 3962/3962/3962
f 3960/3960/3960 3965/3965/3965 3963/3963/3963
f 3965/3965/3965 3966/3966/3966 3963/3963/3963
f 3965/3965/3965 3967/3967/3967 3966/3966/3966
f 3964/3964/3964 3962/3962/3962 3968/3968/3968
f 3969/3969/3969 3964/3964/3964 3968/3968/3968
f 3969/3969/3969 3968/3968/3968 3970/3970/3970
f 3971/3971/3971 3969/3969/3969 3970/3970/3970
f 3971/3971/3971 3970/3970/3970 3972/3972/3972
f 3973/3973/3973 3971/3971/3971 3972/3972/3972
f 3973/3973/3973 3972/3972/3972 3974/3974/3974
f 3975/3975/3975 3973/3973/3973 3974/3974/3974
f 3975/3975/3975 3974/3974/3974 3976/3976/3976
f 3977/3977/3977 3978/3978/3978 3979/3979/3979
f 3977/3977/3977 3979/3979/3979 3980/3980/3980
f 3978/3978/3978 3981/3981/3981 3979/3979/3979
f 3982/3982/3982 3977/3977/3977 3980/3980/3980
f 3978/3978/3978 3983/3983/3983 3981/3981/3981
f 3982/3982/3982 3980/3980/3980 3984/3984/3984
f 3983/3983/3983 3985/3985/3985 3981/3981/3981
f 3986/3986/3986 3982/3982/3982 3984/3984/3984
f 3983/3983/3983 3987/3987/3987 3985/3985/3985
f 3986/3986/3986 3984/3984/3984 3988/3988/3988
f 3989/3989/3989 3986/3986/3986 3988/3988/3988
f 3989/3989/3989 3988/3988/3988 3990/3990/3990
f 3987/3987/3987 3991/3991/3991 3985/3985/3985
f 3987/3987/3987 3992/3992/3992 3991/3991/3991
f 3992/3992/3992 3993/3993/3993 3991/3991/3991
f 3992/3992/3992 3994/3994/3994 3993/3993/3993
f 3995/3995/3995 3996/3996/3996 3997/3997/3997
f 3995/3995/3995 3997/3997/3997 3998/3998/3998
f 3996/3996/3996 3999/3999/3999 3997/3997/3997
f 4000/4000/4000 3995/3995/3995 3998/3998/3998
f 3996/3996/3996 4001/4001/4001 3999/3999/3999
f 4001/4001/4001 4002/4002/4002 3999/3999/3999
f 4001/4001/4001 4003/4003/4003 4002/4002/4002
f 4000/4000/4000 3998/3998/3998 4004/4004/4004
f 4005/4005/4005 4000/4000/4000 4004/4004/4004
f 4005/4005/4005 4004/4004/4004 4006/4006/4006
f 4007/4007/4007 4005/4005/4005 4006/4006/4006
f 4007/4007/4007 4006/4006/4006 4008/4008/4008
f 4009/4009/4009 4007/4007/4007 4008/4008/4008
f 4009/4009/4009 4008/4008/4008 4010/4010/4010
f 4011/4011/4011 4012/4012/4012 4013/4013/4013
f 4011/4011/4011 4013/4013/4013 4014/4014/4014
f 4015/4015/4015 4016/4016/4016 4017/4017/4017
f 4015/4015/4015 4017/4017/4017 4018/4018/4018
f 4019/4019/4019 4016/4016/4016 4015/4015/4015
f 4019/4019/4019 4020/4020/4020 4016/4016/4016
f 4019/4019/4019 4021/4021/4021 4020/4020/4020
f 4019/4019/4019 4022/4022/4022 4021/4021/4021
f 4022/4022/4022 4023/4023/4023 4021/4021/4021
f 4022/4022/4022 4024/4024/4024 4023/4023/4023
f 4024/4024/4024 4025/4025/4025 4023/4023/4023
f 4018/4018/4018 4017/4017/4017 4026/4026/4026
f 4024/4024/4024 4027/4027/4027 4025/4025/4025
f 4018/4018/4018 4026/4026/4026 4028/4028/4028
f 4025/4025/4025 4027/4027/4027 4029/4029/4029
f 4025/4025/4025 4029/4029/4029 4030/4030/4030
f 4031/4031/4031 4025/4025/4025 4030/4030/4030
f 4027/4027/4027 4032/4032/4032 4029/4029/4029
f 4027/4027/4027 4033/4033/4033 4032/4032/4032
f 4032/4032/4032 4033/4033/4033 4034/4034/4034
f 4035/4035/4035 4034/4034/4034 4033/4033/4033
f 4035/4035/4035 4033/4033/4033 4036/4036/4036
f 4036/4036/4036 4037/4037/4037 4035/4035/4035
f 4036/4036/4036 4038/4038/4038 4037/4037/4037
f 4038/4038/4038 4039/4039/4039 4037/4037/4037
f 4038/4038/4038 4040/4040/4040 4039/4039/4039
f 4039/4039/4039 4040/4040/4040 4041/4041/4041
f 4039/4039/4039 4041/4041/4041 4042/4042/4042
f 4039/4039/4039 4042/4042/4042 4043/4043/4043
f 4041/4041/4041 4040/4040/4040 4044/4044/4044
f 4045/4045/4045 4044/4044/4044 4040/4040/4040
f 4045/4045/4045 4046/4046/4046 4044/4044/4044
f 4045/4045/4045 4047/4047/4047 4046/4046/4046
f 4045/4045/4045 4048/4048/4048 4047/4047/4047
f 4048/4048/4048 4049/4049/4049 4047/4047/4047
f 4048/4048/4048 4050/4050/4050 4049/4049/4049
f 4050/4050/4050 4051/4051/4051 4049/4049/4049
f 4050/4050/4050 4052/4052/4052 4051/4051/4051
f 4051/4051/4051 4052/4052/4052 4053/4053/4053
f 4051/4051/4051 4053/4053/4053 4054/4054/4054
f 4055/4055/4055 4051/4051/4051 4054/4054/4054
f 4056/4056/4056 4053/4053/4053 4052/4052/4052
f 4056/4056/4056 4052/4052/4052 4057/4057/4057
f 4056/4056/4056 4057/4057/4057 4058/4058/4058
f 4057/4057/4057 4059/4059/4059 4058/4058/4058
f 4057/4057/4057 4028/4028/4028 4059/4059/4059
f 4059/4059/4059 4028/4028/4028 4060/4060/4060
f 4026/4026/4026 4060/4060/4060 4028/4028/4028
f 4026/4026/4026 4061/4061/4061 4060/4060/4060
f 4061/4061/4061 4026/4026/4026 4062/4062/4062
f 4063/4063/4063 4064/4064/4064 4065/4065/4065
f 4063/4063/4063 4065/4065/4065 4066/4066/4066
f 4064/4064/4064 4067/4067/4067 4065/4065/4065
f 4068/4068/4068 4063/4063/4063 4066/4066/4066
f 4064/4064/4064 4069/4069/4069 4067/4067/4067
f 4068/4068/4068 4066/4066/4066 4070/4070/4070
f 4069/4069/4069 4071/4071/4071 4067/4067/4067
f 4072/4072/4072 4068/4068/4068 4070/4070/4070
f 4069/4069/4069 4073/4073/4073 4071/4071/4071
f 4072/4072/4072 4070/4070/4070 4074/4074/4074
f 4075/4075/4075 4072/4072/4072 4074/4074/4074
f 4075/4075/4075 4074/4074/4074 4076/4076/4076
f 4073/4073/4073 4077/4077/4077 4071/4071/4071
f 4073/4073/4073 4078/4078/4078 4077/4077/4077
f 4078/4078/4078 4079/4079/4079 4077/4077/4077
f 4078/4078/4078 4080/4080/4080 4079/4079/4079
f 4081/4081/4081 4082/4082/4082 4083/4083/4083
f 4081/4081/4081 4083/4083/4083 4084/4084/4084
f 4082/4082/4082 4085/4085/4085 4083/4083/4083
f 4086/4086/4086 4081/4081/4081 4084/4084/4084
f 4082/4082/4082 4087/4087/4087 4085/4085/4085
f 4087/4087/4087 4088/4088/4088 4085/4085/4085
f 4087/4087/4087 4089/4089/4089 4088/4088/4088
f 4086/4086/4086 4084/4084/4084 4090/4090/4090
f 4091/4091/4091 4086/4086/4086 4090/4090/4090
f 4091/4091/4091 4090/4090/4090 4092/4092/4092
f 4093/4093/4093 4091/4091/4091 4092/4092/4092
f 4093/4093/4093 4092/4092/4092 4094/4094/4094
f 4095/4095/4095 4093/4093/4093 4094/4094/4094
f 4095/4095/4095 4094/4094/4094 4096/4096/4096
f 4097/4097/4097 4095/4095/4095 4096/4096/4096
f 4097/4097/4097 4096/4096/4096 4098/4098/4098
f 4099/4099/4099 4100/4100/4100 4101/4101/4101
f 4099/4099/4099 4101/4101/4101 4102/4102/4102
f 4100/4100/4100 4103/4103/4103 4101/4101/4101
f 4104/4104/4104 4099/4099/4099 4102/4102/4102
f 4100/4100/4100 4105/4105/4105 4103/4103/4103
f 4104/4104/4104 4102/4102/4102 4106/4106/4106
f 4105/4105/4105 4107/4107/4107 4103/4103/4103
f 4108/4108/4108 4104/4104/4104 4106/4106/4106
f 4105/4105/4105 4109/4109/4109 4107/4107/4107
f 4108/4108/4108 4106/4106/4106 4110/4110/4110
f 4111/4111/4111 4108/4108/4108 4110/4110/4110
f 4111/4111/4111 4110/4110/4110 4112/4112/4112
f 4109/4109/4109 4113/4113/4113 4107/4107/4107
f 4109/4109/4109 4114/4114/4114 4113/4113/4113
f 4114/4114/4114 4115/4115/4115 4113/4113/4113
f 4114/4114/4114 4116/4116/4116 4115/4115/4115
f 4117/4117/4117 4118/4118/4118 4119/4119/4119
f 4117/4117/4117 4119/4119/4119 4120/4120/4120
f 4118/4118/4118 4121/4121/4121 4119/4119/4119
f 4122/4122/4122 4117/4117/4117 4120/4120/4120
f 4118/4118/4118 4123/4123/4123 4121/4121/4121
f 4123/4123/4123 4124/4124/4124 4121/4121/4121
f 4123/4123/4123 4125/4125/4125 4124/4124/4124
f 4122/4122/4122 4120/4120/4120 4126/4126/4126
f 4127/4127/4127 4122/4122/4122 4126/4126/4126
f 4127/4127/4127 4126/4126/4126 4128/4128/4128
f 4129/4129/4129 4127/4127/4127 4128/4128/4128
f 4129/4129/4129 4128/4128/4128 4130/4130/4130
f 4131/4131/4131 4129/4129/4129 4130/4130/4130
f 4131/4131/4131 4130/4130/4130 4132/4132/4132
f 4133/4133/4133 4134/4134/4134 4135/4135/4135
f 4133/4133/4133 4135/4135/4135 4136/4136/4136
f 4137/4137/4137 4138/4138/4138 4139/4139/4139
f 4137/4137/4137 4139/4139/4139 4140/4140/4140
f 4141/4141/4141 4138/4138/4138 4137/4137/4137
f 4141/4141/4141 4142/4142/4142 4138/4138/4138
f 4141/4141/4141 4143/4143/4143 4142/4142/4142
f 4141/4141/4141 4144/4144/4144 4143/4143/4143
f 4144/4144/4144 4145/4145/4145 4143/4143/4143
f 4144/4144/4144 4146/4146/4146 4145/4145/4145
f 4146/4146/4146 4147/4147/4147 4145/4145/4145
f 4140/4140/4140 4139/4139/4139 4148/4148/4148
f 4146/4146/4146 4149/4149/4149 4147/4147/4147
f 4140/4140/4140 4148/4148/4148 4150/4150/4150
f 4147/4147/4147 4149/4149/4149 4151/4151/4151
f 4147/4147/4147 4151/4151/4151 4152/4152/4152
f 4153/4153/4153 4147/4147/4147 4152/4152/4152
f 4149/4149/4149 4154/4154/4154 4151/4151/4151
f 4149/4149/4149 4155/4155/4155 4154/4154/4154
f 4154/4154/4154 4155/4155/4155 4156/4156/4156
f 4157/4157/4157 4156/4156/4156 4155/4155/4155
f 4157/4157/4157 4155/4155/4155 4158/4158/4158
f 4158/4158/4158 4159/4159/4159 4157/4157/4157
f 4158/4158/4158 4160/4160/4160 4159/4159/4159
f 4160/4160/4160 4161/4161/4161 4159/4159/4159
f 4160/4160/4160 4162/4162/4162 4161/4161/4161
f 4161/4161/4161 4162/4162/4162 4163/4163/4163
f 4161/4161/4161 4163/4163/4163 4164/4164/4164
f 4161/4161/4161 4164/4164/4164 4165/4165/4165
f 4163/4163/4163 4162/4162/4162 4166/4166/4166
f 4167/4167/4167 4166/4166/4166 4162/4162/4162
f 4167/4167/4167 4168/4168/4168 4166/4166/4166
f 4167/4167/4167 4169/4169/4169 4168/4168/4168
f 4167/4167/4167 4170/4170/4170 4169/4169/4169
f 4170/4170/4170 4171/4171/4171 4169/4169/4169
f 4170/4170/4170 4172/4172/4172 4171/4171/4171
f 4172/4172/4172 4173/4173/4173 4171/4171/4171
f 4172/4172/4172 4174/4174/4174 4173/4173/4173
f 4173/4173/4173 4174/4174/4174 4175/4175/4175
f 4173/4173/4173 4175/4175/4175 4176/4176/4176
f 4177/4177/4177 4173/4173/4173 4176/4176/4176
f 4178/4178/4178 4175/4175/4175 4174/4174/4174
f 4178/4178/4178 4174/4174/4174 4179/4179/4179
f 4178/4178/4178 4179/4179/4179 4180/4180/4180
f 4179/4179/4179 4181/4181/4181 4180/4180/4180
f 4179/4179/4179 4150/4150/4150 4181/4181/4181
f 4181/4181/4181 4150/4150/4150 4182/4182/4182
f 4148/4148/4148 4182/4182/4182 4150/4150/4150
f 4148/4148/4148 4183/4183/4183 4182/4182/4182
f 4183/4183/4183 4148/4148/4148 4184/4184/4184
f 4185/4185/4185 4186/4186/4186 4187/4187/4187
f 4185/4185/4185 4187/4187/4187 4188/4188/4188
f 4186/4186/4186 4189/4189/4189 4187/4187/4187
f 4190/4190/4190 4185/4185/4185 4188/4188/4188
f 4186/4186/4186 4191/4191/4191 4189/4189/4189
f 4190/4190/4190 4188/4188/4188 4192/4192/4192
f 4191/4191/4191 4193/4193/4193 4189/4189/4189
f 4194/4194/4194 4190/4190/4190 4192/4192/4192
f 4191/4191/4191 4195/4195/4195 4193/4193/4193
f 4194/4194/4194 4192/4192/4192 4196/4196/4196
f 4197/4197/4197 4194/4194/4194 4196/4196/4196
f 4197/4197/4197 4196/4196/4196 4198/4198/4198
f 4195/4195/4195 4199/4199/4199 4193/4193/4193
f 4195/4195/4195 4200/4200/4200 4199/4199/4199
f 4200/4200/4200 4201/4201/4201 4199/4199/4199
f 4200/4200/4200 4202/4202/4202 4201/4201/4201
f 4203/4203/4203 4204/4204/4204 4205/4205/4205
f 4203/4203/4203 4205/4205/4205 4206/4206/4206
f 4204/4204/4204 4207/4207/4207 4205/4205/4205
f 4208/4208/4208 4203/4203/4203 4206/4206/4206
f 4204/4204/4204 4209/4209/4209 4207/4207/4207
f 4209/4209/4209 4210/4210/4210 4207/4207/4207
f 4209/4209/4209 4211/4211/4211 4210/4210/4210
f 4208/4208/4208 4206/4206/4206 4212/4212/4212
f 4213/4213/4213 4208/4208/4208 4212/4212/4212
f 4213/4213/4213 4212/4212/4212 4214/4214/4214
f 4215/4215/4215 4213/4213/4213 4214/4214/4214
f 4215/4215/4215 4214/4214/4214 4216/4216/4216
f 4217/4217/4217 4215/4215/4215 4216/4216/4216
f 4217/4217/4217 4216/4216/4216 4218/4218/4218
f 4219/4219/4219 4217/4217/4217 4218/4218/4218
f 4219/4219/4219 4218/4218/4218 4220/4220/4220
f 4221/4221/4221 4222/4222/4222 4223/4223/4223
f 4221/4221/4221 4223/4223/4223 4224/4224/4224
f 4222/4222/4222 4225/4225/4225 4223/4223/4223
f 4226/4226/4226 4221/4221/4221 4224/4224/4224
f 4222/4222/4222 4227/4227/4227 4225/4225/4225
f 4226/4226/4226 4224/4224/4224 4228/4228/4228
f 4227/4227/4227 4229/4229/4229 4225/4225/4225
f 4230/4230/4230 4226/4226/4226 4228/4228/4228
f 4227/4227/4227 4231/4231/4231 4229/4229/4229
f 4230/4230/4230 4228/4228/4228 4232/4232/4232
f 4233/4233/4233 4230/4230/4230 4232/4232/4232
f 4233/4233/4233 4232/4232/4232 4234/4234/4234
f 4231/4231/4231 4235/4235/4235 4229/4229/4229
f 4231/4231/4231 4236/4236/4236 4235/4235/4235
f 4236/4236/4236 4237/4237/4237 4235/4235/4235
f 4236/4236/4236 4238/4238/4238 4237/4237/4237
f 4239/4239/4239 4240/4240/4240 4241/4241/4241
f 4239/4239/4239 4241/4241/4241 4242/4242/4242
f 4240/4240/4240 4243/4243/4243 4241/4241/4241
f 4244/4244/4244 4239/4239/4239 4242/4242/4242
f 4240/4240/4240 4245/4245/4245 4243/4243/4243
f 4245/4245/4245 4246/4246/4246 4243/4243/4243
f 4245/4245/4245 4247/4247/4247 4246/4246/4246
f 4244/4244/4244 4242/4242/4242 4248/4248/4248
f 4249/4249/4249 4244/4244/4244 4248/4248/4248
f 4249/4249/4249 4248/4248/4248 4250/4250/4250
f 4251/4251/4251 4249/4249/4249 4250/4250/4250
f 4251/4251/4251 4250/4250/4250 4252/4252/4252
f 4253/4253/4253 4251/4251/4251 4252/4252/4252
f 4253/4253/4253 4252/4252/4252 4254/4254/4254
f 4255/4255/4255 4256/4256/4256 4257/4257/4257
f 4255/4255/4255 4257/4257/4257 4258/4258/4258
f 4259/4259/4259 4260/4260/4260 4261/4261/4261
f 4259/4259/4259 4261/4261/4261 4262/4262/4262
f 4263/4263/4263 4260/4260/4260 4259/4259/4259
f 4263/4263/4263 4264/4264/4264 4260/4260/4260
f 4263/4263/4263 4265/4265/4265 4264/4264/4264
f 4263/4263/4263 4266/4266/4266 4265/4265/4265
f 4266/4266/4266 4267/4267/4267 4265/4265/4265
f 4266/4266/4266 4268/4268/4268 4267/4267/4267
f 4268/4268/4268 4269/4269/4269 4267/4267/4267
f 4262/4262/4262 4261/4261/4261 4270/4270/4270
f 4268/4268/4268 4271/4271/4271 4269/4269/4269
f 4262/4262/4262 4270/4270/4270 4272/4272/4272
f 4269/4269/4269 4271/4271/4271 4273/4273/4273
f 4269/4269/4269 4273/4273/4273 4274/4274/4274
f 4275/4275/4275 4269/4269/4269 4274/4274/4274
f 4271/4271/4271 4276/4276/4276 4273/4273/4273
f 4271/4271/4271 4277/4277/4277 4276/4276/4276
f 4276/4276/4276 4277/4277/4277 4278/4278/4278
f 4279/4279/4279 4278/4278/4278 4277/4277/4277
f 4279/4279/4279 4277/4277/4277 4280/4280/4280
f 4280/4280/4280 4281/4281/4281 4279/4279/4279
f 4280/4280/4280 4282/4282/4282 4281/4281/4281
f 4282/4282/4282 4283/4283/4283 4281/4281/4281
f 4282/4282/4282 4284/4284/4284 4283/4283/4283
f 4283/4283/4283 4284/4284/4284 4285/4285/4285
f 4283/4283/4283 4285/4285/4285 4286/4286/4286
f 4283/4283/4283 4286/4286/4286 4287/4287/4287
f 4285/4285/4285 4284/4284/4284 4288/4288/4288
f 4289/4289/4289 4288/4288/4288 4284/4284/4284
f 4289/4289/4289 4290/4290/4290 4288/4288/4288
f 4289/4289/4289 4291/4291/4291 4290/4290/4290
f 4289/4289/4289 4292/4292/4292 4291/4291/4291
f 4292/4292/4292 4293/4293/4293 4291/4291/4291
f 4292/4292/4292 4294/4294/4294 4293/4293/4293
f 4294/4294/4294 4295/4295/4295 4293/4293/4293
f 4294/4294/4294 4296/4296/4296 4295/4295/4295
f 4295/4295/4295 4296/4296/4296 4297/4297/4297
f 4295/4295/4295 4297/4297/4297 4298/4298/4298
f 4299/4299/4299 4295/4295/4295 4298/4298/4298
f 4300/4300/4300 4297/4297/4297 4296/4296/4296
f 4300/4300/4300 4296/4296/4296 4301/4301/4301
f 4300/4300/4300 4301/4301/4301 4302/4302/4302
f 4301/4301/4301 4303/4303/4303 4302/4302/4302
f 4301/4301/4301 4272/4272/4272 4303/4303/4303
f 4303/4303/4303 4272/4272/4272 4304/4304/4304
f 4270/4270/4270 4304/4304/4304 4272/4272/4272
f 4270/4270/4270 4305/4305/4305 4304/4304/4304
f 4305/4305/4305 4270/4270/4270 4306/4306/4306
f 4307/4307/4307 4308/4308/4308 4309/4309/4309
f 4307/4307/4307 4309/4309/4309 4310/4310/4310
f 4308/4308/4308 4311/4311/4311 4309/4309/4309
f 4312/4312/4312 4307/4307/4307 4310/4310/4310
f 4308/4308/4308 4313/4313/4313 4311/4311/4311
f 4312/4312/4312 4310/4310/4310 4314/4314/4314
f 4313/4313/4313 4315/4315/4315 4311/4311/4311
f 4316/4316/4316 4312/4312/4312 4314/4314/4314
f 4313/4313/4313 4317/4317/4317 4315/4315/4315
f 4316/4316/4316 4314/4314/4314 4318/4318/4318
f 4319/4319/4319 4316/4316/4316 4318/4318/4318
f 4319/4319/4319 4318/4318/4318 4320/4320/4320
f 4317/4317/4317 4321/4321/4321 4315/4315/4315
f 4317/4317/4317 4322/4322/4322 4321/4321/4321
f 4322/4322/4322 4323/4323/4323 4321/4321/4321
f 4322/4322/4322 4324/4324/4324 4323/4323/4323
f 4325/4325/4325 4326/4326/4326 4327/4327/4327
f 4325/4325/4325 4327/4327/4327 4328/4328/4328
f 4326/4326/4326 4329/4329/4329 4327/4327/4327
f 4330/4330/4330 4325/4325/4325 4328/4328/4328
f 4326/4326/4326 4331/4331/4331 4329/4329/4329
f 4331/4331/4331 4332/4332/4332 4329/4329/4329
f 4331/4331/4331 4333/4333/4333 4332/4332/4332
f 4330/4330/4330 4328/4328/4328 4334/4334/4334
f 4335/4335/4335 4330/4330/4330 4334/4334/4334
f 4335/4335/4335 4334/4334/4334 4336/4336/4336
f 4337/4337/4337 4335/4335/4335 4336/4336/4336
f 4337/4337/4337 4336/4336/4336 4338/4338/4338
f 4339/4339/4339 4337/4337/4337 4338/4338/4338
f 4339/4339/4339 4338/4338/4338 4340/4340/4340
f 4341/4341/4341 4339/4339/4339 4340/4340/4340
f 4341/4341/4341 4340/4340/4340 4342/4342/4342
f 4343/4343/4343 4344/4344/4344 4345/4345/4345
f 4343/4343/4343 4345/4345/4345 4346/4346/4346
f 4344/4344/4344 4347/4347/4347 4345/4345/4345
f 4348/4348/4348 4343/4343/4343 4346/4346/4346
f 4344/4344/4344 4349/4349/4349 4347/4347/4347
f 4348/4348/4348 4346/4346/4346 4350/4350/4350
f 4349/4349/4349 4351/4351/4351 4347/4347/4347
f 4352/4352/4352 4348/4348/4348 4350/4350/4350
f 4349/4349/4349 4353/4353/4353 4351/4351/4351
f 4352/4352/4352 4350/4350/4350 4354/4354/4354
f 4355/4355/4355 4352/4352/4352 4354/4354/4354
f 4355/4355/4355 4354/4354/4354 4356/4356/4356
f 4353/4353/4353 4357/4357/4357 4351/4351/4351
f 4353/4353/4353 4358/4358/4358 4357/4357/4357
f 4358/4358/4358 4359/4359/4359 4357/4357/4357
f 4358/4358/4358 4360/4360/4360 4359/4359/4359
f 4361/4361/4361 4362/4362/4362 4363/4363/4363
f 4361/4361/4361 4363/4363/4363 4364/4364/4364
f 4362/4362/4362 4365/4365/4365 4363/4363/4363
f 4366/4366/4366 4361/4361/4361 4364/4364/4364
f 4362/4362/4362 4367/4367/4367 4365/4365/4365
f 4367/4367/4367 4368/4368/4368 4365/4365/4365
f 4367/4367/4367 4369/4369/4369 4368/4368/4368
f 4366/4366/4366 4364/4364/4364 4370/4370/4370
f 4371/4371/4371 4366/4366/4366 4370/4370/4370
f 4371/4371/4371 4370/4370/4370 4372/4372/4372
f 4373/4373/4373 4371/4371/4371 4372/4372/4372
f 4373/4373/4373 4372/4372/4372 4374/4374/4374
f 4375/4375/4375 4373/4373/4373 4374/4374/4374
f 4375/4375/4375 4374/4374/4374 4376/4376/4376
f 4377/4377/4377 4378/4378/4378 4379/4379/4379
f 4377/4377/4377 4379/4379/4379 4380/4380/4380
f 4381/4381/4381 4382/4382/4382 4383/4383/4383
f 4381/4381/4381 4383/4383/4383 4384/4384/4384
f 4385/4385/4385 4382/4382/4382 4381/4381/4381
f 4385/4385/4385 4386/4386/4386 4382/4382/4382
f 4385/4385/4385 4387/4387/4387 4386/4386/4386
f 4385/4385/4385 4388/4388/4388 4387/4387/4387
f 4388/4388/4388 4389/4389/4389 4387/4387/4387
f 4388/4388/4388 4390/4390/4390 4389/4389/4389
f 4390/4390/4390 4391/4391/4391 4389/4389/4389
f 4384/4384/4384 4383/4383/4383 4392/4392/4392
f 4390/4390/4390 4393/4393/4393 4391/4391/4391
f 4384/4384/4384 4392/4392/4392 4394/4394/4394
f 4391/4391/4391 4393/4393/4393 4395/4395/4395
f 4391/4391/4391 4395/4395/4395 4396/4396/4396
f 4397/4397/4397 4391/4391/4391 4396/4396/4396
f 4393/4393/4393 4398/4398/4398 4395/4395/4395
f 4393/4393/4393 4399/4399/4399 4398/4398/4398
f 4398/4398/4398 4399/4399/4399 4400/4400/4400
f 4401/4401/4401 4400/4400/4400 4399/4399/4399
f 4401/4401/4401 4399/4399/4399 4402/4402/4402
f 4402/4402/4402 4403/4403/4403 4401/4401/4401
f 4402/4402/4402 4404/4404/4404 4403/4403/4403
f 4404/4404/4404 4405/4405/4405 4403/4403/4403
f 4404/4404/4404 4406/4406/4406 4405/4405/4405
f 4405/4405/4405 4406/4406/4406 4407/4407/4407
f 4405/4405/4405 4407/4407/4407 4408/4408/4408
f 4405/4405/4405 4408/4408/4408 4409/4409/4409
f 4407/4407/4407 4406/4406/4406 4410/4410/4410
f 4411/4411/4411 4410/4410/4410 4406/4406/4406
f 4411/4411/4411 4412/4412/4412 4410/4410/4410
f 4411/4411/4411 4413/4413/4413 4412/4412/4412
f 4411/4411/4411 4414/4414/4414 4413/4413/4413
f 4414/4414/4414 4415/4415/4415 4413/4413/4413
f 4414/4414/4414 4416/4416/4416 4415/4415/4415
f 4416/4416/4416 4417/4417/4417 4415/4415/4415
f 4416/4416/4416 4418/4418/4418 4417/4417/4417
f 4417/4417/4417 4418/4418/4418 4419/4419/4419
f 4417/4417/4417 4419/4419/4419 4420/4420/4420
f 4421/4421/4421 4417/4417/4417 4420/4420/4420
f 4422/4422/4422 4419/4419/4419 4418/4418/4418
f 4422/4422/4422 4418/4418/4418 4423/4423/4423
f 4422/4422/4422 4423/4423/4423 4424/4424/4424
f 4423/4423/4423 4425/4425/4425 4424/4424/4424
f 4423/4423/4423 4394/4394/4394 4425/4425/4425
f 4425/4425/4425 4394/4394/4394 4426/4426/4426
f 4392/4392/4392 4426/4426/4426 4394/4394/4394
f 4392/4392/4392 4427/4427/4427 4426/4426/4426
f 4427/4427/4427 4392/4392/4392 4428/4428/4428
f 4429/4429/4429 4430/4430/4430 4431/4431/4431
f 4432/4432/4432 4430/4430/4430 4429/4429/4429
f 4429/4429/4429 4431/4431/4431 4433/4433/4433
f 4432/4432/4432 4434/4434/4434 4430/4430/4430
f 4433/4433/4433 4431/4431/4431 4435/4435/4435
f 4436/4436/4436 4434/4434/4434 4432/4432/4432
f 4433/4433/4433 4435/4435/4435 4437/4437/4437
f 4436/4436/4436 4438/4438/4438 4434/4434/4434
f 4437/4437/4437 4435/4435/4435 4439/4439/4439
f 4440/4440/4440 4438/4438/4438 4436/4436/4436
f 4437/4437/4437 4439/4439/4439 4441/4441/4441
f 4440/4440/4440 4442/4442/4442 4438/4438/4438
f 4441/4441/4441 4439/4439/4439 4443/4443/4443
f 4441/4441/4441 4443/4443/4443 4444/4444/4444
f 4445/4445/4445 4442/4442/4442 4440/4440/4440
f 4445/4445/4445 4446/4446/4446 4442/4442/4442
f 4447/4447/4447 4448/4448/4448 4449/4449/4449
f 4450/4450/4450 4448/4448/4448 4447/4447/4447
f 4447/4447/4447 4449/4449/4449 4451/4451/4451
f 4450/4450/4450 4452/4452/4452 4448/4448/4448
f 4453/4453/4453 4452/4452/4452 4450/4450/4450
f 4453/4453/4453 4454/4454/4454 4452/4452/4452
f 4451/4451/4451 4449/4449/4449 4455/4455/4455
f 4451/4451/4451 4455/4455/4455 4456/4456/4456
f 4456/4456/4456 4455/4455/4455 4457/4457/4457
f 4456/4456/4456 4457/4457/4457 4458/4458/4458
f 4458/4458/4458 4457/4457/4457 4459/4459/4459
f 4458/4458/4458 4459/4459/4459 4460/4460/4460
f 4460/4460/4460 4459/4459/4459 4461/4461/4461
f 4460/4460/4460 4461/4461/4461 4462/4462/4462
f 4462/4462/4462 4461/4461/4461 4463/4463/4463
f 4462/4462/4462 4463/4463/4463 4464/4464/4464
f 4465/4465/4465 4466/4466/4466 4467/4467/4467
f 4468/4468/4468 4466/4466/4466 4465/4465/4465
f 4465/4465/4465 4467/4467/4467 4469/4469/4469
f 4468/4468/4468 4470/4470/4470 4466/4466/4466
f 4469/4469/4469 4467/4467/4467 4471/4471/4471
f 4472/4472/4472 4470/4470/4470 4468/4468/4468
f 4469/4469/4469 4471/4471/4471 4473/4473/4473
f 4472/4472/4472 4474/4474/4474 4470/4470/4470
f 4473/4473/4473 4471/4471/4471 4475/4475/4475
f 4476/4476/4476 4474/4474/4474 4472/4472/4472
f 4473/4473/4473 4475/4475/4475 4477/4477/4477
f 4476/4476/4476 4478/4478/4478 4474/4474/4474
f 4477/4477/4477 4475/4475/4475 4479/4479/4479
f 4477/4477/4477 4479/4479/4479 4480/4480/4480
f 4481/4481/4481 4478/4478/4478 4476/4476/4476
f 4481/4481/4481 4482/4482/4482 4478/4478/4478
f 4483/4483/4483 4484/4484/4484 4485/4485/4485
f 4486/4486/4486 4484/4484/4484 4483/4483/4483
f 4483/4483/4483 4485/4485/4485 4487/4487/4487
f 4486/4486/4486 4488/4488/4488 4484/4484/4484
f 4489/4489/4489 4488/4488/4488 4486/4486/4486
f 4489/4489/4489 4490/4490/4490 4488/4488/4488
f 4487/4487/4487 4485/4485/4485 4491/4491/4491
f 4487/4487/4487 4491/4491/4491 4492/4492/4492
f 4492/4492/4492 4491/4491/4491 4493/4493/4493
f 4492/4492/4492 4493/4493/4493 4494/4494/4494
f 4494/4494/4494 4493/4493/4493 4495/4495/4495
f 4494/4494/4494 4495/4495/4495 4496/4496/4496
f 4496/4496/4496 4495/4495/4495 4497/4497/4497
f 4496/4496/4496 4497/4497/4497 4498/4498/4498
f 4499/4499/4499 4500/4500/4500 4501/4501/4501
f 4499/4499/4499 4501/4501/4501 4502/4502/4502
f 4503/4503/4503 4504/4504/4504 4505/4505/4505
f 4503/4503/4503 4505/4505/4505 4506/4506/4506
f 4504/4504/4504 4507/4507/4507 4505/4505/4505
f 4504/4504/4504 4508/4508/4508 4507/4507/4507
f 4507/4507/4507 4508/4508/4508 4509/4509/4509
f 4507/4507/4507 4509/4509/4509 4510/4510/4510
f 4510/4510/4510 4509/4509/4509 4511/4511/4511
f 4510/4510/4510 4511/4511/4511 4512/4512/4512
f 4512/4512/4512 4511/4511/4511 4513/4513/4513
f 4514/4514/4514 4503/4503/4503 4506/4506/4506
f 4512/4512/4512 4513/4513/4513 4515/4515/4515
f 4514/4514/4514 4506/4506/4506 4516/4516/4516
f 4513/4513/4513 4517/4517/4517 4515/4515/4515
f 4513/4513/4513 4518/4518/4518 4517/4517/4517
f 4519/4519/4519 4518/4518/4518 4513/4513/4513
f 4515/4515/4515 4517/4517/4517 4520/4520/4520
f 4515/4515/4515 4520/4520/4520 4521/4521/4521
f 4520/4520/4520 4522/4522/4522 4521/4521/4521
f 4523/4523/4523 4521/4521/4521 4522/4522/4522
f 4523/4523/4523 4524/4524/4524 4521/4521/4521
f 4524/4524/4524 4523/4523/4523 4525/4525/4525
f 4524/4524/4524 4525/4525/4525 4526/4526/4526
f 4526/4526/4526 4525/4525/4525 4527/4527/4527
f 4526/4526/4526 4527/4527/4527 4528/4528/4528
f 4527/4527/4527 4529/4529/4529 4528/4528/4528
f 4527/4527/4527 4530/4530/4530 4529/4529/4529
f 4527/4527/4527 4531/4531/4531 4530/4530/4530
f 4529/4529/4529 4532/4532/4532 4528/4528/4528
f 4532/4532/4532 4533/4533/4533 4528/4528/4528
f 4532/4532/4532 4534/4534/4534 4533/4533/4533
f 4533/4533/4533 4534/4534/4534 4535/4535/4535
f 4533/4533/4533 4535/4535/4535 4536/4536/4536
f 4536/4536/4536 4535/4535/4535 4537/4537/4537
f 4536/4536/4536 4537/4537/4537 4538/4538/4538
f 4538/4538/4538 4537/4537/4537 4539/4539/4539
f 4538/4538/4538 4539/4539/4539 4540/4540/4540
f 4539/4539/4539 4541/4541/4541 4540/4540/4540
f 4539/4539/4539 4542/4542/4542 4541/4541/4541
f 4543/4543/4543 4542/4542/4542 4539/4539/4539
f 4544/4544/4544 4540/4540/4540 4541/4541/4541
f 4544/4544/4544 4545/4545/4545 4540/4540/4540
f 4544/4544/4544 4546/4546/4546 4545/4545/4545
f 4545/4545/4545 4546/4546/4546 4547/4547/4547
f 4545/4545/4545 4547/4547/4547 4516/4516/4516
f 4547/4547/4547 4548/4548/4548 4516/4516/4516
f 4548/4548/4548 4514/4514/4514 4516/4516/4516
f 4548/4548/4548 4549/4549/4549 4514/4514/4514
f 4549/4549/4549 4550/4550/4550 4514/4514/4514
f 4551/4551/4551 4552/4552/4552 4553/4553/4553
f 4554/4554/4554 4552/4552/4552 4551/4551/4551
f 4551/4551/4551 4553/4553/4553 4555/4555/4555
f 4554/4554/4554 4556/4556/4556 4552/4552/4552
f 4555/4555/4555 4553/4553/4553 4557/4557/4557
f 4558/4558/4558 4556/4556/4556 4554/4554/4554
f 4555/4555/4555 4557/4557/4557 4559/4559/4559
f 4558/4558/4558 4560/4560/4560 4556/4556/4556
f 4559/4559/4559 4557/4557/4557 4561/4561/4561
f 4562/4562/4562 4560/4560/4560 4558/4558/4558
f 4559/4559/4559 4561/4561/4561 4563/4563/4563
f 4562/4562/4562 4564/4564/4564 4560/4560/4560
f 4563/4563/4563 4561/4561/4561 4565/4565/4565
f 4563/4563/4563 4565/4565/4565 4566/4566/4566
f 4567/4567/4567 4564/4564/4564 4562/4562/4562
f 4567/4567/4567 4568/4568/4568 4564/4564/4564
f 4569/4569/4569 4570/4570/4570 4571/4571/4571
f 4572/4572/4572 4570/4570/4570 4569/4569/4569
f 4569/4569/4569 4571/4571/4571 4573/4573/4573
f 4572/4572/4572 4574/4574/4574 4570/4570/4570
f 4575/4575/4575 4574/4574/4574 4572/4572/4572
f 4575/4575/4575 4576/4576/4576 4574/4574/4574
f 4573/4573/4573 4571/4571/4571 4577/4577/4577
f 4573/4573/4573 4577/4577/4577 4578/4578/4578
f 4578/4578/4578 4577/4577/4577 4579/4579/4579
f 4578/4578/4578 4579/4579/4579 4580/4580/4580
f 4580/4580/4580 4579/4579/4579 4581/4581/4581
f 4580/4580/4580 4581/4581/4581 4582/4582/4582
f 4582/4582/4582 4581/4581/4581 4583/4583/4583
f 4582/4582/4582 4583/4583/4583 4584/4584/4584
f 4584/4584/4584 4583/4583/4583 4585/4585/4585
f 4584/4584/4584 4585/4585/4585 4586/4586/4586
f 4587/4587/4587 4588/4588/4588 4589/4589/4589
f 4590/4590/4590 4588/4588/4588 4587/4587/4587
f 4587/4587/4587 4589/4589/4589 4591/4591/4591
f 4590/4590/4590 4592/4592/4592 4588/4588/4588
f 4591/4591/4591 4589/4589/4589 4593/4593/4593
f 4594/4594/4594 4592/4592/4592 4590/4590/4590
f 4591/4591/4591 4593/4593/4593 4595/4595/4595
f 4594/4594/4594 4596/4596/4596 4592/4592/4592
f 4595/4595/4595 4593/4593/4593 4597/4597/4597
f 4598/4598/4598 4596/4596/4596 4594/4594/4594
f 4595/4595/4595 4597/4597/4597 4599/4599/4599
f 4598/4598/4598 4600/4600/4600 4596/4596/4596
f 4599/4599/4599 4597/4597/4597 4601/4601/4601
f 4599/4599/4599 4601/4601/4601 4602/4602/4602
f 4603/4603/4603 4600/4600/4600 4598/4598/4598
f 4603/4603/4603 4604/4604/4604 4600/4600/4600
f 4605/4605/4605 4606/4606/4606 4607/4607/4607
f 4608/4608/4608 4606/4606/4606 4605/4605/4605
f 4605/4605/4605 4607/4607/4607 4609/4609/4609
f 4608/4608/4608 4610/4610/4610 4606/4606/4606
f 4611/4611/4611 4610/4610/4610 4608/4608/4608
f 4611/4611/4611 4612/4612/4612 4610/4610/4610
f 4609/4609/4609 4607/4607/4607 4613/4613/4613
f 4609/4609/4609 4613/4613/4613 4614/4614/4614
f 4614/4614/4614 4613/4613/4613 4615/4615/4615
f 4614/4614/4614 4615/4615/4615 4616/4616/4616
f 4616/4616/4616 4615/4615/4615 4617/4617/4617
f 4616/4616/4616 4617/4617/4617 4618/4618/4618
f 4618/4618/4618 4617/4617/4617 4619/4619/4619
f 4618/4618/4618 4619/4619/4619 4620/4620/4620
f 4621/4621/4621 4622/4622/4622 4623/4623/4623
f 4621/4621/4621 4623/4623/4623 4624/4624/4624
f 4625/4625/4625 4626/4626/4626 4627/4627/4627
f 4625/4625/4625 4627/4627/4627 4628/4628/4628
f 4626/4626/4626 4629/4629/4629 4627/4627/4627
f 4626/4626/4626 4630/4630/4630 4629/4629/4629
f 4629/4629/4629 4630/4630/4630 4631/4631/4631
f 4629/4629/4629 4631/4631/4631 4632/4632/4632
f 4632/4632/4632 4631/4631/4631 4633/4633/4633
f 4632/4632/4632 4633/4633/4633 4634/4634/4634
f 4634/4634/4634 4633/4633/4633 4635/4635/4635
f 4636/4636/4636 4625/4625/4625 4628/4628/4628
f 4634/4634/4634 4635/4635/4635 4637/4637/4637
f 4636/4636/4636 4628/4628/4628 4638/4638/4638
f 4635/4635/4635 4639/4639/4639 4637/4637/4637
f 4635/4635/4635 4640/4640/4640 4639/4639/4639
f 4641/4641/4641 4640/4640/4640 4635/4635/4635
f 4637/4637/4637 4639/4639/4639 4642/4642/4642
f 4637/4637/4637 4642/4642/4642 4643/4643/4643
f 4642/4642/4642 4644/4644/4644 4643/4643/4643
f 4645/4645/4645 4643/4643/4643 4644/4644/4644
f 4645/4645/4645 4646/4646/4646 4643/4643/4643
f 4646/4646/4646 4645/4645/4645 4647/4647/4647
f 4646/4646/4646 4647/4647/4647 4648/4648/4648
f 4648/4648/4648 4647/4647/4647 4649/4649/4649
f 4648/4648/4648 4649/4649/4649 4650/4650/4650
f 4649/4649/4649 4651/4651/4651 4650/4650/4650
f 4649/4649/4649 4652/4652/4652 4651/4651/4651
f 4649/4649/4649 4653/4653/4653 4652/4652/4652
f 4651/4651/4651 4654/4654/4654 4650/4650/4650
f 4654/4654/4654 4655/4655/4655 4650/4650/4650
f 4654/4654/4654 4656/4656/4656 4655/4655/4655
f 4655/4655/4655 4656/4656/4656 4657/4657/4657
f 4655/4655/4655 4657/4657/4657 4658/4658/4658
f 4658/4658/4658 4657/4657/4657 4659/4659/4659
f 4658/4658/4658 4659/4659/4659 4660/4660/4660
f 4660/4660/4660 4659/4659/4659 4661/4661/4661
f 4660/4660/4660 4661/4661/4661 4662/4662/4662
f 4661/4661/4661 4663/4663/4663 4662/4662/4662
f 4661/4661/4661 4664/4664/4664 4663/4663/4663
f 4665/4665/4665 4664/4664/4664 4661/4661/4661
f 4666/4666/4666 4662/4662/4662 4663/4663/4663
f 4666/4666/4666 4667/4667/4667 4662/4662/4662
f 4666/4666/4666 4668/4668/4668 4667/4667/4667
f 4667/4667/4667 4668/4668/4668 4669/4669/4669
f 4667/4667/4667 4669/4669/4669 4638/4638/4638
f 4669/4669/4669 4670/4670/4670 4638/4638/4638
f 4670/4670/4670 4636/4636/4636 4638/4638/4638
f 4670/4670/4670 4671/4671/4671 4636/4636/4636
f 4671/4671/4671 4672/4672/4672 4636/4636/4636
f 4673/4673/4673 4674/4674/4674 4675/4675/4675
f 4676/4676/4676 4674/4674/4674 4673/4673/4673
f 4673/4673/4673 4675/4675/4675 4677/4677/4677
f 4676/4676/4676 4678/4678/4678 4674/4674/4674
f 4677/4677/4677 4675/4675/4675 4679/4679/4679
f 4680/4680/4680 4678/4678/4678 4676/4676/4676
f 4677/4677/4677 4679/4679/4679 4681/4681/4681
f 4680/4680/4680 4682/4682/4682 4678/4678/4678
f 4681/4681/4681 4679/4679/4679 4683/4683/4683
f 4684/4684/4684 4682/4682/4682 4680/4680/4680
f 4681/4681/4681 4683/4683/4683 4685/4685/4685
f 4684/4684/4684 4686/4686/4686 4682/4682/4682
f 4685/4685/4685 4683/4683/4683 4687/4687/4687
f 4685/4685/4685 4687/4687/4687 4688/4688/4688
f 4689/4689/4689 4686/4686/4686 4684/4684/4684
f 4689/4689/4689 4690/4690/4690 4686/4686/4686
f 4691/4691/4691 4692/4692/4692 4693/4693/4693
f 4694/4694/4694 4692/4692/4692 4691/4691/4691
f 4691/4691/4691 4693/4693/4693 4695/4695/4695
f 4694/4694/4694 4696/4696/4696 4692/4692/4692
f 4697/4697/4697 4696/4696/4696 4694/4694/4694
f 4697/4697/4697 4698/4698/4698 4696/4696/4696
f 4695/4695/4695 4693/4693/4693 4699/4699/4699
f 4695/4695/4695 4699/4699/4699 4700/4700/4700
f 4700/4700/4700 4699/4699/4699 4701/4701/4701
f 4700/4700/4700 4701/4701/4701 4702/4702/4702
f 4702/4702/4702 4701/4701/4701 4703/4703/4703
f 4702/4702/4702 4703/4703/4703 4704/4704/4704
f 4704/4704/4704 4703/4703/4703 4705/4705/4705
f 4704/4704/4704 4705/4705/4705 4706/4706/4706
f 4706/4706/4706 4705/4705/4705 4707/4707/4707
f 4706/4706/4706 4707/4707/4707 4708/4708/4708
f 4709/4709/4709 4710/4710/4710 4711/4711/4711
f 4712/4712/4712 4710/4710/4710 4709/4709/4709
f 4709/4709/4709 4711/4711/4711 4713/4713/4713
f 4712/4712/4712 4714/4714/4714 4710/4710/4710
f 4713/4713/4713 4711/4711/4711 4715/4715/4715
f 4716/4716/4716 4714/4714/4714 4712/4712/4712
f 4713/4713/4713 4715/4715/4715 4717/4717/4717
f 4716/4716/4716 4718/4718/4718 4714/4714/4714
f 4717/4717/4717 4715/4715/4715 4719/4719/4719
f 4720/4720/4720 4718/4718/4718 4716/4716/4716
f 4717/4717/4717 4719/4719/4719 4721/4721/4721
f 4720/4720/4720 4722/4722/4722 4718/4718/4718
f 4721/4721/4721 4719/4719/4719 4723/4723/4723
f 4721/4721/4721 4723/4723/4723 4724/4724/4724
f 4725/4725/4725 4722/4722/4722 4720/4720/4720
f 4725/4725/4725 4726/4726/4726 4722/4722/4722
f 4727/4727/4727 4728/4728/4728 4729/4729/4729
f 4730/4730/4730 4728/4728/4728 4727/4727/4727
f 4727/4727/4727 4729/4729/4729 4731/4731/4731
f 4730/4730/4730 4732/4732/4732 4728/4728/4728
f 4733/4733/4733 4732/4732/4732 4730/4730/4730
f 4733/4733/4733 4734/4734/4734 4732/4732/4732
f 4731/4731/4731 4729/4729/4729 4735/4735/4735
f 4731/4731/4731 4735/4735/4735 4736/4736/4736
f 4736/4736/4736 4735/4735/4735 4737/4737/4737
f 4736/4736/4736 4737/4737/4737 4738/4738/4738
f 4738/4738/4738 4737/4737/4737 4739/4739/4739
f 4738/4738/4738 4739/4739/4739 4740/4740/4740
f 4740/4740/4740 4739/4739/4739 4741/4741/4741
f 4740/4740/4740 4741/4741/4741 4742/4742/4742
f 4743/4743/4743 4744/4744/4744 4745/4745/4745
f 4743/4743/4743 4745/4745/4745 4746/4746/4746
f 4747/4747/4747 4748/4748/4748 4749/4749/4749
f 4747/4747/4747 4749/4749/4749 4750/4750/4750
f 4748/4748/4748 4751/4751/4751 4749/4749/4749
f 4748/4748/4748 4752/4752/4752 4751/4751/4751
f 4751/4751/4751 4752/4752/4752 4753/4753/4753
f 4751/4751/4751 4753/4753/4753 4754/4754/4754
f 4754/4754/4754 4753/4753/4753 4755/4755/4755
f 4754/4754/4754 4755/4755/4755 4756/4756/4756
f 4756/4756/4756 4755/4755/4755 4757/4757/4757
f 4758/4758/4758 4747/4747/4747 4750/4750/4750
f 4756/4756/4756 4757/4757/4757 4759/4759/4759
f 4758/4758/4758 4750/4750/4750 4760/4760/4760
f 4757/4757/4757 4761/4761/4761 4759/4759/4759
f 4757/4757/4757 4762/4762/4762 4761/4761/4761
f 4763/4763/4763 4762/4762/4762 4757/4757/4757
f 4759/4759/4759 4761/4761/4761 4764/4764/4764
f 4759/4759/4759 4764/4764/4764 4765/4765/4765
f 4764/4764/4764 4766/4766/4766 4765/4765/4765
f 4767/4767/4767 4765/4765/4765 4766/4766/4766
f 4767/4767/4767 4768/4768/4768 4765/4765/4765
f 4768/4768/4768 4767/4767/4767 4769/4769/4769
f 4768/4768/4768 4769/4769/4769 4770/4770/4770
f 4770/4770/4770 4769/4769/4769 4771/4771/4771
f 4770/4770/4770 4771/4771/4771 4772/4772/4772
f 4771/4771/4771 4773/4773/4773 4772/4772/4772
f 4771/4771/4771 4774/4774/4774 4773/4773/4773
f 4771/4771/4771 4775/4775/4775 4774/4774/4774
f 4773/4773/4773 4776/4776/4776 4772/4772/4772
f 4776/4776/4776 4777/4777/4777 4772/4772/4772
f 4776/4776/4776 4778/4778/4778 4777/4777/4777
f 4777/4777/4777 4778/4778/4778 4779/4779/4779
f 4777/4777/4777 4779/4779/4779 4780/4780/4780
f 4780/4780/4780 4779/4779/4779 4781/4781/4781
f 4780/4780/4780 4781/4781/4781 4782/4782/4782
f 4782/4782/4782 4781/4781/4781 4783/4783/4783
f 4782/4782/4782 4783/4783/4783 4784/4784/4784
f 4783/4783/4783 4785/4785/4785 4784/4784/4784
f 4783/4783/4783 4786/4786/4786 4785/4785/4785
f 4787/4787/4787 4786/4786/4786 4783/4783/4783
f 4788/4788/4788 4784/4784/4784 4785/4785/4785
f 4788/4788/4788 4789/4789/4789 4784/4784/4784
f 4788/4788/4788 4790/4790/4790 4789/4789/4789
f 4789/4789/4789 4790/4790/4790 4791/4791/4791
f 4789/4789/4789 4791/4791/4791 4760/4760/4760
f 4791/4791/4791 4792/4792/4792 4760/4760/4760
f 4792/4792/4792 4758/4758/4758 4760/4760/4760
f 4792/4792/4792 4793/4793/4793 4758/4758/4758
f 4793/4793/4793 4794/4794/4794 4758/4758/4758
f 4795/4795/4795 4796/4796/4796 4797/4797/4797
f 4798/4798/4798 4796/4796/4796 4795/4795/4795
f 4795/4795/4795 4797/4797/4797 4799/4799/4799
f 4798/4798/4798 4800/4800/4800 4796/4796/4796
f 4799/4799/4799 4797/4797/4797 4801/4801/4801
f 4802/4802/4802 4800/4800/4800 4798/4798/4798
f 4799/4799/4799 4801/4801/4801 4803/4803/4803
f 4802/4802/4802 4804/4804/4804 4800/4800/4800
f 4803/4803/4803 4801/4801/4801 4805/4805/4805
f 4806/4806/4806 4804/4804/4804 4802/4802/4802
f 4803/4803/4803 4805/4805/4805 4807/4807/4807
f 4806/4806/4806 4808/4808/4808 4804/4804/4804
f 4807/4807/4807 4805/4805/4805 4809/4809/4809
f 4807/4807/4807 4809/4809/4809 4810/4810/4810
f 4811/4811/4811 4808/4808/4808 4806/4806/4806
f 4811/4811/4811 4812/4812/4812 4808/4808/4808
f 4813/4813/4813 4814/4814/4814 4815/4815/4815
f 4816/4816/4816 4814/4814/4814 4813/4813/4813
f 4813/4813/4813 4815/4815/4815 4817/4817/4817
f 4816/4816/4816 4818/4818/4818 4814/4814/4814
f 4819/4819/4819 4818/4818/4818 4816/4816/4816
f 4819/4819/4819 4820/4820/4820 4818/4818/4818
f 4817/4817/4817 4815/4815/4815 4821/4821/4821
f 4817/4817/4817 4821/4821/4821 4822/4822/4822
f 4822/4822/4822 4821/4821/4821 4823/4823/4823
f 4822/4822/4822 4823/4823/4823 4824/4824/4824
f 4824/4824/4824 4823/4823/4823 4825/4825/4825
f 4824/4824/4824 4825/4825/4825 4826/4826/4826
f 4826/4826/4826 4825/4825/4825 4827/4827/4827
f 4826/4826/4826 4827/4827/4827 4828/4828/4828
f 4828/4828/4828 4827/4827/4827 4829/4829/4829
f 4828/4828/4828 4829/4829/4829 4830/4830/4830
f 4831/4831/4831 4832/4832/4832 4833/4833/4833
f 4834/4834/4834 4832/4832/4832 4831/4831/4831
f 4831/4831/4831 4833/4833/4833 4835/4835/4835
f 4834/4834/4834 4836/4836/4836 4832/4832/4832
f 4835/4835/4835 4833/4833/4833 4837/4837/4837
f 4838/4838/4838 4836/4836/4836 4834/4834/4834
f 4835/4835/4835 4837/4837/4837 4839/4839/4839
f 4838/4838/4838 4840/4840/4840 4836/4836/4836
f 4839/4839/4839 4837/4837/4837 4841/4841/4841
f 4842/4842/4842 4840/4840/4840 4838/4838/4838
f 4839/4839/4839 4841/4841/4841 4843/4843/4843
f 4842/4842/4842 4844/4844/4844 4840/4840/4840
f 4843/4843/4843 4841/4841/4841 4845/4845/4845
f 4843/4843/4843 4845/4845/4845 4846/4846/4846
f 4847/4847/4847 4844/4844/4844 4842/4842/4842
f 4847/4847/4847 4848/4848/4848 4844/4844/4844
f 4849/4849/4849 4850/4850/4850 4851/4851/4851
f 4852/4852/4852 4850/4850/4850 4849/4849/4849
f 4849/4849/4849 4851/4851/4851 4853/4853/4853
f 4852/4852/4852 4854/4854/4854 4850/4850/4850
f 4855/4855/4855 4854/4854/4854 4852/4852/4852
f 4855/4855/4855 4856/4856/4856 4854/4854/4854
f 4853/4853/4853 4851/4851/4851 4857/4857/4857
f 4853/4853/4853 4857/4857/4857 4858/4858/4858
f 4858/4858/4858 4857/4857/4857 4859/4859/4859
f 4858/4858/4858 4859/4859/4859 4860/4860/4860
f 4860/4860/4860 4859/4859/4859 4861/4861/4861
f 4860/4860/4860 4861/4861/4861 4862/4862/4862
f 4862/4862/4862 4861/4861/4861 4863/4863/4863
f 4862/4862/4862 4863/4863/4863 4864/4864/4864
f 4865/4865/4865 4866/4866/4866 4867/4867/4867
f 4865/4865/4865 4867/4867/4867 4868/4868/4868
f 4869/4869/4869 4870/4870/4870 4871/4871/4871
f 4869/4869/4869 4871/4871/4871 4872/4872/4872
f 4870/4870/4870 4873/4873/4873 4871/4871/4871
f 4870/4870/4870 4874/4874/4874 4873/4873/4873
f 4873/4873/4873 4874/4874/4874 4875/4875/4875
f 4873/4873/4873 4875/4875/4875 4876/4876/4876
f 4876/4876/4876 4875/4875/4875 4877/4877/4877
f 4876/4876/4876 4877/4877/4877 4878/4878/4878
f 4878/4878/4878 4877/4877/4877 4879/4879/4879
f 4880/4880/4880 4869/4869/4869 4872/4872/4872
f 4878/4878/4878 4879/4879/4879 4881/4881/4881
f 4880/4880/4880 4872/4872/4872 4882/4882/4882
f 4879/4879/4879 4883/4883/4883 4881/4881/4881
f 4879/4879/4879 4884/4884/4884 4883/4883/4883
f 4885/4885/4885 4884/4884/4884 4879/4879/4879
f 4881/4881/4881 4883/4883/4883 4886/4886/4886
f 4881/4881/4881 4886/4886/4886 4887/4887/4887
f 4886/4886/4886 4888/4888/4888 4887/4887/4887
f 4889/4889/4889 4887/4887/4887 4888/4888/4888
f 4889/4889/4889 4890/4890/4890 4887/4887/4887
f 4890/4890/4890 4889/4889/4889 4891/4891/4891
f 4890/4890/4890 4891/4891/4891 4892/4892/4892
f 4892/4892/4892 4891/4891/4891 4893/4893/4893
f 4892/4892/4892 4893/4893/4893 4894/4894/4894
f 4893/4893/4893 4895/4895/4895 4894/4894/4894
f 4893/4893/4893 4896/4896/4896 4895/4895/4895
f 4893/4893/4893 4897/4897/4897 4896/4896/4896
f 4895/4895/4895 4898/4898/4898 4894/4894/4894
f 4898/4898/4898 4899/4899/4899 4894/4894/4894
f 4898/4898/4898 4900/4900/4900 4899/4899/4899
f 4899/4899/4899 4900/4900/4900 4901/4901/4901
f 4899/4899/4899 4901/4901/4901 4902/4902/4902
f 4902/4902/4902 4901/4901/4901 4903/4903/4903
f 4902/4902/4902 4903/4903/4903 4904/4904/4904
f 4904/4904/4904 4903/4903/4903 4905/4905/4905
f 4904/4904/4904 4905/4905/4905 4906/4906/4906
f 4905/4905/4905 4907/4907/4907 4906/4906/4906
f 4905/4905/4905 4908/4908/4908 4907/4907/4907
f 4909/4909/4909 4908/4908/4908 4905/4905/4905
f 4910/4910/4910 4906/4906/4906 4907/4907/4907
f 4910/4910/4910 4911/4911/4911 4906/4906/4906
f 4910/4910/4910 4912/4912/4912 4911/4911/4911
f 4911/4911/4911 4912/4912/4912 4913/4913/4913
f 4911/4911/4911 4913/4913/4913 4882/4882/4882
f 4913/4913/4913 4914/4914/4914 4882/4882/4882
f 4914/4914/4914 4880/4880/4880 4882/4882/4882
f 4914/4914/4914 4915/4915/4915 4880/4880/4880
f 4915/4915/4915 4916/4916/4916 4880/4880/4880
f 4917/4917/4917 4918/4918/4918 4919/4919/4919
f 4920/4920/4920 4918/4918/4918 4917/4917/4917
f 4917/4917/4917 4919/4919/4919 4921/4921/4921
f 4920/4920/4920 4922/4922/4922 4918/4918/4918
f 4921/4921/4921 4919/4919/4919 4923/4923/4923
f 4924/4924/4924 4922/4922/4922 4920/4920/4920
f 4921/4921/4921 4923/4923/4923 4925/4925/4925
f 4924/4924/4924 4926/4926/4926 4922/4922/4922
f 4925/4925/4925 4923/4923/4923 4927/4927/4927
f 4928/4928/4928 4926/4926/4926 4924/4924/4924
f 4925/4925/4925 4927/4927/4927 4929/4929/4929
f 4928/4928/4928 4930/4930/4930 4926/4926/4926
f 4929/4929/4929 4927/4927/4927 4931/4931/4931
f 4929/4929/4929 4931/4931/4931 4932/4932/4932
f 4933/4933/4933 4930/4930/4930 4928/4928/4928
f 4933/4933/4933 4934/4934/4934 4930/4930/4930
f 4935/4935/4935 4936/4936/4936 4937/4937/4937
f 4938/4938/4938 4936/4936/4936 4935/4935/4935
f 4935/4935/4935 4937/4937/4937 4939/4939/4939
f 4938/4938/4938 4940/4940/4940 4936/4936/4936
f 4941/4941/4941 4940/4940/4940 4938/4938/4938
f 4941/4941/4941 4942/4942/4942 4940/4940/4940
f 4939/4939/4939 4937/4937/4937 4943/4943/4943
f 4939/4939/4939 4943/4943/4943 4944/4944/4944
f 4944/4944/4944 4943/4943/4943 4945/4945/4945
f 4944/4944/4944 4945/4945/4945 4946/4946/4946
f 4946/4946/4946 4945/4945/4945 4947/4947/4947
f 4946/4946/4946 4947/4947/4947 4948/4948/4948
f 4948/4948/4948 4947/4947/4947 4949/4949/4949
f 4948/4948/4948 4949/4949/4949 4950/4950/4950
f 4950/4950/4950 4949/4949/4949 4951/4951/4951
f 4950/4950/4950 4951/4951/4951 4952/4952/4952
f 4953/4953/4953 4954/4954/4954 4955/4955/4955
f 4956/4956/4956 4954/4954/4954 4953/4953/4953
f 4953/4953/4953 4955/4955/4955 4957/4957/4957
f 4956/4956/4956 4958/4958/4958 4954/4954/4954
f 4957/4957/4957 4955/4955/4955 4959/4959/4959
f 4960/4960/4960 4958/4958/4958 4956/4956/4956
f 4957/4957/4957 4959/4959/4959 4961/4961/4961
f 4960/4960/4960 4962/4962/4962 4958/4958/4958
f 4961/4961/4961 4959/4959/4959 4963/4963/4963
f 4964/4964/4964 4962/4962/4962 4960/4960/4960
f 4961/4961/4961 4963/4963/4963 4965/4965/4965
f 4964/4964/4964 4966/4966/4966 4962/4962/4962
f 4965/4965/4965 4963/4963/4963 4967/4967/4967
f 4965/4965/4965 4967/4967/4967 4968/4968/4968
f 4969/4969/4969 4966/4966/4966 4964/4964/4964
f 4969/4969/4969 4970/4970/4970 4966/4966/4966
f 4971/4971/4971 4972/4972/4972 4973/4973/4973
f 4974/4974/4974 4972/4972/4972 4971/4971/4971
f 4971/4971/4971 4973/4973/4973 4975/4975/4975
f 4974/4974/4974 4976/4976/4976 4972/4972/4972
f 4977/4977/4977 4976/4976/4976 4974/4974/4974
f 4977/4977/4977 4978/4978/4978 4976/4976/4976
f 4975/4975/4975 4973/4973/4973 4979/4979/4979
f 4975/4975/4975 4979/4979/4979 4980/4980/4980
f 4980/4980/4980 4979/4979/4979 4981/4981/4981
f 4980/4980/4980 4981/4981/4981 4982/4982/4982
f 4982/4982/4982 4981/4981/4981 4983/4983/4983
f 4982/4982/4982 4983/4983/4983 4984/4984/4984
f 4984/4984/4984 4983/4983/4983 4985/4985/4985
f 4984/4984/4984 4985/4985/4985 4986/4986/4986
f 4987/4987/4987 4988/4988/4988 4989/4989/4989
f 4987/4987/4987 4989/4989/4989 4990/4990/4990
f 4991/4991/4991 4992/4992/4992 4993/4993/4993
f 4991/4991/4991 4993/4993/4993 4994/4994/4994
f 4992/4992/4992 4995/4995/4995 4993/4993/4993
f 4992/4992/4992 4996/4996/4996 4995/4995/4995
f 4995/4995/4995 4996/4996/4996 4997/4997/4997
f 4995/4995/4995 4997/4997/4997 4998/4998/4998
f 4998/4998/4998 4997/4997/4997 4999/4999/4999
f 4998/4998/4998 4999/4999/4999 5000/5000/5000
f 5000/5000/5000 4999/4999/4999 5001/5001/5001
f 5002/5002/5002 4991/4991/4991 4994/4994/4994
f 5000/5000/5000 5001/5001/5001 5003/5003/5003
f 5002/5002/5002 4994/4994/4994 5004/5004/5004
f 5001/5001/5001 5005/5005/5005 5003/5003/5003
f 5001/5001/5001 5006/5006/5006 5005/5005/5005
f 5007/5007/5007 5006/5006/5006 5001/5001/5001
f 5003/5003/5003 5005/5005/5005 5008/5008/5008
f 5003/5003/5003 5008/5008/5008 5009/5009/5009
f 5008/5008/5008 5010/5010/5010 5009/5009/5009
f 5011/5011/5011 5009/5009/5009 5010/5010/5010
f 5011/5011/5011 5012/5012/5012 5009/5009/5009
f 5012/5012/5012 5011/5011/5011 5013/5013/5013
f 5012/5012/5012 5013/5013/5013 5014/5014/5014
f 5014/5014/5014 5013/5013/5013 5015/5015/5015
f 5014/5014/5014 5015/5015/5015 5016/5016/5016
f 5015/5015/5015 5017/5017/5017 5016/5016/5016
f 5015/5015/5015 5018/5018/5018 5017/5017/5017
f 5015/5015/5015 5019/5019/5019 5018/5018/5018
f 5017/5017/5017 5020/5020/5020 5016/5016/5016
f 5020/5020/5020 5021/5021/5021 5016/5016/5016
f 5020/5020/5020 5022/5022/5022 5021/5021/5021
f 5021/5021/5021 5022/5022/5022 5023/5023/5023
f 5021/5021/5021 5023/5023/5023 5024/5024/5024
f 5024/5024/5024 5023/5023/5023 5025/5025/5025
f 5024/5024/5024 5025/5025/5025 5026/5026/5026
f 5026/5026/5026 5025/5025/5025 5027/5027/5027
f 5026/5026/5026 5027/5027/5027 5028/5028/5028
f 5027/5027/5027 5029/5029/5029 5028/5028/5028
f 5027/5027/5027 5030/5030/5030 5029/5029/5029
f 5031/5031/5031 5030/5030/5030 5027/5027/5027
f 5032/5032/5032 5028/5028/5028 5029/5029/5029
f 5032/5032/5032 5033/5033/5033 5028/5028/5028
f 5032/5032/5032 5034/5034/5034 5033/5033/5033
f 5033/5033/5033 5034/5034/5034 5035/5035/5035
f 5033/5033/5033 5035/5035/5035 5004/5004/5004
f 5035/5035/5035 5036/5036/5036 5004/5004/5004
f 5036/5036/5036 5002/5002/5002 5004/5004/5004
f 5036/5036/5036 5037/5037/5037 5002/5002/5002
f 5037/5037/5037 5038/5038/5038 5002/5002/5002
