# Crytek Sponza via Khronos glTF-Sample-Assets; floor at y=0
v -10.866554 6.723990 -0.081292
v -10.905470 6.674366 -0.058219
v -10.905470 6.717354 -0.112678
v -10.863585 6.710677 -0.029648
v -10.905470 6.665893 -0.001201
v -10.783966 6.796803 -0.056584
v -10.863791 6.707103 -0.001201
v -10.820398 6.812824 -0.091703
v -10.844271 6.825886 -0.127930
v -10.802830 6.885473 -0.094545
v -10.880810 6.738493 -0.162036
v -10.762259 6.799435 -0.001201
v -10.905468 6.712746 -0.180488
v -10.760240 6.894044 -0.033824
v -10.837390 6.987964 -0.025746
v -10.783966 6.796956 0.054183
v -10.757351 6.901145 -0.001201
v -10.760240 6.894044 0.031421
v -10.833314 6.985496 -0.001201
v -10.837390 6.987964 0.023344
v -10.835603 7.014574 -0.001201
v -10.802830 6.885544 0.092143
v -10.823980 7.019630 0.040788
v -10.847798 6.991873 0.083548
v -10.820398 6.813032 0.089300
v -10.863585 6.710886 0.027247
v -10.866554 6.724294 0.078889
v -10.844271 6.826154 0.125528
v -10.905470 6.674663 0.055816
v -10.905470 6.717723 0.110276
v -10.905468 5.285131 0.065507
v -10.880810 6.738949 0.159634
v -10.830668 6.908020 0.129604
v -10.798154 6.889112 0.174344
v -10.905468 5.289615 0.118228
v -10.905468 5.329501 0.228650
v -10.905468 6.713257 0.178086
v -10.765580 6.821939 0.202409
v -10.759052 6.744727 0.232111
v -10.905468 6.634276 0.276288
v -10.866460 5.315101 0.240343
v -10.834228 6.834639 0.238917
v -10.905470 5.422608 0.334557
v -10.785853 6.870267 0.202794
v -10.828709 6.772789 0.300089
v -10.868740 5.402117 0.347685
v -10.905470 5.500993 0.432826
v -10.751576 6.669317 0.296406
v -10.905468 6.622505 0.391403
v -10.863515 5.483882 0.448348
v -10.748630 6.646434 0.382355
v -10.905470 5.580723 0.508697
v -10.905468 6.625851 0.447504
v -10.827527 6.748685 0.393956
v -10.752166 6.661623 0.455510
v -10.905470 5.686058 0.571456
v -10.837150 6.635340 0.472493
v -10.784293 6.733782 0.521212
v -10.854195 6.569168 0.503133
v -10.753710 6.740771 0.509024
v -10.810353 6.810928 0.438672
v -10.864175 6.665814 0.567993
v -10.905468 6.565236 0.489020
v -10.879843 6.483809 0.543676
v -10.799429 6.844574 0.499856
v -10.897681 6.557428 0.613553
v -10.870382 6.775296 0.575644
v -10.833310 6.844262 0.514185
v -10.845048 6.907926 0.453606
v -10.907371 6.798079 0.692839
v -10.804248 6.900619 0.448187
v -10.785582 6.857554 0.409914
v -10.897779 6.871307 0.556181
v -10.833898 6.927424 0.373435
v -10.880449 6.927262 0.528442
v -10.899222 6.842391 0.625484
v -10.791527 6.923969 0.373788
v -10.786431 6.865076 0.365655
v -10.781865 6.916216 0.310924
v -10.793486 6.833424 0.347652
v -10.789226 6.855779 0.282643
v -10.829759 6.920761 0.313735
v -10.799896 6.770317 0.385224
v -10.797396 6.785930 0.319843
v -10.849443 6.871975 0.267864
v -10.832714 6.867556 0.223729
v -10.856183 6.922537 0.244463
v -10.835064 6.886261 0.206022
v -10.851275 6.901081 0.232444
v -10.811070 6.912594 0.218515
v -10.818296 6.942065 0.200616
v -10.844482 6.921745 0.229682
v -10.813214 6.941011 0.228355
v -10.873019 6.978338 0.163464
v -10.913062 7.000227 0.165900
v -10.913044 7.014166 0.192841
v -10.913052 7.016005 0.138507
v -10.820701 6.980190 0.267099
v -10.913011 7.034558 0.241120
v -10.855459 7.002181 0.099936
v -10.913048 7.021705 0.108056
v -10.913031 7.043920 0.084383
v -10.912990 7.033448 0.307970
v -10.873847 6.962707 0.281189
v -10.810416 6.995874 0.326616
v -10.912974 7.012741 0.390770
v -10.851537 6.980108 0.336428
v -10.808738 6.983173 0.394119
v -10.912994 6.988149 0.462035
v -10.844445 6.973727 0.393518
v -10.808912 6.969348 0.450952
v -10.811753 6.956875 0.501470
v -10.844828 6.959265 0.448686
v -10.913007 6.967235 0.516340
v -10.796751 6.946327 0.485321
v -10.869736 6.931865 0.489518
v -10.806332 6.922681 0.506134
v -10.792468 6.931907 0.548663
v -10.797476 6.925373 0.528654
v -10.913007 6.959886 0.550430
v -10.818509 6.899701 0.562423
v -10.876507 6.909671 0.562730
v -10.789628 6.900953 0.571471
v -10.800710 6.929926 0.579596
v -10.913011 6.947610 0.582679
v -10.831548 6.871074 0.600558
v -10.891197 6.885686 0.595439
v -10.798080 6.902752 0.607844
v -10.884261 6.886303 0.629629
v -10.835193 6.876139 0.628740
v -10.814746 6.926312 0.608008
v -10.815789 6.929155 0.616458
v -10.913001 6.939490 0.629792
v -10.807134 6.911305 0.637139
v -10.913000 6.923241 0.668241
v -10.829914 6.895464 0.643615
v -10.848929 6.897225 0.649387
v -10.798761 6.897112 0.656522
v -10.842929 6.864594 0.682552
v -10.804751 6.899843 0.702905
v -10.800683 6.859710 0.689005
v -10.863750 6.818732 0.711275
v -10.884802 6.772347 0.723677
v -10.817289 6.807566 0.714679
v -10.790339 6.855666 0.728754
v -10.841679 6.752749 0.727727
v -10.787291 6.780745 0.755252
v -10.793003 6.839424 0.760593
v -10.905697 6.739821 0.731838
v -10.861697 6.715615 0.746604
v -10.829494 6.707630 0.777268
v -10.785384 6.758782 0.788318
v -10.879732 6.677630 0.774560
v -10.902636 6.681948 0.772185
v -10.829869 6.693719 0.808018
v -10.886570 6.655738 0.794556
v -10.886830 6.587643 0.786694
v -10.876808 6.659594 0.808167
v -10.886166 6.636594 0.812293
v -10.867757 6.611955 0.823365
v -10.885861 6.517103 0.759770
v -10.845070 6.700646 0.819957
v -10.869794 6.562029 0.800657
v -10.899140 6.452875 0.675160
v -10.814794 6.579522 0.833322
v -10.875529 6.502349 0.776995
v -10.819353 6.540207 0.812838
v -10.884796 6.430742 0.744449
v -10.831144 6.488112 0.794500
v -10.878724 6.423507 0.762866
v -10.878158 6.354110 0.735122
v -10.869904 6.357762 0.756526
v -10.837263 6.417090 0.779498
v -10.851435 6.416386 0.842917
v -10.847082 6.354592 0.774235
v -10.826443 6.490499 0.846839
v -10.820410 6.547935 0.867082
v -10.832568 6.319559 0.755037
v -10.844263 6.336310 0.811252
v -10.817474 6.603274 0.855548
v -10.816740 6.563315 0.888300
v -10.860402 6.643868 0.847031
v -10.813613 6.608900 0.883264
v -10.861845 6.658728 0.877053
v -10.817546 6.605849 0.906338
v -10.845656 6.536887 0.886283
v -10.854173 6.493836 0.859852
v -10.814312 6.507091 0.903862
v -10.849910 6.486169 0.874112
v -10.889294 6.421203 0.852818
v -10.861341 6.308923 0.848569
v -10.882824 6.408641 0.884013
v -10.818140 6.304613 0.803972
v -10.891185 6.301821 0.859252
v -10.887669 6.336083 0.912848
v -10.813539 6.266440 0.846656
v -10.811380 6.222678 0.762206
v -10.865808 6.242747 0.899332
v -10.805630 6.227894 0.798042
v -10.806205 6.200039 0.831216
v -10.856740 6.161813 0.775425
v -10.807459 6.190382 0.881864
v -10.801687 6.146110 0.856562
v -10.860867 6.081360 0.923217
v -10.827439 6.045736 0.908528
v -10.885759 6.103968 0.817153
v -10.815111 6.027951 0.868532
v -10.825855 5.871425 0.899003
v -10.858228 6.261024 0.942256
v -10.913041 6.132340 0.978552
v -10.913060 5.989340 0.962129
v -10.913041 6.268181 0.976528
v -10.913076 5.867998 0.923846
v -10.872291 6.304489 0.945301
v -10.913091 5.682934 0.859016
v -10.913035 6.317702 0.978198
v -10.778820 5.680946 0.808083
v -10.800943 6.346250 0.968612
v -10.913101 5.529252 0.782979
v -10.913000 6.379226 0.995165
v -10.810384 6.329471 0.939149
v -10.812541 6.361039 0.911780
v -10.794855 6.410302 0.936824
v -10.802357 6.418939 0.891908
v -10.786455 6.431582 0.908464
v -10.804959 6.478108 0.884517
v -10.807820 6.469681 0.926184
v -10.790361 6.419970 0.950497
v -10.800019 6.394808 0.983013
v -10.806576 6.450906 0.982024
v -10.912968 6.461083 0.990104
v -10.799251 6.467144 0.950636
v -10.817080 6.517490 0.961825
v -10.912951 6.530053 0.970159
v -10.810765 6.517627 0.934939
v -10.811835 6.562793 0.940709
v -10.912947 6.578097 0.951306
v -10.809025 6.553658 0.913835
v -10.858058 6.595112 0.936204
v -10.912929 6.597700 0.957684
v -10.882716 6.626240 0.925142
v -10.854005 6.613218 0.944264
v -10.866113 6.646528 0.898460
v -10.876007 6.626537 0.938960
v -10.859349 6.656171 0.913206
v -10.844740 6.641090 0.963275
v -10.912898 6.628007 0.977680
v -10.912878 6.694175 0.979455
v -10.845800 6.650610 0.952357
v -10.846789 6.694170 0.965997
v -10.912873 6.730229 0.969828
v -10.856457 6.657260 0.943471
v -10.842841 6.699117 0.948741
v -10.841013 6.728570 0.949265
v -10.848166 6.762216 0.933484
v -10.839001 6.735475 0.932895
v -10.912898 6.738625 0.925536
v -10.912906 6.697145 0.937777
v -10.912892 6.766030 0.920844
v -10.912871 6.779720 0.951519
v -10.912890 6.795197 0.907787
v -10.912894 6.784307 0.907318
v -10.912878 6.809640 0.920124
v -10.855585 6.678837 0.913411
v -10.912931 6.693919 0.910544
v -10.841962 6.712276 0.899486
v -10.912925 6.717343 0.904133
v -10.912933 6.755840 0.878956
v -10.829130 6.650791 0.900851
v -10.829677 6.751460 0.874072
v -10.912947 6.793744 0.843533
v -10.817259 6.698068 0.887045
v -10.804320 6.675707 0.874900
v -10.831320 6.728411 0.845880
v -10.789048 6.730237 0.841369
v -10.807078 6.740460 0.864958
v -10.816168 6.791464 0.835059
v -10.810353 6.731822 0.812088
v -10.828929 6.776411 0.813432
v -10.800337 6.797267 0.791765
v -10.808017 6.798816 0.805802
v -10.787884 6.810754 0.789904
v -10.798703 6.819245 0.798226
v -10.780798 6.849261 0.763601
v -10.826648 6.823865 0.806582
v -10.912955 6.830083 0.813334
v -10.912959 6.871810 0.785857
v -10.812625 6.844066 0.795316
v -10.827759 6.873359 0.781382
v -10.912976 6.917658 0.719992
v -10.783341 6.860061 0.773659
v -10.825781 6.913904 0.714056
v -10.912992 6.927468 0.678188
v -10.807287 6.909076 0.706941
v -10.759050 6.744128 -0.234512
v -10.765580 6.821497 -0.204812
v -10.905468 6.633544 -0.278690
v -10.798154 6.888854 -0.176745
v -10.905468 5.329752 -0.231052
v -10.834228 6.834136 -0.241319
v -10.905468 5.289615 -0.120630
v -10.905468 5.285131 -0.067909
v -10.866460 5.315349 -0.242745
v -10.905468 5.275897 -0.001201
v -10.860970 5.251316 -0.116362
v -10.745205 5.241318 -0.041208
v -10.789498 5.222754 -0.089735
v -10.741093 5.234860 -0.001201
v -10.745205 5.241318 0.038806
v -10.759822 5.205816 -0.038756
v -10.762054 5.198818 -0.001201
v -10.759822 5.205816 0.036353
v -10.789498 5.222754 0.087332
v -10.860970 5.251316 0.113960
v -10.783750 5.170257 -0.001201
v -10.774777 5.187031 0.061356
v -10.779718 5.175128 0.108592
v -10.733199 5.101734 0.043318
v -10.857527 5.145302 0.217174
v -10.774777 5.187031 -0.063758
v -10.733199 5.101734 -0.045720
v -10.779718 5.175128 -0.110993
v -10.857527 5.145302 -0.219576
v -10.729289 5.096561 -0.114503
v -10.796058 5.051110 -0.001201
v -10.738736 5.042898 -0.115028
v -10.771054 5.025777 -0.050732
v -10.785539 5.042175 -0.196486
v -10.913052 4.997001 -0.140771
v -10.913048 4.989463 -0.090860
v -10.913062 5.018505 -0.218530
v -10.913070 5.033308 -0.242830
v -10.913064 5.043230 -0.275160
v -10.806744 4.978736 -0.039862
v -10.913011 4.967126 -0.065863
v -10.802175 4.990077 -0.001201
v -10.835998 4.964663 -0.001201
v -10.912996 4.955918 -0.001201
v -10.913011 4.967126 0.063460
v -10.806744 4.978736 0.037460
v -10.913048 4.989463 0.088457
v -10.771054 5.025777 0.048329
v -10.913052 4.997001 0.138368
v -10.738736 5.042898 0.112627
v -10.729289 5.096561 0.112100
v -10.785539 5.042175 0.194084
v -10.913062 5.018505 0.216128
v -10.913070 5.033308 0.240428
v -10.913064 5.043230 0.272758
v -10.769140 5.079195 0.273405
v -10.796232 5.146780 0.284732
v -10.834384 5.068623 0.313596
v -10.913068 5.058179 0.314931
v -10.820318 5.101823 0.309076
v -10.871630 5.089558 0.343788
v -10.913087 5.086859 0.346791
v -10.913119 5.124083 0.346367
v -10.913132 5.133422 0.324191
v -10.913134 5.125747 0.293334
v -10.913160 5.211013 0.342551
v -10.807460 5.237663 0.338356
v -10.913156 5.268164 0.406355
v -10.866595 5.257133 0.290482
v -10.803845 5.308718 0.411550
v -10.913146 5.286718 0.472983
v -10.847904 5.347428 0.390529
v -10.784769 5.335128 0.482226
v -10.913128 5.287024 0.512948
v -10.859300 5.407737 0.505453
v -10.771714 5.335859 0.535552
v -10.782904 5.311090 0.564432
v -10.913107 5.268342 0.534978
v -10.913089 5.278028 0.572888
v -10.913085 5.323463 0.637448
v -10.876171 5.362229 0.572824
v -10.777982 5.355276 0.616851
v -10.913089 5.399091 0.701470
v -10.887068 5.403444 0.623336
v -10.783437 5.438661 0.682729
v -10.842359 5.526195 0.573390
v -10.880574 5.468762 0.679540
v -10.793228 5.541101 0.746456
v -10.882007 5.573192 0.732948
v -10.871097 5.575386 0.529728
v -10.883273 5.646928 0.638515
v -10.864890 5.687872 0.596788
v -10.905470 5.813455 0.611697
v -10.874638 5.717999 0.794864
v -10.783896 5.863143 0.857979
v -10.905470 6.480541 0.532627
v -10.888144 5.883030 0.836400
v -10.880691 5.791743 0.686443
v -10.901304 6.022847 0.837577
v -10.883191 5.919948 0.715998
v -10.885087 5.817814 0.633669
v -10.901142 6.058513 0.766999
v -10.905470 5.952552 0.641368
v -10.890351 5.953799 0.658340
v -10.863400 6.010785 0.731325
v -10.905470 6.374816 0.574672
v -10.905468 6.136553 0.641088
v -10.864398 6.082311 0.666411
v -10.892326 6.375637 0.590496
v -10.905468 6.234894 0.636131
v -10.868617 6.324270 0.684811
v -10.839031 6.289267 0.688977
v -10.841103 6.182182 0.659487
v -10.810584 6.203479 0.728875
v -10.807312 6.140615 0.706372
v -10.820812 6.077492 0.706279
v -10.836724 6.096842 0.732554
v -10.837884 6.122489 0.758596
v -10.839843 6.034024 0.732192
v -10.856515 6.055579 0.756052
v -10.830668 6.907911 -0.132005
v -10.847798 6.991873 -0.085951
v -10.873019 6.978334 -0.165867
v -10.823980 7.019630 -0.043190
v -10.822253 7.018357 -0.075992
v -10.794199 7.019019 -0.001201
v -10.855459 7.002181 -0.102338
v -10.789019 7.021532 -0.047740
v -10.817900 7.032541 -0.082376
v -10.769205 7.033607 -0.001201
v -10.913031 7.043920 -0.086784
v -10.913048 7.021705 -0.110458
v -10.913052 7.016005 -0.140908
v -10.913007 7.070522 -0.064572
v -10.913062 7.000227 -0.168303
v -10.787873 7.039528 -0.049325
v -10.913003 7.079965 -0.001201
v -10.787873 7.039528 0.046923
v -10.913007 7.070522 0.062170
v -10.789019 7.021532 0.045338
v -10.817900 7.032541 0.079973
v -10.822253 7.018357 0.073590
v -10.837150 6.634274 -0.474896
v -10.752166 6.660590 -0.457912
v -10.905468 6.624836 -0.449905
v -10.784293 6.732681 -0.523615
v -10.748630 6.645515 -0.384757
v -10.864173 6.664291 -0.570395
v -10.827527 6.747787 -0.396359
v -10.753710 6.739696 -0.511427
v -10.751576 6.668551 -0.298808
v -10.799429 6.843621 -0.502258
v -10.905468 6.621578 -0.393805
v -10.810353 6.810021 -0.441074
v -10.833310 6.843288 -0.516588
v -10.828709 6.772082 -0.302492
v -10.797396 6.785201 -0.322244
v -10.799896 6.769454 -0.387625
v -10.789226 6.855223 -0.285044
v -10.793484 6.832707 -0.350054
v -10.849443 6.871481 -0.270267
v -10.785582 6.856765 -0.412316
v -10.786431 6.864377 -0.368056
v -10.781865 6.915723 -0.313327
v -10.804248 6.899842 -0.450588
v -10.791525 6.923371 -0.376190
v -10.845048 6.907157 -0.456008
v -10.829759 6.920270 -0.316136
v -10.833898 6.926833 -0.375836
v -10.851537 6.979721 -0.338831
v -10.856183 6.922198 -0.246864
v -10.873847 6.962391 -0.283592
v -10.820701 6.979947 -0.269501
v -10.844445 6.973212 -0.395920
v -10.844828 6.958619 -0.451088
v -10.869736 6.931094 -0.491920
v -10.880449 6.926429 -0.530844
v -10.796751 6.945592 -0.487724
v -10.808912 6.968722 -0.453354
v -10.808738 6.982682 -0.396521
v -10.810416 6.995550 -0.329019
v -10.912994 6.987569 -0.464437
v -10.912974 7.012354 -0.393172
v -10.912988 7.033291 -0.310372
v -10.913011 7.034553 -0.243522
v -10.913044 7.014166 -0.195243
v -10.811753 6.956140 -0.503872
v -10.913007 6.966519 -0.518741
v -10.813214 6.940750 -0.230756
v -10.792468 6.931050 -0.551065
v -10.913007 6.959106 -0.552832
v -10.806332 6.921861 -0.508536
v -10.797476 6.924528 -0.531056
v -10.818509 6.898760 -0.564825
v -10.800710 6.929026 -0.581998
v -10.913011 6.946761 -0.585081
v -10.789628 6.900004 -0.573873
v -10.831548 6.870035 -0.602960
v -10.876507 6.908756 -0.565132
v -10.897779 6.870334 -0.558583
v -10.891197 6.884690 -0.597840
v -10.870382 6.774163 -0.578045
v -10.899222 6.841295 -0.627887
v -10.884259 6.885271 -0.632031
v -10.907371 6.796557 -0.695241
v -10.842929 6.863469 -0.684954
v -10.835193 6.875081 -0.631143
v -10.848929 6.896187 -0.651789
v -10.798080 6.901764 -0.610247
v -10.829914 6.894427 -0.646017
v -10.814746 6.925371 -0.610411
v -10.815789 6.928212 -0.618860
v -10.913001 6.938571 -0.632193
v -10.807134 6.910304 -0.639540
v -10.913000 6.922252 -0.670643
v -10.798761 6.896065 -0.658924
v -10.804751 6.898764 -0.705308
v -10.800683 6.858570 -0.691408
v -10.817289 6.806181 -0.717081
v -10.790339 6.854689 -0.731156
v -10.807287 6.908012 -0.709343
v -10.912990 6.926479 -0.680589
v -10.793003 6.840209 -0.762996
v -10.863750 6.817443 -0.713676
v -10.787289 6.781181 -0.757654
v -10.841679 6.752061 -0.730129
v -10.884802 6.772068 -0.726079
v -10.905697 6.739053 -0.734240
v -10.829494 6.706969 -0.779669
v -10.861697 6.714586 -0.749007
v -10.785382 6.759437 -0.790720
v -10.879732 6.676429 -0.776963
v -10.902636 6.680816 -0.774588
v -10.829869 6.693353 -0.810420
v -10.886570 6.654501 -0.796958
v -10.876808 6.658623 -0.810568
v -10.886830 6.585611 -0.789096
v -10.886166 6.635322 -0.814696
v -10.867755 6.610475 -0.825767
v -10.897681 6.554780 -0.615955
v -10.845070 6.700692 -0.822360
v -10.810353 6.732394 -0.814490
v -10.800337 6.799043 -0.794168
v -10.860402 6.643202 -0.849432
v -10.861845 6.658860 -0.879456
v -10.831318 6.729666 -0.848282
v -10.828929 6.778225 -0.815834
v -10.789048 6.731347 -0.843772
v -10.808017 6.801006 -0.808204
v -10.798703 6.821776 -0.800628
v -10.787884 6.812807 -0.792307
v -10.780798 6.849256 -0.766004
v -10.783341 6.860284 -0.776060
v -10.812625 6.847235 -0.797719
v -10.825781 6.912846 -0.716459
v -10.912976 6.916619 -0.722393
v -10.827759 6.873382 -0.783784
v -10.912959 6.873536 -0.788259
v -10.826648 6.826809 -0.808984
v -10.912955 6.833449 -0.815736
v -10.912947 6.796836 -0.845936
v -10.816166 6.794196 -0.837461
v -10.829677 6.753979 -0.876474
v -10.912933 6.758641 -0.881358
v -10.807076 6.742411 -0.867360
v -10.841962 6.714203 -0.901888
v -10.912925 6.719528 -0.906536
v -10.817259 6.699313 -0.889448
v -10.855585 6.680091 -0.915812
v -10.804320 6.676121 -0.877303
v -10.829130 6.651087 -0.903253
v -10.859349 6.656827 -0.915608
v -10.866113 6.646723 -0.900861
v -10.813613 6.608070 -0.885667
v -10.882714 6.626366 -0.927544
v -10.817474 6.602015 -0.857950
v -10.817546 6.605265 -0.908740
v -10.816740 6.561977 -0.890703
v -10.814794 6.577784 -0.835724
v -10.858058 6.594726 -0.938607
v -10.869794 6.560035 -0.803059
v -10.820410 6.546346 -0.869484
v -10.819353 6.538280 -0.815240
v -10.885859 6.515250 -0.762172
v -10.875529 6.500718 -0.779397
v -10.826443 6.489106 -0.849240
v -10.899140 6.452427 -0.677563
v -10.884796 6.430688 -0.746852
v -10.831144 6.486695 -0.796903
v -10.878724 6.423588 -0.765268
v -10.878158 6.356420 -0.737524
v -10.837263 6.417304 -0.781900
v -10.851435 6.416369 -0.845320
v -10.869904 6.359834 -0.758928
v -10.847082 6.356681 -0.776636
v -10.832566 6.322931 -0.757440
v -10.844261 6.338705 -0.813655
v -10.854173 6.492442 -0.862253
v -10.889293 6.421021 -0.855220
v -10.845656 6.535424 -0.888685
v -10.849910 6.484877 -0.876514
v -10.814312 6.505714 -0.906264
v -10.809025 6.552452 -0.916236
v -10.811834 6.561908 -0.943112
v -10.810765 6.516371 -0.937341
v -10.807820 6.468601 -0.928586
v -10.804959 6.476911 -0.886919
v -10.786455 6.431064 -0.910866
v -10.802357 6.418709 -0.894310
v -10.794855 6.410064 -0.939225
v -10.882824 6.408611 -0.886416
v -10.812541 6.362012 -0.914182
v -10.887669 6.337573 -0.915250
v -10.810384 6.330999 -0.941552
v -10.800943 6.347124 -0.971015
v -10.872291 6.306489 -0.947704
v -10.891185 6.304732 -0.861653
v -10.865808 6.246938 -0.901734
v -10.861339 6.311791 -0.850972
v -10.813539 6.270672 -0.849058
v -10.818138 6.308088 -0.806374
v -10.805630 6.233822 -0.800444
v -10.811380 6.229121 -0.764608
v -10.806205 6.206402 -0.833619
v -10.856738 6.169773 -0.777828
v -10.807459 6.196359 -0.884267
v -10.801685 6.153606 -0.858964
v -10.860867 6.089233 -0.925619
v -10.885759 6.112787 -0.819555
v -10.827439 6.054661 -0.910930
v -10.815111 6.037850 -0.870934
v -10.825855 5.882818 -0.901404
v -10.858228 6.264207 -0.944657
v -10.913041 6.138054 -0.980954
v -10.913041 6.270656 -0.978929
v -10.913060 5.998105 -0.964532
v -10.913035 6.318989 -0.980600
v -10.913076 5.878755 -0.926248
v -10.913089 5.694028 -0.861417
v -10.913000 6.379133 -0.997568
v -10.778820 5.692774 -0.810485
v -10.800019 6.394608 -0.985415
v -10.913101 5.536110 -0.785380
v -10.806576 6.449969 -0.984427
v -10.912968 6.460055 -0.992506
v -10.790361 6.419510 -0.952899
v -10.799251 6.466092 -0.953038
v -10.817080 6.516359 -0.964227
v -10.912949 6.529073 -0.972561
v -10.912945 6.577578 -0.953708
v -10.912929 6.597603 -0.960087
v -10.854005 6.613287 -0.946667
v -10.876007 6.626850 -0.941362
v -10.844740 6.642076 -0.965677
v -10.912898 6.628831 -0.980083
v -10.912876 6.696956 -0.981856
v -10.845800 6.651703 -0.954760
v -10.846789 6.696752 -0.968400
v -10.912873 6.734023 -0.972230
v -10.856455 6.658409 -0.945873
v -10.842841 6.701562 -0.951144
v -10.912906 6.699345 -0.940179
v -10.912931 6.695548 -0.912946
v -10.912898 6.741871 -0.927938
v -10.841013 6.731948 -0.951668
v -10.839000 6.738759 -0.935297
v -10.848164 6.766371 -0.935886
v -10.912892 6.770041 -0.923246
v -10.912871 6.784799 -0.953920
v -10.912890 6.799840 -0.910189
v -10.912894 6.788599 -0.909720
v -10.912876 6.815010 -0.922526
v -10.832714 6.867144 -0.226132
v -10.785853 6.869907 -0.205196
v -10.851273 6.900720 -0.234846
v -10.835064 6.885925 -0.208424
v -10.844482 6.921436 -0.232084
v -10.811070 6.912287 -0.220917
v -10.818296 6.941870 -0.203017
v -10.868617 6.327900 -0.687212
v -10.892324 6.377950 -0.592898
v -10.839031 6.294113 -0.691380
v -10.879843 6.482878 -0.546077
v -10.905468 6.241691 -0.638532
v -10.810582 6.210819 -0.731276
v -10.841103 6.190632 -0.661889
v -10.836724 6.106943 -0.734956
v -10.807312 6.149937 -0.708774
v -10.864398 6.093194 -0.668813
v -10.905468 6.146145 -0.643489
v -10.905470 6.377209 -0.577073
v -10.820812 6.088303 -0.708680
v -10.839843 6.045420 -0.734593
v -10.863400 6.022515 -0.733727
v -10.890349 5.966707 -0.660742
v -10.905470 5.965470 -0.643770
v -10.905470 6.479754 -0.535029
v -10.885087 5.831311 -0.636071
v -10.905470 5.826813 -0.614100
v -10.905468 6.565357 -0.491422
v -10.854195 6.569136 -0.505536
v -10.905470 5.697310 -0.573858
v -10.864890 5.699626 -0.599190
v -10.905470 5.586441 -0.511100
v -10.871097 5.581582 -0.532129
v -10.880691 5.805054 -0.688845
v -10.905470 5.501959 -0.435228
v -10.863515 5.484871 -0.450750
v -10.905470 5.423296 -0.336960
v -10.868740 5.402804 -0.350087
v -10.842359 5.530327 -0.575792
v -10.847904 5.348088 -0.392932
v -10.883273 5.657814 -0.640916
v -10.859300 5.408722 -0.507856
v -10.882007 5.582030 -0.735350
v -10.874638 5.730199 -0.797266
v -10.880574 5.470810 -0.681942
v -10.888144 5.894981 -0.838802
v -10.887068 5.404572 -0.625739
v -10.793228 5.548796 -0.748858
v -10.783896 5.875224 -0.860380
v -10.783437 5.439915 -0.685132
v -10.913089 5.400280 -0.703872
v -10.777982 5.356315 -0.619253
v -10.913085 5.324434 -0.639850
v -10.782904 5.311955 -0.566834
v -10.913087 5.278795 -0.575291
v -10.913107 5.269024 -0.537380
v -10.913128 5.287727 -0.515351
v -10.876171 5.363222 -0.575227
v -10.771714 5.336743 -0.537955
v -10.784769 5.335928 -0.484628
v -10.913146 5.287354 -0.475385
v -10.803845 5.309322 -0.413952
v -10.913156 5.268622 -0.408757
v -10.807460 5.237900 -0.340758
v -10.913160 5.211148 -0.344953
v -10.796232 5.146780 -0.287135
v -10.866595 5.257324 -0.292884
v -10.913134 5.125747 -0.295736
v -10.820318 5.101823 -0.311478
v -10.913132 5.133422 -0.326592
v -10.769140 5.079195 -0.275808
v -10.913119 5.124083 -0.348769
v -10.834384 5.068623 -0.315998
v -10.913068 5.058179 -0.317332
v -10.871630 5.089558 -0.346189
v -10.913087 5.086859 -0.349193
v -10.901142 6.068851 -0.769400
v -10.837884 6.131706 -0.760997
v -10.856515 6.066273 -0.758454
v -10.901304 6.032989 -0.839979
v -10.883189 5.932851 -0.718400
v -10.855585 6.680091 -0.915812
v -10.912931 6.695548 -0.912946
v -10.912925 6.719528 -0.906536
v -10.855585 6.678837 0.913411
v -10.912925 6.717343 0.904133
v -10.912931 6.693919 0.910544
v 10.837598 3.106161 0.102261
v 10.876514 3.056539 0.079188
v 10.876514 3.099526 0.133648
v 10.834629 3.092848 0.050618
v 10.876514 3.048064 0.022171
v 10.755011 3.178974 0.077555
v 10.834834 3.089275 0.022171
v 10.791442 3.194995 0.112672
v 10.815315 3.208057 0.148900
v 10.773874 3.267644 0.115515
v 10.851854 3.120664 0.183006
v 10.733302 3.181607 0.022171
v 10.876513 3.094917 0.201458
v 10.731285 3.276214 0.054793
v 10.808435 3.370134 0.046716
v 10.755011 3.179127 -0.033213
v 10.728395 3.283316 0.022171
v 10.731285 3.276214 -0.010452
v 10.804357 3.367668 0.022171
v 10.808435 3.370134 -0.002374
v 10.806648 3.396745 0.022171
v 10.773874 3.267714 -0.071173
v 10.795024 3.401801 -0.019818
v 10.818841 3.374044 -0.062579
v 10.791442 3.195203 -0.068331
v 10.834629 3.093057 -0.006277
v 10.837598 3.106466 -0.057920
v 10.815315 3.208325 -0.104559
v 10.876514 3.056834 -0.034847
v 10.876514 3.099895 -0.089306
v 10.876513 1.667302 -0.044537
v 10.851854 3.121120 -0.138664
v 10.801711 3.290191 -0.108634
v 10.769197 3.271283 -0.153373
v 10.876513 1.671786 -0.097258
v 10.876513 1.711672 -0.207680
v 10.876513 3.095429 -0.157116
v 10.736623 3.204110 -0.181440
v 10.730095 3.126897 -0.211141
v 10.876512 3.016448 -0.255319
v 10.837503 1.697272 -0.219373
v 10.805273 3.216810 -0.217948
v 10.876513 1.804779 -0.313588
v 10.756896 3.252439 -0.181824
v 10.799751 3.154960 -0.279120
v 10.839783 1.784289 -0.326715
v 10.876513 1.883164 -0.411856
v 10.722620 3.051488 -0.275436
v 10.876512 3.004676 -0.370433
v 10.834560 1.866053 -0.427378
v 10.719674 3.028605 -0.361385
v 10.876513 1.962894 -0.487728
v 10.876512 3.008022 -0.426534
v 10.798571 3.130857 -0.372987
v 10.723209 3.043794 -0.434540
v 10.876514 2.068229 -0.550486
v 10.808193 3.017511 -0.451524
v 10.755335 3.115954 -0.500243
v 10.825238 2.951338 -0.482164
v 10.724754 3.122942 -0.488055
v 10.781396 3.193098 -0.417702
v 10.835218 3.047986 -0.547024
v 10.876512 2.947408 -0.468051
v 10.850887 2.865981 -0.522705
v 10.770473 3.226746 -0.478886
v 10.868726 2.939599 -0.592584
v 10.841425 3.157467 -0.554673
v 10.804354 3.226433 -0.493216
v 10.816093 3.290097 -0.432636
v 10.878416 3.180251 -0.671869
v 10.775292 3.282790 -0.427217
v 10.756626 3.239726 -0.388944
v 10.868824 3.253478 -0.535211
v 10.804941 3.309595 -0.352465
v 10.851493 3.309434 -0.507472
v 10.870267 3.224562 -0.604515
v 10.762570 3.306141 -0.352819
v 10.757474 3.247247 -0.344685
v 10.752909 3.298387 -0.289955
v 10.764529 3.215595 -0.326682
v 10.760271 3.237950 -0.261673
v 10.800803 3.302931 -0.292765
v 10.770941 3.152489 -0.364254
v 10.768441 3.168101 -0.298873
v 10.820487 3.254147 -0.246895
v 10.803758 3.249727 -0.202760
v 10.827226 3.304708 -0.223493
v 10.806109 3.268432 -0.185052
v 10.822318 3.283253 -0.211475
v 10.782113 3.294766 -0.197545
v 10.789341 3.324235 -0.179645
v 10.815526 3.303917 -0.208712
v 10.784259 3.323182 -0.207385
v 10.844064 3.360509 -0.142495
v 10.883015 3.382399 -0.144931
v 10.883002 3.396338 -0.171871
v 10.883007 3.398177 -0.117536
v 10.791744 3.362362 -0.246129
v 10.882979 3.416730 -0.220150
v 10.826502 3.384353 -0.078966
v 10.883005 3.403877 -0.087086
v 10.882993 3.426092 -0.063412
v 10.882962 3.415619 -0.287000
v 10.844891 3.344878 -0.260220
v 10.781459 3.378046 -0.305647
v 10.882952 3.394913 -0.369800
v 10.822582 3.362279 -0.315459
v 10.779781 3.365344 -0.373149
v 10.882966 3.370320 -0.441065
v 10.815489 3.355898 -0.372548
v 10.779956 3.351519 -0.429982
v 10.782796 3.339046 -0.480500
v 10.815873 3.341436 -0.427716
v 10.882976 3.349406 -0.495369
v 10.767795 3.328499 -0.464352
v 10.840780 3.314035 -0.468548
v 10.777375 3.304852 -0.485164
v 10.763512 3.314078 -0.527693
v 10.768520 3.307544 -0.507684
v 10.882976 3.342058 -0.529460
v 10.789552 3.281873 -0.541453
v 10.847550 3.291842 -0.541760
v 10.760672 3.283124 -0.550501
v 10.771754 3.312097 -0.558626
v 10.882978 3.329782 -0.561709
v 10.802591 3.253245 -0.579588
v 10.862240 3.267857 -0.574469
v 10.769125 3.284923 -0.586875
v 10.855304 3.268474 -0.608659
v 10.806237 3.258311 -0.607771
v 10.785789 3.308483 -0.587039
v 10.786832 3.311326 -0.595488
v 10.882972 3.321661 -0.608821
v 10.778178 3.293476 -0.616169
v 10.882970 3.305412 -0.647271
v 10.800958 3.277636 -0.622645
v 10.819972 3.279396 -0.628417
v 10.769805 3.279283 -0.635552
v 10.813973 3.246765 -0.661582
v 10.775794 3.282014 -0.681936
v 10.771726 3.241881 -0.668036
v 10.834793 3.200902 -0.690305
v 10.855846 3.154519 -0.702708
v 10.788333 3.189737 -0.693709
v 10.761383 3.237837 -0.707784
v 10.812722 3.134920 -0.706757
v 10.758334 3.162916 -0.734283
v 10.764047 3.221595 -0.739624
v 10.876741 3.121992 -0.710868
v 10.832741 3.097786 -0.725635
v 10.800538 3.089801 -0.756298
v 10.756427 3.140954 -0.767348
v 10.850777 3.059801 -0.753591
v 10.873679 3.064119 -0.751216
v 10.800914 3.075890 -0.787048
v 10.857613 3.037909 -0.773586
v 10.857873 2.969814 -0.765724
v 10.847852 3.041767 -0.787197
v 10.857209 3.018765 -0.791324
v 10.838800 2.994126 -0.802396
v 10.856904 2.899274 -0.738800
v 10.816113 3.082817 -0.798988
v 10.840838 2.944200 -0.779687
v 10.870183 2.835046 -0.654191
v 10.785839 2.961693 -0.812352
v 10.846572 2.884520 -0.756025
v 10.790396 2.922378 -0.791868
v 10.855840 2.812913 -0.723480
v 10.802188 2.870283 -0.773531
v 10.849767 2.805678 -0.741896
v 10.849201 2.736281 -0.714152
v 10.840948 2.739934 -0.735556
v 10.808307 2.799262 -0.758528
v 10.822479 2.798557 -0.821948
v 10.818126 2.736763 -0.753264
v 10.797486 2.872670 -0.825869
v 10.791454 2.930107 -0.846112
v 10.803611 2.701731 -0.734068
v 10.815306 2.718481 -0.790283
v 10.788517 2.985445 -0.834578
v 10.787785 2.945486 -0.867331
v 10.831447 3.026039 -0.826061
v 10.784656 2.991072 -0.862295
v 10.832889 3.040900 -0.856084
v 10.788591 2.988020 -0.885368
v 10.816700 2.919059 -0.865313
v 10.825217 2.876007 -0.838882
v 10.785355 2.889262 -0.882892
v 10.820954 2.868340 -0.853142
v 10.860337 2.803374 -0.831848
v 10.832384 2.691094 -0.827600
v 10.853868 2.790812 -0.863044
v 10.789183 2.686784 -0.783002
v 10.862229 2.683992 -0.838282
v 10.858712 2.718254 -0.891878
v 10.784582 2.648611 -0.825686
v 10.782424 2.604849 -0.741236
v 10.836852 2.624919 -0.878362
v 10.776674 2.610065 -0.777072
v 10.777248 2.582210 -0.810247
v 10.827783 2.543985 -0.754456
v 10.778501 2.572553 -0.860895
v 10.772730 2.528281 -0.835592
v 10.831910 2.463530 -0.902248
v 10.798483 2.427908 -0.887559
v 10.856803 2.486139 -0.796184
v 10.786155 2.410123 -0.847562
v 10.796898 2.253596 -0.878033
v 10.829272 2.643196 -0.921285
v 10.883000 2.514511 -0.957582
v 10.883013 2.371511 -0.941160
v 10.883000 2.650352 -0.955558
v 10.883026 2.250169 -0.902876
v 10.843334 2.686660 -0.924332
v 10.883036 2.065105 -0.838046
v 10.882995 2.699873 -0.957228
v 10.749864 2.063118 -0.787113
v 10.771986 2.728421 -0.947643
v 10.883043 1.911422 -0.762009
v 10.882970 2.761397 -0.974196
v 10.781427 2.711643 -0.918180
v 10.783584 2.743211 -0.890810
v 10.765899 2.792474 -0.915853
v 10.773401 2.801110 -0.870938
v 10.757499 2.813753 -0.887495
v 10.776001 2.860280 -0.863547
v 10.778864 2.851852 -0.905214
v 10.761405 2.802142 -0.929527
v 10.771063 2.776979 -0.962043
v 10.777621 2.833078 -0.961055
v 10.882948 2.843254 -0.969134
v 10.770295 2.849315 -0.929666
v 10.788123 2.899662 -0.940856
v 10.882933 2.912224 -0.949189
v 10.781809 2.899798 -0.913969
v 10.782878 2.944964 -0.919740
v 10.882931 2.960269 -0.930336
v 10.780068 2.935830 -0.892864
v 10.829101 2.977283 -0.915235
v 10.882918 2.979871 -0.936715
v 10.853759 3.008411 -0.904172
v 10.825049 2.995389 -0.923295
v 10.837157 3.028699 -0.877490
v 10.847052 3.008708 -0.917990
v 10.830392 3.038342 -0.892236
v 10.815784 3.023261 -0.942305
v 10.882896 3.010178 -0.956711
v 10.882881 3.076346 -0.958484
v 10.816844 3.032781 -0.931388
v 10.817834 3.076342 -0.945028
v 10.882877 3.112400 -0.948858
v 10.827500 3.039431 -0.922501
v 10.813886 3.081288 -0.927772
v 10.812056 3.110741 -0.928296
v 10.819209 3.144387 -0.912514
v 10.810044 3.117647 -0.911925
v 10.882896 3.120796 -0.904566
v 10.882902 3.079316 -0.916808
v 10.882891 3.148201 -0.899874
v 10.882876 3.161891 -0.930549
v 10.882890 3.177368 -0.886817
v 10.882894 3.166478 -0.886348
v 10.882881 3.191811 -0.899154
v 10.826628 3.061008 -0.892441
v 10.882920 3.076090 -0.889575
v 10.813006 3.094447 -0.878516
v 10.882917 3.099514 -0.883164
v 10.882921 3.138011 -0.857986
v 10.800174 3.032962 -0.879881
v 10.800721 3.133630 -0.853102
v 10.882932 3.175915 -0.822564
v 10.788302 3.080239 -0.866076
v 10.775364 3.057879 -0.853931
v 10.802363 3.110582 -0.824911
v 10.760093 3.112408 -0.820400
v 10.778121 3.122630 -0.843988
v 10.787210 3.173634 -0.814089
v 10.781397 3.113993 -0.791118
v 10.799972 3.158583 -0.792463
v 10.771382 3.179438 -0.770796
v 10.779062 3.180987 -0.784832
v 10.758927 3.192925 -0.768935
v 10.769747 3.201417 -0.777256
v 10.751842 3.231431 -0.742632
v 10.797691 3.206036 -0.785612
v 10.882938 3.212254 -0.792364
v 10.882940 3.253981 -0.764888
v 10.783668 3.226237 -0.774347
v 10.798802 3.255530 -0.760412
v 10.882953 3.299830 -0.699022
v 10.754386 3.242232 -0.752688
v 10.796825 3.296075 -0.693087
v 10.882963 3.309639 -0.657218
v 10.778332 3.291247 -0.685971
v 10.730095 3.126298 0.255482
v 10.736624 3.203668 0.225781
v 10.876513 3.015715 0.299660
v 10.769197 3.271025 0.197715
v 10.876513 1.711922 0.252022
v 10.805273 3.216308 0.262289
v 10.876513 1.671786 0.141600
v 10.876513 1.667302 0.088879
v 10.837504 1.697521 0.263715
v 10.876513 1.658068 0.022171
v 10.832014 1.633487 0.137332
v 10.716248 1.623489 0.062177
v 10.760541 1.604925 0.110704
v 10.712138 1.617031 0.022171
v 10.716248 1.623489 -0.017836
v 10.730867 1.587987 0.059725
v 10.733097 1.580989 0.022171
v 10.730867 1.587987 -0.015384
v 10.760541 1.604925 -0.066363
v 10.832014 1.633487 -0.092991
v 10.754794 1.552428 0.022171
v 10.745822 1.569202 -0.040386
v 10.750763 1.557298 -0.087621
v 10.704244 1.483905 -0.022348
v 10.828572 1.527474 -0.196204
v 10.745822 1.569202 0.084728
v 10.704244 1.483905 0.066690
v 10.750763 1.557298 0.131963
v 10.828572 1.527474 0.240545
v 10.700334 1.478732 0.135472
v 10.767103 1.433281 0.022171
v 10.709779 1.425069 0.135999
v 10.742097 1.407948 0.071701
v 10.756583 1.424346 0.217456
v 10.883009 1.379173 0.161740
v 10.883005 1.371635 0.111829
v 10.883015 1.400676 0.239500
v 10.883021 1.415479 0.263800
v 10.883016 1.425402 0.296130
v 10.777789 1.360906 0.060832
v 10.882979 1.349298 0.086832
v 10.773220 1.372248 0.022171
v 10.807043 1.346834 0.022171
v 10.882968 1.338089 0.022171
v 10.882979 1.349298 -0.042491
v 10.777789 1.360906 -0.016490
v 10.883005 1.371635 -0.067488
v 10.742097 1.407948 -0.027360
v 10.883009 1.379173 -0.117399
v 10.709779 1.425069 -0.091657
v 10.700334 1.478732 -0.091131
v 10.756583 1.424346 -0.173114
v 10.883015 1.400676 -0.195159
v 10.883021 1.415480 -0.219458
v 10.883016 1.425402 -0.251788
v 10.740184 1.461366 -0.252436
v 10.767276 1.528951 -0.263763
v 10.805428 1.450794 -0.292626
v 10.883019 1.440351 -0.293961
v 10.791363 1.483994 -0.288106
v 10.842673 1.471729 -0.322818
v 10.883034 1.469030 -0.325821
v 10.883057 1.506255 -0.325397
v 10.883066 1.515593 -0.303221
v 10.883068 1.507918 -0.272364
v 10.883086 1.593184 -0.321581
v 10.778505 1.619834 -0.317386
v 10.883084 1.650335 -0.385385
v 10.837639 1.639304 -0.269512
v 10.774889 1.690889 -0.390580
v 10.883076 1.668890 -0.452013
v 10.818948 1.729599 -0.369560
v 10.755813 1.717300 -0.461256
v 10.883064 1.669195 -0.491979
v 10.830345 1.789908 -0.484484
v 10.742758 1.718030 -0.514583
v 10.753947 1.693261 -0.543463
v 10.883048 1.650514 -0.514008
v 10.883035 1.660200 -0.551919
v 10.883033 1.705634 -0.616479
v 10.847216 1.744400 -0.551855
v 10.749026 1.737447 -0.595881
v 10.883036 1.781262 -0.680500
v 10.858112 1.785614 -0.602367
v 10.754481 1.820833 -0.661760
v 10.813402 1.908366 -0.552420
v 10.851618 1.850934 -0.658571
v 10.764272 1.923272 -0.725486
v 10.853052 1.955362 -0.711979
v 10.842141 1.957558 -0.508758
v 10.854317 2.029099 -0.617545
v 10.835934 2.070044 -0.575819
v 10.876514 2.195627 -0.590728
v 10.845681 2.100170 -0.773895
v 10.754940 2.245315 -0.837009
v 10.876513 2.862712 -0.511657
v 10.859187 2.265202 -0.815430
v 10.851735 2.173914 -0.665473
v 10.872347 2.405018 -0.816608
v 10.854234 2.302120 -0.695028
v 10.856132 2.199985 -0.612700
v 10.872186 2.440684 -0.746029
v 10.876513 2.334723 -0.620399
v 10.861394 2.335971 -0.637370
v 10.834445 2.392957 -0.710356
v 10.876514 2.756987 -0.553702
v 10.876513 2.518724 -0.620118
v 10.835441 2.464482 -0.645441
v 10.863369 2.757808 -0.569526
v 10.876512 2.617065 -0.615161
v 10.839661 2.706441 -0.663841
v 10.810075 2.671439 -0.668008
v 10.812147 2.564353 -0.638517
v 10.781626 2.585650 -0.707904
v 10.778355 2.522787 -0.685402
v 10.791857 2.459664 -0.685308
v 10.807769 2.479013 -0.711584
v 10.808927 2.504659 -0.737626
v 10.810887 2.416195 -0.711222
v 10.827559 2.437751 -0.735082
v 10.801711 3.290082 0.152976
v 10.818841 3.374044 0.106920
v 10.844064 3.360506 0.186836
v 10.795024 3.401801 0.064160
v 10.793296 3.400528 0.096962
v 10.765244 3.401190 0.022171
v 10.826502 3.384353 0.123308
v 10.760062 3.403703 0.068710
v 10.788944 3.414712 0.103345
v 10.740249 3.415778 0.022171
v 10.882993 3.426092 0.107754
v 10.883005 3.403877 0.131428
v 10.883007 3.398177 0.161878
v 10.882975 3.452693 0.085542
v 10.883015 3.382399 0.189272
v 10.758916 3.421699 0.070295
v 10.882972 3.462137 0.022171
v 10.758916 3.421699 -0.025953
v 10.882975 3.452693 -0.041200
v 10.760062 3.403703 -0.024368
v 10.788944 3.414712 -0.059004
v 10.793296 3.400528 -0.052620
v 10.808194 3.016445 0.495865
v 10.723210 3.042761 0.478882
v 10.876512 3.007007 0.470875
v 10.755336 3.114852 0.544584
v 10.719674 3.027686 0.405727
v 10.835218 3.046462 0.591364
v 10.798571 3.129959 0.417328
v 10.724754 3.121867 0.532396
v 10.722620 3.050722 0.319778
v 10.770474 3.225793 0.523228
v 10.876512 3.003749 0.414775
v 10.781396 3.192192 0.462044
v 10.804355 3.225459 0.537557
v 10.799751 3.154253 0.323461
v 10.768441 3.167372 0.343215
v 10.770941 3.151625 0.408596
v 10.760271 3.237394 0.306015
v 10.764529 3.214877 0.371024
v 10.820487 3.253652 0.291236
v 10.756626 3.238936 0.433286
v 10.757475 3.246548 0.389027
v 10.752909 3.297894 0.334296
v 10.775292 3.282013 0.471559
v 10.762570 3.305543 0.397160
v 10.816093 3.289327 0.476978
v 10.800803 3.302441 0.337107
v 10.804941 3.309004 0.396807
v 10.822582 3.361892 0.359800
v 10.827226 3.304370 0.267835
v 10.844891 3.344563 0.304561
v 10.791745 3.362119 0.290471
v 10.815489 3.355384 0.416890
v 10.815873 3.340790 0.472058
v 10.840780 3.313265 0.512890
v 10.851494 3.308600 0.551814
v 10.767795 3.327763 0.508693
v 10.779956 3.350893 0.474324
v 10.779782 3.364853 0.417491
v 10.781460 3.377721 0.349988
v 10.882966 3.369740 0.485407
v 10.882952 3.394526 0.414142
v 10.882962 3.415463 0.331342
v 10.882979 3.416724 0.264492
v 10.883002 3.396338 0.216212
v 10.782797 3.338311 0.524842
v 10.882976 3.348689 0.539711
v 10.784259 3.322921 0.251727
v 10.763513 3.313221 0.572035
v 10.882976 3.341277 0.573802
v 10.777376 3.304032 0.529506
v 10.768520 3.306699 0.552026
v 10.789553 3.280931 0.585795
v 10.771754 3.311197 0.602968
v 10.882979 3.328932 0.606051
v 10.760672 3.282175 0.594843
v 10.802592 3.252207 0.623930
v 10.847551 3.290927 0.586102
v 10.868824 3.252506 0.579553
v 10.862240 3.266862 0.618810
v 10.841426 3.156335 0.599015
v 10.870267 3.223466 0.648856
v 10.855304 3.267442 0.653000
v 10.878416 3.178728 0.716211
v 10.813974 3.245640 0.705924
v 10.806238 3.257252 0.652112
v 10.819973 3.278358 0.672759
v 10.769125 3.283935 0.631216
v 10.800958 3.276598 0.666987
v 10.785790 3.307543 0.631380
v 10.786833 3.310382 0.639830
v 10.882972 3.320742 0.653163
v 10.778179 3.292475 0.660511
v 10.882970 3.304423 0.691612
v 10.769805 3.278236 0.679894
v 10.775795 3.280935 0.726277
v 10.771727 3.240742 0.712377
v 10.788334 3.188353 0.738051
v 10.761383 3.236860 0.752126
v 10.778332 3.290183 0.730312
v 10.882963 3.308650 0.701560
v 10.764048 3.222380 0.783965
v 10.834794 3.199614 0.734647
v 10.758334 3.163352 0.778624
v 10.812723 3.134232 0.751099
v 10.855846 3.154240 0.747048
v 10.876742 3.121224 0.755210
v 10.800539 3.089141 0.800639
v 10.832742 3.096757 0.769976
v 10.756427 3.141608 0.811690
v 10.850777 3.058600 0.797932
v 10.873680 3.062986 0.795557
v 10.800914 3.075524 0.831390
v 10.857614 3.036672 0.817928
v 10.847852 3.040795 0.831539
v 10.857874 2.967782 0.810066
v 10.857210 3.017493 0.835665
v 10.838800 2.992646 0.846736
v 10.868726 2.936951 0.636924
v 10.816114 3.082863 0.843329
v 10.781397 3.114565 0.835460
v 10.771382 3.181214 0.815137
v 10.831447 3.025374 0.870402
v 10.832890 3.041030 0.900425
v 10.802363 3.111837 0.869252
v 10.799973 3.160396 0.836804
v 10.760093 3.113519 0.864741
v 10.779062 3.183177 0.829174
v 10.769748 3.203947 0.821598
v 10.758928 3.194979 0.813276
v 10.751843 3.231427 0.786973
v 10.754386 3.242455 0.797030
v 10.783668 3.229406 0.818688
v 10.796826 3.295017 0.737428
v 10.882953 3.298791 0.743364
v 10.798803 3.255553 0.804754
v 10.882941 3.255707 0.809228
v 10.797692 3.208980 0.829954
v 10.882938 3.215620 0.836706
v 10.882932 3.179006 0.866905
v 10.787210 3.176367 0.858431
v 10.800722 3.136150 0.897444
v 10.882921 3.140813 0.902328
v 10.778121 3.124583 0.888330
v 10.813007 3.096375 0.922858
v 10.882917 3.101699 0.927505
v 10.788303 3.081484 0.910417
v 10.826629 3.062262 0.936782
v 10.775364 3.058292 0.898272
v 10.800174 3.033258 0.924223
v 10.830393 3.038998 0.936578
v 10.837157 3.028894 0.921831
v 10.784657 2.990241 0.906636
v 10.853759 3.008538 0.948514
v 10.788518 2.984186 0.878920
v 10.788591 2.987437 0.929710
v 10.787785 2.944148 0.911672
v 10.785839 2.959955 0.856694
v 10.829102 2.976897 0.959576
v 10.840838 2.942206 0.824028
v 10.791455 2.928517 0.890453
v 10.790397 2.920451 0.836210
v 10.856904 2.897422 0.783142
v 10.846573 2.882890 0.800367
v 10.797487 2.871277 0.870211
v 10.870184 2.834598 0.698532
v 10.855840 2.812859 0.767821
v 10.802189 2.868866 0.817872
v 10.849768 2.805759 0.786238
v 10.849202 2.738591 0.758494
v 10.808307 2.799475 0.802869
v 10.822479 2.798540 0.866289
v 10.840948 2.742006 0.779897
v 10.818126 2.738852 0.797606
v 10.803611 2.705102 0.778409
v 10.815306 2.720876 0.834624
v 10.825218 2.874613 0.883223
v 10.860337 2.803192 0.876189
v 10.816700 2.917595 0.909655
v 10.820955 2.867048 0.897484
v 10.785356 2.887885 0.927234
v 10.780069 2.934623 0.937206
v 10.782879 2.944079 0.964081
v 10.781810 2.898543 0.958311
v 10.778864 2.850773 0.949556
v 10.776002 2.859082 0.907888
v 10.757500 2.813235 0.931836
v 10.773401 2.800880 0.915280
v 10.765899 2.792235 0.960195
v 10.853869 2.790782 0.907385
v 10.783585 2.744183 0.935152
v 10.858713 2.719743 0.936220
v 10.781428 2.713170 0.962521
v 10.771987 2.729295 0.991984
v 10.843334 2.688659 0.968673
v 10.862230 2.686904 0.882623
v 10.836853 2.629110 0.922704
v 10.832384 2.693962 0.871941
v 10.784583 2.652842 0.870028
v 10.789183 2.690260 0.827344
v 10.776675 2.615993 0.821413
v 10.782424 2.611292 0.785578
v 10.777249 2.588573 0.854588
v 10.827783 2.551944 0.798797
v 10.778502 2.578530 0.905236
v 10.772730 2.535777 0.879933
v 10.831911 2.471404 0.946588
v 10.856803 2.494958 0.840525
v 10.798483 2.436832 0.931900
v 10.786156 2.420021 0.891904
v 10.796899 2.264989 0.922374
v 10.829273 2.646378 0.965627
v 10.883001 2.520225 1.001924
v 10.883001 2.652827 0.999899
v 10.883014 2.380276 0.985501
v 10.882996 2.701159 1.001569
v 10.883026 2.260926 0.947217
v 10.883036 2.076199 0.882388
v 10.882970 2.761304 1.018537
v 10.749865 2.074945 0.831455
v 10.771063 2.776780 1.006384
v 10.883043 1.918280 0.806351
v 10.777621 2.832139 1.005396
v 10.882948 2.842227 1.013476
v 10.761406 2.801681 0.973868
v 10.770296 2.848263 0.974008
v 10.788124 2.898530 0.985196
v 10.882934 2.911243 0.993531
v 10.882931 2.959749 0.974678
v 10.882918 2.979773 0.981056
v 10.825049 2.995459 0.967636
v 10.847052 3.009022 0.962332
v 10.815784 3.024247 0.986647
v 10.882897 3.011002 1.001052
v 10.882881 3.079127 1.002827
v 10.816845 3.033874 0.975729
v 10.817834 3.078922 0.989369
v 10.882878 3.116194 0.993200
v 10.827501 3.040581 0.966843
v 10.813886 3.083733 0.972113
v 10.882902 3.081516 0.961148
v 10.882920 3.077719 0.933916
v 10.882896 3.124043 0.948908
v 10.812057 3.114118 0.972637
v 10.810044 3.120931 0.956267
v 10.819209 3.148543 0.956856
v 10.882892 3.152212 0.944216
v 10.882876 3.166970 0.974891
v 10.882890 3.182011 0.931159
v 10.882894 3.170771 0.930689
v 10.882881 3.197182 0.943496
v 10.803758 3.249315 0.247101
v 10.756896 3.252078 0.226166
v 10.822318 3.282891 0.255816
v 10.806109 3.268096 0.229394
v 10.815527 3.303608 0.253054
v 10.782113 3.294459 0.241887
v 10.789341 3.324041 0.223987
v 10.839662 2.710071 0.708182
v 10.863369 2.760122 0.613868
v 10.810075 2.676284 0.712349
v 10.850888 2.865050 0.567047
v 10.876513 2.623862 0.659502
v 10.781626 2.592990 0.752246
v 10.812147 2.572803 0.682859
v 10.807769 2.489114 0.755926
v 10.778356 2.532108 0.729744
v 10.835442 2.475365 0.689783
v 10.876513 2.528316 0.664459
v 10.876514 2.759380 0.598043
v 10.791857 2.470475 0.729650
v 10.810888 2.427591 0.755563
v 10.834445 2.404686 0.754696
v 10.861394 2.348878 0.681712
v 10.876514 2.347642 0.664740
v 10.876513 2.861925 0.555999
v 10.856132 2.213482 0.657040
v 10.876514 2.208984 0.635069
v 10.876513 2.947528 0.512392
v 10.825239 2.951307 0.526505
v 10.876514 2.079481 0.594828
v 10.835934 2.081798 0.620160
v 10.876514 1.968612 0.532069
v 10.842141 1.963754 0.553099
v 10.851735 2.187225 0.709815
v 10.876513 1.884130 0.456198
v 10.834560 1.867042 0.471720
v 10.876513 1.805466 0.357929
v 10.839783 1.784975 0.371056
v 10.813403 1.912498 0.596762
v 10.818948 1.730259 0.413901
v 10.854317 2.039985 0.661886
v 10.830345 1.790893 0.528825
v 10.853052 1.964202 0.756320
v 10.845682 2.112371 0.818236
v 10.851618 1.852981 0.702912
v 10.859188 2.277151 0.859772
v 10.858112 1.786744 0.646708
v 10.764273 1.930966 0.769828
v 10.754941 2.257395 0.881350
v 10.754481 1.822086 0.706101
v 10.883036 1.782451 0.724842
v 10.749026 1.738486 0.640223
v 10.883033 1.706605 0.660820
v 10.753947 1.694126 0.587804
v 10.883035 1.660966 0.596260
v 10.883048 1.651196 0.558350
v 10.883064 1.669898 0.536320
v 10.847216 1.745393 0.596196
v 10.742758 1.718914 0.558924
v 10.755813 1.718099 0.505598
v 10.883076 1.669526 0.496355
v 10.774889 1.691494 0.434922
v 10.883084 1.650793 0.429727
v 10.778505 1.620072 0.361728
v 10.883086 1.593320 0.365923
v 10.767276 1.528951 0.308104
v 10.837639 1.639496 0.313853
v 10.883068 1.507918 0.316706
v 10.791363 1.483994 0.332448
v 10.883066 1.515593 0.347563
v 10.740184 1.461366 0.296777
v 10.883057 1.506255 0.369739
v 10.805428 1.450794 0.336968
v 10.883019 1.440351 0.338303
v 10.842673 1.471729 0.367160
v 10.883034 1.469030 0.370163
v 10.872187 2.451023 0.790370
v 10.808927 2.513877 0.781967
v 10.827560 2.448443 0.779424
v 10.872348 2.415159 0.860948
v 10.854234 2.315023 0.739369
v 10.826629 3.062262 0.936782
v 10.882920 3.077719 0.933916
v 10.882917 3.101699 0.927505
v 10.826628 3.061008 -0.892441
v 10.882917 3.099514 -0.883164
v 10.882920 3.076090 -0.889575
v -10.896560 3.106161 -0.057916
v -10.935476 3.056539 -0.034844
v -10.935474 3.099526 -0.089304
v -10.893591 3.092848 -0.006274
v -10.935476 3.048064 0.022173
v -10.813972 3.178974 -0.033210
v -10.893796 3.089275 0.022173
v -10.850402 3.194995 -0.068328
v -10.874277 3.208057 -0.104556
v -10.832835 3.267644 -0.071171
v -10.910814 3.120664 -0.138662
v -10.792263 3.181607 0.022173
v -10.935474 3.094917 -0.157114
v -10.790246 3.276214 -0.010448
v -10.867396 3.370134 -0.002372
v -10.813972 3.179127 0.077557
v -10.787357 3.283316 0.022173
v -10.790246 3.276214 0.054796
v -10.863318 3.367668 0.022173
v -10.867396 3.370134 0.046719
v -10.865609 3.396745 0.022173
v -10.832835 3.267714 0.115517
v -10.853984 3.401801 0.064163
v -10.877802 3.374044 0.106923
v -10.850402 3.195203 0.112676
v -10.893591 3.093057 0.050621
v -10.896560 3.106466 0.102264
v -10.874277 3.208325 0.148903
v -10.935476 3.056834 0.079191
v -10.935474 3.099895 0.133651
v -10.935474 1.667302 0.088881
v -10.910814 3.121120 0.183008
v -10.860673 3.290191 0.152978
v -10.828158 3.271283 0.197718
v -10.935474 1.671786 0.141602
v -10.935474 1.711672 0.252025
v -10.935474 3.095429 0.201461
v -10.795584 3.204110 0.225784
v -10.789056 3.126897 0.255485
v -10.935474 3.016448 0.299663
v -10.896464 1.697272 0.263717
v -10.864234 3.216810 0.262292
v -10.935474 1.804779 0.357932
v -10.815857 3.252439 0.226168
v -10.858712 3.154960 0.323464
v -10.898744 1.784289 0.371060
v -10.935474 1.883164 0.456200
v -10.781580 3.051488 0.319780
v -10.935474 3.004676 0.414777
v -10.893521 1.866053 0.471722
v -10.778634 3.028605 0.405729
v -10.935474 1.962894 0.532072
v -10.935474 3.008022 0.470878
v -10.857533 3.130857 0.417332
v -10.782171 3.043794 0.478884
v -10.935474 2.068229 0.594831
v -10.867154 3.017511 0.495868
v -10.814296 3.115954 0.544587
v -10.884199 2.951338 0.526508
v -10.783716 3.122942 0.532399
v -10.840357 3.193098 0.462047
v -10.894179 3.047986 0.591368
v -10.935474 2.947408 0.512395
v -10.909849 2.865981 0.567050
v -10.829435 3.226746 0.523231
v -10.927687 2.939599 0.636928
v -10.900386 3.157467 0.599018
v -10.863316 3.226433 0.537560
v -10.875054 3.290097 0.476980
v -10.937376 3.180251 0.716214
v -10.834251 3.282790 0.471561
v -10.815587 3.239726 0.433288
v -10.927785 3.253478 0.579556
v -10.863902 3.309595 0.396809
v -10.910455 3.309434 0.551817
v -10.929228 3.224562 0.648860
v -10.821531 3.306141 0.397163
v -10.816435 3.247247 0.389029
v -10.811869 3.298387 0.334300
v -10.823490 3.215595 0.371027
v -10.819232 3.237950 0.306017
v -10.859765 3.302931 0.337109
v -10.829902 3.152489 0.408598
v -10.827402 3.168101 0.343217
v -10.879449 3.254147 0.291240
v -10.862718 3.249727 0.247104
v -10.886187 3.304708 0.267837
v -10.865070 3.268432 0.229397
v -10.881279 3.283253 0.255819
v -10.841074 3.294766 0.241889
v -10.848302 3.324235 0.223990
v -10.874488 3.303917 0.253056
v -10.843220 3.323182 0.251729
v -10.903025 3.360509 0.186839
v -10.941976 3.382399 0.189275
v -10.941964 3.396338 0.216216
v -10.941968 3.398177 0.161881
v -10.850705 3.362362 0.290474
v -10.941939 3.416730 0.264495
v -10.885462 3.384353 0.123311
v -10.941966 3.403877 0.131430
v -10.941953 3.426092 0.107757
v -10.941923 3.415619 0.331345
v -10.903853 3.344878 0.304564
v -10.840421 3.378046 0.349992
v -10.941914 3.394913 0.414144
v -10.881543 3.362279 0.359803
v -10.838742 3.365344 0.417493
v -10.941927 3.370320 0.485409
v -10.874449 3.355898 0.416893
v -10.838916 3.351519 0.474327
v -10.841757 3.339046 0.524845
v -10.874834 3.341436 0.472060
v -10.941937 3.349406 0.539714
v -10.826757 3.328499 0.508696
v -10.899742 3.314035 0.512893
v -10.836335 3.304852 0.529508
v -10.822474 3.314078 0.572038
v -10.827482 3.307544 0.552029
v -10.941937 3.342058 0.573804
v -10.848513 3.281873 0.585797
v -10.906511 3.291842 0.586104
v -10.819634 3.283124 0.594845
v -10.830716 3.312097 0.602970
v -10.941939 3.329782 0.606053
v -10.861552 3.253245 0.623932
v -10.921201 3.267857 0.618813
v -10.828085 3.284923 0.631219
v -10.914265 3.268474 0.653004
v -10.865199 3.258311 0.652115
v -10.844750 3.308483 0.631383
v -10.845793 3.311326 0.639832
v -10.941933 3.321661 0.653166
v -10.837140 3.293476 0.660513
v -10.941931 3.305412 0.691616
v -10.859919 3.277636 0.666990
v -10.878933 3.279396 0.672761
v -10.828765 3.279283 0.679896
v -10.872935 3.246765 0.705927
v -10.834755 3.282014 0.726280
v -10.830687 3.241881 0.712380
v -10.893755 3.200902 0.734649
v -10.914808 3.154519 0.747052
v -10.847294 3.189737 0.738054
v -10.820345 3.237837 0.752128
v -10.871683 3.134920 0.751102
v -10.817294 3.162916 0.778627
v -10.823009 3.221595 0.783968
v -10.935703 3.121992 0.755212
v -10.891703 3.097786 0.769980
v -10.859500 3.089801 0.800642
v -10.815388 3.140954 0.811692
v -10.909738 3.059801 0.797936
v -10.932640 3.064119 0.795560
v -10.859875 3.075890 0.831392
v -10.916574 3.037909 0.817931
v -10.916834 2.969814 0.810069
v -10.906814 3.041767 0.831541
v -10.916169 3.018765 0.835668
v -10.897761 2.994126 0.846740
v -10.915865 2.899274 0.783145
v -10.875074 3.082817 0.843332
v -10.899800 2.944200 0.824032
v -10.929144 2.835046 0.698535
v -10.844800 2.961693 0.856697
v -10.905533 2.884520 0.800370
v -10.849357 2.922378 0.836213
v -10.914802 2.812913 0.767824
v -10.861150 2.870283 0.817875
v -10.908728 2.805678 0.786241
v -10.908162 2.736281 0.758496
v -10.899908 2.739934 0.779900
v -10.867269 2.799262 0.802872
v -10.881439 2.798557 0.866292
v -10.877087 2.736763 0.797609
v -10.856447 2.872670 0.870213
v -10.850416 2.930107 0.890456
v -10.862572 2.701731 0.778412
v -10.874267 2.718481 0.834628
v -10.847478 2.985445 0.878923
v -10.846746 2.945486 0.911676
v -10.890408 3.026039 0.870405
v -10.843617 2.991072 0.906639
v -10.891851 3.040900 0.900428
v -10.847552 2.988020 0.929712
v -10.875662 2.919059 0.909658
v -10.884179 2.876007 0.883226
v -10.844316 2.889262 0.927237
v -10.879916 2.868340 0.897486
v -10.919298 2.803374 0.876192
v -10.891345 2.691094 0.871944
v -10.912830 2.790812 0.907388
v -10.848144 2.686784 0.827347
v -10.921191 2.683992 0.882626
v -10.917673 2.718254 0.936223
v -10.843543 2.648611 0.870030
v -10.841384 2.604849 0.785580
v -10.895814 2.624919 0.922706
v -10.835636 2.610065 0.821416
v -10.836209 2.582210 0.854591
v -10.886744 2.543985 0.798800
v -10.837462 2.572553 0.905239
v -10.831691 2.528281 0.879936
v -10.890871 2.463530 0.946592
v -10.857445 2.427908 0.931903
v -10.915765 2.486139 0.840528
v -10.845117 2.410123 0.891906
v -10.855859 2.253596 0.922377
v -10.888234 2.643196 0.965630
v -10.941960 2.514511 1.001927
v -10.941974 2.371511 0.985504
v -10.941960 2.650352 0.999902
v -10.941988 2.250169 0.947220
v -10.902294 2.686660 0.968676
v -10.941998 2.065105 0.882390
v -10.941957 2.699873 1.001572
v -10.808826 2.063118 0.831458
v -10.830947 2.728421 0.991987
v -10.942005 1.911422 0.806353
v -10.941931 2.761397 1.018540
v -10.840388 2.711643 0.962524
v -10.842546 2.743211 0.935154
v -10.824861 2.792474 0.960198
v -10.832363 2.801110 0.915283
v -10.816460 2.813753 0.931839
v -10.834962 2.860280 0.907892
v -10.837826 2.851852 0.949559
v -10.820367 2.802142 0.973872
v -10.830025 2.776979 1.006388
v -10.836582 2.833078 1.005400
v -10.941910 2.843254 1.013478
v -10.829257 2.849315 0.974010
v -10.847084 2.899662 0.985200
v -10.941894 2.912224 0.993533
v -10.840771 2.899798 0.958313
v -10.841839 2.944964 0.964084
v -10.941892 2.960269 0.974680
v -10.839029 2.935830 0.937209
v -10.888062 2.977283 0.959579
v -10.941880 2.979871 0.981059
v -10.912720 3.008411 0.948516
v -10.884011 2.995389 0.967640
v -10.896119 3.028699 0.921834
v -10.906013 3.008708 0.962334
v -10.889353 3.038342 0.936581
v -10.874746 3.023261 0.986650
v -10.941857 3.010178 1.001055
v -10.941843 3.076346 1.002829
v -10.875806 3.032781 0.975732
v -10.876794 3.076342 0.989372
v -10.941839 3.112400 0.993203
v -10.886460 3.039431 0.966846
v -10.872847 3.081288 0.972116
v -10.871017 3.110741 0.972640
v -10.878169 3.144387 0.956858
v -10.869005 3.117647 0.956270
v -10.941857 3.120796 0.948910
v -10.941863 3.079316 0.961152
v -10.941853 3.148201 0.944219
v -10.941837 3.161891 0.974893
v -10.941851 3.177368 0.931161
v -10.941855 3.166478 0.930692
v -10.941843 3.191811 0.943498
v -10.885589 3.061008 0.936785
v -10.941882 3.076090 0.933919
v -10.871968 3.094447 0.922860
v -10.941878 3.099514 0.927508
v -10.941882 3.138011 0.902330
v -10.859136 3.032962 0.924225
v -10.859683 3.133630 0.897446
v -10.941892 3.175915 0.866908
v -10.847263 3.080239 0.910420
v -10.834326 3.057879 0.898276
v -10.861324 3.110582 0.869255
v -10.819054 3.112408 0.864744
v -10.837082 3.122630 0.888332
v -10.846171 3.173634 0.858434
v -10.840359 3.113993 0.835462
v -10.858933 3.158583 0.836807
v -10.830343 3.179438 0.815140
v -10.838023 3.180987 0.829177
v -10.817888 3.192925 0.813279
v -10.828709 3.201417 0.821601
v -10.810804 3.231431 0.786976
v -10.856652 3.206036 0.829956
v -10.941900 3.212254 0.836708
v -10.941902 3.253981 0.809232
v -10.842628 3.226237 0.818692
v -10.857763 3.255530 0.804756
v -10.941914 3.299830 0.743366
v -10.813347 3.242232 0.797033
v -10.855787 3.296075 0.737431
v -10.941925 3.309639 0.701562
v -10.837293 3.291247 0.730316
v -10.789056 3.126298 -0.211138
v -10.795584 3.203668 -0.181436
v -10.935474 3.015715 -0.255316
v -10.828158 3.271025 -0.153371
v -10.935474 1.711922 -0.207678
v -10.864234 3.216308 -0.217944
v -10.935474 1.671786 -0.097255
v -10.935474 1.667302 -0.044535
v -10.896464 1.697521 -0.219370
v -10.935474 1.658068 0.022173
v -10.890976 1.633487 -0.092988
v -10.775209 1.623489 -0.017833
v -10.819501 1.604925 -0.066360
v -10.771099 1.617031 0.022173
v -10.775209 1.623489 0.062180
v -10.789828 1.587987 -0.015380
v -10.792058 1.580989 0.022173
v -10.789828 1.587987 0.059728
v -10.819501 1.604925 0.110707
v -10.890976 1.633487 0.137335
v -10.813755 1.552428 0.022173
v -10.804783 1.569202 0.084731
v -10.809724 1.557298 0.131966
v -10.763205 1.483905 0.066692
v -10.887533 1.527474 0.240548
v -10.804783 1.569202 -0.040384
v -10.763205 1.483905 -0.022346
v -10.809724 1.557298 -0.087619
v -10.887533 1.527474 -0.196201
v -10.759294 1.478732 -0.091128
v -10.826064 1.433281 0.022173
v -10.768740 1.425069 -0.091654
v -10.801058 1.407948 -0.027357
v -10.815543 1.424346 -0.173112
v -10.941970 1.379173 -0.117396
v -10.941966 1.371635 -0.067484
v -10.941976 1.400676 -0.195156
v -10.941982 1.415479 -0.219455
v -10.941978 1.425402 -0.251786
v -10.836750 1.360906 -0.016488
v -10.941939 1.349298 -0.042488
v -10.832181 1.372248 0.022173
v -10.866003 1.346834 0.022173
v -10.941929 1.338089 0.022173
v -10.941939 1.349298 0.086836
v -10.836750 1.360906 0.060834
v -10.941966 1.371635 0.111832
v -10.801058 1.407948 0.071704
v -10.941970 1.379173 0.161743
v -10.768740 1.425069 0.136001
v -10.759294 1.478732 0.135475
v -10.815543 1.424346 0.217458
v -10.941976 1.400676 0.239503
v -10.941982 1.415480 0.263802
v -10.941978 1.425402 0.296133
v -10.799144 1.461366 0.296780
v -10.826238 1.528951 0.308108
v -10.864388 1.450794 0.336971
v -10.941980 1.440351 0.338305
v -10.850324 1.483994 0.332451
v -10.901634 1.471729 0.367162
v -10.941994 1.469030 0.370166
v -10.942017 1.506255 0.369741
v -10.942027 1.515593 0.347565
v -10.942029 1.507918 0.316709
v -10.942048 1.593184 0.365925
v -10.837466 1.619834 0.361731
v -10.942044 1.650335 0.429729
v -10.896601 1.639304 0.313856
v -10.833851 1.690889 0.434924
v -10.942037 1.668890 0.496357
v -10.877910 1.729599 0.413904
v -10.814773 1.717300 0.505600
v -10.942025 1.669195 0.536323
v -10.889306 1.789908 0.528828
v -10.801720 1.718030 0.558928
v -10.812908 1.693261 0.587807
v -10.942009 1.650514 0.558352
v -10.941996 1.660200 0.596263
v -10.941994 1.705634 0.660823
v -10.906177 1.744400 0.596200
v -10.807986 1.737447 0.640226
v -10.941998 1.781262 0.724844
v -10.917074 1.785614 0.646711
v -10.813441 1.820833 0.706104
v -10.872363 1.908366 0.596764
v -10.910580 1.850934 0.702915
v -10.823234 1.923272 0.769831
v -10.912013 1.955362 0.756323
v -10.901103 1.957558 0.553102
v -10.913279 2.029099 0.661889
v -10.894896 2.070044 0.620163
v -10.935474 2.195627 0.635072
v -10.904642 2.100170 0.818239
v -10.813902 2.245315 0.881353
v -10.935474 2.862712 0.556001
v -10.918148 2.265202 0.859774
v -10.910697 2.173914 0.709817
v -10.931308 2.405018 0.860952
v -10.913195 2.302120 0.739372
v -10.915093 2.199985 0.657044
v -10.931148 2.440684 0.790373
v -10.935474 2.334723 0.664743
v -10.920355 2.335971 0.681714
v -10.893406 2.392957 0.754700
v -10.935474 2.756987 0.598046
v -10.935474 2.518724 0.664462
v -10.894402 2.464482 0.689786
v -10.922330 2.757808 0.613871
v -10.935474 2.617065 0.659505
v -10.898623 2.706441 0.708185
v -10.869037 2.671439 0.712352
v -10.871109 2.564353 0.682861
v -10.840587 2.585650 0.752249
v -10.837316 2.522787 0.729747
v -10.850818 2.459664 0.729653
v -10.866730 2.479013 0.755928
v -10.867888 2.504659 0.781970
v -10.869849 2.416195 0.755566
v -10.886521 2.437751 0.779426
v -10.860673 3.290082 -0.108631
v -10.877802 3.374044 -0.062576
v -10.903025 3.360506 -0.142492
v -10.853984 3.401801 -0.019816
v -10.852257 3.400528 -0.052617
v -10.824205 3.401190 0.022173
v -10.885462 3.384353 -0.078964
v -10.819023 3.403703 -0.024366
v -10.847904 3.414712 -0.059001
v -10.799209 3.415778 0.022173
v -10.941953 3.426092 -0.063410
v -10.941966 3.403877 -0.087083
v -10.941968 3.398177 -0.117534
v -10.941937 3.452693 -0.041198
v -10.941976 3.382399 -0.144928
v -10.817876 3.421699 -0.025951
v -10.941933 3.462137 0.022173
v -10.817876 3.421699 0.070298
v -10.941937 3.452693 0.085544
v -10.819023 3.403703 0.068712
v -10.847904 3.414712 0.103348
v -10.852257 3.400528 0.096964
v -10.867154 3.016445 -0.451520
v -10.782171 3.042761 -0.434537
v -10.935472 3.007007 -0.426531
v -10.814296 3.114852 -0.500240
v -10.778634 3.027686 -0.361383
v -10.894179 3.046462 -0.547020
v -10.857533 3.129959 -0.372984
v -10.783714 3.121867 -0.488052
v -10.781580 3.050722 -0.275433
v -10.829435 3.225793 -0.478884
v -10.935474 3.003749 -0.370430
v -10.840357 3.192192 -0.417700
v -10.863316 3.225459 -0.493213
v -10.858712 3.154253 -0.279116
v -10.827402 3.167372 -0.298870
v -10.829902 3.151625 -0.364251
v -10.819232 3.237394 -0.261670
v -10.823490 3.214877 -0.326680
v -10.879447 3.253652 -0.246892
v -10.815587 3.238936 -0.388941
v -10.816435 3.246548 -0.344682
v -10.811869 3.297894 -0.289952
v -10.834251 3.282013 -0.427214
v -10.821531 3.305543 -0.352816
v -10.875054 3.289327 -0.432633
v -10.859765 3.302441 -0.292762
v -10.863902 3.309004 -0.352462
v -10.881543 3.361892 -0.315456
v -10.886187 3.304370 -0.223490
v -10.903853 3.344563 -0.260217
v -10.850705 3.362119 -0.246127
v -10.874449 3.355384 -0.372546
v -10.874834 3.340790 -0.427713
v -10.899742 3.313265 -0.468546
v -10.910455 3.308600 -0.507470
v -10.826755 3.327763 -0.464349
v -10.838916 3.350893 -0.429980
v -10.838742 3.364853 -0.373146
v -10.840421 3.377721 -0.305644
v -10.941927 3.369740 -0.441062
v -10.941914 3.394526 -0.369797
v -10.941923 3.415463 -0.286998
v -10.941939 3.416724 -0.220148
v -10.941964 3.396338 -0.171868
v -10.841757 3.338311 -0.480498
v -10.941937 3.348689 -0.495367
v -10.843220 3.322921 -0.207382
v -10.822474 3.313221 -0.527691
v -10.941937 3.341277 -0.529457
v -10.836335 3.304032 -0.485161
v -10.827482 3.306699 -0.507682
v -10.848513 3.280931 -0.541450
v -10.830716 3.311197 -0.558624
v -10.941939 3.328932 -0.561706
v -10.819632 3.282175 -0.550498
v -10.861552 3.252207 -0.579585
v -10.906511 3.290927 -0.541757
v -10.927785 3.252506 -0.535208
v -10.921201 3.266862 -0.574466
v -10.900386 3.156335 -0.554671
v -10.929228 3.223466 -0.604512
v -10.914265 3.267442 -0.608656
v -10.937376 3.178728 -0.671867
v -10.872935 3.245640 -0.661580
v -10.865199 3.257252 -0.607768
v -10.878933 3.278358 -0.628415
v -10.828085 3.283935 -0.586872
v -10.859918 3.276598 -0.622643
v -10.844750 3.307543 -0.587036
v -10.845793 3.310382 -0.595486
v -10.941933 3.320742 -0.608819
v -10.837140 3.292475 -0.616166
v -10.941931 3.304423 -0.647268
v -10.828765 3.278236 -0.635549
v -10.834755 3.280935 -0.681932
v -10.830687 3.240742 -0.668032
v -10.847294 3.188353 -0.693707
v -10.820345 3.236860 -0.707781
v -10.837293 3.290183 -0.685968
v -10.941925 3.308650 -0.657215
v -10.823009 3.222380 -0.739620
v -10.893755 3.199614 -0.690302
v -10.817294 3.163352 -0.734280
v -10.871683 3.134232 -0.706755
v -10.914806 3.154240 -0.702704
v -10.935703 3.121224 -0.710865
v -10.859500 3.089141 -0.756295
v -10.891703 3.096757 -0.725632
v -10.815388 3.141608 -0.767345
v -10.909738 3.058600 -0.753588
v -10.932640 3.062986 -0.751213
v -10.859875 3.075524 -0.787045
v -10.916574 3.036672 -0.773584
v -10.906814 3.040795 -0.787194
v -10.916834 2.967782 -0.765722
v -10.916169 3.017493 -0.791320
v -10.897761 2.992646 -0.802392
v -10.927687 2.936951 -0.592580
v -10.875074 3.082863 -0.798985
v -10.840357 3.114565 -0.791115
v -10.830343 3.181214 -0.770792
v -10.890408 3.025374 -0.826058
v -10.891851 3.041030 -0.856081
v -10.861324 3.111837 -0.824908
v -10.858933 3.160396 -0.792460
v -10.819054 3.113519 -0.820397
v -10.838023 3.183177 -0.784830
v -10.828709 3.203947 -0.777254
v -10.817888 3.194979 -0.768932
v -10.810804 3.231427 -0.742629
v -10.813347 3.242455 -0.752686
v -10.842628 3.229406 -0.774344
v -10.855787 3.295017 -0.693084
v -10.941914 3.298791 -0.699019
v -10.857763 3.255553 -0.760409
v -10.941902 3.255707 -0.764884
v -10.856652 3.208980 -0.785610
v -10.941898 3.215620 -0.792361
v -10.941892 3.179006 -0.822561
v -10.846171 3.176367 -0.814087
v -10.859683 3.136150 -0.853100
v -10.941882 3.140813 -0.857983
v -10.837082 3.124583 -0.843985
v -10.871968 3.096375 -0.878513
v -10.941876 3.101699 -0.883161
v -10.847263 3.081484 -0.866072
v -10.885589 3.062262 -0.892438
v -10.834324 3.058292 -0.853928
v -10.859134 3.033258 -0.879879
v -10.889353 3.038998 -0.892234
v -10.896117 3.028894 -0.877487
v -10.843617 2.990241 -0.862292
v -10.912720 3.008538 -0.904169
v -10.847478 2.984186 -0.834576
v -10.847552 2.987437 -0.885365
v -10.846746 2.944148 -0.867328
v -10.844800 2.959955 -0.812350
v -10.888062 2.976897 -0.915232
v -10.899798 2.942206 -0.779684
v -10.850416 2.928517 -0.846109
v -10.849357 2.920451 -0.791866
v -10.915865 2.897422 -0.738798
v -10.905533 2.882890 -0.756023
v -10.856447 2.871277 -0.825866
v -10.929144 2.834598 -0.654188
v -10.914800 2.812859 -0.723476
v -10.861150 2.868866 -0.773528
v -10.908728 2.805759 -0.741893
v -10.908162 2.738591 -0.714149
v -10.867267 2.799475 -0.758525
v -10.881439 2.798540 -0.821944
v -10.899908 2.742006 -0.735553
v -10.877087 2.738852 -0.753262
v -10.862572 2.705102 -0.734064
v -10.874267 2.720876 -0.790280
v -10.884179 2.874613 -0.838879
v -10.919298 2.803192 -0.831845
v -10.875660 2.917595 -0.865311
v -10.879916 2.867048 -0.853139
v -10.844316 2.887885 -0.882890
v -10.839029 2.934623 -0.892862
v -10.841839 2.944079 -0.919737
v -10.840771 2.898543 -0.913966
v -10.837824 2.850773 -0.905212
v -10.834962 2.859082 -0.863544
v -10.816460 2.813235 -0.887492
v -10.832363 2.800880 -0.870936
v -10.824859 2.792235 -0.915851
v -10.912830 2.790782 -0.863041
v -10.842546 2.744183 -0.890807
v -10.917673 2.719743 -0.891876
v -10.840388 2.713170 -0.918176
v -10.830947 2.729295 -0.947640
v -10.902294 2.688659 -0.924328
v -10.921191 2.686904 -0.838279
v -10.895814 2.629110 -0.878359
v -10.891345 2.693962 -0.827596
v -10.843543 2.652842 -0.825683
v -10.848144 2.690260 -0.782999
v -10.835636 2.615993 -0.777069
v -10.841384 2.611292 -0.741234
v -10.836209 2.588573 -0.810244
v -10.886744 2.551944 -0.754453
v -10.837462 2.578530 -0.860892
v -10.831691 2.535777 -0.835589
v -10.890871 2.471404 -0.902244
v -10.915763 2.494958 -0.796180
v -10.857443 2.436832 -0.887556
v -10.845117 2.420021 -0.847559
v -10.855859 2.264989 -0.878030
v -10.888234 2.646378 -0.921283
v -10.941960 2.520225 -0.957580
v -10.941960 2.652827 -0.955555
v -10.941974 2.380276 -0.941156
v -10.941957 2.701159 -0.957225
v -10.941986 2.260926 -0.902873
v -10.941998 2.076199 -0.838043
v -10.941931 2.761304 -0.974192
v -10.808826 2.074945 -0.787111
v -10.830023 2.776780 -0.962040
v -10.942003 1.918280 -0.762006
v -10.836582 2.832139 -0.961052
v -10.941908 2.842227 -0.969132
v -10.820367 2.801681 -0.929524
v -10.829257 2.848263 -0.929663
v -10.847084 2.898530 -0.940852
v -10.941894 2.911243 -0.949186
v -10.941892 2.959749 -0.930333
v -10.941878 2.979773 -0.936712
v -10.884009 2.995459 -0.923292
v -10.906013 3.009022 -0.917987
v -10.874744 3.024247 -0.942303
v -10.941857 3.011002 -0.956708
v -10.941841 3.079127 -0.958482
v -10.875806 3.033874 -0.931384
v -10.876794 3.078922 -0.945024
v -10.941839 3.116194 -0.948856
v -10.886460 3.040581 -0.922499
v -10.872847 3.083733 -0.927769
v -10.941863 3.081516 -0.916804
v -10.941880 3.077719 -0.889572
v -10.941857 3.124043 -0.904564
v -10.871017 3.114118 -0.928293
v -10.869005 3.120931 -0.911923
v -10.878169 3.148543 -0.912512
v -10.941853 3.152212 -0.899872
v -10.941837 3.166970 -0.930546
v -10.941851 3.182011 -0.886814
v -10.941855 3.170771 -0.886345
v -10.941841 3.197182 -0.899151
v -10.862718 3.249315 -0.202757
v -10.815857 3.252078 -0.181821
v -10.881279 3.282891 -0.211472
v -10.865070 3.268096 -0.185050
v -10.874488 3.303608 -0.208709
v -10.841074 3.294459 -0.197542
v -10.848302 3.324041 -0.179643
v -10.898623 2.710071 -0.663838
v -10.922330 2.760122 -0.569524
v -10.869037 2.676284 -0.668004
v -10.909849 2.865050 -0.522703
v -10.935474 2.623862 -0.615158
v -10.840587 2.592990 -0.707902
v -10.871107 2.572803 -0.638514
v -10.866730 2.489114 -0.711581
v -10.837316 2.532108 -0.685400
v -10.894402 2.475365 -0.645439
v -10.935474 2.528316 -0.620115
v -10.935474 2.759380 -0.553699
v -10.850818 2.470475 -0.685306
v -10.869849 2.427591 -0.711219
v -10.893406 2.404686 -0.710352
v -10.920355 2.348878 -0.637368
v -10.935474 2.347642 -0.620396
v -10.935474 2.861925 -0.511654
v -10.915093 2.213482 -0.612696
v -10.935474 2.208984 -0.590724
v -10.935474 2.947528 -0.468048
v -10.884199 2.951307 -0.482161
v -10.935474 2.079481 -0.550484
v -10.894896 2.081798 -0.575816
v -10.935474 1.968612 -0.487724
v -10.901101 1.963754 -0.508755
v -10.910697 2.187225 -0.665471
v -10.935474 1.884130 -0.411853
v -10.893521 1.867042 -0.427375
v -10.935474 1.805466 -0.313585
v -10.898744 1.784975 -0.326712
v -10.872363 1.912498 -0.552417
v -10.877910 1.730259 -0.369557
v -10.913279 2.039985 -0.617542
v -10.889306 1.790893 -0.484481
v -10.912013 1.964202 -0.711976
v -10.904642 2.112371 -0.773892
v -10.910578 1.852981 -0.658568
v -10.918148 2.277151 -0.815427
v -10.917074 1.786744 -0.602364
v -10.823234 1.930966 -0.725484
v -10.813902 2.257395 -0.837006
v -10.813441 1.822086 -0.661757
v -10.941996 1.782451 -0.680497
v -10.807986 1.738486 -0.595879
v -10.941994 1.706605 -0.616476
v -10.812908 1.694126 -0.543460
v -10.941996 1.660966 -0.551916
v -10.942009 1.651196 -0.514006
v -10.942025 1.669898 -0.491976
v -10.906177 1.745393 -0.551852
v -10.801718 1.718914 -0.514580
v -10.814773 1.718099 -0.461254
v -10.942037 1.669526 -0.452011
v -10.833849 1.691494 -0.390577
v -10.942044 1.650793 -0.385382
v -10.837466 1.620072 -0.317384
v -10.942048 1.593320 -0.321578
v -10.826238 1.528951 -0.263760
v -10.896601 1.639496 -0.269509
v -10.942029 1.507918 -0.272362
v -10.850324 1.483994 -0.288104
v -10.942027 1.515593 -0.303218
v -10.799144 1.461366 -0.252433
v -10.942017 1.506255 -0.325394
v -10.864388 1.450794 -0.292624
v -10.941980 1.440351 -0.293958
v -10.901634 1.471729 -0.322815
v -10.941994 1.469030 -0.325819
v -10.931148 2.451023 -0.746026
v -10.867888 2.513877 -0.737623
v -10.886521 2.448443 -0.735079
v -10.931308 2.415159 -0.816604
v -10.913195 2.315023 -0.695025
v -10.885589 3.062262 -0.892438
v -10.941880 3.077719 -0.889572
v -10.941876 3.101699 -0.883161
v -10.885589 3.061008 0.936785
v -10.941878 3.099514 0.927508
v -10.941882 3.076090 0.933919
vt 0.532700 0.704000
vt 0.525800 0.671300
vt 0.544000 0.686800
vt 0.514300 0.696800
vt 0.502600 0.666200
vt 0.520400 0.741200
vt 0.502600 0.693900
vt 0.537000 0.747000
vt 0.551700 0.751100
vt 0.537900 0.783400
vt 0.559800 0.706400
vt 0.502600 0.742400
vt 0.566800 0.688600
vt 0.513300 0.784200
vt 0.515000 0.835400
vt 0.484700 0.741200
vt 0.502600 0.786300
vt 0.491900 0.784200
vt 0.502600 0.831600
vt 0.490100 0.835400
vt 0.502600 0.845800
vt 0.467200 0.783400
vt 0.485600 0.856300
vt 0.466800 0.841600
vt 0.468100 0.747000
vt 0.490800 0.696800
vt 0.472500 0.704000
vt 0.453400 0.751100
vt 0.479300 0.671300
vt 0.461100 0.686800
vt 0.467300 0.247900
vt 0.445300 0.706400
vt 0.450400 0.797000
vt 0.430600 0.790600
vt 0.449800 0.247400
vt 0.412300 0.258400
vt 0.438300 0.688600
vt 0.420900 0.756000
vt 0.408500 0.726000
vt 0.401300 0.661400
vt 0.406200 0.246900
vt 0.404400 0.771900
vt 0.376200 0.289300
vt 0.422500 0.779800
vt 0.384600 0.749400
vt 0.367900 0.274900
vt 0.342700 0.317400
vt 0.384700 0.702900
vt 0.358500 0.659300
vt 0.333200 0.305200
vt 0.358400 0.697100
vt 0.317400 0.347800
vt 0.336800 0.665600
vt 0.353800 0.740800
vt 0.336000 0.702400
vt 0.295700 0.382500
vt 0.326500 0.677200
vt 0.310400 0.725300
vt 0.312800 0.657200
vt 0.314100 0.729800
vt 0.332200 0.764800
vt 0.287900 0.695600
vt 0.321100 0.648800
vt 0.296900 0.628900
vt 0.307600 0.779200
vt 0.269200 0.657700
vt 0.279400 0.741000
vt 0.299700 0.780200
vt 0.311900 0.820800
vt 0.225000 0.754400
vt 0.319000 0.810900
vt 0.337800 0.788000
vt 0.274400 0.787200
vt 0.341900 0.834400
vt 0.280100 0.823000
vt 0.250200 0.772800
vt 0.342600 0.823700
vt 0.351900 0.792200
vt 0.366400 0.815600
vt 0.361000 0.777000
vt 0.382000 0.786000
vt 0.370200 0.824000
vt 0.353800 0.750100
vt 0.374900 0.755900
vt 0.395100 0.793100
vt 0.410300 0.785900
vt 0.399400 0.817400
vt 0.415700 0.793600
vt 0.405500 0.804500
vt 0.415800 0.810000
vt 0.418500 0.825100
vt 0.406200 0.815900
vt 0.407600 0.831200
vt 0.435600 0.843000
vt 0.435000 0.861200
vt 0.423500 0.880500
vt 0.442200 0.864200
vt 0.388600 0.860000
vt 0.398600 0.901200
vt 0.460100 0.849600
vt 0.452500 0.861800
vt 0.460300 0.876600
vt 0.362900 0.904400
vt 0.381000 0.843000
vt 0.357100 0.877800
vt 0.323500 0.897000
vt 0.354000 0.860200
vt 0.325900 0.877500
vt 0.294300 0.883300
vt 0.328000 0.862600
vt 0.301800 0.869800
vt 0.277000 0.870000
vt 0.306800 0.853400
vt 0.268100 0.875400
vt 0.286200 0.860900
vt 0.293700 0.832300
vt 0.280200 0.848900
vt 0.260000 0.854300
vt 0.270400 0.849300
vt 0.250500 0.868400
vt 0.262300 0.830000
vt 0.269500 0.813400
vt 0.256700 0.837500
vt 0.246500 0.849500
vt 0.240500 0.854700
vt 0.250900 0.816200
vt 0.257900 0.798800
vt 0.242000 0.833100
vt 0.241000 0.799200
vt 0.240300 0.814100
vt 0.234600 0.841800
vt 0.228500 0.840800
vt 0.221700 0.842900
vt 0.221200 0.829800
vt 0.204500 0.836600
vt 0.228400 0.819400
vt 0.226800 0.811700
vt 0.213400 0.821600
vt 0.214600 0.795600
vt 0.187900 0.825000
vt 0.203500 0.801800
vt 0.211400 0.771600
vt 0.210800 0.752100
vt 0.199100 0.776400
vt 0.181700 0.802200
vt 0.198400 0.756200
vt 0.175900 0.773500
vt 0.165000 0.796300
vt 0.209200 0.737200
vt 0.194900 0.741400
vt 0.176100 0.742700
vt 0.160200 0.767100
vt 0.186100 0.725100
vt 0.192100 0.718800
vt 0.159200 0.737300
vt 0.177400 0.716600
vt 0.190000 0.681000
vt 0.168400 0.714200
vt 0.170100 0.704600
vt 0.164000 0.695500
vt 0.207800 0.650700
vt 0.150000 0.736600
vt 0.182700 0.671500
vt 0.247500 0.621800
vt 0.154000 0.676800
vt 0.199000 0.645700
vt 0.170000 0.659000
vt 0.218700 0.617200
vt 0.185200 0.637300
vt 0.210400 0.614700
vt 0.223800 0.589300
vt 0.214200 0.590300
vt 0.197000 0.609400
vt 0.166500 0.607900
vt 0.204300 0.586300
vt 0.156700 0.639300
vt 0.135500 0.665600
vt 0.213800 0.572100
vt 0.188100 0.577900
vt 0.136900 0.689700
vt 0.117300 0.673500
vt 0.141500 0.712700
vt 0.115300 0.693800
vt 0.113900 0.722500
vt 0.097300 0.695000
vt 0.125500 0.658600
vt 0.146800 0.636400
vt 0.112200 0.649800
vt 0.138100 0.635100
vt 0.156700 0.606000
vt 0.170600 0.567600
vt 0.143200 0.601000
vt 0.192400 0.563700
vt 0.161500 0.565100
vt 0.132900 0.571100
vt 0.174700 0.546800
vt 0.212200 0.539000
vt 0.141500 0.538100
vt 0.196400 0.538900
vt 0.181400 0.526800
vt 0.208800 0.514800
vt 0.156200 0.517800
vt 0.168000 0.507400
vt 0.126500 0.481800
vt 0.139200 0.470500
vt 0.194800 0.491800
vt 0.161700 0.467400
vt 0.137200 0.414000
vt 0.113600 0.542100
vt 0.089300 0.492600
vt 0.103500 0.447300
vt 0.087700 0.539800
vt 0.123000 0.410000
vt 0.111300 0.558800
vt 0.151800 0.352400
vt 0.084400 0.561700
vt 0.177800 0.356900
vt 0.087700 0.586700
vt 0.181200 0.300800
vt 0.060600 0.589200
vt 0.107800 0.581200
vt 0.120200 0.592200
vt 0.098400 0.611500
vt 0.124600 0.611400
vt 0.113300 0.616600
vt 0.124400 0.633500
vt 0.100200 0.635800
vt 0.089800 0.615600
vt 0.071600 0.604200
vt 0.062100 0.627700
vt 0.048500 0.629200
vt 0.082800 0.635000
vt 0.065100 0.657900
vt 0.045200 0.668900
vt 0.087300 0.656700
vt 0.075200 0.677500
vt 0.056300 0.692200
vt 0.098300 0.672400
vt 0.068400 0.699800
vt 0.048700 0.704500
vt 0.075300 0.716000
vt 0.058200 0.712100
vt 0.096100 0.719000
vt 0.064300 0.719800
vt 0.081500 0.730700
vt 0.038300 0.731300
vt 0.027600 0.723500
vt 0.013900 0.755000
vt 0.046300 0.735000
vt 0.026700 0.756200
vt 0.015400 0.773000
vt 0.054900 0.737900
vt 0.039300 0.758400
vt 0.032200 0.772400
vt 0.038000 0.788400
vt 0.042000 0.776100
vt 0.050900 0.777400
vt 0.055800 0.758700
vt 0.050900 0.789200
vt 0.021200 0.794800
vt 0.050300 0.804500
vt 0.055400 0.798300
vt 0.038300 0.809900
vt 0.077300 0.742600
vt 0.076500 0.748400
vt 0.078500 0.758600
vt 0.072600 0.759700
vt 0.088300 0.777700
vt 0.093600 0.732800
vt 0.093000 0.773700
vt 0.109300 0.792900
vt 0.092300 0.752800
vt 0.106000 0.743500
vt 0.126000 0.754500
vt 0.122200 0.758500
vt 0.103000 0.767000
vt 0.117300 0.784300
vt 0.150900 0.755700
vt 0.138900 0.771000
vt 0.150000 0.781500
vt 0.138100 0.784300
vt 0.149000 0.788600
vt 0.141500 0.792600
vt 0.160500 0.800200
vt 0.131700 0.799100
vt 0.125300 0.805300
vt 0.137700 0.821300
vt 0.139000 0.803200
vt 0.142600 0.816000
vt 0.170700 0.843500
vt 0.152500 0.804000
vt 0.176200 0.835200
vt 0.195600 0.841300
vt 0.183000 0.829500
vt 0.596600 0.726000
vt 0.584300 0.756000
vt 0.603800 0.661400
vt 0.574500 0.790600
vt 0.592800 0.258400
vt 0.600700 0.771900
vt 0.555300 0.247400
vt 0.537900 0.247900
vt 0.598900 0.246900
vt 0.502600 0.246700
vt 0.553700 0.227300
vt 0.517500 0.202600
vt 0.537000 0.203000
vt 0.502600 0.201700
vt 0.487600 0.202600
vt 0.517800 0.192300
vt 0.502600 0.189700
vt 0.487300 0.192300
vt 0.468100 0.203000
vt 0.451400 0.227300
vt 0.502600 0.179900
vt 0.478400 0.186600
vt 0.460600 0.184300
vt 0.480600 0.143900
vt 0.415500 0.182000
vt 0.526700 0.186600
vt 0.524600 0.143900
vt 0.544600 0.184300
vt 0.589700 0.182000
vt 0.547400 0.140000
vt 0.502600 0.124400
vt 0.550800 0.109500
vt 0.525800 0.100600
vt 0.582600 0.114000
vt 0.563800 0.070200
vt 0.543300 0.063700
vt 0.594000 0.093900
vt 0.602200 0.101900
vt 0.615000 0.099000
vt 0.517100 0.060900
vt 0.527800 0.043300
vt 0.502600 0.075300
vt 0.502600 0.045200
vt 0.502600 0.030900
vt 0.477300 0.043300
vt 0.488000 0.060900
vt 0.461800 0.063700
vt 0.479300 0.100600
vt 0.441300 0.070200
vt 0.454400 0.109500
vt 0.457700 0.140000
vt 0.422600 0.114000
vt 0.411100 0.093900
vt 0.403000 0.101900
vt 0.390100 0.099000
vt 0.394800 0.124300
vt 0.387000 0.166800
vt 0.374600 0.110500
vt 0.366800 0.094100
vt 0.375100 0.135000
vt 0.358300 0.117400
vt 0.353200 0.112100
vt 0.349000 0.138700
vt 0.358900 0.152400
vt 0.374400 0.157600
vt 0.360300 0.189600
vt 0.368200 0.204500
vt 0.340500 0.205900
vt 0.389200 0.224300
vt 0.340600 0.228600
vt 0.315900 0.207100
vt 0.351700 0.252100
vt 0.311800 0.234000
vt 0.296200 0.203200
vt 0.309900 0.277300
vt 0.288700 0.229400
vt 0.269400 0.220300
vt 0.279200 0.190000
vt 0.256700 0.189300
vt 0.229400 0.211500
vt 0.277000 0.262800
vt 0.248300 0.236300
vt 0.206200 0.246200
vt 0.260800 0.277100
vt 0.224800 0.270400
vt 0.288900 0.325500
vt 0.242800 0.300600
vt 0.202200 0.311500
vt 0.225200 0.336600
vt 0.306100 0.340300
vt 0.265400 0.366400
vt 0.281200 0.376900
vt 0.279500 0.420600
vt 0.202600 0.380500
vt 0.159300 0.412900
vt 0.304900 0.621800
vt 0.189100 0.428900
vt 0.249500 0.410100
vt 0.188300 0.467000
vt 0.239100 0.448000
vt 0.268200 0.417600
vt 0.213900 0.482000
vt 0.266000 0.461100
vt 0.258600 0.459000
vt 0.232700 0.473600
vt 0.290800 0.588500
vt 0.268700 0.513600
vt 0.255600 0.497800
vt 0.280400 0.593200
vt 0.268000 0.546000
vt 0.245000 0.576100
vt 0.240900 0.562600
vt 0.253600 0.529600
vt 0.225800 0.533900
vt 0.235600 0.516100
vt 0.237500 0.498000
vt 0.227500 0.500700
vt 0.218100 0.506200
vt 0.232400 0.483100
vt 0.222900 0.487200
vt 0.554700 0.797000
vt 0.538300 0.841600
vt 0.569500 0.843000
vt 0.519500 0.856300
vt 0.532200 0.860700
vt 0.502600 0.861200
vt 0.545000 0.849600
vt 0.518400 0.867800
vt 0.534600 0.870200
vt 0.502600 0.875800
vt 0.544900 0.876600
vt 0.552700 0.861800
vt 0.562900 0.864200
vt 0.535200 0.893500
vt 0.570100 0.861200
vt 0.520300 0.877300
vt 0.502600 0.899500
vt 0.484800 0.877300
vt 0.469900 0.893500
vt 0.486700 0.867800
vt 0.470500 0.870200
vt 0.472900 0.860700
vt 0.678700 0.677200
vt 0.669100 0.702400
vt 0.668300 0.665600
vt 0.694700 0.725300
vt 0.646800 0.697100
vt 0.717300 0.695600
vt 0.651300 0.740800
vt 0.691000 0.729800
vt 0.620400 0.702900
vt 0.697500 0.779200
vt 0.646600 0.659300
vt 0.672900 0.764800
vt 0.705400 0.780200
vt 0.620500 0.749400
vt 0.630200 0.755900
vt 0.651300 0.750100
vt 0.623100 0.786000
vt 0.644100 0.777000
vt 0.610000 0.793100
vt 0.667300 0.788000
vt 0.653200 0.792200
vt 0.638700 0.815600
vt 0.686100 0.810900
vt 0.662500 0.823700
vt 0.693200 0.820800
vt 0.634900 0.824000
vt 0.663200 0.834400
vt 0.651100 0.860200
vt 0.605700 0.817400
vt 0.624100 0.843000
vt 0.616500 0.860000
vt 0.677100 0.862600
vt 0.698400 0.853400
vt 0.711400 0.832300
vt 0.725000 0.823000
vt 0.718900 0.860900
vt 0.703300 0.869800
vt 0.679200 0.877500
vt 0.648000 0.877800
vt 0.710800 0.883300
vt 0.681600 0.897000
vt 0.642200 0.904400
vt 0.606500 0.901200
vt 0.581700 0.880500
vt 0.728100 0.870000
vt 0.737000 0.875400
vt 0.597500 0.831200
vt 0.745100 0.854300
vt 0.754600 0.868400
vt 0.724900 0.848900
vt 0.734700 0.849300
vt 0.742800 0.830000
vt 0.758600 0.849500
vt 0.764600 0.854700
vt 0.748400 0.837500
vt 0.754200 0.816200
vt 0.735600 0.813400
vt 0.730700 0.787200
vt 0.747300 0.798800
vt 0.725800 0.741000
vt 0.754900 0.772800
vt 0.764100 0.799200
vt 0.780100 0.754400
vt 0.790500 0.795600
vt 0.764900 0.814100
vt 0.778300 0.811700
vt 0.763100 0.833100
vt 0.776700 0.819400
vt 0.770500 0.841800
vt 0.776600 0.840800
vt 0.783500 0.842900
vt 0.783900 0.829800
vt 0.800700 0.836600
vt 0.791700 0.821600
vt 0.817300 0.825000
vt 0.801600 0.801800
vt 0.806000 0.776400
vt 0.823400 0.802200
vt 0.822100 0.829500
vt 0.809500 0.841300
vt 0.840100 0.796300
vt 0.793800 0.771600
vt 0.829200 0.773500
vt 0.806700 0.756200
vt 0.794300 0.752100
vt 0.796000 0.737200
vt 0.829100 0.742700
vt 0.810300 0.741400
vt 0.844900 0.767100
vt 0.819000 0.725100
vt 0.813000 0.718800
vt 0.845900 0.737300
vt 0.827700 0.716600
vt 0.836800 0.714200
vt 0.815100 0.681000
vt 0.835000 0.704600
vt 0.841100 0.695500
vt 0.735900 0.657700
vt 0.855100 0.736600
vt 0.854300 0.755700
vt 0.855200 0.781500
vt 0.863600 0.712700
vt 0.891300 0.722500
vt 0.879100 0.754500
vt 0.866200 0.771000
vt 0.882900 0.758500
vt 0.867000 0.784300
vt 0.863700 0.792600
vt 0.856100 0.788600
vt 0.844600 0.800200
vt 0.852600 0.804000
vt 0.866100 0.803200
vt 0.828900 0.835200
vt 0.834400 0.843500
vt 0.862500 0.816000
vt 0.867400 0.821300
vt 0.873400 0.799100
vt 0.879900 0.805300
vt 0.895800 0.792900
vt 0.887800 0.784300
vt 0.912200 0.773700
vt 0.916800 0.777700
vt 0.902100 0.767000
vt 0.926600 0.758600
vt 0.932500 0.759700
vt 0.912800 0.752800
vt 0.927800 0.742600
vt 0.899100 0.743500
vt 0.911500 0.732800
vt 0.923600 0.730700
vt 0.909000 0.719000
vt 0.889900 0.693800
vt 0.929800 0.716000
vt 0.868200 0.689700
vt 0.907800 0.695000
vt 0.887800 0.673500
vt 0.851200 0.676800
vt 0.936700 0.699800
vt 0.822500 0.671500
vt 0.869600 0.665600
vt 0.835100 0.659000
vt 0.797300 0.650700
vt 0.806200 0.645700
vt 0.848400 0.639300
vt 0.757600 0.621800
vt 0.786400 0.617200
vt 0.819900 0.637300
vt 0.794800 0.614700
vt 0.781300 0.589300
vt 0.808100 0.609400
vt 0.838600 0.607900
vt 0.790900 0.590300
vt 0.800900 0.586300
vt 0.791300 0.572100
vt 0.817000 0.577900
vt 0.858300 0.636400
vt 0.848500 0.606000
vt 0.879600 0.658600
vt 0.867000 0.635100
vt 0.892900 0.649800
vt 0.906800 0.672400
vt 0.929900 0.677500
vt 0.917800 0.656700
vt 0.904900 0.635800
vt 0.880700 0.633500
vt 0.891800 0.616600
vt 0.880600 0.611400
vt 0.906700 0.611500
vt 0.861900 0.601000
vt 0.884900 0.592200
vt 0.872200 0.571100
vt 0.897300 0.581200
vt 0.917500 0.586700
vt 0.893800 0.558800
vt 0.843600 0.565100
vt 0.863600 0.538100
vt 0.834500 0.567600
vt 0.830500 0.546800
vt 0.812700 0.563700
vt 0.808700 0.538900
vt 0.792900 0.539000
vt 0.823800 0.526800
vt 0.796300 0.514800
vt 0.848900 0.517800
vt 0.837100 0.507400
vt 0.878700 0.481800
vt 0.810300 0.491800
vt 0.866000 0.470500
vt 0.843500 0.467400
vt 0.867900 0.414000
vt 0.891500 0.542100
vt 0.915900 0.492600
vt 0.917400 0.539800
vt 0.901600 0.447300
vt 0.920700 0.561700
vt 0.882200 0.410000
vt 0.853300 0.352400
vt 0.944500 0.589200
vt 0.827300 0.356900
vt 0.933500 0.604200
vt 0.823900 0.300800
vt 0.943000 0.627700
vt 0.956600 0.629200
vt 0.915300 0.615600
vt 0.922300 0.635000
vt 0.940000 0.657900
vt 0.959900 0.668900
vt 0.948900 0.692200
vt 0.956400 0.704500
vt 0.946900 0.712100
vt 0.940800 0.719800
vt 0.966900 0.731300
vt 0.977500 0.723500
vt 0.991200 0.755000
vt 0.958800 0.735000
vt 0.978500 0.756200
vt 0.989700 0.773000
vt 0.950200 0.737900
vt 0.965800 0.758400
vt 0.949300 0.758700
vt 0.928600 0.748400
vt 0.954200 0.777400
vt 0.972900 0.772400
vt 0.963100 0.776100
vt 0.967100 0.788400
vt 0.954200 0.789200
vt 0.983900 0.794800
vt 0.954800 0.804500
vt 0.949700 0.798300
vt 0.966800 0.809900
vt 0.594800 0.785900
vt 0.582700 0.779800
vt 0.599600 0.804500
vt 0.589400 0.793600
vt 0.598900 0.815900
vt 0.589300 0.810000
vt 0.586600 0.825100
vt 0.760100 0.576100
vt 0.724700 0.593200
vt 0.764200 0.562600
vt 0.708300 0.628900
vt 0.737100 0.546000
vt 0.779300 0.533900
vt 0.751500 0.529600
vt 0.777600 0.500700
vt 0.769600 0.516100
vt 0.749500 0.497800
vt 0.736400 0.513600
vt 0.714300 0.588500
vt 0.767600 0.498000
vt 0.772700 0.483100
vt 0.772400 0.473600
vt 0.746500 0.459000
vt 0.739100 0.461100
vt 0.700200 0.621800
vt 0.736900 0.417600
vt 0.725600 0.420600
vt 0.684000 0.648800
vt 0.692300 0.657200
vt 0.709400 0.382500
vt 0.724000 0.376900
vt 0.687700 0.347800
vt 0.699000 0.340300
vt 0.755600 0.410100
vt 0.662400 0.317400
vt 0.671900 0.305200
vt 0.628900 0.289300
vt 0.637200 0.274900
vt 0.716200 0.325500
vt 0.653500 0.252100
vt 0.739700 0.366400
vt 0.695200 0.277300
vt 0.779900 0.336600
vt 0.802500 0.380500
vt 0.762300 0.300600
vt 0.816100 0.428900
vt 0.744300 0.277100
vt 0.802900 0.311500
vt 0.845900 0.412900
vt 0.780300 0.270400
vt 0.798900 0.246200
vt 0.756800 0.236300
vt 0.775700 0.211500
vt 0.735700 0.220300
vt 0.748400 0.189300
vt 0.725900 0.190000
vt 0.708900 0.203200
vt 0.728100 0.262800
vt 0.716400 0.229400
vt 0.693300 0.234000
vt 0.689300 0.207100
vt 0.664500 0.228600
vt 0.664600 0.205900
vt 0.636900 0.204500
vt 0.644900 0.189600
vt 0.618100 0.166800
vt 0.615900 0.224300
vt 0.630700 0.157600
vt 0.630000 0.135000
vt 0.646200 0.152400
vt 0.610300 0.124300
vt 0.656100 0.138700
vt 0.630600 0.110500
vt 0.638300 0.094100
vt 0.646800 0.117400
vt 0.652000 0.112100
vt 0.791200 0.482000
vt 0.787000 0.506200
vt 0.782200 0.487200
vt 0.816800 0.467000
vt 0.766000 0.448000
vt 0.927800 0.742600
vt 0.928600 0.748400
vt 0.932500 0.759700
vt 0.077300 0.742600
vt 0.072600 0.759700
vt 0.076500 0.748400
vt 0.532700 0.704000
vt 0.525800 0.671300
vt 0.544000 0.686800
vt 0.514300 0.696800
vt 0.502600 0.666200
vt 0.520400 0.741200
vt 0.502600 0.693900
vt 0.537000 0.747000
vt 0.551700 0.751100
vt 0.537900 0.783400
vt 0.559800 0.706400
vt 0.502600 0.742400
vt 0.566800 0.688600
vt 0.513300 0.784200
vt 0.515000 0.835400
vt 0.484700 0.741200
vt 0.502600 0.786300
vt 0.491900 0.784200
vt 0.502600 0.831600
vt 0.490100 0.835400
vt 0.502600 0.845800
vt 0.467200 0.783400
vt 0.485600 0.856300
vt 0.466800 0.841600
vt 0.468100 0.747000
vt 0.490800 0.696800
vt 0.472500 0.704000
vt 0.453400 0.751100
vt 0.479300 0.671300
vt 0.461100 0.686800
vt 0.467300 0.247900
vt 0.445300 0.706400
vt 0.450400 0.797000
vt 0.430600 0.790600
vt 0.449800 0.247400
vt 0.412300 0.258400
vt 0.438300 0.688600
vt 0.420900 0.756000
vt 0.408500 0.726000
vt 0.401300 0.661400
vt 0.406200 0.246900
vt 0.404400 0.771900
vt 0.376200 0.289300
vt 0.422500 0.779800
vt 0.384600 0.749400
vt 0.367900 0.274900
vt 0.342700 0.317400
vt 0.384700 0.702900
vt 0.358500 0.659300
vt 0.333200 0.305200
vt 0.358400 0.697100
vt 0.317400 0.347800
vt 0.336800 0.665600
vt 0.353800 0.740800
vt 0.336000 0.702400
vt 0.295700 0.382500
vt 0.326500 0.677200
vt 0.310400 0.725300
vt 0.312800 0.657200
vt 0.314100 0.729800
vt 0.332200 0.764800
vt 0.287900 0.695600
vt 0.321100 0.648800
vt 0.296900 0.628900
vt 0.307600 0.779200
vt 0.269200 0.657700
vt 0.279400 0.741000
vt 0.299700 0.780200
vt 0.311900 0.820800
vt 0.225000 0.754400
vt 0.319000 0.810900
vt 0.337800 0.788000
vt 0.274400 0.787200
vt 0.341900 0.834400
vt 0.280100 0.823000
vt 0.250200 0.772800
vt 0.342600 0.823700
vt 0.351900 0.792200
vt 0.366400 0.815600
vt 0.361000 0.777000
vt 0.382000 0.786000
vt 0.370200 0.824000
vt 0.353800 0.750100
vt 0.374900 0.755900
vt 0.395100 0.793100
vt 0.410300 0.785900
vt 0.399400 0.817400
vt 0.415700 0.793600
vt 0.405500 0.804500
vt 0.415800 0.810000
vt 0.418500 0.825100
vt 0.406200 0.815900
vt 0.407600 0.831200
vt 0.435600 0.843000
vt 0.435000 0.861200
vt 0.423500 0.880500
vt 0.442200 0.864200
vt 0.388600 0.860000
vt 0.398600 0.901200
vt 0.460100 0.849600
vt 0.452500 0.861800
vt 0.460300 0.876600
vt 0.362900 0.904400
vt 0.381000 0.843000
vt 0.357100 0.877800
vt 0.323500 0.897000
vt 0.354000 0.860200
vt 0.325900 0.877500
vt 0.294300 0.883300
vt 0.328000 0.862600
vt 0.301800 0.869800
vt 0.277000 0.870000
vt 0.306800 0.853400
vt 0.268100 0.875400
vt 0.286200 0.860900
vt 0.293700 0.832300
vt 0.280200 0.848900
vt 0.260000 0.854300
vt 0.270400 0.849300
vt 0.250500 0.868400
vt 0.262300 0.830000
vt 0.269500 0.813400
vt 0.256700 0.837500
vt 0.246500 0.849500
vt 0.240500 0.854700
vt 0.250900 0.816200
vt 0.257900 0.798800
vt 0.242000 0.833100
vt 0.241000 0.799200
vt 0.240300 0.814100
vt 0.234600 0.841800
vt 0.228500 0.840800
vt 0.221700 0.842900
vt 0.221200 0.829800
vt 0.204500 0.836600
vt 0.228400 0.819400
vt 0.226800 0.811700
vt 0.213400 0.821600
vt 0.214600 0.795600
vt 0.187900 0.825000
vt 0.203500 0.801800
vt 0.211400 0.771600
vt 0.210800 0.752100
vt 0.199100 0.776400
vt 0.181700 0.802200
vt 0.198400 0.756200
vt 0.175900 0.773500
vt 0.165000 0.796300
vt 0.209200 0.737200
vt 0.194900 0.741400
vt 0.176100 0.742700
vt 0.160200 0.767100
vt 0.186100 0.725100
vt 0.192100 0.718800
vt 0.159200 0.737300
vt 0.177400 0.716600
vt 0.190000 0.681000
vt 0.168400 0.714200
vt 0.170100 0.704600
vt 0.164000 0.695500
vt 0.207800 0.650700
vt 0.150000 0.736600
vt 0.182700 0.671500
vt 0.247500 0.621800
vt 0.154000 0.676800
vt 0.199000 0.645700
vt 0.170000 0.659000
vt 0.218700 0.617200
vt 0.185200 0.637300
vt 0.210400 0.614700
vt 0.223800 0.589300
vt 0.214200 0.590300
vt 0.197000 0.609400
vt 0.166500 0.607900
vt 0.204300 0.586300
vt 0.156700 0.639300
vt 0.135500 0.665600
vt 0.213800 0.572100
vt 0.188100 0.577900
vt 0.136900 0.689700
vt 0.117300 0.673500
vt 0.141500 0.712700
vt 0.115300 0.693800
vt 0.113900 0.722500
vt 0.097300 0.695000
vt 0.125500 0.658600
vt 0.146800 0.636400
vt 0.112200 0.649800
vt 0.138100 0.635100
vt 0.156700 0.606000
vt 0.170600 0.567600
vt 0.143200 0.601000
vt 0.192400 0.563700
vt 0.161500 0.565100
vt 0.132900 0.571100
vt 0.174700 0.546800
vt 0.212200 0.539000
vt 0.141500 0.538100
vt 0.196400 0.538900
vt 0.181400 0.526800
vt 0.208800 0.514800
vt 0.156200 0.517800
vt 0.168000 0.507400
vt 0.126500 0.481800
vt 0.139200 0.470500
vt 0.194800 0.491800
vt 0.161700 0.467400
vt 0.137200 0.414000
vt 0.113600 0.542100
vt 0.089300 0.492600
vt 0.103500 0.447300
vt 0.087700 0.539800
vt 0.123000 0.410000
vt 0.111300 0.558800
vt 0.151800 0.352400
vt 0.084400 0.561700
vt 0.177800 0.356900
vt 0.087700 0.586700
vt 0.181200 0.300800
vt 0.060600 0.589200
vt 0.107800 0.581200
vt 0.120200 0.592200
vt 0.098400 0.611500
vt 0.124600 0.611400
vt 0.113300 0.616600
vt 0.124400 0.633500
vt 0.100200 0.635800
vt 0.089800 0.615600
vt 0.071600 0.604200
vt 0.062100 0.627700
vt 0.048500 0.629200
vt 0.082800 0.635000
vt 0.065100 0.657900
vt 0.045200 0.668900
vt 0.087300 0.656700
vt 0.075200 0.677500
vt 0.056300 0.692200
vt 0.098300 0.672400
vt 0.068400 0.699800
vt 0.048700 0.704500
vt 0.075300 0.716000
vt 0.058200 0.712100
vt 0.096100 0.719000
vt 0.064300 0.719800
vt 0.081500 0.730700
vt 0.038300 0.731300
vt 0.027600 0.723500
vt 0.013900 0.755000
vt 0.046300 0.735000
vt 0.026700 0.756200
vt 0.015400 0.773000
vt 0.054900 0.737900
vt 0.039300 0.758400
vt 0.032200 0.772400
vt 0.038000 0.788400
vt 0.042000 0.776100
vt 0.050900 0.777400
vt 0.055800 0.758700
vt 0.050900 0.789200
vt 0.021200 0.794800
vt 0.050300 0.804500
vt 0.055400 0.798300
vt 0.038300 0.809900
vt 0.077300 0.742600
vt 0.076500 0.748400
vt 0.078500 0.758600
vt 0.072600 0.759700
vt 0.088300 0.777700
vt 0.093600 0.732800
vt 0.093000 0.773700
vt 0.109300 0.792900
vt 0.092300 0.752800
vt 0.106000 0.743500
vt 0.126000 0.754500
vt 0.122200 0.758500
vt 0.103000 0.767000
vt 0.117300 0.784300
vt 0.150900 0.755700
vt 0.138900 0.771000
vt 0.150000 0.781500
vt 0.138100 0.784300
vt 0.149000 0.788600
vt 0.141500 0.792600
vt 0.160500 0.800200
vt 0.131700 0.799100
vt 0.125300 0.805300
vt 0.137700 0.821300
vt 0.139000 0.803200
vt 0.142600 0.816000
vt 0.170700 0.843500
vt 0.152500 0.804000
vt 0.176200 0.835200
vt 0.195600 0.841300
vt 0.183000 0.829500
vt 0.596600 0.726000
vt 0.584300 0.756000
vt 0.603800 0.661400
vt 0.574500 0.790600
vt 0.592800 0.258400
vt 0.600700 0.771900
vt 0.555300 0.247400
vt 0.537900 0.247900
vt 0.598900 0.246900
vt 0.502600 0.246700
vt 0.553700 0.227300
vt 0.517500 0.202600
vt 0.537000 0.203000
vt 0.502600 0.201700
vt 0.487600 0.202600
vt 0.517800 0.192300
vt 0.502600 0.189700
vt 0.487300 0.192300
vt 0.468100 0.203000
vt 0.451400 0.227300
vt 0.502600 0.179900
vt 0.478400 0.186600
vt 0.460600 0.184300
vt 0.480600 0.143900
vt 0.415500 0.182000
vt 0.526700 0.186600
vt 0.524600 0.143900
vt 0.544600 0.184300
vt 0.589700 0.182000
vt 0.547400 0.140000
vt 0.502600 0.124400
vt 0.550800 0.109500
vt 0.525800 0.100600
vt 0.582600 0.114000
vt 0.563800 0.070200
vt 0.543300 0.063700
vt 0.594000 0.093900
vt 0.602200 0.101900
vt 0.615000 0.099000
vt 0.517100 0.060900
vt 0.527800 0.043300
vt 0.502600 0.075300
vt 0.502600 0.045200
vt 0.502600 0.030900
vt 0.477300 0.043300
vt 0.488000 0.060900
vt 0.461800 0.063700
vt 0.479300 0.100600
vt 0.441300 0.070200
vt 0.454400 0.109500
vt 0.457700 0.140000
vt 0.422600 0.114000
vt 0.411100 0.093900
vt 0.403000 0.101900
vt 0.390100 0.099000
vt 0.394800 0.124300
vt 0.387000 0.166800
vt 0.374600 0.110500
vt 0.366800 0.094100
vt 0.375100 0.135000
vt 0.358300 0.117400
vt 0.353200 0.112100
vt 0.349000 0.138700
vt 0.358900 0.152400
vt 0.374400 0.157600
vt 0.360300 0.189600
vt 0.368200 0.204500
vt 0.340500 0.205900
vt 0.389200 0.224300
vt 0.340600 0.228600
vt 0.315900 0.207100
vt 0.351700 0.252100
vt 0.311800 0.234000
vt 0.296200 0.203200
vt 0.309900 0.277300
vt 0.288700 0.229400
vt 0.269400 0.220300
vt 0.279200 0.190000
vt 0.256700 0.189300
vt 0.229400 0.211500
vt 0.277000 0.262800
vt 0.248300 0.236300
vt 0.206200 0.246200
vt 0.260800 0.277100
vt 0.224800 0.270400
vt 0.288900 0.325500
vt 0.242800 0.300600
vt 0.202200 0.311500
vt 0.225200 0.336600
vt 0.306100 0.340300
vt 0.265400 0.366400
vt 0.281200 0.376900
vt 0.279500 0.420600
vt 0.202600 0.380500
vt 0.159300 0.412900
vt 0.304900 0.621800
vt 0.189100 0.428900
vt 0.249500 0.410100
vt 0.188300 0.467000
vt 0.239100 0.448000
vt 0.268200 0.417600
vt 0.213900 0.482000
vt 0.266000 0.461100
vt 0.258600 0.459000
vt 0.232700 0.473600
vt 0.290800 0.588500
vt 0.268700 0.513600
vt 0.255600 0.497800
vt 0.280400 0.593200
vt 0.268000 0.546000
vt 0.245000 0.576100
vt 0.240900 0.562600
vt 0.253600 0.529600
vt 0.225800 0.533900
vt 0.235600 0.516100
vt 0.237500 0.498000
vt 0.227500 0.500700
vt 0.218100 0.506200
vt 0.232400 0.483100
vt 0.222900 0.487200
vt 0.554700 0.797000
vt 0.538300 0.841600
vt 0.569500 0.843000
vt 0.519500 0.856300
vt 0.532200 0.860700
vt 0.502600 0.861200
vt 0.545000 0.849600
vt 0.518400 0.867800
vt 0.534600 0.870200
vt 0.502600 0.875800
vt 0.544900 0.876600
vt 0.552700 0.861800
vt 0.562900 0.864200
vt 0.535200 0.893500
vt 0.570100 0.861200
vt 0.520300 0.877300
vt 0.502600 0.899500
vt 0.484800 0.877300
vt 0.469900 0.893500
vt 0.486700 0.867800
vt 0.470500 0.870200
vt 0.472900 0.860700
vt 0.678700 0.677200
vt 0.669100 0.702400
vt 0.668300 0.665600
vt 0.694700 0.725300
vt 0.646800 0.697100
vt 0.717300 0.695600
vt 0.651300 0.740800
vt 0.691000 0.729800
vt 0.620400 0.702900
vt 0.697500 0.779200
vt 0.646600 0.659300
vt 0.672900 0.764800
vt 0.705400 0.780200
vt 0.620500 0.749400
vt 0.630200 0.755900
vt 0.651300 0.750100
vt 0.623100 0.786000
vt 0.644100 0.777000
vt 0.610000 0.793100
vt 0.667300 0.788000
vt 0.653200 0.792200
vt 0.638700 0.815600
vt 0.686100 0.810900
vt 0.662500 0.823700
vt 0.693200 0.820800
vt 0.634900 0.824000
vt 0.663200 0.834400
vt 0.651100 0.860200
vt 0.605700 0.817400
vt 0.624100 0.843000
vt 0.616500 0.860000
vt 0.677100 0.862600
vt 0.698400 0.853400
vt 0.711400 0.832300
vt 0.725000 0.823000
vt 0.718900 0.860900
vt 0.703300 0.869800
vt 0.679200 0.877500
vt 0.648000 0.877800
vt 0.710800 0.883300
vt 0.681600 0.897000
vt 0.642200 0.904400
vt 0.606500 0.901200
vt 0.581700 0.880500
vt 0.728100 0.870000
vt 0.737000 0.875400
vt 0.597500 0.831200
vt 0.745100 0.854300
vt 0.754600 0.868400
vt 0.724900 0.848900
vt 0.734700 0.849300
vt 0.742800 0.830000
vt 0.758600 0.849500
vt 0.764600 0.854700
vt 0.748400 0.837500
vt 0.754200 0.816200
vt 0.735600 0.813400
vt 0.730700 0.787200
vt 0.747300 0.798800
vt 0.725800 0.741000
vt 0.754900 0.772800
vt 0.764100 0.799200
vt 0.780100 0.754400
vt 0.790500 0.795600
vt 0.764900 0.814100
vt 0.778300 0.811700
vt 0.763100 0.833100
vt 0.776700 0.819400
vt 0.770500 0.841800
vt 0.776600 0.840800
vt 0.783500 0.842900
vt 0.783900 0.829800
vt 0.800700 0.836600
vt 0.791700 0.821600
vt 0.817300 0.825000
vt 0.801600 0.801800
vt 0.806000 0.776400
vt 0.823400 0.802200
vt 0.822100 0.829500
vt 0.809500 0.841300
vt 0.840100 0.796300
vt 0.793800 0.771600
vt 0.829200 0.773500
vt 0.806700 0.756200
vt 0.794300 0.752100
vt 0.796000 0.737200
vt 0.829100 0.742700
vt 0.810300 0.741400
vt 0.844900 0.767100
vt 0.819000 0.725100
vt 0.813000 0.718800
vt 0.845900 0.737300
vt 0.827700 0.716600
vt 0.836800 0.714200
vt 0.815100 0.681000
vt 0.835000 0.704600
vt 0.841100 0.695500
vt 0.735900 0.657700
vt 0.855100 0.736600
vt 0.854300 0.755700
vt 0.855200 0.781500
vt 0.863600 0.712700
vt 0.891300 0.722500
vt 0.879100 0.754500
vt 0.866200 0.771000
vt 0.882900 0.758500
vt 0.867000 0.784300
vt 0.863700 0.792600
vt 0.856100 0.788600
vt 0.844600 0.800200
vt 0.852600 0.804000
vt 0.866100 0.803200
vt 0.828900 0.835200
vt 0.834400 0.843500
vt 0.862500 0.816000
vt 0.867400 0.821300
vt 0.873400 0.799100
vt 0.879900 0.805300
vt 0.895800 0.792900
vt 0.887800 0.784300
vt 0.912200 0.773700
vt 0.916800 0.777700
vt 0.902100 0.767000
vt 0.926600 0.758600
vt 0.932500 0.759700
vt 0.912800 0.752800
vt 0.927800 0.742600
vt 0.899100 0.743500
vt 0.911500 0.732800
vt 0.923600 0.730700
vt 0.909000 0.719000
vt 0.889900 0.693800
vt 0.929800 0.716000
vt 0.868200 0.689700
vt 0.907800 0.695000
vt 0.887800 0.673500
vt 0.851200 0.676800
vt 0.936700 0.699800
vt 0.822500 0.671500
vt 0.869600 0.665600
vt 0.835100 0.659000
vt 0.797300 0.650700
vt 0.806200 0.645700
vt 0.848400 0.639300
vt 0.757600 0.621800
vt 0.786400 0.617200
vt 0.819900 0.637300
vt 0.794800 0.614700
vt 0.781300 0.589300
vt 0.808100 0.609400
vt 0.838600 0.607900
vt 0.790900 0.590300
vt 0.800900 0.586300
vt 0.791300 0.572100
vt 0.817000 0.577900
vt 0.858300 0.636400
vt 0.848500 0.606000
vt 0.879600 0.658600
vt 0.867000 0.635100
vt 0.892900 0.649800
vt 0.906800 0.672400
vt 0.929900 0.677500
vt 0.917800 0.656700
vt 0.904900 0.635800
vt 0.880700 0.633500
vt 0.891800 0.616600
vt 0.880600 0.611400
vt 0.906700 0.611500
vt 0.861900 0.601000
vt 0.884900 0.592200
vt 0.872200 0.571100
vt 0.897300 0.581200
vt 0.917500 0.586700
vt 0.893800 0.558800
vt 0.843600 0.565100
vt 0.863600 0.538100
vt 0.834500 0.567600
vt 0.830500 0.546800
vt 0.812700 0.563700
vt 0.808700 0.538900
vt 0.792900 0.539000
vt 0.823800 0.526800
vt 0.796300 0.514800
vt 0.848900 0.517800
vt 0.837100 0.507400
vt 0.878700 0.481800
vt 0.810300 0.491800
vt 0.866000 0.470500
vt 0.843500 0.467400
vt 0.867900 0.414000
vt 0.891500 0.542100
vt 0.915900 0.492600
vt 0.917400 0.539800
vt 0.901600 0.447300
vt 0.920700 0.561700
vt 0.882200 0.410000
vt 0.853300 0.352400
vt 0.944500 0.589200
vt 0.827300 0.356900
vt 0.933500 0.604200
vt 0.823900 0.300800
vt 0.943000 0.627700
vt 0.956600 0.629200
vt 0.915300 0.615600
vt 0.922300 0.635000
vt 0.940000 0.657900
vt 0.959900 0.668900
vt 0.948900 0.692200
vt 0.956400 0.704500
vt 0.946900 0.712100
vt 0.940800 0.719800
vt 0.966900 0.731300
vt 0.977500 0.723500
vt 0.991200 0.755000
vt 0.958800 0.735000
vt 0.978500 0.756200
vt 0.989700 0.773000
vt 0.950200 0.737900
vt 0.965800 0.758400
vt 0.949300 0.758700
vt 0.928600 0.748400
vt 0.954200 0.777400
vt 0.972900 0.772400
vt 0.963100 0.776100
vt 0.967100 0.788400
vt 0.954200 0.789200
vt 0.983900 0.794800
vt 0.954800 0.804500
vt 0.949700 0.798300
vt 0.966800 0.809900
vt 0.594800 0.785900
vt 0.582700 0.779800
vt 0.599600 0.804500
vt 0.589400 0.793600
vt 0.598900 0.815900
vt 0.589300 0.810000
vt 0.586600 0.825100
vt 0.760100 0.576100
vt 0.724700 0.593200
vt 0.764200 0.562600
vt 0.708300 0.628900
vt 0.737100 0.546000
vt 0.779300 0.533900
vt 0.751500 0.529600
vt 0.777600 0.500700
vt 0.769600 0.516100
vt 0.749500 0.497800
vt 0.736400 0.513600
vt 0.714300 0.588500
vt 0.767600 0.498000
vt 0.772700 0.483100
vt 0.772400 0.473600
vt 0.746500 0.459000
vt 0.739100 0.461100
vt 0.700200 0.621800
vt 0.736900 0.417600
vt 0.725600 0.420600
vt 0.684000 0.648800
vt 0.692300 0.657200
vt 0.709400 0.382500
vt 0.724000 0.376900
vt 0.687700 0.347800
vt 0.699000 0.340300
vt 0.755600 0.410100
vt 0.662400 0.317400
vt 0.671900 0.305200
vt 0.628900 0.289300
vt 0.637200 0.274900
vt 0.716200 0.325500
vt 0.653500 0.252100
vt 0.739700 0.366400
vt 0.695200 0.277300
vt 0.779900 0.336600
vt 0.802500 0.380500
vt 0.762300 0.300600
vt 0.816100 0.428900
vt 0.744300 0.277100
vt 0.802900 0.311500
vt 0.845900 0.412900
vt 0.780300 0.270400
vt 0.798900 0.246200
vt 0.756800 0.236300
vt 0.775700 0.211500
vt 0.735700 0.220300
vt 0.748400 0.189300
vt 0.725900 0.190000
vt 0.708900 0.203200
vt 0.728100 0.262800
vt 0.716400 0.229400
vt 0.693300 0.234000
vt 0.689300 0.207100
vt 0.664500 0.228600
vt 0.664600 0.205900
vt 0.636900 0.204500
vt 0.644900 0.189600
vt 0.618100 0.166800
vt 0.615900 0.224300
vt 0.630700 0.157600
vt 0.630000 0.135000
vt 0.646200 0.152400
vt 0.610300 0.124300
vt 0.656100 0.138700
vt 0.630600 0.110500
vt 0.638300 0.094100
vt 0.646800 0.117400
vt 0.652000 0.112100
vt 0.791200 0.482000
vt 0.787000 0.506200
vt 0.782200 0.487200
vt 0.816800 0.467000
vt 0.766000 0.448000
vt 0.927800 0.742600
vt 0.928600 0.748400
vt 0.932500 0.759700
vt 0.077300 0.742600
vt 0.072600 0.759700
vt 0.076500 0.748400
vt 0.532700 0.704000
vt 0.525800 0.671300
vt 0.544000 0.686800
vt 0.514300 0.696800
vt 0.502600 0.666200
vt 0.520400 0.741200
vt 0.502600 0.693900
vt 0.537000 0.747000
vt 0.551700 0.751100
vt 0.537900 0.783400
vt 0.559800 0.706400
vt 0.502600 0.742400
vt 0.566800 0.688600
vt 0.513300 0.784200
vt 0.515000 0.835400
vt 0.484700 0.741200
vt 0.502600 0.786300
vt 0.491900 0.784200
vt 0.502600 0.831600
vt 0.490100 0.835400
vt 0.502600 0.845800
vt 0.467200 0.783400
vt 0.485600 0.856300
vt 0.466800 0.841600
vt 0.468100 0.747000
vt 0.490800 0.696800
vt 0.472500 0.704000
vt 0.453400 0.751100
vt 0.479300 0.671300
vt 0.461100 0.686800
vt 0.467300 0.247900
vt 0.445300 0.706400
vt 0.450400 0.797000
vt 0.430600 0.790600
vt 0.449800 0.247400
vt 0.412300 0.258400
vt 0.438300 0.688600
vt 0.420900 0.756000
vt 0.408500 0.726000
vt 0.401300 0.661400
vt 0.406200 0.246900
vt 0.404400 0.771900
vt 0.376200 0.289300
vt 0.422500 0.779800
vt 0.384600 0.749400
vt 0.367900 0.274900
vt 0.342700 0.317400
vt 0.384700 0.702900
vt 0.358500 0.659300
vt 0.333200 0.305200
vt 0.358400 0.697100
vt 0.317400 0.347800
vt 0.336800 0.665600
vt 0.353800 0.740800
vt 0.336000 0.702400
vt 0.295700 0.382500
vt 0.326500 0.677200
vt 0.310400 0.725300
vt 0.312800 0.657200
vt 0.314100 0.729800
vt 0.332200 0.764800
vt 0.287900 0.695600
vt 0.321100 0.648800
vt 0.296900 0.628900
vt 0.307600 0.779200
vt 0.269200 0.657700
vt 0.279400 0.741000
vt 0.299700 0.780200
vt 0.311900 0.820800
vt 0.225000 0.754400
vt 0.319000 0.810900
vt 0.337800 0.788000
vt 0.274400 0.787200
vt 0.341900 0.834400
vt 0.280100 0.823000
vt 0.250200 0.772800
vt 0.342600 0.823700
vt 0.351900 0.792200
vt 0.366400 0.815600
vt 0.361000 0.777000
vt 0.382000 0.786000
vt 0.370200 0.824000
vt 0.353800 0.750100
vt 0.374900 0.755900
vt 0.395100 0.793100
vt 0.410300 0.785900
vt 0.399400 0.817400
vt 0.415700 0.793600
vt 0.405500 0.804500
vt 0.415800 0.810000
vt 0.418500 0.825100
vt 0.406200 0.815900
vt 0.407600 0.831200
vt 0.435600 0.843000
vt 0.435000 0.861200
vt 0.423500 0.880500
vt 0.442200 0.864200
vt 0.388600 0.860000
vt 0.398600 0.901200
vt 0.460100 0.849600
vt 0.452500 0.861800
vt 0.460300 0.876600
vt 0.362900 0.904400
vt 0.381000 0.843000
vt 0.357100 0.877800
vt 0.323500 0.897000
vt 0.354000 0.860200
vt 0.325900 0.877500
vt 0.294300 0.883300
vt 0.328000 0.862600
vt 0.301800 0.869800
vt 0.277000 0.870000
vt 0.306800 0.853400
vt 0.268100 0.875400
vt 0.286200 0.860900
vt 0.293700 0.832300
vt 0.280200 0.848900
vt 0.260000 0.854300
vt 0.270400 0.849300
vt 0.250500 0.868400
vt 0.262300 0.830000
vt 0.269500 0.813400
vt 0.256700 0.837500
vt 0.246500 0.849500
vt 0.240500 0.854700
vt 0.250900 0.816200
vt 0.257900 0.798800
vt 0.242000 0.833100
vt 0.241000 0.799200
vt 0.240300 0.814100
vt 0.234600 0.841800
vt 0.228500 0.840800
vt 0.221700 0.842900
vt 0.221200 0.829800
vt 0.204500 0.836600
vt 0.228400 0.819400
vt 0.226800 0.811700
vt 0.213400 0.821600
vt 0.214600 0.795600
vt 0.187900 0.825000
vt 0.203500 0.801800
vt 0.211400 0.771600
vt 0.210800 0.752100
vt 0.199100 0.776400
vt 0.181700 0.802200
vt 0.198400 0.756200
vt 0.175900 0.773500
vt 0.165000 0.796300
vt 0.209200 0.737200
vt 0.194900 0.741400
vt 0.176100 0.742700
vt 0.160200 0.767100
vt 0.186100 0.725100
vt 0.192100 0.718800
vt 0.159200 0.737300
vt 0.177400 0.716600
vt 0.190000 0.681000
vt 0.168400 0.714200
vt 0.170100 0.704600
vt 0.164000 0.695500
vt 0.207800 0.650700
vt 0.150000 0.736600
vt 0.182700 0.671500
vt 0.247500 0.621800
vt 0.154000 0.676800
vt 0.199000 0.645700
vt 0.170000 0.659000
vt 0.218700 0.617200
vt 0.185200 0.637300
vt 0.210400 0.614700
vt 0.223800 0.589300
vt 0.214200 0.590300
vt 0.197000 0.609400
vt 0.166500 0.607900
vt 0.204300 0.586300
vt 0.156700 0.639300
vt 0.135500 0.665600
vt 0.213800 0.572100
vt 0.188100 0.577900
vt 0.136900 0.689700
vt 0.117300 0.673500
vt 0.141500 0.712700
vt 0.115300 0.693800
vt 0.113900 0.722500
vt 0.097300 0.695000
vt 0.125500 0.658600
vt 0.146800 0.636400
vt 0.112200 0.649800
vt 0.138100 0.635100
vt 0.156700 0.606000
vt 0.170600 0.567600
vt 0.143200 0.601000
vt 0.192400 0.563700
vt 0.161500 0.565100
vt 0.132900 0.571100
vt 0.174700 0.546800
vt 0.212200 0.539000
vt 0.141500 0.538100
vt 0.196400 0.538900
vt 0.181400 0.526800
vt 0.208800 0.514800
vt 0.156200 0.517800
vt 0.168000 0.507400
vt 0.126500 0.481800
vt 0.139200 0.470500
vt 0.194800 0.491800
vt 0.161700 0.467400
vt 0.137200 0.414000
vt 0.113600 0.542100
vt 0.089300 0.492600
vt 0.103500 0.447300
vt 0.087700 0.539800
vt 0.123000 0.410000
vt 0.111300 0.558800
vt 0.151800 0.352400
vt 0.084400 0.561700
vt 0.177800 0.356900
vt 0.087700 0.586700
vt 0.181200 0.300800
vt 0.060600 0.589200
vt 0.107800 0.581200
vt 0.120200 0.592200
vt 0.098400 0.611500
vt 0.124600 0.611400
vt 0.113300 0.616600
vt 0.124400 0.633500
vt 0.100200 0.635800
vt 0.089800 0.615600
vt 0.071600 0.604200
vt 0.062100 0.627700
vt 0.048500 0.629200
vt 0.082800 0.635000
vt 0.065100 0.657900
vt 0.045200 0.668900
vt 0.087300 0.656700
vt 0.075200 0.677500
vt 0.056300 0.692200
vt 0.098300 0.672400
vt 0.068400 0.699800
vt 0.048700 0.704500
vt 0.075300 0.716000
vt 0.058200 0.712100
vt 0.096100 0.719000
vt 0.064300 0.719800
vt 0.081500 0.730700
vt 0.038300 0.731300
vt 0.027600 0.723500
vt 0.013900 0.755000
vt 0.046300 0.735000
vt 0.026700 0.756200
vt 0.015400 0.773000
vt 0.054900 0.737900
vt 0.039300 0.758400
vt 0.032200 0.772400
vt 0.038000 0.788400
vt 0.042000 0.776100
vt 0.050900 0.777400
vt 0.055800 0.758700
vt 0.050900 0.789200
vt 0.021200 0.794800
vt 0.050300 0.804500
vt 0.055400 0.798300
vt 0.038300 0.809900
vt 0.077300 0.742600
vt 0.076500 0.748400
vt 0.078500 0.758600
vt 0.072600 0.759700
vt 0.088300 0.777700
vt 0.093600 0.732800
vt 0.093000 0.773700
vt 0.109300 0.792900
vt 0.092300 0.752800
vt 0.106000 0.743500
vt 0.126000 0.754500
vt 0.122200 0.758500
vt 0.103000 0.767000
vt 0.117300 0.784300
vt 0.150900 0.755700
vt 0.138900 0.771000
vt 0.150000 0.781500
vt 0.138100 0.784300
vt 0.149000 0.788600
vt 0.141500 0.792600
vt 0.160500 0.800200
vt 0.131700 0.799100
vt 0.125300 0.805300
vt 0.137700 0.821300
vt 0.139000 0.803200
vt 0.142600 0.816000
vt 0.170700 0.843500
vt 0.152500 0.804000
vt 0.176200 0.835200
vt 0.195600 0.841300
vt 0.183000 0.829500
vt 0.596600 0.726000
vt 0.584300 0.756000
vt 0.603800 0.661400
vt 0.574500 0.790600
vt 0.592800 0.258400
vt 0.600700 0.771900
vt 0.555300 0.247400
vt 0.537900 0.247900
vt 0.598900 0.246900
vt 0.502600 0.246700
vt 0.553700 0.227300
vt 0.517500 0.202600
vt 0.537000 0.203000
vt 0.502600 0.201700
vt 0.487600 0.202600
vt 0.517800 0.192300
vt 0.502600 0.189700
vt 0.487300 0.192300
vt 0.468100 0.203000
vt 0.451400 0.227300
vt 0.502600 0.179900
vt 0.478400 0.186600
vt 0.460600 0.184300
vt 0.480600 0.143900
vt 0.415500 0.182000
vt 0.526700 0.186600
vt 0.524600 0.143900
vt 0.544600 0.184300
vt 0.589700 0.182000
vt 0.547400 0.140000
vt 0.502600 0.124400
vt 0.550800 0.109500
vt 0.525800 0.100600
vt 0.582600 0.114000
vt 0.563800 0.070200
vt 0.543300 0.063700
vt 0.594000 0.093900
vt 0.602200 0.101900
vt 0.615000 0.099000
vt 0.517100 0.060900
vt 0.527800 0.043300
vt 0.502600 0.075300
vt 0.502600 0.045200
vt 0.502600 0.030900
vt 0.477300 0.043300
vt 0.488000 0.060900
vt 0.461800 0.063700
vt 0.479300 0.100600
vt 0.441300 0.070200
vt 0.454400 0.109500
vt 0.457700 0.140000
vt 0.422600 0.114000
vt 0.411100 0.093900
vt 0.403000 0.101900
vt 0.390100 0.099000
vt 0.394800 0.124300
vt 0.387000 0.166800
vt 0.374600 0.110500
vt 0.366800 0.094100
vt 0.375100 0.135000
vt 0.358300 0.117400
vt 0.353200 0.112100
vt 0.349000 0.138700
vt 0.358900 0.152400
vt 0.374400 0.157600
vt 0.360300 0.189600
vt 0.368200 0.204500
vt 0.340500 0.205900
vt 0.389200 0.224300
vt 0.340600 0.228600
vt 0.315900 0.207100
vt 0.351700 0.252100
vt 0.311800 0.234000
vt 0.296200 0.203200
vt 0.309900 0.277300
vt 0.288700 0.229400
vt 0.269400 0.220300
vt 0.279200 0.190000
vt 0.256700 0.189300
vt 0.229400 0.211500
vt 0.277000 0.262800
vt 0.248300 0.236300
vt 0.206200 0.246200
vt 0.260800 0.277100
vt 0.224800 0.270400
vt 0.288900 0.325500
vt 0.242800 0.300600
vt 0.202200 0.311500
vt 0.225200 0.336600
vt 0.306100 0.340300
vt 0.265400 0.366400
vt 0.281200 0.376900
vt 0.279500 0.420600
vt 0.202600 0.380500
vt 0.159300 0.412900
vt 0.304900 0.621800
vt 0.189100 0.428900
vt 0.249500 0.410100
vt 0.188300 0.467000
vt 0.239100 0.448000
vt 0.268200 0.417600
vt 0.213900 0.482000
vt 0.266000 0.461100
vt 0.258600 0.459000
vt 0.232700 0.473600
vt 0.290800 0.588500
vt 0.268700 0.513600
vt 0.255600 0.497800
vt 0.280400 0.593200
vt 0.268000 0.546000
vt 0.245000 0.576100
vt 0.240900 0.562600
vt 0.253600 0.529600
vt 0.225800 0.533900
vt 0.235600 0.516100
vt 0.237500 0.498000
vt 0.227500 0.500700
vt 0.218100 0.506200
vt 0.232400 0.483100
vt 0.222900 0.487200
vt 0.554700 0.797000
vt 0.538300 0.841600
vt 0.569500 0.843000
vt 0.519500 0.856300
vt 0.532200 0.860700
vt 0.502600 0.861200
vt 0.545000 0.849600
vt 0.518400 0.867800
vt 0.534600 0.870200
vt 0.502600 0.875800
vt 0.544900 0.876600
vt 0.552700 0.861800
vt 0.562900 0.864200
vt 0.535200 0.893500
vt 0.570100 0.861200
vt 0.520300 0.877300
vt 0.502600 0.899500
vt 0.484800 0.877300
vt 0.469900 0.893500
vt 0.486700 0.867800
vt 0.470500 0.870200
vt 0.472900 0.860700
vt 0.678700 0.677200
vt 0.669100 0.702400
vt 0.668300 0.665600
vt 0.694700 0.725300
vt 0.646800 0.697100
vt 0.717300 0.695600
vt 0.651300 0.740800
vt 0.691000 0.729800
vt 0.620400 0.702900
vt 0.697500 0.779200
vt 0.646600 0.659300
vt 0.672900 0.764800
vt 0.705400 0.780200
vt 0.620500 0.749400
vt 0.630200 0.755900
vt 0.651300 0.750100
vt 0.623100 0.786000
vt 0.644100 0.777000
vt 0.610000 0.793100
vt 0.667300 0.788000
vt 0.653200 0.792200
vt 0.638700 0.815600
vt 0.686100 0.810900
vt 0.662500 0.823700
vt 0.693200 0.820800
vt 0.634900 0.824000
vt 0.663200 0.834400
vt 0.651100 0.860200
vt 0.605700 0.817400
vt 0.624100 0.843000
vt 0.616500 0.860000
vt 0.677100 0.862600
vt 0.698400 0.853400
vt 0.711400 0.832300
vt 0.725000 0.823000
vt 0.718900 0.860900
vt 0.703300 0.869800
vt 0.679200 0.877500
vt 0.648000 0.877800
vt 0.710800 0.883300
vt 0.681600 0.897000
vt 0.642200 0.904400
vt 0.606500 0.901200
vt 0.581700 0.880500
vt 0.728100 0.870000
vt 0.737000 0.875400
vt 0.597500 0.831200
vt 0.745100 0.854300
vt 0.754600 0.868400
vt 0.724900 0.848900
vt 0.734700 0.849300
vt 0.742800 0.830000
vt 0.758600 0.849500
vt 0.764600 0.854700
vt 0.748400 0.837500
vt 0.754200 0.816200
vt 0.735600 0.813400
vt 0.730700 0.787200
vt 0.747300 0.798800
vt 0.725800 0.741000
vt 0.754900 0.772800
vt 0.764100 0.799200
vt 0.780100 0.754400
vt 0.790500 0.795600
vt 0.764900 0.814100
vt 0.778300 0.811700
vt 0.763100 0.833100
vt 0.776700 0.819400
vt 0.770500 0.841800
vt 0.776600 0.840800
vt 0.783500 0.842900
vt 0.783900 0.829800
vt 0.800700 0.836600
vt 0.791700 0.821600
vt 0.817300 0.825000
vt 0.801600 0.801800
vt 0.806000 0.776400
vt 0.823400 0.802200
vt 0.822100 0.829500
vt 0.809500 0.841300
vt 0.840100 0.796300
vt 0.793800 0.771600
vt 0.829200 0.773500
vt 0.806700 0.756200
vt 0.794300 0.752100
vt 0.796000 0.737200
vt 0.829100 0.742700
vt 0.810300 0.741400
vt 0.844900 0.767100
vt 0.819000 0.725100
vt 0.813000 0.718800
vt 0.845900 0.737300
vt 0.827700 0.716600
vt 0.836800 0.714200
vt 0.815100 0.681000
vt 0.835000 0.704600
vt 0.841100 0.695500
vt 0.735900 0.657700
vt 0.855100 0.736600
vt 0.854300 0.755700
vt 0.855200 0.781500
vt 0.863600 0.712700
vt 0.891300 0.722500
vt 0.879100 0.754500
vt 0.866200 0.771000
vt 0.882900 0.758500
vt 0.867000 0.784300
vt 0.863700 0.792600
vt 0.856100 0.788600
vt 0.844600 0.800200
vt 0.852600 0.804000
vt 0.866100 0.803200
vt 0.828900 0.835200
vt 0.834400 0.843500
vt 0.862500 0.816000
vt 0.867400 0.821300
vt 0.873400 0.799100
vt 0.879900 0.805300
vt 0.895800 0.792900
vt 0.887800 0.784300
vt 0.912200 0.773700
vt 0.916800 0.777700
vt 0.902100 0.767000
vt 0.926600 0.758600
vt 0.932500 0.759700
vt 0.912800 0.752800
vt 0.927800 0.742600
vt 0.899100 0.743500
vt 0.911500 0.732800
vt 0.923600 0.730700
vt 0.909000 0.719000
vt 0.889900 0.693800
vt 0.929800 0.716000
vt 0.868200 0.689700
vt 0.907800 0.695000
vt 0.887800 0.673500
vt 0.851200 0.676800
vt 0.936700 0.699800
vt 0.822500 0.671500
vt 0.869600 0.665600
vt 0.835100 0.659000
vt 0.797300 0.650700
vt 0.806200 0.645700
vt 0.848400 0.639300
vt 0.757600 0.621800
vt 0.786400 0.617200
vt 0.819900 0.637300
vt 0.794800 0.614700
vt 0.781300 0.589300
vt 0.808100 0.609400
vt 0.838600 0.607900
vt 0.790900 0.590300
vt 0.800900 0.586300
vt 0.791300 0.572100
vt 0.817000 0.577900
vt 0.858300 0.636400
vt 0.848500 0.606000
vt 0.879600 0.658600
vt 0.867000 0.635100
vt 0.892900 0.649800
vt 0.906800 0.672400
vt 0.929900 0.677500
vt 0.917800 0.656700
vt 0.904900 0.635800
vt 0.880700 0.633500
vt 0.891800 0.616600
vt 0.880600 0.611400
vt 0.906700 0.611500
vt 0.861900 0.601000
vt 0.884900 0.592200
vt 0.872200 0.571100
vt 0.897300 0.581200
vt 0.917500 0.586700
vt 0.893800 0.558800
vt 0.843600 0.565100
vt 0.863600 0.538100
vt 0.834500 0.567600
vt 0.830500 0.546800
vt 0.812700 0.563700
vt 0.808700 0.538900
vt 0.792900 0.539000
vt 0.823800 0.526800
vt 0.796300 0.514800
vt 0.848900 0.517800
vt 0.837100 0.507400
vt 0.878700 0.481800
vt 0.810300 0.491800
vt 0.866000 0.470500
vt 0.843500 0.467400
vt 0.867900 0.414000
vt 0.891500 0.542100
vt 0.915900 0.492600
vt 0.917400 0.539800
vt 0.901600 0.447300
vt 0.920700 0.561700
vt 0.882200 0.410000
vt 0.853300 0.352400
vt 0.944500 0.589200
vt 0.827300 0.356900
vt 0.933500 0.604200
vt 0.823900 0.300800
vt 0.943000 0.627700
vt 0.956600 0.629200
vt 0.915300 0.615600
vt 0.922300 0.635000
vt 0.940000 0.657900
vt 0.959900 0.668900
vt 0.948900 0.692200
vt 0.956400 0.704500
vt 0.946900 0.712100
vt 0.940800 0.719800
vt 0.966900 0.731300
vt 0.977500 0.723500
vt 0.991200 0.755000
vt 0.958800 0.735000
vt 0.978500 0.756200
vt 0.989700 0.773000
vt 0.950200 0.737900
vt 0.965800 0.758400
vt 0.949300 0.758700
vt 0.928600 0.748400
vt 0.954200 0.777400
vt 0.972900 0.772400
vt 0.963100 0.776100
vt 0.967100 0.788400
vt 0.954200 0.789200
vt 0.983900 0.794800
vt 0.954800 0.804500
vt 0.949700 0.798300
vt 0.966800 0.809900
vt 0.594800 0.785900
vt 0.582700 0.779800
vt 0.599600 0.804500
vt 0.589400 0.793600
vt 0.598900 0.815900
vt 0.589300 0.810000
vt 0.586600 0.825100
vt 0.760100 0.576100
vt 0.724700 0.593200
vt 0.764200 0.562600
vt 0.708300 0.628900
vt 0.737100 0.546000
vt 0.779300 0.533900
vt 0.751500 0.529600
vt 0.777600 0.500700
vt 0.769600 0.516100
vt 0.749500 0.497800
vt 0.736400 0.513600
vt 0.714300 0.588500
vt 0.767600 0.498000
vt 0.772700 0.483100
vt 0.772400 0.473600
vt 0.746500 0.459000
vt 0.739100 0.461100
vt 0.700200 0.621800
vt 0.736900 0.417600
vt 0.725600 0.420600
vt 0.684000 0.648800
vt 0.692300 0.657200
vt 0.709400 0.382500
vt 0.724000 0.376900
vt 0.687700 0.347800
vt 0.699000 0.340300
vt 0.755600 0.410100
vt 0.662400 0.317400
vt 0.671900 0.305200
vt 0.628900 0.289300
vt 0.637200 0.274900
vt 0.716200 0.325500
vt 0.653500 0.252100
vt 0.739700 0.366400
vt 0.695200 0.277300
vt 0.779900 0.336600
vt 0.802500 0.380500
vt 0.762300 0.300600
vt 0.816100 0.428900
vt 0.744300 0.277100
vt 0.802900 0.311500
vt 0.845900 0.412900
vt 0.780300 0.270400
vt 0.798900 0.246200
vt 0.756800 0.236300
vt 0.775700 0.211500
vt 0.735700 0.220300
vt 0.748400 0.189300
vt 0.725900 0.190000
vt 0.708900 0.203200
vt 0.728100 0.262800
vt 0.716400 0.229400
vt 0.693300 0.234000
vt 0.689300 0.207100
vt 0.664500 0.228600
vt 0.664600 0.205900
vt 0.636900 0.204500
vt 0.644900 0.189600
vt 0.618100 0.166800
vt 0.615900 0.224300
vt 0.630700 0.157600
vt 0.630000 0.135000
vt 0.646200 0.152400
vt 0.610300 0.124300
vt 0.656100 0.138700
vt 0.630600 0.110500
vt 0.638300 0.094100
vt 0.646800 0.117400
vt 0.652000 0.112100
vt 0.791200 0.482000
vt 0.787000 0.506200
vt 0.782200 0.487200
vt 0.816800 0.467000
vt 0.766000 0.448000
vt 0.927800 0.742600
vt 0.928600 0.748400
vt 0.932500 0.759700
vt 0.077300 0.742600
vt 0.072600 0.759700
vt 0.076500 0.748400
vn 0.68111 -0.63891 -0.35761
vn 0.93762 -0.32641 -0.11970
vn 0.80841 -0.55660 -0.19150
vn 0.70630 -0.69440 -0.13770
vn 0.93441 -0.35620 0.00100
vn 0.76902 -0.40821 -0.49191
vn 0.70500 -0.70920 0.00240
vn 0.66668 -0.30299 -0.68098
vn 0.93470 -0.35530 0.00950
vn 0.81288 0.12260 -0.56938
vn 0.67222 -0.68212 0.28781
vn 0.90497 -0.42548 0.00040
vn 0.81969 -0.49739 0.28410
vn 0.89422 0.26191 -0.36301
vn 0.97871 0.17010 -0.11490
vn 0.76861 -0.40801 0.49271
vn 0.93330 0.35910 0.00000
vn 0.89430 0.26180 0.36290
vn 0.90529 0.42480 0.00000
vn 0.97872 0.17010 0.11480
vn 0.77151 -0.63621 0.00000
vn 0.81293 0.12251 0.56932
vn 0.50319 -0.86408 0.01260
vn 0.93696 -0.03390 0.34779
vn 0.66631 -0.30330 0.68121
vn 0.70556 -0.69446 0.14109
vn 0.68048 -0.63898 0.35869
vn 0.93448 -0.35589 -0.00890
vn 0.93739 -0.32670 0.12070
vn 0.80832 -0.55641 0.19241
vn 0.84665 0.53177 0.01990
vn 0.67220 -0.68270 -0.28650
vn 0.95715 0.28759 0.03390
vn 0.92171 0.30550 -0.23900
vn 0.88154 0.45357 -0.13099
vn 0.81883 0.50212 -0.27821
vn 0.81969 -0.49790 -0.28320
vn 0.99707 0.07650 -0.00140
vn 0.97021 -0.09130 -0.22440
vn 0.85820 -0.46650 -0.21420
vn 0.85419 0.44430 -0.27010
vn 0.77631 0.32131 0.54231
vn 0.88316 0.35992 -0.30082
vn 0.70538 0.54988 0.44729
vn 0.99200 0.12010 -0.03900
vn 0.79281 0.46490 -0.39410
vn 0.85337 0.37979 -0.35709
vn 0.89063 -0.36261 -0.27441
vn 0.78390 -0.62030 -0.02710
vn 0.83629 0.38949 -0.38589
vn 0.89018 -0.45469 -0.02910
vn 0.85061 0.32440 -0.41380
vn 0.71651 -0.64211 -0.27260
vn 0.99608 0.04340 -0.07710
vn 0.87979 -0.41080 0.23920
vn 0.84607 0.22169 -0.48478
vn 0.62580 -0.77850 -0.04810
vn 0.51658 -0.15889 0.84137
vn 0.84437 -0.42129 -0.33099
vn 0.90570 0.06110 0.41950
vn 0.99574 -0.01180 -0.09140
vn 0.88595 -0.17699 0.42868
vn 0.78742 -0.32641 -0.52291
vn 0.87856 -0.27689 -0.38918
vn 0.75887 0.43048 0.48868
vn 0.98499 -0.04170 0.16750
vn 0.82403 0.17721 0.53812
vn 0.55551 0.40641 0.72542
vn 0.72098 0.52318 0.45439
vn 0.91591 -0.29000 -0.27750
vn 0.65479 0.60569 0.45209
vn 0.96782 -0.12380 0.21910
vn 0.92899 0.00060 0.37010
vn 0.68739 0.72219 0.07700
vn 0.72372 -0.68942 0.03050
vn 0.98737 -0.10640 -0.11740
vn 0.64861 0.74821 0.13960
vn 0.99729 -0.07350 0.00120
vn 0.67339 0.58739 -0.44890
vn 0.98606 -0.16349 0.03090
vn 0.71461 -0.01260 -0.69941
vn 0.60941 0.65661 -0.44440
vn 0.85150 -0.49830 0.16320
vn 0.82123 -0.49252 -0.28811
vn 0.91013 0.23271 -0.34281
vn 0.67600 0.43680 0.59350
vn 0.93009 -0.18420 0.31780
vn 0.68570 0.07320 0.72420
vn 0.86163 0.05340 0.50472
vn 0.74411 -0.03350 0.66721
vn 0.84207 0.53658 -0.05480
vn 0.60730 -0.35330 0.71160
vn 0.97534 -0.21091 0.06500
vn 0.64210 0.75270 0.14540
vn 0.56459 0.81939 0.09920
vn 0.60190 0.70930 -0.36690
vn 0.42292 0.83763 0.34571
vn 0.98627 0.15029 0.06850
vn 0.53573 0.82614 -0.17461
vn 0.66992 0.35561 0.65172
vn 0.34370 0.83531 0.42910
vn 0.17710 0.62909 0.75689
vn 0.40190 0.91421 0.05190
vn 0.95414 -0.26511 0.13901
vn 0.99074 0.13560 -0.00730
vn 0.26921 0.92732 0.26001
vn 0.85161 -0.50851 -0.12720
vn 0.99794 0.01670 0.06200
vn 0.19680 0.93108 0.30719
vn 0.83210 -0.53720 -0.13790
vn 0.92478 0.23799 -0.29689
vn 0.54511 0.77381 0.32260
vn 0.75071 -0.64051 -0.16180
vn 0.17910 0.93542 0.30481
vn 0.96554 -0.19191 -0.17581
vn 0.88539 -0.45970 0.06900
vn 0.55752 -0.76803 -0.31511
vn 0.93056 0.36608 0.00620
vn 0.79131 -0.52111 -0.31980
vn 0.19740 0.94579 0.25790
vn 0.11210 -0.79353 -0.59812
vn 0.36329 -0.80637 -0.46668
vn 0.85912 -0.44111 -0.25950
vn 0.62548 0.73418 0.26409
vn 0.14900 0.95579 0.25350
vn 0.19080 -0.97059 -0.14680
vn 0.63980 -0.73520 -0.22390
vn 0.88261 -0.11930 0.45471
vn 0.55240 -0.79190 -0.26030
vn 0.23920 -0.86259 0.44579
vn 0.62143 0.76413 0.17301
vn 0.53472 0.83123 0.15211
vn 0.17111 0.93744 0.30321
vn 0.92644 0.21211 -0.31101
vn 0.24269 0.96998 0.01570
vn 0.35460 -0.87660 0.32530
vn 0.24840 -0.96359 -0.09900
vn 0.89231 -0.18040 -0.41381
vn 0.30771 -0.60052 -0.73803
vn 0.85942 0.47221 -0.19600
vn 0.72352 -0.36371 -0.58672
vn 0.25691 -0.48652 -0.83504
vn 0.23181 -0.36491 -0.90172
vn 0.41561 -0.38311 -0.82492
vn 0.99193 0.11820 -0.04590
vn 0.29510 -0.43341 -0.85151
vn 0.89074 -0.24011 -0.38592
vn 0.92168 -0.24649 -0.29959
vn 0.79399 -0.27320 -0.54309
vn 0.22499 -0.59268 -0.77337
vn 0.60158 -0.65378 -0.45899
vn 0.94661 -0.21160 0.24320
vn 0.23569 -0.68478 -0.68958
vn 0.80135 -0.32972 -0.49913
vn 0.67030 -0.68720 0.28010
vn -0.38990 -0.92051 0.02540
vn 0.92721 0.16770 -0.33490
vn 0.68748 -0.57528 -0.44319
vn 0.69898 -0.06290 -0.71237
vn 0.65969 0.29579 -0.69088
vn 0.95720 0.06020 -0.28310
vn 0.76119 -0.52129 0.38580
vn 0.61243 0.29221 -0.73453
vn 0.99756 0.05390 -0.04440
vn 0.86418 0.26540 -0.42749
vn 0.69862 0.15490 -0.69852
vn 0.83391 0.11720 -0.53931
vn 0.96787 0.07240 -0.24079
vn 0.82329 -0.01240 -0.56749
vn 0.75386 0.12169 -0.64567
vn 0.88288 0.40909 -0.23059
vn 0.73280 0.34720 -0.58520
vn 0.87839 0.03170 -0.47689
vn 0.71889 -0.11770 0.68509
vn 0.89124 0.19321 -0.41032
vn 0.85157 -0.31879 0.41618
vn 0.92031 -0.29450 0.25750
vn 0.86095 0.45362 -0.23021
vn 0.93532 0.21960 0.27741
vn 0.86152 0.39031 -0.32471
vn 0.96431 -0.15900 -0.21170
vn 0.91501 0.17830 -0.36190
vn 0.91947 0.39279 0.01720
vn 0.91153 -0.20091 -0.35881
vn 0.78009 0.49350 0.38460
vn 0.86671 -0.42870 -0.25500
vn 0.80821 -0.38891 0.44221
vn 0.87194 0.15261 -0.46522
vn 0.68063 -0.07340 -0.72894
vn 0.84170 -0.26040 0.47300
vn 0.50102 0.24431 0.83024
vn 0.66131 -0.31360 -0.68141
vn 0.88940 0.43810 0.13050
vn 0.81764 0.28642 0.49943
vn 0.79920 -0.21130 -0.56270
vn 0.80981 0.38921 0.43901
vn 0.98684 -0.15651 -0.04070
vn 0.89511 0.32751 0.30251
vn 0.98519 -0.12250 -0.12000
vn 0.96280 -0.16830 -0.21140
vn 0.87321 -0.44190 0.20550
vn 0.81432 0.15900 0.55821
vn 0.94540 -0.15720 -0.28550
vn 0.59742 0.00180 0.80193
vn 0.71281 -0.02750 0.70081
vn 0.81481 -0.36660 -0.44910
vn 0.91445 -0.06990 -0.39862
vn 0.52931 -0.15460 0.83422
vn 0.92923 0.15061 0.33741
vn 0.66319 -0.07090 0.74509
vn 0.56043 -0.07350 0.82494
vn 0.56229 0.02430 0.82658
vn 0.27200 -0.30340 0.91321
vn 0.86667 -0.41678 0.27419
vn 0.31551 -0.37351 0.87232
vn 0.37791 -0.30600 0.87381
vn 0.99502 -0.09070 -0.04140
vn 0.73031 -0.47171 0.49411
vn 0.29798 -0.45557 0.83885
vn 0.12140 -0.12290 0.98497
vn 0.63863 -0.72663 -0.25331
vn 0.58898 -0.41109 -0.69578
vn 0.97761 -0.12590 -0.16860
vn 0.56790 -0.29840 -0.76710
vn 0.99082 -0.06450 -0.11880
vn 0.71158 0.28709 -0.64128
vn 0.97067 0.23049 -0.06840
vn 0.99829 0.05480 -0.02050
vn 0.63949 -0.08580 0.76399
vn 0.58419 0.19680 0.78739
vn 0.09810 0.18100 0.97858
vn 0.97854 0.20401 0.02890
vn 0.60150 0.31510 0.73410
vn 0.13340 0.32839 0.93507
vn 0.99707 0.06320 0.04300
vn 0.73392 0.32921 0.59412
vn 0.24160 0.09290 0.96592
vn 0.99398 0.03760 -0.10290
vn 0.44270 0.34200 0.82889
vn 0.31400 -0.43070 0.84611
vn 0.98380 0.09740 0.15050
vn 0.90788 -0.38839 -0.15780
vn 0.83990 -0.24120 0.48620
vn 0.76691 -0.02880 -0.64111
vn 0.78239 -0.52179 0.34000
vn 0.80108 -0.25359 0.54219
vn 0.25299 -0.30819 0.91707
vn 0.20200 0.10900 0.97330
vn 0.87229 -0.06680 -0.48440
vn 0.66598 0.09040 0.74047
vn 0.26140 0.33210 0.90630
vn 0.78632 -0.07450 -0.61331
vn 0.85438 -0.15850 -0.49489
vn 0.77150 0.25520 0.58280
vn 0.72920 0.65710 -0.19100
vn 0.79468 -0.00730 -0.60698
vn 0.14699 -0.21469 -0.96556
vn 0.36742 0.45522 -0.81104
vn 0.23160 -0.29150 -0.92811
vn 0.49021 0.61961 0.61301
vn 0.93837 0.24279 -0.24599
vn 1.00000 -0.00030 -0.00060
vn 1.00000 -0.00030 -0.00060
vn 0.73856 0.25559 0.62386
vn 0.17090 0.76721 0.61821
vn 0.32700 0.34270 0.88070
vn 0.07050 0.42809 0.90098
vn 0.08340 0.61197 0.78647
vn 0.57150 -0.72700 0.38060
vn 0.30579 0.52799 0.79229
vn 0.08830 0.66463 0.74194
vn 0.65222 0.15970 0.74102
vn 0.85023 -0.49782 -0.17111
vn 0.58690 -0.64810 -0.48530
vn 0.89475 -0.25441 -0.36702
vn 0.68772 0.32431 0.64952
vn 0.52418 0.60497 0.59937
vn 0.79820 -0.21030 0.56450
vn 0.92914 -0.36582 -0.05360
vn 0.81085 -0.07500 0.58043
vn 0.88995 -0.04090 0.45422
vn 0.89846 -0.39378 0.19419
vn 0.55669 0.13120 0.82029
vn 0.95455 -0.19549 -0.22499
vn 0.23630 0.50010 0.83310
vn 0.10519 0.59186 0.79915
vn 0.05010 0.67803 0.73333
vn 0.25781 0.41731 0.87143
vn 0.16191 0.68572 0.70963
vn 0.05020 0.91631 0.39731
vn 0.77880 0.42700 0.45950
vn 0.21920 0.94529 0.24160
vn 0.18789 0.97175 -0.14279
vn 0.61722 0.75552 -0.21961
vn 0.97023 -0.09110 0.22441
vn 0.99709 0.07620 0.00120
vn 0.85815 -0.46627 0.21489
vn 0.92225 0.30458 0.23809
vn 0.81884 0.50143 0.27941
vn 0.77621 0.32071 -0.54281
vn 0.88140 0.45370 0.13150
vn 0.84665 0.53177 -0.01990
vn 0.85428 0.44359 0.27099
vn 0.76277 0.64667 0.00000
vn 0.70159 0.69309 -0.16550
vn 0.83397 0.45168 -0.31699
vn 0.62939 0.48769 -0.60499
vn 0.94325 0.33208 0.00000
vn 0.83397 0.45168 0.31699
vn 0.86400 -0.43590 -0.25200
vn 0.82789 -0.56089 0.00000
vn 0.86400 -0.43590 0.25200
vn 0.62939 0.48769 0.60499
vn 0.70142 0.69322 0.16570
vn 0.99564 -0.09330 0.00000
vn 0.97266 0.14359 0.18249
vn 0.76369 0.47279 0.43959
vn 0.92383 0.04100 -0.38061
vn 0.89317 0.44929 -0.01950
vn 0.97266 0.14359 -0.18249
vn 0.92383 0.04100 0.38061
vn 0.76369 0.47279 -0.43959
vn 0.89321 0.44921 0.01960
vn 0.93806 0.19949 -0.28329
vn 0.96972 -0.24421 0.00000
vn 0.78262 -0.60421 -0.14980
vn 0.74421 -0.65321 0.13950
vn 0.72008 -0.55879 -0.41139
vn 0.25730 -0.94890 -0.18270
vn 0.28980 -0.86069 -0.41860
vn 0.23300 -0.88970 -0.39260
vn 0.20109 -0.90257 -0.38069
vn 0.17800 -0.93779 -0.29810
vn 0.53502 -0.76434 -0.35992
vn 0.19590 -0.86620 -0.45970
vn 0.81723 -0.57632 0.00000
vn 0.28540 -0.95841 0.00000
vn 0.11280 -0.99362 0.00000
vn 0.19590 -0.86620 0.45970
vn 0.53502 -0.76434 0.35992
vn 0.28980 -0.86069 0.41860
vn 0.74421 -0.65321 -0.13950
vn 0.25730 -0.94890 0.18270
vn 0.78262 -0.60421 0.14980
vn 0.93806 0.19949 0.28329
vn 0.72008 -0.55879 0.41139
vn 0.23300 -0.88970 0.39260
vn 0.20109 -0.90257 0.38069
vn 0.17800 -0.93779 0.29810
vn 0.95077 -0.22539 0.21269
vn 0.90683 0.35891 0.22101
vn 0.41219 -0.67758 0.60908
vn 0.11900 -0.85803 0.49962
vn 0.43640 0.23660 0.86809
vn 0.32279 -0.18429 0.92836
vn 0.09230 -0.40670 0.90889
vn 0.31839 0.58328 0.74727
vn 0.33460 0.93760 0.09460
vn 0.36160 0.51890 0.77459
vn 0.18130 -0.60511 0.77522
vn 0.98267 -0.11470 0.14560
vn 0.27299 -0.82418 0.49619
vn 0.92321 0.22670 -0.31030
vn 0.97375 -0.20959 -0.08880
vn 0.34070 -0.92969 0.14000
vn 0.87426 0.38098 -0.30088
vn 0.96691 -0.13250 -0.21800
vn 0.37601 -0.87322 -0.31001
vn 0.95373 0.28541 0.09450
vn 0.98954 0.02180 0.14261
vn 0.87370 -0.46280 0.14990
vn 0.35170 -0.90421 -0.24230
vn 0.24990 -0.88151 0.40061
vn 0.25481 -0.70942 0.65712
vn 0.76293 0.64512 0.04200
vn 0.99721 -0.02050 0.07180
vn 0.27260 -0.56451 0.77911
vn 0.87059 0.34860 -0.34720
vn 0.99656 0.07000 0.04440
vn 0.99704 0.07570 0.01360
vn 0.83979 0.29480 -0.45590
vn 0.99879 -0.04910 -0.00190
vn 0.82067 0.27609 -0.50028
vn 0.78470 0.42590 -0.45040
vn 0.99289 0.01760 0.11770
vn 0.94641 0.12060 -0.29960
vn 0.90951 0.13160 -0.39430
vn 0.75401 0.21460 -0.62081
vn 0.97637 0.11640 -0.18209
vn 0.83100 -0.23130 -0.50590
vn 0.77593 0.14541 -0.61383
vn 0.99881 0.04870 -0.00120
vn 0.84599 -0.06600 -0.52910
vn 0.99943 -0.03350 -0.00450
vn 0.90817 0.16030 -0.38669
vn 0.85697 -0.07000 0.51058
vn 0.92440 0.04540 -0.37870
vn 0.89169 -0.01480 -0.45240
vn 0.93724 -0.31411 0.15141
vn 0.92843 -0.16651 -0.33211
vn 0.82934 -0.05610 -0.55592
vn 0.61330 -0.20040 -0.76400
vn 0.92294 -0.14719 -0.35568
vn 0.87178 0.02980 -0.48899
vn 0.88154 0.29411 -0.36931
vn 0.76968 0.32759 -0.54798
vn 0.64122 0.02290 -0.76702
vn 0.99951 -0.03140 -0.00100
vn 0.98829 -0.12890 -0.08160
vn 0.92760 -0.32850 -0.17790
vn 0.86562 -0.13800 0.48131
vn 0.92451 0.20440 0.32170
vn 0.81830 -0.54390 0.18590
vn 0.48661 -0.26950 0.83101
vn 0.95720 0.28740 -0.03430
vn 0.93695 -0.03400 -0.34782
vn 0.64232 0.75222 -0.14690
vn 0.50319 -0.86408 -0.01260
vn 0.64470 -0.67090 -0.36640
vn 0.28391 -0.95885 0.00000
vn 0.66992 0.35561 -0.65172
vn 0.63631 -0.68281 -0.35900
vn 0.53618 0.28849 -0.79327
vn 0.99392 0.11010 0.00000
vn 0.17710 0.62909 -0.75689
vn 0.34370 0.83531 -0.42910
vn 0.42292 0.83763 -0.34571
vn 0.21170 0.87162 -0.44211
vn 0.56509 0.81898 -0.09970
vn 0.72360 0.54410 -0.42470
vn 0.26849 0.96328 0.00000
vn 0.72360 0.54410 0.42470
vn 0.21170 0.87162 0.44211
vn 0.63631 -0.68281 0.35900
vn 0.53618 0.28849 0.79327
vn 0.64470 -0.67090 0.36640
vn 0.62421 -0.77971 0.04910
vn 0.87963 -0.41131 -0.23891
vn 0.71663 -0.64273 0.27081
vn 0.51689 -0.15890 -0.84118
vn 0.89009 -0.45480 0.02990
vn 0.88661 -0.17680 -0.42740
vn 0.99607 0.04380 0.07700
vn 0.90565 0.06100 -0.41962
vn 0.89069 -0.36209 0.27490
vn 0.75903 0.42982 -0.48902
vn 0.78392 -0.62022 0.02810
vn 0.99574 -0.01180 0.09140
vn 0.55538 0.40559 -0.72598
vn 0.99205 0.11981 0.03860
vn 0.82129 -0.49190 0.28900
vn 0.85164 -0.49833 -0.16241
vn 0.71461 -0.01250 0.69941
vn 0.98610 -0.16330 -0.03060
vn 0.91025 0.23269 0.34248
vn 0.96784 -0.12379 -0.21899
vn 0.99730 -0.07340 -0.00100
vn 0.67327 0.58778 0.44858
vn 0.65479 0.60479 -0.45329
vn 0.64862 0.74792 -0.14110
vn 0.72081 0.52261 -0.45531
vn 0.61031 0.65631 0.44361
vn 0.68772 0.72173 -0.07840
vn 0.85143 -0.50852 0.12840
vn 0.93022 -0.18370 -0.31771
vn 0.95402 -0.26551 -0.13910
vn 0.98632 0.15010 -0.06820
vn 0.83209 -0.53689 0.13920
vn 0.75107 -0.63968 0.16339
vn 0.88537 -0.45988 -0.06810
vn 0.72390 -0.68930 -0.02910
vn 0.96547 -0.19199 0.17609
vn 0.92501 0.23830 0.29590
vn 0.99794 0.01650 -0.06200
vn 0.99071 0.13580 0.00690
vn 0.19729 0.93028 -0.30929
vn 0.26981 0.92653 -0.26221
vn 0.40309 0.91357 -0.05390
vn 0.53713 0.82544 0.17361
vn 0.60307 0.70857 0.36638
vn 0.54530 0.77301 -0.32420
vn 0.17950 0.93472 -0.30671
vn 0.97523 -0.21141 -0.06500
vn 0.93059 0.36600 -0.00710
vn 0.19790 0.94522 -0.25961
vn 0.55728 -0.76768 0.31639
vn 0.79118 -0.52089 0.32049
vn 0.11210 -0.79249 0.59949
vn 0.62573 0.73353 -0.26531
vn 0.14940 0.95530 -0.25510
vn 0.85911 -0.44071 0.26020
vn 0.19100 -0.97040 0.14780
vn 0.36338 -0.80546 0.46818
vn 0.92899 0.00050 -0.37010
vn 0.63980 -0.73490 0.22490
vn 0.82391 0.17690 -0.53841
vn 0.98729 -0.10640 0.11810
vn 0.55230 -0.79180 0.26080
vn 0.91730 -0.28950 0.27340
vn 0.30820 -0.59909 0.73899
vn 0.23931 -0.86264 -0.44562
vn 0.24850 -0.96352 0.09940
vn 0.88270 -0.11950 -0.45450
vn 0.35501 -0.87651 -0.32511
vn 0.62199 0.76349 -0.17380
vn 0.53518 0.83077 -0.15299
vn 0.17150 0.93691 -0.30460
vn 0.92653 0.21231 0.31061
vn 0.24330 0.96981 -0.01650
vn 0.89223 -0.18031 0.41402
vn 0.85938 0.47169 0.19740
vn 0.72349 -0.36300 0.58719
vn 0.41782 -0.38602 0.82244
vn 0.99214 0.11020 0.05920
vn 0.61591 0.75512 0.22461
vn 0.18850 0.97169 0.14240
vn 0.91679 -0.26030 0.30290
vn 0.25690 -0.48811 0.83412
vn 0.89314 -0.23851 0.38132
vn 0.29781 -0.43331 0.85062
vn 0.23751 -0.36762 0.89914
vn 0.79366 -0.27159 0.54437
vn 0.60910 -0.65050 0.45370
vn 0.22770 -0.59070 0.77410
vn 0.94684 -0.20811 -0.24531
vn 0.23900 -0.68401 0.68921
vn 0.80050 -0.32970 0.50050
vn 0.67392 -0.68032 -0.28811
vn -0.38420 -0.92279 -0.02910
vn 0.69407 -0.57188 0.43728
vn 0.92693 0.16681 0.33611
vn 0.69898 -0.06270 0.71238
vn 0.65838 0.29309 0.69328
vn 0.98522 -0.04060 -0.16640
vn 0.76423 -0.50952 -0.39541
vn 0.79706 -0.20802 -0.56694
vn 0.81263 -0.07440 -0.57802
vn 0.91409 0.17650 0.36509
vn 0.91129 -0.20570 0.35670
vn 0.59369 -0.64279 0.48409
vn 0.92940 -0.36460 0.05720
vn 0.89235 -0.25749 0.37068
vn 0.89095 -0.03650 -0.45263
vn 0.56130 0.13460 -0.81660
vn 0.89859 -0.38679 -0.20720
vn 0.95110 -0.20840 0.22800
vn 0.78334 0.43182 -0.44712
vn 0.25060 0.44120 -0.86171
vn 0.21830 0.94691 -0.23600
vn 0.05430 0.92006 -0.38799
vn 0.16100 0.70242 -0.69332
vn 0.06040 0.69742 -0.71412
vn 0.23660 0.50379 -0.83079
vn 0.10810 0.59759 -0.79448
vn 0.09100 0.66182 -0.74412
vn 0.53099 0.60089 -0.59749
vn 0.30440 0.53370 -0.78899
vn 0.08530 0.60762 -0.78963
vn 0.69958 0.32299 -0.63738
vn 0.32061 0.33361 -0.88652
vn 0.07190 0.42250 -0.90351
vn 0.65684 0.14611 -0.73974
vn 0.74065 0.25422 -0.62194
vn 0.85071 -0.49590 0.17430
vn 0.57148 -0.72708 -0.38049
vn 0.78401 -0.51171 -0.35140
vn 0.83987 -0.23889 -0.48738
vn 0.92111 0.38911 -0.01220
vn 0.98351 0.10000 -0.15070
vn 0.86201 0.38441 0.33040
vn 0.78229 0.49079 -0.38359
vn 0.96462 -0.15780 0.21120
vn 0.86461 0.26220 0.42860
vn 0.44308 0.33789 -0.83037
vn 0.61179 0.29190 0.73519
vn 0.90641 -0.32870 -0.26530
vn 0.83444 0.11661 0.53862
vn 0.95706 0.06100 0.28339
vn 0.69851 0.15680 0.69821
vn 0.84357 -0.29339 -0.44979
vn 0.99741 0.05640 0.04470
vn 0.96775 0.07460 0.24061
vn 0.82378 -0.01230 0.56678
vn 0.75400 0.12490 0.64490
vn 0.87902 0.41901 0.22750
vn 0.87817 0.03190 0.47728
vn 0.71870 -0.12050 -0.68480
vn 0.73011 0.35741 0.58241
vn 0.89095 0.19959 0.40788
vn 0.85681 0.46341 0.22610
vn 0.93302 0.22611 -0.27991
vn 0.84009 -0.32700 -0.43280
vn 0.84091 -0.26310 -0.47291
vn 0.84139 -0.44359 0.30870
vn 0.68000 -0.07570 0.72930
vn 0.87193 0.15391 0.46482
vn 0.99397 0.03670 0.10330
vn 0.73478 0.32699 -0.59428
vn 0.99707 0.06360 -0.04260
vn 0.97018 0.23260 0.06820
vn 0.71018 0.28829 0.64228
vn 0.99070 -0.06640 0.11880
vn 0.56618 -0.30199 0.76697
vn 0.97738 -0.12690 0.16920
vn 0.66070 -0.31900 0.67950
vn 0.58701 -0.41801 0.69331
vn 0.79982 -0.21131 0.56181
vn 0.63549 -0.72829 0.25640
vn 0.72808 -0.47949 -0.48989
vn 0.86429 -0.42349 -0.27140
vn 0.81548 0.29139 -0.50009
vn 0.89221 0.33470 -0.30320
vn 0.49792 0.24891 -0.83073
vn 0.80639 0.39680 -0.43850
vn 0.88492 0.44691 -0.13110
vn 0.98449 -0.12620 0.12190
vn 0.98629 -0.15960 0.04190
vn 0.96193 -0.17121 0.21301
vn 0.86948 -0.45029 -0.20309
vn 0.81299 0.16300 -0.55899
vn 0.94506 -0.15889 0.28569
vn 0.59800 0.00170 -0.80150
vn 0.81125 -0.37288 0.45037
vn 0.71307 -0.02730 -0.70057
vn 0.91447 -0.07100 0.39839
vn 0.53069 -0.15500 -0.83328
vn 0.92839 0.15310 -0.33860
vn 0.66349 -0.07230 -0.74469
vn 0.56229 0.02430 -0.82658
vn 0.56038 -0.07580 -0.82476
vn 0.37952 -0.30932 -0.87195
vn 0.27400 -0.30580 -0.91181
vn 0.31809 -0.36929 -0.87318
vn 0.12160 -0.12550 -0.98461
vn 0.99517 -0.08760 0.04430
vn 0.63927 -0.08770 -0.76396
vn 0.29990 -0.44140 -0.84571
vn 0.58380 0.19790 -0.78741
vn 0.09820 0.18140 -0.97849
vn 0.99830 0.05460 0.02040
vn 0.97828 0.20530 -0.02880
vn 0.60202 0.31451 -0.73393
vn 0.13400 0.32690 -0.93551
vn 0.24140 0.09370 -0.96589
vn 0.31400 -0.42179 -0.85059
vn 0.91179 -0.38220 0.15020
vn 0.76613 -0.03120 0.64193
vn 0.80202 -0.24791 -0.54342
vn 0.25290 -0.30180 -0.91921
vn 0.20230 0.10650 -0.97351
vn 0.87210 -0.06570 0.48490
vn 0.66680 0.08740 -0.74010
vn 0.26401 0.32551 -0.90793
vn 0.79071 -0.07150 0.60801
vn 0.85410 -0.15490 0.49650
vn 0.36751 0.44722 0.81543
vn 0.17670 0.76928 -0.61399
vn 0.14720 -0.20930 0.96671
vn 0.77181 0.25100 -0.58421
vn 0.79372 -0.00890 0.60822
vn 0.73813 0.64782 0.18841
vn 0.23309 -0.28529 0.92967
vn 0.50189 0.61638 -0.60678
vn 0.93750 0.24470 0.24740
vn 1.00000 -0.00030 0.00060
vn 1.00000 -0.00040 0.00060
vn 0.67592 0.43581 -0.59431
vn 0.70553 0.54902 -0.44812
vn 0.86168 0.05300 -0.50469
vn 0.68567 0.07270 -0.72427
vn 0.60781 -0.35300 -0.71131
vn 0.74410 -0.03400 -0.66720
vn 0.84267 0.53568 0.05430
vn 0.87897 0.30319 0.36809
vn 0.92257 -0.15300 0.35419
vn 0.76767 0.33829 0.54428
vn 0.87692 -0.27951 0.39101
vn 0.87221 0.02840 0.48831
vn 0.99960 -0.02840 0.00070
vn 0.64131 0.02380 0.76691
vn 0.86579 -0.14010 -0.48039
vn 0.98796 -0.13010 0.08370
vn 0.61299 -0.20370 0.76338
vn 0.82934 -0.05700 0.55583
vn 0.92758 -0.17160 0.33189
vn 0.92564 -0.33371 0.17841
vn 0.81675 -0.54663 -0.18471
vn 0.93534 -0.31991 -0.15101
vn 0.89138 -0.01540 0.45299
vn 0.92437 0.04550 0.37879
vn 0.83161 -0.23240 0.50440
vn 0.90803 0.15911 0.38751
vn 0.90967 0.13050 0.39429
vn 0.78563 -0.32891 0.52402
vn 0.84410 -0.42230 0.33040
vn 0.84698 0.21439 0.48649
vn 0.94515 0.11921 0.30412
vn 0.85067 0.31339 0.42208
vn 0.78682 0.41201 0.45951
vn 0.99881 0.04880 0.00110
vn 0.85131 0.37660 0.36530
vn 0.83814 0.38152 0.38982
vn 0.88318 0.35929 0.30149
vn 0.79279 0.46409 0.39510
vn 0.99742 0.07070 -0.01230
vn 0.87431 0.38020 0.30170
vn 0.99303 0.01310 -0.11710
vn 0.95356 0.28579 -0.09510
vn 0.82248 0.26729 0.50208
vn 0.75488 0.21220 0.62059
vn 0.83698 0.28789 0.46539
vn 0.77598 0.14620 0.61358
vn 0.86956 0.34968 0.34869
vn 0.99888 -0.04680 0.00760
vn 0.97601 0.11870 0.18250
vn 0.99670 0.06470 -0.04900
vn 0.27160 -0.55750 -0.78449
vn 0.99722 -0.02010 -0.07180
vn 0.25510 -0.70821 -0.65831
vn 0.87349 -0.46300 -0.15050
vn 0.25040 -0.88060 -0.40230
vn 0.35271 -0.90403 0.24151
vn 0.37700 -0.87301 0.30940
vn 0.76317 0.64488 -0.04120
vn 0.98952 0.02220 -0.14270
vn 0.96692 -0.13260 0.21790
vn 0.34159 -0.92908 -0.14190
vn 0.97378 -0.20960 0.08840
vn 0.27340 -0.82271 -0.49840
vn 0.98261 -0.11470 -0.14600
vn 0.18150 -0.60369 -0.77629
vn 0.90682 0.35881 -0.22121
vn 0.92312 0.22651 0.31071
vn 0.36131 0.51921 -0.77452
vn 0.43640 0.23660 -0.86809
vn 0.33460 0.93760 -0.09460
vn 0.95077 -0.22539 -0.21269
vn 0.31839 0.58328 -0.74727
vn 0.41219 -0.67758 -0.60908
vn 0.11900 -0.85803 -0.49962
vn 0.32279 -0.18429 -0.92836
vn 0.09230 -0.40670 -0.90889
vn 0.85820 -0.07150 -0.50830
vn 0.92334 0.20761 -0.32301
vn 0.48659 -0.27540 -0.82909
vn 0.84578 -0.06800 0.52919
vn 0.99939 -0.03470 0.00440
vn 0.74065 0.25422 -0.62194
vn 0.17670 0.76928 -0.61399
vn 0.07190 0.42250 -0.90351
vn 0.73856 0.25559 0.62386
vn 0.07050 0.42809 0.90098
vn 0.17090 0.76721 0.61821
vn -0.68111 -0.63891 0.35761
vn -0.93763 -0.32641 0.11960
vn -0.80841 -0.55660 0.19150
vn -0.70630 -0.69440 0.13770
vn -0.93441 -0.35620 -0.00100
vn -0.76902 -0.40821 0.49191
vn -0.70500 -0.70920 -0.00240
vn -0.66668 -0.30299 0.68098
vn -0.93470 -0.35530 -0.00950
vn -0.81288 0.12260 0.56938
vn -0.67222 -0.68212 -0.28781
vn -0.90497 -0.42548 -0.00040
vn -0.81969 -0.49739 -0.28410
vn -0.89422 0.26191 0.36301
vn -0.97871 0.17010 0.11490
vn -0.76861 -0.40801 -0.49271
vn -0.93330 0.35910 0.00000
vn -0.89430 0.26180 -0.36290
vn -0.90529 0.42480 0.00000
vn -0.97872 0.17010 -0.11480
vn -0.77151 -0.63621 0.00000
vn -0.81293 0.12251 -0.56932
vn -0.50319 -0.86408 -0.01260
vn -0.93696 -0.03390 -0.34779
vn -0.66631 -0.30330 -0.68121
vn -0.70556 -0.69446 -0.14109
vn -0.68048 -0.63898 -0.35869
vn -0.93448 -0.35589 0.00890
vn -0.93739 -0.32670 -0.12070
vn -0.80832 -0.55641 -0.19241
vn -0.84665 0.53177 -0.01990
vn -0.67220 -0.68270 0.28650
vn -0.95715 0.28759 -0.03390
vn -0.92171 0.30550 0.23900
vn -0.88154 0.45357 0.13099
vn -0.81883 0.50212 0.27821
vn -0.81969 -0.49790 0.28320
vn -0.99707 0.07650 0.00140
vn -0.97021 -0.09130 0.22440
vn -0.85820 -0.46650 0.21420
vn -0.85419 0.44430 0.27010
vn -0.77631 0.32131 -0.54231
vn -0.88316 0.35992 0.30082
vn -0.70538 0.54988 -0.44729
vn -0.99200 0.12010 0.03900
vn -0.79281 0.46490 0.39410
vn -0.85337 0.37979 0.35709
vn -0.89063 -0.36261 0.27441
vn -0.78390 -0.62030 0.02710
vn -0.83629 0.38949 0.38589
vn -0.89018 -0.45469 0.02910
vn -0.85061 0.32440 0.41380
vn -0.71651 -0.64211 0.27260
vn -0.99608 0.04340 0.07710
vn -0.87979 -0.41080 -0.23920
vn -0.84611 0.22170 0.48471
vn -0.62580 -0.77850 0.04810
vn -0.51658 -0.15889 -0.84137
vn -0.84437 -0.42129 0.33099
vn -0.90570 0.06110 -0.41950
vn -0.99574 -0.01180 0.09140
vn -0.88595 -0.17699 -0.42868
vn -0.78742 -0.32641 0.52291
vn -0.87856 -0.27689 0.38918
vn -0.75882 0.43051 -0.48872
vn -0.98499 -0.04170 -0.16750
vn -0.82403 0.17721 -0.53812
vn -0.55551 0.40641 -0.72542
vn -0.72098 0.52318 -0.45439
vn -0.91591 -0.29000 0.27750
vn -0.65479 0.60569 -0.45209
vn -0.96782 -0.12380 -0.21910
vn -0.92903 0.00060 -0.37001
vn -0.68739 0.72219 -0.07700
vn -0.72372 -0.68942 -0.03050
vn -0.98737 -0.10640 0.11740
vn -0.64861 0.74821 -0.13960
vn -0.99729 -0.07360 -0.00120
vn -0.67339 0.58739 0.44890
vn -0.98606 -0.16349 -0.03090
vn -0.71461 -0.01260 0.69941
vn -0.60941 0.65661 0.44440
vn -0.85150 -0.49830 -0.16320
vn -0.82123 -0.49252 0.28811
vn -0.91013 0.23271 0.34281
vn -0.67600 0.43680 -0.59350
vn -0.93009 -0.18420 -0.31780
vn -0.68570 0.07320 -0.72420
vn -0.86163 0.05340 -0.50472
vn -0.74412 -0.03340 -0.66721
vn -0.84207 0.53658 0.05480
vn -0.60730 -0.35330 -0.71160
vn -0.97498 -0.21259 -0.06500
vn -0.64779 0.74879 -0.14030
vn -0.57218 0.81437 -0.09700
vn -0.60626 0.70636 0.36538
vn -0.43121 0.83352 -0.34541
vn -0.98655 0.14771 -0.07000
vn -0.54021 0.82332 0.17410
vn -0.67198 0.35419 -0.65038
vn -0.34950 0.83341 -0.42811
vn -0.17909 0.62807 -0.75727
vn -0.40561 0.91261 -0.05120
vn -0.95414 -0.26511 -0.13901
vn -0.99096 0.13399 0.00720
vn -0.27169 0.92668 -0.25970
vn -0.85161 -0.50851 0.12720
vn -0.99797 0.01550 -0.06170
vn -0.19879 0.93075 -0.30689
vn -0.83210 -0.53720 0.13790
vn -0.92531 0.23680 0.29620
vn -0.54589 0.77339 -0.32229
vn -0.75071 -0.64051 0.16180
vn -0.18070 0.93509 -0.30490
vn -0.96554 -0.19191 0.17581
vn -0.88539 -0.45970 -0.06900
vn -0.55759 -0.76799 0.31510
vn -0.93083 0.36541 -0.00600
vn -0.79131 -0.52111 0.31980
vn -0.19919 0.94547 -0.25769
vn -0.11210 -0.79353 0.59812
vn -0.36329 -0.80637 0.46668
vn -0.85912 -0.44111 0.25950
vn -0.62608 0.73357 -0.26439
vn -0.15049 0.95556 -0.25349
vn -0.19080 -0.97059 0.14680
vn -0.63970 -0.73530 0.22390
vn -0.88261 -0.11930 -0.45471
vn -0.55240 -0.79190 0.26030
vn -0.23920 -0.86259 -0.44579
vn -0.62241 0.76331 -0.17310
vn -0.53570 0.83060 -0.15210
vn -0.17289 0.93705 -0.30338
vn -0.92666 0.21129 0.31089
vn -0.24490 0.96942 -0.01590
vn -0.35460 -0.87660 -0.32530
vn -0.24840 -0.96359 0.09900
vn -0.89229 -0.18030 0.41390
vn -0.30771 -0.60052 0.73803
vn -0.85990 0.47150 0.19560
vn -0.72352 -0.36371 0.58672
vn -0.25691 -0.48652 0.83504
vn -0.23181 -0.36491 0.90172
vn -0.41561 -0.38311 0.82492
vn -0.99193 0.11820 0.04590
vn -0.29510 -0.43341 0.85151
vn -0.89074 -0.24011 0.38592
vn -0.92168 -0.24649 0.29959
vn -0.79399 -0.27320 0.54309
vn -0.22499 -0.59268 0.77337
vn -0.60158 -0.65378 0.45899
vn -0.94661 -0.21160 -0.24320
vn -0.23569 -0.68478 0.68958
vn -0.80131 -0.32970 0.49920
vn -0.67030 -0.68720 -0.28010
vn 0.38982 -0.92054 -0.02540
vn -0.92721 0.16770 0.33490
vn -0.68748 -0.57528 0.44319
vn -0.69898 -0.06280 0.71238
vn -0.65969 0.29579 0.69088
vn -0.95720 0.06020 0.28310
vn -0.76122 -0.52131 -0.38571
vn -0.61243 0.29221 0.73453
vn -0.99756 0.05390 0.04440
vn -0.86418 0.26540 0.42749
vn -0.69862 0.15490 0.69852
vn -0.83391 0.11720 0.53931
vn -0.96787 0.07250 0.24079
vn -0.82329 -0.01240 0.56749
vn -0.75386 0.12169 0.64567
vn -0.88288 0.40909 0.23059
vn -0.73284 0.34722 0.58513
vn -0.87839 0.03170 0.47689
vn -0.71889 -0.11770 -0.68509
vn -0.89120 0.19320 0.41040
vn -0.85157 -0.31879 -0.41618
vn -0.92031 -0.29450 -0.25750
vn -0.86095 0.45362 0.23021
vn -0.93532 0.21960 -0.27741
vn -0.86152 0.39031 0.32471
vn -0.96431 -0.15900 0.21170
vn -0.91501 0.17830 0.36190
vn -0.91947 0.39279 -0.01720
vn -0.91153 -0.20091 0.35881
vn -0.78009 0.49350 -0.38460
vn -0.86671 -0.42870 0.25500
vn -0.80821 -0.38891 -0.44221
vn -0.87196 0.15259 0.46518
vn -0.68063 -0.07340 0.72894
vn -0.84170 -0.26040 -0.47300
vn -0.50102 0.24431 -0.83024
vn -0.66133 -0.31351 0.68143
vn -0.88940 0.43810 -0.13050
vn -0.81764 0.28642 -0.49943
vn -0.79920 -0.21130 0.56270
vn -0.80981 0.38921 -0.43901
vn -0.98684 -0.15651 0.04060
vn -0.89511 0.32751 -0.30251
vn -0.98519 -0.12250 0.12000
vn -0.96280 -0.16830 0.21140
vn -0.87321 -0.44190 -0.20550
vn -0.81432 0.15900 -0.55821
vn -0.94540 -0.15720 0.28550
vn -0.60160 0.00220 -0.79880
vn -0.71281 -0.02750 -0.70081
vn -0.81481 -0.36660 0.44910
vn -0.91445 -0.06990 0.39862
vn -0.53080 -0.15450 -0.83330
vn -0.93063 0.15090 -0.33341
vn -0.67110 -0.07050 -0.73800
vn -0.56706 -0.07170 -0.82055
vn -0.57068 0.02550 -0.82077
vn -0.27521 -0.30312 -0.91235
vn -0.86965 -0.41452 -0.26811
vn -0.31819 -0.37299 -0.87157
vn -0.38341 -0.30940 -0.87021
vn -0.99508 -0.08960 0.04230
vn -0.73075 -0.47153 -0.49363
vn -0.30040 -0.45519 -0.83819
vn -0.12260 -0.12300 -0.98480
vn -0.63863 -0.72663 0.25331
vn -0.58898 -0.41109 0.69578
vn -0.97761 -0.12590 0.16860
vn -0.56790 -0.29840 0.76710
vn -0.99081 -0.06460 0.11880
vn -0.71158 0.28709 0.64128
vn -0.97067 0.23049 0.06840
vn -0.99829 0.05480 0.02050
vn -0.63994 -0.08560 -0.76364
vn -0.58460 0.19680 -0.78709
vn -0.09920 0.18121 -0.97843
vn -0.97854 0.20401 -0.02890
vn -0.60207 0.31479 -0.73377
vn -0.13480 0.32839 -0.93487
vn -0.99707 0.06320 -0.04300
vn -0.73433 0.32921 -0.59362
vn -0.24491 0.09440 -0.96494
vn -0.99398 0.03760 0.10290
vn -0.44520 0.34260 -0.82730
vn -0.31920 -0.43041 -0.84431
vn -0.98380 0.09740 -0.15050
vn -0.90846 -0.38618 0.15989
vn -0.83990 -0.24120 -0.48620
vn -0.76691 -0.02870 0.64111
vn -0.78239 -0.52179 -0.34000
vn -0.80228 -0.25279 -0.54078
vn -0.25669 -0.30809 -0.91607
vn -0.20500 0.10890 -0.97269
vn -0.87229 -0.06680 0.48440
vn -0.66727 0.09000 -0.73936
vn -0.26521 0.33231 -0.90512
vn -0.78698 -0.07600 0.61228
vn -0.85480 -0.15840 0.49420
vn -0.77258 0.25469 -0.58159
vn -0.73278 0.65308 0.19109
vn -0.79503 -0.00730 0.60652
vn -0.14900 -0.21440 0.96531
vn -0.37321 0.45211 0.81013
vn -0.23410 -0.29140 0.92751
vn -0.49481 0.61772 -0.61122
vn -0.93943 0.24091 0.24381
vn -1.00000 -0.00030 0.00060
vn -1.00000 -0.00030 0.00040
vn -0.74041 0.25500 -0.62191
vn -0.17360 0.76580 -0.61920
vn -0.32759 0.34249 -0.88056
vn -0.07180 0.42821 -0.90082
vn -0.08440 0.61180 -0.78650
vn -0.57152 -0.72703 -0.38051
vn -0.30630 0.52781 -0.79221
vn -0.08930 0.66462 -0.74182
vn -0.65222 0.15970 -0.74102
vn -0.85023 -0.49782 0.17111
vn -0.58683 -0.64814 0.48533
vn -0.89472 -0.25451 0.36701
vn -0.68772 0.32431 -0.64952
vn -0.52449 0.60489 -0.59919
vn -0.79820 -0.21030 -0.56450
vn -0.92916 -0.36578 0.05360
vn -0.81085 -0.07500 -0.58043
vn -0.88995 -0.04090 -0.45422
vn -0.89846 -0.39378 -0.19419
vn -0.55669 0.13120 -0.82029
vn -0.95455 -0.19549 0.22499
vn -0.23679 0.50008 -0.83297
vn -0.10650 0.59181 -0.79901
vn -0.05060 0.67780 -0.73350
vn -0.25781 0.41731 -0.87143
vn -0.16210 0.68570 -0.70960
vn -0.05100 0.91631 -0.39721
vn -0.77880 0.42700 -0.45950
vn -0.21980 0.94480 -0.24300
vn -0.19000 0.97130 0.14310
vn -0.61798 0.75528 0.21829
vn -0.97023 -0.09110 -0.22441
vn -0.99709 0.07620 -0.00120
vn -0.85812 -0.46631 -0.21491
vn -0.92223 0.30461 -0.23811
vn -0.81884 0.50143 -0.27941
vn -0.77621 0.32071 0.54281
vn -0.88140 0.45370 -0.13150
vn -0.84665 0.53177 0.01990
vn -0.85428 0.44359 -0.27099
vn -0.76277 0.64667 0.00000
vn -0.70159 0.69309 0.16550
vn -0.83397 0.45168 0.31699
vn -0.62939 0.48769 0.60499
vn -0.94325 0.33208 0.00000
vn -0.83397 0.45168 -0.31699
vn -0.86400 -0.43590 0.25200
vn -0.82789 -0.56089 0.00000
vn -0.86400 -0.43590 -0.25200
vn -0.62939 0.48769 -0.60499
vn -0.70142 0.69322 -0.16570
vn -0.99564 -0.09330 0.00000
vn -0.97266 0.14359 -0.18249
vn -0.76369 0.47279 -0.43959
vn -0.92383 0.04100 0.38061
vn -0.89317 0.44929 0.01950
vn -0.97266 0.14359 0.18249
vn -0.92383 0.04100 -0.38061
vn -0.76369 0.47279 0.43959
vn -0.89321 0.44921 -0.01960
vn -0.93806 0.19949 0.28329
vn -0.96972 -0.24421 0.00000
vn -0.78302 -0.60371 0.14970
vn -0.74462 -0.65262 -0.14010
vn -0.72077 -0.55798 0.41128
vn -0.25911 -0.94845 0.18251
vn -0.29219 -0.86008 0.41819
vn -0.23489 -0.88926 0.39248
vn -0.20269 -0.90235 0.38038
vn -0.17990 -0.93740 0.29820
vn -0.53578 -0.76448 0.35849
vn -0.19800 -0.86578 0.45959
vn -0.81723 -0.57632 0.00000
vn -0.28619 -0.95817 0.00000
vn -0.11440 -0.99343 0.00000
vn -0.19800 -0.86578 -0.45959
vn -0.53578 -0.76448 -0.35849
vn -0.29219 -0.86008 -0.41819
vn -0.74462 -0.65262 0.14010
vn -0.25911 -0.94845 -0.18251
vn -0.78302 -0.60371 -0.14970
vn -0.93806 0.19949 -0.28329
vn -0.72077 -0.55798 -0.41128
vn -0.23489 -0.88926 -0.39248
vn -0.20269 -0.90235 -0.38038
vn -0.17990 -0.93740 -0.29820
vn -0.95091 -0.22470 -0.21280
vn -0.90712 0.35841 -0.22061
vn -0.41271 -0.67642 -0.61002
vn -0.12101 -0.85775 -0.49963
vn -0.43721 0.23641 -0.86773
vn -0.32361 -0.18791 -0.92734
vn -0.09480 -0.40679 -0.90859
vn -0.32350 0.58210 -0.74600
vn -0.33820 0.93630 -0.09470
vn -0.36389 0.51778 -0.77427
vn -0.18309 -0.60477 -0.77507
vn -0.98286 -0.11420 -0.14469
vn -0.27559 -0.82338 -0.49609
vn -0.92321 0.22670 0.31030
vn -0.97393 -0.20841 0.08960
vn -0.34350 -0.92869 -0.13980
vn -0.87429 0.38090 0.30090
vn -0.96704 -0.13121 0.21821
vn -0.37870 -0.87220 0.30960
vn -0.95373 0.28541 -0.09450
vn -0.98950 0.02280 -0.14270
vn -0.87422 -0.46171 -0.15020
vn -0.35432 -0.90324 0.24211
vn -0.25189 -0.88105 -0.40038
vn -0.25680 -0.70900 -0.65680
vn -0.76293 0.64512 -0.04200
vn -0.99728 -0.01990 -0.07090
vn -0.27481 -0.56412 -0.77862
vn -0.87059 0.34860 0.34720
vn -0.99656 0.07060 -0.04340
vn -0.99704 0.07570 -0.01360
vn -0.83979 0.29480 0.45590
vn -0.99883 -0.04830 0.00310
vn -0.82067 0.27609 0.50028
vn -0.78470 0.42590 0.45040
vn -0.99289 0.01760 -0.11770
vn -0.94641 0.12060 0.29960
vn -0.90951 0.13160 0.39430
vn -0.75401 0.21460 0.62081
vn -0.97637 0.11640 0.18209
vn -0.83100 -0.23130 0.50590
vn -0.77593 0.14541 0.61383
vn -0.99881 0.04870 0.00120
vn -0.84599 -0.06600 0.52910
vn -0.99943 -0.03350 0.00450
vn -0.90817 0.16030 0.38669
vn -0.85697 -0.07000 -0.51058
vn -0.92441 0.04530 0.37870
vn -0.89169 -0.01480 0.45240
vn -0.93724 -0.31411 -0.15141
vn -0.92843 -0.16651 0.33211
vn -0.82934 -0.05610 0.55592
vn -0.61330 -0.20040 0.76400
vn -0.92293 -0.14720 0.35571
vn -0.87178 0.02980 0.48899
vn -0.88154 0.29411 0.36931
vn -0.76968 0.32759 0.54798
vn -0.64122 0.02290 0.76702
vn -0.99951 -0.03140 0.00100
vn -0.98828 -0.12900 0.08160
vn -0.92760 -0.32850 0.17790
vn -0.86561 -0.13810 -0.48130
vn -0.92454 0.20441 -0.32162
vn -0.81830 -0.54390 -0.18590
vn -0.48661 -0.26950 -0.83101
vn -0.95720 0.28740 0.03430
vn -0.93695 -0.03400 0.34782
vn -0.64800 0.74830 0.14190
vn -0.50319 -0.86408 0.01260
vn -0.64470 -0.67090 0.36640
vn -0.28389 -0.95886 0.00000
vn -0.67198 0.35419 0.65038
vn -0.63631 -0.68281 0.35900
vn -0.53662 0.28721 0.79344
vn -0.99402 0.10920 0.00000
vn -0.17909 0.62807 0.75727
vn -0.34950 0.83341 0.42811
vn -0.43119 0.83349 0.34550
vn -0.21380 0.87131 0.44171
vn -0.57272 0.81393 0.09750
vn -0.72418 0.54309 0.42499
vn -0.27069 0.96267 0.00000
vn -0.72418 0.54309 -0.42499
vn -0.21380 0.87131 -0.44171
vn -0.63631 -0.68281 -0.35900
vn -0.53662 0.28721 -0.79344
vn -0.64470 -0.67090 -0.36640
vn -0.62421 -0.77971 -0.04910
vn -0.87963 -0.41131 0.23891
vn -0.71663 -0.64273 -0.27081
vn -0.51689 -0.15890 0.84118
vn -0.89009 -0.45480 -0.02990
vn -0.88661 -0.17680 0.42740
vn -0.99607 0.04380 -0.07700
vn -0.90565 0.06100 0.41962
vn -0.89069 -0.36209 -0.27490
vn -0.75903 0.42982 0.48902
vn -0.78392 -0.62022 -0.02810
vn -0.99574 -0.01180 -0.09140
vn -0.55538 0.40559 0.72598
vn -0.99205 0.11981 -0.03860
vn -0.82129 -0.49190 -0.28900
vn -0.85164 -0.49833 0.16241
vn -0.71461 -0.01250 -0.69941
vn -0.98610 -0.16330 0.03060
vn -0.91025 0.23269 -0.34248
vn -0.96784 -0.12379 0.21899
vn -0.99730 -0.07340 0.00100
vn -0.67327 0.58778 -0.44858
vn -0.65479 0.60479 0.45329
vn -0.64862 0.74792 0.14110
vn -0.72081 0.52261 0.45531
vn -0.61031 0.65631 -0.44361
vn -0.68772 0.72173 0.07840
vn -0.85143 -0.50852 -0.12840
vn -0.93022 -0.18370 0.31771
vn -0.95402 -0.26551 0.13910
vn -0.98659 0.14760 0.06970
vn -0.83209 -0.53689 -0.13920
vn -0.75107 -0.63968 -0.16339
vn -0.88537 -0.45988 0.06810
vn -0.72390 -0.68930 0.02910
vn -0.96545 -0.19199 -0.17619
vn -0.92561 0.23700 -0.29510
vn -0.99797 0.01530 0.06180
vn -0.99093 0.13420 -0.00680
vn -0.19930 0.92998 0.30889
vn -0.27239 0.92586 0.26189
vn -0.40679 0.91197 0.05320
vn -0.54162 0.82263 -0.17301
vn -0.60741 0.70561 -0.36491
vn -0.54609 0.77258 0.32389
vn -0.18120 0.93440 0.30670
vn -0.97487 -0.21309 0.06500
vn -0.93082 0.36541 0.00690
vn -0.19970 0.94490 0.25940
vn -0.55728 -0.76768 -0.31639
vn -0.79118 -0.52089 -0.32049
vn -0.11210 -0.79249 -0.59949
vn -0.62634 0.73294 0.26552
vn -0.15090 0.95507 0.25509
vn -0.85911 -0.44071 -0.26020
vn -0.19110 -0.97038 -0.14780
vn -0.36338 -0.80546 -0.46818
vn -0.92899 0.00050 0.37010
vn -0.63980 -0.73490 -0.22490
vn -0.82391 0.17690 0.53841
vn -0.98729 -0.10640 -0.11810
vn -0.55230 -0.79180 -0.26080
vn -0.91730 -0.28950 -0.27340
vn -0.30820 -0.59909 -0.73899
vn -0.23931 -0.86264 0.44562
vn -0.24841 -0.96354 -0.09940
vn -0.88266 -0.11949 0.45458
vn -0.35501 -0.87651 0.32511
vn -0.62297 0.76267 0.17389
vn -0.53620 0.83009 0.15310
vn -0.17331 0.93654 0.30471
vn -0.92675 0.21149 -0.31048
vn -0.24549 0.96926 0.01670
vn -0.89223 -0.18031 -0.41402
vn -0.85991 0.47090 -0.19700
vn -0.72349 -0.36300 -0.58719
vn -0.41782 -0.38602 -0.82244
vn -0.99214 0.11020 -0.05920
vn -0.61670 0.75490 -0.22320
vn -0.19049 0.97126 -0.14269
vn -0.91679 -0.26030 -0.30290
vn -0.25690 -0.48811 -0.83412
vn -0.89314 -0.23851 -0.38132
vn -0.29781 -0.43331 -0.85062
vn -0.23751 -0.36762 -0.89914
vn -0.79366 -0.27159 -0.54437
vn -0.60910 -0.65050 -0.45370
vn -0.22770 -0.59070 -0.77410
vn -0.94684 -0.20811 0.24531
vn -0.23900 -0.68401 -0.68921
vn -0.80050 -0.32970 -0.50050
vn -0.67392 -0.68032 0.28811
vn 0.38420 -0.92280 0.02900
vn -0.69407 -0.57188 -0.43728
vn -0.92693 0.16681 -0.33611
vn -0.69898 -0.06270 -0.71238
vn -0.65842 0.29311 -0.69323
vn -0.98522 -0.04060 0.16640
vn -0.76423 -0.50952 0.39541
vn -0.79710 -0.20800 0.56690
vn -0.81262 -0.07450 0.57801
vn -0.91409 0.17650 -0.36509
vn -0.91129 -0.20570 -0.35670
vn -0.59369 -0.64279 -0.48409
vn -0.92940 -0.36460 -0.05720
vn -0.89235 -0.25749 -0.37068
vn -0.89095 -0.03650 0.45263
vn -0.56130 0.13460 0.81660
vn -0.89859 -0.38679 0.20720
vn -0.95110 -0.20840 -0.22800
vn -0.78334 0.43182 0.44712
vn -0.25060 0.44120 0.86171
vn -0.21891 0.94642 0.23741
vn -0.05510 0.92004 0.38792
vn -0.16130 0.70238 0.69328
vn -0.06110 0.69718 0.71428
vn -0.23709 0.50378 0.83066
vn -0.10950 0.59748 0.79437
vn -0.09200 0.66181 0.74401
vn -0.53130 0.60070 0.59740
vn -0.30482 0.53353 0.78894
vn -0.08650 0.60750 0.78960
vn -0.69958 0.32299 0.63738
vn -0.32120 0.33340 0.88639
vn -0.07310 0.42259 0.90337
vn -0.65684 0.14611 0.73974
vn -0.74254 0.25361 0.61993
vn -0.85071 -0.49590 -0.17430
vn -0.57148 -0.72708 0.38049
vn -0.78401 -0.51171 0.35140
vn -0.83987 -0.23889 0.48738
vn -0.92111 0.38911 0.01220
vn -0.98351 0.10000 0.15070
vn -0.86205 0.38432 -0.33042
vn -0.78226 0.49077 0.38368
vn -0.96462 -0.15780 -0.21120
vn -0.86461 0.26220 -0.42860
vn -0.44560 0.33840 0.82881
vn -0.61179 0.29190 -0.73519
vn -0.90641 -0.32870 0.26530
vn -0.83447 0.11660 -0.53858
vn -0.95706 0.06100 -0.28339
vn -0.69846 0.15679 -0.69826
vn -0.84357 -0.29339 0.44979
vn -0.99741 0.05640 -0.04470
vn -0.96774 0.07470 -0.24061
vn -0.82374 -0.01230 -0.56683
vn -0.75400 0.12490 -0.64490
vn -0.87902 0.41901 -0.22750
vn -0.87817 0.03190 -0.47728
vn -0.71870 -0.12050 0.68480
vn -0.73016 0.35738 -0.58237
vn -0.89099 0.19960 -0.40780
vn -0.85681 0.46341 -0.22610
vn -0.93302 0.22611 0.27991
vn -0.84009 -0.32700 0.43280
vn -0.84091 -0.26310 0.47291
vn -0.84139 -0.44359 -0.30870
vn -0.68000 -0.07570 -0.72930
vn -0.87193 0.15391 -0.46482
vn -0.99397 0.03670 -0.10330
vn -0.73514 0.32702 0.59383
vn -0.99707 0.06360 0.04260
vn -0.97018 0.23260 -0.06820
vn -0.71018 0.28829 -0.64228
vn -0.99070 -0.06640 -0.11880
vn -0.56618 -0.30199 -0.76697
vn -0.97738 -0.12690 -0.16920
vn -0.66070 -0.31900 -0.67950
vn -0.58701 -0.41801 -0.69331
vn -0.79982 -0.21131 -0.56181
vn -0.63549 -0.72829 -0.25640
vn -0.72848 -0.47939 0.48939
vn -0.86730 -0.42120 0.26530
vn -0.81548 0.29139 0.50009
vn -0.89221 0.33470 0.30320
vn -0.49792 0.24891 0.83073
vn -0.80639 0.39680 0.43850
vn -0.88492 0.44691 0.13110
vn -0.98449 -0.12620 -0.12190
vn -0.98628 -0.15970 -0.04190
vn -0.96193 -0.17121 -0.21301
vn -0.86948 -0.45029 0.20309
vn -0.81299 0.16300 0.55899
vn -0.94505 -0.15891 -0.28571
vn -0.60217 0.00210 0.79836
vn -0.81125 -0.37288 -0.45037
vn -0.71307 -0.02730 0.70057
vn -0.91447 -0.07100 -0.39839
vn -0.53218 -0.15479 0.83236
vn -0.92982 0.15340 0.33451
vn -0.67130 -0.07190 0.73769
vn -0.57062 0.02540 0.82082
vn -0.56700 -0.07390 0.82040
vn -0.38511 -0.31261 0.86831
vn -0.27719 -0.30549 0.91096
vn -0.32071 -0.36881 0.87242
vn -0.12280 -0.12570 0.98444
vn -0.99522 -0.08660 -0.04520
vn -0.63971 -0.08750 0.76362
vn -0.30241 -0.44101 0.84502
vn -0.58409 0.19790 0.78719
vn -0.09920 0.18150 0.97838
vn -0.99830 0.05460 -0.02040
vn -0.97828 0.20530 0.02880
vn -0.60262 0.31431 0.73352
vn -0.13540 0.32690 0.93531
vn -0.24470 0.09530 0.96490
vn -0.31920 -0.42150 0.84879
vn -0.91237 -0.37999 -0.15229
vn -0.76613 -0.03120 -0.64193
vn -0.80322 -0.24711 0.54201
vn -0.25661 -0.30162 0.91825
vn -0.20530 0.10640 0.97290
vn -0.87210 -0.06570 -0.48490
vn -0.66808 0.08700 0.73898
vn -0.26779 0.32569 0.90676
vn -0.79141 -0.07310 -0.60690
vn -0.85459 -0.15480 -0.49569
vn -0.37322 0.44412 -0.81454
vn -0.17950 0.76781 0.61501
vn -0.14920 -0.20899 -0.96647
vn -0.77289 0.25050 0.58300
vn -0.79406 -0.00890 -0.60777
vn -0.74181 0.64361 -0.18840
vn -0.23559 -0.28519 -0.92907
vn -0.50649 0.61448 0.60488
vn -0.93858 0.24289 -0.24509
vn -1.00000 -0.00030 -0.00060
vn -1.00000 -0.00020 -0.00040
vn -0.67592 0.43581 0.59431
vn -0.70553 0.54902 0.44812
vn -0.86168 0.05300 0.50469
vn -0.68567 0.07270 0.72427
vn -0.60779 -0.35309 0.71128
vn -0.74410 -0.03400 0.66720
vn -0.84264 0.53573 -0.05430
vn -0.87897 0.30319 -0.36809
vn -0.92261 -0.15300 -0.35410
vn -0.76767 0.33829 -0.54428
vn -0.87692 -0.27951 -0.39101
vn -0.87221 0.02840 -0.48831
vn -0.99960 -0.02840 -0.00070
vn -0.64131 0.02380 -0.76691
vn -0.86579 -0.14010 0.48039
vn -0.98796 -0.13010 -0.08370
vn -0.61299 -0.20370 -0.76338
vn -0.82937 -0.05700 -0.55578
vn -0.92758 -0.17160 -0.33189
vn -0.92564 -0.33371 -0.17841
vn -0.81670 -0.54670 0.18470
vn -0.93534 -0.31991 0.15101
vn -0.89138 -0.01540 -0.45299
vn -0.92440 0.04550 -0.37870
vn -0.83161 -0.23240 -0.50440
vn -0.90803 0.15911 -0.38751
vn -0.90967 0.13050 -0.39429
vn -0.78563 -0.32891 -0.52402
vn -0.84410 -0.42230 -0.33040
vn -0.84698 0.21439 -0.48649
vn -0.94515 0.11921 -0.30412
vn -0.85070 0.31340 -0.42200
vn -0.78682 0.41201 -0.45951
vn -0.99881 0.04880 -0.00110
vn -0.85131 0.37660 -0.36530
vn -0.83814 0.38152 -0.38982
vn -0.88318 0.35929 -0.30149
vn -0.79279 0.46409 -0.39510
vn -0.99742 0.07070 0.01230
vn -0.87431 0.38020 -0.30170
vn -0.99303 0.01310 0.11710
vn -0.95356 0.28579 0.09510
vn -0.82248 0.26729 -0.50208
vn -0.75488 0.21220 -0.62059
vn -0.83698 0.28789 -0.46539
vn -0.77598 0.14620 -0.61358
vn -0.86956 0.34968 -0.34869
vn -0.99890 -0.04600 -0.00880
vn -0.97601 0.11870 -0.18250
vn -0.99672 0.06520 0.04800
vn -0.27369 -0.55719 0.78398
vn -0.99729 -0.01950 0.07090
vn -0.25711 -0.70783 0.65793
vn -0.87408 -0.46179 0.15080
vn -0.25240 -0.88011 0.40211
vn -0.35540 -0.90300 -0.24140
vn -0.37969 -0.87198 -0.30899
vn -0.76317 0.64488 0.04120
vn -0.98948 0.02320 0.14280
vn -0.96706 -0.13129 -0.21809
vn -0.34439 -0.92807 0.14170
vn -0.97397 -0.20839 -0.08920
vn -0.27601 -0.82183 0.49842
vn -0.98282 -0.11410 0.14510
vn -0.18329 -0.60328 0.77618
vn -0.90712 0.35831 0.22080
vn -0.92314 0.22641 -0.31071
vn -0.36360 0.51810 0.77419
vn -0.43721 0.23641 0.86773
vn -0.33820 0.93630 0.09470
vn -0.95091 -0.22470 0.21280
vn -0.32350 0.58210 0.74600
vn -0.41271 -0.67642 0.61002
vn -0.12101 -0.85775 0.49963
vn -0.32361 -0.18791 0.92734
vn -0.09480 -0.40679 0.90859
vn -0.85820 -0.07150 0.50830
vn -0.92334 0.20761 0.32301
vn -0.48659 -0.27540 0.82909
vn -0.84578 -0.06800 -0.52919
vn -0.99939 -0.03470 -0.00440
vn -0.74254 0.25361 0.61993
vn -0.17950 0.76781 0.61501
vn -0.07310 0.42259 0.90337
vn -0.74041 0.25500 -0.62191
vn -0.07180 0.42821 -0.90082
vn -0.17360 0.76580 -0.61920
vn 0.68111 -0.63891 -0.35761
vn 0.93763 -0.32641 -0.11960
vn 0.80841 -0.55660 -0.19150
vn 0.70630 -0.69440 -0.13770
vn 0.93441 -0.35620 0.00100
vn 0.76902 -0.40821 -0.49191
vn 0.70495 -0.70925 0.00240
vn 0.66668 -0.30299 -0.68098
vn 0.93470 -0.35530 0.00950
vn 0.81288 0.12260 -0.56938
vn 0.67222 -0.68212 0.28781
vn 0.90497 -0.42548 0.00040
vn 0.81969 -0.49739 0.28410
vn 0.89422 0.26191 -0.36301
vn 0.97871 0.17010 -0.11490
vn 0.76861 -0.40801 0.49271
vn 0.93330 0.35910 0.00000
vn 0.89430 0.26180 0.36290
vn 0.90525 0.42488 0.00000
vn 0.97872 0.17010 0.11480
vn 0.77151 -0.63621 0.00000
vn 0.81293 0.12251 0.56932
vn 0.50312 -0.86413 0.01260
vn 0.93696 -0.03390 0.34779
vn 0.66631 -0.30330 0.68121
vn 0.70556 -0.69446 0.14109
vn 0.68048 -0.63898 0.35869
vn 0.93448 -0.35589 -0.00890
vn 0.93739 -0.32670 0.12070
vn 0.80832 -0.55641 0.19241
vn 0.84665 0.53177 0.01990
vn 0.67220 -0.68270 -0.28650
vn 0.95715 0.28759 0.03390
vn 0.92171 0.30550 -0.23900
vn 0.88154 0.45357 -0.13099
vn 0.81883 0.50212 -0.27821
vn 0.81972 -0.49791 -0.28311
vn 0.99707 0.07650 -0.00140
vn 0.97021 -0.09130 -0.22440
vn 0.85820 -0.46650 -0.21420
vn 0.85422 0.44431 -0.27001
vn 0.77631 0.32131 0.54231
vn 0.88316 0.35992 -0.30082
vn 0.70538 0.54988 0.44729
vn 0.99200 0.12010 -0.03900
vn 0.79281 0.46490 -0.39410
vn 0.85337 0.37979 -0.35709
vn 0.89063 -0.36261 -0.27441
vn 0.78390 -0.62030 -0.02710
vn 0.83629 0.38949 -0.38589
vn 0.89018 -0.45469 -0.02910
vn 0.85061 0.32440 -0.41380
vn 0.71651 -0.64211 -0.27260
vn 0.99608 0.04340 -0.07710
vn 0.87979 -0.41080 0.23920
vn 0.84611 0.22170 -0.48471
vn 0.62580 -0.77850 -0.04820
vn 0.51658 -0.15889 0.84137
vn 0.84437 -0.42129 -0.33099
vn 0.90570 0.06110 0.41950
vn 0.99574 -0.01180 -0.09140
vn 0.88595 -0.17699 0.42868
vn 0.78742 -0.32641 -0.52291
vn 0.87856 -0.27689 -0.38918
vn 0.75882 0.43051 0.48872
vn 0.98499 -0.04170 0.16750
vn 0.82403 0.17721 0.53812
vn 0.55551 0.40641 0.72542
vn 0.72093 0.52322 0.45442
vn 0.91591 -0.29000 -0.27750
vn 0.65479 0.60569 0.45209
vn 0.96782 -0.12380 0.21910
vn 0.92903 0.00060 0.37001
vn 0.68739 0.72219 0.07700
vn 0.72372 -0.68942 0.03050
vn 0.98737 -0.10640 -0.11740
vn 0.64861 0.74821 0.13960
vn 0.99729 -0.07360 0.00120
vn 0.67339 0.58739 -0.44890
vn 0.98606 -0.16349 0.03090
vn 0.71461 -0.01260 -0.69941
vn 0.60941 0.65661 -0.44440
vn 0.85146 -0.49838 0.16319
vn 0.82123 -0.49252 -0.28811
vn 0.91013 0.23271 -0.34281
vn 0.67600 0.43680 0.59350
vn 0.93009 -0.18420 0.31780
vn 0.68570 0.07320 0.72420
vn 0.86163 0.05340 0.50472
vn 0.74412 -0.03340 0.66721
vn 0.84207 0.53658 -0.05480
vn 0.60730 -0.35330 0.71160
vn 0.97498 -0.21259 0.06500
vn 0.64779 0.74879 0.14030
vn 0.57218 0.81437 0.09700
vn 0.60626 0.70636 -0.36538
vn 0.43121 0.83352 0.34541
vn 0.98655 0.14771 0.07000
vn 0.54021 0.82332 -0.17410
vn 0.67198 0.35419 0.65038
vn 0.34950 0.83341 0.42811
vn 0.17909 0.62807 0.75727
vn 0.40561 0.91261 0.05120
vn 0.95414 -0.26511 0.13901
vn 0.99096 0.13399 -0.00720
vn 0.27169 0.92668 0.25970
vn 0.85161 -0.50851 -0.12720
vn 0.99797 0.01550 0.06170
vn 0.19879 0.93075 0.30689
vn 0.83210 -0.53720 -0.13790
vn 0.92533 0.23681 -0.29611
vn 0.54589 0.77339 0.32229
vn 0.75071 -0.64051 -0.16180
vn 0.18070 0.93509 0.30490
vn 0.96550 -0.19200 -0.17590
vn 0.88539 -0.45970 0.06900
vn 0.55759 -0.76799 -0.31510
vn 0.93083 0.36541 0.00600
vn 0.79127 -0.52118 -0.31979
vn 0.19919 0.94547 0.25769
vn 0.11220 -0.79352 -0.59811
vn 0.36329 -0.80637 -0.46668
vn 0.85912 -0.44111 -0.25950
vn 0.62608 0.73357 0.26439
vn 0.15049 0.95556 0.25349
vn 0.19080 -0.97059 -0.14680
vn 0.63970 -0.73530 -0.22390
vn 0.88261 -0.11930 0.45471
vn 0.55240 -0.79190 -0.26030
vn 0.23920 -0.86259 0.44579
vn 0.62247 0.76326 0.17309
vn 0.53570 0.83060 0.15210
vn 0.17289 0.93705 0.30338
vn 0.92666 0.21129 -0.31089
vn 0.24490 0.96942 0.01590
vn 0.35460 -0.87660 0.32530
vn 0.24840 -0.96359 -0.09900
vn 0.89229 -0.18030 -0.41390
vn 0.30771 -0.60052 -0.73803
vn 0.85992 0.47151 -0.19550
vn 0.72349 -0.36380 -0.58669
vn 0.25691 -0.48652 -0.83504
vn 0.23181 -0.36491 -0.90172
vn 0.41561 -0.38311 -0.82492
vn 0.99193 0.11820 -0.04590
vn 0.29510 -0.43341 -0.85151
vn 0.89074 -0.24011 -0.38592
vn 0.92168 -0.24649 -0.29959
vn 0.79399 -0.27320 -0.54309
vn 0.22499 -0.59268 -0.77337
vn 0.60158 -0.65378 -0.45899
vn 0.94661 -0.21160 0.24320
vn 0.23569 -0.68478 -0.68958
vn 0.80131 -0.32970 -0.49920
vn 0.67030 -0.68720 0.28010
vn -0.38982 -0.92054 0.02540
vn 0.92722 0.16760 -0.33491
vn 0.68748 -0.57528 -0.44319
vn 0.69898 -0.06280 -0.71238
vn 0.65969 0.29579 -0.69088
vn 0.95720 0.06020 -0.28310
vn 0.76122 -0.52131 0.38571
vn 0.61243 0.29221 -0.73453
vn 0.99756 0.05390 -0.04440
vn 0.86418 0.26540 -0.42749
vn 0.69862 0.15490 -0.69852
vn 0.83391 0.11720 -0.53931
vn 0.96787 0.07250 -0.24079
vn 0.82329 -0.01240 -0.56749
vn 0.75382 0.12170 -0.64571
vn 0.88288 0.40909 -0.23059
vn 0.73284 0.34722 -0.58513
vn 0.87839 0.03170 -0.47689
vn 0.71889 -0.11770 0.68509
vn 0.89120 0.19320 -0.41040
vn 0.85157 -0.31879 0.41618
vn 0.92031 -0.29450 0.25750
vn 0.86095 0.45362 -0.23021
vn 0.93532 0.21960 0.27741
vn 0.86152 0.39031 -0.32471
vn 0.96431 -0.15900 -0.21170
vn 0.91501 0.17830 -0.36190
vn 0.91947 0.39279 0.01720
vn 0.91153 -0.20091 -0.35881
vn 0.78009 0.49350 0.38460
vn 0.86671 -0.42870 -0.25500
vn 0.80821 -0.38891 0.44221
vn 0.87196 0.15259 -0.46518
vn 0.68063 -0.07340 -0.72894
vn 0.84170 -0.26040 0.47300
vn 0.50102 0.24431 0.83024
vn 0.66139 -0.31349 -0.68139
vn 0.88940 0.43810 0.13050
vn 0.81764 0.28642 0.49943
vn 0.79920 -0.21130 -0.56270
vn 0.80981 0.38921 0.43901
vn 0.98684 -0.15651 -0.04060
vn 0.89511 0.32751 0.30251
vn 0.98520 -0.12250 -0.11990
vn 0.96280 -0.16830 -0.21140
vn 0.87321 -0.44190 0.20550
vn 0.81432 0.15900 0.55821
vn 0.94540 -0.15720 -0.28550
vn 0.60160 0.00220 0.79880
vn 0.71281 -0.02750 0.70081
vn 0.81481 -0.36660 -0.44910
vn 0.91445 -0.06990 -0.39862
vn 0.53080 -0.15450 0.83330
vn 0.93063 0.15090 0.33341
vn 0.67110 -0.07050 0.73800
vn 0.56706 -0.07170 0.82055
vn 0.57068 0.02550 0.82077
vn 0.27521 -0.30312 0.91235
vn 0.86965 -0.41452 0.26811
vn 0.31819 -0.37299 0.87157
vn 0.38341 -0.30940 0.87021
vn 0.99508 -0.08960 -0.04230
vn 0.73075 -0.47153 0.49363
vn 0.30040 -0.45519 0.83819
vn 0.12260 -0.12300 0.98480
vn 0.63863 -0.72663 -0.25331
vn 0.58898 -0.41109 -0.69578
vn 0.97762 -0.12580 -0.16860
vn 0.56790 -0.29840 -0.76710
vn 0.99081 -0.06460 -0.11880
vn 0.71158 0.28709 -0.64128
vn 0.97067 0.23049 -0.06840
vn 0.99829 0.05480 -0.02050
vn 0.63989 -0.08560 0.76369
vn 0.58460 0.19680 0.78709
vn 0.09920 0.18121 0.97843
vn 0.97854 0.20401 0.02890
vn 0.60207 0.31479 0.73377
vn 0.13480 0.32839 0.93487
vn 0.99708 0.06310 0.04300
vn 0.73433 0.32921 0.59362
vn 0.24491 0.09440 0.96494
vn 0.99398 0.03760 -0.10290
vn 0.44520 0.34260 0.82730
vn 0.31920 -0.43041 0.84431
vn 0.98380 0.09740 0.15050
vn 0.90849 -0.38610 -0.15990
vn 0.83990 -0.24120 0.48620
vn 0.76691 -0.02870 -0.64111
vn 0.78239 -0.52179 0.34000
vn 0.80224 -0.25281 0.54083
vn 0.25669 -0.30809 0.91607
vn 0.20500 0.10890 0.97269
vn 0.87229 -0.06680 -0.48440
vn 0.66727 0.09000 0.73936
vn 0.26521 0.33231 0.90512
vn 0.78703 -0.07600 -0.61222
vn 0.85480 -0.15840 -0.49420
vn 0.77258 0.25469 0.58159
vn 0.73278 0.65308 -0.19109
vn 0.79503 -0.00730 -0.60652
vn 0.14900 -0.21440 -0.96531
vn 0.37320 0.45219 -0.81009
vn 0.23410 -0.29140 -0.92751
vn 0.49481 0.61772 0.61122
vn 0.93943 0.24091 -0.24381
vn 1.00000 -0.00030 -0.00060
vn 1.00000 -0.00020 -0.00040
vn 0.74041 0.25500 0.62191
vn 0.17360 0.76580 0.61920
vn 0.32759 0.34249 0.88056
vn 0.07180 0.42821 0.90082
vn 0.08440 0.61180 0.78650
vn 0.57152 -0.72703 0.38051
vn 0.30621 0.52782 0.79223
vn 0.08930 0.66462 0.74182
vn 0.65222 0.15970 0.74102
vn 0.85023 -0.49782 -0.17111
vn 0.58683 -0.64814 -0.48533
vn 0.89472 -0.25451 -0.36701
vn 0.68772 0.32431 0.64952
vn 0.52449 0.60489 0.59919
vn 0.79820 -0.21030 0.56450
vn 0.92916 -0.36578 -0.05360
vn 0.81085 -0.07500 0.58043
vn 0.88997 -0.04090 0.45418
vn 0.89846 -0.39378 0.19419
vn 0.55669 0.13120 0.82029
vn 0.95455 -0.19549 -0.22499
vn 0.23679 0.50008 0.83297
vn 0.10650 0.59181 0.79901
vn 0.05060 0.67780 0.73350
vn 0.25781 0.41731 0.87143
vn 0.16210 0.68570 0.70960
vn 0.05100 0.91631 0.39721
vn 0.77880 0.42700 0.45950
vn 0.21980 0.94480 0.24300
vn 0.19000 0.97130 -0.14310
vn 0.61798 0.75528 -0.21829
vn 0.97023 -0.09110 0.22441
vn 0.99709 0.07620 0.00120
vn 0.85812 -0.46631 0.21491
vn 0.92223 0.30461 0.23811
vn 0.81884 0.50143 0.27941
vn 0.77625 0.32068 -0.54277
vn 0.88140 0.45370 0.13150
vn 0.84665 0.53177 -0.01990
vn 0.85428 0.44359 0.27099
vn 0.76277 0.64667 0.00000
vn 0.70159 0.69309 -0.16550
vn 0.83397 0.45168 -0.31699
vn 0.62939 0.48769 -0.60499
vn 0.94325 0.33208 0.00000
vn 0.83397 0.45168 0.31699
vn 0.86400 -0.43590 -0.25200
vn 0.82789 -0.56089 0.00000
vn 0.86400 -0.43590 0.25200
vn 0.62939 0.48769 0.60499
vn 0.70142 0.69322 0.16570
vn 0.99564 -0.09330 0.00000
vn 0.97266 0.14359 0.18249
vn 0.76369 0.47279 0.43959
vn 0.92383 0.04100 -0.38061
vn 0.89317 0.44929 -0.01950
vn 0.97266 0.14359 -0.18249
vn 0.92383 0.04100 0.38061
vn 0.76369 0.47279 -0.43959
vn 0.89321 0.44921 0.01960
vn 0.93806 0.19949 -0.28329
vn 0.96972 -0.24421 0.00000
vn 0.78302 -0.60371 -0.14970
vn 0.74462 -0.65262 0.14010
vn 0.72077 -0.55798 -0.41128
vn 0.25911 -0.94845 -0.18251
vn 0.29219 -0.86008 -0.41819
vn 0.23489 -0.88926 -0.39248
vn 0.20269 -0.90235 -0.38038
vn 0.17990 -0.93740 -0.29820
vn 0.53578 -0.76448 -0.35849
vn 0.19800 -0.86578 -0.45959
vn 0.81723 -0.57632 0.00000
vn 0.28619 -0.95817 0.00000
vn 0.11440 -0.99343 0.00000
vn 0.19800 -0.86578 0.45959
vn 0.53578 -0.76448 0.35849
vn 0.29219 -0.86008 0.41819
vn 0.74462 -0.65262 -0.14010
vn 0.25911 -0.94845 0.18251
vn 0.78302 -0.60371 0.14970
vn 0.93806 0.19949 0.28329
vn 0.72077 -0.55798 0.41128
vn 0.23489 -0.88926 0.39248
vn 0.20269 -0.90235 0.38038
vn 0.17990 -0.93740 0.29820
vn 0.95091 -0.22470 0.21280
vn 0.90709 0.35850 0.22060
vn 0.41271 -0.67642 0.61002
vn 0.12101 -0.85775 0.49963
vn 0.43721 0.23641 0.86773
vn 0.32361 -0.18791 0.92734
vn 0.09480 -0.40679 0.90859
vn 0.32350 0.58210 0.74600
vn 0.33820 0.93630 0.09470
vn 0.36390 0.51771 0.77431
vn 0.18309 -0.60477 0.77507
vn 0.98286 -0.11420 0.14469
vn 0.27559 -0.82338 0.49609
vn 0.92321 0.22670 -0.31030
vn 0.97393 -0.20841 -0.08960
vn 0.34350 -0.92869 0.13980
vn 0.87429 0.38090 -0.30090
vn 0.96704 -0.13121 -0.21821
vn 0.37870 -0.87220 -0.30960
vn 0.95373 0.28541 0.09450
vn 0.98950 0.02280 0.14270
vn 0.87422 -0.46171 0.15020
vn 0.35432 -0.90324 -0.24211
vn 0.25189 -0.88105 0.40038
vn 0.25680 -0.70900 0.65680
vn 0.76293 0.64512 0.04200
vn 0.99728 -0.01990 0.07090
vn 0.27481 -0.56412 0.77862
vn 0.87059 0.34860 -0.34720
vn 0.99656 0.07060 0.04340
vn 0.99704 0.07570 0.01360
vn 0.83979 0.29480 -0.45590
vn 0.99883 -0.04830 -0.00310
vn 0.82067 0.27609 -0.50028
vn 0.78470 0.42590 -0.45040
vn 0.99289 0.01760 0.11770
vn 0.94644 0.12060 -0.29951
vn 0.90951 0.13160 -0.39430
vn 0.75401 0.21460 -0.62081
vn 0.97637 0.11640 -0.18209
vn 0.83100 -0.23130 -0.50590
vn 0.77593 0.14541 -0.61383
vn 0.99881 0.04870 -0.00120
vn 0.84599 -0.06600 -0.52910
vn 0.99943 -0.03350 -0.00450
vn 0.90819 0.16020 -0.38669
vn 0.85697 -0.07000 0.51058
vn 0.92441 0.04530 -0.37870
vn 0.89169 -0.01480 -0.45240
vn 0.93724 -0.31411 0.15141
vn 0.92843 -0.16651 -0.33211
vn 0.82937 -0.05610 -0.55588
vn 0.61330 -0.20040 -0.76400
vn 0.92298 -0.14720 -0.35559
vn 0.87178 0.02980 -0.48899
vn 0.88154 0.29411 -0.36931
vn 0.76968 0.32759 -0.54798
vn 0.64122 0.02290 -0.76702
vn 0.99951 -0.03140 -0.00100
vn 0.98828 -0.12900 -0.08160
vn 0.92760 -0.32850 -0.17790
vn 0.86561 -0.13810 0.48130
vn 0.92454 0.20441 0.32162
vn 0.81830 -0.54390 0.18590
vn 0.48661 -0.26950 0.83101
vn 0.95720 0.28740 -0.03430
vn 0.93694 -0.03410 -0.34782
vn 0.64800 0.74830 -0.14190
vn 0.50312 -0.86413 -0.01260
vn 0.64470 -0.67090 -0.36640
vn 0.28389 -0.95886 0.00000
vn 0.67198 0.35419 -0.65038
vn 0.63631 -0.68281 -0.35900
vn 0.53662 0.28721 -0.79344
vn 0.99402 0.10920 0.00000
vn 0.17909 0.62807 -0.75727
vn 0.34950 0.83341 -0.42811
vn 0.43119 0.83349 -0.34550
vn 0.21381 0.87135 -0.44163
vn 0.57272 0.81393 -0.09750
vn 0.72418 0.54309 -0.42499
vn 0.27069 0.96267 0.00000
vn 0.72418 0.54309 0.42499
vn 0.21381 0.87135 0.44163
vn 0.63631 -0.68281 0.35900
vn 0.53662 0.28721 0.79344
vn 0.64470 -0.67090 0.36640
vn 0.62421 -0.77971 0.04910
vn 0.87963 -0.41131 -0.23891
vn 0.71663 -0.64273 0.27081
vn 0.51689 -0.15890 -0.84118
vn 0.89009 -0.45480 0.02990
vn 0.88661 -0.17680 -0.42740
vn 0.99607 0.04380 0.07700
vn 0.90565 0.06100 -0.41962
vn 0.89069 -0.36209 0.27490
vn 0.75903 0.42982 -0.48902
vn 0.78392 -0.62022 0.02810
vn 0.99574 -0.01180 0.09140
vn 0.55538 0.40559 -0.72598
vn 0.99205 0.11981 0.03860
vn 0.82129 -0.49190 0.28900
vn 0.85164 -0.49833 -0.16241
vn 0.71461 -0.01250 0.69941
vn 0.98610 -0.16330 -0.03060
vn 0.91025 0.23269 0.34248
vn 0.96784 -0.12379 -0.21899
vn 0.99730 -0.07340 -0.00100
vn 0.67327 0.58778 0.44858
vn 0.65479 0.60479 -0.45329
vn 0.64862 0.74792 -0.14110
vn 0.72081 0.52261 -0.45531
vn 0.61031 0.65631 0.44361
vn 0.68772 0.72173 -0.07840
vn 0.85143 -0.50852 0.12840
vn 0.93022 -0.18370 -0.31771
vn 0.95402 -0.26551 -0.13910
vn 0.98659 0.14760 -0.06970
vn 0.83209 -0.53689 0.13920
vn 0.75107 -0.63968 0.16339
vn 0.88537 -0.45988 -0.06810
vn 0.72390 -0.68930 -0.02910
vn 0.96547 -0.19199 0.17609
vn 0.92561 0.23700 0.29510
vn 0.99798 0.01530 -0.06170
vn 0.99093 0.13420 0.00670
vn 0.19930 0.92998 -0.30889
vn 0.27239 0.92586 -0.26189
vn 0.40679 0.91197 -0.05320
vn 0.54162 0.82263 0.17301
vn 0.60741 0.70561 0.36491
vn 0.54609 0.77258 -0.32389
vn 0.18120 0.93440 -0.30670
vn 0.97487 -0.21309 -0.06500
vn 0.93082 0.36541 -0.00690
vn 0.19970 0.94490 -0.25940
vn 0.55728 -0.76768 0.31639
vn 0.79118 -0.52089 0.32049
vn 0.11210 -0.79249 0.59949
vn 0.62634 0.73294 -0.26552
vn 0.15090 0.95507 -0.25509
vn 0.85911 -0.44071 0.26020
vn 0.19110 -0.97038 0.14780
vn 0.36338 -0.80546 0.46818
vn 0.92899 0.00050 -0.37010
vn 0.63980 -0.73490 0.22490
vn 0.82391 0.17690 -0.53841
vn 0.98729 -0.10640 0.11810
vn 0.55230 -0.79180 0.26080
vn 0.91730 -0.28950 0.27340
vn 0.30820 -0.59909 0.73899
vn 0.23929 -0.86267 -0.44558
vn 0.24841 -0.96354 0.09940
vn 0.88266 -0.11949 -0.45458
vn 0.35501 -0.87651 -0.32511
vn 0.62297 0.76267 -0.17389
vn 0.53620 0.83009 -0.15310
vn 0.17331 0.93654 -0.30471
vn 0.92675 0.21149 0.31048
vn 0.24549 0.96926 -0.01670
vn 0.89223 -0.18031 0.41402
vn 0.85992 0.47091 0.19691
vn 0.72353 -0.36302 0.58713
vn 0.41782 -0.38602 0.82244
vn 0.99214 0.11020 0.05920
vn 0.61670 0.75490 0.22320
vn 0.19049 0.97126 0.14269
vn 0.91679 -0.26030 0.30290
vn 0.25690 -0.48811 0.83412
vn 0.89314 -0.23851 0.38132
vn 0.29790 -0.43330 0.85059
vn 0.23751 -0.36762 0.89914
vn 0.79366 -0.27159 0.54437
vn 0.60910 -0.65050 0.45370
vn 0.22769 -0.59076 0.77405
vn 0.94684 -0.20811 -0.24531
vn 0.23891 -0.68403 0.68923
vn 0.80050 -0.32970 0.50050
vn 0.67392 -0.68032 -0.28811
vn -0.38411 -0.92283 -0.02900
vn 0.69407 -0.57188 0.43728
vn 0.92693 0.16681 0.33611
vn 0.69898 -0.06270 0.71238
vn 0.65842 0.29311 0.69323
vn 0.98522 -0.04060 -0.16640
vn 0.76423 -0.50952 -0.39541
vn 0.79708 -0.20809 -0.56689
vn 0.81263 -0.07440 -0.57802
vn 0.91409 0.17650 0.36509
vn 0.91129 -0.20570 0.35670
vn 0.59369 -0.64279 0.48409
vn 0.92940 -0.36460 0.05720
vn 0.89235 -0.25749 0.37068
vn 0.89097 -0.03650 -0.45259
vn 0.56130 0.13460 -0.81660
vn 0.89859 -0.38679 -0.20720
vn 0.95110 -0.20840 0.22800
vn 0.78334 0.43182 -0.44712
vn 0.25060 0.44120 -0.86171
vn 0.21891 0.94642 -0.23741
vn 0.05510 0.92004 -0.38792
vn 0.16130 0.70238 -0.69328
vn 0.06110 0.69718 -0.71428
vn 0.23709 0.50378 -0.83066
vn 0.10950 0.59748 -0.79437
vn 0.09200 0.66181 -0.74401
vn 0.53130 0.60070 -0.59740
vn 0.30482 0.53353 -0.78894
vn 0.08650 0.60750 -0.78960
vn 0.69958 0.32299 -0.63738
vn 0.32120 0.33340 -0.88639
vn 0.07310 0.42259 -0.90337
vn 0.65683 0.14621 -0.73973
vn 0.74254 0.25361 -0.61993
vn 0.85071 -0.49590 0.17430
vn 0.57148 -0.72708 -0.38049
vn 0.78401 -0.51171 -0.35140
vn 0.83987 -0.23889 -0.48738
vn 0.92111 0.38911 -0.01220
vn 0.98351 0.10000 -0.15070
vn 0.86205 0.38432 0.33042
vn 0.78226 0.49077 -0.38368
vn 0.96462 -0.15780 0.21120
vn 0.86461 0.26220 0.42860
vn 0.44560 0.33840 -0.82881
vn 0.61179 0.29190 0.73519
vn 0.90641 -0.32870 -0.26530
vn 0.83447 0.11660 0.53858
vn 0.95706 0.06100 0.28339
vn 0.69846 0.15679 0.69826
vn 0.84357 -0.29339 -0.44979
vn 0.99741 0.05640 0.04470
vn 0.96775 0.07460 0.24061
vn 0.82374 -0.01230 0.56683
vn 0.75400 0.12490 0.64490
vn 0.87902 0.41901 0.22750
vn 0.87817 0.03190 0.47728
vn 0.71870 -0.12050 -0.68480
vn 0.73016 0.35738 0.58237
vn 0.89099 0.19960 0.40780
vn 0.85681 0.46341 0.22610
vn 0.93302 0.22611 -0.27991
vn 0.84009 -0.32700 -0.43280
vn 0.84091 -0.26310 -0.47291
vn 0.84136 -0.44358 0.30879
vn 0.67999 -0.07580 0.72929
vn 0.87193 0.15391 0.46482
vn 0.99397 0.03670 0.10330
vn 0.73514 0.32702 -0.59383
vn 0.99707 0.06360 -0.04260
vn 0.97018 0.23260 0.06820
vn 0.71018 0.28829 0.64228
vn 0.99070 -0.06640 0.11880
vn 0.56618 -0.30199 0.76697
vn 0.97738 -0.12690 0.16920
vn 0.66070 -0.31900 0.67950
vn 0.58701 -0.41801 0.69331
vn 0.79982 -0.21131 0.56181
vn 0.63549 -0.72829 0.25640
vn 0.72848 -0.47939 -0.48939
vn 0.86730 -0.42120 -0.26530
vn 0.81548 0.29139 -0.50009
vn 0.89221 0.33470 -0.30320
vn 0.49792 0.24891 -0.83073
vn 0.80639 0.39680 -0.43850
vn 0.88492 0.44691 -0.13110
vn 0.98449 -0.12620 0.12190
vn 0.98628 -0.15970 0.04190
vn 0.96193 -0.17121 0.21301
vn 0.86948 -0.45029 -0.20309
vn 0.81299 0.16300 -0.55899
vn 0.94505 -0.15891 0.28571
vn 0.60217 0.00210 -0.79836
vn 0.81125 -0.37288 0.45037
vn 0.71307 -0.02730 -0.70057
vn 0.91447 -0.07100 0.39839
vn 0.53218 -0.15479 -0.83236
vn 0.92982 0.15340 -0.33451
vn 0.67130 -0.07190 -0.73769
vn 0.57062 0.02540 -0.82082
vn 0.56700 -0.07390 -0.82040
vn 0.38511 -0.31261 -0.86831
vn 0.27719 -0.30549 -0.91096
vn 0.32071 -0.36881 -0.87242
vn 0.12280 -0.12570 -0.98444
vn 0.99522 -0.08660 0.04520
vn 0.63971 -0.08750 -0.76362
vn 0.30241 -0.44101 -0.84502
vn 0.58409 0.19790 -0.78719
vn 0.09920 0.18150 -0.97838
vn 0.99830 0.05460 0.02040
vn 0.97828 0.20530 -0.02880
vn 0.60262 0.31431 -0.73352
vn 0.13540 0.32690 -0.93531
vn 0.24470 0.09530 -0.96490
vn 0.31920 -0.42150 -0.84879
vn 0.91237 -0.37999 0.15229
vn 0.76613 -0.03120 0.64193
vn 0.80322 -0.24711 -0.54201
vn 0.25661 -0.30162 -0.91825
vn 0.20530 0.10640 -0.97290
vn 0.87210 -0.06560 0.48490
vn 0.66808 0.08700 -0.73898
vn 0.26779 0.32569 -0.90676
vn 0.79141 -0.07310 0.60690
vn 0.85459 -0.15480 0.49569
vn 0.37319 0.44408 0.81457
vn 0.17950 0.76781 -0.61501
vn 0.14920 -0.20899 0.96647
vn 0.77294 0.25051 -0.58293
vn 0.79406 -0.00890 0.60777
vn 0.74181 0.64361 0.18840
vn 0.23559 -0.28519 0.92907
vn 0.50649 0.61448 -0.60488
vn 0.93858 0.24279 0.24519
vn 1.00000 -0.00030 0.00060
vn 1.00000 -0.00030 0.00040
vn 0.67592 0.43581 -0.59431
vn 0.70553 0.54902 -0.44812
vn 0.86168 0.05300 -0.50469
vn 0.68572 0.07270 -0.72422
vn 0.60779 -0.35309 -0.71128
vn 0.74410 -0.03400 -0.66720
vn 0.84264 0.53573 0.05430
vn 0.87897 0.30319 0.36809
vn 0.92261 -0.15300 0.35410
vn 0.76767 0.33829 0.54428
vn 0.87692 -0.27951 0.39101
vn 0.87221 0.02840 0.48831
vn 0.99960 -0.02840 0.00070
vn 0.64131 0.02380 0.76691
vn 0.86579 -0.14010 -0.48039
vn 0.98797 -0.13010 0.08360
vn 0.61299 -0.20370 0.76338
vn 0.82937 -0.05700 0.55578
vn 0.92758 -0.17160 0.33189
vn 0.92564 -0.33371 0.17841
vn 0.81675 -0.54663 -0.18471
vn 0.93534 -0.31991 -0.15101
vn 0.89138 -0.01540 0.45299
vn 0.92440 0.04550 0.37870
vn 0.83161 -0.23240 0.50440
vn 0.90803 0.15911 0.38751
vn 0.90967 0.13050 0.39429
vn 0.78563 -0.32891 0.52402
vn 0.84410 -0.42230 0.33040
vn 0.84698 0.21439 0.48649
vn 0.94515 0.11921 0.30412
vn 0.85067 0.31339 0.42208
vn 0.78682 0.41201 0.45951
vn 0.99881 0.04880 0.00110
vn 0.85131 0.37660 0.36530
vn 0.83814 0.38152 0.38982
vn 0.88318 0.35929 0.30149
vn 0.79279 0.46409 0.39510
vn 0.99742 0.07070 -0.01230
vn 0.87431 0.38020 0.30170
vn 0.99303 0.01310 -0.11710
vn 0.95356 0.28579 -0.09510
vn 0.82248 0.26729 0.50208
vn 0.75488 0.21220 0.62059
vn 0.83698 0.28789 0.46539
vn 0.77598 0.14620 0.61358
vn 0.86956 0.34968 0.34869
vn 0.99890 -0.04600 0.00880
vn 0.97601 0.11870 0.18250
vn 0.99672 0.06520 -0.04800
vn 0.27369 -0.55719 -0.78398
vn 0.99729 -0.01950 -0.07090
vn 0.25711 -0.70783 -0.65793
vn 0.87408 -0.46179 -0.15080
vn 0.25240 -0.88011 -0.40211
vn 0.35540 -0.90300 0.24140
vn 0.37969 -0.87198 0.30899
vn 0.76317 0.64488 -0.04120
vn 0.98948 0.02320 -0.14280
vn 0.96706 -0.13129 0.21809
vn 0.34439 -0.92807 -0.14170
vn 0.97397 -0.20839 0.08920
vn 0.27599 -0.82186 -0.49838
vn 0.98280 -0.11420 -0.14510
vn 0.18329 -0.60328 -0.77618
vn 0.90712 0.35831 -0.22080
vn 0.92314 0.22641 0.31071
vn 0.36362 0.51802 -0.77423
vn 0.43721 0.23641 -0.86773
vn 0.33820 0.93630 -0.09470
vn 0.95091 -0.22470 -0.21280
vn 0.32350 0.58210 -0.74600
vn 0.41271 -0.67642 -0.61002
vn 0.12101 -0.85775 -0.49963
vn 0.32361 -0.18791 -0.92734
vn 0.09480 -0.40679 -0.90859
vn 0.85820 -0.07150 -0.50830
vn 0.92334 0.20761 -0.32301
vn 0.48659 -0.27540 -0.82909
vn 0.84578 -0.06800 0.52919
vn 0.99939 -0.03470 0.00440
vn 0.74254 0.25361 -0.61993
vn 0.17950 0.76781 -0.61501
vn 0.07310 0.42259 -0.90337
vn 0.74041 0.25500 0.62191
vn 0.07180 0.42821 0.90082
vn 0.17360 0.76580 0.61920
f 1/1/1 2/2/2 3/3/3
f 4/4/4 2/2/2 1/1/1
f 4/4/4 5/5/5 2/2/2
f 1/1/1 6/6/6 4/4/4
f 4/4/4 7/7/7 5/5/5
f 7/7/7 4/4/4 6/6/6
f 6/6/6 1/1/1 8/8/8
f 1/1/1 9/9/9 8/8/8
f 6/6/6 8/8/8 10/10/10
f 10/10/10 8/8/8 9/9/9
f 1/1/1 11/11/11 9/9/9
f 3/3/3 11/11/11 1/1/1
f 7/7/7 6/6/6 12/12/12
f 3/3/3 13/13/13 11/11/11
f 6/6/6 10/10/10 14/14/14
f 14/14/14 12/12/12 6/6/6
f 15/15/15 14/14/14 10/10/10
f 7/7/7 12/12/12 16/16/16
f 14/14/14 17/17/17 12/12/12
f 15/15/15 17/17/17 14/14/14
f 12/12/12 17/17/17 18/18/18
f 12/12/12 18/18/18 16/16/16
f 15/15/15 19/19/19 17/17/17
f 20/20/20 18/18/18 17/17/17
f 20/20/20 17/17/17 19/19/19
f 21/21/21 19/19/19 15/15/15
f 20/20/20 19/19/19 21/21/21
f 22/22/22 18/18/18 20/20/20
f 22/22/22 16/16/16 18/18/18
f 20/20/20 21/21/21 23/23/23
f 22/22/22 20/20/20 24/24/24
f 23/23/23 24/24/24 20/20/20
f 22/22/22 25/25/25 16/16/16
f 7/7/7 16/16/16 26/26/26
f 5/5/5 7/7/7 26/26/26
f 16/16/16 25/25/25 27/27/27
f 27/27/27 26/26/26 16/16/16
f 28/28/28 25/25/25 22/22/22
f 27/27/27 25/25/25 28/28/28
f 26/26/26 27/27/27 29/29/29
f 5/5/5 26/26/26 29/29/29
f 27/27/27 30/30/30 29/29/29
f 31/31/31 5/5/5 29/29/29
f 27/27/27 28/28/28 32/32/32
f 32/32/32 30/30/30 27/27/27
f 28/28/28 22/22/22 33/33/33
f 33/33/33 22/22/22 24/24/24
f 33/33/33 34/34/34 28/28/28
f 35/35/35 29/29/29 30/30/30
f 35/35/35 31/31/31 29/29/29
f 30/30/30 36/36/36 35/35/35
f 32/32/32 37/37/37 30/30/30
f 30/30/30 37/37/37 36/36/36
f 32/32/32 28/28/28 38/38/38
f 34/34/34 38/38/38 28/28/28
f 37/37/37 32/32/32 39/39/39
f 32/32/32 38/38/38 39/39/39
f 40/40/40 36/36/36 37/37/37
f 39/39/39 40/40/40 37/37/37
f 35/35/35 36/36/36 41/41/41
f 38/38/38 42/42/42 39/39/39
f 40/40/40 43/43/43 36/36/36
f 44/44/44 42/42/42 38/38/38
f 34/34/34 44/44/44 38/38/38
f 42/42/42 45/45/45 39/39/39
f 46/46/46 36/36/36 43/43/43
f 46/46/46 41/41/41 36/36/36
f 46/46/46 43/43/43 47/47/47
f 40/40/40 47/47/47 43/43/43
f 39/39/39 48/48/48 40/40/40
f 48/48/48 39/39/39 45/45/45
f 40/40/40 49/49/49 47/47/47
f 48/48/48 49/49/49 40/40/40
f 46/46/46 47/47/47 50/50/50
f 48/48/48 51/51/51 49/49/49
f 49/49/49 52/52/52 47/47/47
f 50/50/50 47/47/47 52/52/52
f 53/53/53 49/49/49 51/51/51
f 49/49/49 53/53/53 52/52/52
f 54/54/54 51/51/51 48/48/48
f 54/54/54 48/48/48 45/45/45
f 53/53/53 51/51/51 55/55/55
f 55/55/55 51/51/51 54/54/54
f 53/53/53 56/56/56 52/52/52
f 57/57/57 53/53/53 55/55/55
f 55/55/55 58/58/58 57/57/57
f 53/53/53 57/57/57 59/59/59
f 54/54/54 60/60/60 55/55/55
f 55/55/55 60/60/60 58/58/58
f 54/54/54 61/61/61 60/60/60
f 62/62/62 59/59/59 57/57/57
f 62/62/62 57/57/57 58/58/58
f 53/53/53 59/59/59 63/63/63
f 53/53/53 63/63/63 56/56/56
f 64/64/64 63/63/63 59/59/59
f 58/58/58 60/60/60 65/65/65
f 61/61/61 65/65/65 60/60/60
f 66/66/66 59/59/59 62/62/62
f 66/66/66 64/64/64 59/59/59
f 62/62/62 58/58/58 67/67/67
f 58/58/58 65/65/65 68/68/68
f 68/68/68 67/67/67 58/58/58
f 65/65/65 69/69/69 68/68/68
f 67/67/67 70/70/70 62/62/62
f 71/71/71 65/65/65 61/61/61
f 65/65/65 71/71/71 69/69/69
f 71/71/71 61/61/61 72/72/72
f 68/68/68 73/73/73 67/67/67
f 71/71/71 74/74/74 69/69/69
f 69/69/69 75/75/75 68/68/68
f 75/75/75 73/73/73 68/68/68
f 73/73/73 76/76/76 67/67/67
f 67/67/67 76/76/76 70/70/70
f 71/71/71 72/72/72 77/77/77
f 71/71/71 77/77/77 74/74/74
f 72/72/72 78/78/78 77/77/77
f 78/78/78 79/79/79 77/77/77
f 80/80/80 78/78/78 72/72/72
f 80/80/80 72/72/72 61/61/61
f 78/78/78 81/81/81 79/79/79
f 78/78/78 80/80/80 81/81/81
f 82/82/82 77/77/77 79/79/79
f 82/82/82 74/74/74 77/77/77
f 82/82/82 79/79/79 81/81/81
f 83/83/83 80/80/80 61/61/61
f 54/54/54 83/83/83 61/61/61
f 83/83/83 84/84/84 80/80/80
f 84/84/84 83/83/83 54/54/54
f 80/80/80 84/84/84 81/81/81
f 84/84/84 54/54/54 45/45/45
f 81/81/81 84/84/84 45/45/45
f 81/81/81 45/45/45 85/85/85
f 82/82/82 81/81/81 85/85/85
f 42/42/42 85/85/85 45/45/45
f 42/42/42 86/86/86 85/85/85
f 44/44/44 86/86/86 42/42/42
f 87/87/87 82/82/82 85/85/85
f 88/88/88 86/86/86 44/44/44
f 88/88/88 44/44/44 34/34/34
f 89/89/89 85/85/85 86/86/86
f 86/86/86 88/88/88 89/89/89
f 89/89/89 87/87/87 85/85/85
f 90/90/90 88/88/88 34/34/34
f 90/90/90 89/89/89 88/88/88
f 91/91/91 90/90/90 34/34/34
f 92/92/92 89/89/89 90/90/90
f 92/92/92 90/90/90 91/91/91
f 92/92/92 87/87/87 89/89/89
f 91/91/91 34/34/34 33/33/33
f 93/93/93 92/92/92 91/91/91
f 93/93/93 87/87/87 92/92/92
f 91/91/91 33/33/33 94/94/94
f 93/93/93 91/91/91 94/94/94
f 24/24/24 94/94/94 33/33/33
f 93/93/93 94/94/94 95/95/95
f 93/93/93 95/95/95 96/96/96
f 97/97/97 95/95/95 94/94/94
f 93/93/93 96/96/96 98/98/98
f 98/98/98 87/87/87 93/93/93
f 96/96/96 99/99/99 98/98/98
f 97/97/97 94/94/94 100/100/100
f 24/24/24 100/100/100 94/94/94
f 100/100/100 101/101/101 97/97/97
f 102/102/102 101/101/101 100/100/100
f 103/103/103 98/98/98 99/99/99
f 98/98/98 104/104/104 87/87/87
f 87/87/87 104/104/104 82/82/82
f 103/103/103 105/105/105 98/98/98
f 106/106/106 105/105/105 103/103/103
f 107/107/107 104/104/104 98/98/98
f 82/82/82 104/104/104 107/107/107
f 107/107/107 98/98/98 105/105/105
f 82/82/82 107/107/107 74/74/74
f 106/106/106 108/108/108 105/105/105
f 108/108/108 107/107/107 105/105/105
f 109/109/109 108/108/108 106/106/106
f 74/74/74 107/107/107 110/110/110
f 108/108/108 110/110/110 107/107/107
f 109/109/109 111/111/111 108/108/108
f 111/111/111 110/110/110 108/108/108
f 112/112/112 111/111/111 109/109/109
f 74/74/74 110/110/110 113/113/113
f 111/111/111 113/113/113 110/110/110
f 74/74/74 113/113/113 69/69/69
f 114/114/114 112/112/112 109/109/109
f 113/113/113 111/111/111 115/115/115
f 112/112/112 115/115/115 111/111/111
f 113/113/113 116/116/116 69/69/69
f 113/113/113 115/115/115 116/116/116
f 69/69/69 116/116/116 75/75/75
f 115/115/115 117/117/117 116/116/116
f 117/117/117 115/115/115 112/112/112
f 75/75/75 116/116/116 117/117/117
f 118/118/118 112/112/112 114/114/114
f 117/117/117 112/112/112 119/119/119
f 117/117/117 119/119/119 75/75/75
f 118/118/118 119/119/119 112/112/112
f 120/120/120 118/118/118 114/114/114
f 121/121/121 75/75/75 119/119/119
f 118/118/118 121/121/121 119/119/119
f 121/121/121 122/122/122 75/75/75
f 75/75/75 122/122/122 73/73/73
f 118/118/118 123/123/123 121/121/121
f 120/120/120 124/124/124 118/118/118
f 123/123/123 118/118/118 124/124/124
f 125/125/125 124/124/124 120/120/120
f 121/121/121 123/123/123 126/126/126
f 126/126/126 122/122/122 121/121/121
f 122/122/122 127/127/127 73/73/73
f 126/126/126 127/127/127 122/122/122
f 127/127/127 76/76/76 73/73/73
f 128/128/128 126/126/126 123/123/123
f 123/123/123 124/124/124 128/128/128
f 126/126/126 129/129/129 127/127/127
f 127/127/127 129/129/129 76/76/76
f 128/128/128 130/130/130 126/126/126
f 126/126/126 130/130/130 129/129/129
f 128/128/128 124/124/124 131/131/131
f 125/125/125 131/131/131 124/124/124
f 132/132/132 131/131/131 125/125/125
f 133/133/133 132/132/132 125/125/125
f 134/134/134 132/132/132 133/133/133
f 131/131/131 132/132/132 134/134/134
f 134/134/134 133/133/133 135/135/135
f 128/128/128 131/131/131 136/136/136
f 131/131/131 134/134/134 136/136/136
f 136/136/136 130/130/130 128/128/128
f 130/130/130 136/136/136 137/137/137
f 130/130/130 137/137/137 129/129/129
f 138/138/138 136/136/136 134/134/134
f 138/138/138 137/137/137 136/136/136
f 137/137/137 139/139/139 129/129/129
f 138/138/138 139/139/139 137/137/137
f 76/76/76 129/129/129 139/139/139
f 140/140/140 138/138/138 134/134/134
f 140/140/140 134/134/134 135/135/135
f 76/76/76 139/139/139 70/70/70
f 138/138/138 141/141/141 139/139/139
f 140/140/140 141/141/141 138/138/138
f 142/142/142 70/70/70 139/139/139
f 142/142/142 143/143/143 70/70/70
f 144/144/144 139/139/139 141/141/141
f 144/144/144 142/142/142 139/139/139
f 144/144/144 141/141/141 145/145/145
f 140/140/140 145/145/145 141/141/141
f 146/146/146 142/142/142 144/144/144
f 146/146/146 143/143/143 142/142/142
f 144/144/144 145/145/145 147/147/147
f 146/146/146 144/144/144 147/147/147
f 148/148/148 145/145/145 140/140/140
f 147/147/147 145/145/145 148/148/148
f 143/143/143 149/149/149 70/70/70
f 149/149/149 143/143/143 146/146/146
f 62/62/62 70/70/70 149/149/149
f 62/62/62 149/149/149 66/66/66
f 149/149/149 146/146/146 150/150/150
f 146/146/146 147/147/147 151/151/151
f 151/151/151 150/150/150 146/146/146
f 152/152/152 151/151/151 147/147/147
f 147/147/147 148/148/148 152/152/152
f 151/151/151 153/153/153 150/150/150
f 150/150/150 154/154/154 149/149/149
f 150/150/150 153/153/153 154/154/154
f 155/155/155 153/153/153 151/151/151
f 152/152/152 155/155/155 151/151/151
f 154/154/154 153/153/153 156/156/156
f 155/155/155 156/156/156 153/153/153
f 149/149/149 154/154/154 157/157/157
f 149/149/149 157/157/157 66/66/66
f 156/156/156 158/158/158 154/154/154
f 158/158/158 156/156/156 155/155/155
f 154/154/154 159/159/159 157/157/157
f 154/154/154 158/158/158 159/159/159
f 160/160/160 157/157/157 159/159/159
f 159/159/159 158/158/158 160/160/160
f 157/157/157 161/161/161 66/66/66
f 155/155/155 162/162/162 158/158/158
f 160/160/160 163/163/163 157/157/157
f 163/163/163 161/161/161 157/157/157
f 161/161/161 164/164/164 66/66/66
f 165/165/165 163/163/163 160/160/160
f 64/64/64 66/66/66 164/164/164
f 163/163/163 166/166/166 161/161/161
f 165/165/165 167/167/167 163/163/163
f 166/166/166 163/163/163 167/167/167
f 168/168/168 161/161/161 166/166/166
f 161/161/161 168/168/168 164/164/164
f 166/166/166 167/167/167 169/169/169
f 168/168/168 166/166/166 170/170/170
f 170/170/170 166/166/166 169/169/169
f 168/168/168 171/171/171 164/164/164
f 171/171/171 168/168/168 170/170/170
f 171/171/171 170/170/170 172/172/172
f 170/170/170 169/169/169 173/173/173
f 173/173/173 172/172/172 170/170/170
f 169/169/169 174/174/174 173/173/173
f 173/173/173 175/175/175 172/172/172
f 167/167/167 176/176/176 169/169/169
f 169/169/169 176/176/176 174/174/174
f 177/177/177 176/176/176 167/167/167
f 177/177/177 167/167/167 165/165/165
f 172/172/172 175/175/175 178/178/178
f 171/171/171 172/172/172 178/178/178
f 179/179/179 175/175/175 173/173/173
f 179/179/179 173/173/173 174/174/174
f 178/178/178 175/175/175 179/179/179
f 180/180/180 177/177/177 165/165/165
f 180/180/180 165/165/165 160/160/160
f 181/181/181 177/177/177 180/180/180
f 180/180/180 160/160/160 182/182/182
f 182/182/182 160/160/160 158/158/158
f 182/182/182 158/158/158 162/162/162
f 183/183/183 180/180/180 182/182/182
f 181/181/181 180/180/180 183/183/183
f 184/184/184 182/182/182 162/162/162
f 183/183/183 182/182/182 184/184/184
f 185/185/185 181/181/181 183/183/183
f 186/186/186 177/177/177 181/181/181
f 176/176/176 177/177/177 186/186/186
f 176/176/176 186/186/186 187/187/187
f 187/187/187 174/174/174 176/176/176
f 186/186/186 181/181/181 188/188/188
f 189/189/189 187/187/187 186/186/186
f 189/189/189 186/186/186 188/188/188
f 187/187/187 190/190/190 174/174/174
f 190/190/190 187/187/187 189/189/189
f 190/190/190 191/191/191 174/174/174
f 191/191/191 179/179/179 174/174/174
f 190/190/190 189/189/189 192/192/192
f 193/193/193 179/179/179 191/191/191
f 178/178/178 179/179/179 193/193/193
f 190/190/190 194/194/194 191/191/191
f 190/190/190 192/192/192 195/195/195
f 190/190/190 195/195/195 194/194/194
f 193/193/193 191/191/191 196/196/196
f 191/191/191 194/194/194 196/196/196
f 193/193/193 197/197/197 178/178/178
f 198/198/198 194/194/194 195/195/195
f 196/196/196 194/194/194 198/198/198
f 199/199/199 193/193/193 196/196/196
f 193/193/193 199/199/199 197/197/197
f 199/199/199 196/196/196 200/200/200
f 197/197/197 199/199/199 201/201/201
f 201/201/201 199/199/199 200/200/200
f 202/202/202 200/200/200 196/196/196
f 196/196/196 198/198/198 202/202/202
f 202/202/202 203/203/203 200/200/200
f 204/204/204 202/202/202 198/198/198
f 205/205/205 203/203/203 202/202/202
f 204/204/204 205/205/205 202/202/202
f 200/200/200 203/203/203 206/206/206
f 201/201/201 200/200/200 206/206/206
f 205/205/205 207/207/207 203/203/203
f 207/207/207 206/206/206 203/203/203
f 205/205/205 204/204/204 208/208/208
f 208/208/208 207/207/207 205/205/205
f 198/198/198 209/209/209 204/204/204
f 209/209/209 210/210/210 204/204/204
f 211/211/211 204/204/204 210/210/210
f 211/211/211 208/208/208 204/204/204
f 209/209/209 212/212/212 210/210/210
f 211/211/211 213/213/213 208/208/208
f 198/198/198 214/214/214 209/209/209
f 214/214/214 212/212/212 209/209/209
f 208/208/208 213/213/213 215/215/215
f 198/198/198 195/195/195 214/214/214
f 214/214/214 216/216/216 212/212/212
f 208/208/208 215/215/215 217/217/217
f 218/218/218 216/216/216 214/214/214
f 219/219/219 217/217/217 215/215/215
f 218/218/218 220/220/220 216/216/216
f 195/195/195 221/221/221 214/214/214
f 218/218/218 214/214/214 221/221/221
f 195/195/195 222/222/222 221/221/221
f 192/192/192 222/222/222 195/195/195
f 223/223/223 218/218/218 221/221/221
f 221/221/221 222/222/222 223/223/223
f 192/192/192 224/224/224 222/222/222
f 223/223/223 222/222/222 224/224/224
f 189/189/189 224/224/224 192/192/192
f 223/223/223 224/224/224 225/225/225
f 189/189/189 226/226/226 224/224/224
f 225/225/225 224/224/224 226/226/226
f 189/189/189 188/188/188 226/226/226
f 226/226/226 227/227/227 225/225/225
f 223/223/223 225/225/225 227/227/227
f 226/226/226 188/188/188 227/227/227
f 228/228/228 223/223/223 227/227/227
f 223/223/223 228/228/228 218/218/218
f 228/228/228 229/229/229 218/218/218
f 218/218/218 229/229/229 220/220/220
f 220/220/220 229/229/229 230/230/230
f 230/230/230 229/229/229 228/228/228
f 220/220/220 230/230/230 231/231/231
f 227/227/227 232/232/232 228/228/228
f 230/230/230 228/228/228 232/232/232
f 231/231/231 230/230/230 233/233/233
f 232/232/232 233/233/233 230/230/230
f 231/231/231 233/233/233 234/234/234
f 232/232/232 227/227/227 235/235/235
f 232/232/232 235/235/235 233/233/233
f 235/235/235 227/227/227 188/188/188
f 236/236/236 234/234/234 233/233/233
f 236/236/236 233/233/233 235/235/235
f 236/236/236 237/237/237 234/234/234
f 235/235/235 188/188/188 238/238/238
f 236/236/236 235/235/235 238/238/238
f 181/181/181 238/238/238 188/188/188
f 185/185/185 238/238/238 181/181/181
f 236/236/236 238/238/238 185/185/185
f 239/239/239 237/237/237 236/236/236
f 239/239/239 236/236/236 185/185/185
f 239/239/239 240/240/240 237/237/237
f 239/239/239 185/185/185 241/241/241
f 239/239/239 242/242/242 240/240/240
f 185/185/185 243/243/243 241/241/241
f 243/243/243 185/185/185 183/183/183
f 244/244/244 239/239/239 241/241/241
f 244/244/244 242/242/242 239/239/239
f 245/245/245 241/241/241 243/243/243
f 244/244/244 241/241/241 245/245/245
f 243/243/243 183/183/183 184/184/184
f 246/246/246 240/240/240 242/242/242
f 246/246/246 247/247/247 240/240/240
f 248/248/248 247/247/247 246/246/246
f 246/246/246 242/242/242 249/249/249
f 249/249/249 242/242/242 244/244/244
f 248/248/248 246/246/246 250/250/250
f 250/250/250 246/246/246 249/249/249
f 251/251/251 248/248/248 250/250/250
f 249/249/249 244/244/244 252/252/252
f 252/252/252 244/244/244 245/245/245
f 250/250/250 249/249/249 253/253/253
f 253/253/253 249/249/249 252/252/252
f 251/251/251 250/250/250 254/254/254
f 253/253/253 254/254/254 250/250/250
f 251/251/251 254/254/254 255/255/255
f 253/253/253 256/256/256 254/254/254
f 256/256/256 255/255/255 254/254/254
f 257/257/257 256/256/256 253/253/253
f 255/255/255 256/256/256 257/257/257
f 257/257/257 253/253/253 258/258/258
f 253/253/253 252/252/252 258/258/258
f 255/255/255 257/257/257 259/259/259
f 251/251/251 255/255/255 260/260/260
f 259/259/259 261/261/261 255/255/255
f 260/260/260 255/255/255 261/261/261
f 259/259/259 262/262/262 261/261/261
f 260/260/260 261/261/261 263/263/263
f 258/258/258 252/252/252 264/264/264
f 258/258/258 264/264/264 265/265/265
f 252/252/252 245/245/245 264/264/264
f 264/264/264 245/245/245 266/266/266
f 264/264/264 266/266/266 267/267/267
f 266/266/266 268/268/268 267/267/267
f 266/266/266 245/245/245 269/269/269
f 243/243/243 269/269/269 245/245/245
f 269/269/269 243/243/243 184/184/184
f 266/266/266 270/270/270 268/268/268
f 271/271/271 268/268/268 270/270/270
f 266/266/266 269/269/269 272/272/272
f 272/272/272 270/270/270 266/266/266
f 269/269/269 184/184/184 273/273/273
f 273/273/273 272/272/272 269/269/269
f 273/273/273 184/184/184 274/274/274
f 275/275/275 272/272/272 273/273/273
f 273/273/273 274/274/274 275/275/275
f 184/184/184 162/162/162 274/274/274
f 272/272/272 276/276/276 270/270/270
f 275/275/275 276/276/276 272/272/272
f 270/270/270 276/276/276 277/277/277
f 277/277/277 276/276/276 275/275/275
f 271/271/271 270/270/270 277/277/277
f 278/278/278 274/274/274 162/162/162
f 278/278/278 162/162/162 155/155/155
f 278/278/278 155/155/155 152/152/152
f 278/278/278 279/279/279 274/274/274
f 275/275/275 274/274/274 279/279/279
f 280/280/280 278/278/278 152/152/152
f 280/280/280 279/279/279 278/278/278
f 280/280/280 152/152/152 148/148/148
f 275/275/275 279/279/279 281/281/281
f 281/281/281 279/279/279 280/280/280
f 281/281/281 277/277/277 275/275/275
f 148/148/148 282/282/282 280/280/280
f 280/280/280 283/283/283 281/281/281
f 280/280/280 282/282/282 283/283/283
f 148/148/148 284/284/284 282/282/282
f 284/284/284 283/283/283 282/282/282
f 284/284/284 148/148/148 140/140/140
f 281/281/281 285/285/285 277/277/277
f 283/283/283 285/285/285 281/281/281
f 271/271/271 277/277/277 285/285/285
f 271/271/271 285/285/285 286/286/286
f 286/286/286 285/285/285 287/287/287
f 283/283/283 288/288/288 285/285/285
f 285/285/285 289/289/289 287/287/287
f 285/285/285 288/288/288 289/289/289
f 290/290/290 287/287/287 289/289/289
f 288/288/288 283/283/283 291/291/291
f 288/288/288 291/291/291 289/289/289
f 284/284/284 291/291/291 283/283/283
f 290/290/290 289/289/289 292/292/292
f 289/289/289 291/291/291 292/292/292
f 290/290/290 292/292/292 293/293/293
f 291/291/291 284/284/284 294/294/294
f 291/291/291 294/294/294 292/292/292
f 292/292/292 294/294/294 293/293/293
f 284/284/284 140/140/140 294/294/294
f 135/135/135 293/293/293 294/294/294
f 135/135/135 294/294/294 140/140/140
f 13/13/13 295/295/295 11/11/11
f 11/11/11 295/295/295 296/296/296
f 11/11/11 296/296/296 9/9/9
f 297/297/297 295/295/295 13/13/13
f 296/296/296 298/298/298 9/9/9
f 299/299/299 297/297/297 13/13/13
f 299/299/299 13/13/13 3/3/3
f 296/296/296 295/295/295 300/300/300
f 299/299/299 3/3/3 301/301/301
f 2/2/2 301/301/301 3/3/3
f 2/2/2 302/302/302 301/301/301
f 5/5/5 302/302/302 2/2/2
f 303/303/303 299/299/299 301/301/301
f 5/5/5 304/304/304 302/302/302
f 31/31/31 304/304/304 5/5/5
f 301/301/301 302/302/302 305/305/305
f 303/303/303 301/301/301 305/305/305
f 304/304/304 306/306/306 302/302/302
f 307/307/307 302/302/302 306/306/306
f 307/307/307 305/305/305 302/302/302
f 304/304/304 308/308/308 306/306/306
f 309/309/309 304/304/304 31/31/31
f 309/309/309 308/308/308 304/304/304
f 308/308/308 310/310/310 306/306/306
f 307/307/307 306/306/306 310/310/310
f 308/308/308 311/311/311 310/310/310
f 312/312/312 308/308/308 309/309/309
f 312/312/312 311/311/311 308/308/308
f 31/31/31 313/313/313 309/309/309
f 313/313/313 312/312/312 309/309/309
f 31/31/31 314/314/314 313/313/313
f 35/35/35 314/314/314 31/31/31
f 35/35/35 41/41/41 314/314/314
f 310/310/310 311/311/311 315/315/315
f 315/315/315 311/311/311 312/312/312
f 313/313/313 316/316/316 312/312/312
f 315/315/315 312/312/312 316/316/316
f 316/316/316 313/313/313 317/317/317
f 317/317/317 313/313/313 314/314/314
f 318/318/318 316/316/316 317/317/317
f 315/315/315 316/316/316 318/318/318
f 317/317/317 314/314/314 319/319/319
f 41/41/41 319/319/319 314/314/314
f 310/310/310 315/315/315 320/320/320
f 307/307/307 310/310/310 320/320/320
f 321/321/321 320/320/320 315/315/315
f 320/320/320 322/322/322 307/307/307
f 322/322/322 320/320/320 321/321/321
f 305/305/305 307/307/307 322/322/322
f 305/305/305 322/322/322 323/323/323
f 323/323/323 303/303/303 305/305/305
f 322/322/322 321/321/321 324/324/324
f 324/324/324 323/323/323 322/322/322
f 321/321/321 315/315/315 325/325/325
f 315/315/315 318/318/318 325/325/325
f 321/321/321 326/326/326 324/324/324
f 321/321/321 327/327/327 326/326/326
f 327/327/327 321/321/321 325/325/325
f 324/324/324 326/326/326 328/328/328
f 324/324/324 328/328/328 323/323/323
f 327/327/327 329/329/329 326/326/326
f 329/329/329 328/328/328 326/326/326
f 327/327/327 330/330/330 329/329/329
f 329/329/329 331/331/331 328/328/328
f 332/332/332 328/328/328 331/331/331
f 328/328/328 332/332/332 333/333/333
f 330/330/330 327/327/327 334/334/334
f 335/335/335 330/330/330 334/334/334
f 336/336/336 334/334/334 327/327/327
f 336/336/336 327/327/327 325/325/325
f 335/335/335 334/334/334 337/337/337
f 334/334/334 336/336/336 337/337/337
f 335/335/335 337/337/337 338/338/338
f 337/337/337 339/339/339 338/338/338
f 337/337/337 340/340/340 339/339/339
f 340/340/340 337/337/337 336/336/336
f 339/339/339 340/340/340 341/341/341
f 336/336/336 325/325/325 342/342/342
f 336/336/336 342/342/342 340/340/340
f 341/341/341 340/340/340 342/342/342
f 342/342/342 325/325/325 318/318/318
f 342/342/342 343/343/343 341/341/341
f 318/318/318 344/344/344 342/342/342
f 342/342/342 344/344/344 343/343/343
f 318/318/318 345/345/345 344/344/344
f 318/318/318 317/317/317 345/345/345
f 346/346/346 343/343/343 344/344/344
f 346/346/346 344/344/344 345/345/345
f 346/346/346 347/347/347 343/343/343
f 348/348/348 347/347/347 346/346/346
f 345/345/345 317/317/317 319/319/319
f 346/346/346 345/345/345 319/319/319
f 346/346/346 349/349/349 348/348/348
f 319/319/319 350/350/350 346/346/346
f 346/346/346 350/350/350 349/349/349
f 319/319/319 351/351/351 350/350/350
f 352/352/352 349/349/349 350/350/350
f 352/352/352 353/353/353 349/349/349
f 354/354/354 352/352/352 350/350/350
f 351/351/351 354/354/354 350/350/350
f 355/355/355 353/353/353 352/352/352
f 355/355/355 352/352/352 354/354/354
f 355/355/355 356/356/356 353/353/353
f 356/356/356 355/355/355 357/357/357
f 357/357/357 355/355/355 354/354/354
f 358/358/358 357/357/357 354/354/354
f 359/359/359 358/358/358 354/354/354
f 351/351/351 359/359/359 354/354/354
f 360/360/360 359/359/359 351/351/351
f 360/360/360 351/351/351 361/361/361
f 362/362/362 360/360/360 361/361/361
f 363/363/363 351/351/351 319/319/319
f 363/363/363 361/361/361 351/351/351
f 41/41/41 363/363/363 319/319/319
f 362/362/362 361/361/361 364/364/364
f 365/365/365 362/362/362 364/364/364
f 366/366/366 361/361/361 363/363/363
f 41/41/41 366/366/366 363/363/363
f 366/366/366 364/364/364 361/361/361
f 41/41/41 46/46/46 366/366/366
f 365/365/365 364/364/364 367/367/367
f 364/364/364 366/366/366 367/367/367
f 368/368/368 365/365/365 367/367/367
f 366/366/366 46/46/46 50/50/50
f 369/369/369 367/367/367 366/366/366
f 366/366/366 50/50/50 369/369/369
f 368/368/368 367/367/367 370/370/370
f 369/369/369 370/370/370 367/367/367
f 368/368/368 370/370/370 371/371/371
f 368/368/368 371/371/371 372/372/372
f 373/373/373 372/372/372 371/371/371
f 371/371/371 374/374/374 373/373/373
f 371/371/371 370/370/370 375/375/375
f 369/369/369 375/375/375 370/370/370
f 371/371/371 376/376/376 374/374/374
f 375/375/375 376/376/376 371/371/371
f 377/377/377 374/374/374 376/376/376
f 378/378/378 375/375/375 369/369/369
f 375/375/375 378/378/378 376/376/376
f 377/377/377 376/376/376 379/379/379
f 378/378/378 379/379/379 376/376/376
f 379/379/379 219/219/219 377/377/377
f 378/378/378 369/369/369 380/380/380
f 50/50/50 380/380/380 369/369/369
f 378/378/378 381/381/381 379/379/379
f 381/381/381 378/378/378 380/380/380
f 379/379/379 382/382/382 219/219/219
f 381/381/381 382/382/382 379/379/379
f 219/219/219 382/382/382 217/217/217
f 381/381/381 383/383/383 382/382/382
f 380/380/380 383/383/383 381/381/381
f 217/217/217 382/382/382 383/383/383
f 50/50/50 384/384/384 380/380/380
f 50/50/50 52/52/52 384/384/384
f 384/384/384 52/52/52 56/56/56
f 384/384/384 385/385/385 380/380/380
f 380/380/380 385/385/385 383/383/383
f 384/384/384 56/56/56 386/386/386
f 384/384/384 386/386/386 385/385/385
f 387/387/387 386/386/386 56/56/56
f 63/63/63 387/387/387 56/56/56
f 217/217/217 383/383/383 388/388/388
f 388/388/388 383/383/383 385/385/385
f 388/388/388 389/389/389 217/217/217
f 208/208/208 217/217/217 389/389/389
f 208/208/208 389/389/389 207/207/207
f 63/63/63 390/390/390 387/387/387
f 64/64/64 390/390/390 63/63/63
f 388/388/388 391/391/391 389/389/389
f 391/391/391 207/207/207 389/389/389
f 388/388/388 385/385/385 392/392/392
f 391/391/391 388/388/388 392/392/392
f 386/386/386 392/392/392 385/385/385
f 391/391/391 393/393/393 207/207/207
f 207/207/207 393/393/393 206/206/206
f 391/391/391 392/392/392 394/394/394
f 394/394/394 393/393/393 391/391/391
f 386/386/386 395/395/395 392/392/392
f 394/394/394 392/392/392 395/395/395
f 387/387/387 395/395/395 386/386/386
f 396/396/396 206/206/206 393/393/393
f 397/397/397 395/395/395 387/387/387
f 390/390/390 397/397/397 387/387/387
f 394/394/394 395/395/395 398/398/398
f 397/397/397 398/398/398 395/395/395
f 394/394/394 399/399/399 393/393/393
f 399/399/399 394/394/394 398/398/398
f 399/399/399 396/396/396 393/393/393
f 206/206/206 396/396/396 201/201/201
f 390/390/390 400/400/400 397/397/397
f 400/400/400 390/390/390 64/64/64
f 398/398/398 397/397/397 401/401/401
f 400/400/400 401/401/401 397/397/397
f 401/401/401 402/402/402 398/398/398
f 399/399/399 398/398/398 402/402/402
f 400/400/400 64/64/64 403/403/403
f 64/64/64 164/164/164 403/403/403
f 400/400/400 404/404/404 401/401/401
f 400/400/400 403/403/403 404/404/404
f 164/164/164 405/405/405 403/403/403
f 405/405/405 404/404/404 403/403/403
f 171/171/171 405/405/405 164/164/164
f 178/178/178 405/405/405 171/171/171
f 178/178/178 406/406/406 405/405/405
f 406/406/406 404/404/404 405/405/405
f 406/406/406 178/178/178 197/197/197
f 404/404/404 407/407/407 401/401/401
f 406/406/406 407/407/407 404/404/404
f 402/402/402 401/401/401 407/407/407
f 406/406/406 197/197/197 408/408/408
f 408/408/408 407/407/407 406/406/406
f 408/408/408 197/197/197 201/201/201
f 409/409/409 402/402/402 407/407/407
f 408/408/408 409/409/409 407/407/407
f 409/409/409 410/410/410 402/402/402
f 411/411/411 409/409/409 408/408/408
f 411/411/411 410/410/410 409/409/409
f 201/201/201 411/411/411 408/408/408
f 410/410/410 399/399/399 402/402/402
f 201/201/201 412/412/412 411/411/411
f 396/396/396 412/412/412 201/201/201
f 410/410/410 411/411/411 413/413/413
f 410/410/410 413/413/413 399/399/399
f 414/414/414 411/411/411 412/412/412
f 414/414/414 413/413/413 411/411/411
f 396/396/396 414/414/414 412/412/412
f 399/399/399 413/413/413 414/414/414
f 399/399/399 414/414/414 396/396/396
f 415/415/415 9/9/9 298/298/298
f 10/10/10 9/9/9 415/415/415
f 415/415/415 416/416/416 10/10/10
f 15/15/15 10/10/10 416/416/416
f 417/417/417 416/416/416 415/415/415
f 416/416/416 418/418/418 15/15/15
f 21/21/21 15/15/15 418/418/418
f 416/416/416 419/419/419 418/418/418
f 418/418/418 420/420/420 21/21/21
f 419/419/419 416/416/416 421/421/421
f 417/417/417 421/421/421 416/416/416
f 418/418/418 419/419/419 422/422/422
f 418/418/418 422/422/422 420/420/420
f 420/420/420 23/23/23 21/21/21
f 423/423/423 422/422/422 419/419/419
f 419/419/419 421/421/421 423/423/423
f 424/424/424 420/420/420 422/422/422
f 421/421/421 425/425/425 423/423/423
f 421/421/421 426/426/426 425/425/425
f 421/421/421 427/427/427 426/426/426
f 427/427/427 421/421/421 417/417/417
f 423/423/423 425/425/425 428/428/428
f 427/427/427 417/417/417 429/429/429
f 423/423/423 430/430/430 422/422/422
f 423/423/423 428/428/428 430/430/430
f 424/424/424 422/422/422 430/430/430
f 431/431/431 430/430/430 428/428/428
f 431/431/431 424/424/424 430/430/430
f 432/432/432 424/424/424 431/431/431
f 432/432/432 431/431/431 433/433/433
f 434/434/434 420/420/420 424/424/424
f 434/434/434 424/424/424 432/432/432
f 420/420/420 434/434/434 23/23/23
f 433/433/433 435/435/435 432/432/432
f 435/435/435 434/434/434 432/432/432
f 433/433/433 102/102/102 435/435/435
f 102/102/102 100/100/100 435/435/435
f 435/435/435 436/436/436 434/434/434
f 23/23/23 434/434/434 436/436/436
f 100/100/100 436/436/436 435/435/435
f 23/23/23 436/436/436 24/24/24
f 100/100/100 24/24/24 436/436/436
f 437/437/437 438/438/438 439/439/439
f 440/440/440 438/438/438 437/437/437
f 441/441/441 439/439/439 438/438/438
f 437/437/437 442/442/442 440/440/440
f 438/438/438 443/443/443 441/441/441
f 444/444/444 443/443/443 438/438/438
f 440/440/440 444/444/444 438/438/438
f 445/445/445 441/441/441 443/443/443
f 446/446/446 444/444/444 440/440/440
f 447/447/447 441/441/441 445/445/445
f 441/441/441 447/447/447 439/439/439
f 448/448/448 444/444/444 446/446/446
f 444/444/444 448/448/448 443/443/443
f 446/446/446 440/440/440 449/449/449
f 447/447/447 445/445/445 297/297/297
f 297/297/297 445/445/445 295/295/295
f 445/445/445 450/450/450 295/295/295
f 445/445/445 443/443/443 450/450/450
f 300/300/300 295/295/295 450/450/450
f 443/443/443 451/451/451 450/450/450
f 443/443/443 452/452/452 451/451/451
f 443/443/443 448/448/448 452/452/452
f 450/450/450 451/451/451 453/453/453
f 452/452/452 454/454/454 451/451/451
f 452/452/452 448/448/448 454/454/454
f 454/454/454 453/453/453 451/451/451
f 300/300/300 450/450/450 455/455/455
f 450/450/450 453/453/453 455/455/455
f 456/456/456 454/454/454 448/448/448
f 453/453/453 454/454/454 457/457/457
f 456/456/456 457/457/457 454/454/454
f 453/453/453 457/457/457 458/458/458
f 459/459/459 456/456/456 448/448/448
f 459/459/459 448/448/448 446/446/446
f 456/456/456 460/460/460 457/457/457
f 459/459/459 460/460/460 456/456/456
f 457/457/457 460/460/460 458/458/458
f 461/461/461 459/459/459 446/446/446
f 453/453/453 458/458/458 462/462/462
f 460/460/460 462/462/462 458/458/458
f 463/463/463 460/460/460 459/459/459
f 460/460/460 463/463/463 462/462/462
f 463/463/463 459/459/459 461/461/461
f 453/453/453 462/462/462 455/455/455
f 461/461/461 446/446/446 449/449/449
f 464/464/464 462/462/462 463/463/463
f 462/462/462 465/465/465 455/455/455
f 464/464/464 466/466/466 462/462/462
f 462/462/462 466/466/466 465/465/465
f 467/467/467 466/466/466 464/464/464
f 467/467/467 465/465/465 466/466/466
f 463/463/463 468/468/468 464/464/464
f 463/463/463 461/461/461 469/469/469
f 463/463/463 469/469/469 468/468/468
f 469/469/469 461/461/461 470/470/470
f 471/471/471 470/470/470 461/461/461
f 471/471/471 461/461/461 449/449/449
f 472/472/472 469/469/469 470/470/470
f 473/473/473 468/468/468 469/469/469
f 472/472/472 473/473/473 469/469/469
f 474/474/474 464/464/464 468/468/468
f 473/473/473 474/474/474 468/468/468
f 474/474/474 475/475/475 464/464/464
f 467/467/467 464/464/464 475/475/475
f 474/474/474 473/473/473 476/476/476
f 475/475/475 474/474/474 477/477/477
f 474/474/474 476/476/476 477/477/477
f 475/475/475 477/477/477 478/478/478
f 467/467/467 475/475/475 478/478/478
f 467/467/467 478/478/478 479/479/479
f 480/480/480 467/467/467 479/479/479
f 473/473/473 481/481/481 476/476/476
f 473/473/473 472/472/472 481/481/481
f 482/482/482 476/476/476 481/481/481
f 480/480/480 483/483/483 467/467/467
f 480/480/480 429/429/429 483/483/483
f 467/467/467 483/483/483 465/465/465
f 417/417/417 483/483/483 429/429/429
f 484/484/484 482/482/482 481/481/481
f 484/484/484 485/485/485 482/482/482
f 481/481/481 472/472/472 486/486/486
f 472/472/472 470/470/470 486/486/486
f 481/481/481 486/486/486 487/487/487
f 484/484/484 481/481/481 487/487/487
f 471/471/471 486/486/486 470/470/470
f 486/486/486 471/471/471 487/487/487
f 488/488/488 484/484/484 487/487/487
f 471/471/471 488/488/488 487/487/487
f 484/484/484 489/489/489 485/485/485
f 489/489/489 490/490/490 485/485/485
f 488/488/488 491/491/491 484/484/484
f 489/489/489 484/484/484 491/491/491
f 488/488/488 492/492/492 491/491/491
f 471/471/471 493/493/493 488/488/488
f 493/493/493 492/492/492 488/488/488
f 494/494/494 493/493/493 471/471/471
f 494/494/494 471/471/471 449/449/449
f 493/493/493 494/494/494 495/495/495
f 493/493/493 495/495/495 492/492/492
f 496/496/496 494/494/494 449/449/449
f 496/496/496 449/449/449 440/440/440
f 497/497/497 495/495/495 494/494/494
f 494/494/494 496/496/496 497/497/497
f 442/442/442 496/496/496 440/440/440
f 497/497/497 498/498/498 495/495/495
f 498/498/498 492/492/492 495/495/495
f 499/499/499 497/497/497 496/496/496
f 499/499/499 496/496/496 442/442/442
f 500/500/500 498/498/498 497/497/497
f 500/500/500 497/497/497 499/499/499
f 498/498/498 501/501/501 492/492/492
f 502/502/502 501/501/501 498/498/498
f 502/502/502 498/498/498 500/500/500
f 492/492/492 501/501/501 503/503/503
f 492/492/492 503/503/503 491/491/491
f 489/489/489 491/491/491 503/503/503
f 504/504/504 503/503/503 501/501/501
f 502/502/502 504/504/504 501/501/501
f 505/505/505 489/489/489 503/503/503
f 505/505/505 503/503/503 504/504/504
f 489/489/489 505/505/505 490/490/490
f 506/506/506 490/490/490 505/505/505
f 507/507/507 490/490/490 506/506/506
f 508/508/508 506/506/506 505/505/505
f 507/507/507 506/506/506 508/508/508
f 508/508/508 505/505/505 504/504/504
f 507/507/507 508/508/508 509/509/509
f 504/504/504 502/502/502 510/510/510
f 504/504/504 510/510/510 508/508/508
f 500/500/500 510/510/510 502/502/502
f 511/511/511 509/509/509 508/508/508
f 511/511/511 508/508/508 510/510/510
f 500/500/500 512/512/512 510/510/510
f 512/512/512 511/511/511 510/510/510
f 500/500/500 513/513/513 512/512/512
f 512/512/512 514/514/514 511/511/511
f 514/514/514 512/512/512 513/513/513
f 509/509/509 511/511/511 515/515/515
f 509/509/509 515/515/515 516/516/516
f 517/517/517 511/511/511 514/514/514
f 500/500/500 518/518/518 513/513/513
f 499/499/499 518/518/518 500/500/500
f 514/514/514 513/513/513 519/519/519
f 517/517/517 514/514/514 519/519/519
f 518/518/518 520/520/520 513/513/513
f 519/519/519 513/513/513 520/520/520
f 499/499/499 521/521/521 518/518/518
f 518/518/518 521/521/521 520/520/520
f 521/521/521 499/499/499 522/522/522
f 520/520/520 521/521/521 522/522/522
f 522/522/522 499/499/499 442/442/442
f 519/519/519 520/520/520 523/523/523
f 520/520/520 522/522/522 524/524/524
f 524/524/524 523/523/523 520/520/520
f 523/523/523 525/525/525 519/519/519
f 517/517/517 519/519/519 525/525/525
f 524/524/524 526/526/526 523/523/523
f 527/527/527 524/524/524 522/522/522
f 527/527/527 526/526/526 524/524/524
f 523/523/523 528/528/528 525/525/525
f 528/528/528 523/523/523 526/526/526
f 527/527/527 529/529/529 526/526/526
f 528/528/528 526/526/526 529/529/529
f 529/529/529 527/527/527 530/530/530
f 530/530/530 528/528/528 529/529/529
f 531/531/531 527/527/527 522/522/522
f 532/532/532 530/530/530 527/527/527
f 532/532/532 527/527/527 531/531/531
f 532/532/532 533/533/533 530/530/530
f 531/531/531 533/533/533 532/532/532
f 531/531/531 522/522/522 534/534/534
f 522/522/522 442/442/442 534/534/534
f 528/528/528 530/530/530 535/535/535
f 528/528/528 536/536/536 525/525/525
f 528/528/528 535/535/535 536/536/536
f 525/525/525 536/536/536 537/537/537
f 525/525/525 537/537/537 517/517/517
f 538/538/538 535/535/535 530/530/530
f 538/538/538 530/530/530 533/533/533
f 535/535/535 538/538/538 539/539/539
f 540/540/540 536/536/536 535/535/535
f 535/535/535 539/539/539 540/540/540
f 540/540/540 541/541/541 536/536/536
f 537/537/537 536/536/536 541/541/541
f 541/541/541 540/540/540 542/542/542
f 543/543/543 537/537/537 541/541/541
f 541/541/541 542/542/542 543/543/543
f 537/537/537 543/543/543 544/544/544
f 545/545/545 517/517/517 537/537/537
f 537/537/537 544/544/544 545/545/545
f 545/545/545 546/546/546 517/517/517
f 546/546/546 545/545/545 544/544/544
f 546/546/546 511/511/511 517/517/517
f 546/546/546 515/515/515 511/511/511
f 546/546/546 544/544/544 547/547/547
f 547/547/547 515/515/515 546/546/546
f 547/547/547 544/544/544 548/548/548
f 547/547/547 549/549/549 515/515/515
f 549/549/549 516/516/516 515/515/515
f 550/550/550 516/516/516 549/549/549
f 551/551/551 549/549/549 547/547/547
f 551/551/551 550/550/550 549/549/549
f 547/547/547 548/548/548 551/551/551
f 551/551/551 552/552/552 550/550/550
f 553/553/553 548/548/548 544/544/544
f 553/553/553 551/551/551 548/548/548
f 553/553/553 552/552/552 551/551/551
f 553/553/553 544/544/544 543/543/543
f 554/554/554 552/552/552 553/553/553
f 555/555/555 554/554/554 553/553/553
f 543/543/543 556/556/556 553/553/553
f 555/555/555 553/553/553 556/556/556
f 543/543/543 542/542/542 556/556/556
f 557/557/557 555/555/555 556/556/556
f 557/557/557 558/558/558 555/555/555
f 557/557/557 556/556/556 559/559/559
f 556/556/556 542/542/542 559/559/559
f 558/558/558 557/557/557 560/560/560
f 560/560/560 557/557/557 559/559/559
f 558/558/558 560/560/560 561/561/561
f 542/542/542 562/562/562 559/559/559
f 560/560/560 559/559/559 562/562/562
f 563/563/563 561/561/561 560/560/560
f 542/542/542 564/564/564 562/562/562
f 564/564/564 542/542/542 540/540/540
f 564/564/564 540/540/540 539/539/539
f 564/564/564 565/565/565 562/562/562
f 560/560/560 562/562/562 565/565/565
f 539/539/539 565/565/565 564/564/564
f 563/563/563 560/560/560 566/566/566
f 560/560/560 565/565/565 566/566/566
f 539/539/539 567/567/567 565/565/565
f 567/567/567 566/566/566 565/565/565
f 568/568/568 567/567/567 539/539/539
f 538/538/538 568/568/568 539/539/539
f 566/566/566 567/567/567 569/569/569
f 538/538/538 570/570/570 568/568/568
f 533/533/533 570/570/570 538/538/538
f 568/568/568 571/571/571 567/567/567
f 571/571/571 569/569/569 567/567/567
f 570/570/570 572/572/572 568/568/568
f 571/571/571 568/568/568 572/572/572
f 533/533/533 573/573/573 570/570/570
f 571/571/571 574/574/574 569/569/569
f 575/575/575 573/573/573 533/533/533
f 531/531/531 575/575/575 533/533/533
f 570/570/570 573/573/573 576/576/576
f 570/570/570 576/576/576 572/572/572
f 575/575/575 577/577/577 573/573/573
f 576/576/576 573/573/573 577/577/577
f 578/578/578 575/575/575 531/531/531
f 531/531/531 534/534/534 578/578/578
f 579/579/579 577/577/577 575/575/575
f 578/578/578 579/579/579 575/575/575
f 576/576/576 577/577/577 580/580/580
f 581/581/581 578/578/578 534/534/534
f 582/582/582 579/579/579 578/578/578
f 581/581/581 582/582/582 578/578/578
f 579/579/579 583/583/583 577/577/577
f 577/577/577 583/583/583 580/580/580
f 582/582/582 584/584/584 579/579/579
f 584/584/584 583/583/583 579/579/579
f 585/585/585 584/584/584 582/582/582
f 582/582/582 581/581/581 585/585/585
f 584/584/584 586/586/586 583/583/583
f 587/587/587 580/580/580 583/583/583
f 587/587/587 583/583/583 586/586/586
f 586/586/586 584/584/584 588/588/588
f 585/585/585 588/588/588 584/584/584
f 586/586/586 588/588/588 589/589/589
f 585/585/585 590/590/590 588/588/588
f 588/588/588 590/590/590 589/589/589
f 591/591/591 586/586/586 589/589/589
f 591/591/591 587/587/587 586/586/586
f 590/590/590 591/591/591 589/589/589
f 592/592/592 580/580/580 587/587/587
f 592/592/592 576/576/576 580/580/580
f 592/592/592 587/587/587 593/593/593
f 592/592/592 594/594/594 576/576/576
f 594/594/594 572/572/572 576/576/576
f 595/595/595 594/594/594 592/592/592
f 593/593/593 595/595/595 592/592/592
f 594/594/594 596/596/596 572/572/572
f 595/595/595 596/596/596 594/594/594
f 572/572/572 596/596/596 597/597/597
f 571/571/571 572/572/572 597/597/597
f 597/597/597 598/598/598 571/571/571
f 596/596/596 599/599/599 597/597/597
f 597/597/597 599/599/599 598/598/598
f 596/596/596 600/600/600 599/599/599
f 595/595/595 601/601/601 596/596/596
f 600/600/600 596/596/596 601/601/601
f 571/571/571 598/598/598 574/574/574
f 600/600/600 601/601/601 602/602/602
f 603/603/603 601/601/601 595/595/595
f 602/602/602 601/601/601 603/603/603
f 604/604/604 600/600/600 602/602/602
f 604/604/604 602/602/602 603/603/603
f 603/603/603 595/595/595 605/605/605
f 593/593/593 605/605/605 595/595/595
f 606/606/606 603/603/603 605/605/605
f 604/604/604 603/603/603 606/606/606
f 607/607/607 605/605/605 593/593/593
f 606/606/606 605/605/605 607/607/607
f 608/608/608 604/604/604 606/606/606
f 607/607/607 608/608/608 606/606/606
f 609/609/609 604/604/604 608/608/608
f 607/607/607 610/610/610 608/608/608
f 609/609/609 608/608/608 610/610/610
f 607/607/607 593/593/593 611/611/611
f 612/612/612 607/607/607 611/611/611
f 612/612/612 610/610/610 607/607/607
f 593/593/593 613/613/613 611/611/611
f 593/593/593 587/587/587 613/613/613
f 613/613/613 587/587/587 591/591/591
f 613/613/613 614/614/614 611/611/611
f 612/612/612 611/611/611 614/614/614
f 613/613/613 591/591/591 615/615/615
f 613/613/613 615/615/615 614/614/614
f 590/590/590 615/615/615 591/591/591
f 614/614/614 615/615/615 616/616/616
f 617/617/617 615/615/615 590/590/590
f 617/617/617 616/616/616 615/615/615
f 614/614/614 616/616/616 618/618/618
f 617/617/617 619/619/619 616/616/616
f 618/618/618 616/616/616 619/619/619
f 618/618/618 620/620/620 614/614/614
f 612/612/612 614/614/614 620/620/620
f 618/618/618 621/621/621 620/620/620
f 620/620/620 622/622/622 612/612/612
f 618/618/618 623/623/623 621/621/621
f 618/618/618 619/619/619 623/623/623
f 621/621/621 624/624/624 620/620/620
f 620/620/620 624/624/624 622/622/622
f 621/621/621 625/625/625 624/624/624
f 623/623/623 625/625/625 621/621/621
f 624/624/624 626/626/626 622/622/622
f 625/625/625 626/626/626 624/624/624
f 612/612/612 622/622/622 627/627/627
f 612/612/612 627/627/627 610/610/610
f 628/628/628 627/627/627 622/622/622
f 628/628/628 629/629/629 627/627/627
f 629/629/629 610/610/610 627/627/627
f 630/630/630 628/628/628 622/622/622
f 626/626/626 630/630/630 622/622/622
f 629/629/629 631/631/631 610/610/610
f 626/626/626 632/632/632 630/630/630
f 609/609/609 610/610/610 631/631/631
f 626/626/626 633/633/633 632/632/632
f 634/634/634 609/609/609 631/631/631
f 626/626/626 635/635/635 633/633/633
f 634/634/634 636/636/636 609/609/609
f 635/635/635 637/637/637 633/633/633
f 638/638/638 636/636/636 634/634/634
f 638/638/638 634/634/634 639/639/639
f 640/640/640 609/609/609 636/636/636
f 638/638/638 640/640/640 636/636/636
f 609/609/609 640/640/640 604/604/604
f 640/640/640 600/600/600 604/604/604
f 600/600/600 640/640/640 641/641/641
f 638/638/638 641/641/641 640/640/640
f 641/641/641 599/599/599 600/600/600
f 642/642/642 641/641/641 638/638/638
f 642/642/642 599/599/599 641/641/641
f 642/642/642 638/638/638 639/639/639
f 598/598/598 599/599/599 642/642/642
f 642/642/642 639/639/639 643/643/643
f 598/598/598 642/642/642 643/643/643
f 598/598/598 643/643/643 644/644/644
f 574/574/574 598/598/598 644/644/644
f 574/574/574 644/644/644 645/645/645
f 574/574/574 645/645/645 646/646/646
f 574/574/574 646/646/646 647/647/647
f 574/574/574 647/647/647 569/569/569
f 647/647/647 566/566/566 569/569/569
f 648/648/648 646/646/646 645/645/645
f 648/648/648 645/645/645 649/649/649
f 650/650/650 648/648/648 649/649/649
f 648/648/648 651/651/651 646/646/646
f 651/651/651 647/647/647 646/646/646
f 650/650/650 652/652/652 648/648/648
f 652/652/652 651/651/651 648/648/648
f 652/652/652 650/650/650 653/653/653
f 651/651/651 654/654/654 647/647/647
f 654/654/654 566/566/566 647/647/647
f 654/654/654 563/563/563 566/566/566
f 655/655/655 654/654/654 651/651/651
f 652/652/652 655/655/655 651/651/651
f 656/656/656 563/563/563 654/654/654
f 655/655/655 656/656/656 654/654/654
f 656/656/656 657/657/657 563/563/563
f 655/655/655 658/658/658 656/656/656
f 659/659/659 655/655/655 652/652/652
f 652/652/652 653/653/653 659/659/659
f 655/655/655 660/660/660 658/658/658
f 659/659/659 660/660/660 655/655/655
f 661/661/661 658/658/658 660/660/660
f 660/660/660 659/659/659 661/661/661
f 653/653/653 661/661/661 659/659/659
f 661/661/661 662/662/662 658/658/658
f 653/653/653 663/663/663 661/661/661
f 664/664/664 662/662/662 661/661/661
f 663/663/663 664/664/664 661/661/661
f 664/664/664 665/665/665 662/662/662
f 663/663/663 666/666/666 664/664/664
f 300/300/300 455/455/455 667/667/667
f 300/300/300 667/667/667 668/668/668
f 300/300/300 668/668/668 296/296/296
f 669/669/669 667/667/667 455/455/455
f 296/296/296 668/668/668 298/298/298
f 669/669/669 455/455/455 465/465/465
f 668/668/668 667/667/667 670/670/670
f 667/667/667 669/669/669 670/670/670
f 668/668/668 670/670/670 298/298/298
f 671/671/671 669/669/669 465/465/465
f 671/671/671 465/465/465 483/483/483
f 670/670/670 669/669/669 672/672/672
f 672/672/672 669/669/669 671/671/671
f 670/670/670 672/672/672 298/298/298
f 671/671/671 483/483/483 673/673/673
f 672/672/672 671/671/671 673/673/673
f 673/673/673 298/298/298 672/672/672
f 417/417/417 673/673/673 483/483/483
f 415/415/415 298/298/298 673/673/673
f 415/415/415 673/673/673 417/417/417
f 585/585/585 581/581/581 674/674/674
f 590/590/590 585/585/585 674/674/674
f 581/581/581 675/675/675 674/674/674
f 590/590/590 674/674/674 676/676/676
f 676/676/676 617/617/617 590/590/590
f 581/581/581 677/677/677 675/675/675
f 678/678/678 676/676/676 674/674/674
f 674/674/674 675/675/675 678/678/678
f 581/581/581 534/534/534 677/677/677
f 676/676/676 679/679/679 617/617/617
f 679/679/679 619/619/619 617/617/617
f 680/680/680 679/679/679 676/676/676
f 678/678/678 680/680/680 676/676/676
f 681/681/681 619/619/619 679/679/679
f 680/680/680 682/682/682 679/679/679
f 681/681/681 679/679/679 682/682/682
f 683/683/683 682/682/682 680/680/680
f 678/678/678 684/684/684 680/680/680
f 683/683/683 680/680/680 684/684/684
f 685/685/685 678/678/678 675/675/675
f 684/684/684 678/678/678 685/685/685
f 677/677/677 685/685/685 675/675/675
f 683/683/683 686/686/686 682/682/682
f 681/681/681 682/682/682 686/686/686
f 686/686/686 687/687/687 681/681/681
f 688/688/688 686/686/686 683/683/683
f 688/688/688 687/687/687 686/686/686
f 684/684/684 689/689/689 683/683/683
f 689/689/689 688/688/688 683/683/683
f 684/684/684 685/685/685 690/690/690
f 689/689/689 684/684/684 690/690/690
f 691/691/691 690/690/690 685/685/685
f 677/677/677 691/691/691 685/685/685
f 692/692/692 689/689/689 690/690/690
f 691/691/691 693/693/693 690/690/690
f 692/692/692 690/690/690 693/693/693
f 694/694/694 691/691/691 677/677/677
f 694/694/694 693/693/693 691/691/691
f 694/694/694 677/677/677 695/695/695
f 695/695/695 677/677/677 534/534/534
f 695/695/695 534/534/534 442/442/442
f 437/437/437 695/695/695 442/442/442
f 439/439/439 695/695/695 437/437/437
f 439/439/439 694/694/694 695/695/695
f 694/694/694 696/696/696 693/693/693
f 439/439/439 696/696/696 694/694/694
f 697/697/697 693/693/693 696/696/696
f 697/697/697 692/692/692 693/693/693
f 439/439/439 698/698/698 696/696/696
f 698/698/698 439/439/439 447/447/447
f 696/696/696 699/699/699 697/697/697
f 696/696/696 698/698/698 699/699/699
f 700/700/700 692/692/692 697/697/697
f 698/698/698 447/447/447 701/701/701
f 701/701/701 447/447/447 297/297/297
f 698/698/698 702/702/702 699/699/699
f 698/698/698 701/701/701 702/702/702
f 701/701/701 297/297/297 703/703/703
f 299/299/299 703/703/703 297/297/297
f 701/701/701 703/703/703 704/704/704
f 704/704/704 703/703/703 299/299/299
f 701/701/701 704/704/704 702/702/702
f 704/704/704 299/299/299 303/303/303
f 705/705/705 699/699/699 702/702/702
f 303/303/303 706/706/706 704/704/704
f 702/702/702 704/704/704 706/706/706
f 707/707/707 697/697/697 699/699/699
f 707/707/707 699/699/699 705/705/705
f 700/700/700 697/697/697 707/707/707
f 705/705/705 702/702/702 708/708/708
f 702/702/702 706/706/706 708/708/708
f 705/705/705 709/709/709 707/707/707
f 710/710/710 700/700/700 707/707/707
f 710/710/710 707/707/707 709/709/709
f 705/705/705 711/711/711 709/709/709
f 712/712/712 700/700/700 710/710/710
f 711/711/711 705/705/705 713/713/713
f 708/708/708 713/713/713 705/705/705
f 714/714/714 709/709/709 711/711/711
f 709/709/709 635/635/635 710/710/710
f 709/709/709 714/714/714 635/635/635
f 715/715/715 710/710/710 635/635/635
f 715/715/715 712/712/712 710/710/710
f 626/626/626 715/715/715 635/635/635
f 625/625/625 715/715/715 626/626/626
f 625/625/625 712/712/712 715/715/715
f 635/635/635 714/714/714 637/637/637
f 714/714/714 711/711/711 716/716/716
f 637/637/637 714/714/714 716/716/716
f 716/716/716 711/711/711 713/713/713
f 637/637/637 716/716/716 717/717/717
f 718/718/718 717/717/717 716/716/716
f 716/716/716 713/713/713 718/718/718
f 718/718/718 719/719/719 717/717/717
f 719/719/719 718/718/718 720/720/720
f 719/719/719 720/720/720 721/721/721
f 721/721/721 720/720/720 722/722/722
f 720/720/720 723/723/723 722/722/722
f 718/718/718 713/713/713 724/724/724
f 718/718/718 724/724/724 720/720/720
f 708/708/708 724/724/724 713/713/713
f 720/720/720 724/724/724 725/725/725
f 708/708/708 725/725/725 724/724/724
f 720/720/720 725/725/725 723/723/723
f 708/708/708 726/726/726 725/725/725
f 726/726/726 723/723/723 725/725/725
f 726/726/726 727/727/727 723/723/723
f 708/708/708 706/706/706 726/726/726
f 728/728/728 727/727/727 726/726/726
f 728/728/728 726/726/726 706/706/706
f 728/728/728 729/729/729 727/727/727
f 730/730/730 729/729/729 728/728/728
f 730/730/730 728/728/728 706/706/706
f 730/730/730 731/731/731 729/729/729
f 732/732/732 731/731/731 730/730/730
f 730/730/730 706/706/706 733/733/733
f 732/732/732 730/730/730 733/733/733
f 303/303/303 733/733/733 706/706/706
f 323/323/323 733/733/733 303/303/303
f 732/732/732 733/733/733 323/323/323
f 732/732/732 734/734/734 731/731/731
f 735/735/735 734/734/734 732/732/732
f 734/734/734 735/735/735 736/736/736
f 737/737/737 732/732/732 323/323/323
f 735/735/735 732/732/732 737/737/737
f 737/737/737 323/323/323 328/328/328
f 736/736/736 735/735/735 738/738/738
f 328/328/328 333/333/333 737/737/737
f 333/333/333 739/739/739 737/737/737
f 735/735/735 737/737/737 739/739/739
f 333/333/333 740/740/740 739/739/739
f 738/738/738 735/735/735 741/741/741
f 741/741/741 735/735/735 739/739/739
f 740/740/740 741/741/741 739/739/739
f 742/742/742 738/738/738 741/741/741
f 740/740/740 742/742/742 741/741/741
f 623/623/623 619/619/619 743/743/743
f 744/744/744 743/743/743 619/619/619
f 681/681/681 744/744/744 619/619/619
f 681/681/681 745/745/745 744/744/744
f 744/744/744 745/745/745 743/743/743
f 681/681/681 687/687/687 745/745/745
f 745/745/745 687/687/687 688/688/688
f 745/745/745 688/688/688 743/743/743
f 743/743/743 746/746/746 623/623/623
f 688/688/688 746/746/746 743/743/743
f 623/623/623 746/746/746 625/625/625
f 625/625/625 746/746/746 712/712/712
f 746/746/746 688/688/688 747/747/747
f 746/746/746 747/747/747 712/712/712
f 689/689/689 747/747/747 688/688/688
f 712/712/712 747/747/747 700/700/700
f 692/692/692 747/747/747 689/689/689
f 692/692/692 700/700/700 747/747/747
f 748/748/748 749/749/749 750/750/750
f 751/751/751 752/752/752 753/753/753
f 754/754/754 755/755/755 756/756/756
f 757/757/757 755/755/755 754/754/754
f 757/757/757 758/758/758 755/755/755
f 754/754/754 759/759/759 757/757/757
f 757/757/757 760/760/760 758/758/758
f 760/760/760 757/757/757 759/759/759
f 759/759/759 754/754/754 761/761/761
f 754/754/754 762/762/762 761/761/761
f 759/759/759 761/761/761 763/763/763
f 763/763/763 761/761/761 762/762/762
f 754/754/754 764/764/764 762/762/762
f 756/756/756 764/764/764 754/754/754
f 760/760/760 759/759/759 765/765/765
f 756/756/756 766/766/766 764/764/764
f 759/759/759 763/763/763 767/767/767
f 767/767/767 765/765/765 759/759/759
f 768/768/768 767/767/767 763/763/763
f 760/760/760 765/765/765 769/769/769
f 767/767/767 770/770/770 765/765/765
f 768/768/768 770/770/770 767/767/767
f 765/765/765 770/770/770 771/771/771
f 765/765/765 771/771/771 769/769/769
f 768/768/768 772/772/772 770/770/770
f 773/773/773 771/771/771 770/770/770
f 773/773/773 770/770/770 772/772/772
f 774/774/774 772/772/772 768/768/768
f 773/773/773 772/772/772 774/774/774
f 775/775/775 771/771/771 773/773/773
f 775/775/775 769/769/769 771/771/771
f 773/773/773 774/774/774 776/776/776
f 775/775/775 773/773/773 777/777/777
f 776/776/776 777/777/777 773/773/773
f 775/775/775 778/778/778 769/769/769
f 760/760/760 769/769/769 779/779/779
f 758/758/758 760/760/760 779/779/779
f 769/769/769 778/778/778 780/780/780
f 780/780/780 779/779/779 769/769/769
f 781/781/781 778/778/778 775/775/775
f 780/780/780 778/778/778 781/781/781
f 779/779/779 780/780/780 782/782/782
f 758/758/758 779/779/779 782/782/782
f 780/780/780 783/783/783 782/782/782
f 784/784/784 758/758/758 782/782/782
f 780/780/780 781/781/781 785/785/785
f 785/785/785 783/783/783 780/780/780
f 781/781/781 775/775/775 786/786/786
f 786/786/786 775/775/775 777/777/777
f 786/786/786 787/787/787 781/781/781
f 788/788/788 782/782/782 783/783/783
f 788/788/788 784/784/784 782/782/782
f 783/783/783 789/789/789 788/788/788
f 785/785/785 790/790/790 783/783/783
f 783/783/783 790/790/790 789/789/789
f 785/785/785 781/781/781 791/791/791
f 787/787/787 791/791/791 781/781/781
f 790/790/790 785/785/785 792/792/792
f 785/785/785 791/791/791 792/792/792
f 793/793/793 789/789/789 790/790/790
f 792/792/792 793/793/793 790/790/790
f 788/788/788 789/789/789 794/794/794
f 791/791/791 795/795/795 792/792/792
f 793/793/793 796/796/796 789/789/789
f 797/797/797 795/795/795 791/791/791
f 787/787/787 797/797/797 791/791/791
f 795/795/795 798/798/798 792/792/792
f 799/799/799 789/789/789 796/796/796
f 799/799/799 794/794/794 789/789/789
f 799/799/799 796/796/796 800/800/800
f 793/793/793 800/800/800 796/796/796
f 792/792/792 801/801/801 793/793/793
f 801/801/801 792/792/792 798/798/798
f 793/793/793 802/802/802 800/800/800
f 801/801/801 802/802/802 793/793/793
f 799/799/799 800/800/800 803/803/803
f 801/801/801 804/804/804 802/802/802
f 802/802/802 805/805/805 800/800/800
f 803/803/803 800/800/800 805/805/805
f 806/806/806 802/802/802 804/804/804
f 802/802/802 806/806/806 805/805/805
f 807/807/807 804/804/804 801/801/801
f 807/807/807 801/801/801 798/798/798
f 806/806/806 804/804/804 808/808/808
f 808/808/808 804/804/804 807/807/807
f 806/806/806 809/809/809 805/805/805
f 810/810/810 806/806/806 808/808/808
f 808/808/808 811/811/811 810/810/810
f 806/806/806 810/810/810 812/812/812
f 807/807/807 813/813/813 808/808/808
f 808/808/808 813/813/813 811/811/811
f 807/807/807 814/814/814 813/813/813
f 815/815/815 812/812/812 810/810/810
f 815/815/815 810/810/810 811/811/811
f 806/806/806 812/812/812 816/816/816
f 806/806/806 816/816/816 809/809/809
f 817/817/817 816/816/816 812/812/812
f 811/811/811 813/813/813 818/818/818
f 814/814/814 818/818/818 813/813/813
f 819/819/819 812/812/812 815/815/815
f 819/819/819 817/817/817 812/812/812
f 815/815/815 811/811/811 820/820/820
f 811/811/811 818/818/818 821/821/821
f 821/821/821 820/820/820 811/811/811
f 818/818/818 822/822/822 821/821/821
f 820/820/820 823/823/823 815/815/815
f 824/824/824 818/818/818 814/814/814
f 818/818/818 824/824/824 822/822/822
f 824/824/824 814/814/814 825/825/825
f 821/821/821 826/826/826 820/820/820
f 824/824/824 827/827/827 822/822/822
f 822/822/822 828/828/828 821/821/821
f 828/828/828 826/826/826 821/821/821
f 826/826/826 829/829/829 820/820/820
f 820/820/820 829/829/829 823/823/823
f 824/824/824 825/825/825 830/830/830
f 824/824/824 830/830/830 827/827/827
f 825/825/825 831/831/831 830/830/830
f 831/831/831 832/832/832 830/830/830
f 833/833/833 831/831/831 825/825/825
f 833/833/833 825/825/825 814/814/814
f 831/831/831 834/834/834 832/832/832
f 831/831/831 833/833/833 834/834/834
f 835/835/835 830/830/830 832/832/832
f 835/835/835 827/827/827 830/830/830
f 835/835/835 832/832/832 834/834/834
f 836/836/836 833/833/833 814/814/814
f 807/807/807 836/836/836 814/814/814
f 836/836/836 837/837/837 833/833/833
f 837/837/837 836/836/836 807/807/807
f 833/833/833 837/837/837 834/834/834
f 837/837/837 807/807/807 798/798/798
f 834/834/834 837/837/837 798/798/798
f 834/834/834 798/798/798 838/838/838
f 835/835/835 834/834/834 838/838/838
f 795/795/795 838/838/838 798/798/798
f 795/795/795 839/839/839 838/838/838
f 797/797/797 839/839/839 795/795/795
f 840/840/840 835/835/835 838/838/838
f 841/841/841 839/839/839 797/797/797
f 841/841/841 797/797/797 787/787/787
f 842/842/842 838/838/838 839/839/839
f 839/839/839 841/841/841 842/842/842
f 842/842/842 840/840/840 838/838/838
f 843/843/843 841/841/841 787/787/787
f 843/843/843 842/842/842 841/841/841
f 844/844/844 843/843/843 787/787/787
f 845/845/845 842/842/842 843/843/843
f 845/845/845 843/843/843 844/844/844
f 845/845/845 840/840/840 842/842/842
f 844/844/844 787/787/787 786/786/786
f 846/846/846 845/845/845 844/844/844
f 846/846/846 840/840/840 845/845/845
f 844/844/844 786/786/786 847/847/847
f 846/846/846 844/844/844 847/847/847
f 777/777/777 847/847/847 786/786/786
f 846/846/846 847/847/847 848/848/848
f 846/846/846 848/848/848 849/849/849
f 850/850/850 848/848/848 847/847/847
f 846/846/846 849/849/849 851/851/851
f 851/851/851 840/840/840 846/846/846
f 849/849/849 852/852/852 851/851/851
f 850/850/850 847/847/847 853/853/853
f 777/777/777 853/853/853 847/847/847
f 853/853/853 854/854/854 850/850/850
f 855/855/855 854/854/854 853/853/853
f 856/856/856 851/851/851 852/852/852
f 851/851/851 857/857/857 840/840/840
f 840/840/840 857/857/857 835/835/835
f 856/856/856 858/858/858 851/851/851
f 859/859/859 858/858/858 856/856/856
f 860/860/860 857/857/857 851/851/851
f 835/835/835 857/857/857 860/860/860
f 860/860/860 851/851/851 858/858/858
f 835/835/835 860/860/860 827/827/827
f 859/859/859 861/861/861 858/858/858
f 861/861/861 860/860/860 858/858/858
f 862/862/862 861/861/861 859/859/859
f 827/827/827 860/860/860 863/863/863
f 861/861/861 863/863/863 860/860/860
f 862/862/862 864/864/864 861/861/861
f 864/864/864 863/863/863 861/861/861
f 865/865/865 864/864/864 862/862/862
f 827/827/827 863/863/863 866/866/866
f 864/864/864 866/866/866 863/863/863
f 827/827/827 866/866/866 822/822/822
f 867/867/867 865/865/865 862/862/862
f 866/866/866 864/864/864 868/868/868
f 865/865/865 868/868/868 864/864/864
f 866/866/866 869/869/869 822/822/822
f 866/866/866 868/868/868 869/869/869
f 822/822/822 869/869/869 828/828/828
f 868/868/868 870/870/870 869/869/869
f 870/870/870 868/868/868 865/865/865
f 828/828/828 869/869/869 870/870/870
f 871/871/871 865/865/865 867/867/867
f 870/870/870 865/865/865 872/872/872
f 870/870/870 872/872/872 828/828/828
f 871/871/871 872/872/872 865/865/865
f 873/873/873 871/871/871 867/867/867
f 874/874/874 828/828/828 872/872/872
f 871/871/871 874/874/874 872/872/872
f 874/874/874 875/875/875 828/828/828
f 828/828/828 875/875/875 826/826/826
f 871/871/871 876/876/876 874/874/874
f 873/873/873 877/877/877 871/871/871
f 876/876/876 871/871/871 877/877/877
f 878/878/878 877/877/877 873/873/873
f 874/874/874 876/876/876 879/879/879
f 879/879/879 875/875/875 874/874/874
f 875/875/875 880/880/880 826/826/826
f 879/879/879 880/880/880 875/875/875
f 880/880/880 829/829/829 826/826/826
f 881/881/881 879/879/879 876/876/876
f 876/876/876 877/877/877 881/881/881
f 879/879/879 882/882/882 880/880/880
f 880/880/880 882/882/882 829/829/829
f 881/881/881 883/883/883 879/879/879
f 879/879/879 883/883/883 882/882/882
f 881/881/881 877/877/877 884/884/884
f 878/878/878 884/884/884 877/877/877
f 885/885/885 884/884/884 878/878/878
f 886/886/886 885/885/885 878/878/878
f 887/887/887 885/885/885 886/886/886
f 884/884/884 885/885/885 887/887/887
f 887/887/887 886/886/886 888/888/888
f 881/881/881 884/884/884 889/889/889
f 884/884/884 887/887/887 889/889/889
f 889/889/889 883/883/883 881/881/881
f 883/883/883 889/889/889 890/890/890
f 883/883/883 890/890/890 882/882/882
f 891/891/891 889/889/889 887/887/887
f 891/891/891 890/890/890 889/889/889
f 890/890/890 892/892/892 882/882/882
f 891/891/891 892/892/892 890/890/890
f 829/829/829 882/882/882 892/892/892
f 893/893/893 891/891/891 887/887/887
f 893/893/893 887/887/887 888/888/888
f 829/829/829 892/892/892 823/823/823
f 891/891/891 894/894/894 892/892/892
f 893/893/893 894/894/894 891/891/891
f 895/895/895 823/823/823 892/892/892
f 895/895/895 896/896/896 823/823/823
f 897/897/897 892/892/892 894/894/894
f 897/897/897 895/895/895 892/892/892
f 897/897/897 894/894/894 898/898/898
f 893/893/893 898/898/898 894/894/894
f 899/899/899 895/895/895 897/897/897
f 899/899/899 896/896/896 895/895/895
f 897/897/897 898/898/898 900/900/900
f 899/899/899 897/897/897 900/900/900
f 901/901/901 898/898/898 893/893/893
f 900/900/900 898/898/898 901/901/901
f 896/896/896 902/902/902 823/823/823
f 902/902/902 896/896/896 899/899/899
f 815/815/815 823/823/823 902/902/902
f 815/815/815 902/902/902 819/819/819
f 902/902/902 899/899/899 903/903/903
f 899/899/899 900/900/900 904/904/904
f 904/904/904 903/903/903 899/899/899
f 905/905/905 904/904/904 900/900/900
f 900/900/900 901/901/901 905/905/905
f 904/904/904 906/906/906 903/903/903
f 903/903/903 907/907/907 902/902/902
f 903/903/903 906/906/906 907/907/907
f 908/908/908 906/906/906 904/904/904
f 905/905/905 908/908/908 904/904/904
f 907/907/907 906/906/906 909/909/909
f 908/908/908 909/909/909 906/906/906
f 902/902/902 907/907/907 910/910/910
f 902/902/902 910/910/910 819/819/819
f 909/909/909 911/911/911 907/907/907
f 911/911/911 909/909/909 908/908/908
f 907/907/907 912/912/912 910/910/910
f 907/907/907 911/911/911 912/912/912
f 913/913/913 910/910/910 912/912/912
f 912/912/912 911/911/911 913/913/913
f 910/910/910 914/914/914 819/819/819
f 908/908/908 915/915/915 911/911/911
f 913/913/913 916/916/916 910/910/910
f 916/916/916 914/914/914 910/910/910
f 914/914/914 917/917/917 819/819/819
f 918/918/918 916/916/916 913/913/913
f 817/817/817 819/819/819 917/917/917
f 916/916/916 919/919/919 914/914/914
f 918/918/918 920/920/920 916/916/916
f 919/919/919 916/916/916 920/920/920
f 921/921/921 914/914/914 919/919/919
f 914/914/914 921/921/921 917/917/917
f 919/919/919 920/920/920 922/922/922
f 921/921/921 919/919/919 923/923/923
f 923/923/923 919/919/919 922/922/922
f 921/921/921 924/924/924 917/917/917
f 924/924/924 921/921/921 923/923/923
f 924/924/924 923/923/923 925/925/925
f 923/923/923 922/922/922 926/926/926
f 926/926/926 925/925/925 923/923/923
f 922/922/922 927/927/927 926/926/926
f 926/926/926 928/928/928 925/925/925
f 920/920/920 929/929/929 922/922/922
f 922/922/922 929/929/929 927/927/927
f 930/930/930 929/929/929 920/920/920
f 930/930/930 920/920/920 918/918/918
f 925/925/925 928/928/928 931/931/931
f 924/924/924 925/925/925 931/931/931
f 932/932/932 928/928/928 926/926/926
f 932/932/932 926/926/926 927/927/927
f 931/931/931 928/928/928 932/932/932
f 933/933/933 930/930/930 918/918/918
f 933/933/933 918/918/918 913/913/913
f 934/934/934 930/930/930 933/933/933
f 933/933/933 913/913/913 935/935/935
f 935/935/935 913/913/913 911/911/911
f 935/935/935 911/911/911 915/915/915
f 936/936/936 933/933/933 935/935/935
f 934/934/934 933/933/933 936/936/936
f 937/937/937 935/935/935 915/915/915
f 936/936/936 935/935/935 937/937/937
f 938/938/938 934/934/934 936/936/936
f 939/939/939 930/930/930 934/934/934
f 929/929/929 930/930/930 939/939/939
f 929/929/929 939/939/939 940/940/940
f 940/940/940 927/927/927 929/929/929
f 939/939/939 934/934/934 941/941/941
f 942/942/942 940/940/940 939/939/939
f 942/942/942 939/939/939 941/941/941
f 940/940/940 943/943/943 927/927/927
f 943/943/943 940/940/940 942/942/942
f 943/943/943 944/944/944 927/927/927
f 944/944/944 932/932/932 927/927/927
f 943/943/943 942/942/942 945/945/945
f 946/946/946 932/932/932 944/944/944
f 931/931/931 932/932/932 946/946/946
f 943/943/943 947/947/947 944/944/944
f 943/943/943 945/945/945 948/948/948
f 943/943/943 948/948/948 947/947/947
f 946/946/946 944/944/944 949/949/949
f 944/944/944 947/947/947 949/949/949
f 946/946/946 950/950/950 931/931/931
f 951/951/951 947/947/947 948/948/948
f 949/949/949 947/947/947 951/951/951
f 952/952/952 946/946/946 949/949/949
f 946/946/946 952/952/952 950/950/950
f 952/952/952 949/949/949 953/953/953
f 950/950/950 952/952/952 954/954/954
f 954/954/954 952/952/952 953/953/953
f 955/955/955 953/953/953 949/949/949
f 949/949/949 951/951/951 955/955/955
f 955/955/955 956/956/956 953/953/953
f 957/957/957 955/955/955 951/951/951
f 958/958/958 956/956/956 955/955/955
f 957/957/957 958/958/958 955/955/955
f 953/953/953 956/956/956 959/959/959
f 954/954/954 953/953/953 959/959/959
f 958/958/958 960/960/960 956/956/956
f 960/960/960 959/959/959 956/956/956
f 958/958/958 957/957/957 961/961/961
f 961/961/961 960/960/960 958/958/958
f 951/951/951 962/962/962 957/957/957
f 962/962/962 963/963/963 957/957/957
f 964/964/964 957/957/957 963/963/963
f 964/964/964 961/961/961 957/957/957
f 962/962/962 965/965/965 963/963/963
f 964/964/964 966/966/966 961/961/961
f 951/951/951 967/967/967 962/962/962
f 967/967/967 965/965/965 962/962/962
f 961/961/961 966/966/966 968/968/968
f 951/951/951 948/948/948 967/967/967
f 967/967/967 969/969/969 965/965/965
f 961/961/961 968/968/968 970/970/970
f 971/971/971 969/969/969 967/967/967
f 972/972/972 970/970/970 968/968/968
f 971/971/971 973/973/973 969/969/969
f 948/948/948 974/974/974 967/967/967
f 971/971/971 967/967/967 974/974/974
f 948/948/948 975/975/975 974/974/974
f 945/945/945 975/975/975 948/948/948
f 976/976/976 971/971/971 974/974/974
f 974/974/974 975/975/975 976/976/976
f 945/945/945 977/977/977 975/975/975
f 976/976/976 975/975/975 977/977/977
f 942/942/942 977/977/977 945/945/945
f 976/976/976 977/977/977 978/978/978
f 942/942/942 979/979/979 977/977/977
f 978/978/978 977/977/977 979/979/979
f 942/942/942 941/941/941 979/979/979
f 979/979/979 980/980/980 978/978/978
f 976/976/976 978/978/978 980/980/980
f 979/979/979 941/941/941 980/980/980
f 981/981/981 976/976/976 980/980/980
f 976/976/976 981/981/981 971/971/971
f 981/981/981 982/982/982 971/971/971
f 971/971/971 982/982/982 973/973/973
f 973/973/973 982/982/982 983/983/983
f 983/983/983 982/982/982 981/981/981
f 973/973/973 983/983/983 984/984/984
f 980/980/980 985/985/985 981/981/981
f 983/983/983 981/981/981 985/985/985
f 984/984/984 983/983/983 986/986/986
f 985/985/985 986/986/986 983/983/983
f 984/984/984 986/986/986 987/987/987
f 985/985/985 980/980/980 988/988/988
f 985/985/985 988/988/988 986/986/986
f 988/988/988 980/980/980 941/941/941
f 989/989/989 987/987/987 986/986/986
f 989/989/989 986/986/986 988/988/988
f 989/989/989 990/990/990 987/987/987
f 988/988/988 941/941/941 991/991/991
f 989/989/989 988/988/988 991/991/991
f 934/934/934 991/991/991 941/941/941
f 938/938/938 991/991/991 934/934/934
f 989/989/989 991/991/991 938/938/938
f 992/992/992 990/990/990 989/989/989
f 992/992/992 989/989/989 938/938/938
f 992/992/992 993/993/993 990/990/990
f 992/992/992 938/938/938 994/994/994
f 992/992/992 995/995/995 993/993/993
f 938/938/938 996/996/996 994/994/994
f 996/996/996 938/938/938 936/936/936
f 997/997/997 992/992/992 994/994/994
f 997/997/997 995/995/995 992/992/992
f 998/998/998 994/994/994 996/996/996
f 997/997/997 994/994/994 998/998/998
f 996/996/996 936/936/936 937/937/937
f 999/999/999 993/993/993 995/995/995
f 999/999/999 1000/1000/1000 993/993/993
f 1001/1001/1001 1000/1000/1000 999/999/999
f 999/999/999 995/995/995 1002/1002/1002
f 1002/1002/1002 995/995/995 997/997/997
f 1001/1001/1001 999/999/999 1003/1003/1003
f 1003/1003/1003 999/999/999 1002/1002/1002
f 1004/1004/1004 1001/1001/1001 1003/1003/1003
f 1002/1002/1002 997/997/997 1005/1005/1005
f 1005/1005/1005 997/997/997 998/998/998
f 1003/1003/1003 1002/1002/1002 1006/1006/1006
f 1006/1006/1006 1002/1002/1002 1005/1005/1005
f 1004/1004/1004 1003/1003/1003 1007/1007/1007
f 1006/1006/1006 1007/1007/1007 1003/1003/1003
f 1004/1004/1004 1007/1007/1007 1008/1008/1008
f 1006/1006/1006 1009/1009/1009 1007/1007/1007
f 1009/1009/1009 1008/1008/1008 1007/1007/1007
f 1010/1010/1010 1009/1009/1009 1006/1006/1006
f 1008/1008/1008 1009/1009/1009 1010/1010/1010
f 1010/1010/1010 1006/1006/1006 1011/1011/1011
f 1006/1006/1006 1005/1005/1005 1011/1011/1011
f 1008/1008/1008 1010/1010/1010 1012/1012/1012
f 1004/1004/1004 1008/1008/1008 1013/1013/1013
f 1012/1012/1012 1014/1014/1014 1008/1008/1008
f 1013/1013/1013 1008/1008/1008 1014/1014/1014
f 1012/1012/1012 1015/1015/1015 1014/1014/1014
f 1013/1013/1013 1014/1014/1014 1016/1016/1016
f 1011/1011/1011 1005/1005/1005 1017/1017/1017
f 1011/1011/1011 1017/1017/1017 1018/1018/1018
f 1005/1005/1005 998/998/998 1017/1017/1017
f 1017/1017/1017 998/998/998 1019/1019/1019
f 1017/1017/1017 1019/1019/1019 1020/1020/1020
f 1019/1019/1019 1021/1021/1021 1020/1020/1020
f 1019/1019/1019 998/998/998 1022/1022/1022
f 996/996/996 1022/1022/1022 998/998/998
f 1022/1022/1022 996/996/996 937/937/937
f 1019/1019/1019 1023/1023/1023 1021/1021/1021
f 1024/1024/1024 1021/1021/1021 1023/1023/1023
f 1019/1019/1019 1022/1022/1022 1025/1025/1025
f 1025/1025/1025 1023/1023/1023 1019/1019/1019
f 1022/1022/1022 937/937/937 1026/1026/1026
f 1026/1026/1026 1025/1025/1025 1022/1022/1022
f 1026/1026/1026 937/937/937 1027/1027/1027
f 1028/1028/1028 1025/1025/1025 1026/1026/1026
f 1026/1026/1026 1027/1027/1027 1028/1028/1028
f 937/937/937 915/915/915 1027/1027/1027
f 1025/1025/1025 1029/1029/1029 1023/1023/1023
f 1028/1028/1028 1029/1029/1029 1025/1025/1025
f 1023/1023/1023 1029/1029/1029 1030/1030/1030
f 1030/1030/1030 1029/1029/1029 1028/1028/1028
f 1024/1024/1024 1023/1023/1023 1030/1030/1030
f 1031/1031/1031 1027/1027/1027 915/915/915
f 1031/1031/1031 915/915/915 908/908/908
f 1031/1031/1031 908/908/908 905/905/905
f 1031/1031/1031 1032/1032/1032 1027/1027/1027
f 1028/1028/1028 1027/1027/1027 1032/1032/1032
f 1033/1033/1033 1031/1031/1031 905/905/905
f 1033/1033/1033 1032/1032/1032 1031/1031/1031
f 1033/1033/1033 905/905/905 901/901/901
f 1028/1028/1028 1032/1032/1032 1034/1034/1034
f 1034/1034/1034 1032/1032/1032 1033/1033/1033
f 1034/1034/1034 1030/1030/1030 1028/1028/1028
f 901/901/901 1035/1035/1035 1033/1033/1033
f 1033/1033/1033 1036/1036/1036 1034/1034/1034
f 1033/1033/1033 1035/1035/1035 1036/1036/1036
f 901/901/901 1037/1037/1037 1035/1035/1035
f 1037/1037/1037 1036/1036/1036 1035/1035/1035
f 1037/1037/1037 901/901/901 893/893/893
f 1034/1034/1034 1038/1038/1038 1030/1030/1030
f 1036/1036/1036 1038/1038/1038 1034/1034/1034
f 1024/1024/1024 1030/1030/1030 1038/1038/1038
f 1024/1024/1024 1038/1038/1038 1039/1039/1039
f 1039/1039/1039 1038/1038/1038 1040/1040/1040
f 1036/1036/1036 1041/1041/1041 1038/1038/1038
f 1038/1038/1038 1042/1042/1042 1040/1040/1040
f 1038/1038/1038 1041/1041/1041 1042/1042/1042
f 1043/1043/1043 1040/1040/1040 1042/1042/1042
f 1041/1041/1041 1036/1036/1036 1044/1044/1044
f 1041/1041/1041 1044/1044/1044 1042/1042/1042
f 1037/1037/1037 1044/1044/1044 1036/1036/1036
f 1043/1043/1043 1042/1042/1042 1045/1045/1045
f 1042/1042/1042 1044/1044/1044 1045/1045/1045
f 1043/1043/1043 1045/1045/1045 1046/1046/1046
f 1044/1044/1044 1037/1037/1037 1047/1047/1047
f 1044/1044/1044 1047/1047/1047 1045/1045/1045
f 1045/1045/1045 1047/1047/1047 1046/1046/1046
f 1037/1037/1037 893/893/893 1047/1047/1047
f 888/888/888 1046/1046/1046 1047/1047/1047
f 888/888/888 1047/1047/1047 893/893/893
f 766/766/766 1048/1048/1048 764/764/764
f 764/764/764 1048/1048/1048 1049/1049/1049
f 764/764/764 1049/1049/1049 762/762/762
f 1050/1050/1050 1048/1048/1048 766/766/766
f 1049/1049/1049 1051/1051/1051 762/762/762
f 1052/1052/1052 1050/1050/1050 766/766/766
f 1052/1052/1052 766/766/766 756/756/756
f 1049/1049/1049 1048/1048/1048 1053/1053/1053
f 1052/1052/1052 756/756/756 1054/1054/1054
f 755/755/755 1054/1054/1054 756/756/756
f 755/755/755 1055/1055/1055 1054/1054/1054
f 758/758/758 1055/1055/1055 755/755/755
f 1056/1056/1056 1052/1052/1052 1054/1054/1054
f 758/758/758 1057/1057/1057 1055/1055/1055
f 784/784/784 1057/1057/1057 758/758/758
f 1054/1054/1054 1055/1055/1055 1058/1058/1058
f 1056/1056/1056 1054/1054/1054 1058/1058/1058
f 1057/1057/1057 1059/1059/1059 1055/1055/1055
f 1060/1060/1060 1055/1055/1055 1059/1059/1059
f 1060/1060/1060 1058/1058/1058 1055/1055/1055
f 1057/1057/1057 1061/1061/1061 1059/1059/1059
f 1062/1062/1062 1057/1057/1057 784/784/784
f 1062/1062/1062 1061/1061/1061 1057/1057/1057
f 1061/1061/1061 1063/1063/1063 1059/1059/1059
f 1060/1060/1060 1059/1059/1059 1063/1063/1063
f 1061/1061/1061 1064/1064/1064 1063/1063/1063
f 1065/1065/1065 1061/1061/1061 1062/1062/1062
f 1065/1065/1065 1064/1064/1064 1061/1061/1061
f 784/784/784 1066/1066/1066 1062/1062/1062
f 1066/1066/1066 1065/1065/1065 1062/1062/1062
f 784/784/784 1067/1067/1067 1066/1066/1066
f 788/788/788 1067/1067/1067 784/784/784
f 788/788/788 794/794/794 1067/1067/1067
f 1063/1063/1063 1064/1064/1064 1068/1068/1068
f 1068/1068/1068 1064/1064/1064 1065/1065/1065
f 1066/1066/1066 1069/1069/1069 1065/1065/1065
f 1068/1068/1068 1065/1065/1065 1069/1069/1069
f 1069/1069/1069 1066/1066/1066 1070/1070/1070
f 1070/1070/1070 1066/1066/1066 1067/1067/1067
f 1071/1071/1071 1069/1069/1069 1070/1070/1070
f 1068/1068/1068 1069/1069/1069 1071/1071/1071
f 1070/1070/1070 1067/1067/1067 1072/1072/1072
f 794/794/794 1072/1072/1072 1067/1067/1067
f 1063/1063/1063 1068/1068/1068 1073/1073/1073
f 1060/1060/1060 1063/1063/1063 1073/1073/1073
f 1074/1074/1074 1073/1073/1073 1068/1068/1068
f 1073/1073/1073 1075/1075/1075 1060/1060/1060
f 1075/1075/1075 1073/1073/1073 1074/1074/1074
f 1058/1058/1058 1060/1060/1060 1075/1075/1075
f 1058/1058/1058 1075/1075/1075 1076/1076/1076
f 1076/1076/1076 1056/1056/1056 1058/1058/1058
f 1075/1075/1075 1074/1074/1074 1077/1077/1077
f 1077/1077/1077 1076/1076/1076 1075/1075/1075
f 1074/1074/1074 1068/1068/1068 1078/1078/1078
f 1068/1068/1068 1071/1071/1071 1078/1078/1078
f 1074/1074/1074 1079/1079/1079 1077/1077/1077
f 1074/1074/1074 1080/1080/1080 1079/1079/1079
f 1080/1080/1080 1074/1074/1074 1078/1078/1078
f 1077/1077/1077 1079/1079/1079 1081/1081/1081
f 1077/1077/1077 1081/1081/1081 1076/1076/1076
f 1080/1080/1080 1082/1082/1082 1079/1079/1079
f 1082/1082/1082 1081/1081/1081 1079/1079/1079
f 1080/1080/1080 1083/1083/1083 1082/1082/1082
f 1082/1082/1082 1084/1084/1084 1081/1081/1081
f 1085/1085/1085 1081/1081/1081 1084/1084/1084
f 1081/1081/1081 1085/1085/1085 1086/1086/1086
f 1083/1083/1083 1080/1080/1080 1087/1087/1087
f 1088/1088/1088 1083/1083/1083 1087/1087/1087
f 1089/1089/1089 1087/1087/1087 1080/1080/1080
f 1089/1089/1089 1080/1080/1080 1078/1078/1078
f 1088/1088/1088 1087/1087/1087 1090/1090/1090
f 1087/1087/1087 1089/1089/1089 1090/1090/1090
f 1088/1088/1088 1090/1090/1090 1091/1091/1091
f 1090/1090/1090 1092/1092/1092 1091/1091/1091
f 1090/1090/1090 1093/1093/1093 1092/1092/1092
f 1093/1093/1093 1090/1090/1090 1089/1089/1089
f 1092/1092/1092 1093/1093/1093 1094/1094/1094
f 1089/1089/1089 1078/1078/1078 1095/1095/1095
f 1089/1089/1089 1095/1095/1095 1093/1093/1093
f 1094/1094/1094 1093/1093/1093 1095/1095/1095
f 1095/1095/1095 1078/1078/1078 1071/1071/1071
f 1095/1095/1095 1096/1096/1096 1094/1094/1094
f 1071/1071/1071 1097/1097/1097 1095/1095/1095
f 1095/1095/1095 1097/1097/1097 1096/1096/1096
f 1071/1071/1071 1098/1098/1098 1097/1097/1097
f 1071/1071/1071 1070/1070/1070 1098/1098/1098
f 1099/1099/1099 1096/1096/1096 1097/1097/1097
f 1099/1099/1099 1097/1097/1097 1098/1098/1098
f 1099/1099/1099 1100/1100/1100 1096/1096/1096
f 1101/1101/1101 1100/1100/1100 1099/1099/1099
f 1098/1098/1098 1070/1070/1070 1072/1072/1072
f 1099/1099/1099 1098/1098/1098 1072/1072/1072
f 1099/1099/1099 1102/1102/1102 1101/1101/1101
f 1072/1072/1072 1103/1103/1103 1099/1099/1099
f 1099/1099/1099 1103/1103/1103 1102/1102/1102
f 1072/1072/1072 1104/1104/1104 1103/1103/1103
f 1105/1105/1105 1102/1102/1102 1103/1103/1103
f 1105/1105/1105 1106/1106/1106 1102/1102/1102
f 1107/1107/1107 1105/1105/1105 1103/1103/1103
f 1104/1104/1104 1107/1107/1107 1103/1103/1103
f 1108/1108/1108 1106/1106/1106 1105/1105/1105
f 1108/1108/1108 1105/1105/1105 1107/1107/1107
f 1108/1108/1108 1109/1109/1109 1106/1106/1106
f 1109/1109/1109 1108/1108/1108 1110/1110/1110
f 1110/1110/1110 1108/1108/1108 1107/1107/1107
f 1111/1111/1111 1110/1110/1110 1107/1107/1107
f 1112/1112/1112 1111/1111/1111 1107/1107/1107
f 1104/1104/1104 1112/1112/1112 1107/1107/1107
f 1113/1113/1113 1112/1112/1112 1104/1104/1104
f 1113/1113/1113 1104/1104/1104 1114/1114/1114
f 1115/1115/1115 1113/1113/1113 1114/1114/1114
f 1116/1116/1116 1104/1104/1104 1072/1072/1072
f 1116/1116/1116 1114/1114/1114 1104/1104/1104
f 794/794/794 1116/1116/1116 1072/1072/1072
f 1115/1115/1115 1114/1114/1114 1117/1117/1117
f 1118/1118/1118 1115/1115/1115 1117/1117/1117
f 1119/1119/1119 1114/1114/1114 1116/1116/1116
f 794/794/794 1119/1119/1119 1116/1116/1116
f 1119/1119/1119 1117/1117/1117 1114/1114/1114
f 794/794/794 799/799/799 1119/1119/1119
f 1118/1118/1118 1117/1117/1117 1120/1120/1120
f 1117/1117/1117 1119/1119/1119 1120/1120/1120
f 1121/1121/1121 1118/1118/1118 1120/1120/1120
f 1119/1119/1119 799/799/799 803/803/803
f 1122/1122/1122 1120/1120/1120 1119/1119/1119
f 1119/1119/1119 803/803/803 1122/1122/1122
f 1121/1121/1121 1120/1120/1120 1123/1123/1123
f 1122/1122/1122 1123/1123/1123 1120/1120/1120
f 1121/1121/1121 1123/1123/1123 1124/1124/1124
f 1121/1121/1121 1124/1124/1124 1125/1125/1125
f 1126/1126/1126 1125/1125/1125 1124/1124/1124
f 1124/1124/1124 1127/1127/1127 1126/1126/1126
f 1124/1124/1124 1123/1123/1123 1128/1128/1128
f 1122/1122/1122 1128/1128/1128 1123/1123/1123
f 1124/1124/1124 1129/1129/1129 1127/1127/1127
f 1128/1128/1128 1129/1129/1129 1124/1124/1124
f 1130/1130/1130 1127/1127/1127 1129/1129/1129
f 1131/1131/1131 1128/1128/1128 1122/1122/1122
f 1128/1128/1128 1131/1131/1131 1129/1129/1129
f 1130/1130/1130 1129/1129/1129 1132/1132/1132
f 1131/1131/1131 1132/1132/1132 1129/1129/1129
f 1132/1132/1132 972/972/972 1130/1130/1130
f 1131/1131/1131 1122/1122/1122 1133/1133/1133
f 803/803/803 1133/1133/1133 1122/1122/1122
f 1131/1131/1131 1134/1134/1134 1132/1132/1132
f 1134/1134/1134 1131/1131/1131 1133/1133/1133
f 1132/1132/1132 1135/1135/1135 972/972/972
f 1134/1134/1134 1135/1135/1135 1132/1132/1132
f 972/972/972 1135/1135/1135 970/970/970
f 1134/1134/1134 1136/1136/1136 1135/1135/1135
f 1133/1133/1133 1136/1136/1136 1134/1134/1134
f 970/970/970 1135/1135/1135 1136/1136/1136
f 803/803/803 1137/1137/1137 1133/1133/1133
f 803/803/803 805/805/805 1137/1137/1137
f 1137/1137/1137 805/805/805 809/809/809
f 1137/1137/1137 1138/1138/1138 1133/1133/1133
f 1133/1133/1133 1138/1138/1138 1136/1136/1136
f 1137/1137/1137 809/809/809 1139/1139/1139
f 1137/1137/1137 1139/1139/1139 1138/1138/1138
f 1140/1140/1140 1139/1139/1139 809/809/809
f 816/816/816 1140/1140/1140 809/809/809
f 970/970/970 1136/1136/1136 1141/1141/1141
f 1141/1141/1141 1136/1136/1136 1138/1138/1138
f 1141/1141/1141 1142/1142/1142 970/970/970
f 961/961/961 970/970/970 1142/1142/1142
f 961/961/961 1142/1142/1142 960/960/960
f 816/816/816 1143/1143/1143 1140/1140/1140
f 817/817/817 1143/1143/1143 816/816/816
f 1141/1141/1141 1144/1144/1144 1142/1142/1142
f 1144/1144/1144 960/960/960 1142/1142/1142
f 1141/1141/1141 1138/1138/1138 1145/1145/1145
f 1144/1144/1144 1141/1141/1141 1145/1145/1145
f 1139/1139/1139 1145/1145/1145 1138/1138/1138
f 1144/1144/1144 1146/1146/1146 960/960/960
f 960/960/960 1146/1146/1146 959/959/959
f 1144/1144/1144 1145/1145/1145 1147/1147/1147
f 1147/1147/1147 1146/1146/1146 1144/1144/1144
f 1139/1139/1139 1148/1148/1148 1145/1145/1145
f 1147/1147/1147 1145/1145/1145 1148/1148/1148
f 1140/1140/1140 1148/1148/1148 1139/1139/1139
f 1149/1149/1149 959/959/959 1146/1146/1146
f 1150/1150/1150 1148/1148/1148 1140/1140/1140
f 1143/1143/1143 1150/1150/1150 1140/1140/1140
f 1147/1147/1147 1148/1148/1148 1151/1151/1151
f 1150/1150/1150 1151/1151/1151 1148/1148/1148
f 1147/1147/1147 1152/1152/1152 1146/1146/1146
f 1152/1152/1152 1147/1147/1147 1151/1151/1151
f 1152/1152/1152 1149/1149/1149 1146/1146/1146
f 959/959/959 1149/1149/1149 954/954/954
f 1143/1143/1143 1153/1153/1153 1150/1150/1150
f 1153/1153/1153 1143/1143/1143 817/817/817
f 1151/1151/1151 1150/1150/1150 1154/1154/1154
f 1153/1153/1153 1154/1154/1154 1150/1150/1150
f 1154/1154/1154 1155/1155/1155 1151/1151/1151
f 1152/1152/1152 1151/1151/1151 1155/1155/1155
f 1153/1153/1153 817/817/817 1156/1156/1156
f 817/817/817 917/917/917 1156/1156/1156
f 1153/1153/1153 1157/1157/1157 1154/1154/1154
f 1153/1153/1153 1156/1156/1156 1157/1157/1157
f 917/917/917 1158/1158/1158 1156/1156/1156
f 1158/1158/1158 1157/1157/1157 1156/1156/1156
f 924/924/924 1158/1158/1158 917/917/917
f 931/931/931 1158/1158/1158 924/924/924
f 931/931/931 1159/1159/1159 1158/1158/1158
f 1159/1159/1159 1157/1157/1157 1158/1158/1158
f 1159/1159/1159 931/931/931 950/950/950
f 1157/1157/1157 1160/1160/1160 1154/1154/1154
f 1159/1159/1159 1160/1160/1160 1157/1157/1157
f 1155/1155/1155 1154/1154/1154 1160/1160/1160
f 1159/1159/1159 950/950/950 1161/1161/1161
f 1161/1161/1161 1160/1160/1160 1159/1159/1159
f 1161/1161/1161 950/950/950 954/954/954
f 1162/1162/1162 1155/1155/1155 1160/1160/1160
f 1161/1161/1161 1162/1162/1162 1160/1160/1160
f 1162/1162/1162 1163/1163/1163 1155/1155/1155
f 1164/1164/1164 1162/1162/1162 1161/1161/1161
f 1164/1164/1164 1163/1163/1163 1162/1162/1162
f 954/954/954 1164/1164/1164 1161/1161/1161
f 1163/1163/1163 1152/1152/1152 1155/1155/1155
f 954/954/954 1165/1165/1165 1164/1164/1164
f 1149/1149/1149 1165/1165/1165 954/954/954
f 1163/1163/1163 1164/1164/1164 1166/1166/1166
f 1163/1163/1163 1166/1166/1166 1152/1152/1152
f 1167/1167/1167 1164/1164/1164 1165/1165/1165
f 1167/1167/1167 1166/1166/1166 1164/1164/1164
f 1149/1149/1149 1167/1167/1167 1165/1165/1165
f 1152/1152/1152 1166/1166/1166 1167/1167/1167
f 1152/1152/1152 1167/1167/1167 1149/1149/1149
f 1168/1168/1168 762/762/762 1051/1051/1051
f 763/763/763 762/762/762 1168/1168/1168
f 1168/1168/1168 1169/1169/1169 763/763/763
f 768/768/768 763/763/763 1169/1169/1169
f 1170/1170/1170 1169/1169/1169 1168/1168/1168
f 1169/1169/1169 1171/1171/1171 768/768/768
f 774/774/774 768/768/768 1171/1171/1171
f 1169/1169/1169 1172/1172/1172 1171/1171/1171
f 1171/1171/1171 1173/1173/1173 774/774/774
f 1172/1172/1172 1169/1169/1169 1174/1174/1174
f 1170/1170/1170 1174/1174/1174 1169/1169/1169
f 1171/1171/1171 1172/1172/1172 1175/1175/1175
f 1171/1171/1171 1175/1175/1175 1173/1173/1173
f 1173/1173/1173 776/776/776 774/774/774
f 1176/1176/1176 1175/1175/1175 1172/1172/1172
f 1172/1172/1172 1174/1174/1174 1176/1176/1176
f 1177/1177/1177 1173/1173/1173 1175/1175/1175
f 1174/1174/1174 1178/1178/1178 1176/1176/1176
f 1174/1174/1174 1179/1179/1179 1178/1178/1178
f 1174/1174/1174 1180/1180/1180 1179/1179/1179
f 1180/1180/1180 1174/1174/1174 1170/1170/1170
f 1176/1176/1176 1178/1178/1178 1181/1181/1181
f 1180/1180/1180 1170/1170/1170 1182/1182/1182
f 1176/1176/1176 1183/1183/1183 1175/1175/1175
f 1176/1176/1176 1181/1181/1181 1183/1183/1183
f 1177/1177/1177 1175/1175/1175 1183/1183/1183
f 1184/1184/1184 1183/1183/1183 1181/1181/1181
f 1184/1184/1184 1177/1177/1177 1183/1183/1183
f 1185/1185/1185 1177/1177/1177 1184/1184/1184
f 1185/1185/1185 1184/1184/1184 1186/1186/1186
f 1187/1187/1187 1173/1173/1173 1177/1177/1177
f 1187/1187/1187 1177/1177/1177 1185/1185/1185
f 1173/1173/1173 1187/1187/1187 776/776/776
f 1186/1186/1186 1188/1188/1188 1185/1185/1185
f 1188/1188/1188 1187/1187/1187 1185/1185/1185
f 1186/1186/1186 855/855/855 1188/1188/1188
f 855/855/855 853/853/853 1188/1188/1188
f 1188/1188/1188 1189/1189/1189 1187/1187/1187
f 776/776/776 1187/1187/1187 1189/1189/1189
f 853/853/853 1189/1189/1189 1188/1188/1188
f 776/776/776 1189/1189/1189 777/777/777
f 853/853/853 777/777/777 1189/1189/1189
f 1190/1190/1190 1191/1191/1191 1192/1192/1192
f 1193/1193/1193 1191/1191/1191 1190/1190/1190
f 1194/1194/1194 1192/1192/1192 1191/1191/1191
f 1190/1190/1190 1195/1195/1195 1193/1193/1193
f 1191/1191/1191 1196/1196/1196 1194/1194/1194
f 1197/1197/1197 1196/1196/1196 1191/1191/1191
f 1193/1193/1193 1197/1197/1197 1191/1191/1191
f 1198/1198/1198 1194/1194/1194 1196/1196/1196
f 1199/1199/1199 1197/1197/1197 1193/1193/1193
f 1200/1200/1200 1194/1194/1194 1198/1198/1198
f 1194/1194/1194 1200/1200/1200 1192/1192/1192
f 1201/1201/1201 1197/1197/1197 1199/1199/1199
f 1197/1197/1197 1201/1201/1201 1196/1196/1196
f 1199/1199/1199 1193/1193/1193 1202/1202/1202
f 1200/1200/1200 1198/1198/1198 1050/1050/1050
f 1050/1050/1050 1198/1198/1198 1048/1048/1048
f 1198/1198/1198 1203/1203/1203 1048/1048/1048
f 1198/1198/1198 1196/1196/1196 1203/1203/1203
f 1053/1053/1053 1048/1048/1048 1203/1203/1203
f 1196/1196/1196 1204/1204/1204 1203/1203/1203
f 1196/1196/1196 1205/1205/1205 1204/1204/1204
f 1196/1196/1196 1201/1201/1201 1205/1205/1205
f 1203/1203/1203 1204/1204/1204 1206/1206/1206
f 1205/1205/1205 1207/1207/1207 1204/1204/1204
f 1205/1205/1205 1201/1201/1201 1207/1207/1207
f 1207/1207/1207 1206/1206/1206 1204/1204/1204
f 1053/1053/1053 1203/1203/1203 1208/1208/1208
f 1203/1203/1203 1206/1206/1206 1208/1208/1208
f 1209/1209/1209 1207/1207/1207 1201/1201/1201
f 1206/1206/1206 1207/1207/1207 1210/1210/1210
f 1209/1209/1209 1210/1210/1210 1207/1207/1207
f 1206/1206/1206 1210/1210/1210 1211/1211/1211
f 1212/1212/1212 1209/1209/1209 1201/1201/1201
f 1212/1212/1212 1201/1201/1201 1199/1199/1199
f 1209/1209/1209 1213/1213/1213 1210/1210/1210
f 1212/1212/1212 1213/1213/1213 1209/1209/1209
f 1210/1210/1210 1213/1213/1213 1211/1211/1211
f 1214/1214/1214 1212/1212/1212 1199/1199/1199
f 1206/1206/1206 1211/1211/1211 1215/1215/1215
f 1213/1213/1213 1215/1215/1215 1211/1211/1211
f 1216/1216/1216 1213/1213/1213 1212/1212/1212
f 1213/1213/1213 1216/1216/1216 1215/1215/1215
f 1216/1216/1216 1212/1212/1212 1214/1214/1214
f 1206/1206/1206 1215/1215/1215 1208/1208/1208
f 1214/1214/1214 1199/1199/1199 1202/1202/1202
f 1217/1217/1217 1215/1215/1215 1216/1216/1216
f 1215/1215/1215 1218/1218/1218 1208/1208/1208
f 1217/1217/1217 1219/1219/1219 1215/1215/1215
f 1215/1215/1215 1219/1219/1219 1218/1218/1218
f 1220/1220/1220 1219/1219/1219 1217/1217/1217
f 1220/1220/1220 1218/1218/1218 1219/1219/1219
f 1216/1216/1216 1221/1221/1221 1217/1217/1217
f 1216/1216/1216 1214/1214/1214 1222/1222/1222
f 1216/1216/1216 1222/1222/1222 1221/1221/1221
f 1222/1222/1222 1214/1214/1214 1223/1223/1223
f 1224/1224/1224 1223/1223/1223 1214/1214/1214
f 1224/1224/1224 1214/1214/1214 1202/1202/1202
f 1225/1225/1225 1222/1222/1222 1223/1223/1223
f 1226/1226/1226 1221/1221/1221 1222/1222/1222
f 1225/1225/1225 1226/1226/1226 1222/1222/1222
f 1227/1227/1227 1217/1217/1217 1221/1221/1221
f 1226/1226/1226 1227/1227/1227 1221/1221/1221
f 1227/1227/1227 1228/1228/1228 1217/1217/1217
f 1220/1220/1220 1217/1217/1217 1228/1228/1228
f 1227/1227/1227 1226/1226/1226 1229/1229/1229
f 1228/1228/1228 1227/1227/1227 1230/1230/1230
f 1227/1227/1227 1229/1229/1229 1230/1230/1230
f 1228/1228/1228 1230/1230/1230 1231/1231/1231
f 1220/1220/1220 1228/1228/1228 1231/1231/1231
f 1220/1220/1220 1231/1231/1231 1232/1232/1232
f 1233/1233/1233 1220/1220/1220 1232/1232/1232
f 1226/1226/1226 1234/1234/1234 1229/1229/1229
f 1226/1226/1226 1225/1225/1225 1234/1234/1234
f 1235/1235/1235 1229/1229/1229 1234/1234/1234
f 1233/1233/1233 1236/1236/1236 1220/1220/1220
f 1233/1233/1233 1182/1182/1182 1236/1236/1236
f 1220/1220/1220 1236/1236/1236 1218/1218/1218
f 1170/1170/1170 1236/1236/1236 1182/1182/1182
f 1237/1237/1237 1235/1235/1235 1234/1234/1234
f 1237/1237/1237 1238/1238/1238 1235/1235/1235
f 1234/1234/1234 1225/1225/1225 1239/1239/1239
f 1225/1225/1225 1223/1223/1223 1239/1239/1239
f 1234/1234/1234 1239/1239/1239 1240/1240/1240
f 1237/1237/1237 1234/1234/1234 1240/1240/1240
f 1224/1224/1224 1239/1239/1239 1223/1223/1223
f 1239/1239/1239 1224/1224/1224 1240/1240/1240
f 1241/1241/1241 1237/1237/1237 1240/1240/1240
f 1224/1224/1224 1241/1241/1241 1240/1240/1240
f 1237/1237/1237 1242/1242/1242 1238/1238/1238
f 1242/1242/1242 1243/1243/1243 1238/1238/1238
f 1241/1241/1241 1244/1244/1244 1237/1237/1237
f 1242/1242/1242 1237/1237/1237 1244/1244/1244
f 1241/1241/1241 1245/1245/1245 1244/1244/1244
f 1224/1224/1224 1246/1246/1246 1241/1241/1241
f 1246/1246/1246 1245/1245/1245 1241/1241/1241
f 1247/1247/1247 1246/1246/1246 1224/1224/1224
f 1247/1247/1247 1224/1224/1224 1202/1202/1202
f 1246/1246/1246 1247/1247/1247 1248/1248/1248
f 1246/1246/1246 1248/1248/1248 1245/1245/1245
f 1249/1249/1249 1247/1247/1247 1202/1202/1202
f 1249/1249/1249 1202/1202/1202 1193/1193/1193
f 1250/1250/1250 1248/1248/1248 1247/1247/1247
f 1247/1247/1247 1249/1249/1249 1250/1250/1250
f 1195/1195/1195 1249/1249/1249 1193/1193/1193
f 1250/1250/1250 1251/1251/1251 1248/1248/1248
f 1251/1251/1251 1245/1245/1245 1248/1248/1248
f 1252/1252/1252 1250/1250/1250 1249/1249/1249
f 1252/1252/1252 1249/1249/1249 1195/1195/1195
f 1253/1253/1253 1251/1251/1251 1250/1250/1250
f 1253/1253/1253 1250/1250/1250 1252/1252/1252
f 1251/1251/1251 1254/1254/1254 1245/1245/1245
f 1255/1255/1255 1254/1254/1254 1251/1251/1251
f 1255/1255/1255 1251/1251/1251 1253/1253/1253
f 1245/1245/1245 1254/1254/1254 1256/1256/1256
f 1245/1245/1245 1256/1256/1256 1244/1244/1244
f 1242/1242/1242 1244/1244/1244 1256/1256/1256
f 1257/1257/1257 1256/1256/1256 1254/1254/1254
f 1255/1255/1255 1257/1257/1257 1254/1254/1254
f 1258/1258/1258 1242/1242/1242 1256/1256/1256
f 1258/1258/1258 1256/1256/1256 1257/1257/1257
f 1242/1242/1242 1258/1258/1258 1243/1243/1243
f 1259/1259/1259 1243/1243/1243 1258/1258/1258
f 1260/1260/1260 1243/1243/1243 1259/1259/1259
f 1261/1261/1261 1259/1259/1259 1258/1258/1258
f 1260/1260/1260 1259/1259/1259 1261/1261/1261
f 1261/1261/1261 1258/1258/1258 1257/1257/1257
f 1260/1260/1260 1261/1261/1261 1262/1262/1262
f 1257/1257/1257 1255/1255/1255 1263/1263/1263
f 1257/1257/1257 1263/1263/1263 1261/1261/1261
f 1253/1253/1253 1263/1263/1263 1255/1255/1255
f 1264/1264/1264 1262/1262/1262 1261/1261/1261
f 1264/1264/1264 1261/1261/1261 1263/1263/1263
f 1253/1253/1253 1265/1265/1265 1263/1263/1263
f 1265/1265/1265 1264/1264/1264 1263/1263/1263
f 1253/1253/1253 1266/1266/1266 1265/1265/1265
f 1265/1265/1265 1267/1267/1267 1264/1264/1264
f 1267/1267/1267 1265/1265/1265 1266/1266/1266
f 1262/1262/1262 1264/1264/1264 1268/1268/1268
f 1262/1262/1262 1268/1268/1268 1269/1269/1269
f 1270/1270/1270 1264/1264/1264 1267/1267/1267
f 1253/1253/1253 1271/1271/1271 1266/1266/1266
f 1252/1252/1252 1271/1271/1271 1253/1253/1253
f 1267/1267/1267 1266/1266/1266 1272/1272/1272
f 1270/1270/1270 1267/1267/1267 1272/1272/1272
f 1271/1271/1271 1273/1273/1273 1266/1266/1266
f 1272/1272/1272 1266/1266/1266 1273/1273/1273
f 1252/1252/1252 1274/1274/1274 1271/1271/1271
f 1271/1271/1271 1274/1274/1274 1273/1273/1273
f 1274/1274/1274 1252/1252/1252 1275/1275/1275
f 1273/1273/1273 1274/1274/1274 1275/1275/1275
f 1275/1275/1275 1252/1252/1252 1195/1195/1195
f 1272/1272/1272 1273/1273/1273 1276/1276/1276
f 1273/1273/1273 1275/1275/1275 1277/1277/1277
f 1277/1277/1277 1276/1276/1276 1273/1273/1273
f 1276/1276/1276 1278/1278/1278 1272/1272/1272
f 1270/1270/1270 1272/1272/1272 1278/1278/1278
f 1277/1277/1277 1279/1279/1279 1276/1276/1276
f 1280/1280/1280 1277/1277/1277 1275/1275/1275
f 1280/1280/1280 1279/1279/1279 1277/1277/1277
f 1276/1276/1276 1281/1281/1281 1278/1278/1278
f 1281/1281/1281 1276/1276/1276 1279/1279/1279
f 1280/1280/1280 1282/1282/1282 1279/1279/1279
f 1281/1281/1281 1279/1279/1279 1282/1282/1282
f 1282/1282/1282 1280/1280/1280 1283/1283/1283
f 1283/1283/1283 1281/1281/1281 1282/1282/1282
f 1284/1284/1284 1280/1280/1280 1275/1275/1275
f 1285/1285/1285 1283/1283/1283 1280/1280/1280
f 1285/1285/1285 1280/1280/1280 1284/1284/1284
f 1285/1285/1285 1286/1286/1286 1283/1283/1283
f 1284/1284/1284 1286/1286/1286 1285/1285/1285
f 1284/1284/1284 1275/1275/1275 1287/1287/1287
f 1275/1275/1275 1195/1195/1195 1287/1287/1287
f 1281/1281/1281 1283/1283/1283 1288/1288/1288
f 1281/1281/1281 1289/1289/1289 1278/1278/1278
f 1281/1281/1281 1288/1288/1288 1289/1289/1289
f 1278/1278/1278 1289/1289/1289 1290/1290/1290
f 1278/1278/1278 1290/1290/1290 1270/1270/1270
f 1291/1291/1291 1288/1288/1288 1283/1283/1283
f 1291/1291/1291 1283/1283/1283 1286/1286/1286
f 1288/1288/1288 1291/1291/1291 1292/1292/1292
f 1293/1293/1293 1289/1289/1289 1288/1288/1288
f 1288/1288/1288 1292/1292/1292 1293/1293/1293
f 1293/1293/1293 1294/1294/1294 1289/1289/1289
f 1290/1290/1290 1289/1289/1289 1294/1294/1294
f 1294/1294/1294 1293/1293/1293 1295/1295/1295
f 1296/1296/1296 1290/1290/1290 1294/1294/1294
f 1294/1294/1294 1295/1295/1295 1296/1296/1296
f 1290/1290/1290 1296/1296/1296 1297/1297/1297
f 1298/1298/1298 1270/1270/1270 1290/1290/1290
f 1290/1290/1290 1297/1297/1297 1298/1298/1298
f 1298/1298/1298 1299/1299/1299 1270/1270/1270
f 1299/1299/1299 1298/1298/1298 1297/1297/1297
f 1299/1299/1299 1264/1264/1264 1270/1270/1270
f 1299/1299/1299 1268/1268/1268 1264/1264/1264
f 1299/1299/1299 1297/1297/1297 1300/1300/1300
f 1300/1300/1300 1268/1268/1268 1299/1299/1299
f 1300/1300/1300 1297/1297/1297 1301/1301/1301
f 1300/1300/1300 1302/1302/1302 1268/1268/1268
f 1302/1302/1302 1269/1269/1269 1268/1268/1268
f 1303/1303/1303 1269/1269/1269 1302/1302/1302
f 1304/1304/1304 1302/1302/1302 1300/1300/1300
f 1304/1304/1304 1303/1303/1303 1302/1302/1302
f 1300/1300/1300 1301/1301/1301 1304/1304/1304
f 1304/1304/1304 1305/1305/1305 1303/1303/1303
f 1306/1306/1306 1301/1301/1301 1297/1297/1297
f 1306/1306/1306 1304/1304/1304 1301/1301/1301
f 1306/1306/1306 1305/1305/1305 1304/1304/1304
f 1306/1306/1306 1297/1297/1297 1296/1296/1296
f 1307/1307/1307 1305/1305/1305 1306/1306/1306
f 1308/1308/1308 1307/1307/1307 1306/1306/1306
f 1296/1296/1296 1309/1309/1309 1306/1306/1306
f 1308/1308/1308 1306/1306/1306 1309/1309/1309
f 1296/1296/1296 1295/1295/1295 1309/1309/1309
f 1310/1310/1310 1308/1308/1308 1309/1309/1309
f 1310/1310/1310 1311/1311/1311 1308/1308/1308
f 1310/1310/1310 1309/1309/1309 1312/1312/1312
f 1309/1309/1309 1295/1295/1295 1312/1312/1312
f 1311/1311/1311 1310/1310/1310 1313/1313/1313
f 1313/1313/1313 1310/1310/1310 1312/1312/1312
f 1311/1311/1311 1313/1313/1313 1314/1314/1314
f 1295/1295/1295 1315/1315/1315 1312/1312/1312
f 1313/1313/1313 1312/1312/1312 1315/1315/1315
f 1316/1316/1316 1314/1314/1314 1313/1313/1313
f 1295/1295/1295 1317/1317/1317 1315/1315/1315
f 1317/1317/1317 1295/1295/1295 1293/1293/1293
f 1317/1317/1317 1293/1293/1293 1292/1292/1292
f 1317/1317/1317 1318/1318/1318 1315/1315/1315
f 1313/1313/1313 1315/1315/1315 1318/1318/1318
f 1292/1292/1292 1318/1318/1318 1317/1317/1317
f 1316/1316/1316 1313/1313/1313 1319/1319/1319
f 1313/1313/1313 1318/1318/1318 1319/1319/1319
f 1292/1292/1292 1320/1320/1320 1318/1318/1318
f 1320/1320/1320 1319/1319/1319 1318/1318/1318
f 1321/1321/1321 1320/1320/1320 1292/1292/1292
f 1291/1291/1291 1321/1321/1321 1292/1292/1292
f 1319/1319/1319 1320/1320/1320 1322/1322/1322
f 1291/1291/1291 1323/1323/1323 1321/1321/1321
f 1286/1286/1286 1323/1323/1323 1291/1291/1291
f 1321/1321/1321 1324/1324/1324 1320/1320/1320
f 1324/1324/1324 1322/1322/1322 1320/1320/1320
f 1323/1323/1323 1325/1325/1325 1321/1321/1321
f 1324/1324/1324 1321/1321/1321 1325/1325/1325
f 1286/1286/1286 1326/1326/1326 1323/1323/1323
f 1324/1324/1324 1327/1327/1327 1322/1322/1322
f 1328/1328/1328 1326/1326/1326 1286/1286/1286
f 1284/1284/1284 1328/1328/1328 1286/1286/1286
f 1323/1323/1323 1326/1326/1326 1329/1329/1329
f 1323/1323/1323 1329/1329/1329 1325/1325/1325
f 1328/1328/1328 1330/1330/1330 1326/1326/1326
f 1329/1329/1329 1326/1326/1326 1330/1330/1330
f 1331/1331/1331 1328/1328/1328 1284/1284/1284
f 1284/1284/1284 1287/1287/1287 1331/1331/1331
f 1332/1332/1332 1330/1330/1330 1328/1328/1328
f 1331/1331/1331 1332/1332/1332 1328/1328/1328
f 1329/1329/1329 1330/1330/1330 1333/1333/1333
f 1334/1334/1334 1331/1331/1331 1287/1287/1287
f 1335/1335/1335 1332/1332/1332 1331/1331/1331
f 1334/1334/1334 1335/1335/1335 1331/1331/1331
f 1332/1332/1332 1336/1336/1336 1330/1330/1330
f 1330/1330/1330 1336/1336/1336 1333/1333/1333
f 1335/1335/1335 1337/1337/1337 1332/1332/1332
f 1337/1337/1337 1336/1336/1336 1332/1332/1332
f 1338/1338/1338 1337/1337/1337 1335/1335/1335
f 1335/1335/1335 1334/1334/1334 1338/1338/1338
f 1337/1337/1337 1339/1339/1339 1336/1336/1336
f 1340/1340/1340 1333/1333/1333 1336/1336/1336
f 1340/1340/1340 1336/1336/1336 1339/1339/1339
f 1339/1339/1339 1337/1337/1337 1341/1341/1341
f 1338/1338/1338 1341/1341/1341 1337/1337/1337
f 1339/1339/1339 1341/1341/1341 1342/1342/1342
f 1338/1338/1338 1343/1343/1343 1341/1341/1341
f 1341/1341/1341 1343/1343/1343 1342/1342/1342
f 1344/1344/1344 1339/1339/1339 1342/1342/1342
f 1344/1344/1344 1340/1340/1340 1339/1339/1339
f 1343/1343/1343 1344/1344/1344 1342/1342/1342
f 1345/1345/1345 1333/1333/1333 1340/1340/1340
f 1345/1345/1345 1329/1329/1329 1333/1333/1333
f 1345/1345/1345 1340/1340/1340 1346/1346/1346
f 1345/1345/1345 1347/1347/1347 1329/1329/1329
f 1347/1347/1347 1325/1325/1325 1329/1329/1329
f 1348/1348/1348 1347/1347/1347 1345/1345/1345
f 1346/1346/1346 1348/1348/1348 1345/1345/1345
f 1347/1347/1347 1349/1349/1349 1325/1325/1325
f 1348/1348/1348 1349/1349/1349 1347/1347/1347
f 1325/1325/1325 1349/1349/1349 1350/1350/1350
f 1324/1324/1324 1325/1325/1325 1350/1350/1350
f 1350/1350/1350 1351/1351/1351 1324/1324/1324
f 1349/1349/1349 1352/1352/1352 1350/1350/1350
f 1350/1350/1350 1352/1352/1352 1351/1351/1351
f 1349/1349/1349 1353/1353/1353 1352/1352/1352
f 1348/1348/1348 1354/1354/1354 1349/1349/1349
f 1353/1353/1353 1349/1349/1349 1354/1354/1354
f 1324/1324/1324 1351/1351/1351 1327/1327/1327
f 1353/1353/1353 1354/1354/1354 1355/1355/1355
f 1356/1356/1356 1354/1354/1354 1348/1348/1348
f 1355/1355/1355 1354/1354/1354 1356/1356/1356
f 1357/1357/1357 1353/1353/1353 1355/1355/1355
f 1357/1357/1357 1355/1355/1355 1356/1356/1356
f 1356/1356/1356 1348/1348/1348 1358/1358/1358
f 1346/1346/1346 1358/1358/1358 1348/1348/1348
f 1359/1359/1359 1356/1356/1356 1358/1358/1358
f 1357/1357/1357 1356/1356/1356 1359/1359/1359
f 1360/1360/1360 1358/1358/1358 1346/1346/1346
f 1359/1359/1359 1358/1358/1358 1360/1360/1360
f 1361/1361/1361 1357/1357/1357 1359/1359/1359
f 1360/1360/1360 1361/1361/1361 1359/1359/1359
f 1362/1362/1362 1357/1357/1357 1361/1361/1361
f 1360/1360/1360 1363/1363/1363 1361/1361/1361
f 1362/1362/1362 1361/1361/1361 1363/1363/1363
f 1360/1360/1360 1346/1346/1346 1364/1364/1364
f 1365/1365/1365 1360/1360/1360 1364/1364/1364
f 1365/1365/1365 1363/1363/1363 1360/1360/1360
f 1346/1346/1346 1366/1366/1366 1364/1364/1364
f 1346/1346/1346 1340/1340/1340 1366/1366/1366
f 1366/1366/1366 1340/1340/1340 1344/1344/1344
f 1366/1366/1366 1367/1367/1367 1364/1364/1364
f 1365/1365/1365 1364/1364/1364 1367/1367/1367
f 1366/1366/1366 1344/1344/1344 1368/1368/1368
f 1366/1366/1366 1368/1368/1368 1367/1367/1367
f 1343/1343/1343 1368/1368/1368 1344/1344/1344
f 1367/1367/1367 1368/1368/1368 1369/1369/1369
f 1370/1370/1370 1368/1368/1368 1343/1343/1343
f 1370/1370/1370 1369/1369/1369 1368/1368/1368
f 1367/1367/1367 1369/1369/1369 1371/1371/1371
f 1370/1370/1370 1372/1372/1372 1369/1369/1369
f 1371/1371/1371 1369/1369/1369 1372/1372/1372
f 1371/1371/1371 1373/1373/1373 1367/1367/1367
f 1365/1365/1365 1367/1367/1367 1373/1373/1373
f 1371/1371/1371 1374/1374/1374 1373/1373/1373
f 1373/1373/1373 1375/1375/1375 1365/1365/1365
f 1371/1371/1371 1376/1376/1376 1374/1374/1374
f 1371/1371/1371 1372/1372/1372 1376/1376/1376
f 1374/1374/1374 1377/1377/1377 1373/1373/1373
f 1373/1373/1373 1377/1377/1377 1375/1375/1375
f 1374/1374/1374 1378/1378/1378 1377/1377/1377
f 1376/1376/1376 1378/1378/1378 1374/1374/1374
f 1377/1377/1377 1379/1379/1379 1375/1375/1375
f 1378/1378/1378 1379/1379/1379 1377/1377/1377
f 1365/1365/1365 1375/1375/1375 1380/1380/1380
f 1365/1365/1365 1380/1380/1380 1363/1363/1363
f 1381/1381/1381 1380/1380/1380 1375/1375/1375
f 1381/1381/1381 1382/1382/1382 1380/1380/1380
f 1382/1382/1382 1363/1363/1363 1380/1380/1380
f 1383/1383/1383 1381/1381/1381 1375/1375/1375
f 1379/1379/1379 1383/1383/1383 1375/1375/1375
f 1382/1382/1382 1384/1384/1384 1363/1363/1363
f 1379/1379/1379 1385/1385/1385 1383/1383/1383
f 1362/1362/1362 1363/1363/1363 1384/1384/1384
f 1379/1379/1379 1386/1386/1386 1385/1385/1385
f 1387/1387/1387 1362/1362/1362 1384/1384/1384
f 1379/1379/1379 1388/1388/1388 1386/1386/1386
f 1387/1387/1387 1389/1389/1389 1362/1362/1362
f 1388/1388/1388 1390/1390/1390 1386/1386/1386
f 1391/1391/1391 1389/1389/1389 1387/1387/1387
f 1391/1391/1391 1387/1387/1387 1392/1392/1392
f 1393/1393/1393 1362/1362/1362 1389/1389/1389
f 1391/1391/1391 1393/1393/1393 1389/1389/1389
f 1362/1362/1362 1393/1393/1393 1357/1357/1357
f 1393/1393/1393 1353/1353/1353 1357/1357/1357
f 1353/1353/1353 1393/1393/1393 1394/1394/1394
f 1391/1391/1391 1394/1394/1394 1393/1393/1393
f 1394/1394/1394 1352/1352/1352 1353/1353/1353
f 1395/1395/1395 1394/1394/1394 1391/1391/1391
f 1395/1395/1395 1352/1352/1352 1394/1394/1394
f 1395/1395/1395 1391/1391/1391 1392/1392/1392
f 1351/1351/1351 1352/1352/1352 1395/1395/1395
f 1395/1395/1395 1392/1392/1392 1396/1396/1396
f 1351/1351/1351 1395/1395/1395 1396/1396/1396
f 1351/1351/1351 1396/1396/1396 1397/1397/1397
f 1327/1327/1327 1351/1351/1351 1397/1397/1397
f 1327/1327/1327 1397/1397/1397 1398/1398/1398
f 1327/1327/1327 1398/1398/1398 1399/1399/1399
f 1327/1327/1327 1399/1399/1399 1400/1400/1400
f 1327/1327/1327 1400/1400/1400 1322/1322/1322
f 1400/1400/1400 1319/1319/1319 1322/1322/1322
f 1401/1401/1401 1399/1399/1399 1398/1398/1398
f 1401/1401/1401 1398/1398/1398 1402/1402/1402
f 1403/1403/1403 1401/1401/1401 1402/1402/1402
f 1401/1401/1401 1404/1404/1404 1399/1399/1399
f 1404/1404/1404 1400/1400/1400 1399/1399/1399
f 1403/1403/1403 1405/1405/1405 1401/1401/1401
f 1405/1405/1405 1404/1404/1404 1401/1401/1401
f 1405/1405/1405 1403/1403/1403 1406/1406/1406
f 1404/1404/1404 1407/1407/1407 1400/1400/1400
f 1407/1407/1407 1319/1319/1319 1400/1400/1400
f 1407/1407/1407 1316/1316/1316 1319/1319/1319
f 1408/1408/1408 1407/1407/1407 1404/1404/1404
f 1405/1405/1405 1408/1408/1408 1404/1404/1404
f 1409/1409/1409 1316/1316/1316 1407/1407/1407
f 1408/1408/1408 1409/1409/1409 1407/1407/1407
f 1409/1409/1409 1410/1410/1410 1316/1316/1316
f 1408/1408/1408 1411/1411/1411 1409/1409/1409
f 1412/1412/1412 1408/1408/1408 1405/1405/1405
f 1405/1405/1405 1406/1406/1406 1412/1412/1412
f 1408/1408/1408 1413/1413/1413 1411/1411/1411
f 1412/1412/1412 1413/1413/1413 1408/1408/1408
f 1414/1414/1414 1411/1411/1411 1413/1413/1413
f 1413/1413/1413 1412/1412/1412 1414/1414/1414
f 1406/1406/1406 1414/1414/1414 1412/1412/1412
f 1414/1414/1414 1415/1415/1415 1411/1411/1411
f 1406/1406/1406 1416/1416/1416 1414/1414/1414
f 1417/1417/1417 1415/1415/1415 1414/1414/1414
f 1416/1416/1416 1417/1417/1417 1414/1414/1414
f 1417/1417/1417 1418/1418/1418 1415/1415/1415
f 1416/1416/1416 1419/1419/1419 1417/1417/1417
f 1053/1053/1053 1208/1208/1208 1420/1420/1420
f 1053/1053/1053 1420/1420/1420 1421/1421/1421
f 1053/1053/1053 1421/1421/1421 1049/1049/1049
f 1422/1422/1422 1420/1420/1420 1208/1208/1208
f 1049/1049/1049 1421/1421/1421 1051/1051/1051
f 1422/1422/1422 1208/1208/1208 1218/1218/1218
f 1421/1421/1421 1420/1420/1420 1423/1423/1423
f 1420/1420/1420 1422/1422/1422 1423/1423/1423
f 1421/1421/1421 1423/1423/1423 1051/1051/1051
f 1424/1424/1424 1422/1422/1422 1218/1218/1218
f 1424/1424/1424 1218/1218/1218 1236/1236/1236
f 1423/1423/1423 1422/1422/1422 1425/1425/1425
f 1425/1425/1425 1422/1422/1422 1424/1424/1424
f 1423/1423/1423 1425/1425/1425 1051/1051/1051
f 1424/1424/1424 1236/1236/1236 1426/1426/1426
f 1425/1425/1425 1424/1424/1424 1426/1426/1426
f 1426/1426/1426 1051/1051/1051 1425/1425/1425
f 1170/1170/1170 1426/1426/1426 1236/1236/1236
f 1168/1168/1168 1051/1051/1051 1426/1426/1426
f 1168/1168/1168 1426/1426/1426 1170/1170/1170
f 1338/1338/1338 1334/1334/1334 1427/1427/1427
f 1343/1343/1343 1338/1338/1338 1427/1427/1427
f 1334/1334/1334 1428/1428/1428 1427/1427/1427
f 1343/1343/1343 1427/1427/1427 1429/1429/1429
f 1429/1429/1429 1370/1370/1370 1343/1343/1343
f 1334/1334/1334 1430/1430/1430 1428/1428/1428
f 1431/1431/1431 1429/1429/1429 1427/1427/1427
f 1427/1427/1427 1428/1428/1428 1431/1431/1431
f 1334/1334/1334 1287/1287/1287 1430/1430/1430
f 1429/1429/1429 1432/1432/1432 1370/1370/1370
f 1432/1432/1432 1372/1372/1372 1370/1370/1370
f 1433/1433/1433 1432/1432/1432 1429/1429/1429
f 1431/1431/1431 1433/1433/1433 1429/1429/1429
f 1434/1434/1434 1372/1372/1372 1432/1432/1432
f 1433/1433/1433 1435/1435/1435 1432/1432/1432
f 1434/1434/1434 1432/1432/1432 1435/1435/1435
f 1436/1436/1436 1435/1435/1435 1433/1433/1433
f 1431/1431/1431 1437/1437/1437 1433/1433/1433
f 1436/1436/1436 1433/1433/1433 1437/1437/1437
f 1438/1438/1438 1431/1431/1431 1428/1428/1428
f 1437/1437/1437 1431/1431/1431 1438/1438/1438
f 1430/1430/1430 1438/1438/1438 1428/1428/1428
f 1436/1436/1436 1439/1439/1439 1435/1435/1435
f 1434/1434/1434 1435/1435/1435 1439/1439/1439
f 1439/1439/1439 1440/1440/1440 1434/1434/1434
f 1441/1441/1441 1439/1439/1439 1436/1436/1436
f 1441/1441/1441 1440/1440/1440 1439/1439/1439
f 1437/1437/1437 1442/1442/1442 1436/1436/1436
f 1442/1442/1442 1441/1441/1441 1436/1436/1436
f 1437/1437/1437 1438/1438/1438 1443/1443/1443
f 1442/1442/1442 1437/1437/1437 1443/1443/1443
f 1444/1444/1444 1443/1443/1443 1438/1438/1438
f 1430/1430/1430 1444/1444/1444 1438/1438/1438
f 1445/1445/1445 1442/1442/1442 1443/1443/1443
f 1444/1444/1444 1446/1446/1446 1443/1443/1443
f 1445/1445/1445 1443/1443/1443 1446/1446/1446
f 1447/1447/1447 1444/1444/1444 1430/1430/1430
f 1447/1447/1447 1446/1446/1446 1444/1444/1444
f 1447/1447/1447 1430/1430/1430 1448/1448/1448
f 1448/1448/1448 1430/1430/1430 1287/1287/1287
f 1448/1448/1448 1287/1287/1287 1195/1195/1195
f 1190/1190/1190 1448/1448/1448 1195/1195/1195
f 1192/1192/1192 1448/1448/1448 1190/1190/1190
f 1192/1192/1192 1447/1447/1447 1448/1448/1448
f 1447/1447/1447 1449/1449/1449 1446/1446/1446
f 1192/1192/1192 1449/1449/1449 1447/1447/1447
f 1450/1450/1450 1446/1446/1446 1449/1449/1449
f 1450/1450/1450 1445/1445/1445 1446/1446/1446
f 1192/1192/1192 1451/1451/1451 1449/1449/1449
f 1451/1451/1451 1192/1192/1192 1200/1200/1200
f 1449/1449/1449 1452/1452/1452 1450/1450/1450
f 1449/1449/1449 1451/1451/1451 1452/1452/1452
f 1453/1453/1453 1445/1445/1445 1450/1450/1450
f 1451/1451/1451 1200/1200/1200 1454/1454/1454
f 1454/1454/1454 1200/1200/1200 1050/1050/1050
f 1451/1451/1451 1455/1455/1455 1452/1452/1452
f 1451/1451/1451 1454/1454/1454 1455/1455/1455
f 1454/1454/1454 1050/1050/1050 1456/1456/1456
f 1052/1052/1052 1456/1456/1456 1050/1050/1050
f 1454/1454/1454 1456/1456/1456 1457/1457/1457
f 1457/1457/1457 1456/1456/1456 1052/1052/1052
f 1454/1454/1454 1457/1457/1457 1455/1455/1455
f 1457/1457/1457 1052/1052/1052 1056/1056/1056
f 1458/1458/1458 1452/1452/1452 1455/1455/1455
f 1056/1056/1056 1459/1459/1459 1457/1457/1457
f 1455/1455/1455 1457/1457/1457 1459/1459/1459
f 1460/1460/1460 1450/1450/1450 1452/1452/1452
f 1460/1460/1460 1452/1452/1452 1458/1458/1458
f 1453/1453/1453 1450/1450/1450 1460/1460/1460
f 1458/1458/1458 1455/1455/1455 1461/1461/1461
f 1455/1455/1455 1459/1459/1459 1461/1461/1461
f 1458/1458/1458 1462/1462/1462 1460/1460/1460
f 1463/1463/1463 1453/1453/1453 1460/1460/1460
f 1463/1463/1463 1460/1460/1460 1462/1462/1462
f 1458/1458/1458 1464/1464/1464 1462/1462/1462
f 1465/1465/1465 1453/1453/1453 1463/1463/1463
f 1464/1464/1464 1458/1458/1458 1466/1466/1466
f 1461/1461/1461 1466/1466/1466 1458/1458/1458
f 1467/1467/1467 1462/1462/1462 1464/1464/1464
f 1462/1462/1462 1388/1388/1388 1463/1463/1463
f 1462/1462/1462 1467/1467/1467 1388/1388/1388
f 1468/1468/1468 1463/1463/1463 1388/1388/1388
f 1468/1468/1468 1465/1465/1465 1463/1463/1463
f 1379/1379/1379 1468/1468/1468 1388/1388/1388
f 1378/1378/1378 1468/1468/1468 1379/1379/1379
f 1378/1378/1378 1465/1465/1465 1468/1468/1468
f 1388/1388/1388 1467/1467/1467 1390/1390/1390
f 1467/1467/1467 1464/1464/1464 1469/1469/1469
f 1390/1390/1390 1467/1467/1467 1469/1469/1469
f 1469/1469/1469 1464/1464/1464 1466/1466/1466
f 1390/1390/1390 1469/1469/1469 1470/1470/1470
f 1471/1471/1471 1470/1470/1470 1469/1469/1469
f 1469/1469/1469 1466/1466/1466 1471/1471/1471
f 1471/1471/1471 1472/1472/1472 1470/1470/1470
f 1472/1472/1472 1471/1471/1471 1473/1473/1473
f 1472/1472/1472 1473/1473/1473 1474/1474/1474
f 1474/1474/1474 1473/1473/1473 1475/1475/1475
f 1473/1473/1473 1476/1476/1476 1475/1475/1475
f 1471/1471/1471 1466/1466/1466 1477/1477/1477
f 1471/1471/1471 1477/1477/1477 1473/1473/1473
f 1461/1461/1461 1477/1477/1477 1466/1466/1466
f 1473/1473/1473 1477/1477/1477 1478/1478/1478
f 1461/1461/1461 1478/1478/1478 1477/1477/1477
f 1473/1473/1473 1478/1478/1478 1476/1476/1476
f 1461/1461/1461 1479/1479/1479 1478/1478/1478
f 1479/1479/1479 1476/1476/1476 1478/1478/1478
f 1479/1479/1479 1480/1480/1480 1476/1476/1476
f 1461/1461/1461 1459/1459/1459 1479/1479/1479
f 1481/1481/1481 1480/1480/1480 1479/1479/1479
f 1481/1481/1481 1479/1479/1479 1459/1459/1459
f 1481/1481/1481 1482/1482/1482 1480/1480/1480
f 1483/1483/1483 1482/1482/1482 1481/1481/1481
f 1483/1483/1483 1481/1481/1481 1459/1459/1459
f 1483/1483/1483 1484/1484/1484 1482/1482/1482
f 1485/1485/1485 1484/1484/1484 1483/1483/1483
f 1483/1483/1483 1459/1459/1459 1486/1486/1486
f 1485/1485/1485 1483/1483/1483 1486/1486/1486
f 1056/1056/1056 1486/1486/1486 1459/1459/1459
f 1076/1076/1076 1486/1486/1486 1056/1056/1056
f 1485/1485/1485 1486/1486/1486 1076/1076/1076
f 1485/1485/1485 1487/1487/1487 1484/1484/1484
f 1488/1488/1488 1487/1487/1487 1485/1485/1485
f 1487/1487/1487 1488/1488/1488 1489/1489/1489
f 1490/1490/1490 1485/1485/1485 1076/1076/1076
f 1488/1488/1488 1485/1485/1485 1490/1490/1490
f 1490/1490/1490 1076/1076/1076 1081/1081/1081
f 1489/1489/1489 1488/1488/1488 1491/1491/1491
f 1081/1081/1081 1086/1086/1086 1490/1490/1490
f 1086/1086/1086 1492/1492/1492 1490/1490/1490
f 1488/1488/1488 1490/1490/1490 1492/1492/1492
f 1086/1086/1086 1493/1493/1493 1492/1492/1492
f 1491/1491/1491 1488/1488/1488 1494/1494/1494
f 1494/1494/1494 1488/1488/1488 1492/1492/1492
f 1493/1493/1493 1494/1494/1494 1492/1492/1492
f 1495/1495/1495 1491/1491/1491 1494/1494/1494
f 1493/1493/1493 1495/1495/1495 1494/1494/1494
f 1376/1376/1376 1372/1372/1372 1496/1496/1496
f 1497/1497/1497 1496/1496/1496 1372/1372/1372
f 1434/1434/1434 1497/1497/1497 1372/1372/1372
f 1434/1434/1434 1498/1498/1498 1497/1497/1497
f 1497/1497/1497 1498/1498/1498 1496/1496/1496
f 1434/1434/1434 1440/1440/1440 1498/1498/1498
f 1498/1498/1498 1440/1440/1440 1441/1441/1441
f 1498/1498/1498 1441/1441/1441 1496/1496/1496
f 1496/1496/1496 1499/1499/1499 1376/1376/1376
f 1441/1441/1441 1499/1499/1499 1496/1496/1496
f 1376/1376/1376 1499/1499/1499 1378/1378/1378
f 1378/1378/1378 1499/1499/1499 1465/1465/1465
f 1499/1499/1499 1441/1441/1441 1500/1500/1500
f 1499/1499/1499 1500/1500/1500 1465/1465/1465
f 1442/1442/1442 1500/1500/1500 1441/1441/1441
f 1465/1465/1465 1500/1500/1500 1453/1453/1453
f 1445/1445/1445 1500/1500/1500 1442/1442/1442
f 1445/1445/1445 1453/1453/1453 1500/1500/1500
f 1501/1501/1501 1502/1502/1502 1503/1503/1503
f 1504/1504/1504 1505/1505/1505 1506/1506/1506
f 1507/1507/1507 1508/1508/1508 1509/1509/1509
f 1510/1510/1510 1508/1508/1508 1507/1507/1507
f 1510/1510/1510 1511/1511/1511 1508/1508/1508
f 1507/1507/1507 1512/1512/1512 1510/1510/1510
f 1510/1510/1510 1513/1513/1513 1511/1511/1511
f 1513/1513/1513 1510/1510/1510 1512/1512/1512
f 1512/1512/1512 1507/1507/1507 1514/1514/1514
f 1507/1507/1507 1515/1515/1515 1514/1514/1514
f 1512/1512/1512 1514/1514/1514 1516/1516/1516
f 1516/1516/1516 1514/1514/1514 1515/1515/1515
f 1507/1507/1507 1517/1517/1517 1515/1515/1515
f 1509/1509/1509 1517/1517/1517 1507/1507/1507
f 1513/1513/1513 1512/1512/1512 1518/1518/1518
f 1509/1509/1509 1519/1519/1519 1517/1517/1517
f 1512/1512/1512 1516/1516/1516 1520/1520/1520
f 1520/1520/1520 1518/1518/1518 1512/1512/1512
f 1521/1521/1521 1520/1520/1520 1516/1516/1516
f 1513/1513/1513 1518/1518/1518 1522/1522/1522
f 1520/1520/1520 1523/1523/1523 1518/1518/1518
f 1521/1521/1521 1523/1523/1523 1520/1520/1520
f 1518/1518/1518 1523/1523/1523 1524/1524/1524
f 1518/1518/1518 1524/1524/1524 1522/1522/1522
f 1521/1521/1521 1525/1525/1525 1523/1523/1523
f 1526/1526/1526 1524/1524/1524 1523/1523/1523
f 1526/1526/1526 1523/1523/1523 1525/1525/1525
f 1527/1527/1527 1525/1525/1525 1521/1521/1521
f 1526/1526/1526 1525/1525/1525 1527/1527/1527
f 1528/1528/1528 1524/1524/1524 1526/1526/1526
f 1528/1528/1528 1522/1522/1522 1524/1524/1524
f 1526/1526/1526 1527/1527/1527 1529/1529/1529
f 1528/1528/1528 1526/1526/1526 1530/1530/1530
f 1529/1529/1529 1530/1530/1530 1526/1526/1526
f 1528/1528/1528 1531/1531/1531 1522/1522/1522
f 1513/1513/1513 1522/1522/1522 1532/1532/1532
f 1511/1511/1511 1513/1513/1513 1532/1532/1532
f 1522/1522/1522 1531/1531/1531 1533/1533/1533
f 1533/1533/1533 1532/1532/1532 1522/1522/1522
f 1534/1534/1534 1531/1531/1531 1528/1528/1528
f 1533/1533/1533 1531/1531/1531 1534/1534/1534
f 1532/1532/1532 1533/1533/1533 1535/1535/1535
f 1511/1511/1511 1532/1532/1532 1535/1535/1535
f 1533/1533/1533 1536/1536/1536 1535/1535/1535
f 1537/1537/1537 1511/1511/1511 1535/1535/1535
f 1533/1533/1533 1534/1534/1534 1538/1538/1538
f 1538/1538/1538 1536/1536/1536 1533/1533/1533
f 1534/1534/1534 1528/1528/1528 1539/1539/1539
f 1539/1539/1539 1528/1528/1528 1530/1530/1530
f 1539/1539/1539 1540/1540/1540 1534/1534/1534
f 1541/1541/1541 1535/1535/1535 1536/1536/1536
f 1541/1541/1541 1537/1537/1537 1535/1535/1535
f 1536/1536/1536 1542/1542/1542 1541/1541/1541
f 1538/1538/1538 1543/1543/1543 1536/1536/1536
f 1536/1536/1536 1543/1543/1543 1542/1542/1542
f 1538/1538/1538 1534/1534/1534 1544/1544/1544
f 1540/1540/1540 1544/1544/1544 1534/1534/1534
f 1543/1543/1543 1538/1538/1538 1545/1545/1545
f 1538/1538/1538 1544/1544/1544 1545/1545/1545
f 1546/1546/1546 1542/1542/1542 1543/1543/1543
f 1545/1545/1545 1546/1546/1546 1543/1543/1543
f 1541/1541/1541 1542/1542/1542 1547/1547/1547
f 1544/1544/1544 1548/1548/1548 1545/1545/1545
f 1546/1546/1546 1549/1549/1549 1542/1542/1542
f 1550/1550/1550 1548/1548/1548 1544/1544/1544
f 1540/1540/1540 1550/1550/1550 1544/1544/1544
f 1548/1548/1548 1551/1551/1551 1545/1545/1545
f 1552/1552/1552 1542/1542/1542 1549/1549/1549
f 1552/1552/1552 1547/1547/1547 1542/1542/1542
f 1552/1552/1552 1549/1549/1549 1553/1553/1553
f 1546/1546/1546 1553/1553/1553 1549/1549/1549
f 1545/1545/1545 1554/1554/1554 1546/1546/1546
f 1554/1554/1554 1545/1545/1545 1551/1551/1551
f 1546/1546/1546 1555/1555/1555 1553/1553/1553
f 1554/1554/1554 1555/1555/1555 1546/1546/1546
f 1552/1552/1552 1553/1553/1553 1556/1556/1556
f 1554/1554/1554 1557/1557/1557 1555/1555/1555
f 1555/1555/1555 1558/1558/1558 1553/1553/1553
f 1556/1556/1556 1553/1553/1553 1558/1558/1558
f 1559/1559/1559 1555/1555/1555 1557/1557/1557
f 1555/1555/1555 1559/1559/1559 1558/1558/1558
f 1560/1560/1560 1557/1557/1557 1554/1554/1554
f 1560/1560/1560 1554/1554/1554 1551/1551/1551
f 1559/1559/1559 1557/1557/1557 1561/1561/1561
f 1561/1561/1561 1557/1557/1557 1560/1560/1560
f 1559/1559/1559 1562/1562/1562 1558/1558/1558
f 1563/1563/1563 1559/1559/1559 1561/1561/1561
f 1561/1561/1561 1564/1564/1564 1563/1563/1563
f 1559/1559/1559 1563/1563/1563 1565/1565/1565
f 1560/1560/1560 1566/1566/1566 1561/1561/1561
f 1561/1561/1561 1566/1566/1566 1564/1564/1564
f 1560/1560/1560 1567/1567/1567 1566/1566/1566
f 1568/1568/1568 1565/1565/1565 1563/1563/1563
f 1568/1568/1568 1563/1563/1563 1564/1564/1564
f 1559/1559/1559 1565/1565/1565 1569/1569/1569
f 1559/1559/1559 1569/1569/1569 1562/1562/1562
f 1570/1570/1570 1569/1569/1569 1565/1565/1565
f 1564/1564/1564 1566/1566/1566 1571/1571/1571
f 1567/1567/1567 1571/1571/1571 1566/1566/1566
f 1572/1572/1572 1565/1565/1565 1568/1568/1568
f 1572/1572/1572 1570/1570/1570 1565/1565/1565
f 1568/1568/1568 1564/1564/1564 1573/1573/1573
f 1564/1564/1564 1571/1571/1571 1574/1574/1574
f 1574/1574/1574 1573/1573/1573 1564/1564/1564
f 1571/1571/1571 1575/1575/1575 1574/1574/1574
f 1573/1573/1573 1576/1576/1576 1568/1568/1568
f 1577/1577/1577 1571/1571/1571 1567/1567/1567
f 1571/1571/1571 1577/1577/1577 1575/1575/1575
f 1577/1577/1577 1567/1567/1567 1578/1578/1578
f 1574/1574/1574 1579/1579/1579 1573/1573/1573
f 1577/1577/1577 1580/1580/1580 1575/1575/1575
f 1575/1575/1575 1581/1581/1581 1574/1574/1574
f 1581/1581/1581 1579/1579/1579 1574/1574/1574
f 1579/1579/1579 1582/1582/1582 1573/1573/1573
f 1573/1573/1573 1582/1582/1582 1576/1576/1576
f 1577/1577/1577 1578/1578/1578 1583/1583/1583
f 1577/1577/1577 1583/1583/1583 1580/1580/1580
f 1578/1578/1578 1584/1584/1584 1583/1583/1583
f 1584/1584/1584 1585/1585/1585 1583/1583/1583
f 1586/1586/1586 1584/1584/1584 1578/1578/1578
f 1586/1586/1586 1578/1578/1578 1567/1567/1567
f 1584/1584/1584 1587/1587/1587 1585/1585/1585
f 1584/1584/1584 1586/1586/1586 1587/1587/1587
f 1588/1588/1588 1583/1583/1583 1585/1585/1585
f 1588/1588/1588 1580/1580/1580 1583/1583/1583
f 1588/1588/1588 1585/1585/1585 1587/1587/1587
f 1589/1589/1589 1586/1586/1586 1567/1567/1567
f 1560/1560/1560 1589/1589/1589 1567/1567/1567
f 1589/1589/1589 1590/1590/1590 1586/1586/1586
f 1590/1590/1590 1589/1589/1589 1560/1560/1560
f 1586/1586/1586 1590/1590/1590 1587/1587/1587
f 1590/1590/1590 1560/1560/1560 1551/1551/1551
f 1587/1587/1587 1590/1590/1590 1551/1551/1551
f 1587/1587/1587 1551/1551/1551 1591/1591/1591
f 1588/1588/1588 1587/1587/1587 1591/1591/1591
f 1548/1548/1548 1591/1591/1591 1551/1551/1551
f 1548/1548/1548 1592/1592/1592 1591/1591/1591
f 1550/1550/1550 1592/1592/1592 1548/1548/1548
f 1593/1593/1593 1588/1588/1588 1591/1591/1591
f 1594/1594/1594 1592/1592/1592 1550/1550/1550
f 1594/1594/1594 1550/1550/1550 1540/1540/1540
f 1595/1595/1595 1591/1591/1591 1592/1592/1592
f 1592/1592/1592 1594/1594/1594 1595/1595/1595
f 1595/1595/1595 1593/1593/1593 1591/1591/1591
f 1596/1596/1596 1594/1594/1594 1540/1540/1540
f 1596/1596/1596 1595/1595/1595 1594/1594/1594
f 1597/1597/1597 1596/1596/1596 1540/1540/1540
f 1598/1598/1598 1595/1595/1595 1596/1596/1596
f 1598/1598/1598 1596/1596/1596 1597/1597/1597
f 1598/1598/1598 1593/1593/1593 1595/1595/1595
f 1597/1597/1597 1540/1540/1540 1539/1539/1539
f 1599/1599/1599 1598/1598/1598 1597/1597/1597
f 1599/1599/1599 1593/1593/1593 1598/1598/1598
f 1597/1597/1597 1539/1539/1539 1600/1600/1600
f 1599/1599/1599 1597/1597/1597 1600/1600/1600
f 1530/1530/1530 1600/1600/1600 1539/1539/1539
f 1599/1599/1599 1600/1600/1600 1601/1601/1601
f 1599/1599/1599 1601/1601/1601 1602/1602/1602
f 1603/1603/1603 1601/1601/1601 1600/1600/1600
f 1599/1599/1599 1602/1602/1602 1604/1604/1604
f 1604/1604/1604 1593/1593/1593 1599/1599/1599
f 1602/1602/1602 1605/1605/1605 1604/1604/1604
f 1603/1603/1603 1600/1600/1600 1606/1606/1606
f 1530/1530/1530 1606/1606/1606 1600/1600/1600
f 1606/1606/1606 1607/1607/1607 1603/1603/1603
f 1608/1608/1608 1607/1607/1607 1606/1606/1606
f 1609/1609/1609 1604/1604/1604 1605/1605/1605
f 1604/1604/1604 1610/1610/1610 1593/1593/1593
f 1593/1593/1593 1610/1610/1610 1588/1588/1588
f 1609/1609/1609 1611/1611/1611 1604/1604/1604
f 1612/1612/1612 1611/1611/1611 1609/1609/1609
f 1613/1613/1613 1610/1610/1610 1604/1604/1604
f 1588/1588/1588 1610/1610/1610 1613/1613/1613
f 1613/1613/1613 1604/1604/1604 1611/1611/1611
f 1588/1588/1588 1613/1613/1613 1580/1580/1580
f 1612/1612/1612 1614/1614/1614 1611/1611/1611
f 1614/1614/1614 1613/1613/1613 1611/1611/1611
f 1615/1615/1615 1614/1614/1614 1612/1612/1612
f 1580/1580/1580 1613/1613/1613 1616/1616/1616
f 1614/1614/1614 1616/1616/1616 1613/1613/1613
f 1615/1615/1615 1617/1617/1617 1614/1614/1614
f 1617/1617/1617 1616/1616/1616 1614/1614/1614
f 1618/1618/1618 1617/1617/1617 1615/1615/1615
f 1580/1580/1580 1616/1616/1616 1619/1619/1619
f 1617/1617/1617 1619/1619/1619 1616/1616/1616
f 1580/1580/1580 1619/1619/1619 1575/1575/1575
f 1620/1620/1620 1618/1618/1618 1615/1615/1615
f 1619/1619/1619 1617/1617/1617 1621/1621/1621
f 1618/1618/1618 1621/1621/1621 1617/1617/1617
f 1619/1619/1619 1622/1622/1622 1575/1575/1575
f 1619/1619/1619 1621/1621/1621 1622/1622/1622
f 1575/1575/1575 1622/1622/1622 1581/1581/1581
f 1621/1621/1621 1623/1623/1623 1622/1622/1622
f 1623/1623/1623 1621/1621/1621 1618/1618/1618
f 1581/1581/1581 1622/1622/1622 1623/1623/1623
f 1624/1624/1624 1618/1618/1618 1620/1620/1620
f 1623/1623/1623 1618/1618/1618 1625/1625/1625
f 1623/1623/1623 1625/1625/1625 1581/1581/1581
f 1624/1624/1624 1625/1625/1625 1618/1618/1618
f 1626/1626/1626 1624/1624/1624 1620/1620/1620
f 1627/1627/1627 1581/1581/1581 1625/1625/1625
f 1624/1624/1624 1627/1627/1627 1625/1625/1625
f 1627/1627/1627 1628/1628/1628 1581/1581/1581
f 1581/1581/1581 1628/1628/1628 1579/1579/1579
f 1624/1624/1624 1629/1629/1629 1627/1627/1627
f 1626/1626/1626 1630/1630/1630 1624/1624/1624
f 1629/1629/1629 1624/1624/1624 1630/1630/1630
f 1631/1631/1631 1630/1630/1630 1626/1626/1626
f 1627/1627/1627 1629/1629/1629 1632/1632/1632
f 1632/1632/1632 1628/1628/1628 1627/1627/1627
f 1628/1628/1628 1633/1633/1633 1579/1579/1579
f 1632/1632/1632 1633/1633/1633 1628/1628/1628
f 1633/1633/1633 1582/1582/1582 1579/1579/1579
f 1634/1634/1634 1632/1632/1632 1629/1629/1629
f 1629/1629/1629 1630/1630/1630 1634/1634/1634
f 1632/1632/1632 1635/1635/1635 1633/1633/1633
f 1633/1633/1633 1635/1635/1635 1582/1582/1582
f 1634/1634/1634 1636/1636/1636 1632/1632/1632
f 1632/1632/1632 1636/1636/1636 1635/1635/1635
f 1634/1634/1634 1630/1630/1630 1637/1637/1637
f 1631/1631/1631 1637/1637/1637 1630/1630/1630
f 1638/1638/1638 1637/1637/1637 1631/1631/1631
f 1639/1639/1639 1638/1638/1638 1631/1631/1631
f 1640/1640/1640 1638/1638/1638 1639/1639/1639
f 1637/1637/1637 1638/1638/1638 1640/1640/1640
f 1640/1640/1640 1639/1639/1639 1641/1641/1641
f 1634/1634/1634 1637/1637/1637 1642/1642/1642
f 1637/1637/1637 1640/1640/1640 1642/1642/1642
f 1642/1642/1642 1636/1636/1636 1634/1634/1634
f 1636/1636/1636 1642/1642/1642 1643/1643/1643
f 1636/1636/1636 1643/1643/1643 1635/1635/1635
f 1644/1644/1644 1642/1642/1642 1640/1640/1640
f 1644/1644/1644 1643/1643/1643 1642/1642/1642
f 1643/1643/1643 1645/1645/1645 1635/1635/1635
f 1644/1644/1644 1645/1645/1645 1643/1643/1643
f 1582/1582/1582 1635/1635/1635 1645/1645/1645
f 1646/1646/1646 1644/1644/1644 1640/1640/1640
f 1646/1646/1646 1640/1640/1640 1641/1641/1641
f 1582/1582/1582 1645/1645/1645 1576/1576/1576
f 1644/1644/1644 1647/1647/1647 1645/1645/1645
f 1646/1646/1646 1647/1647/1647 1644/1644/1644
f 1648/1648/1648 1576/1576/1576 1645/1645/1645
f 1648/1648/1648 1649/1649/1649 1576/1576/1576
f 1650/1650/1650 1645/1645/1645 1647/1647/1647
f 1650/1650/1650 1648/1648/1648 1645/1645/1645
f 1650/1650/1650 1647/1647/1647 1651/1651/1651
f 1646/1646/1646 1651/1651/1651 1647/1647/1647
f 1652/1652/1652 1648/1648/1648 1650/1650/1650
f 1652/1652/1652 1649/1649/1649 1648/1648/1648
f 1650/1650/1650 1651/1651/1651 1653/1653/1653
f 1652/1652/1652 1650/1650/1650 1653/1653/1653
f 1654/1654/1654 1651/1651/1651 1646/1646/1646
f 1653/1653/1653 1651/1651/1651 1654/1654/1654
f 1649/1649/1649 1655/1655/1655 1576/1576/1576
f 1655/1655/1655 1649/1649/1649 1652/1652/1652
f 1568/1568/1568 1576/1576/1576 1655/1655/1655
f 1568/1568/1568 1655/1655/1655 1572/1572/1572
f 1655/1655/1655 1652/1652/1652 1656/1656/1656
f 1652/1652/1652 1653/1653/1653 1657/1657/1657
f 1657/1657/1657 1656/1656/1656 1652/1652/1652
f 1658/1658/1658 1657/1657/1657 1653/1653/1653
f 1653/1653/1653 1654/1654/1654 1658/1658/1658
f 1657/1657/1657 1659/1659/1659 1656/1656/1656
f 1656/1656/1656 1660/1660/1660 1655/1655/1655
f 1656/1656/1656 1659/1659/1659 1660/1660/1660
f 1661/1661/1661 1659/1659/1659 1657/1657/1657
f 1658/1658/1658 1661/1661/1661 1657/1657/1657
f 1660/1660/1660 1659/1659/1659 1662/1662/1662
f 1661/1661/1661 1662/1662/1662 1659/1659/1659
f 1655/1655/1655 1660/1660/1660 1663/1663/1663
f 1655/1655/1655 1663/1663/1663 1572/1572/1572
f 1662/1662/1662 1664/1664/1664 1660/1660/1660
f 1664/1664/1664 1662/1662/1662 1661/1661/1661
f 1660/1660/1660 1665/1665/1665 1663/1663/1663
f 1660/1660/1660 1664/1664/1664 1665/1665/1665
f 1666/1666/1666 1663/1663/1663 1665/1665/1665
f 1665/1665/1665 1664/1664/1664 1666/1666/1666
f 1663/1663/1663 1667/1667/1667 1572/1572/1572
f 1661/1661/1661 1668/1668/1668 1664/1664/1664
f 1666/1666/1666 1669/1669/1669 1663/1663/1663
f 1669/1669/1669 1667/1667/1667 1663/1663/1663
f 1667/1667/1667 1670/1670/1670 1572/1572/1572
f 1671/1671/1671 1669/1669/1669 1666/1666/1666
f 1570/1570/1570 1572/1572/1572 1670/1670/1670
f 1669/1669/1669 1672/1672/1672 1667/1667/1667
f 1671/1671/1671 1673/1673/1673 1669/1669/1669
f 1672/1672/1672 1669/1669/1669 1673/1673/1673
f 1674/1674/1674 1667/1667/1667 1672/1672/1672
f 1667/1667/1667 1674/1674/1674 1670/1670/1670
f 1672/1672/1672 1673/1673/1673 1675/1675/1675
f 1674/1674/1674 1672/1672/1672 1676/1676/1676
f 1676/1676/1676 1672/1672/1672 1675/1675/1675
f 1674/1674/1674 1677/1677/1677 1670/1670/1670
f 1677/1677/1677 1674/1674/1674 1676/1676/1676
f 1677/1677/1677 1676/1676/1676 1678/1678/1678
f 1676/1676/1676 1675/1675/1675 1679/1679/1679
f 1679/1679/1679 1678/1678/1678 1676/1676/1676
f 1675/1675/1675 1680/1680/1680 1679/1679/1679
f 1679/1679/1679 1681/1681/1681 1678/1678/1678
f 1673/1673/1673 1682/1682/1682 1675/1675/1675
f 1675/1675/1675 1682/1682/1682 1680/1680/1680
f 1683/1683/1683 1682/1682/1682 1673/1673/1673
f 1683/1683/1683 1673/1673/1673 1671/1671/1671
f 1678/1678/1678 1681/1681/1681 1684/1684/1684
f 1677/1677/1677 1678/1678/1678 1684/1684/1684
f 1685/1685/1685 1681/1681/1681 1679/1679/1679
f 1685/1685/1685 1679/1679/1679 1680/1680/1680
f 1684/1684/1684 1681/1681/1681 1685/1685/1685
f 1686/1686/1686 1683/1683/1683 1671/1671/1671
f 1686/1686/1686 1671/1671/1671 1666/1666/1666
f 1687/1687/1687 1683/1683/1683 1686/1686/1686
f 1686/1686/1686 1666/1666/1666 1688/1688/1688
f 1688/1688/1688 1666/1666/1666 1664/1664/1664
f 1688/1688/1688 1664/1664/1664 1668/1668/1668
f 1689/1689/1689 1686/1686/1686 1688/1688/1688
f 1687/1687/1687 1686/1686/1686 1689/1689/1689
f 1690/1690/1690 1688/1688/1688 1668/1668/1668
f 1689/1689/1689 1688/1688/1688 1690/1690/1690
f 1691/1691/1691 1687/1687/1687 1689/1689/1689
f 1692/1692/1692 1683/1683/1683 1687/1687/1687
f 1682/1682/1682 1683/1683/1683 1692/1692/1692
f 1682/1682/1682 1692/1692/1692 1693/1693/1693
f 1693/1693/1693 1680/1680/1680 1682/1682/1682
f 1692/1692/1692 1687/1687/1687 1694/1694/1694
f 1695/1695/1695 1693/1693/1693 1692/1692/1692
f 1695/1695/1695 1692/1692/1692 1694/1694/1694
f 1693/1693/1693 1696/1696/1696 1680/1680/1680
f 1696/1696/1696 1693/1693/1693 1695/1695/1695
f 1696/1696/1696 1697/1697/1697 1680/1680/1680
f 1697/1697/1697 1685/1685/1685 1680/1680/1680
f 1696/1696/1696 1695/1695/1695 1698/1698/1698
f 1699/1699/1699 1685/1685/1685 1697/1697/1697
f 1684/1684/1684 1685/1685/1685 1699/1699/1699
f 1696/1696/1696 1700/1700/1700 1697/1697/1697
f 1696/1696/1696 1698/1698/1698 1701/1701/1701
f 1696/1696/1696 1701/1701/1701 1700/1700/1700
f 1699/1699/1699 1697/1697/1697 1702/1702/1702
f 1697/1697/1697 1700/1700/1700 1702/1702/1702
f 1699/1699/1699 1703/1703/1703 1684/1684/1684
f 1704/1704/1704 1700/1700/1700 1701/1701/1701
f 1702/1702/1702 1700/1700/1700 1704/1704/1704
f 1705/1705/1705 1699/1699/1699 1702/1702/1702
f 1699/1699/1699 1705/1705/1705 1703/1703/1703
f 1705/1705/1705 1702/1702/1702 1706/1706/1706
f 1703/1703/1703 1705/1705/1705 1707/1707/1707
f 1707/1707/1707 1705/1705/1705 1706/1706/1706
f 1708/1708/1708 1706/1706/1706 1702/1702/1702
f 1702/1702/1702 1704/1704/1704 1708/1708/1708
f 1708/1708/1708 1709/1709/1709 1706/1706/1706
f 1710/1710/1710 1708/1708/1708 1704/1704/1704
f 1711/1711/1711 1709/1709/1709 1708/1708/1708
f 1710/1710/1710 1711/1711/1711 1708/1708/1708
f 1706/1706/1706 1709/1709/1709 1712/1712/1712
f 1707/1707/1707 1706/1706/1706 1712/1712/1712
f 1711/1711/1711 1713/1713/1713 1709/1709/1709
f 1713/1713/1713 1712/1712/1712 1709/1709/1709
f 1711/1711/1711 1710/1710/1710 1714/1714/1714
f 1714/1714/1714 1713/1713/1713 1711/1711/1711
f 1704/1704/1704 1715/1715/1715 1710/1710/1710
f 1715/1715/1715 1716/1716/1716 1710/1710/1710
f 1717/1717/1717 1710/1710/1710 1716/1716/1716
f 1717/1717/1717 1714/1714/1714 1710/1710/1710
f 1715/1715/1715 1718/1718/1718 1716/1716/1716
f 1717/1717/1717 1719/1719/1719 1714/1714/1714
f 1704/1704/1704 1720/1720/1720 1715/1715/1715
f 1720/1720/1720 1718/1718/1718 1715/1715/1715
f 1714/1714/1714 1719/1719/1719 1721/1721/1721
f 1704/1704/1704 1701/1701/1701 1720/1720/1720
f 1720/1720/1720 1722/1722/1722 1718/1718/1718
f 1714/1714/1714 1721/1721/1721 1723/1723/1723
f 1724/1724/1724 1722/1722/1722 1720/1720/1720
f 1725/1725/1725 1723/1723/1723 1721/1721/1721
f 1724/1724/1724 1726/1726/1726 1722/1722/1722
f 1701/1701/1701 1727/1727/1727 1720/1720/1720
f 1724/1724/1724 1720/1720/1720 1727/1727/1727
f 1701/1701/1701 1728/1728/1728 1727/1727/1727
f 1698/1698/1698 1728/1728/1728 1701/1701/1701
f 1729/1729/1729 1724/1724/1724 1727/1727/1727
f 1727/1727/1727 1728/1728/1728 1729/1729/1729
f 1698/1698/1698 1730/1730/1730 1728/1728/1728
f 1729/1729/1729 1728/1728/1728 1730/1730/1730
f 1695/1695/1695 1730/1730/1730 1698/1698/1698
f 1729/1729/1729 1730/1730/1730 1731/1731/1731
f 1695/1695/1695 1732/1732/1732 1730/1730/1730
f 1731/1731/1731 1730/1730/1730 1732/1732/1732
f 1695/1695/1695 1694/1694/1694 1732/1732/1732
f 1732/1732/1732 1733/1733/1733 1731/1731/1731
f 1729/1729/1729 1731/1731/1731 1733/1733/1733
f 1732/1732/1732 1694/1694/1694 1733/1733/1733
f 1734/1734/1734 1729/1729/1729 1733/1733/1733
f 1729/1729/1729 1734/1734/1734 1724/1724/1724
f 1734/1734/1734 1735/1735/1735 1724/1724/1724
f 1724/1724/1724 1735/1735/1735 1726/1726/1726
f 1726/1726/1726 1735/1735/1735 1736/1736/1736
f 1736/1736/1736 1735/1735/1735 1734/1734/1734
f 1726/1726/1726 1736/1736/1736 1737/1737/1737
f 1733/1733/1733 1738/1738/1738 1734/1734/1734
f 1736/1736/1736 1734/1734/1734 1738/1738/1738
f 1737/1737/1737 1736/1736/1736 1739/1739/1739
f 1738/1738/1738 1739/1739/1739 1736/1736/1736
f 1737/1737/1737 1739/1739/1739 1740/1740/1740
f 1738/1738/1738 1733/1733/1733 1741/1741/1741
f 1738/1738/1738 1741/1741/1741 1739/1739/1739
f 1741/1741/1741 1733/1733/1733 1694/1694/1694
f 1742/1742/1742 1740/1740/1740 1739/1739/1739
f 1742/1742/1742 1739/1739/1739 1741/1741/1741
f 1742/1742/1742 1743/1743/1743 1740/1740/1740
f 1741/1741/1741 1694/1694/1694 1744/1744/1744
f 1742/1742/1742 1741/1741/1741 1744/1744/1744
f 1687/1687/1687 1744/1744/1744 1694/1694/1694
f 1691/1691/1691 1744/1744/1744 1687/1687/1687
f 1742/1742/1742 1744/1744/1744 1691/1691/1691
f 1745/1745/1745 1743/1743/1743 1742/1742/1742
f 1745/1745/1745 1742/1742/1742 1691/1691/1691
f 1745/1745/1745 1746/1746/1746 1743/1743/1743
f 1745/1745/1745 1691/1691/1691 1747/1747/1747
f 1745/1745/1745 1748/1748/1748 1746/1746/1746
f 1691/1691/1691 1749/1749/1749 1747/1747/1747
f 1749/1749/1749 1691/1691/1691 1689/1689/1689
f 1750/1750/1750 1745/1745/1745 1747/1747/1747
f 1750/1750/1750 1748/1748/1748 1745/1745/1745
f 1751/1751/1751 1747/1747/1747 1749/1749/1749
f 1750/1750/1750 1747/1747/1747 1751/1751/1751
f 1749/1749/1749 1689/1689/1689 1690/1690/1690
f 1752/1752/1752 1746/1746/1746 1748/1748/1748
f 1752/1752/1752 1753/1753/1753 1746/1746/1746
f 1754/1754/1754 1753/1753/1753 1752/1752/1752
f 1752/1752/1752 1748/1748/1748 1755/1755/1755
f 1755/1755/1755 1748/1748/1748 1750/1750/1750
f 1754/1754/1754 1752/1752/1752 1756/1756/1756
f 1756/1756/1756 1752/1752/1752 1755/1755/1755
f 1757/1757/1757 1754/1754/1754 1756/1756/1756
f 1755/1755/1755 1750/1750/1750 1758/1758/1758
f 1758/1758/1758 1750/1750/1750 1751/1751/1751
f 1756/1756/1756 1755/1755/1755 1759/1759/1759
f 1759/1759/1759 1755/1755/1755 1758/1758/1758
f 1757/1757/1757 1756/1756/1756 1760/1760/1760
f 1759/1759/1759 1760/1760/1760 1756/1756/1756
f 1757/1757/1757 1760/1760/1760 1761/1761/1761
f 1759/1759/1759 1762/1762/1762 1760/1760/1760
f 1762/1762/1762 1761/1761/1761 1760/1760/1760
f 1763/1763/1763 1762/1762/1762 1759/1759/1759
f 1761/1761/1761 1762/1762/1762 1763/1763/1763
f 1763/1763/1763 1759/1759/1759 1764/1764/1764
f 1759/1759/1759 1758/1758/1758 1764/1764/1764
f 1761/1761/1761 1763/1763/1763 1765/1765/1765
f 1757/1757/1757 1761/1761/1761 1766/1766/1766
f 1765/1765/1765 1767/1767/1767 1761/1761/1761
f 1766/1766/1766 1761/1761/1761 1767/1767/1767
f 1765/1765/1765 1768/1768/1768 1767/1767/1767
f 1766/1766/1766 1767/1767/1767 1769/1769/1769
f 1764/1764/1764 1758/1758/1758 1770/1770/1770
f 1764/1764/1764 1770/1770/1770 1771/1771/1771
f 1758/1758/1758 1751/1751/1751 1770/1770/1770
f 1770/1770/1770 1751/1751/1751 1772/1772/1772
f 1770/1770/1770 1772/1772/1772 1773/1773/1773
f 1772/1772/1772 1774/1774/1774 1773/1773/1773
f 1772/1772/1772 1751/1751/1751 1775/1775/1775
f 1749/1749/1749 1775/1775/1775 1751/1751/1751
f 1775/1775/1775 1749/1749/1749 1690/1690/1690
f 1772/1772/1772 1776/1776/1776 1774/1774/1774
f 1777/1777/1777 1774/1774/1774 1776/1776/1776
f 1772/1772/1772 1775/1775/1775 1778/1778/1778
f 1778/1778/1778 1776/1776/1776 1772/1772/1772
f 1775/1775/1775 1690/1690/1690 1779/1779/1779
f 1779/1779/1779 1778/1778/1778 1775/1775/1775
f 1779/1779/1779 1690/1690/1690 1780/1780/1780
f 1781/1781/1781 1778/1778/1778 1779/1779/1779
f 1779/1779/1779 1780/1780/1780 1781/1781/1781
f 1690/1690/1690 1668/1668/1668 1780/1780/1780
f 1778/1778/1778 1782/1782/1782 1776/1776/1776
f 1781/1781/1781 1782/1782/1782 1778/1778/1778
f 1776/1776/1776 1782/1782/1782 1783/1783/1783
f 1783/1783/1783 1782/1782/1782 1781/1781/1781
f 1777/1777/1777 1776/1776/1776 1783/1783/1783
f 1784/1784/1784 1780/1780/1780 1668/1668/1668
f 1784/1784/1784 1668/1668/1668 1661/1661/1661
f 1784/1784/1784 1661/1661/1661 1658/1658/1658
f 1784/1784/1784 1785/1785/1785 1780/1780/1780
f 1781/1781/1781 1780/1780/1780 1785/1785/1785
f 1786/1786/1786 1784/1784/1784 1658/1658/1658
f 1786/1786/1786 1785/1785/1785 1784/1784/1784
f 1786/1786/1786 1658/1658/1658 1654/1654/1654
f 1781/1781/1781 1785/1785/1785 1787/1787/1787
f 1787/1787/1787 1785/1785/1785 1786/1786/1786
f 1787/1787/1787 1783/1783/1783 1781/1781/1781
f 1654/1654/1654 1788/1788/1788 1786/1786/1786
f 1786/1786/1786 1789/1789/1789 1787/1787/1787
f 1786/1786/1786 1788/1788/1788 1789/1789/1789
f 1654/1654/1654 1790/1790/1790 1788/1788/1788
f 1790/1790/1790 1789/1789/1789 1788/1788/1788
f 1790/1790/1790 1654/1654/1654 1646/1646/1646
f 1787/1787/1787 1791/1791/1791 1783/1783/1783
f 1789/1789/1789 1791/1791/1791 1787/1787/1787
f 1777/1777/1777 1783/1783/1783 1791/1791/1791
f 1777/1777/1777 1791/1791/1791 1792/1792/1792
f 1792/1792/1792 1791/1791/1791 1793/1793/1793
f 1789/1789/1789 1794/1794/1794 1791/1791/1791
f 1791/1791/1791 1795/1795/1795 1793/1793/1793
f 1791/1791/1791 1794/1794/1794 1795/1795/1795
f 1796/1796/1796 1793/1793/1793 1795/1795/1795
f 1794/1794/1794 1789/1789/1789 1797/1797/1797
f 1794/1794/1794 1797/1797/1797 1795/1795/1795
f 1790/1790/1790 1797/1797/1797 1789/1789/1789
f 1796/1796/1796 1795/1795/1795 1798/1798/1798
f 1795/1795/1795 1797/1797/1797 1798/1798/1798
f 1796/1796/1796 1798/1798/1798 1799/1799/1799
f 1797/1797/1797 1790/1790/1790 1800/1800/1800
f 1797/1797/1797 1800/1800/1800 1798/1798/1798
f 1798/1798/1798 1800/1800/1800 1799/1799/1799
f 1790/1790/1790 1646/1646/1646 1800/1800/1800
f 1641/1641/1641 1799/1799/1799 1800/1800/1800
f 1641/1641/1641 1800/1800/1800 1646/1646/1646
f 1519/1519/1519 1801/1801/1801 1517/1517/1517
f 1517/1517/1517 1801/1801/1801 1802/1802/1802
f 1517/1517/1517 1802/1802/1802 1515/1515/1515
f 1803/1803/1803 1801/1801/1801 1519/1519/1519
f 1802/1802/1802 1804/1804/1804 1515/1515/1515
f 1805/1805/1805 1803/1803/1803 1519/1519/1519
f 1805/1805/1805 1519/1519/1519 1509/1509/1509
f 1802/1802/1802 1801/1801/1801 1806/1806/1806
f 1805/1805/1805 1509/1509/1509 1807/1807/1807
f 1508/1508/1508 1807/1807/1807 1509/1509/1509
f 1508/1508/1508 1808/1808/1808 1807/1807/1807
f 1511/1511/1511 1808/1808/1808 1508/1508/1508
f 1809/1809/1809 1805/1805/1805 1807/1807/1807
f 1511/1511/1511 1810/1810/1810 1808/1808/1808
f 1537/1537/1537 1810/1810/1810 1511/1511/1511
f 1807/1807/1807 1808/1808/1808 1811/1811/1811
f 1809/1809/1809 1807/1807/1807 1811/1811/1811
f 1810/1810/1810 1812/1812/1812 1808/1808/1808
f 1813/1813/1813 1808/1808/1808 1812/1812/1812
f 1813/1813/1813 1811/1811/1811 1808/1808/1808
f 1810/1810/1810 1814/1814/1814 1812/1812/1812
f 1815/1815/1815 1810/1810/1810 1537/1537/1537
f 1815/1815/1815 1814/1814/1814 1810/1810/1810
f 1814/1814/1814 1816/1816/1816 1812/1812/1812
f 1813/1813/1813 1812/1812/1812 1816/1816/1816
f 1814/1814/1814 1817/1817/1817 1816/1816/1816
f 1818/1818/1818 1814/1814/1814 1815/1815/1815
f 1818/1818/1818 1817/1817/1817 1814/1814/1814
f 1537/1537/1537 1819/1819/1819 1815/1815/1815
f 1819/1819/1819 1818/1818/1818 1815/1815/1815
f 1537/1537/1537 1820/1820/1820 1819/1819/1819
f 1541/1541/1541 1820/1820/1820 1537/1537/1537
f 1541/1541/1541 1547/1547/1547 1820/1820/1820
f 1816/1816/1816 1817/1817/1817 1821/1821/1821
f 1821/1821/1821 1817/1817/1817 1818/1818/1818
f 1819/1819/1819 1822/1822/1822 1818/1818/1818
f 1821/1821/1821 1818/1818/1818 1822/1822/1822
f 1822/1822/1822 1819/1819/1819 1823/1823/1823
f 1823/1823/1823 1819/1819/1819 1820/1820/1820
f 1824/1824/1824 1822/1822/1822 1823/1823/1823
f 1821/1821/1821 1822/1822/1822 1824/1824/1824
f 1823/1823/1823 1820/1820/1820 1825/1825/1825
f 1547/1547/1547 1825/1825/1825 1820/1820/1820
f 1816/1816/1816 1821/1821/1821 1826/1826/1826
f 1813/1813/1813 1816/1816/1816 1826/1826/1826
f 1827/1827/1827 1826/1826/1826 1821/1821/1821
f 1826/1826/1826 1828/1828/1828 1813/1813/1813
f 1828/1828/1828 1826/1826/1826 1827/1827/1827
f 1811/1811/1811 1813/1813/1813 1828/1828/1828
f 1811/1811/1811 1828/1828/1828 1829/1829/1829
f 1829/1829/1829 1809/1809/1809 1811/1811/1811
f 1828/1828/1828 1827/1827/1827 1830/1830/1830
f 1830/1830/1830 1829/1829/1829 1828/1828/1828
f 1827/1827/1827 1821/1821/1821 1831/1831/1831
f 1821/1821/1821 1824/1824/1824 1831/1831/1831
f 1827/1827/1827 1832/1832/1832 1830/1830/1830
f 1827/1827/1827 1833/1833/1833 1832/1832/1832
f 1833/1833/1833 1827/1827/1827 1831/1831/1831
f 1830/1830/1830 1832/1832/1832 1834/1834/1834
f 1830/1830/1830 1834/1834/1834 1829/1829/1829
f 1833/1833/1833 1835/1835/1835 1832/1832/1832
f 1835/1835/1835 1834/1834/1834 1832/1832/1832
f 1833/1833/1833 1836/1836/1836 1835/1835/1835
f 1835/1835/1835 1837/1837/1837 1834/1834/1834
f 1838/1838/1838 1834/1834/1834 1837/1837/1837
f 1834/1834/1834 1838/1838/1838 1839/1839/1839
f 1836/1836/1836 1833/1833/1833 1840/1840/1840
f 1841/1841/1841 1836/1836/1836 1840/1840/1840
f 1842/1842/1842 1840/1840/1840 1833/1833/1833
f 1842/1842/1842 1833/1833/1833 1831/1831/1831
f 1841/1841/1841 1840/1840/1840 1843/1843/1843
f 1840/1840/1840 1842/1842/1842 1843/1843/1843
f 1841/1841/1841 1843/1843/1843 1844/1844/1844
f 1843/1843/1843 1845/1845/1845 1844/1844/1844
f 1843/1843/1843 1846/1846/1846 1845/1845/1845
f 1846/1846/1846 1843/1843/1843 1842/1842/1842
f 1845/1845/1845 1846/1846/1846 1847/1847/1847
f 1842/1842/1842 1831/1831/1831 1848/1848/1848
f 1842/1842/1842 1848/1848/1848 1846/1846/1846
f 1847/1847/1847 1846/1846/1846 1848/1848/1848
f 1848/1848/1848 1831/1831/1831 1824/1824/1824
f 1848/1848/1848 1849/1849/1849 1847/1847/1847
f 1824/1824/1824 1850/1850/1850 1848/1848/1848
f 1848/1848/1848 1850/1850/1850 1849/1849/1849
f 1824/1824/1824 1851/1851/1851 1850/1850/1850
f 1824/1824/1824 1823/1823/1823 1851/1851/1851
f 1852/1852/1852 1849/1849/1849 1850/1850/1850
f 1852/1852/1852 1850/1850/1850 1851/1851/1851
f 1852/1852/1852 1853/1853/1853 1849/1849/1849
f 1854/1854/1854 1853/1853/1853 1852/1852/1852
f 1851/1851/1851 1823/1823/1823 1825/1825/1825
f 1852/1852/1852 1851/1851/1851 1825/1825/1825
f 1852/1852/1852 1855/1855/1855 1854/1854/1854
f 1825/1825/1825 1856/1856/1856 1852/1852/1852
f 1852/1852/1852 1856/1856/1856 1855/1855/1855
f 1825/1825/1825 1857/1857/1857 1856/1856/1856
f 1858/1858/1858 1855/1855/1855 1856/1856/1856
f 1858/1858/1858 1859/1859/1859 1855/1855/1855
f 1860/1860/1860 1858/1858/1858 1856/1856/1856
f 1857/1857/1857 1860/1860/1860 1856/1856/1856
f 1861/1861/1861 1859/1859/1859 1858/1858/1858
f 1861/1861/1861 1858/1858/1858 1860/1860/1860
f 1861/1861/1861 1862/1862/1862 1859/1859/1859
f 1862/1862/1862 1861/1861/1861 1863/1863/1863
f 1863/1863/1863 1861/1861/1861 1860/1860/1860
f 1864/1864/1864 1863/1863/1863 1860/1860/1860
f 1865/1865/1865 1864/1864/1864 1860/1860/1860
f 1857/1857/1857 1865/1865/1865 1860/1860/1860
f 1866/1866/1866 1865/1865/1865 1857/1857/1857
f 1866/1866/1866 1857/1857/1857 1867/1867/1867
f 1868/1868/1868 1866/1866/1866 1867/1867/1867
f 1869/1869/1869 1857/1857/1857 1825/1825/1825
f 1869/1869/1869 1867/1867/1867 1857/1857/1857
f 1547/1547/1547 1869/1869/1869 1825/1825/1825
f 1868/1868/1868 1867/1867/1867 1870/1870/1870
f 1871/1871/1871 1868/1868/1868 1870/1870/1870
f 1872/1872/1872 1867/1867/1867 1869/1869/1869
f 1547/1547/1547 1872/1872/1872 1869/1869/1869
f 1872/1872/1872 1870/1870/1870 1867/1867/1867
f 1547/1547/1547 1552/1552/1552 1872/1872/1872
f 1871/1871/1871 1870/1870/1870 1873/1873/1873
f 1870/1870/1870 1872/1872/1872 1873/1873/1873
f 1874/1874/1874 1871/1871/1871 1873/1873/1873
f 1872/1872/1872 1552/1552/1552 1556/1556/1556
f 1875/1875/1875 1873/1873/1873 1872/1872/1872
f 1872/1872/1872 1556/1556/1556 1875/1875/1875
f 1874/1874/1874 1873/1873/1873 1876/1876/1876
f 1875/1875/1875 1876/1876/1876 1873/1873/1873
f 1874/1874/1874 1876/1876/1876 1877/1877/1877
f 1874/1874/1874 1877/1877/1877 1878/1878/1878
f 1879/1879/1879 1878/1878/1878 1877/1877/1877
f 1877/1877/1877 1880/1880/1880 1879/1879/1879
f 1877/1877/1877 1876/1876/1876 1881/1881/1881
f 1875/1875/1875 1881/1881/1881 1876/1876/1876
f 1877/1877/1877 1882/1882/1882 1880/1880/1880
f 1881/1881/1881 1882/1882/1882 1877/1877/1877
f 1883/1883/1883 1880/1880/1880 1882/1882/1882
f 1884/1884/1884 1881/1881/1881 1875/1875/1875
f 1881/1881/1881 1884/1884/1884 1882/1882/1882
f 1883/1883/1883 1882/1882/1882 1885/1885/1885
f 1884/1884/1884 1885/1885/1885 1882/1882/1882
f 1885/1885/1885 1725/1725/1725 1883/1883/1883
f 1884/1884/1884 1875/1875/1875 1886/1886/1886
f 1556/1556/1556 1886/1886/1886 1875/1875/1875
f 1884/1884/1884 1887/1887/1887 1885/1885/1885
f 1887/1887/1887 1884/1884/1884 1886/1886/1886
f 1885/1885/1885 1888/1888/1888 1725/1725/1725
f 1887/1887/1887 1888/1888/1888 1885/1885/1885
f 1725/1725/1725 1888/1888/1888 1723/1723/1723
f 1887/1887/1887 1889/1889/1889 1888/1888/1888
f 1886/1886/1886 1889/1889/1889 1887/1887/1887
f 1723/1723/1723 1888/1888/1888 1889/1889/1889
f 1556/1556/1556 1890/1890/1890 1886/1886/1886
f 1556/1556/1556 1558/1558/1558 1890/1890/1890
f 1890/1890/1890 1558/1558/1558 1562/1562/1562
f 1890/1890/1890 1891/1891/1891 1886/1886/1886
f 1886/1886/1886 1891/1891/1891 1889/1889/1889
f 1890/1890/1890 1562/1562/1562 1892/1892/1892
f 1890/1890/1890 1892/1892/1892 1891/1891/1891
f 1893/1893/1893 1892/1892/1892 1562/1562/1562
f 1569/1569/1569 1893/1893/1893 1562/1562/1562
f 1723/1723/1723 1889/1889/1889 1894/1894/1894
f 1894/1894/1894 1889/1889/1889 1891/1891/1891
f 1894/1894/1894 1895/1895/1895 1723/1723/1723
f 1714/1714/1714 1723/1723/1723 1895/1895/1895
f 1714/1714/1714 1895/1895/1895 1713/1713/1713
f 1569/1569/1569 1896/1896/1896 1893/1893/1893
f 1570/1570/1570 1896/1896/1896 1569/1569/1569
f 1894/1894/1894 1897/1897/1897 1895/1895/1895
f 1897/1897/1897 1713/1713/1713 1895/1895/1895
f 1894/1894/1894 1891/1891/1891 1898/1898/1898
f 1897/1897/1897 1894/1894/1894 1898/1898/1898
f 1892/1892/1892 1898/1898/1898 1891/1891/1891
f 1897/1897/1897 1899/1899/1899 1713/1713/1713
f 1713/1713/1713 1899/1899/1899 1712/1712/1712
f 1897/1897/1897 1898/1898/1898 1900/1900/1900
f 1900/1900/1900 1899/1899/1899 1897/1897/1897
f 1892/1892/1892 1901/1901/1901 1898/1898/1898
f 1900/1900/1900 1898/1898/1898 1901/1901/1901
f 1893/1893/1893 1901/1901/1901 1892/1892/1892
f 1902/1902/1902 1712/1712/1712 1899/1899/1899
f 1903/1903/1903 1901/1901/1901 1893/1893/1893
f 1896/1896/1896 1903/1903/1903 1893/1893/1893
f 1900/1900/1900 1901/1901/1901 1904/1904/1904
f 1903/1903/1903 1904/1904/1904 1901/1901/1901
f 1900/1900/1900 1905/1905/1905 1899/1899/1899
f 1905/1905/1905 1900/1900/1900 1904/1904/1904
f 1905/1905/1905 1902/1902/1902 1899/1899/1899
f 1712/1712/1712 1902/1902/1902 1707/1707/1707
f 1896/1896/1896 1906/1906/1906 1903/1903/1903
f 1906/1906/1906 1896/1896/1896 1570/1570/1570
f 1904/1904/1904 1903/1903/1903 1907/1907/1907
f 1906/1906/1906 1907/1907/1907 1903/1903/1903
f 1907/1907/1907 1908/1908/1908 1904/1904/1904
f 1905/1905/1905 1904/1904/1904 1908/1908/1908
f 1906/1906/1906 1570/1570/1570 1909/1909/1909
f 1570/1570/1570 1670/1670/1670 1909/1909/1909
f 1906/1906/1906 1910/1910/1910 1907/1907/1907
f 1906/1906/1906 1909/1909/1909 1910/1910/1910
f 1670/1670/1670 1911/1911/1911 1909/1909/1909
f 1911/1911/1911 1910/1910/1910 1909/1909/1909
f 1677/1677/1677 1911/1911/1911 1670/1670/1670
f 1684/1684/1684 1911/1911/1911 1677/1677/1677
f 1684/1684/1684 1912/1912/1912 1911/1911/1911
f 1912/1912/1912 1910/1910/1910 1911/1911/1911
f 1912/1912/1912 1684/1684/1684 1703/1703/1703
f 1910/1910/1910 1913/1913/1913 1907/1907/1907
f 1912/1912/1912 1913/1913/1913 1910/1910/1910
f 1908/1908/1908 1907/1907/1907 1913/1913/1913
f 1912/1912/1912 1703/1703/1703 1914/1914/1914
f 1914/1914/1914 1913/1913/1913 1912/1912/1912
f 1914/1914/1914 1703/1703/1703 1707/1707/1707
f 1915/1915/1915 1908/1908/1908 1913/1913/1913
f 1914/1914/1914 1915/1915/1915 1913/1913/1913
f 1915/1915/1915 1916/1916/1916 1908/1908/1908
f 1917/1917/1917 1915/1915/1915 1914/1914/1914
f 1917/1917/1917 1916/1916/1916 1915/1915/1915
f 1707/1707/1707 1917/1917/1917 1914/1914/1914
f 1916/1916/1916 1905/1905/1905 1908/1908/1908
f 1707/1707/1707 1918/1918/1918 1917/1917/1917
f 1902/1902/1902 1918/1918/1918 1707/1707/1707
f 1916/1916/1916 1917/1917/1917 1919/1919/1919
f 1916/1916/1916 1919/1919/1919 1905/1905/1905
f 1920/1920/1920 1917/1917/1917 1918/1918/1918
f 1920/1920/1920 1919/1919/1919 1917/1917/1917
f 1902/1902/1902 1920/1920/1920 1918/1918/1918
f 1905/1905/1905 1919/1919/1919 1920/1920/1920
f 1905/1905/1905 1920/1920/1920 1902/1902/1902
f 1921/1921/1921 1515/1515/1515 1804/1804/1804
f 1516/1516/1516 1515/1515/1515 1921/1921/1921
f 1921/1921/1921 1922/1922/1922 1516/1516/1516
f 1521/1521/1521 1516/1516/1516 1922/1922/1922
f 1923/1923/1923 1922/1922/1922 1921/1921/1921
f 1922/1922/1922 1924/1924/1924 1521/1521/1521
f 1527/1527/1527 1521/1521/1521 1924/1924/1924
f 1922/1922/1922 1925/1925/1925 1924/1924/1924
f 1924/1924/1924 1926/1926/1926 1527/1527/1527
f 1925/1925/1925 1922/1922/1922 1927/1927/1927
f 1923/1923/1923 1927/1927/1927 1922/1922/1922
f 1924/1924/1924 1925/1925/1925 1928/1928/1928
f 1924/1924/1924 1928/1928/1928 1926/1926/1926
f 1926/1926/1926 1529/1529/1529 1527/1527/1527
f 1929/1929/1929 1928/1928/1928 1925/1925/1925
f 1925/1925/1925 1927/1927/1927 1929/1929/1929
f 1930/1930/1930 1926/1926/1926 1928/1928/1928
f 1927/1927/1927 1931/1931/1931 1929/1929/1929
f 1927/1927/1927 1932/1932/1932 1931/1931/1931
f 1927/1927/1927 1933/1933/1933 1932/1932/1932
f 1933/1933/1933 1927/1927/1927 1923/1923/1923
f 1929/1929/1929 1931/1931/1931 1934/1934/1934
f 1933/1933/1933 1923/1923/1923 1935/1935/1935
f 1929/1929/1929 1936/1936/1936 1928/1928/1928
f 1929/1929/1929 1934/1934/1934 1936/1936/1936
f 1930/1930/1930 1928/1928/1928 1936/1936/1936
f 1937/1937/1937 1936/1936/1936 1934/1934/1934
f 1937/1937/1937 1930/1930/1930 1936/1936/1936
f 1938/1938/1938 1930/1930/1930 1937/1937/1937
f 1938/1938/1938 1937/1937/1937 1939/1939/1939
f 1940/1940/1940 1926/1926/1926 1930/1930/1930
f 1940/1940/1940 1930/1930/1930 1938/1938/1938
f 1926/1926/1926 1940/1940/1940 1529/1529/1529
f 1939/1939/1939 1941/1941/1941 1938/1938/1938
f 1941/1941/1941 1940/1940/1940 1938/1938/1938
f 1939/1939/1939 1608/1608/1608 1941/1941/1941
f 1608/1608/1608 1606/1606/1606 1941/1941/1941
f 1941/1941/1941 1942/1942/1942 1940/1940/1940
f 1529/1529/1529 1940/1940/1940 1942/1942/1942
f 1606/1606/1606 1942/1942/1942 1941/1941/1941
f 1529/1529/1529 1942/1942/1942 1530/1530/1530
f 1606/1606/1606 1530/1530/1530 1942/1942/1942
f 1943/1943/1943 1944/1944/1944 1945/1945/1945
f 1946/1946/1946 1944/1944/1944 1943/1943/1943
f 1947/1947/1947 1945/1945/1945 1944/1944/1944
f 1943/1943/1943 1948/1948/1948 1946/1946/1946
f 1944/1944/1944 1949/1949/1949 1947/1947/1947
f 1950/1950/1950 1949/1949/1949 1944/1944/1944
f 1946/1946/1946 1950/1950/1950 1944/1944/1944
f 1951/1951/1951 1947/1947/1947 1949/1949/1949
f 1952/1952/1952 1950/1950/1950 1946/1946/1946
f 1953/1953/1953 1947/1947/1947 1951/1951/1951
f 1947/1947/1947 1953/1953/1953 1945/1945/1945
f 1954/1954/1954 1950/1950/1950 1952/1952/1952
f 1950/1950/1950 1954/1954/1954 1949/1949/1949
f 1952/1952/1952 1946/1946/1946 1955/1955/1955
f 1953/1953/1953 1951/1951/1951 1803/1803/1803
f 1803/1803/1803 1951/1951/1951 1801/1801/1801
f 1951/1951/1951 1956/1956/1956 1801/1801/1801
f 1951/1951/1951 1949/1949/1949 1956/1956/1956
f 1806/1806/1806 1801/1801/1801 1956/1956/1956
f 1949/1949/1949 1957/1957/1957 1956/1956/1956
f 1949/1949/1949 1958/1958/1958 1957/1957/1957
f 1949/1949/1949 1954/1954/1954 1958/1958/1958
f 1956/1956/1956 1957/1957/1957 1959/1959/1959
f 1958/1958/1958 1960/1960/1960 1957/1957/1957
f 1958/1958/1958 1954/1954/1954 1960/1960/1960
f 1960/1960/1960 1959/1959/1959 1957/1957/1957
f 1806/1806/1806 1956/1956/1956 1961/1961/1961
f 1956/1956/1956 1959/1959/1959 1961/1961/1961
f 1962/1962/1962 1960/1960/1960 1954/1954/1954
f 1959/1959/1959 1960/1960/1960 1963/1963/1963
f 1962/1962/1962 1963/1963/1963 1960/1960/1960
f 1959/1959/1959 1963/1963/1963 1964/1964/1964
f 1965/1965/1965 1962/1962/1962 1954/1954/1954
f 1965/1965/1965 1954/1954/1954 1952/1952/1952
f 1962/1962/1962 1966/1966/1966 1963/1963/1963
f 1965/1965/1965 1966/1966/1966 1962/1962/1962
f 1963/1963/1963 1966/1966/1966 1964/1964/1964
f 1967/1967/1967 1965/1965/1965 1952/1952/1952
f 1959/1959/1959 1964/1964/1964 1968/1968/1968
f 1966/1966/1966 1968/1968/1968 1964/1964/1964
f 1969/1969/1969 1966/1966/1966 1965/1965/1965
f 1966/1966/1966 1969/1969/1969 1968/1968/1968
f 1969/1969/1969 1965/1965/1965 1967/1967/1967
f 1959/1959/1959 1968/1968/1968 1961/1961/1961
f 1967/1967/1967 1952/1952/1952 1955/1955/1955
f 1970/1970/1970 1968/1968/1968 1969/1969/1969
f 1968/1968/1968 1971/1971/1971 1961/1961/1961
f 1970/1970/1970 1972/1972/1972 1968/1968/1968
f 1968/1968/1968 1972/1972/1972 1971/1971/1971
f 1973/1973/1973 1972/1972/1972 1970/1970/1970
f 1973/1973/1973 1971/1971/1971 1972/1972/1972
f 1969/1969/1969 1974/1974/1974 1970/1970/1970
f 1969/1969/1969 1967/1967/1967 1975/1975/1975
f 1969/1969/1969 1975/1975/1975 1974/1974/1974
f 1975/1975/1975 1967/1967/1967 1976/1976/1976
f 1977/1977/1977 1976/1976/1976 1967/1967/1967
f 1977/1977/1977 1967/1967/1967 1955/1955/1955
f 1978/1978/1978 1975/1975/1975 1976/1976/1976
f 1979/1979/1979 1974/1974/1974 1975/1975/1975
f 1978/1978/1978 1979/1979/1979 1975/1975/1975
f 1980/1980/1980 1970/1970/1970 1974/1974/1974
f 1979/1979/1979 1980/1980/1980 1974/1974/1974
f 1980/1980/1980 1981/1981/1981 1970/1970/1970
f 1973/1973/1973 1970/1970/1970 1981/1981/1981
f 1980/1980/1980 1979/1979/1979 1982/1982/1982
f 1981/1981/1981 1980/1980/1980 1983/1983/1983
f 1980/1980/1980 1982/1982/1982 1983/1983/1983
f 1981/1981/1981 1983/1983/1983 1984/1984/1984
f 1973/1973/1973 1981/1981/1981 1984/1984/1984
f 1973/1973/1973 1984/1984/1984 1985/1985/1985
f 1986/1986/1986 1973/1973/1973 1985/1985/1985
f 1979/1979/1979 1987/1987/1987 1982/1982/1982
f 1979/1979/1979 1978/1978/1978 1987/1987/1987
f 1988/1988/1988 1982/1982/1982 1987/1987/1987
f 1986/1986/1986 1989/1989/1989 1973/1973/1973
f 1986/1986/1986 1935/1935/1935 1989/1989/1989
f 1973/1973/1973 1989/1989/1989 1971/1971/1971
f 1923/1923/1923 1989/1989/1989 1935/1935/1935
f 1990/1990/1990 1988/1988/1988 1987/1987/1987
f 1990/1990/1990 1991/1991/1991 1988/1988/1988
f 1987/1987/1987 1978/1978/1978 1992/1992/1992
f 1978/1978/1978 1976/1976/1976 1992/1992/1992
f 1987/1987/1987 1992/1992/1992 1993/1993/1993
f 1990/1990/1990 1987/1987/1987 1993/1993/1993
f 1977/1977/1977 1992/1992/1992 1976/1976/1976
f 1992/1992/1992 1977/1977/1977 1993/1993/1993
f 1994/1994/1994 1990/1990/1990 1993/1993/1993
f 1977/1977/1977 1994/1994/1994 1993/1993/1993
f 1990/1990/1990 1995/1995/1995 1991/1991/1991
f 1995/1995/1995 1996/1996/1996 1991/1991/1991
f 1994/1994/1994 1997/1997/1997 1990/1990/1990
f 1995/1995/1995 1990/1990/1990 1997/1997/1997
f 1994/1994/1994 1998/1998/1998 1997/1997/1997
f 1977/1977/1977 1999/1999/1999 1994/1994/1994
f 1999/1999/1999 1998/1998/1998 1994/1994/1994
f 2000/2000/2000 1999/1999/1999 1977/1977/1977
f 2000/2000/2000 1977/1977/1977 1955/1955/1955
f 1999/1999/1999 2000/2000/2000 2001/2001/2001
f 1999/1999/1999 2001/2001/2001 1998/1998/1998
f 2002/2002/2002 2000/2000/2000 1955/1955/1955
f 2002/2002/2002 1955/1955/1955 1946/1946/1946
f 2003/2003/2003 2001/2001/2001 2000/2000/2000
f 2000/2000/2000 2002/2002/2002 2003/2003/2003
f 1948/1948/1948 2002/2002/2002 1946/1946/1946
f 2003/2003/2003 2004/2004/2004 2001/2001/2001
f 2004/2004/2004 1998/1998/1998 2001/2001/2001
f 2005/2005/2005 2003/2003/2003 2002/2002/2002
f 2005/2005/2005 2002/2002/2002 1948/1948/1948
f 2006/2006/2006 2004/2004/2004 2003/2003/2003
f 2006/2006/2006 2003/2003/2003 2005/2005/2005
f 2004/2004/2004 2007/2007/2007 1998/1998/1998
f 2008/2008/2008 2007/2007/2007 2004/2004/2004
f 2008/2008/2008 2004/2004/2004 2006/2006/2006
f 1998/1998/1998 2007/2007/2007 2009/2009/2009
f 1998/1998/1998 2009/2009/2009 1997/1997/1997
f 1995/1995/1995 1997/1997/1997 2009/2009/2009
f 2010/2010/2010 2009/2009/2009 2007/2007/2007
f 2008/2008/2008 2010/2010/2010 2007/2007/2007
f 2011/2011/2011 1995/1995/1995 2009/2009/2009
f 2011/2011/2011 2009/2009/2009 2010/2010/2010
f 1995/1995/1995 2011/2011/2011 1996/1996/1996
f 2012/2012/2012 1996/1996/1996 2011/2011/2011
f 2013/2013/2013 1996/1996/1996 2012/2012/2012
f 2014/2014/2014 2012/2012/2012 2011/2011/2011
f 2013/2013/2013 2012/2012/2012 2014/2014/2014
f 2014/2014/2014 2011/2011/2011 2010/2010/2010
f 2013/2013/2013 2014/2014/2014 2015/2015/2015
f 2010/2010/2010 2008/2008/2008 2016/2016/2016
f 2010/2010/2010 2016/2016/2016 2014/2014/2014
f 2006/2006/2006 2016/2016/2016 2008/2008/2008
f 2017/2017/2017 2015/2015/2015 2014/2014/2014
f 2017/2017/2017 2014/2014/2014 2016/2016/2016
f 2006/2006/2006 2018/2018/2018 2016/2016/2016
f 2018/2018/2018 2017/2017/2017 2016/2016/2016
f 2006/2006/2006 2019/2019/2019 2018/2018/2018
f 2018/2018/2018 2020/2020/2020 2017/2017/2017
f 2020/2020/2020 2018/2018/2018 2019/2019/2019
f 2015/2015/2015 2017/2017/2017 2021/2021/2021
f 2015/2015/2015 2021/2021/2021 2022/2022/2022
f 2023/2023/2023 2017/2017/2017 2020/2020/2020
f 2006/2006/2006 2024/2024/2024 2019/2019/2019
f 2005/2005/2005 2024/2024/2024 2006/2006/2006
f 2020/2020/2020 2019/2019/2019 2025/2025/2025
f 2023/2023/2023 2020/2020/2020 2025/2025/2025
f 2024/2024/2024 2026/2026/2026 2019/2019/2019
f 2025/2025/2025 2019/2019/2019 2026/2026/2026
f 2005/2005/2005 2027/2027/2027 2024/2024/2024
f 2024/2024/2024 2027/2027/2027 2026/2026/2026
f 2027/2027/2027 2005/2005/2005 2028/2028/2028
f 2026/2026/2026 2027/2027/2027 2028/2028/2028
f 2028/2028/2028 2005/2005/2005 1948/1948/1948
f 2025/2025/2025 2026/2026/2026 2029/2029/2029
f 2026/2026/2026 2028/2028/2028 2030/2030/2030
f 2030/2030/2030 2029/2029/2029 2026/2026/2026
f 2029/2029/2029 2031/2031/2031 2025/2025/2025
f 2023/2023/2023 2025/2025/2025 2031/2031/2031
f 2030/2030/2030 2032/2032/2032 2029/2029/2029
f 2033/2033/2033 2030/2030/2030 2028/2028/2028
f 2033/2033/2033 2032/2032/2032 2030/2030/2030
f 2029/2029/2029 2034/2034/2034 2031/2031/2031
f 2034/2034/2034 2029/2029/2029 2032/2032/2032
f 2033/2033/2033 2035/2035/2035 2032/2032/2032
f 2034/2034/2034 2032/2032/2032 2035/2035/2035
f 2035/2035/2035 2033/2033/2033 2036/2036/2036
f 2036/2036/2036 2034/2034/2034 2035/2035/2035
f 2037/2037/2037 2033/2033/2033 2028/2028/2028
f 2038/2038/2038 2036/2036/2036 2033/2033/2033
f 2038/2038/2038 2033/2033/2033 2037/2037/2037
f 2038/2038/2038 2039/2039/2039 2036/2036/2036
f 2037/2037/2037 2039/2039/2039 2038/2038/2038
f 2037/2037/2037 2028/2028/2028 2040/2040/2040
f 2028/2028/2028 1948/1948/1948 2040/2040/2040
f 2034/2034/2034 2036/2036/2036 2041/2041/2041
f 2034/2034/2034 2042/2042/2042 2031/2031/2031
f 2034/2034/2034 2041/2041/2041 2042/2042/2042
f 2031/2031/2031 2042/2042/2042 2043/2043/2043
f 2031/2031/2031 2043/2043/2043 2023/2023/2023
f 2044/2044/2044 2041/2041/2041 2036/2036/2036
f 2044/2044/2044 2036/2036/2036 2039/2039/2039
f 2041/2041/2041 2044/2044/2044 2045/2045/2045
f 2046/2046/2046 2042/2042/2042 2041/2041/2041
f 2041/2041/2041 2045/2045/2045 2046/2046/2046
f 2046/2046/2046 2047/2047/2047 2042/2042/2042
f 2043/2043/2043 2042/2042/2042 2047/2047/2047
f 2047/2047/2047 2046/2046/2046 2048/2048/2048
f 2049/2049/2049 2043/2043/2043 2047/2047/2047
f 2047/2047/2047 2048/2048/2048 2049/2049/2049
f 2043/2043/2043 2049/2049/2049 2050/2050/2050
f 2051/2051/2051 2023/2023/2023 2043/2043/2043
f 2043/2043/2043 2050/2050/2050 2051/2051/2051
f 2051/2051/2051 2052/2052/2052 2023/2023/2023
f 2052/2052/2052 2051/2051/2051 2050/2050/2050
f 2052/2052/2052 2017/2017/2017 2023/2023/2023
f 2052/2052/2052 2021/2021/2021 2017/2017/2017
f 2052/2052/2052 2050/2050/2050 2053/2053/2053
f 2053/2053/2053 2021/2021/2021 2052/2052/2052
f 2053/2053/2053 2050/2050/2050 2054/2054/2054
f 2053/2053/2053 2055/2055/2055 2021/2021/2021
f 2055/2055/2055 2022/2022/2022 2021/2021/2021
f 2056/2056/2056 2022/2022/2022 2055/2055/2055
f 2057/2057/2057 2055/2055/2055 2053/2053/2053
f 2057/2057/2057 2056/2056/2056 2055/2055/2055
f 2053/2053/2053 2054/2054/2054 2057/2057/2057
f 2057/2057/2057 2058/2058/2058 2056/2056/2056
f 2059/2059/2059 2054/2054/2054 2050/2050/2050
f 2059/2059/2059 2057/2057/2057 2054/2054/2054
f 2059/2059/2059 2058/2058/2058 2057/2057/2057
f 2059/2059/2059 2050/2050/2050 2049/2049/2049
f 2060/2060/2060 2058/2058/2058 2059/2059/2059
f 2061/2061/2061 2060/2060/2060 2059/2059/2059
f 2049/2049/2049 2062/2062/2062 2059/2059/2059
f 2061/2061/2061 2059/2059/2059 2062/2062/2062
f 2049/2049/2049 2048/2048/2048 2062/2062/2062
f 2063/2063/2063 2061/2061/2061 2062/2062/2062
f 2063/2063/2063 2064/2064/2064 2061/2061/2061
f 2063/2063/2063 2062/2062/2062 2065/2065/2065
f 2062/2062/2062 2048/2048/2048 2065/2065/2065
f 2064/2064/2064 2063/2063/2063 2066/2066/2066
f 2066/2066/2066 2063/2063/2063 2065/2065/2065
f 2064/2064/2064 2066/2066/2066 2067/2067/2067
f 2048/2048/2048 2068/2068/2068 2065/2065/2065
f 2066/2066/2066 2065/2065/2065 2068/2068/2068
f 2069/2069/2069 2067/2067/2067 2066/2066/2066
f 2048/2048/2048 2070/2070/2070 2068/2068/2068
f 2070/2070/2070 2048/2048/2048 2046/2046/2046
f 2070/2070/2070 2046/2046/2046 2045/2045/2045
f 2070/2070/2070 2071/2071/2071 2068/2068/2068
f 2066/2066/2066 2068/2068/2068 2071/2071/2071
f 2045/2045/2045 2071/2071/2071 2070/2070/2070
f 2069/2069/2069 2066/2066/2066 2072/2072/2072
f 2066/2066/2066 2071/2071/2071 2072/2072/2072
f 2045/2045/2045 2073/2073/2073 2071/2071/2071
f 2073/2073/2073 2072/2072/2072 2071/2071/2071
f 2074/2074/2074 2073/2073/2073 2045/2045/2045
f 2044/2044/2044 2074/2074/2074 2045/2045/2045
f 2072/2072/2072 2073/2073/2073 2075/2075/2075
f 2044/2044/2044 2076/2076/2076 2074/2074/2074
f 2039/2039/2039 2076/2076/2076 2044/2044/2044
f 2074/2074/2074 2077/2077/2077 2073/2073/2073
f 2077/2077/2077 2075/2075/2075 2073/2073/2073
f 2076/2076/2076 2078/2078/2078 2074/2074/2074
f 2077/2077/2077 2074/2074/2074 2078/2078/2078
f 2039/2039/2039 2079/2079/2079 2076/2076/2076
f 2077/2077/2077 2080/2080/2080 2075/2075/2075
f 2081/2081/2081 2079/2079/2079 2039/2039/2039
f 2037/2037/2037 2081/2081/2081 2039/2039/2039
f 2076/2076/2076 2079/2079/2079 2082/2082/2082
f 2076/2076/2076 2082/2082/2082 2078/2078/2078
f 2081/2081/2081 2083/2083/2083 2079/2079/2079
f 2082/2082/2082 2079/2079/2079 2083/2083/2083
f 2084/2084/2084 2081/2081/2081 2037/2037/2037
f 2037/2037/2037 2040/2040/2040 2084/2084/2084
f 2085/2085/2085 2083/2083/2083 2081/2081/2081
f 2084/2084/2084 2085/2085/2085 2081/2081/2081
f 2082/2082/2082 2083/2083/2083 2086/2086/2086
f 2087/2087/2087 2084/2084/2084 2040/2040/2040
f 2088/2088/2088 2085/2085/2085 2084/2084/2084
f 2087/2087/2087 2088/2088/2088 2084/2084/2084
f 2085/2085/2085 2089/2089/2089 2083/2083/2083
f 2083/2083/2083 2089/2089/2089 2086/2086/2086
f 2088/2088/2088 2090/2090/2090 2085/2085/2085
f 2090/2090/2090 2089/2089/2089 2085/2085/2085
f 2091/2091/2091 2090/2090/2090 2088/2088/2088
f 2088/2088/2088 2087/2087/2087 2091/2091/2091
f 2090/2090/2090 2092/2092/2092 2089/2089/2089
f 2093/2093/2093 2086/2086/2086 2089/2089/2089
f 2093/2093/2093 2089/2089/2089 2092/2092/2092
f 2092/2092/2092 2090/2090/2090 2094/2094/2094
f 2091/2091/2091 2094/2094/2094 2090/2090/2090
f 2092/2092/2092 2094/2094/2094 2095/2095/2095
f 2091/2091/2091 2096/2096/2096 2094/2094/2094
f 2094/2094/2094 2096/2096/2096 2095/2095/2095
f 2097/2097/2097 2092/2092/2092 2095/2095/2095
f 2097/2097/2097 2093/2093/2093 2092/2092/2092
f 2096/2096/2096 2097/2097/2097 2095/2095/2095
f 2098/2098/2098 2086/2086/2086 2093/2093/2093
f 2098/2098/2098 2082/2082/2082 2086/2086/2086
f 2098/2098/2098 2093/2093/2093 2099/2099/2099
f 2098/2098/2098 2100/2100/2100 2082/2082/2082
f 2100/2100/2100 2078/2078/2078 2082/2082/2082
f 2101/2101/2101 2100/2100/2100 2098/2098/2098
f 2099/2099/2099 2101/2101/2101 2098/2098/2098
f 2100/2100/2100 2102/2102/2102 2078/2078/2078
f 2101/2101/2101 2102/2102/2102 2100/2100/2100
f 2078/2078/2078 2102/2102/2102 2103/2103/2103
f 2077/2077/2077 2078/2078/2078 2103/2103/2103
f 2103/2103/2103 2104/2104/2104 2077/2077/2077
f 2102/2102/2102 2105/2105/2105 2103/2103/2103
f 2103/2103/2103 2105/2105/2105 2104/2104/2104
f 2102/2102/2102 2106/2106/2106 2105/2105/2105
f 2101/2101/2101 2107/2107/2107 2102/2102/2102
f 2106/2106/2106 2102/2102/2102 2107/2107/2107
f 2077/2077/2077 2104/2104/2104 2080/2080/2080
f 2106/2106/2106 2107/2107/2107 2108/2108/2108
f 2109/2109/2109 2107/2107/2107 2101/2101/2101
f 2108/2108/2108 2107/2107/2107 2109/2109/2109
f 2110/2110/2110 2106/2106/2106 2108/2108/2108
f 2110/2110/2110 2108/2108/2108 2109/2109/2109
f 2109/2109/2109 2101/2101/2101 2111/2111/2111
f 2099/2099/2099 2111/2111/2111 2101/2101/2101
f 2112/2112/2112 2109/2109/2109 2111/2111/2111
f 2110/2110/2110 2109/2109/2109 2112/2112/2112
f 2113/2113/2113 2111/2111/2111 2099/2099/2099
f 2112/2112/2112 2111/2111/2111 2113/2113/2113
f 2114/2114/2114 2110/2110/2110 2112/2112/2112
f 2113/2113/2113 2114/2114/2114 2112/2112/2112
f 2115/2115/2115 2110/2110/2110 2114/2114/2114
f 2113/2113/2113 2116/2116/2116 2114/2114/2114
f 2115/2115/2115 2114/2114/2114 2116/2116/2116
f 2113/2113/2113 2099/2099/2099 2117/2117/2117
f 2118/2118/2118 2113/2113/2113 2117/2117/2117
f 2118/2118/2118 2116/2116/2116 2113/2113/2113
f 2099/2099/2099 2119/2119/2119 2117/2117/2117
f 2099/2099/2099 2093/2093/2093 2119/2119/2119
f 2119/2119/2119 2093/2093/2093 2097/2097/2097
f 2119/2119/2119 2120/2120/2120 2117/2117/2117
f 2118/2118/2118 2117/2117/2117 2120/2120/2120
f 2119/2119/2119 2097/2097/2097 2121/2121/2121
f 2119/2119/2119 2121/2121/2121 2120/2120/2120
f 2096/2096/2096 2121/2121/2121 2097/2097/2097
f 2120/2120/2120 2121/2121/2121 2122/2122/2122
f 2123/2123/2123 2121/2121/2121 2096/2096/2096
f 2123/2123/2123 2122/2122/2122 2121/2121/2121
f 2120/2120/2120 2122/2122/2122 2124/2124/2124
f 2123/2123/2123 2125/2125/2125 2122/2122/2122
f 2124/2124/2124 2122/2122/2122 2125/2125/2125
f 2124/2124/2124 2126/2126/2126 2120/2120/2120
f 2118/2118/2118 2120/2120/2120 2126/2126/2126
f 2124/2124/2124 2127/2127/2127 2126/2126/2126
f 2126/2126/2126 2128/2128/2128 2118/2118/2118
f 2124/2124/2124 2129/2129/2129 2127/2127/2127
f 2124/2124/2124 2125/2125/2125 2129/2129/2129
f 2127/2127/2127 2130/2130/2130 2126/2126/2126
f 2126/2126/2126 2130/2130/2130 2128/2128/2128
f 2127/2127/2127 2131/2131/2131 2130/2130/2130
f 2129/2129/2129 2131/2131/2131 2127/2127/2127
f 2130/2130/2130 2132/2132/2132 2128/2128/2128
f 2131/2131/2131 2132/2132/2132 2130/2130/2130
f 2118/2118/2118 2128/2128/2128 2133/2133/2133
f 2118/2118/2118 2133/2133/2133 2116/2116/2116
f 2134/2134/2134 2133/2133/2133 2128/2128/2128
f 2134/2134/2134 2135/2135/2135 2133/2133/2133
f 2135/2135/2135 2116/2116/2116 2133/2133/2133
f 2136/2136/2136 2134/2134/2134 2128/2128/2128
f 2132/2132/2132 2136/2136/2136 2128/2128/2128
f 2135/2135/2135 2137/2137/2137 2116/2116/2116
f 2132/2132/2132 2138/2138/2138 2136/2136/2136
f 2115/2115/2115 2116/2116/2116 2137/2137/2137
f 2132/2132/2132 2139/2139/2139 2138/2138/2138
f 2140/2140/2140 2115/2115/2115 2137/2137/2137
f 2132/2132/2132 2141/2141/2141 2139/2139/2139
f 2140/2140/2140 2142/2142/2142 2115/2115/2115
f 2141/2141/2141 2143/2143/2143 2139/2139/2139
f 2144/2144/2144 2142/2142/2142 2140/2140/2140
f 2144/2144/2144 2140/2140/2140 2145/2145/2145
f 2146/2146/2146 2115/2115/2115 2142/2142/2142
f 2144/2144/2144 2146/2146/2146 2142/2142/2142
f 2115/2115/2115 2146/2146/2146 2110/2110/2110
f 2146/2146/2146 2106/2106/2106 2110/2110/2110
f 2106/2106/2106 2146/2146/2146 2147/2147/2147
f 2144/2144/2144 2147/2147/2147 2146/2146/2146
f 2147/2147/2147 2105/2105/2105 2106/2106/2106
f 2148/2148/2148 2147/2147/2147 2144/2144/2144
f 2148/2148/2148 2105/2105/2105 2147/2147/2147
f 2148/2148/2148 2144/2144/2144 2145/2145/2145
f 2104/2104/2104 2105/2105/2105 2148/2148/2148
f 2148/2148/2148 2145/2145/2145 2149/2149/2149
f 2104/2104/2104 2148/2148/2148 2149/2149/2149
f 2104/2104/2104 2149/2149/2149 2150/2150/2150
f 2080/2080/2080 2104/2104/2104 2150/2150/2150
f 2080/2080/2080 2150/2150/2150 2151/2151/2151
f 2080/2080/2080 2151/2151/2151 2152/2152/2152
f 2080/2080/2080 2152/2152/2152 2153/2153/2153
f 2080/2080/2080 2153/2153/2153 2075/2075/2075
f 2153/2153/2153 2072/2072/2072 2075/2075/2075
f 2154/2154/2154 2152/2152/2152 2151/2151/2151
f 2154/2154/2154 2151/2151/2151 2155/2155/2155
f 2156/2156/2156 2154/2154/2154 2155/2155/2155
f 2154/2154/2154 2157/2157/2157 2152/2152/2152
f 2157/2157/2157 2153/2153/2153 2152/2152/2152
f 2156/2156/2156 2158/2158/2158 2154/2154/2154
f 2158/2158/2158 2157/2157/2157 2154/2154/2154
f 2158/2158/2158 2156/2156/2156 2159/2159/2159
f 2157/2157/2157 2160/2160/2160 2153/2153/2153
f 2160/2160/2160 2072/2072/2072 2153/2153/2153
f 2160/2160/2160 2069/2069/2069 2072/2072/2072
f 2161/2161/2161 2160/2160/2160 2157/2157/2157
f 2158/2158/2158 2161/2161/2161 2157/2157/2157
f 2162/2162/2162 2069/2069/2069 2160/2160/2160
f 2161/2161/2161 2162/2162/2162 2160/2160/2160
f 2162/2162/2162 2163/2163/2163 2069/2069/2069
f 2161/2161/2161 2164/2164/2164 2162/2162/2162
f 2165/2165/2165 2161/2161/2161 2158/2158/2158
f 2158/2158/2158 2159/2159/2159 2165/2165/2165
f 2161/2161/2161 2166/2166/2166 2164/2164/2164
f 2165/2165/2165 2166/2166/2166 2161/2161/2161
f 2167/2167/2167 2164/2164/2164 2166/2166/2166
f 2166/2166/2166 2165/2165/2165 2167/2167/2167
f 2159/2159/2159 2167/2167/2167 2165/2165/2165
f 2167/2167/2167 2168/2168/2168 2164/2164/2164
f 2159/2159/2159 2169/2169/2169 2167/2167/2167
f 2170/2170/2170 2168/2168/2168 2167/2167/2167
f 2169/2169/2169 2170/2170/2170 2167/2167/2167
f 2170/2170/2170 2171/2171/2171 2168/2168/2168
f 2169/2169/2169 2172/2172/2172 2170/2170/2170
f 1806/1806/1806 1961/1961/1961 2173/2173/2173
f 1806/1806/1806 2173/2173/2173 2174/2174/2174
f 1806/1806/1806 2174/2174/2174 1802/1802/1802
f 2175/2175/2175 2173/2173/2173 1961/1961/1961
f 1802/1802/1802 2174/2174/2174 1804/1804/1804
f 2175/2175/2175 1961/1961/1961 1971/1971/1971
f 2174/2174/2174 2173/2173/2173 2176/2176/2176
f 2173/2173/2173 2175/2175/2175 2176/2176/2176
f 2174/2174/2174 2176/2176/2176 1804/1804/1804
f 2177/2177/2177 2175/2175/2175 1971/1971/1971
f 2177/2177/2177 1971/1971/1971 1989/1989/1989
f 2176/2176/2176 2175/2175/2175 2178/2178/2178
f 2178/2178/2178 2175/2175/2175 2177/2177/2177
f 2176/2176/2176 2178/2178/2178 1804/1804/1804
f 2177/2177/2177 1989/1989/1989 2179/2179/2179
f 2178/2178/2178 2177/2177/2177 2179/2179/2179
f 2179/2179/2179 1804/1804/1804 2178/2178/2178
f 1923/1923/1923 2179/2179/2179 1989/1989/1989
f 1921/1921/1921 1804/1804/1804 2179/2179/2179
f 1921/1921/1921 2179/2179/2179 1923/1923/1923
f 2091/2091/2091 2087/2087/2087 2180/2180/2180
f 2096/2096/2096 2091/2091/2091 2180/2180/2180
f 2087/2087/2087 2181/2181/2181 2180/2180/2180
f 2096/2096/2096 2180/2180/2180 2182/2182/2182
f 2182/2182/2182 2123/2123/2123 2096/2096/2096
f 2087/2087/2087 2183/2183/2183 2181/2181/2181
f 2184/2184/2184 2182/2182/2182 2180/2180/2180
f 2180/2180/2180 2181/2181/2181 2184/2184/2184
f 2087/2087/2087 2040/2040/2040 2183/2183/2183
f 2182/2182/2182 2185/2185/2185 2123/2123/2123
f 2185/2185/2185 2125/2125/2125 2123/2123/2123
f 2186/2186/2186 2185/2185/2185 2182/2182/2182
f 2184/2184/2184 2186/2186/2186 2182/2182/2182
f 2187/2187/2187 2125/2125/2125 2185/2185/2185
f 2186/2186/2186 2188/2188/2188 2185/2185/2185
f 2187/2187/2187 2185/2185/2185 2188/2188/2188
f 2189/2189/2189 2188/2188/2188 2186/2186/2186
f 2184/2184/2184 2190/2190/2190 2186/2186/2186
f 2189/2189/2189 2186/2186/2186 2190/2190/2190
f 2191/2191/2191 2184/2184/2184 2181/2181/2181
f 2190/2190/2190 2184/2184/2184 2191/2191/2191
f 2183/2183/2183 2191/2191/2191 2181/2181/2181
f 2189/2189/2189 2192/2192/2192 2188/2188/2188
f 2187/2187/2187 2188/2188/2188 2192/2192/2192
f 2192/2192/2192 2193/2193/2193 2187/2187/2187
f 2194/2194/2194 2192/2192/2192 2189/2189/2189
f 2194/2194/2194 2193/2193/2193 2192/2192/2192
f 2190/2190/2190 2195/2195/2195 2189/2189/2189
f 2195/2195/2195 2194/2194/2194 2189/2189/2189
f 2190/2190/2190 2191/2191/2191 2196/2196/2196
f 2195/2195/2195 2190/2190/2190 2196/2196/2196
f 2197/2197/2197 2196/2196/2196 2191/2191/2191
f 2183/2183/2183 2197/2197/2197 2191/2191/2191
f 2198/2198/2198 2195/2195/2195 2196/2196/2196
f 2197/2197/2197 2199/2199/2199 2196/2196/2196
f 2198/2198/2198 2196/2196/2196 2199/2199/2199
f 2200/2200/2200 2197/2197/2197 2183/2183/2183
f 2200/2200/2200 2199/2199/2199 2197/2197/2197
f 2200/2200/2200 2183/2183/2183 2201/2201/2201
f 2201/2201/2201 2183/2183/2183 2040/2040/2040
f 2201/2201/2201 2040/2040/2040 1948/1948/1948
f 1943/1943/1943 2201/2201/2201 1948/1948/1948
f 1945/1945/1945 2201/2201/2201 1943/1943/1943
f 1945/1945/1945 2200/2200/2200 2201/2201/2201
f 2200/2200/2200 2202/2202/2202 2199/2199/2199
f 1945/1945/1945 2202/2202/2202 2200/2200/2200
f 2203/2203/2203 2199/2199/2199 2202/2202/2202
f 2203/2203/2203 2198/2198/2198 2199/2199/2199
f 1945/1945/1945 2204/2204/2204 2202/2202/2202
f 2204/2204/2204 1945/1945/1945 1953/1953/1953
f 2202/2202/2202 2205/2205/2205 2203/2203/2203
f 2202/2202/2202 2204/2204/2204 2205/2205/2205
f 2206/2206/2206 2198/2198/2198 2203/2203/2203
f 2204/2204/2204 1953/1953/1953 2207/2207/2207
f 2207/2207/2207 1953/1953/1953 1803/1803/1803
f 2204/2204/2204 2208/2208/2208 2205/2205/2205
f 2204/2204/2204 2207/2207/2207 2208/2208/2208
f 2207/2207/2207 1803/1803/1803 2209/2209/2209
f 1805/1805/1805 2209/2209/2209 1803/1803/1803
f 2207/2207/2207 2209/2209/2209 2210/2210/2210
f 2210/2210/2210 2209/2209/2209 1805/1805/1805
f 2207/2207/2207 2210/2210/2210 2208/2208/2208
f 2210/2210/2210 1805/1805/1805 1809/1809/1809
f 2211/2211/2211 2205/2205/2205 2208/2208/2208
f 1809/1809/1809 2212/2212/2212 2210/2210/2210
f 2208/2208/2208 2210/2210/2210 2212/2212/2212
f 2213/2213/2213 2203/2203/2203 2205/2205/2205
f 2213/2213/2213 2205/2205/2205 2211/2211/2211
f 2206/2206/2206 2203/2203/2203 2213/2213/2213
f 2211/2211/2211 2208/2208/2208 2214/2214/2214
f 2208/2208/2208 2212/2212/2212 2214/2214/2214
f 2211/2211/2211 2215/2215/2215 2213/2213/2213
f 2216/2216/2216 2206/2206/2206 2213/2213/2213
f 2216/2216/2216 2213/2213/2213 2215/2215/2215
f 2211/2211/2211 2217/2217/2217 2215/2215/2215
f 2218/2218/2218 2206/2206/2206 2216/2216/2216
f 2217/2217/2217 2211/2211/2211 2219/2219/2219
f 2214/2214/2214 2219/2219/2219 2211/2211/2211
f 2220/2220/2220 2215/2215/2215 2217/2217/2217
f 2215/2215/2215 2141/2141/2141 2216/2216/2216
f 2215/2215/2215 2220/2220/2220 2141/2141/2141
f 2221/2221/2221 2216/2216/2216 2141/2141/2141
f 2221/2221/2221 2218/2218/2218 2216/2216/2216
f 2132/2132/2132 2221/2221/2221 2141/2141/2141
f 2131/2131/2131 2221/2221/2221 2132/2132/2132
f 2131/2131/2131 2218/2218/2218 2221/2221/2221
f 2141/2141/2141 2220/2220/2220 2143/2143/2143
f 2220/2220/2220 2217/2217/2217 2222/2222/2222
f 2143/2143/2143 2220/2220/2220 2222/2222/2222
f 2222/2222/2222 2217/2217/2217 2219/2219/2219
f 2143/2143/2143 2222/2222/2222 2223/2223/2223
f 2224/2224/2224 2223/2223/2223 2222/2222/2222
f 2222/2222/2222 2219/2219/2219 2224/2224/2224
f 2224/2224/2224 2225/2225/2225 2223/2223/2223
f 2225/2225/2225 2224/2224/2224 2226/2226/2226
f 2225/2225/2225 2226/2226/2226 2227/2227/2227
f 2227/2227/2227 2226/2226/2226 2228/2228/2228
f 2226/2226/2226 2229/2229/2229 2228/2228/2228
f 2224/2224/2224 2219/2219/2219 2230/2230/2230
f 2224/2224/2224 2230/2230/2230 2226/2226/2226
f 2214/2214/2214 2230/2230/2230 2219/2219/2219
f 2226/2226/2226 2230/2230/2230 2231/2231/2231
f 2214/2214/2214 2231/2231/2231 2230/2230/2230
f 2226/2226/2226 2231/2231/2231 2229/2229/2229
f 2214/2214/2214 2232/2232/2232 2231/2231/2231
f 2232/2232/2232 2229/2229/2229 2231/2231/2231
f 2232/2232/2232 2233/2233/2233 2229/2229/2229
f 2214/2214/2214 2212/2212/2212 2232/2232/2232
f 2234/2234/2234 2233/2233/2233 2232/2232/2232
f 2234/2234/2234 2232/2232/2232 2212/2212/2212
f 2234/2234/2234 2235/2235/2235 2233/2233/2233
f 2236/2236/2236 2235/2235/2235 2234/2234/2234
f 2236/2236/2236 2234/2234/2234 2212/2212/2212
f 2236/2236/2236 2237/2237/2237 2235/2235/2235
f 2238/2238/2238 2237/2237/2237 2236/2236/2236
f 2236/2236/2236 2212/2212/2212 2239/2239/2239
f 2238/2238/2238 2236/2236/2236 2239/2239/2239
f 1809/1809/1809 2239/2239/2239 2212/2212/2212
f 1829/1829/1829 2239/2239/2239 1809/1809/1809
f 2238/2238/2238 2239/2239/2239 1829/1829/1829
f 2238/2238/2238 2240/2240/2240 2237/2237/2237
f 2241/2241/2241 2240/2240/2240 2238/2238/2238
f 2240/2240/2240 2241/2241/2241 2242/2242/2242
f 2243/2243/2243 2238/2238/2238 1829/1829/1829
f 2241/2241/2241 2238/2238/2238 2243/2243/2243
f 2243/2243/2243 1829/1829/1829 1834/1834/1834
f 2242/2242/2242 2241/2241/2241 2244/2244/2244
f 1834/1834/1834 1839/1839/1839 2243/2243/2243
f 1839/1839/1839 2245/2245/2245 2243/2243/2243
f 2241/2241/2241 2243/2243/2243 2245/2245/2245
f 1839/1839/1839 2246/2246/2246 2245/2245/2245
f 2244/2244/2244 2241/2241/2241 2247/2247/2247
f 2247/2247/2247 2241/2241/2241 2245/2245/2245
f 2246/2246/2246 2247/2247/2247 2245/2245/2245
f 2248/2248/2248 2244/2244/2244 2247/2247/2247
f 2246/2246/2246 2248/2248/2248 2247/2247/2247
f 2129/2129/2129 2125/2125/2125 2249/2249/2249
f 2250/2250/2250 2249/2249/2249 2125/2125/2125
f 2187/2187/2187 2250/2250/2250 2125/2125/2125
f 2187/2187/2187 2251/2251/2251 2250/2250/2250
f 2250/2250/2250 2251/2251/2251 2249/2249/2249
f 2187/2187/2187 2193/2193/2193 2251/2251/2251
f 2251/2251/2251 2193/2193/2193 2194/2194/2194
f 2251/2251/2251 2194/2194/2194 2249/2249/2249
f 2249/2249/2249 2252/2252/2252 2129/2129/2129
f 2194/2194/2194 2252/2252/2252 2249/2249/2249
f 2129/2129/2129 2252/2252/2252 2131/2131/2131
f 2131/2131/2131 2252/2252/2252 2218/2218/2218
f 2252/2252/2252 2194/2194/2194 2253/2253/2253
f 2252/2252/2252 2253/2253/2253 2218/2218/2218
f 2195/2195/2195 2253/2253/2253 2194/2194/2194
f 2218/2218/2218 2253/2253/2253 2206/2206/2206
f 2198/2198/2198 2253/2253/2253 2195/2195/2195
f 2198/2198/2198 2206/2206/2206 2253/2253/2253
f 2254/2254/2254 2255/2255/2255 2256/2256/2256
f 2257/2257/2257 2258/2258/2258 2259/2259/2259
