# Crytek Sponza via Khronos glTF-Sample-Assets; floor at y=0
v 10.875901 3.080360 0.286755
v 10.875902 3.080634 0.240064
v 10.834438 3.071144 0.246531
v 10.875894 3.071196 0.299626
v 10.815837 3.058746 0.194663
v 10.785158 3.042902 0.225496
v 10.800550 3.059145 0.209624
v 10.849012 3.087123 0.206043
v 10.875906 3.099069 0.238488
v 10.875905 3.103219 0.201816
v 10.825205 3.060542 0.179489
v 10.778713 3.037340 0.160278
v 10.820444 3.069212 0.163234
v 10.839290 3.102034 0.167110
v 10.875906 3.122211 0.196070
v 10.875892 3.109350 0.153730
v 10.800861 3.078867 0.133521
v 10.834166 3.101282 0.122344
v 10.875892 3.119500 0.140408
v 10.875881 3.100233 0.111502
v 10.875870 3.075286 0.075764
v 10.802435 3.073508 0.095542
v 10.763019 3.038883 0.106714
v 10.773653 3.036039 0.068795
v 10.810890 3.056283 0.055652
v 10.875876 3.085726 0.063879
v 10.875861 3.055026 0.047388
v 10.875842 3.031214 0.019325
v 10.787578 3.022159 0.043213
v 10.746144 2.992813 0.082847
v 10.732843 2.989179 0.133353
v 10.738702 2.988702 0.168844
v 10.724301 2.921333 0.140294
v 10.766231 2.984131 0.022278
v 10.726973 2.922167 0.046327
v 10.750693 3.043953 -0.076372
v 10.875856 3.061357 0.002570
v 10.709591 2.982481 -0.025374
v 10.699200 2.912990 -0.011926
v 10.817512 3.075982 -0.028008
v 10.875882 3.101464 -0.003564
v 10.875885 3.103900 -0.017605
v 10.821980 3.091100 -0.039485
v 10.875887 3.115225 -0.025801
v 10.875876 3.108029 -0.043238
v 10.800779 3.094347 -0.073738
v 10.819584 3.112377 -0.064354
v 10.875878 3.129630 -0.054445
v 10.875880 3.111714 -0.077184
v 10.875880 3.088885 -0.096131
v 10.818847 3.065900 -0.107612
v 10.875883 3.086075 -0.119330
v 10.875867 3.074335 -0.132484
v 10.733456 3.021743 -0.127049
v 10.782379 3.058264 -0.173187
v 10.875874 3.079827 -0.165171
v 10.875878 3.082106 -0.210986
v 10.763814 3.012311 -0.193153
v 10.795293 3.071068 -0.232069
v 10.820808 3.070914 -0.277540
v 10.875877 3.076781 -0.267073
v 10.875879 3.076662 -0.302760
v 10.875870 3.059827 -0.288967
v 10.875852 3.045667 -0.264685
v 10.795591 3.034508 -0.256033
v 10.875852 3.041378 -0.276377
v 10.875850 3.033627 -0.283286
v 10.775878 2.969335 -0.211636
v 10.724580 2.925142 -0.144995
v 10.707626 2.956678 -0.084146
v 10.687961 2.897295 -0.062620
v 10.701371 2.830677 -0.099236
v 10.690391 2.842605 -0.032820
v 10.712894 2.828588 0.033734
v 10.659157 2.753929 0.024044
v 10.680834 2.835576 0.111986
v 10.647008 2.755102 -0.039524
v 10.643469 2.755848 0.089880
v 10.592081 2.673860 0.022171
v 10.649317 2.753164 0.150348
v 10.693292 2.832725 0.174669
v 10.573270 2.671597 0.084157
v 10.573292 2.671583 -0.039818
v 10.561073 2.610961 0.022171
v 10.639189 2.745347 -0.097597
v 10.542652 2.609118 -0.036968
v 10.716123 2.798544 -0.163338
v 10.559158 2.655967 -0.094066
v 10.655538 2.720838 -0.141648
v 10.555113 2.567243 -0.092927
v 10.563268 2.637690 -0.139896
v 10.587343 2.619813 -0.175859
v 10.674502 2.701559 -0.175833
v 10.734066 2.882444 -0.198337
v 10.752151 2.825938 -0.252197
v 10.722984 2.760871 -0.217994
v 10.749549 2.936017 -0.251201
v 10.772580 2.991546 -0.292432
v 10.759465 2.777586 -0.297045
v 10.792747 3.009082 -0.277082
v 10.811560 3.027026 -0.314655
v 10.875864 3.032933 -0.313697
v 10.875875 3.034050 -0.339796
v 10.875863 3.015958 -0.333495
v 10.772142 2.881156 -0.308018
v 10.785290 2.954129 -0.318112
v 10.801686 2.985011 -0.357766
v 10.821696 3.000034 -0.388400
v 10.875872 3.010591 -0.369848
v 10.875876 3.015247 -0.412468
v 10.875873 2.989608 -0.405276
v 10.875859 2.964446 -0.379952
v 10.875842 2.932270 -0.377107
v 10.799695 2.895051 -0.369092
v 10.812554 2.906342 -0.432864
v 10.875858 2.921505 -0.423960
v 10.795861 2.866211 -0.382420
v 10.848226 2.922178 -0.475231
v 10.875892 2.931775 -0.471329
v 10.875906 2.940263 -0.500009
v 10.875893 2.914299 -0.483953
v 10.875883 2.895851 -0.455400
v 10.829409 2.873257 -0.437195
v 10.863958 2.874515 -0.484490
v 10.875907 2.884813 -0.486793
v 10.875919 2.885545 -0.519443
v 10.875919 2.862098 -0.504897
v 10.816556 2.848315 -0.449646
v 10.848690 2.838039 -0.497632
v 10.869925 2.826760 -0.522715
v 10.875930 2.837212 -0.528601
v 10.875938 2.814911 -0.545619
v 10.875912 2.812614 -0.513782
v 10.875896 2.805375 -0.492435
v 10.875868 2.807962 -0.454506
v 10.780299 2.820542 -0.388361
v 10.746971 2.830113 -0.327119
v 10.768909 2.798003 -0.333111
v 10.775891 2.791930 -0.394769
v 10.746638 2.769791 -0.354780
v 10.739048 2.746186 -0.324832
v 10.781791 2.739244 -0.364094
v 10.739148 2.726961 -0.278404
v 10.768088 2.718741 -0.320344
v 10.801180 2.759108 -0.407372
v 10.787875 2.781819 -0.437280
v 10.801576 2.774166 -0.470373
v 10.875873 2.795239 -0.468715
v 10.819418 2.757633 -0.455990
v 10.835308 2.759347 -0.501842
v 10.875893 2.773758 -0.502865
v 10.875908 2.740614 -0.523544
v 10.845403 2.749399 -0.486415
v 10.875902 2.706101 -0.503099
v 10.831258 2.732750 -0.458544
v 10.815993 2.717039 -0.527600
v 10.796870 2.752536 -0.475458
v 10.776769 2.746429 -0.409823
v 10.786626 2.726043 -0.471426
v 10.828949 2.662964 -0.551717
v 10.875912 2.662040 -0.519102
v 10.804185 2.701003 -0.514208
v 10.827804 2.599756 -0.540220
v 10.875904 2.597518 -0.500289
v 10.816728 2.658306 -0.536959
v 10.834132 2.690417 -0.490428
v 10.812543 2.607819 -0.524066
v 10.816184 2.544046 -0.503276
v 10.847291 2.653430 -0.493645
v 10.828900 2.708297 -0.452624
v 10.875898 2.545311 -0.490516
v 10.807584 2.707978 -0.411376
v 10.851680 2.670818 -0.416192
v 10.769008 2.725326 -0.416376
v 10.815222 2.657355 -0.354956
v 10.759595 2.710670 -0.375022
v 10.787644 2.691303 -0.373246
v 10.755675 2.682598 -0.336488
v 10.849748 2.603549 -0.417836
v 10.751431 2.634630 -0.340391
v 10.828834 2.597009 -0.358555
v 10.735876 2.610977 -0.291052
v 10.726063 2.659414 -0.257289
v 10.758386 2.586045 -0.352680
v 10.815027 2.550769 -0.382063
v 10.692809 2.685731 -0.212140
v 10.664591 2.603172 -0.249951
v 10.616923 2.612955 -0.215146
v 10.705333 2.589664 -0.273332
v 10.647039 2.565683 -0.239771
v 10.605088 2.568448 -0.202836
v 10.750306 2.552966 -0.302900
v 10.700558 2.542294 -0.276499
v 10.642297 2.537986 -0.223623
v 10.791739 2.529787 -0.356695
v 10.752540 2.469832 -0.311594
v 10.797668 2.516892 -0.409523
v 10.677526 2.519741 -0.251482
v 10.675689 2.474526 -0.265787
v 10.788802 2.493917 -0.358839
v 10.826997 2.539890 -0.427295
v 10.780764 2.489554 -0.410208
v 10.835035 2.560490 -0.470605
v 10.846714 2.602200 -0.482339
v 10.800481 2.563568 -0.487299
v 10.796892 2.528996 -0.448334
v 10.796709 2.503117 -0.462320
v 10.830887 2.494290 -0.452170
v 10.810042 2.476020 -0.408129
v 10.801918 2.453504 -0.357884
v 10.814323 2.443086 -0.411792
v 10.834571 2.510777 -0.514409
v 10.815872 2.460977 -0.475096
v 10.866855 2.543237 -0.535838
v 10.875918 2.551429 -0.523978
v 10.875938 2.552533 -0.556067
v 10.875920 2.529534 -0.560126
v 10.853082 2.507080 -0.559850
v 10.875918 2.498482 -0.589987
v 10.875913 2.487536 -0.572662
v 10.842632 2.471039 -0.530293
v 10.875914 2.467636 -0.573873
v 10.825465 2.456891 -0.529553
v 10.855343 2.451730 -0.566503
v 10.875919 2.441785 -0.591272
v 10.875910 2.432180 -0.573273
v 10.830543 2.440560 -0.526494
v 10.854233 2.425202 -0.561659
v 10.875912 2.419137 -0.581054
v 10.791785 2.422552 -0.477769
v 10.875906 2.408091 -0.572225
v 10.825485 2.424219 -0.523856
v 10.830842 2.413181 -0.524741
v 10.807166 2.390227 -0.471450
v 10.770868 2.424518 -0.412041
v 10.769944 2.406123 -0.358541
v 10.777905 2.388440 -0.408792
v 10.827488 2.390650 -0.526840
v 10.802656 2.348150 -0.456637
v 10.773401 2.345932 -0.395148
v 10.852148 2.393011 -0.556176
v 10.875911 2.388989 -0.575991
v 10.875902 2.378455 -0.548273
v 10.875892 2.364764 -0.526970
v 10.846359 2.322972 -0.544879
v 10.875901 2.345930 -0.554241
v 10.875909 2.311788 -0.582112
v 10.806627 2.295684 -0.452299
v 10.858139 2.270387 -0.585354
v 10.875914 2.277482 -0.597057
v 10.875917 2.251594 -0.608008
v 10.875924 2.241564 -0.577682
v 10.839714 2.279576 -0.514836
v 10.852113 2.223925 -0.521745
v 10.875876 2.192520 -0.478788
v 10.865450 2.218638 -0.550623
v 10.875918 2.199303 -0.567640
v 10.875918 2.199152 -0.545314
v 10.867471 2.207538 -0.529976
v 10.875919 2.186078 -0.542810
v 10.875912 2.195252 -0.524818
v 10.853080 2.205494 -0.505120
v 10.875902 2.182721 -0.517012
v 10.801318 2.202550 -0.450471
v 10.875868 2.176286 -0.476126
v 10.875859 2.168260 -0.448598
v 10.774473 2.256915 -0.399928
v 10.743886 2.244072 -0.371093
v 10.772051 2.297749 -0.359526
v 10.775442 2.351105 -0.334391
v 10.712358 2.331442 -0.298584
v 10.716665 2.405204 -0.313923
v 10.695561 2.457881 -0.298586
v 10.665104 2.378968 -0.283713
v 10.647300 2.420993 -0.251136
v 10.618190 2.382438 -0.215856
v 10.629283 2.319183 -0.243225
v 10.677719 2.265133 -0.251815
v 10.725072 2.256783 -0.316396
v 10.599186 2.282203 -0.198340
v 10.730363 2.223333 -0.280684
v 10.748837 2.213060 -0.359272
v 10.794459 2.168666 -0.420002
v 10.875863 2.142874 -0.450931
v 10.875849 2.139267 -0.429243
v 10.772462 2.186715 -0.339731
v 10.713099 2.193838 -0.268936
v 10.647461 2.200980 -0.203468
v 10.729414 2.174710 -0.345964
v 10.705884 2.160298 -0.263488
v 10.772376 2.127024 -0.395417
v 10.738967 2.137012 -0.332980
v 10.700571 2.116986 -0.258691
v 10.795011 2.089274 -0.418032
v 10.875854 2.109274 -0.434188
v 10.787521 2.088661 -0.387365
v 10.716163 2.103142 -0.330815
v 10.822047 2.063423 -0.440457
v 10.875870 2.074576 -0.446026
v 10.875881 2.045867 -0.458334
v 10.875878 2.039371 -0.437660
v 10.817185 2.049259 -0.419732
v 10.875886 2.022697 -0.429424
v 10.875868 2.020534 -0.414496
v 10.778272 2.010834 -0.396396
v 10.875874 1.969256 -0.411498
v 10.759284 2.063990 -0.375183
v 10.760126 2.081956 -0.306396
v 10.779502 2.043482 -0.351094
v 10.793978 1.953945 -0.395748
v 10.875883 1.902392 -0.413813
v 10.802830 1.995973 -0.362386
v 10.756241 2.014957 -0.331615
v 10.821890 1.897191 -0.399267
v 10.875894 1.862410 -0.409396
v 10.875886 1.896062 -0.383452
v 10.875868 1.940110 -0.362620
v 10.807575 1.961696 -0.352652
v 10.875866 1.932916 -0.342926
v 10.875846 1.947749 -0.334551
v 10.763798 1.951249 -0.325931
v 10.875848 1.910243 -0.314142
v 10.723052 2.046365 -0.296513
v 10.785362 1.908884 -0.307252
v 10.741206 1.993854 -0.311080
v 10.814251 1.871574 -0.290481
v 10.875867 1.867452 -0.294439
v 10.875878 1.841489 -0.285725
v 10.875859 1.848205 -0.277280
v 10.771800 1.902672 -0.289127
v 10.737357 1.961181 -0.293476
v 10.713126 1.993735 -0.260687
v 10.725884 2.021955 -0.271158
v 10.729080 2.098701 -0.240092
v 10.702405 2.067994 -0.230914
v 10.651656 2.103715 -0.171304
v 10.706775 2.041066 -0.214502
v 10.668346 2.047636 -0.151368
v 10.690280 2.016611 -0.212391
v 10.538086 2.175737 -0.206304
v 10.682166 2.025135 -0.134400
v 10.718939 2.014587 -0.204931
v 10.758769 1.998089 -0.249248
v 10.746462 1.959391 -0.235633
v 10.795450 1.972007 -0.273964
v 10.728770 1.997890 -0.183121
v 10.778724 1.914985 -0.238984
v 10.801809 1.916798 -0.269286
v 10.792577 1.857558 -0.263620
v 10.797229 1.865285 -0.235577
v 10.744201 1.890265 -0.205099
v 10.825437 1.803042 -0.251736
v 10.875882 1.800546 -0.268269
v 10.875906 1.748868 -0.263518
v 10.875887 1.781232 -0.217927
v 10.770871 1.847710 -0.207932
v 10.820971 1.804406 -0.190643
v 10.875887 1.768756 -0.203816
v 10.774822 1.864783 -0.170584
v 10.875876 1.776130 -0.184400
v 10.771289 1.833018 -0.142227
v 10.796726 1.784369 -0.163038
v 10.875876 1.749032 -0.180246
v 10.723931 1.885383 -0.127136
v 10.875861 1.762185 -0.142640
v 10.776794 1.838037 -0.105946
v 10.773982 1.822710 -0.073844
v 10.747203 1.924636 -0.151010
v 10.732742 1.876490 -0.086697
v 10.723741 1.933141 -0.189288
v 10.701610 1.969062 -0.164549
v 10.686686 1.990253 -0.138783
v 10.724435 1.968290 -0.135272
v 10.683448 1.988410 -0.093568
v 10.715687 1.944602 -0.115735
v 10.710272 1.925622 -0.082620
v 10.596656 2.012941 -0.105587
v 10.678293 1.952313 -0.049293
v 10.600264 1.950026 -0.054745
v 10.712088 1.911888 -0.045360
v 10.661921 1.925344 -0.032424
v 10.748305 1.868935 -0.045211
v 10.679030 1.872518 -0.038436
v 10.701934 1.826020 -0.039755
v 10.658772 1.910544 0.014228
v 10.683643 1.874242 0.026898
v 10.588839 1.923921 0.015972
v 10.673688 1.943739 0.065329
v 10.712071 1.825778 0.026633
v 10.714475 1.903230 0.072168
v 10.738127 1.845394 0.072655
v 10.771876 1.796011 0.076492
v 10.736398 1.845929 0.101199
v 10.756209 1.775009 0.011531
v 10.744547 1.780852 -0.049948
v 10.791692 1.751516 -0.077371
v 10.787417 1.730729 -0.010058
v 10.811253 1.734311 0.013204
v 10.875862 1.720730 -0.048165
v 10.842001 1.689553 -0.118627
v 10.875894 1.707022 -0.144597
v 10.875917 1.650778 -0.157760
v 10.875893 1.680553 -0.100626
v 10.827405 1.688065 -0.019436
v 10.875878 1.686921 -0.035060
v 10.875895 1.655856 -0.020004
v 10.875885 1.680093 -0.002944
v 10.875876 1.694431 0.026685
v 10.875861 1.713910 0.061008
v 10.801457 1.743767 0.107171
v 10.826378 1.712529 0.080336
v 10.875888 1.676296 0.068232
v 10.875889 1.689046 0.078891
v 10.832323 1.709606 0.095572
v 10.875894 1.681509 0.090681
v 10.875887 1.709475 0.107964
v 10.836704 1.733266 0.134476
v 10.875891 1.706705 0.129048
v 10.833281 1.737786 0.152344
v 10.875878 1.739737 0.167253
v 10.808694 1.769675 0.153197
v 10.875865 1.779436 0.200806
v 10.778101 1.793977 0.119061
v 10.806464 1.776010 0.181618
v 10.793436 1.823133 0.175350
v 10.784257 1.801358 0.198929
v 10.762694 1.846486 0.112949
v 10.760149 1.836026 0.137236
v 10.753200 1.897735 0.125701
v 10.713064 1.906198 0.112843
v 10.730086 1.883443 0.154638
v 10.665834 1.931683 0.103676
v 10.722125 1.943560 0.122854
v 10.602508 1.946099 0.093340
v 10.716690 1.946794 0.148458
v 10.674891 1.965611 0.114290
v 10.662137 1.963872 0.156318
v 10.710287 1.954837 0.171652
v 10.769750 1.907891 0.187960
v 10.728456 1.896348 0.221964
v 10.761767 1.840410 0.206379
v 10.771033 1.834861 0.233324
v 10.819098 1.794782 0.220552
v 10.875877 1.769522 0.216199
v 10.875883 1.759986 0.228097
v 10.768496 1.854334 0.247732
v 10.696308 1.952213 0.193434
v 10.718493 1.918746 0.239828
v 10.834319 1.797226 0.272445
v 10.652975 1.991725 0.175524
v 10.765026 1.862910 0.277320
v 10.697984 1.971838 0.209242
v 10.711654 1.931687 0.265578
v 10.839098 1.757621 0.253952
v 10.875913 1.707842 0.236293
v 10.875910 1.748040 0.261406
v 10.858391 1.774638 0.277237
v 10.875918 1.752482 0.279628
v 10.875909 1.782510 0.295979
v 10.875917 1.797722 0.320482
v 10.845632 1.843626 0.327748
v 10.864625 1.817908 0.338796
v 10.875929 1.779345 0.347468
v 10.875923 1.814437 0.357339
v 10.794720 1.916500 0.325019
v 10.876363 1.847822 0.373700
v 10.875938 1.802412 0.382220
v 10.875916 1.824559 0.400488
v 10.843349 1.876183 0.360696
v 10.834980 1.880926 0.393556
v 10.864480 1.861129 0.410846
v 10.875912 1.820320 0.422336
v 10.875918 1.861691 0.427680
v 10.845718 1.896682 0.404924
v 10.849137 1.908056 0.418379
v 10.875923 1.878014 0.435664
v 10.875914 1.906630 0.438032
v 10.795561 1.956282 0.401562
v 10.832223 1.947206 0.439012
v 10.873198 1.917037 0.473474
v 10.875928 1.893782 0.470575
v 10.875930 1.888545 0.506928
v 10.875924 1.930224 0.474725
v 10.875891 1.987583 0.450292
v 10.730993 1.976263 0.299219
v 10.808858 2.014859 0.422875
v 10.875878 2.026481 0.457359
v 10.729848 2.032865 0.371050
v 10.779318 2.120242 0.406294
v 10.722826 2.106742 0.302757
v 10.681601 1.982459 0.231983
v 10.686915 2.038685 0.246688
v 10.636773 2.002441 0.196081
v 10.578109 1.986628 0.157876
v 10.627191 2.050531 0.196509
v 10.634148 2.103277 0.223445
v 10.570416 2.048770 0.168512
v 10.555432 2.094638 0.225923
v 10.484773 2.038953 0.150964
v 10.504877 1.934287 0.092713
v 10.490160 1.980882 0.140784
v 10.459149 2.080058 0.195187
v 10.511048 1.924522 0.021009
v 10.505424 1.933462 -0.051808
v 10.431020 1.918970 0.022171
v 10.492885 1.984672 -0.096825
v 10.428604 1.942098 -0.037813
v 10.427252 1.939017 0.084400
v 10.412778 1.990163 0.113589
v 10.382625 1.964712 0.062974
v 10.405631 2.047010 0.113835
v 10.368648 2.008894 0.069496
v 10.376910 1.960659 0.022171
v 10.385095 1.966332 -0.017249
v 10.414468 1.991273 -0.066822
v 10.369839 2.009261 -0.024441
v 10.359436 2.014866 0.022171
v 10.354670 2.066369 0.064990
v 10.354866 2.066426 -0.020612
v 10.345794 2.064859 0.022171
v 10.400103 2.041706 -0.075716
v 10.483274 2.035486 -0.113099
v 10.573114 2.060291 -0.118008
v 10.556344 2.100633 -0.171658
v 10.621460 2.071199 -0.132416
v 10.458930 2.079616 -0.151457
v 10.375519 2.078032 -0.100855
v 10.437688 2.147969 -0.168226
v 10.332732 2.087693 -0.042845
v 10.357035 2.131471 -0.117032
v 10.314452 2.126780 -0.056702
v 10.332105 2.106914 -0.002267
v 10.383650 2.115760 0.022171
v 10.352088 2.187099 -0.108215
v 10.339614 2.157842 0.022171
v 10.314550 2.132402 -0.006417
v 10.302833 2.158320 -0.021291
v 10.309332 2.171637 -0.059038
v 10.317275 2.181139 -0.013501
v 10.316135 2.203875 -0.050441
v 10.419009 2.218935 -0.159876
v 10.519246 2.257846 -0.184021
v 10.498796 2.315975 -0.141368
v 10.401752 2.262989 -0.124932
v 10.356996 2.220114 -0.084456
v 10.449474 2.351264 -0.109731
v 10.589872 2.356596 -0.147927
v 10.532177 2.413613 -0.109376
v 10.374687 2.286420 -0.100292
v 10.330054 2.244900 -0.085876
v 10.318640 2.241823 -0.041432
v 10.397777 2.378102 -0.078205
v 10.290924 2.222698 -0.018400
v 10.341059 2.316042 -0.073604
v 10.304955 2.267878 -0.062944
v 10.279658 2.270144 -0.027013
v 10.311491 2.334680 -0.032389
v 10.368887 2.399231 -0.033616
v 10.317205 2.331906 0.022171
v 10.276539 2.267050 0.022171
v 10.290466 2.219190 0.022171
v 10.431108 2.469133 -0.035416
v 10.318916 2.181410 0.058032
v 10.289796 2.222132 0.063153
v 10.277627 2.270494 0.071907
v 10.321877 2.243338 0.083315
v 10.375320 2.396753 0.022171
v 10.308864 2.336494 0.077552
v 10.313826 2.203910 0.095857
v 10.302704 2.268018 0.109469
v 10.328326 2.244647 0.132412
v 10.338868 2.317450 0.121181
v 10.367663 2.400341 0.078437
v 10.430934 2.469290 0.079838
v 10.397060 2.378815 0.123920
v 10.373766 2.286972 0.146723
v 10.351971 2.220748 0.133888
v 10.449373 2.351387 0.154396
v 10.351585 2.187161 0.153111
v 10.401272 2.263350 0.170228
v 10.462646 2.443575 0.122719
v 10.498835 2.315929 0.185612
v 10.532181 2.413609 0.153707
v 10.522884 2.512560 0.119988
v 10.419026 2.218926 0.204184
v 10.519299 2.257792 0.228220
v 10.437351 2.147882 0.213300
v 10.538099 2.175738 0.250573
v 10.599247 2.282191 0.242592
v 10.589916 2.356571 0.192220
v 10.592606 2.442549 0.157527
v 10.635400 2.202652 0.243347
v 10.684811 2.164608 0.266758
v 10.675441 2.269178 0.297095
v 10.788215 2.187975 0.345365
v 10.629264 2.319179 0.287584
v 10.725060 2.244542 0.328128
v 10.617993 2.382489 0.260282
v 10.697752 2.333924 0.348035
v 10.763005 2.260583 0.372569
v 10.728542 2.288303 0.375376
v 10.744847 2.209149 0.387280
v 10.708729 2.262984 0.412178
v 10.708699 2.319668 0.399461
v 10.731828 2.218731 0.429737
v 10.774229 2.289822 0.430797
v 10.740969 2.155825 0.460974
v 10.781986 2.245823 0.453486
v 10.756526 2.344878 0.397026
v 10.786072 2.314547 0.476566
v 10.784202 2.095218 0.492044
v 10.814660 2.195861 0.486025
v 10.807194 2.262388 0.520392
v 10.815342 2.054118 0.515695
v 10.875893 2.024229 0.481156
v 10.875897 2.132164 0.526829
v 10.875898 2.090244 0.540804
v 10.852666 2.019365 0.537116
v 10.875915 2.004473 0.516289
v 10.875901 2.033553 0.556452
v 10.875906 1.994808 0.555830
v 10.846257 2.157296 0.533020
v 10.875911 2.134718 0.561644
v 10.875913 2.153252 0.559483
v 10.854991 2.186524 0.535954
v 10.875903 2.212573 0.557541
v 10.870118 2.175780 0.561180
v 10.875923 2.160639 0.586154
v 10.875915 2.186446 0.576273
v 10.845084 2.241722 0.574008
v 10.875912 2.225996 0.583114
v 10.875913 2.233038 0.618526
v 10.875908 2.262491 0.598520
v 10.828553 2.303845 0.545015
v 10.852426 2.287793 0.590920
v 10.875912 2.282163 0.623115
v 10.875912 2.298640 0.619728
v 10.867070 2.321423 0.602481
v 10.875923 2.313061 0.640549
v 10.875918 2.329753 0.612154
v 10.875899 2.350725 0.584830
v 10.838103 2.334874 0.557478
v 10.816990 2.379586 0.515797
v 10.782737 2.388026 0.429764
v 10.846380 2.391887 0.584343
v 10.875907 2.360066 0.613495
v 10.875925 2.381024 0.641265
v 10.875905 2.418708 0.621648
v 10.801981 2.461598 0.526920
v 10.844443 2.446390 0.599499
v 10.875905 2.438741 0.632008
v 10.875902 2.457562 0.617535
v 10.838446 2.479928 0.588294
v 10.875907 2.477102 0.630589
v 10.875901 2.502788 0.593914
v 10.806917 2.524442 0.510260
v 10.762127 2.480703 0.427464
v 10.796160 2.515837 0.461637
v 10.750058 2.459254 0.362750
v 10.721795 2.399075 0.359480
v 10.694525 2.456191 0.344751
v 10.660950 2.377874 0.324506
v 10.743116 2.538490 0.352401
v 10.647218 2.421019 0.295516
v 10.760723 2.550263 0.399638
v 10.702858 2.540009 0.318844
v 10.675767 2.474504 0.310092
v 10.638446 2.434808 0.242437
v 10.660295 2.459324 0.271716
v 10.622992 2.428657 0.194851
v 10.635496 2.490862 0.239557
v 10.606372 2.480985 0.201888
v 10.602255 2.474528 0.179631
v 10.635501 2.485267 0.177398
v 10.621572 2.516571 0.190232
v 10.608925 2.488027 0.169384
v 10.585198 2.474376 0.154052
v 10.555571 2.485902 0.145101
v 10.580858 2.525897 0.144518
v 10.610326 2.524277 0.157541
v 10.555151 2.567243 0.137241
v 10.549209 2.555093 0.177913
v 10.601718 2.538930 0.198443
v 10.636617 2.531867 0.223276
v 10.571655 2.560066 0.216453
v 10.617150 2.548024 0.232213
v 10.642329 2.538009 0.267940
v 10.563198 2.637732 0.184276
v 10.605120 2.568471 0.247141
v 10.587372 2.619793 0.220179
v 10.559042 2.656027 0.138449
v 10.656746 2.719818 0.187636
v 10.683115 2.712351 0.221612
v 10.616934 2.612948 0.259475
v 10.647085 2.565697 0.284053
v 10.653532 2.527108 0.253573
v 10.666862 2.516362 0.247302
v 10.676098 2.514119 0.270576
v 10.659691 2.500041 0.261204
v 10.679105 2.484744 0.286408
v 10.677571 2.519747 0.295799
v 10.708135 2.586654 0.314631
v 10.664872 2.602808 0.293993
v 10.739085 2.602325 0.336487
v 10.720233 2.653972 0.300196
v 10.695631 2.686134 0.262588
v 10.775951 2.617991 0.367400
v 10.793509 2.629689 0.398764
v 10.737494 2.756330 0.313310
v 10.753274 2.702570 0.350509
v 10.786371 2.694858 0.384949
v 10.769274 2.771849 0.378053
v 10.732674 2.776353 0.271385
v 10.779970 2.831798 0.314660
v 10.709440 2.789829 0.258798
v 10.710492 2.799112 0.229044
v 10.739128 2.846237 0.313028
v 10.752324 2.864709 0.276875
v 10.715095 2.822501 0.193705
v 10.542563 2.609154 0.081319
v 10.496410 2.542463 0.079348
v 10.504800 2.539020 0.022171
v 10.434674 2.466837 0.022171
v 10.496572 2.542336 -0.034932
v 10.522908 2.512547 -0.075612
v 10.462662 2.443559 -0.078340
v 10.555554 2.485907 -0.100796
v 10.580818 2.525888 -0.100246
v 10.549385 2.555177 -0.133550
v 10.585139 2.474390 -0.109830
v 10.592731 2.442502 -0.113039
v 10.571654 2.560065 -0.172112
v 10.617134 2.548004 -0.187884
v 10.601687 2.538880 -0.154132
v 10.610293 2.524251 -0.113226
v 10.636633 2.531879 -0.178916
v 10.621852 2.516677 -0.145797
v 10.608882 2.488025 -0.125097
v 10.602084 2.474644 -0.135386
v 10.635490 2.485269 -0.133059
v 10.606350 2.480989 -0.157548
v 10.635498 2.490861 -0.195212
v 10.622928 2.428672 -0.150551
v 10.638369 2.434829 -0.198136
v 10.660245 2.459343 -0.227397
v 10.679015 2.484763 -0.242084
v 10.659644 2.500059 -0.216894
v 10.666915 2.516370 -0.202904
v 10.676011 2.514095 -0.226242
v 10.653506 2.527064 -0.209238
v 10.831815 3.045606 0.287698
v 10.787031 3.001839 0.236704
v 10.854438 3.052632 0.336493
v 10.875908 3.067943 0.339428
v 10.875910 3.053068 0.378889
v 10.875904 3.029270 0.353157
v 10.806299 3.004037 0.310540
v 10.840698 3.015514 0.347753
v 10.875898 3.016454 0.375492
v 10.875886 3.001982 0.377136
v 10.840798 2.989726 0.359828
v 10.875893 2.985012 0.400226
v 10.875882 2.973347 0.368326
v 10.875867 2.959679 0.348856
v 10.774986 2.918849 0.333347
v 10.822572 2.927079 0.404102
v 10.875884 2.948812 0.400311
v 10.775726 2.945215 0.278792
v 10.859733 2.915788 0.459109
v 10.750622 2.888123 0.237971
v 10.755897 2.968566 0.255189
v 10.726569 2.914591 0.215301
v 10.746855 2.966305 0.187670
v 10.760172 2.873893 0.364651
v 10.831337 2.893150 0.415267
v 10.794444 2.855230 0.359696
v 10.805716 2.837372 0.411404
v 10.767362 2.808486 0.351197
v 10.793881 2.806576 0.427972
v 10.838459 2.811720 0.469393
v 10.815005 2.783407 0.446923
v 10.847899 2.826558 0.476087
v 10.841694 2.857722 0.472512
v 10.860549 2.906503 0.452292
v 10.875918 2.886472 0.470649
v 10.871494 2.901515 0.472253
v 10.875923 2.889642 0.490699
v 10.875921 2.897281 0.493461
v 10.857752 2.877912 0.467805
v 10.875913 2.871365 0.498346
v 10.875907 2.861067 0.501931
v 10.868675 2.922222 0.469669
v 10.875926 2.899747 0.507577
v 10.875913 2.928255 0.469404
v 10.858377 2.852624 0.498163
v 10.875909 2.844527 0.519360
v 10.875910 2.834930 0.515531
v 10.851647 2.830472 0.514391
v 10.875908 2.817360 0.543283
v 10.875907 2.810122 0.530364
v 10.854616 2.808439 0.508344
v 10.875909 2.788714 0.534772
v 10.875899 2.793775 0.510462
v 10.875886 2.793879 0.484148
v 10.875886 2.779603 0.503241
v 10.818888 2.788233 0.508665
v 10.838190 2.768407 0.559625
v 10.875909 2.763557 0.547969
v 10.875915 2.726134 0.573089
v 10.851718 2.736635 0.599234
v 10.847524 2.678950 0.602248
v 10.875906 2.676030 0.569114
v 10.844579 2.729280 0.584295
v 10.828500 2.754471 0.550511
v 10.834708 2.626018 0.578463
v 10.875892 2.623825 0.551951
v 10.837573 2.681906 0.589020
v 10.819074 2.583958 0.551295
v 10.875888 2.578503 0.533537
v 10.825233 2.632976 0.569589
v 10.855506 2.682226 0.550785
v 10.858063 2.721706 0.547666
v 10.842349 2.641027 0.535900
v 10.862854 2.688914 0.501085
v 10.854108 2.750598 0.532525
v 10.813407 2.771924 0.505321
v 10.872118 2.724293 0.491906
v 10.848251 2.760537 0.490655
v 10.854767 2.712743 0.444350
v 10.833190 2.755067 0.445948
v 10.798774 2.787064 0.458461
v 10.787084 2.769357 0.452617
v 10.786585 2.777702 0.434667
v 10.760303 2.746014 0.394961
v 10.785799 2.740008 0.406232
v 10.818026 2.733815 0.413279
v 10.832987 2.699795 0.395662
v 10.848909 2.661925 0.470327
v 10.844599 2.634963 0.408236
v 10.835210 2.617065 0.476136
v 10.813858 2.593024 0.453774
v 10.783845 2.559926 0.437108
v 10.823168 2.602063 0.511424
v 10.798761 2.572636 0.491634
v 10.766163 2.547027 0.482902
v 10.778066 2.525270 0.484441
v 10.772932 2.542530 0.510830
v 10.787854 2.563138 0.522934
v 10.788835 2.532151 0.508400
v 10.806626 2.593399 0.543024
v 10.802605 2.552628 0.528680
v 10.829869 2.550150 0.518123
v 10.875897 2.542977 0.572766
v 10.834758 2.527414 0.572759
v 10.875899 2.524592 0.608404
v 10.875878 2.026481 0.457359
v 10.875891 1.987583 0.450292
v 10.875881 2.007505 0.456620
v 10.375613 2.078135 0.145093
v 10.356996 2.131460 0.161419
v 10.332903 2.087845 0.087171
v 10.332459 2.107258 0.046955
v 10.314549 2.126817 0.101004
v 10.315279 2.132735 0.051154
v 10.303194 2.158322 0.065723
v 10.308625 2.171680 0.103738
v -10.934861 3.080360 -0.242411
v -10.934863 3.080634 -0.195720
v -10.893400 3.071144 -0.202187
v -10.934855 3.071196 -0.255282
v -10.874798 3.058746 -0.150318
v -10.844119 3.042902 -0.181152
v -10.859511 3.059145 -0.165280
v -10.907974 3.087123 -0.161698
v -10.934867 3.099069 -0.194144
v -10.934867 3.103219 -0.157472
v -10.884166 3.060542 -0.135145
v -10.837673 3.037340 -0.115934
v -10.879406 3.069212 -0.118889
v -10.898250 3.102034 -0.122766
v -10.934867 3.122211 -0.151726
v -10.934853 3.109350 -0.109386
v -10.859822 3.078867 -0.089176
v -10.893126 3.101282 -0.078000
v -10.934853 3.119500 -0.096064
v -10.934841 3.100233 -0.067158
v -10.934832 3.075286 -0.031419
v -10.861396 3.073508 -0.051197
v -10.821980 3.038883 -0.062370
v -10.832615 3.036039 -0.024450
v -10.869851 3.056283 -0.011308
v -10.934837 3.085726 -0.019535
v -10.934822 3.055026 -0.003044
v -10.934804 3.031214 0.025020
v -10.846539 3.022159 0.001131
v -10.805105 2.992813 -0.038502
v -10.791804 2.989179 -0.089008
v -10.797664 2.988702 -0.124500
v -10.783263 2.921333 -0.095950
v -10.825193 2.984131 0.022066
v -10.785933 2.922167 -0.001983
v -10.809654 3.043953 0.120716
v -10.934816 3.061357 0.041775
v -10.768552 2.982481 0.069718
v -10.758162 2.912990 0.056270
v -10.876474 3.075982 0.072353
v -10.934843 3.101464 0.047908
v -10.934847 3.103900 0.061950
v -10.880941 3.091100 0.083829
v -10.934849 3.115225 0.070145
v -10.934837 3.108029 0.087582
v -10.859740 3.094347 0.118082
v -10.878546 3.112377 0.108698
v -10.934839 3.129630 0.098789
v -10.934841 3.111714 0.121528
v -10.934841 3.088885 0.140475
v -10.877808 3.065900 0.151956
v -10.934845 3.086075 0.163674
v -10.934828 3.074335 0.176828
v -10.792416 3.021743 0.171394
v -10.841341 3.058264 0.217532
v -10.934835 3.079827 0.209516
v -10.934839 3.082106 0.255330
v -10.822775 3.012311 0.237498
v -10.854253 3.071068 0.276414
v -10.879769 3.070914 0.321885
v -10.934837 3.076781 0.311418
v -10.934841 3.076662 0.347104
v -10.934832 3.059827 0.333311
v -10.934812 3.045667 0.309030
v -10.854552 3.034508 0.300377
v -10.934814 3.041378 0.320721
v -10.934812 3.033627 0.327630
v -10.834839 2.969335 0.255980
v -10.783541 2.925142 0.189340
v -10.766585 2.956678 0.128490
v -10.746921 2.897295 0.106964
v -10.760332 2.830677 0.143580
v -10.749353 2.842605 0.077165
v -10.771855 2.828588 0.010611
v -10.718119 2.753929 0.020300
v -10.739794 2.835576 -0.067642
v -10.705970 2.755102 0.083868
v -10.702431 2.755848 -0.045536
v -10.651042 2.673860 0.022174
v -10.708279 2.753164 -0.106004
v -10.752251 2.832725 -0.130325
v -10.632230 2.671597 -0.039812
v -10.632251 2.671583 0.084162
v -10.620033 2.610961 0.022174
v -10.698150 2.745347 0.141942
v -10.601613 2.609118 0.081312
v -10.775084 2.798544 0.207683
v -10.618119 2.655967 0.138410
v -10.714498 2.720838 0.185992
v -10.614074 2.567243 0.137271
v -10.622228 2.637690 0.184241
v -10.646304 2.619813 0.220203
v -10.733462 2.701559 0.220177
v -10.793027 2.882444 0.242681
v -10.811113 2.825938 0.296541
v -10.781945 2.760871 0.262338
v -10.808509 2.936017 0.295546
v -10.831541 2.991546 0.336776
v -10.818427 2.777586 0.341389
v -10.851709 3.009082 0.321427
v -10.870521 3.027026 0.358999
v -10.934826 3.032933 0.358041
v -10.934835 3.034050 0.384140
v -10.934824 3.015958 0.377840
v -10.831103 2.881156 0.352363
v -10.844251 2.954129 0.362456
v -10.860646 2.985011 0.402111
v -10.880658 3.000034 0.432744
v -10.934834 3.010591 0.414192
v -10.934837 3.015247 0.456812
v -10.934834 2.989608 0.449621
v -10.934820 2.964446 0.424296
v -10.934804 2.932270 0.421451
v -10.858656 2.895051 0.413436
v -10.871515 2.906342 0.477208
v -10.934820 2.921505 0.468304
v -10.854822 2.866211 0.426764
v -10.907187 2.922178 0.519575
v -10.934853 2.931775 0.515674
v -10.934867 2.940263 0.544353
v -10.934855 2.914299 0.528297
v -10.934843 2.895851 0.499745
v -10.888371 2.873257 0.481540
v -10.922919 2.874515 0.528834
v -10.934869 2.884813 0.531138
v -10.934880 2.885545 0.563788
v -10.934880 2.862098 0.549241
v -10.875517 2.848315 0.493990
v -10.907650 2.838039 0.541976
v -10.928886 2.826760 0.567059
v -10.934892 2.837212 0.572945
v -10.934898 2.814911 0.589964
v -10.934873 2.812614 0.558126
v -10.934857 2.805375 0.536779
v -10.934830 2.807962 0.498851
v -10.839261 2.820542 0.432705
v -10.805931 2.830113 0.371464
v -10.827869 2.798003 0.377455
v -10.834851 2.791930 0.439113
v -10.805599 2.769791 0.399124
v -10.798009 2.746186 0.369176
v -10.840751 2.739244 0.408438
v -10.798109 2.726961 0.322748
v -10.827048 2.718741 0.364689
v -10.860142 2.759108 0.451717
v -10.846835 2.781819 0.481624
v -10.860537 2.774166 0.514718
v -10.934834 2.795239 0.513060
v -10.878380 2.757633 0.500335
v -10.894269 2.759347 0.546187
v -10.934855 2.773758 0.547209
v -10.934869 2.740614 0.567888
v -10.904365 2.749399 0.530759
v -10.934863 2.706101 0.547443
v -10.890220 2.732750 0.502888
v -10.874955 2.717039 0.571944
v -10.855832 2.752536 0.519803
v -10.835730 2.746429 0.454167
v -10.845587 2.726043 0.515770
v -10.887910 2.662964 0.596061
v -10.934873 2.662040 0.563446
v -10.863146 2.701003 0.558552
v -10.886765 2.599756 0.584564
v -10.934865 2.597518 0.544633
v -10.875689 2.658306 0.581304
v -10.893093 2.690417 0.534772
v -10.871505 2.607819 0.568410
v -10.875146 2.544046 0.547620
v -10.906251 2.653430 0.537989
v -10.887861 2.708297 0.496968
v -10.934859 2.545311 0.534860
v -10.866544 2.707978 0.455720
v -10.910642 2.670818 0.460536
v -10.827968 2.725326 0.460721
v -10.874183 2.657355 0.399301
v -10.818556 2.710670 0.419366
v -10.846605 2.691303 0.417591
v -10.814636 2.682598 0.380832
v -10.908709 2.603549 0.462180
v -10.810392 2.634630 0.384736
v -10.887794 2.597009 0.402900
v -10.794835 2.610977 0.335396
v -10.785025 2.659414 0.301634
v -10.817347 2.586045 0.397024
v -10.873988 2.550769 0.426407
v -10.751771 2.685731 0.256484
v -10.723552 2.603172 0.294295
v -10.675884 2.612955 0.259491
v -10.764293 2.589664 0.317677
v -10.706000 2.565683 0.284115
v -10.664048 2.568448 0.247180
v -10.809267 2.552966 0.347245
v -10.759519 2.542294 0.320843
v -10.701259 2.537986 0.267967
v -10.850701 2.529787 0.401040
v -10.811501 2.469832 0.355938
v -10.856628 2.516892 0.453868
v -10.736486 2.519741 0.295827
v -10.734650 2.474526 0.310131
v -10.847763 2.493917 0.403184
v -10.885957 2.539890 0.471639
v -10.839726 2.489554 0.454552
v -10.893996 2.560490 0.514950
v -10.905675 2.602200 0.526683
v -10.859443 2.563568 0.531643
v -10.855853 2.528996 0.492678
v -10.855669 2.503117 0.506664
v -10.889847 2.494290 0.496514
v -10.869003 2.476020 0.452474
v -10.860880 2.453504 0.402229
v -10.873285 2.443086 0.456137
v -10.893533 2.510777 0.558753
v -10.874834 2.460977 0.519440
v -10.925816 2.543237 0.580182
v -10.934878 2.551429 0.568322
v -10.934900 2.552533 0.600412
v -10.934882 2.529534 0.604471
v -10.912043 2.507080 0.604194
v -10.934878 2.498482 0.634331
v -10.934875 2.487536 0.617006
v -10.901593 2.471039 0.574637
v -10.934875 2.467636 0.618218
v -10.884427 2.456891 0.573897
v -10.914304 2.451730 0.610848
v -10.934880 2.441785 0.635616
v -10.934871 2.432180 0.617618
v -10.889503 2.440560 0.570838
v -10.913193 2.425202 0.606003
v -10.934873 2.419137 0.625399
v -10.850746 2.422552 0.522114
v -10.934867 2.408091 0.616569
v -10.884445 2.424219 0.568200
v -10.889804 2.413181 0.569085
v -10.866126 2.390227 0.515795
v -10.829830 2.424518 0.456385
v -10.828906 2.406123 0.402885
v -10.836867 2.388440 0.453137
v -10.886449 2.390650 0.571184
v -10.861617 2.348150 0.500982
v -10.832363 2.345932 0.439492
v -10.911109 2.393011 0.600520
v -10.934873 2.388989 0.620335
v -10.934863 2.378455 0.592617
v -10.934853 2.364764 0.571314
v -10.905320 2.322972 0.589223
v -10.934861 2.345930 0.598585
v -10.934871 2.311788 0.626456
v -10.865589 2.295684 0.496643
v -10.917101 2.270387 0.629698
v -10.934875 2.277482 0.641402
v -10.934878 2.251594 0.652352
v -10.934884 2.241564 0.622026
v -10.898675 2.279576 0.559180
v -10.911074 2.223925 0.566090
v -10.934837 2.192520 0.523132
v -10.924412 2.218638 0.594968
v -10.934880 2.199303 0.611984
v -10.934880 2.199152 0.589658
v -10.926431 2.207538 0.574320
v -10.934880 2.186078 0.587154
v -10.934873 2.195252 0.569162
v -10.912041 2.205494 0.549464
v -10.934863 2.182721 0.561356
v -10.860279 2.202550 0.494815
v -10.934830 2.176286 0.520471
v -10.934820 2.168260 0.492942
v -10.833433 2.256915 0.444272
v -10.802847 2.244072 0.415437
v -10.831013 2.297749 0.403870
v -10.834404 2.351105 0.378735
v -10.771320 2.331442 0.342928
v -10.775625 2.405204 0.358267
v -10.754523 2.457881 0.342931
v -10.724066 2.378968 0.328057
v -10.706261 2.420993 0.295480
v -10.677152 2.382438 0.260200
v -10.688244 2.319183 0.287569
v -10.736679 2.265133 0.296159
v -10.784033 2.256783 0.360740
v -10.658148 2.282203 0.242684
v -10.789324 2.223333 0.325028
v -10.807798 2.213060 0.403616
v -10.853419 2.168666 0.464347
v -10.934824 2.142874 0.495275
v -10.934810 2.139267 0.473587
v -10.831423 2.186715 0.384075
v -10.772060 2.193838 0.313280
v -10.706421 2.200980 0.247812
v -10.788375 2.174710 0.390308
v -10.764845 2.160298 0.307832
v -10.831337 2.127024 0.439761
v -10.797929 2.137012 0.377324
v -10.759533 2.116986 0.303035
v -10.853972 2.089274 0.462376
v -10.934816 2.109274 0.478533
v -10.846482 2.088661 0.431709
v -10.775123 2.103142 0.375159
v -10.881009 2.063423 0.484801
v -10.934832 2.074576 0.490370
v -10.934843 2.045867 0.502679
v -10.934839 2.039371 0.482005
v -10.876146 2.049259 0.464076
v -10.934847 2.022697 0.473768
v -10.934830 2.020534 0.458840
v -10.837234 2.010834 0.440740
v -10.934835 1.969256 0.455842
v -10.818246 2.063990 0.419528
v -10.819087 2.081956 0.350740
v -10.838464 2.043482 0.395439
v -10.852939 1.953945 0.440092
v -10.934843 1.902392 0.458157
v -10.861791 1.995973 0.406731
v -10.815201 2.014957 0.375959
v -10.880851 1.897191 0.443612
v -10.934855 1.862410 0.453740
v -10.934847 1.896062 0.427797
v -10.934828 1.940110 0.406964
v -10.866537 1.961696 0.396996
v -10.934828 1.932916 0.387270
v -10.934808 1.947749 0.378895
v -10.822759 1.951249 0.370275
v -10.934810 1.910243 0.358486
v -10.782013 2.046365 0.340858
v -10.844322 1.908884 0.351596
v -10.800168 1.993854 0.355424
v -10.873212 1.871574 0.334825
v -10.934828 1.867452 0.338783
v -10.934839 1.841489 0.330070
v -10.934820 1.848205 0.321624
v -10.830761 1.902672 0.333472
v -10.796318 1.961181 0.337820
v -10.772085 1.993735 0.305032
v -10.784845 2.021955 0.315502
v -10.788041 2.098701 0.284436
v -10.761367 2.067994 0.275258
v -10.710617 2.103715 0.215648
v -10.765736 2.041066 0.258847
v -10.727306 2.047636 0.195712
v -10.749242 2.016611 0.256736
v -10.597048 2.175737 0.250648
v -10.741126 2.025135 0.178744
v -10.777900 2.014587 0.249275
v -10.817730 1.998089 0.293593
v -10.805423 1.959391 0.279977
v -10.854410 1.972007 0.318308
v -10.787730 1.997890 0.227465
v -10.837685 1.914985 0.283328
v -10.860771 1.916798 0.313631
v -10.851539 1.857558 0.307964
v -10.856189 1.865285 0.279922
v -10.803162 1.890265 0.249443
v -10.884398 1.803042 0.296081
v -10.934843 1.800546 0.312613
v -10.934867 1.748868 0.307863
v -10.934847 1.781232 0.262271
v -10.829832 1.847710 0.252276
v -10.879931 1.804406 0.234987
v -10.934849 1.768756 0.248161
v -10.833783 1.864783 0.214928
v -10.934837 1.776130 0.228744
v -10.830250 1.833018 0.186571
v -10.855687 1.784369 0.207382
v -10.934837 1.749032 0.224590
v -10.782892 1.885383 0.171481
v -10.934822 1.762185 0.186984
v -10.835755 1.838037 0.150290
v -10.832943 1.822710 0.118189
v -10.806164 1.924636 0.195355
v -10.791703 1.876490 0.131042
v -10.782703 1.933141 0.233632
v -10.760570 1.969062 0.208894
v -10.745648 1.990253 0.183127
v -10.783396 1.968290 0.179616
v -10.742410 1.988410 0.137912
v -10.774648 1.944602 0.160079
v -10.769232 1.925622 0.126964
v -10.655617 2.012941 0.149931
v -10.737255 1.952313 0.093637
v -10.659224 1.950026 0.099089
v -10.771050 1.911888 0.089704
v -10.720882 1.925344 0.076768
v -10.807265 1.868935 0.089556
v -10.737992 1.872518 0.082781
v -10.760894 1.826020 0.084099
v -10.717734 1.910544 0.030116
v -10.742603 1.874242 0.017447
v -10.647800 1.923921 0.028372
v -10.732648 1.943739 -0.020985
v -10.771031 1.825778 0.017711
v -10.773435 1.903230 -0.027824
v -10.797089 1.845394 -0.028311
v -10.830837 1.796011 -0.032148
v -10.795359 1.845929 -0.056854
v -10.815169 1.775009 0.032814
v -10.803509 1.780852 0.094292
v -10.850654 1.751516 0.121716
v -10.846378 1.730729 0.054402
v -10.870214 1.734311 0.031140
v -10.934822 1.720730 0.092509
v -10.900962 1.689553 0.162972
v -10.934855 1.707022 0.188942
v -10.934876 1.650778 0.202104
v -10.934855 1.680553 0.144970
v -10.886365 1.688065 0.063780
v -10.934839 1.686921 0.079404
v -10.934855 1.655856 0.064348
v -10.934845 1.680093 0.047288
v -10.934835 1.694431 0.017659
v -10.934822 1.713910 -0.016664
v -10.860418 1.743767 -0.062827
v -10.885339 1.712529 -0.035992
v -10.934849 1.676296 -0.023888
v -10.934851 1.689046 -0.034547
v -10.891283 1.709606 -0.051228
v -10.934855 1.681509 -0.046336
v -10.934847 1.709475 -0.063620
v -10.895666 1.733266 -0.090132
v -10.934853 1.706705 -0.084704
v -10.892242 1.737786 -0.107999
v -10.934839 1.739737 -0.122909
v -10.867654 1.769675 -0.108853
v -10.934826 1.779436 -0.156461
v -10.837062 1.793977 -0.074717
v -10.865425 1.776010 -0.137274
v -10.852396 1.823133 -0.131005
v -10.843218 1.801358 -0.154585
v -10.821656 1.846486 -0.068605
v -10.819111 1.836026 -0.092891
v -10.812162 1.897735 -0.081356
v -10.772025 1.906198 -0.068499
v -10.789048 1.883443 -0.110293
v -10.724794 1.931683 -0.059332
v -10.781085 1.943560 -0.078510
v -10.661468 1.946099 -0.048996
v -10.775652 1.946794 -0.104114
v -10.733851 1.965611 -0.069946
v -10.721097 1.963872 -0.111973
v -10.769248 1.954837 -0.127308
v -10.828710 1.907891 -0.143616
v -10.787418 1.896348 -0.177620
v -10.820728 1.840410 -0.162035
v -10.829994 1.834861 -0.188980
v -10.878058 1.794782 -0.176208
v -10.934839 1.769522 -0.171854
v -10.934843 1.759986 -0.183753
v -10.827457 1.854334 -0.203388
v -10.755269 1.952213 -0.149090
v -10.777453 1.918746 -0.195484
v -10.893281 1.797226 -0.228100
v -10.711935 1.991725 -0.131180
v -10.823986 1.862910 -0.232976
v -10.756945 1.971838 -0.164898
v -10.770615 1.931687 -0.221234
v -10.898058 1.757621 -0.209608
v -10.934875 1.707842 -0.191948
v -10.934871 1.748040 -0.217062
v -10.917351 1.774638 -0.232893
v -10.934878 1.752482 -0.235284
v -10.934869 1.782510 -0.251635
v -10.934876 1.797722 -0.276138
v -10.904593 1.843626 -0.283403
v -10.923585 1.817908 -0.294452
v -10.934890 1.779345 -0.303123
v -10.934884 1.814437 -0.312995
v -10.853681 1.916500 -0.280675
v -10.935324 1.847822 -0.329356
v -10.934898 1.802412 -0.337875
v -10.934876 1.824559 -0.356144
v -10.902310 1.876183 -0.316352
v -10.893941 1.880926 -0.349212
v -10.923441 1.861129 -0.366502
v -10.934873 1.820320 -0.377992
v -10.934878 1.861691 -0.383336
v -10.904679 1.896682 -0.360580
v -10.908097 1.908056 -0.374035
v -10.934884 1.878014 -0.391320
v -10.934875 1.906630 -0.393688
v -10.854523 1.956282 -0.357218
v -10.891183 1.947206 -0.394668
v -10.932158 1.917037 -0.429130
v -10.934888 1.893782 -0.426231
v -10.934890 1.888545 -0.462584
v -10.934886 1.930224 -0.430381
v -10.934851 1.987583 -0.405948
v -10.789953 1.976263 -0.254875
v -10.867818 2.014859 -0.378530
v -10.934839 2.026481 -0.413015
v -10.788808 2.032865 -0.326705
v -10.838279 2.120242 -0.361949
v -10.781787 2.106742 -0.258413
v -10.740562 1.982459 -0.187638
v -10.745876 2.038685 -0.202343
v -10.695734 2.002441 -0.151736
v -10.637070 1.986628 -0.113532
v -10.686152 2.050531 -0.152164
v -10.693109 2.103277 -0.179101
v -10.629376 2.048770 -0.124168
v -10.614392 2.094638 -0.181579
v -10.543734 2.038953 -0.106620
v -10.563839 1.934287 -0.048368
v -10.549121 1.980882 -0.096440
v -10.518111 2.080058 -0.150842
v -10.570009 1.924522 0.023335
v -10.564384 1.933462 0.096152
v -10.489982 1.918970 0.022174
v -10.551845 1.984672 0.141169
v -10.487564 1.942098 0.082157
v -10.486212 1.939017 -0.040056
v -10.471740 1.990163 -0.069245
v -10.441585 1.964712 -0.018629
v -10.464591 2.047010 -0.069491
v -10.427609 2.008894 -0.025152
v -10.435871 1.960659 0.022174
v -10.444056 1.966332 0.061593
v -10.473429 1.991273 0.111166
v -10.428800 2.009261 0.068785
v -10.418398 2.014866 0.022174
v -10.413632 2.066369 -0.020645
v -10.413828 2.066426 0.064956
v -10.404755 2.064859 0.022174
v -10.459064 2.041706 0.120060
v -10.542236 2.035486 0.157444
v -10.632074 2.060291 0.162352
v -10.615306 2.100633 0.216002
v -10.680421 2.071199 0.176760
v -10.517890 2.079616 0.195801
v -10.434480 2.078032 0.145200
v -10.496648 2.147969 0.212570
v -10.391693 2.087693 0.087189
v -10.415996 2.131471 0.161377
v -10.373412 2.126780 0.101046
v -10.391066 2.106914 0.046612
v -10.442611 2.115760 0.022173
v -10.411048 2.187099 0.152559
v -10.398574 2.157842 0.022173
v -10.373511 2.132402 0.050761
v -10.361794 2.158320 0.065635
v -10.368292 2.171637 0.103383
v -10.376236 2.181139 0.057845
v -10.375095 2.203875 0.094786
v -10.477970 2.218935 0.204221
v -10.578207 2.257846 0.228366
v -10.557757 2.315975 0.185713
v -10.460714 2.262989 0.169277
v -10.415957 2.220114 0.128800
v -10.508435 2.351264 0.154076
v -10.648832 2.356596 0.192272
v -10.591138 2.413613 0.153720
v -10.433648 2.286420 0.144636
v -10.389015 2.244900 0.130221
v -10.377601 2.241823 0.085777
v -10.456738 2.378102 0.122549
v -10.349884 2.222698 0.062745
v -10.400021 2.316042 0.117948
v -10.363916 2.267878 0.107288
v -10.338619 2.270144 0.071357
v -10.370453 2.334680 0.076733
v -10.427849 2.399231 0.077960
v -10.376166 2.331906 0.022174
v -10.335500 2.267050 0.022174
v -10.349427 2.219190 0.022174
v -10.490068 2.469133 0.079760
v -10.377876 2.181410 -0.013688
v -10.348757 2.222132 -0.018809
v -10.336587 2.270494 -0.027563
v -10.380839 2.243338 -0.038970
v -10.434281 2.396753 0.022174
v -10.367824 2.336494 -0.033208
v -10.372787 2.203910 -0.051513
v -10.361666 2.268018 -0.065124
v -10.387287 2.244647 -0.088068
v -10.397830 2.317450 -0.076837
v -10.426623 2.400341 -0.034092
v -10.489894 2.469290 -0.035493
v -10.456021 2.378815 -0.079576
v -10.432726 2.286972 -0.102379
v -10.410931 2.220748 -0.089544
v -10.508334 2.351387 -0.110052
v -10.410546 2.187161 -0.108767
v -10.460232 2.263350 -0.125884
v -10.521607 2.443575 -0.078374
v -10.557796 2.315929 -0.141268
v -10.591142 2.413609 -0.109363
v -10.581845 2.512560 -0.075644
v -10.477988 2.218926 -0.159839
v -10.578259 2.257792 -0.183875
v -10.496312 2.147882 -0.168955
v -10.597060 2.175738 -0.206228
v -10.658209 2.282191 -0.198247
v -10.648876 2.356571 -0.147876
v -10.651566 2.442549 -0.113183
v -10.694361 2.202652 -0.199002
v -10.743773 2.164608 -0.222414
v -10.734402 2.269178 -0.252751
v -10.847177 2.187975 -0.301021
v -10.688224 2.319179 -0.243239
v -10.784021 2.244542 -0.283784
v -10.676955 2.382489 -0.215937
v -10.756712 2.333924 -0.303690
v -10.821966 2.260583 -0.328224
v -10.787501 2.288303 -0.331031
v -10.803808 2.209149 -0.342935
v -10.767689 2.262984 -0.367833
v -10.767660 2.319668 -0.355116
v -10.790789 2.218731 -0.385392
v -10.833189 2.289822 -0.386452
v -10.799929 2.155825 -0.416629
v -10.840947 2.245823 -0.409142
v -10.815488 2.344878 -0.352681
v -10.845033 2.314547 -0.432221
v -10.843162 2.095218 -0.447700
v -10.873621 2.195861 -0.441680
v -10.866154 2.262388 -0.476048
v -10.874304 2.054118 -0.471351
v -10.934853 2.024229 -0.436812
v -10.934859 2.132164 -0.482485
v -10.934859 2.090244 -0.496459
v -10.911626 2.019365 -0.492772
v -10.934875 2.004473 -0.471945
v -10.934861 2.033553 -0.512108
v -10.934867 1.994808 -0.511486
v -10.905218 2.157296 -0.488675
v -10.934871 2.134718 -0.517300
v -10.934873 2.153252 -0.515138
v -10.913951 2.186524 -0.491610
v -10.934863 2.212573 -0.513197
v -10.929078 2.175780 -0.516836
v -10.934884 2.160639 -0.541810
v -10.934876 2.186446 -0.531928
v -10.904044 2.241722 -0.529664
v -10.934873 2.225996 -0.538770
v -10.934873 2.233038 -0.574182
v -10.934869 2.262491 -0.554176
v -10.887513 2.303845 -0.500671
v -10.911388 2.287793 -0.546576
v -10.934873 2.282163 -0.578770
v -10.934873 2.298640 -0.575384
v -10.926031 2.321423 -0.558136
v -10.934884 2.313061 -0.596204
v -10.934878 2.329753 -0.567810
v -10.934861 2.350725 -0.540486
v -10.897064 2.334874 -0.513134
v -10.875951 2.379586 -0.471452
v -10.841697 2.388026 -0.385420
v -10.905341 2.391887 -0.539998
v -10.934869 2.360066 -0.569150
v -10.934886 2.381024 -0.596921
v -10.934865 2.418708 -0.577303
v -10.860941 2.461598 -0.482576
v -10.903404 2.446390 -0.555154
v -10.934865 2.438741 -0.587664
v -10.934863 2.457562 -0.573191
v -10.897406 2.479928 -0.543950
v -10.934869 2.477102 -0.586244
v -10.934861 2.502788 -0.549569
v -10.865876 2.524442 -0.465916
v -10.821087 2.480703 -0.383120
v -10.855121 2.515837 -0.417293
v -10.809019 2.459254 -0.318405
v -10.780755 2.399075 -0.315136
v -10.753486 2.456191 -0.300407
v -10.719910 2.377874 -0.280162
v -10.802078 2.538490 -0.308056
v -10.706179 2.421019 -0.251171
v -10.819685 2.550263 -0.355293
v -10.761818 2.540009 -0.274500
v -10.734728 2.474504 -0.265748
v -10.697406 2.434808 -0.198093
v -10.719257 2.459324 -0.227372
v -10.681953 2.428657 -0.150506
v -10.694457 2.490862 -0.195212
v -10.665332 2.480985 -0.157544
v -10.661216 2.474528 -0.135286
v -10.694462 2.485267 -0.133053
v -10.680533 2.516571 -0.145888
v -10.667886 2.488027 -0.125040
v -10.644160 2.474376 -0.109707
v -10.614531 2.485902 -0.100757
v -10.639818 2.525897 -0.100173
v -10.669287 2.524277 -0.113197
v -10.614113 2.567243 -0.092896
v -10.608169 2.555093 -0.133569
v -10.660679 2.538930 -0.154099
v -10.695578 2.531867 -0.178932
v -10.630617 2.560066 -0.172109
v -10.676111 2.548024 -0.187868
v -10.701289 2.538009 -0.223596
v -10.622158 2.637732 -0.139932
v -10.664080 2.568471 -0.202796
v -10.646334 2.619793 -0.175834
v -10.618003 2.656027 -0.094105
v -10.715707 2.719818 -0.143292
v -10.742076 2.712351 -0.177268
v -10.675896 2.612948 -0.215131
v -10.706046 2.565697 -0.239708
v -10.712494 2.527108 -0.209229
v -10.725824 2.516362 -0.202958
v -10.735060 2.514119 -0.226232
v -10.718652 2.500041 -0.216860
v -10.738066 2.484744 -0.242064
v -10.736531 2.519747 -0.251455
v -10.767097 2.586654 -0.270287
v -10.723832 2.602808 -0.249649
v -10.798046 2.602325 -0.292143
v -10.779195 2.653972 -0.255852
v -10.754593 2.686134 -0.218244
v -10.834912 2.617991 -0.323056
v -10.852470 2.629689 -0.354420
v -10.796455 2.756330 -0.268965
v -10.812236 2.702570 -0.306164
v -10.845332 2.694858 -0.340605
v -10.828234 2.771849 -0.333708
v -10.791636 2.776353 -0.227041
v -10.838931 2.831798 -0.270315
v -10.768402 2.789829 -0.214453
v -10.769453 2.799112 -0.184700
v -10.798089 2.846237 -0.268683
v -10.811285 2.864709 -0.232530
v -10.774056 2.822501 -0.149360
v -10.601523 2.609154 -0.036974
v -10.555371 2.542463 -0.035003
v -10.563761 2.539020 0.022174
v -10.493634 2.466837 0.022174
v -10.555533 2.542336 0.079277
v -10.581869 2.512547 0.119957
v -10.521623 2.443559 0.122685
v -10.614515 2.485907 0.145140
v -10.639779 2.525888 0.144590
v -10.608347 2.555177 0.177894
v -10.644101 2.474390 0.154174
v -10.651693 2.442502 0.157383
v -10.630615 2.560065 0.216457
v -10.676095 2.548004 0.232228
v -10.660648 2.538880 0.198476
v -10.669255 2.524251 0.157570
v -10.695595 2.531879 0.223260
v -10.680814 2.516677 0.190141
v -10.667843 2.488025 0.169441
v -10.661044 2.474644 0.179731
v -10.694451 2.485269 0.177403
v -10.665310 2.480989 0.201892
v -10.694459 2.490861 0.239557
v -10.681888 2.428672 0.194896
v -10.697330 2.434829 0.242480
v -10.719205 2.459343 0.271742
v -10.737976 2.484763 0.286428
v -10.718605 2.500059 0.261238
v -10.725875 2.516370 0.247248
v -10.734972 2.514095 0.270586
v -10.712468 2.527064 0.253582
v -10.890777 3.045606 -0.243354
v -10.845992 3.001839 -0.192360
v -10.913398 3.052632 -0.292148
v -10.934869 3.067943 -0.295083
v -10.934871 3.053068 -0.334545
v -10.934865 3.029270 -0.308812
v -10.865259 3.004037 -0.266196
v -10.899660 3.015514 -0.303409
v -10.934859 3.016454 -0.331148
v -10.934847 3.001982 -0.332792
v -10.899759 2.989726 -0.315483
v -10.934855 2.985012 -0.355882
v -10.934843 2.973347 -0.323981
v -10.934828 2.959679 -0.304512
v -10.833947 2.918849 -0.289003
v -10.881533 2.927079 -0.359758
v -10.934845 2.948812 -0.355967
v -10.834687 2.945215 -0.234447
v -10.918695 2.915788 -0.414765
v -10.809582 2.888123 -0.193626
v -10.814859 2.968566 -0.210845
v -10.785531 2.914591 -0.170956
v -10.805816 2.966305 -0.143326
v -10.819132 2.873893 -0.320307
v -10.890298 2.893150 -0.370923
v -10.853404 2.855230 -0.315352
v -10.864677 2.837372 -0.367060
v -10.826322 2.808486 -0.306852
v -10.852841 2.806576 -0.383628
v -10.897419 2.811720 -0.425049
v -10.873966 2.783407 -0.402579
v -10.906859 2.826558 -0.431743
v -10.900656 2.857722 -0.428168
v -10.919509 2.906503 -0.407948
v -10.934878 2.886472 -0.426305
v -10.930455 2.901515 -0.427908
v -10.934884 2.889642 -0.446355
v -10.934882 2.897281 -0.449116
v -10.916714 2.877912 -0.423461
v -10.934873 2.871365 -0.454001
v -10.934867 2.861067 -0.457587
v -10.927636 2.922222 -0.425325
v -10.934886 2.899747 -0.463233
v -10.934873 2.928255 -0.425059
v -10.917337 2.852624 -0.453818
v -10.934869 2.844527 -0.475016
v -10.934871 2.834930 -0.471187
v -10.910607 2.830472 -0.470046
v -10.934869 2.817360 -0.498939
v -10.934867 2.810122 -0.486020
v -10.913576 2.808439 -0.464000
v -10.934869 2.788714 -0.490428
v -10.934859 2.793775 -0.466118
v -10.934847 2.793879 -0.439804
v -10.934847 2.779603 -0.458896
v -10.877849 2.788233 -0.464320
v -10.897150 2.768407 -0.515280
v -10.934869 2.763557 -0.503624
v -10.934876 2.726134 -0.528744
v -10.910679 2.736635 -0.554890
v -10.906486 2.678950 -0.557904
v -10.934867 2.676030 -0.524770
v -10.903539 2.729280 -0.539950
v -10.887460 2.754471 -0.506166
v -10.893668 2.626018 -0.534119
v -10.934853 2.623825 -0.507607
v -10.896533 2.681906 -0.544676
v -10.878035 2.583958 -0.506951
v -10.934849 2.578503 -0.489193
v -10.884193 2.632976 -0.525245
v -10.914466 2.682226 -0.506441
v -10.917023 2.721706 -0.503322
v -10.901310 2.641027 -0.491556
v -10.921814 2.688914 -0.456740
v -10.913068 2.750598 -0.488181
v -10.872369 2.771924 -0.460977
v -10.931080 2.724293 -0.447561
v -10.907210 2.760537 -0.446311
v -10.913728 2.712743 -0.400005
v -10.892150 2.755067 -0.401603
v -10.857734 2.787064 -0.414117
v -10.846044 2.769357 -0.408273
v -10.845546 2.777702 -0.390322
v -10.819263 2.746014 -0.350617
v -10.844761 2.740008 -0.361888
v -10.876988 2.733815 -0.368935
v -10.891947 2.699795 -0.351317
v -10.907869 2.661925 -0.425982
v -10.903560 2.634963 -0.363892
v -10.894171 2.617065 -0.431792
v -10.872818 2.593024 -0.409430
v -10.842806 2.559926 -0.392763
v -10.882128 2.602063 -0.467080
v -10.857722 2.572636 -0.447289
v -10.825123 2.547027 -0.438558
v -10.837027 2.525270 -0.440096
v -10.831892 2.542530 -0.466486
v -10.846816 2.563138 -0.478590
v -10.847796 2.532151 -0.464056
v -10.865587 2.593399 -0.498679
v -10.861566 2.552628 -0.484335
v -10.888830 2.550150 -0.473778
v -10.934857 2.542977 -0.528421
v -10.893718 2.527414 -0.528415
v -10.934859 2.524592 -0.564060
v -10.934839 2.026481 -0.413015
v -10.934851 1.987583 -0.405948
v -10.934841 2.007505 -0.412275
v -10.434574 2.078135 -0.100748
v -10.415957 2.131460 -0.117074
v -10.391865 2.087845 -0.042827
v -10.391419 2.107258 -0.002611
v -10.373511 2.126817 -0.056660
v -10.374240 2.132735 -0.006810
v -10.362156 2.158322 -0.021379
v -10.367585 2.171680 -0.059394
vt 0.677000 0.970400
vt 0.650000 0.974200
vt 0.652800 0.958100
vt 0.684800 0.963500
vt 0.621400 0.951000
vt 0.638900 0.930400
vt 0.629800 0.942900
vt 0.628700 0.975200
vt 0.647400 0.985600
vt 0.625700 0.987700
vt 0.613100 0.956800
vt 0.598200 0.932100
vt 0.602500 0.959100
vt 0.602200 0.980400
vt 0.618700 0.998300
vt 0.593600 0.988400
vt 0.581800 0.958200
vt 0.574000 0.979200
vt 0.584300 0.993300
vt 0.566900 0.981300
vt 0.544100 0.967300
vt 0.558900 0.957200
vt 0.564300 0.930400
vt 0.541500 0.932500
vt 0.530400 0.953300
vt 0.534600 0.974500
vt 0.523500 0.955000
vt 0.503900 0.938300
vt 0.521800 0.930500
vt 0.547600 0.904200
vt 0.579400 0.897600
vt 0.601700 0.897200
vt 0.581300 0.858100
vt 0.505400 0.906000
vt 0.518500 0.863000
vt 0.439100 0.932600
vt 0.489800 0.958700
vt 0.465800 0.890500
vt 0.476900 0.851600
vt 0.471000 0.966800
vt 0.484300 0.985900
vt 0.476400 0.988000
vt 0.463100 0.974900
vt 0.470900 0.993800
vt 0.460900 0.986800
vt 0.442000 0.970000
vt 0.446500 0.983900
vt 0.451700 0.997600
vt 0.436300 0.991200
vt 0.421900 0.981800
vt 0.416000 0.964800
vt 0.408000 0.980700
vt 0.400700 0.968700
vt 0.404500 0.915100
vt 0.374300 0.943400
vt 0.380000 0.972300
vt 0.353400 0.975100
vt 0.358700 0.915300
vt 0.341400 0.954000
vt 0.315000 0.964300
vt 0.320800 0.973300
vt 0.300300 0.974000
vt 0.305600 0.961300
vt 0.318300 0.946900
vt 0.321000 0.934600
vt 0.308600 0.942400
vt 0.302100 0.935600
vt 0.338500 0.891700
vt 0.385700 0.859900
vt 0.428100 0.875600
vt 0.442600 0.840300
vt 0.414800 0.803200
vt 0.463400 0.808500
vt 0.512500 0.807300
vt 0.506900 0.755300
vt 0.567300 0.801300
vt 0.462400 0.751100
vt 0.552500 0.750700
vt 0.502900 0.695200
vt 0.594800 0.749500
vt 0.611400 0.801100
vt 0.547400 0.688000
vt 0.459000 0.686600
vt 0.504000 0.655900
vt 0.420100 0.743400
vt 0.460900 0.647000
vt 0.366400 0.788400
vt 0.425000 0.676800
vt 0.379800 0.734100
vt 0.416300 0.625300
vt 0.397800 0.669600
vt 0.370800 0.663000
vt 0.349800 0.725400
vt 0.342800 0.836800
vt 0.299700 0.805700
vt 0.322800 0.765800
vt 0.309500 0.869300
vt 0.288900 0.903500
vt 0.266200 0.781300
vt 0.300600 0.917000
vt 0.282000 0.934200
vt 0.282600 0.941200
vt 0.266200 0.944500
vt 0.267400 0.931600
vt 0.266200 0.841900
vt 0.268000 0.886000
vt 0.249300 0.910500
vt 0.232200 0.924500
vt 0.243600 0.932400
vt 0.218700 0.936100
vt 0.219900 0.920900
vt 0.231300 0.902500
vt 0.230900 0.880700
vt 0.228400 0.856800
vt 0.194700 0.873100
vt 0.200200 0.881100
vt 0.217100 0.840200
vt 0.165900 0.886000
vt 0.168300 0.893000
vt 0.149800 0.897600
vt 0.159500 0.881800
vt 0.174800 0.868200
vt 0.182700 0.851400
vt 0.151000 0.860300
vt 0.150700 0.867200
vt 0.130800 0.870800
vt 0.134900 0.855800
vt 0.175400 0.834900
vt 0.143200 0.836700
vt 0.124200 0.836100
vt 0.117100 0.845800
vt 0.103800 0.836300
vt 0.125300 0.827300
vt 0.138900 0.818600
vt 0.166100 0.812900
vt 0.211300 0.810600
vt 0.250900 0.813100
vt 0.243700 0.794700
vt 0.203800 0.791500
vt 0.230300 0.776800
vt 0.248400 0.761900
vt 0.217300 0.755500
vt 0.275800 0.745800
vt 0.243800 0.741200
vt 0.188700 0.768500
vt 0.178300 0.789900
vt 0.159400 0.791100
vt 0.155500 0.807700
vt 0.159000 0.777300
vt 0.134300 0.789000
vt 0.130100 0.800200
vt 0.112000 0.783100
vt 0.135800 0.777400
vt 0.114900 0.757400
vt 0.149700 0.765000
vt 0.127200 0.734100
vt 0.155900 0.749300
vt 0.191400 0.754200
vt 0.157100 0.741500
vt 0.108900 0.711000
vt 0.090200 0.728700
vt 0.132000 0.727900
vt 0.102100 0.678100
vt 0.079100 0.676600
vt 0.113900 0.707800
vt 0.142200 0.715800
vt 0.111800 0.678200
vt 0.110100 0.641900
vt 0.137100 0.696400
vt 0.163300 0.721100
vt 0.094700 0.632000
vt 0.186700 0.724000
vt 0.177200 0.698500
vt 0.189200 0.743800
vt 0.206400 0.692800
vt 0.213800 0.735100
vt 0.210300 0.718000
vt 0.237400 0.715400
vt 0.171000 0.666200
vt 0.236400 0.681400
vt 0.199600 0.660100
vt 0.262300 0.665800
vt 0.285000 0.698600
vt 0.228400 0.650500
vt 0.186500 0.634000
vt 0.321600 0.715600
vt 0.308500 0.657900
vt 0.342400 0.660300
vt 0.280000 0.651100
vt 0.315000 0.635100
vt 0.346700 0.635300
vt 0.244100 0.628500
vt 0.275500 0.621800
vt 0.319300 0.617900
vt 0.202400 0.619800
vt 0.225500 0.577500
vt 0.167400 0.615800
vt 0.291800 0.603700
vt 0.280000 0.576400
vt 0.194300 0.597500
vt 0.160000 0.632800
vt 0.160000 0.601200
vt 0.140700 0.649100
vt 0.137300 0.670700
vt 0.124200 0.647300
vt 0.143100 0.624500
vt 0.130800 0.613500
vt 0.122700 0.598600
vt 0.152500 0.587500
vt 0.184200 0.572400
vt 0.152000 0.570600
vt 0.085700 0.604800
vt 0.112800 0.575900
vt 0.069100 0.625900
vt 0.073600 0.635700
vt 0.051800 0.636300
vt 0.053400 0.618900
vt 0.060100 0.600200
vt 0.038900 0.597500
vt 0.049100 0.588300
vt 0.078100 0.578900
vt 0.049100 0.574300
vt 0.083700 0.566600
vt 0.059200 0.563100
vt 0.040900 0.557200
vt 0.052700 0.550700
vt 0.085000 0.556100
vt 0.063700 0.545700
vt 0.049700 0.541400
vt 0.118200 0.547900
vt 0.057000 0.535100
vt 0.088900 0.546300
vt 0.088300 0.539800
vt 0.121100 0.526100
vt 0.156100 0.547200
vt 0.191700 0.536700
vt 0.159900 0.526000
vt 0.089600 0.525900
vt 0.130900 0.500300
vt 0.167600 0.500400
vt 0.069200 0.526600
vt 0.054500 0.523600
vt 0.070600 0.516000
vt 0.084900 0.509000
vt 0.077600 0.484400
vt 0.069600 0.498800
vt 0.052900 0.480900
vt 0.132700 0.468200
vt 0.051800 0.457900
vt 0.042500 0.462800
vt 0.035900 0.448400
vt 0.051900 0.437800
vt 0.093700 0.457900
vt 0.087600 0.425500
vt 0.115200 0.408500
vt 0.069200 0.423200
vt 0.056500 0.413100
vt 0.069400 0.409900
vt 0.080000 0.414800
vt 0.071000 0.402100
vt 0.082200 0.407200
vt 0.096400 0.414200
vt 0.089800 0.400600
vt 0.138000 0.413000
vt 0.118700 0.398800
vt 0.134500 0.392100
vt 0.168300 0.443400
vt 0.191000 0.433300
vt 0.187700 0.470800
vt 0.200300 0.501200
vt 0.238000 0.482800
vt 0.235200 0.533900
vt 0.257600 0.567400
vt 0.266500 0.515300
vt 0.289700 0.540300
vt 0.309600 0.514700
vt 0.292600 0.475300
vt 0.269500 0.436100
vt 0.223500 0.436900
vt 0.319200 0.451700
vt 0.239900 0.411000
vt 0.195300 0.412600
vt 0.156300 0.386900
vt 0.135400 0.372200
vt 0.151600 0.366400
vt 0.202300 0.390600
vt 0.251200 0.388200
vt 0.299400 0.389200
vt 0.212300 0.370900
vt 0.259800 0.361000
vt 0.176800 0.348700
vt 0.219400 0.345500
vt 0.267900 0.331100
vt 0.158200 0.330900
vt 0.145600 0.345600
vt 0.179300 0.322100
vt 0.227200 0.324200
vt 0.139600 0.317800
vt 0.134700 0.324800
vt 0.125900 0.307400
vt 0.136800 0.300700
vt 0.152700 0.304800
vt 0.139800 0.287600
vt 0.153500 0.286300
vt 0.179900 0.274700
vt 0.148000 0.257900
vt 0.198000 0.300300
vt 0.238100 0.296900
vt 0.214000 0.277100
vt 0.168200 0.245900
vt 0.138300 0.221400
vt 0.198300 0.253100
vt 0.231100 0.256200
vt 0.150300 0.217500
vt 0.132300 0.199300
vt 0.156600 0.205500
vt 0.182200 0.223300
vt 0.198200 0.232000
vt 0.193100 0.213400
vt 0.207700 0.219800
vt 0.234500 0.219200
vt 0.223200 0.190100
vt 0.254000 0.273100
vt 0.239700 0.190300
vt 0.246600 0.243000
vt 0.240900 0.162900
vt 0.234500 0.159400
vt 0.239900 0.141900
vt 0.249400 0.146800
vt 0.254800 0.185100
vt 0.258500 0.223400
vt 0.280400 0.243700
vt 0.268800 0.259600
vt 0.273900 0.308700
vt 0.290200 0.289400
vt 0.325100 0.320300
vt 0.301600 0.272600
vt 0.342800 0.276300
vt 0.310400 0.256200
vt 0.347200 0.389500
vt 0.359000 0.252900
vt 0.316100 0.240600
vt 0.292000 0.221800
vt 0.306900 0.203400
vt 0.280000 0.206100
vt 0.329200 0.230200
vt 0.297900 0.177100
vt 0.277200 0.182600
vt 0.268500 0.152300
vt 0.293800 0.150300
vt 0.325300 0.168200
vt 0.276800 0.115900
vt 0.260900 0.112500
vt 0.273500 0.078500
vt 0.301900 0.096300
vt 0.320400 0.143500
vt 0.328100 0.109700
vt 0.318800 0.087200
vt 0.347900 0.146200
vt 0.336700 0.091400
vt 0.373000 0.128500
vt 0.365000 0.100400
vt 0.355200 0.074800
vt 0.383700 0.162900
vt 0.384200 0.085500
vt 0.400000 0.129400
vt 0.422200 0.122500
vt 0.360300 0.180600
vt 0.407900 0.157800
vt 0.336400 0.192500
vt 0.349800 0.216500
vt 0.363900 0.230100
vt 0.368200 0.206100
vt 0.391700 0.226400
vt 0.384500 0.195600
vt 0.407400 0.187000
vt 0.397400 0.275100
vt 0.428000 0.206300
vt 0.445200 0.237600
vt 0.433700 0.178200
vt 0.458200 0.198200
vt 0.433000 0.150200
vt 0.464400 0.167000
vt 0.467100 0.138800
vt 0.496100 0.193100
vt 0.504600 0.167500
vt 0.498800 0.231500
vt 0.537900 0.195900
vt 0.507200 0.136300
vt 0.544300 0.170300
vt 0.542200 0.138000
vt 0.551800 0.106500
vt 0.561600 0.139300
vt 0.502600 0.100200
vt 0.455600 0.106000
vt 0.432000 0.080700
vt 0.483400 0.071500
vt 0.506200 0.068300
vt 0.453700 0.056400
vt 0.406300 0.044500
vt 0.383900 0.048700
vt 0.381300 0.014000
vt 0.416400 0.032000
vt 0.484700 0.041000
vt 0.472800 0.035300
vt 0.490300 0.019200
vt 0.498400 0.034200
vt 0.517000 0.044700
vt 0.541600 0.057800
vt 0.579900 0.077200
vt 0.559500 0.055500
vt 0.552200 0.032500
vt 0.563100 0.038400
vt 0.575200 0.053700
vt 0.574900 0.034300
vt 0.588400 0.050400
vt 0.608000 0.066400
vt 0.606900 0.050000
vt 0.620800 0.071900
vt 0.630300 0.072400
vt 0.615500 0.090800
vt 0.655700 0.095200
vt 0.583900 0.104700
vt 0.636000 0.097200
vt 0.625300 0.121300
vt 0.645000 0.114900
vt 0.578200 0.133300
vt 0.597100 0.129400
vt 0.586100 0.159900
vt 0.570100 0.174300
vt 0.605400 0.157900
vt 0.563900 0.201700
vt 0.590400 0.188600
vt 0.558700 0.232400
vt 0.606500 0.193800
vt 0.585200 0.211700
vt 0.611500 0.225300
vt 0.622300 0.202000
vt 0.632800 0.166000
vt 0.661000 0.177500
vt 0.654400 0.138400
vt 0.674700 0.139800
vt 0.675500 0.107300
vt 0.678900 0.091400
vt 0.699600 0.093600
vt 0.685900 0.156000
vt 0.638800 0.212300
vt 0.672400 0.197400
vt 0.720500 0.124700
vt 0.629500 0.241000
vt 0.706100 0.169700
vt 0.653200 0.225200
vt 0.693600 0.214900
vt 0.714400 0.100600
vt 0.722400 0.067300
vt 0.729600 0.092600
vt 0.731800 0.110600
vt 0.739900 0.096900
vt 0.743900 0.116000
vt 0.758400 0.125600
vt 0.755800 0.155600
vt 0.765900 0.140500
vt 0.776900 0.117400
vt 0.780700 0.137900
vt 0.748200 0.200600
vt 0.788900 0.157900
vt 0.798600 0.132300
vt 0.807700 0.151700
vt 0.777100 0.177300
vt 0.796900 0.188000
vt 0.814100 0.174400
vt 0.821800 0.151000
vt 0.826200 0.174900
vt 0.807600 0.195900
vt 0.815800 0.203700
vt 0.833200 0.183900
vt 0.833800 0.201700
vt 0.793700 0.235200
vt 0.823000 0.230600
vt 0.855100 0.217700
vt 0.857800 0.201500
vt 0.879600 0.207800
vt 0.859100 0.228000
vt 0.832700 0.255400
vt 0.725100 0.244700
vt 0.812700 0.274300
vt 0.839000 0.283600
vt 0.768400 0.282600
vt 0.807600 0.341600
vt 0.736600 0.324900
vt 0.671200 0.241700
vt 0.692800 0.282700
vt 0.644400 0.257500
vt 0.604800 0.263600
vt 0.655900 0.292700
vt 0.677300 0.329100
vt 0.626600 0.298100
vt 0.645200 0.339200
vt 0.592200 0.314300
vt 0.544900 0.267200
vt 0.573700 0.290300
vt 0.602200 0.345500
vt 0.504800 0.259300
vt 0.466500 0.270300
vt 0.507900 0.290400
vt 0.443100 0.300300
vt 0.480400 0.298300
vt 0.536000 0.294400
vt 0.548500 0.317200
vt 0.527000 0.314300
vt 0.560000 0.336100
vt 0.529500 0.332800
vt 0.509200 0.319700
vt 0.491100 0.316400
vt 0.469600 0.323500
vt 0.489400 0.337700
vt 0.509000 0.340600
vt 0.529100 0.355500
vt 0.484100 0.357700
vt 0.505900 0.355600
vt 0.457100 0.339800
vt 0.423000 0.323000
vt 0.382500 0.306300
vt 0.362400 0.342200
vt 0.359400 0.299500
vt 0.405800 0.348300
vt 0.447500 0.358200
vt 0.394400 0.382500
vt 0.475400 0.367600
vt 0.436600 0.381400
vt 0.470700 0.383200
vt 0.486900 0.373800
vt 0.503100 0.370600
vt 0.444500 0.406100
vt 0.505000 0.384200
vt 0.491800 0.382000
vt 0.483400 0.389600
vt 0.471900 0.400200
vt 0.489000 0.397800
vt 0.472300 0.411100
vt 0.405600 0.417500
vt 0.358400 0.438600
vt 0.379100 0.477300
vt 0.421100 0.441700
vt 0.449800 0.421600
vt 0.415700 0.492300
vt 0.345500 0.505500
vt 0.393200 0.534200
vt 0.438300 0.452300
vt 0.456500 0.432600
vt 0.475000 0.426600
vt 0.448400 0.502000
vt 0.487800 0.418700
vt 0.456900 0.465100
vt 0.471100 0.440700
vt 0.487300 0.436700
vt 0.479200 0.470400
vt 0.475200 0.511200
vt 0.503800 0.467800
vt 0.502200 0.432900
vt 0.500800 0.416000
vt 0.472400 0.555200
vt 0.516800 0.395500
vt 0.517000 0.413300
vt 0.518600 0.432400
vt 0.533100 0.420200
vt 0.503800 0.510700
vt 0.526800 0.463100
vt 0.534500 0.404800
vt 0.538900 0.436000
vt 0.553700 0.425900
vt 0.550400 0.461200
vt 0.531900 0.503300
vt 0.538400 0.550600
vt 0.561400 0.496900
vt 0.572400 0.450800
vt 0.560600 0.417000
vt 0.598400 0.493100
vt 0.562300 0.402200
vt 0.587800 0.440100
vt 0.570000 0.540500
vt 0.628500 0.474500
vt 0.619900 0.534300
vt 0.579900 0.589400
vt 0.602300 0.415400
vt 0.652300 0.438200
vt 0.611100 0.380600
vt 0.657300 0.389300
vt 0.688300 0.453200
vt 0.663600 0.504000
vt 0.643800 0.552300
vt 0.697700 0.394100
vt 0.716000 0.361500
vt 0.733500 0.438600
vt 0.776700 0.375300
vt 0.715500 0.474800
vt 0.757300 0.411200
vt 0.701600 0.513200
vt 0.765400 0.478800
vt 0.782600 0.417700
vt 0.783500 0.443300
vt 0.801500 0.397900
vt 0.808400 0.438300
vt 0.794300 0.469700
vt 0.822500 0.411800
vt 0.837500 0.462400
vt 0.837400 0.376300
vt 0.850500 0.434800
vt 0.812400 0.496500
vt 0.861100 0.479900
vt 0.857400 0.336500
vt 0.874500 0.402500
vt 0.888900 0.448800
vt 0.875100 0.313600
vt 0.861600 0.282800
vt 0.900000 0.358600
vt 0.900500 0.334000
vt 0.895900 0.292300
vt 0.888300 0.275200
vt 0.907000 0.302400
vt 0.911500 0.281700
vt 0.902700 0.377500
vt 0.922200 0.363200
vt 0.922500 0.375700
vt 0.907300 0.396200
vt 0.919800 0.413400
vt 0.923300 0.389400
vt 0.938900 0.381100
vt 0.931800 0.396300
vt 0.924500 0.437200
vt 0.936300 0.423500
vt 0.953700 0.436700
vt 0.941100 0.453300
vt 0.904100 0.476300
vt 0.932800 0.469100
vt 0.953600 0.467600
vt 0.951100 0.477500
vt 0.940400 0.490800
vt 0.963900 0.487500
vt 0.947400 0.496900
vt 0.927800 0.507100
vt 0.910300 0.495900
vt 0.883300 0.521200
vt 0.832000 0.525900
vt 0.923500 0.531700
vt 0.944000 0.514700
vt 0.961500 0.528200
vt 0.945000 0.548700
vt 0.883600 0.572800
vt 0.928700 0.563700
vt 0.949900 0.559700
vt 0.941800 0.570000
vt 0.921500 0.581700
vt 0.949300 0.579600
vt 0.929400 0.595600
vt 0.876300 0.614700
vt 0.822300 0.583900
vt 0.845200 0.608000
vt 0.786600 0.566500
vt 0.778600 0.523200
vt 0.756600 0.560000
vt 0.741300 0.509200
vt 0.772700 0.617500
vt 0.724000 0.536600
vt 0.801700 0.625800
vt 0.742300 0.615700
vt 0.736100 0.570400
vt 0.694800 0.547900
vt 0.713300 0.562500
vt 0.669700 0.544700
vt 0.688200 0.580600
vt 0.665500 0.573800
vt 0.651800 0.569400
vt 0.654100 0.583200
vt 0.657800 0.594400
vt 0.645800 0.578500
vt 0.633700 0.568900
vt 0.610500 0.575300
vt 0.617100 0.598400
vt 0.635500 0.594700
vt 0.595000 0.622900
vt 0.620000 0.625500
vt 0.650000 0.610200
vt 0.676000 0.603500
vt 0.643400 0.632200
vt 0.670300 0.618100
vt 0.696700 0.615400
vt 0.613100 0.667500
vt 0.668600 0.634000
vt 0.642700 0.662700
vt 0.584600 0.674600
vt 0.630800 0.732900
vt 0.666900 0.730700
vt 0.672700 0.658400
vt 0.701000 0.632200
vt 0.696400 0.604400
vt 0.699400 0.596900
vt 0.712600 0.595700
vt 0.705200 0.585900
vt 0.723100 0.579300
vt 0.725200 0.600400
vt 0.737900 0.646900
vt 0.707700 0.655200
vt 0.757100 0.658500
vt 0.728800 0.692400
vt 0.698700 0.712200
vt 0.780800 0.671000
vt 0.797100 0.678100
vt 0.732900 0.757800
vt 0.760200 0.725500
vt 0.785100 0.718900
vt 0.776300 0.776500
vt 0.703900 0.770400
vt 0.733300 0.803800
vt 0.684100 0.778500
vt 0.661300 0.784200
vt 0.712100 0.817100
vt 0.686100 0.829200
vt 0.633800 0.798600
vt 0.549900 0.647100
vt 0.546300 0.602400
vt 0.508100 0.608500
vt 0.506200 0.557100
vt 0.467900 0.603900
vt 0.432300 0.591800
vt 0.440300 0.543400
vt 0.402600 0.578300
vt 0.395900 0.599300
vt 0.392500 0.627700
vt 0.382000 0.569900
vt 0.370100 0.553600
vt 0.371400 0.632000
vt 0.345400 0.619500
vt 0.365200 0.611100
vt 0.380800 0.595100
vt 0.339900 0.604500
vt 0.359400 0.594600
vt 0.370400 0.578600
vt 0.362800 0.570600
vt 0.361700 0.584000
vt 0.349500 0.574100
vt 0.327500 0.581200
vt 0.344200 0.545600
vt 0.318700 0.549300
vt 0.301500 0.565500
vt 0.293100 0.582700
vt 0.311500 0.587900
vt 0.317300 0.598700
vt 0.304700 0.597900
vt 0.320300 0.607200
vt 0.680200 0.943600
vt 0.649400 0.908200
vt 0.707800 0.956500
vt 0.708200 0.967900
vt 0.731900 0.964600
vt 0.722000 0.946500
vt 0.695700 0.915200
vt 0.718000 0.931900
vt 0.734600 0.939000
vt 0.736000 0.929600
vt 0.729400 0.919000
vt 0.752000 0.927300
vt 0.737900 0.912200
vt 0.729400 0.895700
vt 0.718100 0.863200
vt 0.764500 0.879200
vt 0.761400 0.893000
vt 0.677900 0.876600
vt 0.801200 0.889900
vt 0.658400 0.840100
vt 0.656800 0.884400
vt 0.632500 0.852100
vt 0.615000 0.884700
vt 0.742000 0.838700
vt 0.780900 0.864000
vt 0.753700 0.821600
vt 0.785200 0.825600
vt 0.754900 0.793900
vt 0.801600 0.804600
vt 0.831200 0.817100
vt 0.822700 0.796100
vt 0.830200 0.830500
vt 0.819600 0.849000
vt 0.801400 0.882200
vt 0.819200 0.876600
vt 0.814200 0.886500
vt 0.827900 0.887100
vt 0.826100 0.893600
vt 0.816100 0.863900
vt 0.835600 0.865800
vt 0.838800 0.858100
vt 0.805300 0.898200
vt 0.830300 0.905500
vt 0.803300 0.902200
vt 0.837200 0.851100
vt 0.851100 0.850100
vt 0.851000 0.843500
vt 0.849400 0.836400
vt 0.868200 0.835300
vt 0.863900 0.831000
vt 0.852700 0.824300
vt 0.872900 0.822500
vt 0.859400 0.817100
vt 0.846700 0.808100
vt 0.865400 0.793300
vt 0.859100 0.783400
vt 0.888600 0.765700
vt 0.900300 0.772600
vt 0.916400 0.744700
vt 0.905800 0.744100
vt 0.909000 0.715300
vt 0.923400 0.709000
vt 0.900100 0.743300
vt 0.881700 0.761800
vt 0.903400 0.684600
vt 0.915600 0.674500
vt 0.905300 0.716100
vt 0.892700 0.657800
vt 0.904600 0.646000
vt 0.897700 0.686800
vt 0.884300 0.716500
vt 0.881200 0.738000
vt 0.878700 0.692100
vt 0.856800 0.718700
vt 0.871500 0.752800
vt 0.854400 0.775700
vt 0.851600 0.736400
vt 0.849400 0.758200
vt 0.829900 0.729300
vt 0.825600 0.754300
vt 0.828300 0.788100
vt 0.819000 0.776000
vt 0.810700 0.781700
vt 0.783800 0.758700
vt 0.794300 0.750600
vt 0.807500 0.742600
vt 0.806800 0.719800
vt 0.843200 0.702300
vt 0.815900 0.688900
vt 0.846700 0.677100
vt 0.834900 0.660200
vt 0.824400 0.635400
vt 0.866300 0.668400
vt 0.856000 0.649100
vt 0.852800 0.629300
vt 0.855200 0.619300
vt 0.866200 0.631000
vt 0.873500 0.642200
vt 0.869000 0.624300
vt 0.884600 0.661400
vt 0.880600 0.638000
vt 0.890700 0.629800
vt 0.921600 0.620600
vt 0.914100 0.610200
vt 0.937200 0.605300
vt 0.839000 0.283600
vt 0.832700 0.255400
vt 0.835200 0.269500
vt 0.563600 0.356600
vt 0.569200 0.378800
vt 0.537800 0.368400
vt 0.522700 0.378100
vt 0.538100 0.382900
vt 0.521800 0.387800
vt 0.524100 0.392700
vt 0.535300 0.396200
vt 0.677000 0.970400
vt 0.650000 0.974200
vt 0.652800 0.958100
vt 0.684800 0.963500
vt 0.621400 0.951000
vt 0.638900 0.930400
vt 0.629800 0.942900
vt 0.628700 0.975200
vt 0.647400 0.985600
vt 0.625700 0.987700
vt 0.613100 0.956800
vt 0.598200 0.932100
vt 0.602500 0.959100
vt 0.602200 0.980400
vt 0.618700 0.998300
vt 0.593600 0.988400
vt 0.581800 0.958200
vt 0.574000 0.979200
vt 0.584300 0.993300
vt 0.566900 0.981300
vt 0.544100 0.967300
vt 0.558900 0.957200
vt 0.564300 0.930400
vt 0.541500 0.932500
vt 0.530400 0.953300
vt 0.534600 0.974500
vt 0.523500 0.955000
vt 0.503900 0.938300
vt 0.521800 0.930500
vt 0.547600 0.904200
vt 0.579400 0.897600
vt 0.601700 0.897200
vt 0.581300 0.858100
vt 0.505400 0.906000
vt 0.518500 0.863000
vt 0.439100 0.932600
vt 0.489800 0.958700
vt 0.465800 0.890500
vt 0.476900 0.851600
vt 0.471000 0.966800
vt 0.484300 0.985900
vt 0.476400 0.988000
vt 0.463100 0.974900
vt 0.470900 0.993800
vt 0.460900 0.986800
vt 0.442000 0.970000
vt 0.446500 0.983900
vt 0.451700 0.997600
vt 0.436300 0.991200
vt 0.421900 0.981800
vt 0.416000 0.964800
vt 0.408000 0.980700
vt 0.400700 0.968700
vt 0.404500 0.915100
vt 0.374300 0.943400
vt 0.380000 0.972300
vt 0.353400 0.975100
vt 0.358700 0.915300
vt 0.341400 0.954000
vt 0.315000 0.964300
vt 0.320800 0.973300
vt 0.300300 0.974000
vt 0.305600 0.961300
vt 0.318300 0.946900
vt 0.321000 0.934600
vt 0.308600 0.942400
vt 0.302100 0.935600
vt 0.338500 0.891700
vt 0.385700 0.859900
vt 0.428100 0.875600
vt 0.442600 0.840300
vt 0.414800 0.803200
vt 0.463400 0.808500
vt 0.512500 0.807300
vt 0.506900 0.755300
vt 0.567300 0.801300
vt 0.462400 0.751100
vt 0.552500 0.750700
vt 0.502900 0.695200
vt 0.594800 0.749500
vt 0.611400 0.801100
vt 0.547400 0.688000
vt 0.459000 0.686600
vt 0.504000 0.655900
vt 0.420100 0.743400
vt 0.460900 0.647000
vt 0.366400 0.788400
vt 0.425000 0.676800
vt 0.379800 0.734100
vt 0.416300 0.625300
vt 0.397800 0.669600
vt 0.370800 0.663000
vt 0.349800 0.725400
vt 0.342800 0.836800
vt 0.299700 0.805700
vt 0.322800 0.765800
vt 0.309500 0.869300
vt 0.288900 0.903500
vt 0.266200 0.781300
vt 0.300600 0.917000
vt 0.282000 0.934200
vt 0.282600 0.941200
vt 0.266200 0.944500
vt 0.267400 0.931600
vt 0.266200 0.841900
vt 0.268000 0.886000
vt 0.249300 0.910500
vt 0.232200 0.924500
vt 0.243600 0.932400
vt 0.218700 0.936100
vt 0.219900 0.920900
vt 0.231300 0.902500
vt 0.230900 0.880700
vt 0.228400 0.856800
vt 0.194700 0.873100
vt 0.200200 0.881100
vt 0.217100 0.840200
vt 0.165900 0.886000
vt 0.168300 0.893000
vt 0.149800 0.897600
vt 0.159500 0.881800
vt 0.174800 0.868200
vt 0.182700 0.851400
vt 0.151000 0.860300
vt 0.150700 0.867200
vt 0.130800 0.870800
vt 0.134900 0.855800
vt 0.175400 0.834900
vt 0.143200 0.836700
vt 0.124200 0.836100
vt 0.117100 0.845800
vt 0.103800 0.836300
vt 0.125300 0.827300
vt 0.138900 0.818600
vt 0.166100 0.812900
vt 0.211300 0.810600
vt 0.250900 0.813100
vt 0.243700 0.794700
vt 0.203800 0.791500
vt 0.230300 0.776800
vt 0.248400 0.761900
vt 0.217300 0.755500
vt 0.275800 0.745800
vt 0.243800 0.741200
vt 0.188700 0.768500
vt 0.178300 0.789900
vt 0.159400 0.791100
vt 0.155500 0.807700
vt 0.159000 0.777300
vt 0.134300 0.789000
vt 0.130100 0.800200
vt 0.112000 0.783100
vt 0.135800 0.777400
vt 0.114900 0.757400
vt 0.149700 0.765000
vt 0.127200 0.734100
vt 0.155900 0.749300
vt 0.191400 0.754200
vt 0.157100 0.741500
vt 0.108900 0.711000
vt 0.090200 0.728700
vt 0.132000 0.727900
vt 0.102100 0.678100
vt 0.079100 0.676600
vt 0.113900 0.707800
vt 0.142200 0.715800
vt 0.111800 0.678200
vt 0.110100 0.641900
vt 0.137100 0.696400
vt 0.163300 0.721100
vt 0.094700 0.632000
vt 0.186700 0.724000
vt 0.177200 0.698500
vt 0.189200 0.743800
vt 0.206400 0.692800
vt 0.213800 0.735100
vt 0.210300 0.718000
vt 0.237400 0.715400
vt 0.171000 0.666200
vt 0.236400 0.681400
vt 0.199600 0.660100
vt 0.262300 0.665800
vt 0.285000 0.698600
vt 0.228400 0.650500
vt 0.186500 0.634000
vt 0.321600 0.715600
vt 0.308500 0.657900
vt 0.342400 0.660300
vt 0.280000 0.651100
vt 0.315000 0.635100
vt 0.346700 0.635300
vt 0.244100 0.628500
vt 0.275500 0.621800
vt 0.319300 0.617900
vt 0.202400 0.619800
vt 0.225500 0.577500
vt 0.167400 0.615800
vt 0.291800 0.603700
vt 0.280000 0.576400
vt 0.194300 0.597500
vt 0.160000 0.632800
vt 0.160000 0.601200
vt 0.140700 0.649100
vt 0.137300 0.670700
vt 0.124200 0.647300
vt 0.143100 0.624500
vt 0.130800 0.613500
vt 0.122700 0.598600
vt 0.152500 0.587500
vt 0.184200 0.572400
vt 0.152000 0.570600
vt 0.085700 0.604800
vt 0.112800 0.575900
vt 0.069100 0.625900
vt 0.073600 0.635700
vt 0.051800 0.636300
vt 0.053400 0.618900
vt 0.060100 0.600200
vt 0.038900 0.597500
vt 0.049100 0.588300
vt 0.078100 0.578900
vt 0.049100 0.574300
vt 0.083700 0.566600
vt 0.059200 0.563100
vt 0.040900 0.557200
vt 0.052700 0.550700
vt 0.085000 0.556100
vt 0.063700 0.545700
vt 0.049700 0.541400
vt 0.118200 0.547900
vt 0.057000 0.535100
vt 0.088900 0.546300
vt 0.088300 0.539800
vt 0.121100 0.526100
vt 0.156100 0.547200
vt 0.191700 0.536700
vt 0.159900 0.526000
vt 0.089600 0.525900
vt 0.130900 0.500300
vt 0.167600 0.500400
vt 0.069200 0.526600
vt 0.054500 0.523600
vt 0.070600 0.516000
vt 0.084900 0.509000
vt 0.077600 0.484400
vt 0.069600 0.498800
vt 0.052900 0.480900
vt 0.132700 0.468200
vt 0.051800 0.457900
vt 0.042500 0.462800
vt 0.035900 0.448400
vt 0.051900 0.437800
vt 0.093700 0.457900
vt 0.087600 0.425500
vt 0.115200 0.408500
vt 0.069200 0.423200
vt 0.056500 0.413100
vt 0.069400 0.409900
vt 0.080000 0.414800
vt 0.071000 0.402100
vt 0.082200 0.407200
vt 0.096400 0.414200
vt 0.089800 0.400600
vt 0.138000 0.413000
vt 0.118700 0.398800
vt 0.134500 0.392100
vt 0.168300 0.443400
vt 0.191000 0.433300
vt 0.187700 0.470800
vt 0.200300 0.501200
vt 0.238000 0.482800
vt 0.235200 0.533900
vt 0.257600 0.567400
vt 0.266500 0.515300
vt 0.289700 0.540300
vt 0.309600 0.514700
vt 0.292600 0.475300
vt 0.269500 0.436100
vt 0.223500 0.436900
vt 0.319200 0.451700
vt 0.239900 0.411000
vt 0.195300 0.412600
vt 0.156300 0.386900
vt 0.135400 0.372200
vt 0.151600 0.366400
vt 0.202300 0.390600
vt 0.251200 0.388200
vt 0.299400 0.389200
vt 0.212300 0.370900
vt 0.259800 0.361000
vt 0.176800 0.348700
vt 0.219400 0.345500
vt 0.267900 0.331100
vt 0.158200 0.330900
vt 0.145600 0.345600
vt 0.179300 0.322100
vt 0.227200 0.324200
vt 0.139600 0.317800
vt 0.134700 0.324800
vt 0.125900 0.307400
vt 0.136800 0.300700
vt 0.152700 0.304800
vt 0.139800 0.287600
vt 0.153500 0.286300
vt 0.179900 0.274700
vt 0.148000 0.257900
vt 0.198000 0.300300
vt 0.238100 0.296900
vt 0.214000 0.277100
vt 0.168200 0.245900
vt 0.138300 0.221400
vt 0.198300 0.253100
vt 0.231100 0.256200
vt 0.150300 0.217500
vt 0.132300 0.199300
vt 0.156600 0.205500
vt 0.182200 0.223300
vt 0.198200 0.232000
vt 0.193100 0.213400
vt 0.207700 0.219800
vt 0.234500 0.219200
vt 0.223200 0.190100
vt 0.254000 0.273100
vt 0.239700 0.190300
vt 0.246600 0.243000
vt 0.240900 0.162900
vt 0.234500 0.159400
vt 0.239900 0.141900
vt 0.249400 0.146800
vt 0.254800 0.185100
vt 0.258500 0.223400
vt 0.280400 0.243700
vt 0.268800 0.259600
vt 0.273900 0.308700
vt 0.290200 0.289400
vt 0.325100 0.320300
vt 0.301600 0.272600
vt 0.342800 0.276300
vt 0.310400 0.256200
vt 0.347200 0.389500
vt 0.359000 0.252900
vt 0.316100 0.240600
vt 0.292000 0.221800
vt 0.306900 0.203400
vt 0.280000 0.206100
vt 0.329200 0.230200
vt 0.297900 0.177100
vt 0.277200 0.182600
vt 0.268500 0.152300
vt 0.293800 0.150300
vt 0.325300 0.168200
vt 0.276800 0.115900
vt 0.260900 0.112500
vt 0.273500 0.078500
vt 0.301900 0.096300
vt 0.320400 0.143500
vt 0.328100 0.109700
vt 0.318800 0.087200
vt 0.347900 0.146200
vt 0.336700 0.091400
vt 0.373000 0.128500
vt 0.365000 0.100400
vt 0.355200 0.074800
vt 0.383700 0.162900
vt 0.384200 0.085500
vt 0.400000 0.129400
vt 0.422200 0.122500
vt 0.360300 0.180600
vt 0.407900 0.157800
vt 0.336400 0.192500
vt 0.349800 0.216500
vt 0.363900 0.230100
vt 0.368200 0.206100
vt 0.391700 0.226400
vt 0.384500 0.195600
vt 0.407400 0.187000
vt 0.397400 0.275100
vt 0.428000 0.206300
vt 0.445200 0.237600
vt 0.433700 0.178200
vt 0.458200 0.198200
vt 0.433000 0.150200
vt 0.464400 0.167000
vt 0.467100 0.138800
vt 0.496100 0.193100
vt 0.504600 0.167500
vt 0.498800 0.231500
vt 0.537900 0.195900
vt 0.507200 0.136300
vt 0.544300 0.170300
vt 0.542200 0.138000
vt 0.551800 0.106500
vt 0.561600 0.139300
vt 0.502600 0.100200
vt 0.455600 0.106000
vt 0.432000 0.080700
vt 0.483400 0.071500
vt 0.506200 0.068300
vt 0.453700 0.056400
vt 0.406300 0.044500
vt 0.383900 0.048700
vt 0.381300 0.014000
vt 0.416400 0.032000
vt 0.484700 0.041000
vt 0.472800 0.035300
vt 0.490300 0.019200
vt 0.498400 0.034200
vt 0.517000 0.044700
vt 0.541600 0.057800
vt 0.579900 0.077200
vt 0.559500 0.055500
vt 0.552200 0.032500
vt 0.563100 0.038400
vt 0.575200 0.053700
vt 0.574900 0.034300
vt 0.588400 0.050400
vt 0.608000 0.066400
vt 0.606900 0.050000
vt 0.620800 0.071900
vt 0.630300 0.072400
vt 0.615500 0.090800
vt 0.655700 0.095200
vt 0.583900 0.104700
vt 0.636000 0.097200
vt 0.625300 0.121300
vt 0.645000 0.114900
vt 0.578200 0.133300
vt 0.597100 0.129400
vt 0.586100 0.159900
vt 0.570100 0.174300
vt 0.605400 0.157900
vt 0.563900 0.201700
vt 0.590400 0.188600
vt 0.558700 0.232400
vt 0.606500 0.193800
vt 0.585200 0.211700
vt 0.611500 0.225300
vt 0.622300 0.202000
vt 0.632800 0.166000
vt 0.661000 0.177500
vt 0.654400 0.138400
vt 0.674700 0.139800
vt 0.675500 0.107300
vt 0.678900 0.091400
vt 0.699600 0.093600
vt 0.685900 0.156000
vt 0.638800 0.212300
vt 0.672400 0.197400
vt 0.720500 0.124700
vt 0.629500 0.241000
vt 0.706100 0.169700
vt 0.653200 0.225200
vt 0.693600 0.214900
vt 0.714400 0.100600
vt 0.722400 0.067300
vt 0.729600 0.092600
vt 0.731800 0.110600
vt 0.739900 0.096900
vt 0.743900 0.116000
vt 0.758400 0.125600
vt 0.755800 0.155600
vt 0.765900 0.140500
vt 0.776900 0.117400
vt 0.780700 0.137900
vt 0.748200 0.200600
vt 0.788900 0.157900
vt 0.798600 0.132300
vt 0.807700 0.151700
vt 0.777100 0.177300
vt 0.796900 0.188000
vt 0.814100 0.174400
vt 0.821800 0.151000
vt 0.826200 0.174900
vt 0.807600 0.195900
vt 0.815800 0.203700
vt 0.833200 0.183900
vt 0.833800 0.201700
vt 0.793700 0.235200
vt 0.823000 0.230600
vt 0.855100 0.217700
vt 0.857800 0.201500
vt 0.879600 0.207800
vt 0.859100 0.228000
vt 0.832700 0.255400
vt 0.725100 0.244700
vt 0.812700 0.274300
vt 0.839000 0.283600
vt 0.768400 0.282600
vt 0.807600 0.341600
vt 0.736600 0.324900
vt 0.671200 0.241700
vt 0.692800 0.282700
vt 0.644400 0.257500
vt 0.604800 0.263600
vt 0.655900 0.292700
vt 0.677300 0.329100
vt 0.626600 0.298100
vt 0.645200 0.339200
vt 0.592200 0.314300
vt 0.544900 0.267200
vt 0.573700 0.290300
vt 0.602200 0.345500
vt 0.504800 0.259300
vt 0.466500 0.270300
vt 0.507900 0.290400
vt 0.443100 0.300300
vt 0.480400 0.298300
vt 0.536000 0.294400
vt 0.548500 0.317200
vt 0.527000 0.314300
vt 0.560000 0.336100
vt 0.529500 0.332800
vt 0.509200 0.319700
vt 0.491100 0.316400
vt 0.469600 0.323500
vt 0.489400 0.337700
vt 0.509000 0.340600
vt 0.529100 0.355500
vt 0.484100 0.357700
vt 0.505900 0.355600
vt 0.457100 0.339800
vt 0.423000 0.323000
vt 0.382500 0.306300
vt 0.362400 0.342200
vt 0.359400 0.299500
vt 0.405800 0.348300
vt 0.447500 0.358200
vt 0.394400 0.382500
vt 0.475400 0.367600
vt 0.436600 0.381400
vt 0.470700 0.383200
vt 0.486900 0.373800
vt 0.503100 0.370600
vt 0.444500 0.406100
vt 0.505000 0.384200
vt 0.491800 0.382000
vt 0.483400 0.389600
vt 0.471900 0.400200
vt 0.489000 0.397800
vt 0.472300 0.411100
vt 0.405600 0.417500
vt 0.358400 0.438600
vt 0.379100 0.477300
vt 0.421100 0.441700
vt 0.449800 0.421600
vt 0.415700 0.492300
vt 0.345500 0.505500
vt 0.393200 0.534200
vt 0.438300 0.452300
vt 0.456500 0.432600
vt 0.475000 0.426600
vt 0.448400 0.502000
vt 0.487800 0.418700
vt 0.456900 0.465100
vt 0.471100 0.440700
vt 0.487300 0.436700
vt 0.479200 0.470400
vt 0.475200 0.511200
vt 0.503800 0.467800
vt 0.502200 0.432900
vt 0.500800 0.416000
vt 0.472400 0.555200
vt 0.516800 0.395500
vt 0.517000 0.413300
vt 0.518600 0.432400
vt 0.533100 0.420200
vt 0.503800 0.510700
vt 0.526800 0.463100
vt 0.534500 0.404800
vt 0.538900 0.436000
vt 0.553700 0.425900
vt 0.550400 0.461200
vt 0.531900 0.503300
vt 0.538400 0.550600
vt 0.561400 0.496900
vt 0.572400 0.450800
vt 0.560600 0.417000
vt 0.598400 0.493100
vt 0.562300 0.402200
vt 0.587800 0.440100
vt 0.570000 0.540500
vt 0.628500 0.474500
vt 0.619900 0.534300
vt 0.579900 0.589400
vt 0.602300 0.415400
vt 0.652300 0.438200
vt 0.611100 0.380600
vt 0.657300 0.389300
vt 0.688300 0.453200
vt 0.663600 0.504000
vt 0.643800 0.552300
vt 0.697700 0.394100
vt 0.716000 0.361500
vt 0.733500 0.438600
vt 0.776700 0.375300
vt 0.715500 0.474800
vt 0.757300 0.411200
vt 0.701600 0.513200
vt 0.765400 0.478800
vt 0.782600 0.417700
vt 0.783500 0.443300
vt 0.801500 0.397900
vt 0.808400 0.438300
vt 0.794300 0.469700
vt 0.822500 0.411800
vt 0.837500 0.462400
vt 0.837400 0.376300
vt 0.850500 0.434800
vt 0.812400 0.496500
vt 0.861100 0.479900
vt 0.857400 0.336500
vt 0.874500 0.402500
vt 0.888900 0.448800
vt 0.875100 0.313600
vt 0.861600 0.282800
vt 0.900000 0.358600
vt 0.900500 0.334000
vt 0.895900 0.292300
vt 0.888300 0.275200
vt 0.907000 0.302400
vt 0.911500 0.281700
vt 0.902700 0.377500
vt 0.922200 0.363200
vt 0.922500 0.375700
vt 0.907300 0.396200
vt 0.919800 0.413400
vt 0.923300 0.389400
vt 0.938900 0.381100
vt 0.931800 0.396300
vt 0.924500 0.437200
vt 0.936300 0.423500
vt 0.953700 0.436700
vt 0.941100 0.453300
vt 0.904100 0.476300
vt 0.932800 0.469100
vt 0.953600 0.467600
vt 0.951100 0.477500
vt 0.940400 0.490800
vt 0.963900 0.487500
vt 0.947400 0.496900
vt 0.927800 0.507100
vt 0.910300 0.495900
vt 0.883300 0.521200
vt 0.832000 0.525900
vt 0.923500 0.531700
vt 0.944000 0.514700
vt 0.961500 0.528200
vt 0.945000 0.548700
vt 0.883600 0.572800
vt 0.928700 0.563700
vt 0.949900 0.559700
vt 0.941800 0.570000
vt 0.921500 0.581700
vt 0.949300 0.579600
vt 0.929400 0.595600
vt 0.876300 0.614700
vt 0.822300 0.583900
vt 0.845200 0.608000
vt 0.786600 0.566500
vt 0.778600 0.523200
vt 0.756600 0.560000
vt 0.741300 0.509200
vt 0.772700 0.617500
vt 0.724000 0.536600
vt 0.801700 0.625800
vt 0.742300 0.615700
vt 0.736100 0.570400
vt 0.694800 0.547900
vt 0.713300 0.562500
vt 0.669700 0.544700
vt 0.688200 0.580600
vt 0.665500 0.573800
vt 0.651800 0.569400
vt 0.654100 0.583200
vt 0.657800 0.594400
vt 0.645800 0.578500
vt 0.633700 0.568900
vt 0.610500 0.575300
vt 0.617100 0.598400
vt 0.635500 0.594700
vt 0.595000 0.622900
vt 0.620000 0.625500
vt 0.650000 0.610200
vt 0.676000 0.603500
vt 0.643400 0.632200
vt 0.670300 0.618100
vt 0.696700 0.615400
vt 0.613100 0.667500
vt 0.668600 0.634000
vt 0.642700 0.662700
vt 0.584600 0.674600
vt 0.630800 0.732900
vt 0.666900 0.730700
vt 0.672700 0.658400
vt 0.701000 0.632200
vt 0.696400 0.604400
vt 0.699400 0.596900
vt 0.712600 0.595700
vt 0.705200 0.585900
vt 0.723100 0.579300
vt 0.725200 0.600400
vt 0.737900 0.646900
vt 0.707700 0.655200
vt 0.757100 0.658500
vt 0.728800 0.692400
vt 0.698700 0.712200
vt 0.780800 0.671000
vt 0.797100 0.678100
vt 0.732900 0.757800
vt 0.760200 0.725500
vt 0.785100 0.718900
vt 0.776300 0.776500
vt 0.703900 0.770400
vt 0.733300 0.803800
vt 0.684100 0.778500
vt 0.661300 0.784200
vt 0.712100 0.817100
vt 0.686100 0.829200
vt 0.633800 0.798600
vt 0.549900 0.647100
vt 0.546300 0.602400
vt 0.508100 0.608500
vt 0.506200 0.557100
vt 0.467900 0.603900
vt 0.432300 0.591800
vt 0.440300 0.543400
vt 0.402600 0.578300
vt 0.395900 0.599300
vt 0.392500 0.627700
vt 0.382000 0.569900
vt 0.370100 0.553600
vt 0.371400 0.632000
vt 0.345400 0.619500
vt 0.365200 0.611100
vt 0.380800 0.595100
vt 0.339900 0.604500
vt 0.359400 0.594600
vt 0.370400 0.578600
vt 0.362800 0.570600
vt 0.361700 0.584000
vt 0.349500 0.574100
vt 0.327500 0.581200
vt 0.344200 0.545600
vt 0.318700 0.549300
vt 0.301500 0.565500
vt 0.293100 0.582700
vt 0.311500 0.587900
vt 0.317300 0.598700
vt 0.304700 0.597900
vt 0.320300 0.607200
vt 0.680200 0.943600
vt 0.649400 0.908200
vt 0.707800 0.956500
vt 0.708200 0.967900
vt 0.731900 0.964600
vt 0.722000 0.946500
vt 0.695700 0.915200
vt 0.718000 0.931900
vt 0.734600 0.939000
vt 0.736000 0.929600
vt 0.729400 0.919000
vt 0.752000 0.927300
vt 0.737900 0.912200
vt 0.729400 0.895700
vt 0.718100 0.863200
vt 0.764500 0.879200
vt 0.761400 0.893000
vt 0.677900 0.876600
vt 0.801200 0.889900
vt 0.658400 0.840100
vt 0.656800 0.884400
vt 0.632500 0.852100
vt 0.615000 0.884700
vt 0.742000 0.838700
vt 0.780900 0.864000
vt 0.753700 0.821600
vt 0.785200 0.825600
vt 0.754900 0.793900
vt 0.801600 0.804600
vt 0.831200 0.817100
vt 0.822700 0.796100
vt 0.830200 0.830500
vt 0.819600 0.849000
vt 0.801400 0.882200
vt 0.819200 0.876600
vt 0.814200 0.886500
vt 0.827900 0.887100
vt 0.826100 0.893600
vt 0.816100 0.863900
vt 0.835600 0.865800
vt 0.838800 0.858100
vt 0.805300 0.898200
vt 0.830300 0.905500
vt 0.803300 0.902200
vt 0.837200 0.851100
vt 0.851100 0.850100
vt 0.851000 0.843500
vt 0.849400 0.836400
vt 0.868200 0.835300
vt 0.863900 0.831000
vt 0.852700 0.824300
vt 0.872900 0.822500
vt 0.859400 0.817100
vt 0.846700 0.808100
vt 0.865400 0.793300
vt 0.859100 0.783400
vt 0.888600 0.765700
vt 0.900300 0.772600
vt 0.916400 0.744700
vt 0.905800 0.744100
vt 0.909000 0.715300
vt 0.923400 0.709000
vt 0.900100 0.743300
vt 0.881700 0.761800
vt 0.903400 0.684600
vt 0.915600 0.674500
vt 0.905300 0.716100
vt 0.892700 0.657800
vt 0.904600 0.646000
vt 0.897700 0.686800
vt 0.884300 0.716500
vt 0.881200 0.738000
vt 0.878700 0.692100
vt 0.856800 0.718700
vt 0.871500 0.752800
vt 0.854400 0.775700
vt 0.851600 0.736400
vt 0.849400 0.758200
vt 0.829900 0.729300
vt 0.825600 0.754300
vt 0.828300 0.788100
vt 0.819000 0.776000
vt 0.810700 0.781700
vt 0.783800 0.758700
vt 0.794300 0.750600
vt 0.807500 0.742600
vt 0.806800 0.719800
vt 0.843200 0.702300
vt 0.815900 0.688900
vt 0.846700 0.677100
vt 0.834900 0.660200
vt 0.824400 0.635400
vt 0.866300 0.668400
vt 0.856000 0.649100
vt 0.852800 0.629300
vt 0.855200 0.619300
vt 0.866200 0.631000
vt 0.873500 0.642200
vt 0.869000 0.624300
vt 0.884600 0.661400
vt 0.880600 0.638000
vt 0.890700 0.629800
vt 0.921600 0.620600
vt 0.914100 0.610200
vt 0.937200 0.605300
vt 0.839000 0.283600
vt 0.832700 0.255400
vt 0.835200 0.269500
vt 0.563600 0.356600
vt 0.569200 0.378800
vt 0.537800 0.368400
vt 0.522700 0.378100
vt 0.538100 0.382900
vt 0.521800 0.387800
vt 0.524100 0.392700
vt 0.535300 0.396200
vn -0.51491 0.78182 0.35161
vn -0.57541 0.75271 0.31990
vn -0.43101 0.88551 0.17350
vn -0.57080 0.77550 0.26980
vn -0.37899 0.91147 -0.15999
vn -0.78180 0.50560 0.36490
vn -0.46091 0.88681 -0.03360
vn -0.64438 0.71117 0.28109
vn -0.77269 0.39939 0.49339
vn -0.65697 0.63217 0.41078
vn -0.68338 0.71018 0.16920
vn -0.70939 0.68369 0.17130
vn -0.66288 0.52269 0.53609
vn -0.60779 0.75649 0.24150
vn -0.66848 0.61698 0.41529
vn -0.41991 0.90492 0.06930
vn -0.65320 0.73340 0.18830
vn -0.37532 0.91515 -0.14711
vn -0.44242 0.88784 0.12651
vn -0.12510 0.81879 -0.56029
vn -0.34759 0.93666 -0.04300
vn -0.45488 0.77387 -0.44068
vn -0.80191 0.59481 -0.05610
vn -0.68473 0.57192 -0.45172
vn -0.39331 0.85921 -0.32721
vn -0.40051 0.91112 -0.09720
vn -0.08530 0.63527 -0.76756
vn -0.45519 0.89039 -0.00260
vn -0.50400 0.54910 -0.66669
vn -0.88929 0.37590 -0.26050
vn -0.93974 0.34181 -0.00710
vn -0.89655 0.32808 0.29758
vn -0.94711 0.31690 0.05050
vn -0.65549 0.74638 0.11510
vn -0.93593 0.32991 0.12330
vn -0.63619 0.76539 0.09710
vn -0.49977 0.24748 0.83005
vn -0.82736 0.49528 0.26489
vn -0.95215 0.15069 0.26589
vn -0.57579 0.24700 0.77939
vn -0.51750 0.60210 0.60800
vn -0.46098 0.74737 0.47848
vn -0.49182 0.86354 0.11141
vn -0.44990 0.85030 0.27310
vn -0.42258 0.85116 0.31138
vn -0.67478 0.73117 -0.10030
vn -0.63761 0.73231 0.23910
vn -0.32249 0.91648 0.23679
vn -0.15080 0.70012 -0.69792
vn -0.29679 0.80527 -0.51328
vn -0.48210 0.54230 -0.68810
vn -0.37710 0.84149 -0.38690
vn -0.35229 0.91177 -0.21109
vn -0.81309 0.54939 -0.19250
vn -0.56698 0.82168 0.05810
vn -0.23219 0.96677 0.10700
vn -0.16630 0.98589 0.01900
vn -0.85608 0.23210 -0.46179
vn -0.66598 0.55808 -0.49499
vn -0.74530 0.13650 -0.65260
vn -0.09560 0.99394 -0.05430
vn -0.41962 0.35512 -0.83535
vn -0.27671 -0.72923 -0.62582
vn -0.56491 0.13020 -0.81482
vn -0.58168 0.54128 -0.60718
vn -0.21200 0.79519 -0.56809
vn -0.28060 0.89409 -0.34910
vn -0.91562 0.29140 -0.27700
vn -0.91128 0.16150 -0.37879
vn -0.94872 0.26391 -0.17400
vn -0.98850 0.11940 -0.09280
vn -0.92199 0.26060 -0.28640
vn -0.97082 0.21800 0.09990
vn -0.93721 0.34831 0.01770
vn -0.80858 0.58828 0.01140
vn -0.90864 0.41342 -0.05880
vn -0.81621 0.57430 0.06310
vn -0.81712 0.57061 -0.08200
vn -0.82590 0.56380 -0.00350
vn -0.81541 0.48240 0.32000
vn -0.84108 0.23229 0.48849
vn -0.81851 0.55991 -0.12860
vn -0.81689 0.56109 0.13370
vn -0.85160 0.52420 -0.00060
vn -0.76182 0.58961 -0.26831
vn -0.90000 0.43530 -0.02290
vn -0.87793 0.28811 -0.38241
vn -0.88070 0.44590 -0.15980
vn -0.65799 0.50019 -0.56289
vn -0.94327 0.03390 -0.33029
vn -0.82991 0.38580 -0.40300
vn -0.68762 0.35241 -0.63482
vn -0.67041 0.48061 -0.56531
vn -0.94859 0.14490 -0.28140
vn -0.96478 0.10170 -0.24260
vn -0.87685 0.29798 -0.37728
vn -0.95977 0.25199 -0.12390
vn -0.85218 0.47189 -0.22609
vn -0.97765 0.18149 -0.10609
vn -0.49517 0.82535 0.27128
vn -0.51010 0.64921 -0.56420
vn -0.09160 0.99575 0.00960
vn -0.36039 0.51389 -0.77848
vn -0.44280 0.49320 -0.74879
vn -0.88257 0.28899 -0.37089
vn -0.79880 -0.07810 -0.59650
vn -0.75809 0.24300 -0.60519
vn -0.72691 0.30150 -0.61701
vn -0.17611 0.98333 -0.04530
vn -0.46280 0.55590 -0.69050
vn -0.34381 -0.47641 -0.80922
vn -0.34651 -0.38671 -0.85463
vn -0.55079 0.52669 -0.64748
vn -0.74692 0.65381 -0.12100
vn -0.77612 0.25971 -0.57462
vn -0.24249 0.96917 -0.04360
vn -0.87215 0.29852 -0.38762
vn -0.81845 0.22251 -0.52974
vn -0.34780 0.90859 0.23130
vn -0.74241 0.40350 -0.53481
vn -0.39079 -0.64288 -0.65878
vn -0.70607 -0.03320 -0.70737
vn -0.61071 0.71931 -0.33110
vn -0.72735 0.54394 -0.41843
vn -0.66112 0.74152 -0.11430
vn -0.94964 0.13721 -0.28171
vn -0.80622 0.20460 -0.55511
vn -0.82732 -0.00460 -0.56171
vn -0.80804 0.00280 -0.58913
vn -0.92030 -0.06430 -0.38590
vn -0.88308 0.30809 -0.35389
vn -0.97384 -0.09630 -0.20581
vn -0.78819 -0.56629 -0.24100
vn -0.64378 -0.75278 -0.13740
vn -0.77530 -0.10200 -0.62330
vn -0.84704 0.13831 -0.51322
vn -0.96701 0.05940 -0.24770
vn -0.96419 0.03630 -0.26270
vn -0.85556 0.09570 -0.50878
vn -0.91739 0.09490 -0.38650
vn -0.96167 -0.17599 -0.21029
vn -0.94553 0.08590 -0.31401
vn -0.92426 0.13011 -0.35892
vn -0.91081 -0.02920 -0.41180
vn -0.94482 0.17070 -0.27961
vn -0.89932 0.17210 -0.40201
vn -0.81946 0.07520 -0.56818
vn -0.22139 0.76158 -0.60908
vn -0.73530 -0.60950 -0.29640
vn -0.64680 -0.06930 -0.75950
vn -0.26541 0.70053 -0.66243
vn -0.65251 -0.12900 -0.74672
vn -0.67469 -0.61059 -0.41469
vn -0.04080 0.42142 -0.90595
vn -0.29528 0.57627 -0.76205
vn -0.23909 0.61748 -0.74937
vn -0.26829 0.86687 -0.42019
vn -0.73628 0.67618 -0.02570
vn -0.92107 -0.30899 -0.23699
vn -0.10030 0.09000 -0.99088
vn 0.58650 0.05000 -0.80840
vn -0.94953 -0.27471 -0.15141
vn -0.08660 -0.36001 -0.92892
vn 0.49380 -0.31810 -0.80930
vn -0.98128 -0.06640 -0.18080
vn -0.77660 -0.54850 0.30990
vn -0.99156 0.08340 -0.09930
vn -0.34531 -0.50171 -0.79312
vn -0.92832 -0.10030 0.35801
vn -0.65388 -0.75658 0.00580
vn -0.44220 0.24820 -0.86189
vn -0.46090 -0.80240 -0.37910
vn -0.90697 -0.32899 -0.26299
vn -0.90973 -0.25661 -0.32641
vn -0.58568 -0.28769 -0.75777
vn -0.96372 -0.11680 -0.24000
vn -0.45211 -0.71801 -0.52921
vn -0.85350 -0.00200 -0.52110
vn -0.97091 0.15780 -0.18010
vn -0.70867 0.08770 -0.70007
vn -0.65612 0.20451 -0.72642
vn -0.83327 0.08630 -0.54608
vn -0.78182 0.20101 -0.59022
vn -0.67343 -0.03880 -0.73823
vn -0.74369 0.41109 -0.52719
vn -0.70311 0.39150 -0.59361
vn -0.50219 0.24000 -0.83079
vn -0.64856 0.30528 -0.69726
vn -0.50968 0.17019 -0.84336
vn -0.61770 -0.10780 -0.77899
vn -0.68701 -0.27570 -0.67231
vn -0.73070 -0.06700 -0.67940
vn -0.56170 0.09030 -0.82240
vn -0.66698 -0.58948 -0.45569
vn -0.85945 0.00100 -0.51123
vn -0.55139 0.17550 -0.81558
vn -0.83840 0.54030 -0.07180
vn -0.86201 -0.16260 -0.48011
vn -0.87842 0.27701 -0.38941
vn -0.91453 -0.09980 -0.39201
vn -0.76816 0.63987 -0.02250
vn -0.94218 -0.32239 -0.09140
vn -0.69158 0.54719 0.47149
vn -0.88216 0.26999 0.38588
vn -0.96586 0.22039 0.13619
vn -0.89138 0.44279 0.09680
vn -0.68932 -0.49151 -0.53221
vn -0.83280 -0.28940 -0.47190
vn -0.78857 -0.53198 -0.30849
vn -0.86628 0.20200 -0.45689
vn -0.81672 0.53851 -0.20730
vn -0.88522 0.42931 -0.17910
vn -0.90910 0.40370 -0.10280
vn -0.79622 0.58022 -0.17140
vn -0.73231 0.67451 0.09360
vn -0.91749 0.27860 -0.28390
vn -0.75378 0.44869 -0.48009
vn -0.80520 0.20240 -0.55740
vn -0.80624 -0.09430 -0.58403
vn -0.76490 -0.33150 -0.55230
vn -0.81224 0.31332 -0.49203
vn -0.70630 0.32170 -0.63060
vn -0.88859 0.21890 -0.40310
vn -0.76354 0.04990 -0.64383
vn -0.79035 -0.16769 -0.58926
vn -0.74112 -0.08620 -0.66582
vn -0.85722 -0.02750 -0.51421
vn -0.70622 0.07000 -0.70452
vn -0.67709 -0.08140 -0.73139
vn -0.93138 0.07670 -0.35589
vn -0.69941 -0.15810 -0.69701
vn -0.80599 -0.10360 -0.58279
vn -0.81524 -0.13261 -0.56373
vn -0.89667 -0.19199 -0.39889
vn -0.89284 0.39962 -0.20771
vn -0.90739 0.13210 -0.39899
vn -0.95006 -0.09520 -0.29719
vn -0.76925 -0.26268 -0.58246
vn -0.88544 -0.07530 -0.45862
vn -0.97019 -0.07270 -0.23120
vn -0.72452 -0.20160 -0.65911
vn -0.63640 -0.33400 -0.69530
vn -0.35341 -0.82061 -0.44911
vn -0.70281 -0.14800 -0.69581
vn -0.80733 0.31671 -0.49792
vn -0.62057 0.58607 -0.52097
vn -0.64669 0.38819 -0.65659
vn -0.87022 -0.10830 -0.48061
vn -0.87024 -0.10260 -0.48182
vn -0.60641 0.31381 -0.73061
vn -0.85140 -0.24870 -0.46180
vn -0.88508 -0.36189 -0.29269
vn -0.91828 -0.25629 -0.30179
vn -0.95417 -0.27809 -0.11060
vn -0.75222 -0.34361 -0.56222
vn -0.90864 -0.27121 -0.31751
vn -0.92631 -0.29200 -0.23810
vn -0.91028 -0.32969 -0.25039
vn -0.80150 -0.53230 -0.27250
vn -0.94721 -0.28440 -0.14800
vn -0.80977 -0.52698 -0.25799
vn -0.95292 -0.10810 0.28331
vn -0.74662 -0.61212 -0.26051
vn -0.66740 -0.54210 -0.51060
vn -0.44109 -0.60069 -0.66679
vn -0.48600 -0.46320 -0.74111
vn -0.80987 0.26749 -0.52208
vn -0.87206 0.09610 -0.47988
vn -0.86324 0.21501 -0.45672
vn -0.84530 0.00140 -0.53430
vn -0.58390 -0.07870 -0.80800
vn -0.50209 0.00630 -0.86479
vn -0.53661 0.19780 -0.82032
vn -0.64620 -0.02930 -0.76260
vn -0.84568 0.27959 -0.45459
vn -0.88800 0.24090 -0.39170
vn -0.70819 -0.14820 -0.69029
vn -0.64162 -0.26411 -0.72012
vn -0.87221 -0.12610 -0.47260
vn -0.51289 0.09680 -0.85298
vn -0.82332 -0.10750 -0.55731
vn -0.85120 -0.47330 -0.22680
vn -0.61141 -0.48040 -0.62881
vn -0.44322 -0.55143 -0.70674
vn -0.48317 -0.47917 -0.73276
vn -0.74958 0.00600 -0.66188
vn -0.81776 0.10070 -0.56668
vn -0.43522 -0.17861 -0.88243
vn -0.70294 0.32192 -0.63423
vn -0.83701 0.03090 -0.54631
vn -0.68432 0.13890 -0.71583
vn -0.86913 -0.03530 -0.49332
vn -0.77788 -0.48119 -0.40419
vn -0.70828 -0.10950 -0.69738
vn -0.22219 0.25279 -0.94166
vn -0.77891 -0.18440 -0.59941
vn -0.90293 -0.21901 -0.36981
vn -0.69219 -0.48430 -0.53509
vn -0.16791 0.35011 -0.92154
vn -0.40711 -0.42491 -0.80852
vn -0.40060 -0.68081 -0.61321
vn -0.62463 -0.70474 -0.33642
vn -0.42300 -0.74870 -0.51040
vn -0.40379 -0.53419 -0.74269
vn -0.82022 -0.23081 -0.52341
vn -0.18500 -0.01760 -0.98258
vn -0.86396 -0.19499 -0.46428
vn -0.88220 -0.36450 -0.29810
vn -0.93640 -0.30760 -0.16890
vn -0.83483 -0.50212 -0.22571
vn -0.23290 -0.05220 -0.97110
vn -0.76710 -0.62010 0.16440
vn -0.63851 -0.05950 -0.76731
vn -0.80822 -0.58731 -0.04300
vn -0.55707 -0.79916 -0.22589
vn -0.30801 -0.45281 0.83672
vn -0.49277 -0.81466 0.30578
vn -0.90115 -0.41352 0.13011
vn -0.40633 -0.85866 0.31242
vn -0.46089 -0.87999 -0.11490
vn -0.46160 -0.33380 -0.82189
vn -0.07690 -0.44741 -0.89102
vn -0.85108 0.14050 -0.50589
vn -0.32220 -0.54280 -0.77560
vn -0.81731 -0.12970 -0.56141
vn -0.44241 -0.88812 -0.12460
vn -0.08400 -0.36621 -0.92673
vn -0.41862 -0.88774 -0.19151
vn -0.49809 -0.79068 -0.35599
vn -0.85181 -0.50640 0.13410
vn -0.82592 -0.55821 0.07910
vn -0.84710 -0.53110 -0.01890
vn -0.94870 -0.05420 -0.31150
vn -0.81561 -0.29371 -0.49851
vn -0.86449 0.02560 -0.50200
vn -0.47181 -0.46061 -0.75182
vn -0.88929 0.00580 -0.45730
vn -0.66843 -0.46672 -0.57912
vn -0.84920 -0.44540 -0.28370
vn -0.14871 -0.13771 -0.97925
vn -0.61433 -0.60213 -0.50993
vn -0.50622 -0.86154 0.03870
vn -0.60350 -0.79280 -0.08520
vn -0.74452 -0.16450 -0.64702
vn -0.81038 -0.54388 0.21789
vn -0.87291 -0.27920 -0.40010
vn -0.63409 -0.28760 -0.71779
vn -0.97738 -0.06390 0.20160
vn -0.85091 -0.40960 -0.32890
vn -0.84298 -0.37979 -0.38099
vn -0.85105 -0.45733 -0.25801
vn -0.76429 -0.60709 -0.21750
vn -0.31461 -0.13180 -0.94003
vn -0.73511 -0.63081 -0.24840
vn -0.66751 -0.74071 -0.07600
vn -0.73870 -0.62120 -0.26160
vn -0.56580 -0.79120 0.23210
vn -0.56489 -0.80768 -0.16900
vn -0.81545 -0.56076 -0.14349
vn -0.56978 -0.65878 -0.49128
vn -0.77752 -0.56102 -0.28411
vn -0.69831 -0.56411 -0.44061
vn -0.44380 -0.77460 -0.45060
vn -0.86121 -0.36871 -0.34981
vn -0.70351 -0.64501 -0.29840
vn -0.70662 -0.70492 -0.06150
vn -0.67530 -0.34250 -0.65320
vn -0.91697 -0.34669 -0.19739
vn -0.80394 -0.59353 0.03760
vn -0.93745 -0.32458 -0.12579
vn -0.90492 -0.34331 -0.25151
vn -0.86772 -0.40201 -0.29231
vn -0.78808 -0.60519 -0.11260
vn -0.50250 -0.66040 -0.55800
vn -0.84131 -0.21160 -0.49741
vn -0.88747 -0.40669 -0.21679
vn -0.08840 -0.49651 -0.86352
vn -0.34471 -0.62721 -0.69841
vn 0.01320 -0.78968 -0.61338
vn -0.62869 -0.41289 -0.65899
vn -0.38220 -0.58809 -0.71279
vn -0.72250 -0.31800 -0.61390
vn -0.70311 -0.30381 -0.64291
vn -0.75113 -0.39622 -0.52802
vn -0.63159 -0.74858 0.20180
vn -0.80210 -0.45770 0.38360
vn -0.01280 -0.99991 0.00310
vn -0.44551 -0.88022 0.16350
vn -0.76072 -0.55412 0.33801
vn -0.77618 -0.55139 0.30579
vn -0.83509 -0.45629 0.30729
vn -0.76140 -0.59930 0.24720
vn -0.72033 -0.50742 0.47292
vn -0.67719 -0.68679 0.26409
vn -0.67969 -0.56289 -0.47029
vn -0.70389 -0.62179 -0.34339
vn -0.61872 -0.78552 0.01190
vn -0.51057 -0.69426 0.50727
vn -0.54901 -0.78681 -0.28200
vn -0.82386 -0.53698 -0.18139
vn -0.63370 0.08670 -0.76870
vn -0.85055 -0.40308 -0.33778
vn -0.45678 -0.74366 0.48818
vn -0.63802 -0.74593 -0.19111
vn -0.29190 -0.37960 -0.87790
vn -0.55288 -0.83137 -0.05620
vn -0.42249 -0.64469 0.63709
vn -0.54120 -0.74530 0.38940
vn -0.67717 -0.62927 -0.38138
vn -0.73813 -0.67423 0.02420
vn -0.71638 -0.35359 -0.60148
vn -0.61030 -0.76380 -0.21010
vn -0.47539 -0.84669 0.23900
vn -0.47031 -0.75872 0.45071
vn -0.52720 -0.83991 0.12890
vn -0.41887 -0.75595 0.50307
vn -0.55908 -0.81037 0.17529
vn -0.48600 -0.85941 0.15880
vn -0.53479 -0.75269 0.38400
vn -0.21511 -0.67763 0.70324
vn -0.81664 -0.52223 0.24571
vn -0.36580 -0.90630 0.21170
vn -0.87913 -0.41062 0.24191
vn -0.65682 -0.64492 0.39071
vn -0.92535 -0.37422 -0.06080
vn -0.70579 -0.70369 0.08170
vn -0.84126 -0.39078 0.37358
vn -0.90599 -0.38700 0.17150
vn -0.90126 -0.39628 0.17519
vn -0.57771 -0.46961 0.66762
vn -0.86169 -0.48839 0.13770
vn -0.43980 -0.74771 0.49750
vn -0.61561 -0.61141 0.49720
vn 0.01250 -0.93294 0.35982
vn -0.71343 -0.69083 -0.11731
vn -0.18440 -0.83749 0.51440
vn -0.28769 -0.90268 0.31999
vn -0.53570 -0.84100 -0.07580
vn -0.81381 -0.57781 -0.06200
vn -0.80020 -0.57110 -0.18310
vn -0.87052 -0.38841 -0.30221
vn -0.63069 -0.61399 0.47459
vn -0.62170 -0.68130 -0.38640
vn -0.37521 -0.74913 -0.54592
vn -0.62672 -0.43441 -0.64692
vn -0.72458 -0.61599 0.30909
vn -0.75629 -0.64819 0.08870
vn -0.86728 -0.48899 0.09330
vn -0.68671 -0.64781 0.32981
vn -0.37501 -0.78492 0.49321
vn -0.69581 -0.56321 0.44570
vn -0.78306 -0.58867 0.20069
vn -0.83247 -0.38998 0.39358
vn -0.94865 -0.31628 0.00430
vn -0.81901 -0.55731 -0.13650
vn -0.48682 -0.57193 0.66023
vn -0.65020 -0.54340 0.53100
vn -0.75106 -0.55567 0.35658
vn -0.55391 -0.59221 0.58521
vn -0.80627 -0.54438 0.23149
vn -0.68147 -0.49378 0.54017
vn -0.87213 -0.42141 0.24861
vn -0.96115 -0.26261 0.08500
vn -0.91884 -0.15961 0.36092
vn -0.70264 -0.49263 0.51343
vn -0.89074 -0.45222 0.04550
vn -0.99996 0.00900 -0.00200
vn -0.96121 -0.26980 -0.05730
vn -0.69653 -0.68863 0.20161
vn -0.72913 -0.54982 0.40752
vn -0.76491 -0.29560 0.57231
vn -0.96330 -0.23170 0.13550
vn -0.79155 -0.21921 0.57044
vn -0.63580 -0.34210 0.69190
vn -0.65040 -0.44360 0.61660
vn -0.69802 -0.23271 0.67722
vn -0.74598 -0.41809 0.51838
vn -0.70563 -0.36082 0.60983
vn -0.69938 -0.07130 0.71118
vn -0.95708 -0.11130 0.26759
vn -0.99318 -0.11300 -0.02870
vn -0.99805 -0.03450 0.05210
vn -0.69738 0.17470 0.69508
vn -0.52781 0.05610 0.84751
vn -0.81172 -0.27261 0.51652
vn -0.49590 -0.10510 0.86200
vn -0.68349 -0.54679 0.48359
vn -0.86736 -0.10030 0.48748
vn -0.95428 -0.23689 0.18230
vn -0.80197 0.08360 0.59148
vn -0.79630 -0.47480 0.37480
vn -0.71929 -0.15420 0.67739
vn -0.49829 -0.56259 0.65969
vn -0.20710 -0.58130 0.78690
vn -0.44301 -0.33241 0.83262
vn -0.31300 -0.27950 0.90770
vn -0.25289 -0.51398 0.81967
vn -0.08730 -0.51459 0.85298
vn -0.25230 -0.50010 0.82840
vn -0.01290 -0.89698 0.44189
vn -0.21131 -0.46812 0.85803
vn -0.29250 -0.58090 0.75960
vn 0.00140 -0.99989 -0.01460
vn -0.04240 -0.87527 -0.48178
vn -0.27489 -0.96006 -0.05220
vn -0.12640 -0.49789 -0.85798
vn -0.36120 -0.78229 -0.50750
vn -0.36811 -0.77892 0.50771
vn -0.54119 -0.30590 0.78329
vn -0.76029 -0.54189 0.35820
vn -0.56341 -0.49200 0.66371
vn -0.86750 -0.23540 0.43820
vn -0.81192 -0.58292 -0.03140
vn -0.73324 -0.55123 -0.39812
vn -0.52549 -0.41129 -0.74478
vn -0.86210 -0.28690 -0.41770
vn -0.96201 -0.27280 -0.01100
vn -0.90814 -0.40312 0.11301
vn -0.91465 -0.39452 -0.08811
vn -0.98596 0.16699 -0.00200
vn -0.59348 -0.50028 -0.63048
vn -0.15441 -0.52982 -0.83393
vn -0.00110 -0.56309 -0.82639
vn -0.01410 -0.58192 -0.81313
vn -0.25570 -0.53321 -0.80641
vn -0.25330 -0.51789 -0.81709
vn -0.57426 -0.57376 -0.58396
vn -0.39831 -0.18581 -0.89823
vn -0.78730 -0.60690 -0.10880
vn -0.64342 -0.19781 -0.73952
vn -0.89375 -0.33748 -0.29548
vn -0.64490 -0.49430 0.58290
vn -0.94398 -0.32999 0.00270
vn -0.70932 0.21180 -0.67232
vn -0.92671 -0.37550 0.01460
vn -0.84331 -0.29410 0.44981
vn -0.95751 0.08660 0.27510
vn -0.92937 0.12540 -0.34719
vn -0.96648 -0.18840 0.17440
vn -0.89913 0.04360 -0.43551
vn -0.49709 0.20560 -0.84299
vn -0.30270 0.34381 -0.88891
vn -0.31141 0.42502 -0.84993
vn -0.54229 0.32140 -0.77629
vn -0.65023 0.13171 -0.74823
vn -0.33089 0.34519 -0.87827
vn -0.60530 0.38590 -0.69620
vn -0.25491 0.32041 -0.91234
vn -0.46909 0.20180 -0.85979
vn -0.57057 -0.17879 -0.80155
vn -0.81648 -0.22699 -0.53089
vn -0.48419 0.42179 -0.76658
vn -0.87104 -0.32861 -0.36512
vn -0.54878 0.35749 -0.75567
vn -0.77536 -0.11329 -0.62127
vn -0.93453 0.04360 -0.35321
vn -0.79750 0.53540 -0.27810
vn -0.72221 0.63331 -0.27810
vn -0.81462 0.57952 -0.02350
vn -0.99142 0.12920 -0.01980
vn -0.89440 -0.44720 -0.00740
vn -0.70211 0.63171 -0.32861
vn -0.95935 -0.20591 -0.19301
vn -0.86633 -0.33261 0.37261
vn -0.94067 0.01500 0.33899
vn -0.82599 -0.22230 0.51800
vn -0.74659 0.66519 -0.01170
vn -0.80408 0.54259 0.24300
vn -0.91899 0.04750 0.39140
vn -0.78811 -0.17740 0.58941
vn -0.61708 -0.16139 0.77017
vn -0.54123 0.35932 0.76024
vn -0.71510 0.64890 0.25990
vn -0.69881 0.63691 0.32560
vn -0.46518 0.43249 0.77237
vn -0.44200 0.21490 0.87089
vn -0.64049 0.08370 0.76339
vn -0.31649 0.34669 0.88297
vn -0.70048 0.16480 0.69438
vn -0.51002 0.31721 0.79953
vn -0.40520 0.42030 0.81189
vn -0.30709 0.42408 0.85197
vn -0.25451 0.32012 0.91255
vn -0.52210 0.28490 0.80390
vn -0.48988 0.20619 0.84706
vn -0.30259 0.34399 0.88888
vn -0.41490 -0.17640 0.89260
vn -0.13790 -0.07870 0.98731
vn -0.51851 0.09200 0.85011
vn -0.60631 0.38501 0.69581
vn -0.53409 0.11560 0.83749
vn -0.30220 -0.17950 0.93619
vn -0.59770 -0.12640 0.79170
vn -0.59121 -0.32481 0.73822
vn -0.96161 -0.14140 0.23520
vn -0.73268 -0.15110 0.66358
vn -0.60532 -0.38871 0.69462
vn -0.89000 0.24190 0.38650
vn -0.72181 -0.08930 0.68631
vn -0.84847 -0.51228 -0.13290
vn -0.85013 -0.52212 -0.06830
vn -0.80498 -0.23979 -0.54269
vn -0.96635 -0.11199 0.23159
vn -0.81738 0.30379 0.48949
vn -0.90312 -0.05980 0.42521
vn -0.75521 0.11730 0.64491
vn -0.89673 -0.17891 0.40481
vn -0.75459 0.10160 0.64829
vn -0.69598 0.26749 0.66638
vn -0.91199 0.05720 0.40620
vn -0.78751 -0.37961 0.48551
vn -0.64902 -0.03590 0.75992
vn -0.83171 -0.16150 0.53121
vn -0.79192 -0.43561 0.42791
vn -0.54299 -0.81998 -0.18110
vn -0.71179 -0.29490 0.63749
vn -0.51640 0.22000 0.82760
vn -0.81729 -0.45389 0.35499
vn -0.68642 -0.66731 -0.28901
vn -0.67591 0.11460 0.72802
vn -0.79891 -0.47681 0.36660
vn -0.84321 -0.38450 0.37570
vn -0.77570 -0.39920 0.48880
vn -0.83628 -0.06110 0.54489
vn -0.76838 0.10090 0.63199
vn -0.79412 -0.34111 0.50301
vn -0.93656 -0.04040 0.34818
vn -0.98075 -0.09170 0.17241
vn -0.95358 0.14470 0.26409
vn -0.80531 -0.30661 0.50741
vn -0.50070 -0.81871 0.28110
vn -0.82432 -0.18680 0.53441
vn -0.82098 -0.07130 0.56649
vn -0.82853 0.02850 0.55922
vn -0.87681 -0.20530 0.43480
vn -0.80937 -0.18079 0.55878
vn -0.90040 -0.00770 0.43500
vn -0.84928 0.26659 0.45569
vn -0.97437 -0.00840 0.22479
vn -0.81143 0.48742 0.32251
vn -0.85912 -0.01640 0.51151
vn -0.77919 0.19680 0.59509
vn -0.88751 -0.07030 0.45540
vn -0.89594 0.02240 0.44362
vn -0.84260 -0.24770 0.47820
vn -0.81752 -0.50501 0.27681
vn -0.89081 -0.09650 0.44401
vn -0.82058 -0.06950 0.56729
vn -0.90648 -0.00690 0.42219
vn -0.82749 0.07970 0.55579
vn -0.71589 0.02140 0.69789
vn -0.71691 0.10300 0.68951
vn -0.75429 0.12830 0.64389
vn -0.74297 0.08600 0.66377
vn -0.69122 0.19931 0.69462
vn -0.74538 -0.23569 0.62358
vn -0.93133 0.01640 0.36381
vn -0.96279 -0.09290 0.25380
vn -0.73111 0.04750 0.68061
vn -0.58309 0.09620 0.80669
vn -0.58372 0.16051 0.79593
vn -0.68893 0.03390 0.72403
vn -0.80569 0.11380 0.58130
vn -0.84861 0.28760 0.44401
vn -0.87810 0.20340 0.43310
vn -0.62542 0.14641 0.76643
vn -0.87490 0.29770 0.38200
vn -0.90033 0.21031 0.38101
vn -0.85265 0.30262 0.42592
vn -0.89143 0.08340 0.44542
vn -0.75541 0.22060 0.61701
vn -0.96061 0.21750 0.17300
vn -0.81333 0.35491 0.46102
vn -0.92397 0.26909 0.27179
vn -0.91360 -0.24880 0.32160
vn -0.58063 0.32991 0.74433
vn -0.49961 0.12050 0.85783
vn -0.33790 0.20940 0.91759
vn -0.49509 -0.29319 0.81788
vn -0.69761 -0.37951 0.60771
vn -0.94352 0.03360 0.32961
vn -0.89043 -0.41022 0.19711
vn -0.46738 -0.81527 0.34189
vn -0.74258 -0.46369 0.48329
vn -0.69411 -0.39910 0.59911
vn -0.52591 -0.75801 0.38580
vn -0.66672 -0.58922 0.45641
vn -0.82869 0.38759 0.40379
vn -0.68661 -0.27550 0.67281
vn -0.69009 0.34959 0.63369
vn -0.87909 0.44910 0.15970
vn -0.69072 0.45821 0.55942
vn -0.73142 0.38271 0.56441
vn -0.65230 0.29430 0.69850
vn -0.60089 -0.10370 0.79258
vn -0.56691 -0.80571 0.17160
vn -0.84060 -0.11030 0.53030
vn -0.89307 -0.25499 0.37069
vn -0.70510 0.40810 0.57990
vn -0.94349 0.22500 0.24330
vn -0.84108 -0.15240 0.51899
vn -0.52922 0.17461 0.83033
vn -0.47130 0.21000 0.85661
vn -0.69901 0.24260 0.67271
vn -0.68609 0.20240 0.69879
vn -0.71270 0.38280 0.58780
vn -0.80601 0.21050 0.55321
vn -0.65310 0.34290 0.67519
vn -0.89455 0.26131 0.36262
vn -0.84623 -0.06180 0.52922
vn -0.53028 -0.20219 0.82336
vn -0.92353 0.25441 0.28701
vn -0.78173 0.03130 0.62283
vn -0.80846 -0.16489 0.56497
vn -0.88466 0.10790 0.45358
vn -0.88582 0.41121 0.21501
vn -0.88069 -0.06150 0.46969
vn -0.91209 0.39990 0.09040
vn -0.82219 0.25500 0.50890
vn -0.89981 0.43570 0.02250
vn -0.77217 0.57168 0.27739
vn -0.76561 0.64331 -0.00150
vn -0.74969 0.66179 -0.00190
vn -0.77259 0.57100 -0.27760
vn -0.52388 0.28539 -0.80256
vn -0.41199 0.41699 -0.81018
vn -0.33950 0.20850 -0.91721
vn -0.49550 -0.29160 -0.81820
vn -0.89057 -0.40959 -0.19779
vn -0.50299 0.11510 -0.85659
vn -0.53579 0.11280 -0.83678
vn -0.69578 -0.39879 -0.59738
vn -0.52541 -0.75851 -0.38550
vn -0.46562 -0.81673 -0.34081
vn -0.69543 -0.37882 -0.61063
vn -0.74250 -0.46630 -0.48090
vn -0.91204 -0.25141 -0.32401
vn -0.57712 0.33581 -0.74442
vn -0.81313 0.35641 -0.46021
vn -0.92222 0.27371 -0.27311
vn -0.95933 0.22111 -0.17551
vn -0.75579 0.22240 -0.61589
vn -0.89202 0.08240 -0.44441
vn -0.90044 0.20841 -0.38181
vn -0.85291 0.30150 -0.42620
vn -0.94342 0.22510 -0.24350
vn -0.70590 0.40970 -0.57780
vn -0.84220 -0.11110 -0.52760
vn -0.89353 -0.25421 -0.37011
vn -0.56651 -0.80652 -0.16910
vn -0.67408 0.67188 0.30689
vn -0.81520 0.38010 0.43700
vn -0.72624 0.51993 0.44972
vn -0.58738 0.78988 0.17629
vn -0.89055 0.06390 0.45037
vn -0.71562 0.29591 0.63272
vn -0.77842 0.40761 0.47741
vn -0.68429 0.48189 0.54729
vn -0.57479 0.39639 0.71589
vn -0.59201 0.45441 0.66561
vn -0.78970 -0.11300 0.60300
vn -0.75709 -0.08780 0.64739
vn -0.46548 -0.78437 0.40998
vn -0.68309 0.22260 0.69559
vn -0.78953 0.49682 0.36031
vn -0.69180 0.54760 0.47070
vn -0.38310 0.88400 0.26790
vn -0.88523 0.28871 0.36471
vn -0.86153 0.21161 0.46151
vn -0.87478 0.13060 0.46659
vn -0.69463 0.46952 0.54502
vn -0.90121 0.17560 0.39621
vn -0.90609 0.29240 0.30580
vn -0.83854 -0.05340 0.54222
vn -0.78179 0.21060 0.58690
vn -0.86714 -0.42492 0.25981
vn -0.81770 0.29950 0.49160
vn -0.89651 0.39280 0.20490
vn -0.80903 0.19261 0.55532
vn -0.74543 -0.02490 0.66612
vn -0.50741 0.74001 0.44151
vn -0.85350 0.15600 0.49720
vn -0.78208 0.28089 0.55628
vn -0.75397 -0.30489 0.58187
vn -0.84674 0.30151 0.43832
vn -0.88537 -0.42429 0.18999
vn -0.97907 -0.14780 0.13990
vn -0.97479 -0.17690 0.13600
vn -0.53618 0.68258 0.49658
vn -0.77553 0.33751 0.53352
vn -0.58572 0.56242 0.58362
vn -0.72521 0.56021 0.40030
vn -0.98618 -0.05360 0.15680
vn -0.59551 0.72911 0.33730
vn -0.76573 0.24991 0.59262
vn -0.75662 0.06500 0.65062
vn -0.63081 0.52321 0.57301
vn -0.88597 0.33659 0.31899
vn -0.78139 -0.08310 0.61849
vn -0.81273 -0.24001 0.53092
vn -0.88875 -0.11449 0.44387
vn -0.83873 -0.36981 0.39971
vn -0.55840 -0.82420 -0.09420
vn -0.77838 -0.16550 0.60559
vn -0.00760 0.95448 0.29819
vn -0.45750 0.84000 0.29170
vn -0.30649 0.71109 0.63279
vn 0.27461 0.77803 0.56502
vn 0.68939 0.31609 0.65179
vn -0.06100 0.44370 0.89410
vn -0.03070 -0.14950 0.98829
vn 0.68160 -0.23400 0.69330
vn -0.98531 -0.02780 0.16850
vn -0.94804 -0.29478 0.11969
vn -0.12910 -0.39231 0.91073
vn 0.40938 -0.39328 0.82325
vn -0.96923 0.14810 0.19661
vn -0.21089 -0.45269 0.86637
vn -0.12250 -0.07230 0.98983
vn -0.94744 0.18601 0.26031
vn -0.93856 0.21691 -0.26842
vn -0.93009 -0.19130 -0.31360
vn -0.88212 0.43511 -0.18040
vn -0.96150 0.27430 0.01660
vn -0.68621 -0.63761 -0.35010
vn -0.85828 -0.43219 0.27669
vn -0.98366 -0.14309 0.10930
vn -0.59958 -0.79027 0.12640
vn -0.90862 -0.10730 0.40361
vn -0.52429 -0.72498 0.44669
vn -0.44940 0.89039 0.07240
vn -0.83627 -0.24449 0.49078
vn -0.60679 0.79088 0.07950
vn -0.91973 -0.05610 0.38851
vn -0.36521 -0.62212 0.69252
vn -0.41590 -0.60799 0.67629
vn -0.60461 -0.20340 0.77011
vn -0.96531 0.24170 0.09880
vn -0.73272 0.37251 0.56952
vn -0.87091 0.49140 -0.00690
vn -0.73151 0.63961 0.23620
vn -0.91117 0.29039 0.29229
vn -0.80291 0.58411 -0.11900
vn -0.73257 0.68047 0.01730
vn -0.98710 0.15050 -0.05460
vn -0.65618 -0.75448 0.01380
vn -0.78554 -0.12561 0.60593
vn -0.84598 0.21309 0.48879
vn -0.38121 -0.68193 0.62422
vn -0.90987 0.24669 0.33359
vn -0.20731 -0.48173 0.85145
vn -0.28729 -0.01100 0.95778
vn -0.39270 0.79659 0.45960
vn -0.79541 0.10610 0.59671
vn -0.64302 0.13900 0.75313
vn -0.68349 -0.54679 0.48359
vn -0.52781 0.05610 0.84751
vn -1.00000 -0.00010 -0.00130
vn -0.54460 -0.62650 0.55760
vn -0.64971 -0.21510 0.72911
vn -0.79263 -0.59682 0.12470
vn -0.65080 -0.48830 -0.58140
vn -0.88519 -0.35860 0.29640
vn -0.84480 -0.28840 -0.45070
vn -0.94917 0.09140 -0.30119
vn -0.93774 0.09870 0.33301
vn 0.51491 0.78182 -0.35161
vn 0.57541 0.75271 -0.31990
vn 0.43101 0.88551 -0.17350
vn 0.57080 0.77550 -0.26980
vn 0.37890 0.91150 0.16000
vn 0.78180 0.50560 -0.36490
vn 0.46091 0.88681 0.03360
vn 0.64438 0.71117 -0.28109
vn 0.77269 0.39939 -0.49339
vn 0.65701 0.63211 -0.41081
vn 0.68338 0.71018 -0.16920
vn 0.70939 0.68369 -0.17130
vn 0.66288 0.52269 -0.53609
vn 0.60782 0.75643 -0.24161
vn 0.66843 0.61702 -0.41532
vn 0.41991 0.90492 -0.06930
vn 0.65320 0.73340 -0.18830
vn 0.37532 0.91515 0.14711
vn 0.44241 0.88783 -0.12660
vn 0.12510 0.81879 0.56029
vn 0.34759 0.93666 0.04300
vn 0.45488 0.77387 0.44068
vn 0.80191 0.59481 0.05610
vn 0.68469 0.57199 0.45169
vn 0.39331 0.85921 0.32721
vn 0.40051 0.91113 0.09710
vn 0.08530 0.63527 0.76756
vn 0.45519 0.89039 0.00260
vn 0.50400 0.54910 0.66669
vn 0.88929 0.37590 0.26050
vn 0.93974 0.34181 0.00710
vn 0.89655 0.32808 -0.29758
vn 0.94711 0.31690 -0.05050
vn 0.65549 0.74638 -0.11510
vn 0.93593 0.32991 -0.12330
vn 0.63619 0.76539 -0.09710
vn 0.49977 0.24748 -0.83005
vn 0.82736 0.49528 -0.26489
vn 0.95215 0.15069 -0.26589
vn 0.57573 0.24701 -0.77944
vn 0.51750 0.60210 -0.60800
vn 0.46098 0.74737 -0.47848
vn 0.49182 0.86353 -0.11150
vn 0.44990 0.85030 -0.27310
vn 0.42258 0.85116 -0.31138
vn 0.67478 0.73117 0.10030
vn 0.63761 0.73231 -0.23910
vn 0.32261 0.91643 -0.23681
vn 0.15080 0.70012 0.69792
vn 0.29679 0.80527 0.51328
vn 0.48208 0.54237 0.68807
vn 0.37710 0.84149 0.38690
vn 0.35229 0.91177 0.21109
vn 0.81309 0.54939 0.19250
vn 0.56698 0.82168 -0.05810
vn 0.23219 0.96677 -0.10700
vn 0.16630 0.98589 -0.01900
vn 0.85608 0.23210 0.46179
vn 0.66598 0.55808 0.49499
vn 0.74525 0.13649 0.65266
vn 0.09560 0.99394 0.05430
vn 0.41959 0.35509 0.83538
vn 0.27671 -0.72923 0.62582
vn 0.56491 0.13020 0.81482
vn 0.58168 0.54128 0.60718
vn 0.21200 0.79519 0.56809
vn 0.28060 0.89409 0.34910
vn 0.91562 0.29140 0.27700
vn 0.91128 0.16150 0.37879
vn 0.94872 0.26391 0.17400
vn 0.98851 0.11930 0.09280
vn 0.92199 0.26060 0.28640
vn 0.97082 0.21800 -0.09990
vn 0.93721 0.34831 -0.01770
vn 0.80858 0.58828 -0.01140
vn 0.90864 0.41342 0.05880
vn 0.81621 0.57430 -0.06310
vn 0.81712 0.57061 0.08200
vn 0.82590 0.56380 0.00350
vn 0.81541 0.48240 -0.32000
vn 0.84110 0.23220 -0.48850
vn 0.81851 0.55991 0.12860
vn 0.81689 0.56109 -0.13370
vn 0.85160 0.52420 0.00060
vn 0.76182 0.58961 0.26831
vn 0.90000 0.43530 0.02290
vn 0.87793 0.28811 0.38241
vn 0.88070 0.44590 0.15980
vn 0.65799 0.50019 0.56289
vn 0.94327 0.03390 0.33029
vn 0.82991 0.38580 0.40300
vn 0.68762 0.35241 0.63482
vn 0.67041 0.48061 0.56531
vn 0.94859 0.14490 0.28140
vn 0.96478 0.10170 0.24260
vn 0.87685 0.29798 0.37728
vn 0.95977 0.25199 0.12390
vn 0.85218 0.47189 0.22609
vn 0.97765 0.18149 0.10609
vn 0.49510 0.82539 -0.27130
vn 0.51010 0.64921 0.56420
vn 0.09160 0.99575 -0.00960
vn 0.36039 0.51389 0.77848
vn 0.44272 0.49322 0.74883
vn 0.88260 0.28900 0.37080
vn 0.79880 -0.07820 0.59650
vn 0.75809 0.24300 0.60519
vn 0.72691 0.30150 0.61701
vn 0.17611 0.98333 0.04530
vn 0.46283 0.55594 0.69045
vn 0.34381 -0.47641 0.80922
vn 0.34651 -0.38671 0.85463
vn 0.55082 0.52672 0.64743
vn 0.74692 0.65381 0.12100
vn 0.77610 0.25980 0.57460
vn 0.24249 0.96917 0.04360
vn 0.87215 0.29852 0.38762
vn 0.81845 0.22251 0.52974
vn 0.34780 0.90859 -0.23130
vn 0.74241 0.40350 0.53481
vn 0.39079 -0.64288 0.65878
vn 0.70607 -0.03320 0.70737
vn 0.61071 0.71931 0.33110
vn 0.72735 0.54394 0.41843
vn 0.66106 0.74156 0.11439
vn 0.94964 0.13721 0.28171
vn 0.80620 0.20470 0.55510
vn 0.82732 -0.00460 0.56171
vn 0.80804 0.00280 0.58913
vn 0.92030 -0.06430 0.38590
vn 0.88308 0.30809 0.35389
vn 0.97385 -0.09621 0.20581
vn 0.78820 -0.56630 0.24090
vn 0.64378 -0.75278 0.13740
vn 0.77530 -0.10200 0.62330
vn 0.84704 0.13831 0.51322
vn 0.96701 0.05940 0.24770
vn 0.96419 0.03630 0.26270
vn 0.85555 0.09579 0.50877
vn 0.91739 0.09490 0.38650
vn 0.96167 -0.17599 0.21029
vn 0.94553 0.08590 0.31401
vn 0.92426 0.13011 0.35892
vn 0.91081 -0.02920 0.41180
vn 0.94482 0.17070 0.27961
vn 0.89933 0.17201 0.40201
vn 0.81946 0.07520 0.56818
vn 0.22139 0.76158 0.60908
vn 0.73530 -0.60950 0.29640
vn 0.64680 -0.06930 0.75950
vn 0.26541 0.70053 0.66243
vn 0.65251 -0.12900 0.74672
vn 0.67469 -0.61059 0.41469
vn 0.04080 0.42142 0.90595
vn 0.29528 0.57627 0.76205
vn 0.23909 0.61748 0.74937
vn 0.26829 0.86687 0.42019
vn 0.73624 0.67623 0.02570
vn 0.92107 -0.30899 0.23699
vn 0.10030 0.09000 0.99088
vn -0.58650 0.05000 0.80840
vn 0.94953 -0.27471 0.15141
vn 0.08670 -0.36001 0.92891
vn -0.49380 -0.31810 0.80930
vn 0.98128 -0.06640 0.18080
vn 0.77664 -0.54843 -0.30992
vn 0.99156 0.08340 0.09930
vn 0.34531 -0.50171 0.79312
vn 0.92832 -0.10030 -0.35801
vn 0.65388 -0.75658 -0.00580
vn 0.44220 0.24820 0.86189
vn 0.46090 -0.80240 0.37910
vn 0.90697 -0.32899 0.26299
vn 0.90973 -0.25661 0.32641
vn 0.58568 -0.28769 0.75777
vn 0.96372 -0.11680 0.24000
vn 0.45211 -0.71801 0.52921
vn 0.85350 -0.00200 0.52110
vn 0.97091 0.15780 0.18010
vn 0.70867 0.08770 0.70007
vn 0.65612 0.20451 0.72642
vn 0.83327 0.08630 0.54608
vn 0.78182 0.20101 0.59022
vn 0.67343 -0.03880 0.73823
vn 0.74369 0.41109 0.52719
vn 0.70311 0.39150 0.59361
vn 0.50219 0.24000 0.83079
vn 0.64856 0.30528 0.69726
vn 0.50968 0.17019 0.84336
vn 0.61770 -0.10780 0.77899
vn 0.68701 -0.27570 0.67231
vn 0.73070 -0.06700 0.67940
vn 0.56170 0.09030 0.82240
vn 0.66698 -0.58948 0.45569
vn 0.85945 0.00100 0.51123
vn 0.55139 0.17550 0.81558
vn 0.83840 0.54030 0.07180
vn 0.86201 -0.16260 0.48011
vn 0.87839 0.27700 0.38949
vn 0.91453 -0.09980 0.39201
vn 0.76816 0.63987 0.02250
vn 0.94215 -0.32248 0.09140
vn 0.69162 0.54721 -0.47141
vn 0.88216 0.26999 -0.38588
vn 0.96586 0.22039 -0.13619
vn 0.89138 0.44279 -0.09680
vn 0.68932 -0.49151 0.53221
vn 0.83280 -0.28940 0.47190
vn 0.78857 -0.53198 0.30849
vn 0.86628 0.20200 0.45689
vn 0.81672 0.53851 0.20730
vn 0.88522 0.42931 0.17910
vn 0.90910 0.40370 0.10280
vn 0.79621 0.58021 0.17150
vn 0.73226 0.67456 -0.09359
vn 0.91746 0.27859 0.28399
vn 0.75378 0.44869 0.48009
vn 0.80518 0.20250 0.55739
vn 0.80623 -0.09440 0.58402
vn 0.76490 -0.33150 0.55230
vn 0.81224 0.31332 0.49203
vn 0.70630 0.32170 0.63060
vn 0.88859 0.21890 0.40310
vn 0.76354 0.04990 0.64383
vn 0.79035 -0.16769 0.58926
vn 0.74112 -0.08620 0.66582
vn 0.85722 -0.02750 0.51421
vn 0.70622 0.07000 0.70452
vn 0.67709 -0.08130 0.73139
vn 0.93138 0.07670 0.35589
vn 0.69941 -0.15810 0.69701
vn 0.80599 -0.10360 0.58279
vn 0.81524 -0.13261 0.56373
vn 0.89667 -0.19199 0.39889
vn 0.89284 0.39962 0.20771
vn 0.90739 0.13210 0.39899
vn 0.95006 -0.09520 0.29719
vn 0.76927 -0.26259 0.58247
vn 0.88544 -0.07530 0.45862
vn 0.97019 -0.07270 0.23120
vn 0.72452 -0.20160 0.65911
vn 0.63634 -0.33402 0.69534
vn 0.35341 -0.82061 0.44911
vn 0.70286 -0.14799 0.69576
vn 0.80733 0.31671 0.49792
vn 0.62057 0.58607 0.52097
vn 0.64669 0.38819 0.65659
vn 0.87022 -0.10830 0.48061
vn 0.87024 -0.10260 0.48182
vn 0.60641 0.31381 0.73061
vn 0.85140 -0.24870 0.46180
vn 0.88508 -0.36189 0.29269
vn 0.91828 -0.25629 0.30179
vn 0.95417 -0.27809 0.11060
vn 0.75222 -0.34361 0.56222
vn 0.90862 -0.27130 0.31751
vn 0.92631 -0.29200 0.23810
vn 0.91029 -0.32959 0.25050
vn 0.80150 -0.53230 0.27250
vn 0.94721 -0.28440 0.14800
vn 0.80979 -0.52700 0.25790
vn 0.95292 -0.10810 -0.28331
vn 0.74662 -0.61212 0.26051
vn 0.66740 -0.54210 0.51060
vn 0.44109 -0.60069 0.66679
vn 0.48600 -0.46320 0.74111
vn 0.80987 0.26749 0.52208
vn 0.87206 0.09610 0.47988
vn 0.86324 0.21501 0.45672
vn 0.84530 0.00140 0.53430
vn 0.58390 -0.07870 0.80800
vn 0.50209 0.00630 0.86479
vn 0.53661 0.19780 0.82032
vn 0.64620 -0.02930 0.76260
vn 0.84568 0.27959 0.45459
vn 0.88802 0.24081 0.39171
vn 0.70819 -0.14820 0.69029
vn 0.64162 -0.26411 0.72012
vn 0.87221 -0.12610 0.47260
vn 0.51289 0.09680 0.85298
vn 0.82332 -0.10750 0.55731
vn 0.85120 -0.47330 0.22680
vn 0.61141 -0.48040 0.62881
vn 0.44322 -0.55143 0.70674
vn 0.48317 -0.47917 0.73276
vn 0.74958 0.00600 0.66188
vn 0.81776 0.10070 0.56668
vn 0.43522 -0.17861 0.88243
vn 0.70294 0.32192 0.63423
vn 0.83701 0.03090 0.54631
vn 0.68432 0.13890 0.71583
vn 0.86913 -0.03530 0.49332
vn 0.77788 -0.48119 0.40419
vn 0.70828 -0.10950 0.69738
vn 0.22219 0.25279 0.94166
vn 0.77891 -0.18440 0.59941
vn 0.90293 -0.21901 0.36981
vn 0.69219 -0.48430 0.53509
vn 0.16791 0.35011 0.92154
vn 0.40708 -0.42488 0.80856
vn 0.40060 -0.68081 0.61321
vn 0.62459 -0.70479 0.33639
vn 0.42300 -0.74870 0.51040
vn 0.40379 -0.53419 0.74269
vn 0.82022 -0.23081 0.52341
vn 0.18500 -0.01760 0.98258
vn 0.86396 -0.19499 0.46428
vn 0.88220 -0.36450 0.29810
vn 0.93640 -0.30760 0.16890
vn 0.83483 -0.50212 0.22571
vn 0.23290 -0.05220 0.97110
vn 0.76710 -0.62010 -0.16440
vn 0.63851 -0.05950 0.76731
vn 0.80822 -0.58731 0.04300
vn 0.55707 -0.79916 0.22589
vn 0.30801 -0.45281 -0.83672
vn 0.49277 -0.81466 -0.30578
vn 0.90115 -0.41352 -0.13011
vn 0.40631 -0.85863 -0.31251
vn 0.46089 -0.87999 0.11490
vn 0.46160 -0.33380 0.82189
vn 0.07690 -0.44741 0.89102
vn 0.85108 0.14050 0.50589
vn 0.32220 -0.54280 0.77560
vn 0.81731 -0.12970 0.56141
vn 0.44240 -0.88810 0.12470
vn 0.08400 -0.36621 0.92673
vn 0.41861 -0.88772 0.19160
vn 0.49809 -0.79068 0.35599
vn 0.85181 -0.50640 -0.13410
vn 0.82592 -0.55821 -0.07910
vn 0.84710 -0.53110 0.01890
vn 0.94870 -0.05420 0.31150
vn 0.81561 -0.29371 0.49851
vn 0.86449 0.02560 0.50200
vn 0.47181 -0.46061 0.75182
vn 0.88929 0.00580 0.45730
vn 0.66843 -0.46672 0.57912
vn 0.84920 -0.44540 0.28370
vn 0.14871 -0.13771 0.97925
vn 0.61433 -0.60213 0.50993
vn 0.50622 -0.86154 -0.03870
vn 0.60350 -0.79280 0.08520
vn 0.74452 -0.16450 0.64702
vn 0.81038 -0.54388 -0.21789
vn 0.87291 -0.27920 0.40010
vn 0.63409 -0.28760 0.71779
vn 0.97738 -0.06390 -0.20160
vn 0.85091 -0.40960 0.32890
vn 0.84298 -0.37979 0.38099
vn 0.85108 -0.45729 0.25799
vn 0.76429 -0.60709 0.21750
vn 0.31461 -0.13180 0.94003
vn 0.73511 -0.63081 0.24840
vn 0.66751 -0.74071 0.07600
vn 0.73870 -0.62120 0.26160
vn 0.56580 -0.79120 -0.23210
vn 0.56489 -0.80768 0.16900
vn 0.81545 -0.56076 0.14349
vn 0.56978 -0.65878 0.49128
vn 0.77752 -0.56102 0.28411
vn 0.69831 -0.56411 0.44061
vn 0.44380 -0.77460 0.45060
vn 0.86121 -0.36871 0.34981
vn 0.70351 -0.64501 0.29840
vn 0.70662 -0.70492 0.06150
vn 0.67530 -0.34250 0.65320
vn 0.91697 -0.34669 0.19739
vn 0.80394 -0.59353 -0.03760
vn 0.93745 -0.32458 0.12579
vn 0.90492 -0.34331 0.25151
vn 0.86772 -0.40201 0.29231
vn 0.78808 -0.60519 0.11260
vn 0.50250 -0.66040 0.55800
vn 0.84131 -0.21160 0.49741
vn 0.88747 -0.40669 0.21679
vn 0.08840 -0.49651 0.86352
vn 0.34471 -0.62721 0.69841
vn -0.01320 -0.78968 0.61338
vn 0.62866 -0.41298 0.65896
vn 0.38220 -0.58809 0.71279
vn 0.72250 -0.31800 0.61390
vn 0.70311 -0.30381 0.64291
vn 0.75113 -0.39622 0.52802
vn 0.63159 -0.74858 -0.20180
vn 0.80210 -0.45770 -0.38360
vn 0.01280 -0.99991 -0.00310
vn 0.44551 -0.88022 -0.16350
vn 0.76072 -0.55412 -0.33801
vn 0.77618 -0.55139 -0.30579
vn 0.83509 -0.45629 -0.30729
vn 0.76140 -0.59930 -0.24720
vn 0.72033 -0.50742 -0.47292
vn 0.67719 -0.68679 -0.26409
vn 0.67969 -0.56289 0.47029
vn 0.70389 -0.62179 0.34339
vn 0.61872 -0.78552 -0.01190
vn 0.51057 -0.69426 -0.50727
vn 0.54901 -0.78681 0.28200
vn 0.82386 -0.53698 0.18139
vn 0.63370 0.08670 0.76870
vn 0.85055 -0.40308 0.33778
vn 0.45678 -0.74366 -0.48818
vn 0.63802 -0.74593 0.19111
vn 0.29190 -0.37960 0.87790
vn 0.55288 -0.83137 0.05620
vn 0.42249 -0.64469 -0.63709
vn 0.54120 -0.74530 -0.38940
vn 0.67717 -0.62927 0.38138
vn 0.73813 -0.67423 -0.02420
vn 0.71638 -0.35359 0.60148
vn 0.61031 -0.76382 0.21000
vn 0.47539 -0.84669 -0.23900
vn 0.47031 -0.75872 -0.45071
vn 0.52720 -0.83991 -0.12890
vn 0.41887 -0.75595 -0.50307
vn 0.55908 -0.81037 -0.17529
vn 0.48600 -0.85941 -0.15880
vn 0.53479 -0.75269 -0.38400
vn 0.21511 -0.67763 -0.70324
vn 0.81664 -0.52223 -0.24571
vn 0.36580 -0.90630 -0.21170
vn 0.87913 -0.41062 -0.24191
vn 0.65682 -0.64492 -0.39071
vn 0.92535 -0.37422 0.06080
vn 0.70579 -0.70369 -0.08170
vn 0.84126 -0.39078 -0.37358
vn 0.90599 -0.38700 -0.17150
vn 0.90124 -0.39632 -0.17521
vn 0.57771 -0.46961 -0.66762
vn 0.86169 -0.48839 -0.13770
vn 0.43980 -0.74771 -0.49750
vn 0.61557 -0.61147 -0.49717
vn -0.01250 -0.93294 -0.35982
vn 0.71343 -0.69083 0.11731
vn 0.18440 -0.83749 -0.51440
vn 0.28769 -0.90268 -0.31999
vn 0.53570 -0.84100 0.07580
vn 0.81381 -0.57781 0.06200
vn 0.80020 -0.57110 0.18310
vn 0.87052 -0.38841 0.30221
vn 0.63069 -0.61399 -0.47459
vn 0.62170 -0.68130 0.38640
vn 0.37511 -0.74911 0.54601
vn 0.62672 -0.43441 0.64692
vn 0.72458 -0.61599 -0.30909
vn 0.75629 -0.64819 -0.08870
vn 0.86728 -0.48899 -0.09330
vn 0.68671 -0.64781 -0.32981
vn 0.37501 -0.78492 -0.49321
vn 0.69581 -0.56321 -0.44570
vn 0.78306 -0.58867 -0.20069
vn 0.83247 -0.38998 -0.39358
vn 0.94865 -0.31628 -0.00430
vn 0.81901 -0.55731 0.13650
vn 0.48679 -0.57199 -0.66019
vn 0.65029 -0.54339 -0.53089
vn 0.75106 -0.55567 -0.35658
vn 0.55391 -0.59221 -0.58521
vn 0.80627 -0.54438 -0.23149
vn 0.68147 -0.49378 -0.54017
vn 0.87213 -0.42141 -0.24861
vn 0.96115 -0.26261 -0.08500
vn 0.91885 -0.15959 -0.36088
vn 0.70264 -0.49263 -0.51343
vn 0.89074 -0.45222 -0.04550
vn 0.99996 0.00900 0.00210
vn 0.96121 -0.26980 0.05730
vn 0.69653 -0.68863 -0.20161
vn 0.72913 -0.54982 -0.40752
vn 0.76491 -0.29560 -0.57231
vn 0.96330 -0.23170 -0.13550
vn 0.79155 -0.21921 -0.57044
vn 0.63580 -0.34210 -0.69190
vn 0.65040 -0.44360 -0.61660
vn 0.69802 -0.23271 -0.67722
vn 0.74598 -0.41809 -0.51838
vn 0.70563 -0.36082 -0.60983
vn 0.69938 -0.07130 -0.71118
vn 0.95706 -0.11129 -0.26769
vn 0.99318 -0.11300 0.02870
vn 0.99805 -0.03450 -0.05210
vn 0.69738 0.17470 -0.69508
vn 0.52781 0.05610 -0.84751
vn 0.81172 -0.27261 -0.51652
vn 0.49590 -0.10510 -0.86200
vn 0.68349 -0.54679 -0.48359
vn 0.86736 -0.10030 -0.48748
vn 0.95430 -0.23690 -0.18220
vn 0.80197 0.08360 -0.59148
vn 0.79630 -0.47480 -0.37480
vn 0.71929 -0.15420 -0.67739
vn 0.49829 -0.56259 -0.65969
vn 0.20710 -0.58130 -0.78690
vn 0.44301 -0.33241 -0.83262
vn 0.31300 -0.27950 -0.90770
vn 0.25289 -0.51398 -0.81967
vn 0.08730 -0.51459 -0.85298
vn 0.25230 -0.50010 -0.82840
vn 0.01290 -0.89698 -0.44189
vn 0.21131 -0.46812 -0.85803
vn 0.29250 -0.58090 -0.75960
vn -0.00140 -0.99989 0.01460
vn 0.04240 -0.87527 0.48178
vn 0.27480 -0.96008 0.05220
vn 0.12640 -0.49789 0.85798
vn 0.36120 -0.78229 0.50750
vn 0.36811 -0.77892 -0.50771
vn 0.54119 -0.30590 -0.78329
vn 0.76029 -0.54189 -0.35820
vn 0.56341 -0.49200 -0.66371
vn 0.86750 -0.23540 -0.43820
vn 0.81192 -0.58292 0.03140
vn 0.73320 -0.55130 0.39810
vn 0.52549 -0.41129 0.74478
vn 0.86210 -0.28690 0.41770
vn 0.96201 -0.27280 0.01100
vn 0.90814 -0.40312 -0.11301
vn 0.91465 -0.39452 0.08811
vn 0.98596 0.16699 0.00200
vn 0.59348 -0.50028 0.63048
vn 0.15431 -0.52983 0.83395
vn 0.00110 -0.56309 0.82639
vn 0.01410 -0.58192 0.81313
vn 0.25570 -0.53321 0.80641
vn 0.25330 -0.51789 0.81709
vn 0.57426 -0.57376 0.58396
vn 0.39831 -0.18581 0.89823
vn 0.78730 -0.60690 0.10880
vn 0.64340 -0.19790 0.73950
vn 0.89375 -0.33748 0.29548
vn 0.64490 -0.49430 -0.58290
vn 0.94398 -0.32999 -0.00270
vn 0.70932 0.21180 0.67232
vn 0.92671 -0.37550 -0.01460
vn 0.84331 -0.29410 -0.44981
vn 0.95751 0.08660 -0.27510
vn 0.92937 0.12540 0.34719
vn 0.96648 -0.18840 -0.17440
vn 0.89913 0.04360 0.43551
vn 0.49709 0.20560 0.84299
vn 0.30270 0.34381 0.88891
vn 0.31141 0.42502 0.84993
vn 0.54229 0.32140 0.77629
vn 0.65022 0.13180 0.74822
vn 0.33089 0.34519 0.87827
vn 0.60530 0.38590 0.69620
vn 0.25491 0.32041 0.91234
vn 0.46909 0.20180 0.85979
vn 0.57057 -0.17879 0.80155
vn 0.81648 -0.22699 0.53089
vn 0.48423 0.42182 0.76654
vn 0.87104 -0.32861 0.36512
vn 0.54878 0.35749 0.75567
vn 0.77536 -0.11329 0.62127
vn 0.93453 0.04360 0.35321
vn 0.79750 0.53540 0.27810
vn 0.72221 0.63331 0.27810
vn 0.81462 0.57952 0.02350
vn 0.99142 0.12920 0.01980
vn 0.89440 -0.44720 0.00740
vn 0.70211 0.63171 0.32861
vn 0.95935 -0.20591 0.19301
vn 0.86633 -0.33261 -0.37261
vn 0.94067 0.01500 -0.33899
vn 0.82599 -0.22230 -0.51800
vn 0.74659 0.66519 0.01170
vn 0.80408 0.54259 -0.24300
vn 0.91899 0.04750 -0.39140
vn 0.78811 -0.17740 -0.58941
vn 0.61708 -0.16139 -0.77017
vn 0.54123 0.35932 -0.76024
vn 0.71510 0.64890 -0.25990
vn 0.69876 0.63697 -0.32558
vn 0.46518 0.43249 -0.77237
vn 0.44199 0.21499 -0.87088
vn 0.64049 0.08370 -0.76339
vn 0.31649 0.34669 -0.88297
vn 0.70048 0.16480 -0.69438
vn 0.51002 0.31721 -0.79953
vn 0.40520 0.42030 -0.81189
vn 0.30709 0.42408 -0.85197
vn 0.25451 0.32012 -0.91255
vn 0.52210 0.28490 -0.80390
vn 0.48988 0.20619 -0.84706
vn 0.30259 0.34399 -0.88888
vn 0.41490 -0.17640 -0.89260
vn 0.13790 -0.07870 -0.98731
vn 0.51851 0.09200 -0.85011
vn 0.60631 0.38501 -0.69581
vn 0.53409 0.11560 -0.83749
vn 0.30220 -0.17950 -0.93619
vn 0.59770 -0.12640 -0.79170
vn 0.59121 -0.32481 -0.73822
vn 0.96161 -0.14140 -0.23520
vn 0.73268 -0.15110 -0.66358
vn 0.60532 -0.38871 -0.69462
vn 0.89000 0.24190 -0.38650
vn 0.72181 -0.08930 -0.68631
vn 0.84847 -0.51228 0.13290
vn 0.85013 -0.52212 0.06830
vn 0.80498 -0.23979 0.54269
vn 0.96637 -0.11200 -0.23149
vn 0.81738 0.30379 -0.48949
vn 0.90312 -0.05980 -0.42521
vn 0.75521 0.11730 -0.64491
vn 0.89673 -0.17891 -0.40481
vn 0.75459 0.10160 -0.64829
vn 0.69598 0.26749 -0.66638
vn 0.91199 0.05720 -0.40620
vn 0.78748 -0.37969 -0.48549
vn 0.64902 -0.03590 -0.75992
vn 0.83171 -0.16150 -0.53121
vn 0.79189 -0.43559 -0.42799
vn 0.54299 -0.81998 0.18110
vn 0.71179 -0.29490 -0.63749
vn 0.51640 0.22000 -0.82760
vn 0.81729 -0.45389 -0.35499
vn 0.68642 -0.66731 0.28901
vn 0.67591 0.11460 -0.72802
vn 0.79891 -0.47681 -0.36660
vn 0.84321 -0.38450 -0.37570
vn 0.77574 -0.39922 -0.48872
vn 0.83628 -0.06110 -0.54489
vn 0.76838 0.10090 -0.63199
vn 0.79412 -0.34111 -0.50301
vn 0.93656 -0.04040 -0.34818
vn 0.98074 -0.09160 -0.17251
vn 0.95358 0.14470 -0.26409
vn 0.80531 -0.30661 -0.50741
vn 0.50069 -0.81868 -0.28119
vn 0.82432 -0.18680 -0.53441
vn 0.82098 -0.07130 -0.56649
vn 0.82853 0.02850 -0.55922
vn 0.87681 -0.20530 -0.43480
vn 0.80937 -0.18079 -0.55878
vn 0.90044 -0.00770 -0.43492
vn 0.84928 0.26659 -0.45569
vn 0.97437 -0.00840 -0.22479
vn 0.81146 0.48738 -0.32248
vn 0.85912 -0.01640 -0.51151
vn 0.77917 0.19689 -0.59508
vn 0.88751 -0.07030 -0.45540
vn 0.89594 0.02240 -0.44362
vn 0.84260 -0.24770 -0.47820
vn 0.81752 -0.50501 -0.27681
vn 0.89081 -0.09650 -0.44401
vn 0.82058 -0.06950 -0.56729
vn 0.90648 -0.00690 -0.42219
vn 0.82749 0.07970 -0.55579
vn 0.71589 0.02140 -0.69789
vn 0.71691 0.10300 -0.68951
vn 0.75429 0.12830 -0.64389
vn 0.74293 0.08600 -0.66382
vn 0.69122 0.19931 -0.69462
vn 0.74543 -0.23571 -0.62352
vn 0.93133 0.01640 -0.36381
vn 0.96279 -0.09290 -0.25380
vn 0.73111 0.04750 -0.68061
vn 0.58309 0.09620 -0.80669
vn 0.58372 0.16051 -0.79593
vn 0.68893 0.03390 -0.72403
vn 0.80565 0.11379 -0.58136
vn 0.84861 0.28760 -0.44401
vn 0.87810 0.20340 -0.43310
vn 0.62542 0.14641 -0.76643
vn 0.87490 0.29770 -0.38200
vn 0.90033 0.21031 -0.38101
vn 0.85265 0.30262 -0.42592
vn 0.89143 0.08340 -0.44542
vn 0.75541 0.22060 -0.61701
vn 0.96061 0.21750 -0.17300
vn 0.81333 0.35491 -0.46102
vn 0.92397 0.26909 -0.27179
vn 0.91360 -0.24880 -0.32160
vn 0.58063 0.32991 -0.74433
vn 0.49961 0.12050 -0.85783
vn 0.33790 0.20940 -0.91759
vn 0.49509 -0.29319 -0.81788
vn 0.69757 -0.37948 -0.60777
vn 0.94352 0.03360 -0.32961
vn 0.89043 -0.41022 -0.19711
vn 0.46738 -0.81527 -0.34189
vn 0.74258 -0.46369 -0.48329
vn 0.69411 -0.39910 -0.59911
vn 0.52591 -0.75801 -0.38580
vn 0.66672 -0.58922 -0.45641
vn 0.82869 0.38759 -0.40379
vn 0.68661 -0.27550 -0.67281
vn 0.69004 0.34962 -0.63373
vn 0.87909 0.44910 -0.15970
vn 0.69072 0.45821 -0.55942
vn 0.73138 0.38269 -0.56448
vn 0.65230 0.29430 -0.69850
vn 0.60089 -0.10370 -0.79258
vn 0.56691 -0.80571 -0.17160
vn 0.84061 -0.11020 -0.53031
vn 0.89307 -0.25499 -0.37069
vn 0.70514 0.40812 -0.57983
vn 0.94349 0.22500 -0.24330
vn 0.84108 -0.15240 -0.51899
vn 0.52922 0.17461 -0.83033
vn 0.47130 0.21000 -0.85661
vn 0.69901 0.24260 -0.67271
vn 0.68609 0.20240 -0.69879
vn 0.71270 0.38280 -0.58780
vn 0.80601 0.21050 -0.55321
vn 0.65310 0.34290 -0.67519
vn 0.89457 0.26129 -0.36259
vn 0.84623 -0.06180 -0.52922
vn 0.53028 -0.20219 -0.82336
vn 0.92353 0.25441 -0.28701
vn 0.78173 0.03130 -0.62283
vn 0.80846 -0.16489 -0.56497
vn 0.88466 0.10790 -0.45358
vn 0.88582 0.41121 -0.21501
vn 0.88069 -0.06150 -0.46969
vn 0.91209 0.39990 -0.09040
vn 0.82219 0.25500 -0.50890
vn 0.89981 0.43570 -0.02250
vn 0.77217 0.57168 -0.27739
vn 0.76561 0.64331 0.00150
vn 0.74969 0.66179 0.00190
vn 0.77259 0.57100 0.27760
vn 0.52388 0.28539 0.80256
vn 0.41199 0.41699 0.81018
vn 0.33950 0.20850 0.91721
vn 0.49550 -0.29160 0.81820
vn 0.89057 -0.40959 0.19779
vn 0.50299 0.11510 0.85659
vn 0.53579 0.11280 0.83678
vn 0.69578 -0.39879 0.59738
vn 0.52543 -0.75854 0.38542
vn 0.46562 -0.81673 0.34081
vn 0.69543 -0.37882 0.61063
vn 0.74250 -0.46630 0.48090
vn 0.91204 -0.25141 0.32401
vn 0.57718 0.33579 0.74438
vn 0.81313 0.35641 0.46021
vn 0.92220 0.27380 0.27310
vn 0.95933 0.22111 0.17551
vn 0.75579 0.22240 0.61589
vn 0.89202 0.08240 0.44441
vn 0.90044 0.20841 0.38181
vn 0.85291 0.30150 0.42620
vn 0.94342 0.22510 0.24350
vn 0.70590 0.40970 0.57780
vn 0.84221 -0.11100 0.52760
vn 0.89353 -0.25421 0.37011
vn 0.56651 -0.80652 0.16910
vn 0.67408 0.67188 -0.30689
vn 0.81520 0.38010 -0.43700
vn 0.72624 0.51993 -0.44972
vn 0.58738 0.78988 -0.17629
vn 0.89052 0.06400 -0.45041
vn 0.71562 0.29591 -0.63272
vn 0.77842 0.40761 -0.47741
vn 0.68429 0.48189 -0.54729
vn 0.57479 0.39639 -0.71589
vn 0.59201 0.45441 -0.66561
vn 0.78970 -0.11300 -0.60300
vn 0.75704 -0.08781 -0.64744
vn 0.46548 -0.78437 -0.40998
vn 0.68309 0.22260 -0.69559
vn 0.78953 0.49682 -0.36031
vn 0.69180 0.54760 -0.47070
vn 0.38310 0.88400 -0.26790
vn 0.88528 0.28859 -0.36469
vn 0.86153 0.21161 -0.46151
vn 0.87478 0.13060 -0.46659
vn 0.69463 0.46952 -0.54502
vn 0.90121 0.17560 -0.39621
vn 0.90609 0.29240 -0.30580
vn 0.83854 -0.05340 -0.54222
vn 0.78179 0.21060 -0.58690
vn 0.86714 -0.42492 -0.25981
vn 0.81770 0.29950 -0.49160
vn 0.89651 0.39280 -0.20490
vn 0.80903 0.19261 -0.55532
vn 0.74538 -0.02490 -0.66618
vn 0.50741 0.74001 -0.44151
vn 0.85350 0.15600 -0.49720
vn 0.78208 0.28089 -0.55628
vn 0.75399 -0.30480 -0.58189
vn 0.84674 0.30151 -0.43832
vn 0.88537 -0.42429 -0.18999
vn 0.97906 -0.14789 -0.13989
vn 0.97478 -0.17700 -0.13590
vn 0.53618 0.68258 -0.49658
vn 0.77557 0.33749 -0.53348
vn 0.58569 0.56249 -0.58359
vn 0.72530 0.56010 -0.40030
vn 0.98618 -0.05360 -0.15680
vn 0.59551 0.72911 -0.33730
vn 0.76577 0.24989 -0.59258
vn 0.75667 0.06490 -0.65057
vn 0.63081 0.52321 -0.57301
vn 0.88597 0.33659 -0.31899
vn 0.78139 -0.08300 -0.61849
vn 0.81273 -0.24001 -0.53092
vn 0.88875 -0.11449 -0.44387
vn 0.83873 -0.36981 -0.39971
vn 0.55840 -0.82420 0.09420
vn 0.77838 -0.16550 -0.60559
vn 0.00760 0.95448 -0.29819
vn 0.45758 0.83996 -0.29169
vn 0.30658 0.71106 -0.63277
vn -0.27461 0.77803 -0.56502
vn -0.68939 0.31609 -0.65179
vn 0.06100 0.44370 -0.89410
vn 0.03070 -0.14950 -0.98829
vn -0.68160 -0.23400 -0.69330
vn 0.98531 -0.02780 -0.16850
vn 0.94804 -0.29478 -0.11969
vn 0.12910 -0.39231 -0.91073
vn -0.40929 -0.39329 -0.82329
vn 0.96921 0.14810 -0.19670
vn 0.21089 -0.45269 -0.86637
vn 0.12250 -0.07230 -0.98983
vn 0.94744 0.18601 -0.26031
vn 0.93856 0.21691 0.26842
vn 0.93009 -0.19130 0.31360
vn 0.88212 0.43511 0.18040
vn 0.96150 0.27430 -0.01660
vn 0.68621 -0.63761 0.35010
vn 0.85828 -0.43219 -0.27669
vn 0.98366 -0.14309 -0.10930
vn 0.59958 -0.79027 -0.12640
vn 0.90862 -0.10730 -0.40361
vn 0.52429 -0.72498 -0.44669
vn 0.44940 0.89039 -0.07240
vn 0.83627 -0.24449 -0.49078
vn 0.60679 0.79088 -0.07950
vn 0.91973 -0.05610 -0.38851
vn 0.36521 -0.62212 -0.69252
vn 0.41590 -0.60799 -0.67629
vn 0.60461 -0.20340 -0.77011
vn 0.96531 0.24170 -0.09880
vn 0.73272 0.37251 -0.56952
vn 0.87091 0.49140 0.00690
vn 0.73151 0.63961 -0.23620
vn 0.91117 0.29039 -0.29229
vn 0.80291 0.58411 0.11900
vn 0.73257 0.68047 -0.01730
vn 0.98710 0.15050 0.05460
vn 0.65618 -0.75448 -0.01380
vn 0.78554 -0.12561 -0.60593
vn 0.84598 0.21309 -0.48879
vn 0.38121 -0.68193 -0.62422
vn 0.90987 0.24669 -0.33359
vn 0.20731 -0.48173 -0.85145
vn 0.28729 -0.01100 -0.95778
vn 0.39270 0.79659 -0.45960
vn 0.79541 0.10610 -0.59671
vn 0.64302 0.13900 -0.75313
vn 0.68349 -0.54679 -0.48359
vn 0.52781 0.05610 -0.84751
vn 1.00000 0.00000 0.00140
vn 0.54460 -0.62650 -0.55760
vn 0.64971 -0.21510 -0.72911
vn 0.79263 -0.59682 -0.12470
vn 0.65080 -0.48830 0.58140
vn 0.88519 -0.35860 -0.29640
vn 0.84480 -0.28840 0.45070
vn 0.94917 0.09140 0.30119
vn 0.93774 0.09870 -0.33301
f 1/1/1 2/2/2 3/3/3
f 1/1/1 3/3/3 4/4/4
f 5/5/5 3/3/3 2/2/2
f 3/3/3 6/6/6 4/4/4
f 5/5/5 7/7/7 3/3/3
f 3/3/3 7/7/7 6/6/6
f 8/8/8 5/5/5 2/2/2
f 2/2/2 9/9/9 8/8/8
f 9/9/9 10/10/10 8/8/8
f 8/8/8 11/11/11 5/5/5
f 12/12/12 7/7/7 5/5/5
f 5/5/5 11/11/11 12/12/12
f 12/12/12 6/6/6 7/7/7
f 8/8/8 13/13/13 11/11/11
f 8/8/8 10/10/10 13/13/13
f 12/12/12 11/11/11 13/13/13
f 14/14/14 13/13/13 10/10/10
f 10/10/10 15/15/15 14/14/14
f 14/14/14 15/15/15 16/16/16
f 14/14/14 17/17/17 13/13/13
f 16/16/16 17/17/17 14/14/14
f 12/12/12 13/13/13 17/17/17
f 17/17/17 16/16/16 18/18/18
f 18/18/18 16/16/16 19/19/19
f 20/20/20 18/18/18 19/19/19
f 18/18/18 20/20/20 21/21/21
f 17/17/17 18/18/18 22/22/22
f 18/18/18 21/21/21 22/22/22
f 12/12/12 17/17/17 23/23/23
f 23/23/23 17/17/17 22/22/22
f 21/21/21 24/24/24 22/22/22
f 23/23/23 22/22/22 24/24/24
f 24/24/24 21/21/21 25/25/25
f 21/21/21 26/26/26 25/25/25
f 26/26/26 27/27/27 25/25/25
f 25/25/25 27/27/27 28/28/28
f 24/24/24 25/25/25 29/29/29
f 25/25/25 28/28/28 29/29/29
f 30/30/30 23/23/23 24/24/24
f 30/30/30 24/24/24 29/29/29
f 23/23/23 31/31/31 12/12/12
f 23/23/23 30/30/30 31/31/31
f 12/12/12 31/31/31 32/32/32
f 12/12/12 32/32/32 6/6/6
f 33/33/33 31/31/31 30/30/30
f 33/33/33 32/32/32 31/31/31
f 30/30/30 29/29/29 34/34/34
f 34/34/34 29/29/29 28/28/28
f 30/30/30 34/34/34 35/35/35
f 33/33/33 30/30/30 35/35/35
f 34/34/34 28/28/28 36/36/36
f 28/28/28 37/37/37 36/36/36
f 35/35/35 34/34/34 38/38/38
f 34/34/34 36/36/36 38/38/38
f 35/35/35 38/38/38 39/39/39
f 37/37/37 40/40/40 36/36/36
f 37/37/37 41/41/41 40/40/40
f 40/40/40 41/41/41 42/42/42
f 40/40/40 42/42/42 43/43/43
f 40/40/40 43/43/43 36/36/36
f 42/42/42 44/44/44 43/43/43
f 45/45/45 43/43/43 44/44/44
f 45/45/45 36/36/36 43/43/43
f 45/45/45 46/46/46 36/36/36
f 46/46/46 45/45/45 47/47/47
f 45/45/45 48/48/48 47/47/47
f 49/49/49 47/47/47 48/48/48
f 47/47/47 49/49/49 50/50/50
f 47/47/47 50/50/50 46/46/46
f 50/50/50 36/36/36 46/46/46
f 50/50/50 51/51/51 36/36/36
f 51/51/51 50/50/50 52/52/52
f 51/51/51 52/52/52 53/53/53
f 36/36/36 51/51/51 53/53/53
f 53/53/53 54/54/54 36/36/36
f 55/55/55 54/54/54 53/53/53
f 55/55/55 53/53/53 56/56/56
f 55/55/55 56/56/56 57/57/57
f 54/54/54 55/55/55 58/58/58
f 55/55/55 57/57/57 59/59/59
f 59/59/59 58/58/58 55/55/55
f 57/57/57 60/60/60 59/59/59
f 57/57/57 61/61/61 60/60/60
f 61/61/61 62/62/62 60/60/60
f 62/62/62 63/63/63 60/60/60
f 64/64/64 60/60/60 63/63/63
f 64/64/64 59/59/59 60/60/60
f 59/59/59 64/64/64 58/58/58
f 65/65/65 58/58/58 64/64/64
f 64/64/64 66/66/66 65/65/65
f 67/67/67 65/65/65 66/66/66
f 68/68/68 58/58/58 65/65/65
f 68/68/68 65/65/65 67/67/67
f 54/54/54 58/58/58 69/69/69
f 69/69/69 58/58/58 68/68/68
f 54/54/54 69/69/69 70/70/70
f 36/36/36 54/54/54 70/70/70
f 36/36/36 70/70/70 38/38/38
f 70/70/70 39/39/39 38/38/38
f 69/69/69 71/71/71 70/70/70
f 70/70/70 71/71/71 39/39/39
f 69/69/69 72/72/72 71/71/71
f 73/73/73 39/39/39 71/71/71
f 72/72/72 73/73/73 71/71/71
f 39/39/39 73/73/73 74/74/74
f 39/39/39 74/74/74 35/35/35
f 73/73/73 75/75/75 74/74/74
f 35/35/35 74/74/74 76/76/76
f 73/73/73 77/77/77 75/75/75
f 72/72/72 77/77/77 73/73/73
f 74/74/74 75/75/75 78/78/78
f 74/74/74 78/78/78 76/76/76
f 35/35/35 76/76/76 33/33/33
f 79/79/79 78/78/78 75/75/75
f 77/77/77 79/79/79 75/75/75
f 76/76/76 78/78/78 80/80/80
f 81/81/81 33/33/33 76/76/76
f 76/76/76 80/80/80 81/81/81
f 79/79/79 82/82/82 78/78/78
f 82/82/82 80/80/80 78/78/78
f 77/77/77 83/83/83 79/79/79
f 82/82/82 79/79/79 84/84/84
f 83/83/83 84/84/84 79/79/79
f 85/85/85 83/83/83 77/77/77
f 72/72/72 85/85/85 77/77/77
f 83/83/83 86/86/86 84/84/84
f 85/85/85 72/72/72 87/87/87
f 85/85/85 88/88/88 83/83/83
f 86/86/86 83/83/83 88/88/88
f 89/89/89 88/88/88 85/85/85
f 85/85/85 87/87/87 89/89/89
f 86/86/86 88/88/88 90/90/90
f 89/89/89 91/91/91 88/88/88
f 91/91/91 90/90/90 88/88/88
f 89/89/89 92/92/92 91/91/91
f 87/87/87 93/93/93 89/89/89
f 89/89/89 93/93/93 92/92/92
f 94/94/94 87/87/87 72/72/72
f 94/94/94 72/72/72 69/69/69
f 69/69/69 68/68/68 94/94/94
f 95/95/95 87/87/87 94/94/94
f 87/87/87 96/96/96 93/93/93
f 95/95/95 96/96/96 87/87/87
f 94/94/94 68/68/68 97/97/97
f 97/97/97 95/95/95 94/94/94
f 68/68/68 98/98/98 97/97/97
f 96/96/96 95/95/95 99/99/99
f 68/68/68 100/100/100 98/98/98
f 67/67/67 100/100/100 68/68/68
f 67/67/67 101/101/101 100/100/100
f 98/98/98 100/100/100 101/101/101
f 67/67/67 102/102/102 101/101/101
f 101/101/101 102/102/102 103/103/103
f 101/101/101 103/103/103 104/104/104
f 98/98/98 101/101/101 104/104/104
f 97/97/97 105/105/105 95/95/95
f 106/106/106 97/97/97 98/98/98
f 97/97/97 106/106/106 105/105/105
f 98/98/98 104/104/104 107/107/107
f 98/98/98 107/107/107 106/106/106
f 108/108/108 107/107/107 104/104/104
f 108/108/108 104/104/104 109/109/109
f 110/110/110 108/108/108 109/109/109
f 111/111/111 108/108/108 110/110/110
f 108/108/108 111/111/111 112/112/112
f 108/108/108 112/112/112 107/107/107
f 113/113/113 107/107/107 112/112/112
f 113/113/113 106/106/106 107/107/107
f 113/113/113 105/105/105 106/106/106
f 105/105/105 113/113/113 114/114/114
f 113/113/113 115/115/115 114/114/114
f 113/113/113 116/116/116 115/115/115
f 105/105/105 114/114/114 117/117/117
f 117/117/117 114/114/114 115/115/115
f 116/116/116 118/118/118 115/115/115
f 116/116/116 119/119/119 118/118/118
f 119/119/119 120/120/120 118/118/118
f 120/120/120 121/121/121 118/118/118
f 122/122/122 118/118/118 121/121/121
f 122/122/122 115/115/115 118/118/118
f 117/117/117 115/115/115 122/122/122
f 117/117/117 122/122/122 123/123/123
f 122/122/122 124/124/124 123/123/123
f 122/122/122 125/125/125 124/124/124
f 124/124/124 125/125/125 126/126/126
f 124/124/124 126/126/126 127/127/127
f 124/124/124 128/128/128 123/123/123
f 117/117/117 123/123/123 128/128/128
f 124/124/124 127/127/127 128/128/128
f 127/127/127 129/129/129 128/128/128
f 127/127/127 130/130/130 129/129/129
f 127/127/127 131/131/131 130/130/130
f 131/131/131 132/132/132 130/130/130
f 130/130/130 132/132/132 133/133/133
f 130/130/130 133/133/133 129/129/129
f 128/128/128 129/129/129 133/133/133
f 134/134/134 128/128/128 133/133/133
f 128/128/128 134/134/134 135/135/135
f 117/117/117 128/128/128 136/136/136
f 136/136/136 128/128/128 135/135/135
f 137/137/137 117/117/117 136/136/136
f 105/105/105 117/117/117 137/137/137
f 137/137/137 95/95/95 105/105/105
f 137/137/137 99/99/99 95/95/95
f 137/137/137 136/136/136 138/138/138
f 137/137/137 138/138/138 99/99/99
f 138/138/138 136/136/136 139/139/139
f 135/135/135 139/139/139 136/136/136
f 140/140/140 99/99/99 138/138/138
f 138/138/138 139/139/139 140/140/140
f 140/140/140 141/141/141 99/99/99
f 142/142/142 140/140/140 139/139/139
f 141/141/141 140/140/140 142/142/142
f 143/143/143 99/99/99 141/141/141
f 96/96/96 99/99/99 143/143/143
f 141/141/141 142/142/142 144/144/144
f 144/144/144 143/143/143 141/141/141
f 142/142/142 139/139/139 145/145/145
f 146/146/146 139/139/139 135/135/135
f 146/146/146 145/145/145 139/139/139
f 135/135/135 147/147/147 146/146/146
f 135/135/135 148/148/148 147/147/147
f 146/146/146 147/147/147 149/149/149
f 146/146/146 149/149/149 145/145/145
f 150/150/150 147/147/147 148/148/148
f 149/149/149 147/147/147 150/150/150
f 150/150/150 148/148/148 151/151/151
f 150/150/150 151/151/151 152/152/152
f 152/152/152 153/153/153 150/150/150
f 149/149/149 150/150/150 153/153/153
f 154/154/154 153/153/153 152/152/152
f 155/155/155 149/149/149 153/153/153
f 154/154/154 155/155/155 153/153/153
f 145/145/145 149/149/149 155/155/155
f 155/155/155 154/154/154 156/156/156
f 145/145/145 155/155/155 157/157/157
f 155/155/155 156/156/156 157/157/157
f 145/145/145 157/157/157 158/158/158
f 142/142/142 145/145/145 158/158/158
f 159/159/159 157/157/157 156/156/156
f 158/158/158 157/157/157 159/159/159
f 154/154/154 160/160/160 156/156/156
f 154/154/154 161/161/161 160/160/160
f 162/162/162 156/156/156 160/160/160
f 159/159/159 156/156/156 162/162/162
f 161/161/161 163/163/163 160/160/160
f 161/161/161 164/164/164 163/163/163
f 162/162/162 160/160/160 165/165/165
f 163/163/163 165/165/165 160/160/160
f 165/165/165 166/166/166 162/162/162
f 159/159/159 162/162/162 166/166/166
f 163/163/163 167/167/167 165/165/165
f 164/164/164 168/168/168 163/163/163
f 168/168/168 167/167/167 163/163/163
f 165/165/165 169/169/169 166/166/166
f 167/167/167 169/169/169 165/165/165
f 159/159/159 166/166/166 170/170/170
f 170/170/170 166/166/166 169/169/169
f 164/164/164 171/171/171 168/168/168
f 159/159/159 170/170/170 172/172/172
f 170/170/170 169/169/169 173/173/173
f 173/173/173 172/172/172 170/170/170
f 159/159/159 172/172/172 174/174/174
f 158/158/158 159/159/159 174/174/174
f 175/175/175 172/172/172 173/173/173
f 176/176/176 158/158/158 174/174/174
f 176/176/176 142/142/142 158/158/158
f 144/144/144 142/142/142 176/176/176
f 177/177/177 174/174/174 172/172/172
f 177/177/177 176/176/176 174/174/174
f 175/175/175 177/177/177 172/172/172
f 144/144/144 176/176/176 178/178/178
f 178/178/178 176/176/176 177/177/177
f 175/175/175 178/178/178 177/177/177
f 143/143/143 144/144/144 178/178/178
f 175/175/175 173/173/173 179/179/179
f 169/169/169 179/179/179 173/173/173
f 175/175/175 180/180/180 178/178/178
f 180/180/180 175/175/175 181/181/181
f 175/175/175 179/179/179 181/181/181
f 178/178/178 180/180/180 182/182/182
f 143/143/143 178/178/178 183/183/183
f 178/178/178 182/182/182 183/183/183
f 180/180/180 181/181/181 184/184/184
f 182/182/182 180/180/180 184/184/184
f 185/185/185 184/184/184 181/181/181
f 179/179/179 185/185/185 181/181/181
f 186/186/186 143/143/143 183/183/183
f 186/186/186 96/96/96 143/143/143
f 96/96/96 186/186/186 93/93/93
f 186/186/186 183/183/183 187/187/187
f 93/93/93 186/186/186 188/188/188
f 186/186/186 187/187/187 188/188/188
f 93/93/93 188/188/188 92/92/92
f 189/189/189 187/187/187 183/183/183
f 189/189/189 183/183/183 182/182/182
f 188/188/188 187/187/187 190/190/190
f 189/189/189 190/190/190 187/187/187
f 191/191/191 92/92/92 188/188/188
f 188/188/188 190/190/190 191/191/191
f 189/189/189 182/182/182 192/192/192
f 182/182/182 184/184/184 192/192/192
f 189/189/189 193/193/193 190/190/190
f 189/189/189 192/192/192 193/193/193
f 191/191/191 190/190/190 194/194/194
f 192/192/192 184/184/184 195/195/195
f 185/185/185 195/195/195 184/184/184
f 195/195/195 196/196/196 192/192/192
f 193/193/193 192/192/192 196/196/196
f 185/185/185 197/197/197 195/195/195
f 198/198/198 190/190/190 193/193/193
f 198/198/198 194/194/194 190/190/190
f 199/199/199 198/198/198 193/193/193
f 200/200/200 195/195/195 197/197/197
f 195/195/195 200/200/200 196/196/196
f 185/185/185 201/201/201 197/197/197
f 179/179/179 201/201/201 185/185/185
f 200/200/200 197/197/197 202/202/202
f 179/179/179 203/203/203 201/201/201
f 179/179/179 204/204/204 203/203/203
f 169/169/169 204/204/204 179/179/179
f 167/167/167 204/204/204 169/169/169
f 204/204/204 167/167/167 205/205/205
f 204/204/204 205/205/205 203/203/203
f 168/168/168 205/205/205 167/167/167
f 203/203/203 206/206/206 201/201/201
f 203/203/203 205/205/205 206/206/206
f 206/206/206 205/205/205 168/168/168
f 201/201/201 206/206/206 197/197/197
f 197/197/197 206/206/206 207/207/207
f 206/206/206 168/168/168 207/207/207
f 197/197/197 207/207/207 202/202/202
f 168/168/168 208/208/208 207/207/207
f 207/207/207 209/209/209 202/202/202
f 200/200/200 202/202/202 209/209/209
f 207/207/207 208/208/208 209/209/209
f 168/168/168 171/171/171 208/208/208
f 200/200/200 209/209/209 210/210/210
f 196/196/196 200/200/200 210/210/210
f 208/208/208 211/211/211 209/209/209
f 211/211/211 210/210/210 209/209/209
f 208/208/208 171/171/171 212/212/212
f 208/208/208 213/213/213 211/211/211
f 208/208/208 212/212/212 213/213/213
f 171/171/171 214/214/214 212/212/212
f 171/171/171 215/215/215 214/214/214
f 215/215/215 216/216/216 214/214/214
f 216/216/216 217/217/217 214/214/214
f 212/212/212 214/214/214 217/217/217
f 212/212/212 217/217/217 218/218/218
f 218/218/218 217/217/217 219/219/219
f 220/220/220 218/218/218 219/219/219
f 218/218/218 221/221/221 212/212/212
f 218/218/218 220/220/220 221/221/221
f 221/221/221 213/213/213 212/212/212
f 222/222/222 221/221/221 220/220/220
f 213/213/213 221/221/221 223/223/223
f 221/221/221 222/222/222 224/224/224
f 221/221/221 224/224/224 223/223/223
f 225/225/225 224/224/224 222/222/222
f 226/226/226 224/224/224 225/225/225
f 227/227/227 223/223/223 224/224/224
f 227/227/227 224/224/224 226/226/226
f 213/213/213 223/223/223 227/227/227
f 228/228/228 227/227/227 226/226/226
f 229/229/229 228/228/228 226/226/226
f 213/213/213 227/227/227 230/230/230
f 231/231/231 228/228/228 229/229/229
f 211/211/211 213/213/213 230/230/230
f 228/228/228 232/232/232 227/227/227
f 230/230/230 227/227/227 232/232/232
f 233/233/233 232/232/232 228/228/228
f 233/233/233 228/228/228 231/231/231
f 232/232/232 234/234/234 230/230/230
f 233/233/233 234/234/234 232/232/232
f 211/211/211 230/230/230 235/235/235
f 235/235/235 230/230/230 234/234/234
f 235/235/235 210/210/210 211/211/211
f 235/235/235 236/236/236 210/210/210
f 236/236/236 196/196/196 210/210/210
f 235/235/235 234/234/234 237/237/237
f 236/236/236 235/235/235 237/237/237
f 233/233/233 238/238/238 234/234/234
f 233/233/233 231/231/231 238/238/238
f 237/237/237 234/234/234 239/239/239
f 238/238/238 239/239/239 234/234/234
f 236/236/236 237/237/237 240/240/240
f 237/237/237 239/239/239 240/240/240
f 231/231/231 241/241/241 238/238/238
f 231/231/231 242/242/242 241/241/241
f 241/241/241 242/242/242 243/243/243
f 244/244/244 241/241/241 243/243/243
f 244/244/244 238/238/238 241/241/241
f 238/238/238 244/244/244 239/239/239
f 239/239/239 244/244/244 245/245/245
f 245/245/245 244/244/244 246/246/246
f 246/246/246 247/247/247 245/245/245
f 239/239/239 245/245/245 248/248/248
f 240/240/240 239/239/239 248/248/248
f 249/249/249 245/245/245 247/247/247
f 249/249/249 247/247/247 250/250/250
f 249/249/249 250/250/250 251/251/251
f 249/249/249 251/251/251 252/252/252
f 253/253/253 245/245/245 249/249/249
f 253/253/253 249/249/249 252/252/252
f 253/253/253 248/248/248 245/245/245
f 254/254/254 253/253/253 252/252/252
f 255/255/255 248/248/248 253/253/253
f 254/254/254 255/255/255 253/253/253
f 256/256/256 254/254/254 252/252/252
f 256/256/256 252/252/252 257/257/257
f 258/258/258 256/256/256 257/257/257
f 256/256/256 258/258/258 259/259/259
f 256/256/256 259/259/259 254/254/254
f 260/260/260 259/259/259 258/258/258
f 261/261/261 259/259/259 260/260/260
f 262/262/262 254/254/254 259/259/259
f 262/262/262 259/259/259 261/261/261
f 254/254/254 262/262/262 255/255/255
f 262/262/262 261/261/261 263/263/263
f 255/255/255 262/262/262 263/263/263
f 264/264/264 255/255/255 265/265/265
f 264/264/264 248/248/248 255/255/255
f 264/264/264 265/265/265 266/266/266
f 264/264/264 267/267/267 248/248/248
f 268/268/268 264/264/264 266/266/266
f 268/268/268 267/267/267 264/264/264
f 267/267/267 269/269/269 248/248/248
f 267/267/267 268/268/268 269/269/269
f 240/240/240 248/248/248 269/269/269
f 240/240/240 269/269/269 270/270/270
f 236/236/236 240/240/240 270/270/270
f 270/270/270 269/269/269 271/271/271
f 272/272/272 236/236/236 270/270/270
f 272/272/272 270/270/270 271/271/271
f 236/236/236 272/272/272 196/196/196
f 196/196/196 272/272/272 273/273/273
f 193/193/193 196/196/196 273/273/273
f 199/199/199 193/193/193 273/273/273
f 273/273/273 272/272/272 274/274/274
f 274/274/274 272/272/272 271/271/271
f 275/275/275 199/199/199 273/273/273
f 275/275/275 273/273/273 274/274/274
f 276/276/276 275/275/275 274/274/274
f 271/271/271 277/277/277 274/274/274
f 276/276/276 274/274/274 277/277/277
f 271/271/271 278/278/278 277/277/277
f 269/269/269 279/279/279 271/271/271
f 278/278/278 271/271/271 279/279/279
f 269/269/269 268/268/268 279/279/279
f 278/278/278 280/280/280 277/277/277
f 280/280/280 276/276/276 277/277/277
f 278/278/278 279/279/279 281/281/281
f 282/282/282 279/279/279 268/268/268
f 281/281/281 279/279/279 282/282/282
f 268/268/268 283/283/283 282/282/282
f 268/268/268 266/266/266 283/283/283
f 266/266/266 284/284/284 283/283/283
f 285/285/285 283/283/283 284/284/284
f 286/286/286 282/282/282 283/283/283
f 286/286/286 283/283/283 285/285/285
f 281/281/281 282/282/282 286/286/286
f 287/287/287 278/278/278 281/281/281
f 287/287/287 288/288/288 278/278/278
f 278/278/278 288/288/288 280/280/280
f 281/281/281 289/289/289 287/287/287
f 281/281/281 286/286/286 289/289/289
f 289/289/289 290/290/290 287/287/287
f 288/288/288 287/287/287 290/290/290
f 286/286/286 291/291/291 289/289/289
f 286/286/286 285/285/285 291/291/291
f 289/289/289 292/292/292 290/290/290
f 291/291/291 292/292/292 289/289/289
f 288/288/288 290/290/290 293/293/293
f 293/293/293 290/290/290 292/292/292
f 294/294/294 291/291/291 285/285/285
f 294/294/294 285/285/285 295/295/295
f 291/291/291 296/296/296 292/292/292
f 296/296/296 291/291/291 294/294/294
f 293/293/293 292/292/292 297/297/297
f 298/298/298 294/294/294 295/295/295
f 298/298/298 295/295/295 299/299/299
f 299/299/299 300/300/300 298/298/298
f 301/301/301 298/298/298 300/300/300
f 294/294/294 298/298/298 301/301/301
f 302/302/302 294/294/294 301/301/301
f 302/302/302 296/296/296 294/294/294
f 302/302/302 301/301/301 303/303/303
f 304/304/304 302/302/302 303/303/303
f 302/302/302 304/304/304 296/296/296
f 296/296/296 304/304/304 305/305/305
f 306/306/306 305/305/305 304/304/304
f 307/307/307 292/292/292 296/296/296
f 307/307/307 297/297/297 292/292/292
f 296/296/296 305/305/305 307/307/307
f 308/308/308 297/297/297 307/307/307
f 308/308/308 293/293/293 297/297/297
f 305/305/305 309/309/309 307/307/307
f 308/308/308 307/307/307 309/309/309
f 306/306/306 310/310/310 305/305/305
f 310/310/310 306/306/306 311/311/311
f 305/305/305 312/312/312 309/309/309
f 312/312/312 305/305/305 310/310/310
f 308/308/308 309/309/309 313/313/313
f 312/312/312 313/313/313 309/309/309
f 310/310/310 311/311/311 314/314/314
f 315/315/315 314/314/314 311/311/311
f 314/314/314 315/315/315 316/316/316
f 314/314/314 316/316/316 310/310/310
f 316/316/316 317/317/317 310/310/310
f 312/312/312 310/310/310 317/317/317
f 312/312/312 317/317/317 318/318/318
f 318/318/318 317/317/317 319/319/319
f 320/320/320 318/318/318 319/319/319
f 312/312/312 318/318/318 320/320/320
f 312/312/312 320/320/320 313/313/313
f 321/321/321 313/313/313 320/320/320
f 322/322/322 321/321/321 320/320/320
f 308/308/308 313/313/313 323/323/323
f 321/321/321 322/322/322 324/324/324
f 321/321/321 325/325/325 313/313/313
f 325/325/325 323/323/323 313/313/313
f 322/322/322 326/326/326 324/324/324
f 322/322/322 327/327/327 326/326/326
f 326/326/326 327/327/327 328/328/328
f 326/326/326 328/328/328 329/329/329
f 330/330/330 324/324/324 326/326/326
f 321/321/321 324/324/324 330/330/330
f 330/330/330 326/326/326 329/329/329
f 325/325/325 321/321/321 331/331/331
f 321/321/321 330/330/330 331/331/331
f 325/325/325 331/331/331 332/332/332
f 325/325/325 333/333/333 323/323/323
f 325/325/325 332/332/332 333/333/333
f 334/334/334 308/308/308 323/323/323
f 308/308/308 334/334/334 293/293/293
f 335/335/335 323/323/323 333/333/333
f 334/334/334 323/323/323 335/335/335
f 334/334/334 336/336/336 293/293/293
f 336/336/336 334/334/334 335/335/335
f 288/288/288 293/293/293 336/336/336
f 335/335/335 333/333/333 337/337/337
f 337/337/337 333/333/333 332/332/332
f 338/338/338 335/335/335 337/337/337
f 338/338/338 336/336/336 335/335/335
f 337/337/337 332/332/332 339/339/339
f 338/338/338 337/337/337 339/339/339
f 340/340/340 288/288/288 336/336/336
f 341/341/341 338/338/338 339/339/339
f 340/340/340 280/280/280 288/288/288
f 342/342/342 339/339/339 332/332/332
f 341/341/341 339/339/339 342/342/342
f 342/342/342 332/332/332 343/343/343
f 331/331/331 343/343/343 332/332/332
f 344/344/344 342/342/342 343/343/343
f 331/331/331 345/345/345 343/343/343
f 345/345/345 344/344/344 343/343/343
f 330/330/330 345/345/345 331/331/331
f 344/344/344 346/346/346 342/342/342
f 342/342/342 346/346/346 341/341/341
f 347/347/347 344/344/344 345/345/345
f 330/330/330 348/348/348 345/345/345
f 347/347/347 345/345/345 348/348/348
f 348/348/348 330/330/330 349/349/349
f 329/329/329 349/349/349 330/330/330
f 347/347/347 348/348/348 350/350/350
f 348/348/348 349/349/349 350/350/350
f 344/344/344 347/347/347 351/351/351
f 351/351/351 347/347/347 350/350/350
f 329/329/329 352/352/352 349/349/349
f 352/352/352 350/350/350 349/349/349
f 329/329/329 353/353/353 352/352/352
f 353/353/353 354/354/354 352/352/352
f 355/355/355 352/352/352 354/354/354
f 352/352/352 355/355/355 350/350/350
f 356/356/356 350/350/350 355/355/355
f 351/351/351 350/350/350 356/356/356
f 357/357/357 356/356/356 355/355/355
f 357/357/357 355/355/355 358/358/358
f 356/356/356 359/359/359 351/351/351
f 357/357/357 359/359/359 356/356/356
f 360/360/360 357/357/357 358/358/358
f 357/357/357 360/360/360 359/359/359
f 360/360/360 361/361/361 359/359/359
f 361/361/361 360/360/360 362/362/362
f 363/363/363 362/362/362 360/360/360
f 359/359/359 361/361/361 364/364/364
f 365/365/365 362/362/362 363/363/363
f 366/366/366 361/361/361 362/362/362
f 366/366/366 362/362/362 365/365/365
f 366/366/366 364/364/364 361/361/361
f 366/366/366 365/365/365 367/367/367
f 359/359/359 364/364/364 368/368/368
f 351/351/351 359/359/359 368/368/368
f 366/366/366 369/369/369 364/364/364
f 369/369/369 366/366/366 367/367/367
f 351/351/351 368/368/368 370/370/370
f 344/344/344 351/351/351 370/370/370
f 346/346/346 344/344/344 370/370/370
f 346/346/346 370/370/370 371/371/371
f 372/372/372 346/346/346 371/371/371
f 372/372/372 341/341/341 346/346/346
f 373/373/373 371/371/371 370/370/370
f 373/373/373 372/372/372 371/371/371
f 373/373/373 370/370/370 368/368/368
f 374/374/374 341/341/341 372/372/372
f 373/373/373 374/374/374 372/372/372
f 368/368/368 375/375/375 373/373/373
f 368/368/368 364/364/364 375/375/375
f 375/375/375 374/374/374 373/373/373
f 376/376/376 375/375/375 364/364/364
f 374/374/374 375/375/375 376/376/376
f 376/376/376 364/364/364 369/369/369
f 377/377/377 341/341/341 374/374/374
f 377/377/377 338/338/338 341/341/341
f 374/374/374 376/376/376 378/378/378
f 378/378/378 379/379/379 374/374/374
f 379/379/379 377/377/377 374/374/374
f 378/378/378 376/376/376 380/380/380
f 369/369/369 380/380/380 376/376/376
f 381/381/381 378/378/378 380/380/380
f 381/381/381 379/379/379 378/378/378
f 369/369/369 382/382/382 380/380/380
f 369/369/369 367/367/367 382/382/382
f 381/381/381 380/380/380 383/383/383
f 383/383/383 380/380/380 382/382/382
f 367/367/367 384/384/384 382/382/382
f 383/383/383 382/382/382 384/384/384
f 383/383/383 385/385/385 381/381/381
f 383/383/383 386/386/386 385/385/385
f 386/386/386 383/383/383 384/384/384
f 387/387/387 381/381/381 385/385/385
f 387/387/387 379/379/379 381/381/381
f 388/388/388 385/385/385 386/386/386
f 388/388/388 387/387/387 385/385/385
f 386/386/386 384/384/384 389/389/389
f 388/388/388 386/386/386 390/390/390
f 391/391/391 386/386/386 389/389/389
f 391/391/391 390/390/390 386/386/386
f 389/389/389 392/392/392 391/391/391
f 390/390/390 391/391/391 393/393/393
f 392/392/392 393/393/393 391/391/391
f 384/384/384 394/394/394 389/389/389
f 389/389/389 394/394/394 392/392/392
f 384/384/384 395/395/395 394/394/394
f 367/367/367 395/395/395 384/384/384
f 367/367/367 396/396/396 395/395/395
f 367/367/367 365/365/365 396/396/396
f 397/397/397 394/394/394 395/395/395
f 398/398/398 394/394/394 397/397/397
f 392/392/392 394/394/394 398/398/398
f 397/397/397 395/395/395 399/399/399
f 395/395/395 396/396/396 399/399/399
f 365/365/365 400/400/400 396/396/396
f 400/400/400 399/399/399 396/396/396
f 365/365/365 401/401/401 400/400/400
f 401/401/401 402/402/402 400/400/400
f 400/400/400 402/402/402 403/403/403
f 400/400/400 403/403/403 399/399/399
f 399/399/399 404/404/404 397/397/397
f 398/398/398 397/397/397 404/404/404
f 399/399/399 405/405/405 404/404/404
f 405/405/405 406/406/406 404/404/404
f 404/404/404 406/406/406 407/407/407
f 398/398/398 404/404/404 407/407/407
f 398/398/398 407/407/407 408/408/408
f 398/398/398 408/408/408 409/409/409
f 392/392/392 398/398/398 409/409/409
f 392/392/392 409/409/409 410/410/410
f 411/411/411 410/410/410 409/409/409
f 411/411/411 409/409/409 412/412/412
f 411/411/411 412/412/412 413/413/413
f 414/414/414 411/411/411 413/413/413
f 414/414/414 410/410/410 411/411/411
f 414/414/414 413/413/413 415/415/415
f 416/416/416 414/414/414 415/415/415
f 416/416/416 410/410/410 414/414/414
f 410/410/410 416/416/416 417/417/417
f 418/418/418 417/417/417 416/416/416
f 418/418/418 419/419/419 417/417/417
f 419/419/419 418/418/418 420/420/420
f 410/410/410 417/417/417 421/421/421
f 421/421/421 417/417/417 419/419/419
f 422/422/422 419/419/419 420/420/420
f 423/423/423 410/410/410 421/421/421
f 392/392/392 410/410/410 423/423/423
f 421/421/421 419/419/419 424/424/424
f 422/422/422 424/424/424 419/419/419
f 424/424/424 425/425/425 421/421/421
f 423/423/423 421/421/421 425/425/425
f 424/424/424 422/422/422 426/426/426
f 424/424/424 426/426/426 425/425/425
f 423/423/423 427/427/427 392/392/392
f 393/393/393 392/392/392 427/427/427
f 428/428/428 423/423/423 425/425/425
f 423/423/423 428/428/428 427/427/427
f 393/393/393 427/427/427 429/429/429
f 429/429/429 427/427/427 428/428/428
f 393/393/393 429/429/429 430/430/430
f 390/390/390 393/393/393 430/430/430
f 429/429/429 428/428/428 431/431/431
f 432/432/432 390/390/390 430/430/430
f 432/432/432 388/388/388 390/390/390
f 430/430/430 429/429/429 433/433/433
f 432/432/432 430/430/430 433/433/433
f 388/388/388 432/432/432 434/434/434
f 435/435/435 433/433/433 429/429/429
f 435/435/435 429/429/429 431/431/431
f 432/432/432 433/433/433 436/436/436
f 435/435/435 436/436/436 433/433/433
f 434/434/434 432/432/432 436/436/436
f 435/435/435 437/437/437 436/436/436
f 434/434/434 436/436/436 437/437/437
f 388/388/388 434/434/434 387/387/387
f 438/438/438 435/435/435 431/431/431
f 435/435/435 438/438/438 437/437/437
f 439/439/439 431/431/431 428/428/428
f 438/438/438 431/431/431 439/439/439
f 439/439/439 428/428/428 425/425/425
f 440/440/440 438/438/438 439/439/439
f 441/441/441 439/439/439 425/425/425
f 441/441/441 440/440/440 439/439/439
f 441/441/441 425/425/425 426/426/426
f 426/426/426 442/442/442 441/441/441
f 440/440/440 441/441/441 442/442/442
f 426/426/426 422/422/422 442/442/442
f 422/422/422 443/443/443 442/442/442
f 443/443/443 422/422/422 444/444/444
f 445/445/445 443/443/443 444/444/444
f 442/442/442 443/443/443 445/445/445
f 440/440/440 442/442/442 446/446/446
f 446/446/446 442/442/442 445/445/445
f 440/440/440 447/447/447 438/438/438
f 438/438/438 447/447/447 437/437/437
f 440/440/440 446/446/446 448/448/448
f 447/447/447 440/440/440 448/448/448
f 446/446/446 445/445/445 449/449/449
f 450/450/450 437/437/437 447/447/447
f 451/451/451 448/448/448 446/446/446
f 446/446/446 449/449/449 451/451/451
f 447/447/447 448/448/448 452/452/452
f 450/450/450 447/447/447 452/452/452
f 451/451/451 453/453/453 448/448/448
f 453/453/453 452/452/452 448/448/448
f 454/454/454 449/449/449 445/445/445
f 445/445/445 455/455/455 454/454/454
f 454/454/454 455/455/455 456/456/456
f 449/449/449 454/454/454 456/456/456
f 457/457/457 449/449/449 456/456/456
f 456/456/456 458/458/458 457/457/457
f 459/459/459 457/457/457 458/458/458
f 449/449/449 457/457/457 459/459/459
f 449/449/449 459/459/459 460/460/460
f 449/449/449 460/460/460 461/461/461
f 451/451/451 449/449/449 461/461/461
f 460/460/460 462/462/462 461/461/461
f 460/460/460 463/463/463 462/462/462
f 463/463/463 464/464/464 462/462/462
f 462/462/462 464/464/464 461/461/461
f 451/451/451 461/461/461 465/465/465
f 465/465/465 453/453/453 451/451/451
f 461/461/461 464/464/464 466/466/466
f 466/466/466 464/464/464 467/467/467
f 468/468/468 466/466/466 467/467/467
f 461/461/461 466/466/466 469/469/469
f 461/461/461 469/469/469 465/465/465
f 470/470/470 469/469/469 466/466/466
f 470/470/470 466/466/466 468/468/468
f 465/465/465 469/469/469 470/470/470
f 471/471/471 470/470/470 468/468/468
f 471/471/471 468/468/468 472/472/472
f 473/473/473 471/471/471 472/472/472
f 471/471/471 474/474/474 470/470/470
f 471/471/471 473/473/473 475/475/475
f 471/471/471 475/475/475 474/474/474
f 475/475/475 473/473/473 476/476/476
f 475/475/475 476/476/476 477/477/477
f 474/474/474 478/478/478 470/470/470
f 475/475/475 478/478/478 474/474/474
f 465/465/465 470/470/470 478/478/478
f 479/479/479 475/475/475 477/477/477
f 479/479/479 478/478/478 475/475/475
f 477/477/477 480/480/480 479/479/479
f 477/477/477 481/481/481 480/480/480
f 481/481/481 482/482/482 480/480/480
f 482/482/482 483/483/483 480/480/480
f 479/479/479 480/480/480 483/483/483
f 479/479/479 483/483/483 484/484/484
f 479/479/479 484/484/484 478/478/478
f 485/485/485 465/465/465 478/478/478
f 465/465/465 485/485/485 453/453/453
f 486/486/486 478/478/478 484/484/484
f 487/487/487 486/486/486 484/484/484
f 486/486/486 488/488/488 478/478/478
f 485/485/485 478/478/478 488/488/488
f 486/486/486 487/487/487 489/489/489
f 486/486/486 489/489/489 488/488/488
f 485/485/485 488/488/488 490/490/490
f 489/489/489 490/490/490 488/488/488
f 491/491/491 453/453/453 485/485/485
f 453/453/453 491/491/491 452/452/452
f 450/450/450 452/452/452 491/491/491
f 491/491/491 485/485/485 492/492/492
f 485/485/485 490/490/490 492/492/492
f 450/450/450 491/491/491 493/493/493
f 492/492/492 493/493/493 491/491/491
f 450/450/450 493/493/493 494/494/494
f 494/494/494 437/437/437 450/450/450
f 494/494/494 434/434/434 437/437/437
f 492/492/492 495/495/495 493/493/493
f 496/496/496 492/492/492 490/490/490
f 492/492/492 496/496/496 495/495/495
f 497/497/497 493/493/493 495/495/495
f 497/497/497 494/494/494 493/493/493
f 495/495/495 498/498/498 497/497/497
f 495/495/495 496/496/496 498/498/498
f 494/494/494 497/497/497 499/499/499
f 499/499/499 497/497/497 498/498/498
f 500/500/500 434/434/434 494/494/494
f 387/387/387 434/434/434 500/500/500
f 494/494/494 499/499/499 501/501/501
f 500/500/500 494/494/494 501/501/501
f 499/499/499 498/498/498 502/502/502
f 387/387/387 500/500/500 503/503/503
f 387/387/387 503/503/503 504/504/504
f 387/387/387 504/504/504 379/379/379
f 500/500/500 505/505/505 503/503/503
f 506/506/506 379/379/379 504/504/504
f 506/506/506 377/377/377 379/379/379
f 507/507/507 504/504/504 503/503/503
f 507/507/507 506/506/506 504/504/504
f 507/507/507 503/503/503 505/505/505
f 501/501/501 508/508/508 500/500/500
f 500/500/500 508/508/508 505/505/505
f 501/501/501 509/509/509 508/508/508
f 499/499/499 509/509/509 501/501/501
f 510/510/510 505/505/505 508/508/508
f 509/509/509 510/510/510 508/508/508
f 499/499/499 511/511/511 509/509/509
f 511/511/511 499/499/499 502/502/502
f 509/509/509 512/512/512 510/510/510
f 511/511/511 512/512/512 509/509/509
f 510/510/510 513/513/513 505/505/505
f 513/513/513 510/510/510 512/512/512
f 514/514/514 505/505/505 513/513/513
f 514/514/514 507/507/507 505/505/505
f 515/515/515 507/507/507 514/514/514
f 507/507/507 515/515/515 506/506/506
f 516/516/516 514/514/514 513/513/513
f 515/515/515 514/514/514 516/516/516
f 513/513/513 512/512/512 517/517/517
f 516/516/516 513/513/513 517/517/517
f 518/518/518 517/517/517 512/512/512
f 511/511/511 518/518/518 512/512/512
f 519/519/519 516/516/516 517/517/517
f 519/519/519 517/517/517 520/520/520
f 518/518/518 520/520/520 517/517/517
f 516/516/516 521/521/521 515/515/515
f 516/516/516 519/519/519 521/521/521
f 522/522/522 515/515/515 521/521/521
f 522/522/522 506/506/506 515/515/515
f 506/506/506 522/522/522 523/523/523
f 506/506/506 523/523/523 377/377/377
f 522/522/522 524/524/524 523/523/523
f 377/377/377 523/523/523 525/525/525
f 524/524/524 525/525/525 523/523/523
f 377/377/377 525/525/525 338/338/338
f 338/338/338 525/525/525 336/336/336
f 524/524/524 336/336/336 525/525/525
f 340/340/340 336/336/336 524/524/524
f 521/521/521 526/526/526 522/522/522
f 522/522/522 526/526/526 524/524/524
f 521/521/521 527/527/527 526/526/526
f 527/527/527 521/521/521 519/519/519
f 524/524/524 526/526/526 528/528/528
f 524/524/524 528/528/528 340/340/340
f 527/527/527 528/528/528 526/526/526
f 527/527/527 519/519/519 529/529/529
f 527/527/527 530/530/530 528/528/528
f 531/531/531 527/527/527 529/529/529
f 531/531/531 530/530/530 527/527/527
f 519/519/519 532/532/532 529/529/529
f 532/532/532 531/531/531 529/529/529
f 519/519/519 533/533/533 532/532/532
f 533/533/533 519/519/519 520/520/520
f 533/533/533 520/520/520 518/518/518
f 534/534/534 528/528/528 530/530/530
f 532/532/532 533/533/533 535/535/535
f 532/532/532 536/536/536 531/531/531
f 532/532/532 535/535/535 536/536/536
f 537/537/537 531/531/531 536/536/536
f 530/530/530 531/531/531 538/538/538
f 537/537/537 538/538/538 531/531/531
f 530/530/530 538/538/538 534/534/534
f 536/536/536 539/539/539 537/537/537
f 539/539/539 538/538/538 537/537/537
f 536/536/536 535/535/535 539/539/539
f 539/539/539 540/540/540 538/538/538
f 540/540/540 534/534/534 538/538/538
f 534/534/534 541/541/541 528/528/528
f 340/340/340 528/528/528 541/541/541
f 340/340/340 541/541/541 542/542/542
f 340/340/340 542/542/542 280/280/280
f 543/543/543 542/542/542 541/541/541
f 543/543/543 280/280/280 542/542/542
f 534/534/534 544/544/544 541/541/541
f 543/543/543 541/541/541 544/544/544
f 534/534/534 545/545/545 544/544/544
f 540/540/540 545/545/545 534/534/534
f 544/544/544 546/546/546 543/543/543
f 543/543/543 547/547/547 280/280/280
f 280/280/280 547/547/547 276/276/276
f 548/548/548 547/547/547 543/543/543
f 548/548/548 543/543/543 546/546/546
f 549/549/549 544/544/544 545/545/545
f 544/544/544 549/549/549 546/546/546
f 540/540/540 550/550/550 545/545/545
f 549/549/549 545/545/545 550/550/550
f 540/540/540 551/551/551 550/550/550
f 549/549/549 552/552/552 546/546/546
f 553/553/553 551/551/551 540/540/540
f 553/553/553 540/540/540 539/539/539
f 550/550/550 554/554/554 549/549/549
f 549/549/549 554/554/554 552/552/552
f 550/550/550 551/551/551 555/555/555
f 550/550/550 555/555/555 554/554/554
f 556/556/556 555/555/555 551/551/551
f 556/556/556 551/551/551 553/553/553
f 557/557/557 554/554/554 555/555/555
f 557/557/557 555/555/555 556/556/556
f 558/558/558 554/554/554 557/557/557
f 558/558/558 552/552/552 554/554/554
f 559/559/559 557/557/557 556/556/556
f 558/558/558 557/557/557 559/559/559
f 553/553/553 560/560/560 556/556/556
f 559/559/559 556/556/556 560/560/560
f 561/561/561 553/553/553 539/539/539
f 553/553/553 561/561/561 560/560/560
f 561/561/561 539/539/539 535/535/535
f 562/562/562 552/552/552 558/558/558
f 561/561/561 535/535/535 563/563/563
f 560/560/560 561/561/561 564/564/564
f 561/561/561 563/563/563 564/564/564
f 560/560/560 564/564/564 565/565/565
f 565/565/565 559/559/559 560/560/560
f 565/565/565 564/564/564 566/566/566
f 558/558/558 559/559/559 567/567/567
f 567/567/567 562/562/562 558/558/558
f 565/565/565 568/568/568 559/559/559
f 564/564/564 569/569/569 566/566/566
f 564/564/564 563/563/563 569/569/569
f 565/565/565 566/566/566 570/570/570
f 568/568/568 565/565/565 570/570/570
f 566/566/566 571/571/571 570/570/570
f 569/569/569 571/571/571 566/566/566
f 568/568/568 570/570/570 572/572/572
f 571/571/571 572/572/572 570/570/570
f 559/559/559 568/568/568 573/573/573
f 573/573/573 568/568/568 572/572/572
f 559/559/559 573/573/573 567/567/567
f 574/574/574 567/567/567 573/573/573
f 573/573/573 572/572/572 575/575/575
f 575/575/575 574/574/574 573/573/573
f 571/571/571 576/576/576 572/572/572
f 576/576/576 575/575/575 572/572/572
f 576/576/576 571/571/571 577/577/577
f 569/569/569 577/577/577 571/571/571
f 576/576/576 578/578/578 575/575/575
f 579/579/579 577/577/577 569/569/569
f 576/576/576 577/577/577 580/580/580
f 579/579/579 580/580/580 577/577/577
f 580/580/580 578/578/578 576/576/576
f 578/578/578 581/581/581 575/575/575
f 575/575/575 581/581/581 574/574/574
f 580/580/580 582/582/582 578/578/578
f 578/578/578 583/583/583 581/581/581
f 582/582/582 583/583/583 578/578/578
f 574/574/574 581/581/581 584/584/584
f 584/584/584 581/581/581 583/583/583
f 585/585/585 582/582/582 580/580/580
f 579/579/579 585/585/585 580/580/580
f 585/585/585 586/586/586 582/582/582
f 587/587/587 585/585/585 579/579/579
f 585/585/585 588/588/588 586/586/586
f 585/585/585 587/587/587 588/588/588
f 589/589/589 582/582/582 586/586/586
f 589/589/589 586/586/586 588/588/588
f 582/582/582 590/590/590 583/583/583
f 589/589/589 590/590/590 582/582/582
f 590/590/590 591/591/591 583/583/583
f 498/498/498 588/588/588 587/587/587
f 588/588/588 498/498/498 496/496/496
f 498/498/498 587/587/587 502/502/502
f 588/588/588 496/496/496 592/592/592
f 589/589/589 588/588/588 592/592/592
f 592/592/592 496/496/496 593/593/593
f 496/496/496 490/490/490 593/593/593
f 594/594/594 589/589/589 592/592/592
f 594/594/594 592/592/592 593/593/593
f 595/595/595 593/593/593 490/490/490
f 594/594/594 596/596/596 589/589/589
f 489/489/489 595/595/595 490/490/490
f 594/594/594 593/593/593 597/597/597
f 595/595/595 597/597/597 593/593/593
f 589/589/589 596/596/596 598/598/598
f 589/589/589 598/598/598 590/590/590
f 599/599/599 596/596/596 594/594/594
f 597/597/597 599/599/599 594/594/594
f 597/597/597 595/595/595 600/600/600
f 601/601/601 597/597/597 600/600/600
f 597/597/597 601/601/601 599/599/599
f 600/600/600 595/595/595 602/602/602
f 489/489/489 602/602/602 595/595/595
f 603/603/603 601/601/601 600/600/600
f 600/600/600 602/602/602 603/603/603
f 603/603/603 604/604/604 601/601/601
f 604/604/604 599/599/599 601/601/601
f 602/602/602 605/605/605 603/603/603
f 604/604/604 603/603/603 606/606/606
f 605/605/605 606/606/606 603/603/603
f 607/607/607 605/605/605 602/602/602
f 607/607/607 602/602/602 489/489/489
f 605/605/605 608/608/608 606/606/606
f 607/607/607 608/608/608 605/605/605
f 604/604/604 606/606/606 609/609/609
f 609/609/609 599/599/599 604/604/604
f 608/608/608 610/610/610 606/606/606
f 610/610/610 609/609/609 606/606/606
f 489/489/489 611/611/611 607/607/607
f 489/489/489 487/487/487 611/611/611
f 607/607/607 612/612/612 608/608/608
f 611/611/611 612/612/612 607/607/607
f 608/608/608 613/613/613 610/610/610
f 612/612/612 613/613/613 608/608/608
f 487/487/487 614/614/614 611/611/611
f 487/487/487 615/615/615 614/614/614
f 616/616/616 611/611/611 614/614/614
f 611/611/611 616/616/616 612/612/612
f 616/616/616 614/614/614 617/617/617
f 615/615/615 618/618/618 614/614/614
f 618/618/618 617/617/617 614/614/614
f 615/615/615 619/619/619 618/618/618
f 618/618/618 620/620/620 617/617/617
f 618/618/618 619/619/619 621/621/621
f 620/620/620 618/618/618 621/621/621
f 616/616/616 622/622/622 612/612/612
f 616/616/616 623/623/623 622/622/622
f 624/624/624 622/622/622 623/623/623
f 625/625/625 612/612/612 622/622/622
f 625/625/625 622/622/622 624/624/624
f 626/626/626 612/612/612 625/625/625
f 627/627/627 625/625/625 624/624/624
f 627/627/627 626/626/626 625/625/625
f 624/624/624 628/628/628 627/627/627
f 628/628/628 629/629/629 627/627/627
f 627/627/627 629/629/629 626/626/626
f 612/612/612 626/626/626 613/613/613
f 613/613/613 626/626/626 630/630/630
f 626/626/626 631/631/631 630/630/630
f 631/631/631 632/632/632 630/630/630
f 633/633/633 630/630/630 632/632/632
f 613/613/613 630/630/630 633/633/633
f 634/634/634 613/613/613 633/633/633
f 610/610/610 613/613/613 634/634/634
f 634/634/634 633/633/633 635/635/635
f 635/635/635 633/633/633 636/636/636
f 636/636/636 637/637/637 635/635/635
f 634/634/634 635/635/635 637/637/637
f 634/634/634 637/637/637 638/638/638
f 638/638/638 637/637/637 639/639/639
f 639/639/639 640/640/640 638/638/638
f 641/641/641 638/638/638 640/640/640
f 634/634/634 638/638/638 642/642/642
f 638/638/638 641/641/641 642/642/642
f 634/634/634 642/642/642 643/643/643
f 642/642/642 641/641/641 643/643/643
f 634/634/634 643/643/643 610/610/610
f 610/610/610 643/643/643 644/644/644
f 610/610/610 644/644/644 609/609/609
f 645/645/645 643/643/643 641/641/641
f 641/641/641 646/646/646 645/645/645
f 647/647/647 645/645/645 646/646/646
f 648/648/648 645/645/645 647/647/647
f 649/649/649 643/643/643 645/645/645
f 645/645/645 648/648/648 649/649/649
f 644/644/644 643/643/643 649/649/649
f 649/649/649 648/648/648 650/650/650
f 648/648/648 651/651/651 650/650/650
f 652/652/652 650/650/650 651/651/651
f 652/652/652 649/649/649 650/650/650
f 652/652/652 653/653/653 649/649/649
f 653/653/653 652/652/652 654/654/654
f 654/654/654 655/655/655 653/653/653
f 653/653/653 656/656/656 649/649/649
f 653/653/653 655/655/655 656/656/656
f 644/644/644 649/649/649 657/657/657
f 658/658/658 649/649/649 656/656/656
f 657/657/657 649/649/649 658/658/658
f 644/644/644 657/657/657 659/659/659
f 644/644/644 659/659/659 660/660/660
f 644/644/644 660/660/660 609/609/609
f 609/609/609 660/660/660 599/599/599
f 660/660/660 659/659/659 661/661/661
f 660/660/660 662/662/662 599/599/599
f 660/660/660 661/661/661 662/662/662
f 599/599/599 662/662/662 596/596/596
f 598/598/598 596/596/596 662/662/662
f 663/663/663 659/659/659 657/657/657
f 661/661/661 659/659/659 663/663/663
f 598/598/598 662/662/662 664/664/664
f 661/661/661 664/664/664 662/662/662
f 663/663/663 657/657/657 665/665/665
f 658/658/658 665/665/665 657/657/657
f 661/661/661 663/663/663 666/666/666
f 661/661/661 667/667/667 664/664/664
f 666/666/666 667/667/667 661/661/661
f 664/664/664 668/668/668 598/598/598
f 667/667/667 669/669/669 664/664/664
f 664/664/664 669/669/669 668/668/668
f 670/670/670 598/598/598 668/668/668
f 670/670/670 590/590/590 598/598/598
f 590/590/590 670/670/670 591/591/591
f 669/669/669 671/671/671 668/668/668
f 672/672/672 670/670/670 668/668/668
f 672/672/672 668/668/668 671/671/671
f 670/670/670 673/673/673 591/591/591
f 670/670/670 672/672/672 673/673/673
f 673/673/673 672/672/672 674/674/674
f 675/675/675 674/674/674 672/672/672
f 671/671/671 675/675/675 672/672/672
f 674/674/674 676/676/676 673/673/673
f 675/675/675 676/676/676 674/674/674
f 677/677/677 591/591/591 673/673/673
f 677/677/677 673/673/673 676/676/676
f 591/591/591 677/677/677 678/678/678
f 591/591/591 678/678/678 583/583/583
f 584/584/584 583/583/583 678/678/678
f 677/677/677 679/679/679 678/678/678
f 584/584/584 678/678/678 679/679/679
f 680/680/680 677/677/677 676/676/676
f 675/675/675 680/680/680 676/676/676
f 677/677/677 680/680/680 679/679/679
f 584/584/584 679/679/679 681/681/681
f 682/682/682 679/679/679 680/680/680
f 682/682/682 681/681/681 679/679/679
f 675/675/675 683/683/683 680/680/680
f 683/683/683 682/682/682 680/680/680
f 684/684/684 683/683/683 675/675/675
f 671/671/671 684/684/684 675/675/675
f 683/683/683 685/685/685 682/682/682
f 684/684/684 686/686/686 683/683/683
f 686/686/686 685/685/685 683/683/683
f 687/687/687 686/686/686 684/684/684
f 688/688/688 682/682/682 685/685/685
f 681/681/681 682/682/682 688/688/688
f 686/686/686 689/689/689 685/685/685
f 687/687/687 689/689/689 686/686/686
f 688/688/688 685/685/685 690/690/690
f 690/690/690 685/685/685 689/689/689
f 681/681/681 688/688/688 691/691/691
f 690/690/690 692/692/692 688/688/688
f 691/691/691 688/688/688 692/692/692
f 690/690/690 693/693/693 692/692/692
f 690/690/690 689/689/689 694/694/694
f 694/694/694 693/693/693 690/690/690
f 695/695/695 694/694/694 689/689/689
f 687/687/687 695/695/695 689/689/689
f 687/687/687 684/684/684 696/696/696
f 684/684/684 697/697/697 696/696/696
f 697/697/697 684/684/684 671/671/671
f 687/687/687 696/696/696 698/698/698
f 697/697/697 698/698/698 696/696/696
f 699/699/699 697/697/697 671/671/671
f 698/698/698 697/697/697 699/699/699
f 669/669/669 699/699/699 671/671/671
f 700/700/700 699/699/699 669/669/669
f 700/700/700 698/698/698 699/699/699
f 667/667/667 700/700/700 669/669/669
f 687/687/687 698/698/698 701/701/701
f 701/701/701 698/698/698 700/700/700
f 701/701/701 700/700/700 667/667/667
f 695/695/695 687/687/687 701/701/701
f 666/666/666 701/701/701 667/667/667
f 695/695/695 701/701/701 666/666/666
f 695/695/695 666/666/666 702/702/702
f 663/663/663 702/702/702 666/666/666
f 695/695/695 702/702/702 703/703/703
f 695/695/695 703/703/703 694/694/694
f 663/663/663 704/704/704 702/702/702
f 665/665/665 704/704/704 663/663/663
f 705/705/705 703/703/703 702/702/702
f 705/705/705 702/702/702 704/704/704
f 703/703/703 706/706/706 694/694/694
f 703/703/703 705/705/705 706/706/706
f 694/694/694 706/706/706 693/693/693
f 665/665/665 707/707/707 704/704/704
f 707/707/707 705/705/705 704/704/704
f 708/708/708 707/707/707 665/665/665
f 709/709/709 706/706/706 705/705/705
f 707/707/707 710/710/710 705/705/705
f 709/709/709 705/705/705 710/710/710
f 707/707/707 711/711/711 710/710/710
f 707/707/707 708/708/708 711/711/711
f 710/710/710 712/712/712 709/709/709
f 706/706/706 709/709/709 713/713/713
f 706/706/706 713/713/713 693/693/693
f 709/709/709 714/714/714 713/713/713
f 693/693/693 713/713/713 715/715/715
f 693/693/693 715/715/715 716/716/716
f 693/693/693 716/716/716 692/692/692
f 717/717/717 715/715/715 713/713/713
f 717/717/717 713/713/713 714/714/714
f 718/718/718 715/715/715 717/717/717
f 718/718/718 716/716/716 715/715/715
f 80/80/80 692/692/692 716/716/716
f 691/691/691 692/692/692 80/80/80
f 82/82/82 691/691/691 80/80/80
f 80/80/80 716/716/716 719/719/719
f 719/719/719 81/81/81 80/80/80
f 720/720/720 691/691/691 82/82/82
f 720/720/720 681/681/681 691/691/691
f 82/82/82 84/84/84 720/720/720
f 681/681/681 720/720/720 721/721/721
f 681/681/681 721/721/721 584/584/584
f 574/574/574 584/584/584 721/721/721
f 720/720/720 84/84/84 722/722/722
f 720/720/720 722/722/722 721/721/721
f 86/86/86 722/722/722 84/84/84
f 723/723/723 574/574/574 721/721/721
f 723/723/723 721/721/721 722/722/722
f 574/574/574 723/723/723 567/567/567
f 567/567/567 723/723/723 562/562/562
f 724/724/724 723/723/723 722/722/722
f 86/86/86 724/724/724 722/722/722
f 724/724/724 562/562/562 723/723/723
f 90/90/90 724/724/724 86/86/86
f 562/562/562 724/724/724 725/725/725
f 90/90/90 725/725/725 724/724/724
f 562/562/562 725/725/725 726/726/726
f 562/562/562 726/726/726 552/552/552
f 726/726/726 546/546/546 552/552/552
f 726/726/726 548/548/548 546/546/546
f 725/725/725 548/548/548 726/726/726
f 725/725/725 727/727/727 548/548/548
f 728/728/728 725/725/725 90/90/90
f 728/728/728 727/727/727 725/725/725
f 729/729/729 728/728/728 90/90/90
f 91/91/91 729/729/729 90/90/90
f 730/730/730 727/727/727 728/728/728
f 731/731/731 548/548/548 727/727/727
f 731/731/731 727/727/727 730/730/730
f 731/731/731 547/547/547 548/548/548
f 732/732/732 729/729/729 91/91/91
f 732/732/732 91/91/91 92/92/92
f 191/191/191 732/732/732 92/92/92
f 733/733/733 732/732/732 191/191/191
f 191/191/191 194/194/194 733/733/733
f 734/734/734 729/729/729 732/732/732
f 733/733/733 734/734/734 732/732/732
f 729/729/729 735/735/735 728/728/728
f 734/734/734 735/735/735 729/729/729
f 730/730/730 728/728/728 735/735/735
f 734/734/734 733/733/733 736/736/736
f 736/736/736 733/733/733 194/194/194
f 735/735/735 734/734/734 737/737/737
f 734/734/734 736/736/736 737/737/737
f 738/738/738 730/730/730 735/735/735
f 735/735/735 737/737/737 738/738/738
f 739/739/739 730/730/730 738/738/738
f 739/739/739 731/731/731 730/730/730
f 738/738/738 737/737/737 740/740/740
f 738/738/738 740/740/740 739/739/739
f 737/737/737 741/741/741 740/740/740
f 739/739/739 740/740/740 741/741/741
f 737/737/737 736/736/736 742/742/742
f 737/737/737 742/742/742 741/741/741
f 739/739/739 743/743/743 731/731/731
f 739/739/739 741/741/741 743/743/743
f 731/731/731 743/743/743 547/547/547
f 276/276/276 547/547/547 743/743/743
f 744/744/744 743/743/743 741/741/741
f 276/276/276 743/743/743 744/744/744
f 744/744/744 741/741/741 742/742/742
f 275/275/275 276/276/276 744/744/744
f 275/275/275 744/744/744 745/745/745
f 742/742/742 745/745/745 744/744/744
f 745/745/745 199/199/199 275/275/275
f 745/745/745 746/746/746 199/199/199
f 746/746/746 198/198/198 199/199/199
f 742/742/742 747/747/747 745/745/745
f 747/747/747 746/746/746 745/745/745
f 748/748/748 747/747/747 742/742/742
f 736/736/736 748/748/748 742/742/742
f 747/747/747 749/749/749 746/746/746
f 746/746/746 749/749/749 198/198/198
f 747/747/747 748/748/748 749/749/749
f 749/749/749 194/194/194 198/198/198
f 750/750/750 748/748/748 736/736/736
f 750/750/750 749/749/749 748/748/748
f 736/736/736 194/194/194 750/750/750
f 749/749/749 750/750/750 194/194/194
f 751/751/751 6/6/6 752/752/752
f 751/751/751 4/4/4 6/6/6
f 752/752/752 6/6/6 32/32/32
f 4/4/4 751/751/751 753/753/753
f 4/4/4 753/753/753 754/754/754
f 753/753/753 755/755/755 754/754/754
f 753/753/753 756/756/756 755/755/755
f 757/757/757 753/753/753 751/751/751
f 757/757/757 756/756/756 753/753/753
f 751/751/751 752/752/752 757/757/757
f 757/757/757 758/758/758 756/756/756
f 758/758/758 759/759/759 756/756/756
f 758/758/758 760/760/760 759/759/759
f 760/760/760 758/758/758 757/757/757
f 760/760/760 757/757/757 761/761/761
f 760/760/760 761/761/761 762/762/762
f 762/762/762 761/761/761 763/763/763
f 761/761/761 764/764/764 763/763/763
f 761/761/761 757/757/757 764/764/764
f 765/765/765 764/764/764 757/757/757
f 764/764/764 765/765/765 766/766/766
f 764/764/764 766/766/766 767/767/767
f 765/765/765 757/757/757 768/768/768
f 768/768/768 757/757/757 752/752/752
f 769/769/769 767/767/767 766/766/766
f 768/768/768 718/718/718 765/765/765
f 765/765/765 718/718/718 717/717/717
f 768/768/768 770/770/770 718/718/718
f 770/770/770 716/716/716 718/718/718
f 770/770/770 719/719/719 716/716/716
f 771/771/771 770/770/770 768/768/768
f 768/768/768 752/752/752 771/771/771
f 772/772/772 719/719/719 770/770/770
f 771/771/771 772/772/772 770/770/770
f 772/772/772 81/81/81 719/719/719
f 81/81/81 772/772/772 33/33/33
f 773/773/773 772/772/772 771/771/771
f 773/773/773 771/771/771 752/752/752
f 772/772/772 773/773/773 33/33/33
f 752/752/752 32/32/32 773/773/773
f 33/33/33 773/773/773 32/32/32
f 765/765/765 717/717/717 774/774/774
f 774/774/774 717/717/717 714/714/714
f 775/775/775 765/765/765 774/774/774
f 766/766/766 765/765/765 775/775/775
f 774/774/774 714/714/714 776/776/776
f 775/775/775 769/769/769 766/766/766
f 777/777/777 774/774/774 776/776/776
f 777/777/777 775/775/775 774/774/774
f 776/776/776 714/714/714 778/778/778
f 776/776/776 778/778/778 777/777/777
f 709/709/709 778/778/778 714/714/714
f 709/709/709 712/712/712 778/778/778
f 778/778/778 779/779/779 777/777/777
f 778/778/778 712/712/712 779/779/779
f 777/777/777 779/779/779 780/780/780
f 779/779/779 712/712/712 781/781/781
f 781/781/781 780/780/780 779/779/779
f 777/777/777 780/780/780 782/782/782
f 783/783/783 775/775/775 777/777/777
f 783/783/783 777/777/777 782/782/782
f 775/775/775 784/784/784 769/769/769
f 784/784/784 775/775/775 785/785/785
f 784/784/784 786/786/786 769/769/769
f 784/784/784 785/785/785 786/786/786
f 786/786/786 785/785/785 787/787/787
f 788/788/788 786/786/786 787/787/787
f 769/769/769 786/786/786 788/788/788
f 785/785/785 775/775/775 789/789/789
f 775/775/775 783/783/783 789/789/789
f 789/789/789 790/790/790 785/785/785
f 789/789/789 791/791/791 790/790/790
f 789/789/789 783/783/783 791/791/791
f 769/769/769 788/788/788 792/792/792
f 769/769/769 792/792/792 767/767/767
f 788/788/788 793/793/793 792/792/792
f 767/767/767 792/792/792 794/794/794
f 793/793/793 794/794/794 792/792/792
f 791/791/791 783/783/783 795/795/795
f 791/791/791 795/795/795 796/796/796
f 797/797/797 796/796/796 795/795/795
f 783/783/783 797/797/797 795/795/795
f 782/782/782 797/797/797 783/783/783
f 782/782/782 798/798/798 797/797/797
f 797/797/797 798/798/798 799/799/799
f 798/798/798 800/800/800 799/799/799
f 782/782/782 800/800/800 798/798/798
f 782/782/782 801/801/801 800/800/800
f 801/801/801 802/802/802 800/800/800
f 803/803/803 802/802/802 801/801/801
f 782/782/782 780/780/780 801/801/801
f 804/804/804 803/803/803 801/801/801
f 804/804/804 801/801/801 780/780/780
f 781/781/781 804/804/804 780/780/780
f 804/804/804 781/781/781 805/805/805
f 806/806/806 805/805/805 781/781/781
f 807/807/807 805/805/805 806/806/806
f 807/807/807 808/808/808 805/805/805
f 807/807/807 809/809/809 808/808/808
f 807/807/807 810/810/810 809/809/809
f 811/811/811 809/809/809 810/810/810
f 811/811/811 812/812/812 809/809/809
f 813/813/813 810/810/810 807/807/807
f 813/813/813 811/811/811 810/810/810
f 814/814/814 807/807/807 806/806/806
f 813/813/813 807/807/807 814/814/814
f 815/815/815 812/812/812 811/811/811
f 815/815/815 816/816/816 812/812/812
f 813/813/813 817/817/817 811/811/811
f 815/815/815 811/811/811 817/817/817
f 816/816/816 815/815/815 818/818/818
f 816/816/816 818/818/818 819/819/819
f 815/815/815 817/817/817 820/820/820
f 818/818/818 815/815/815 820/820/820
f 813/813/813 821/821/821 817/817/817
f 820/820/820 817/817/817 821/821/821
f 813/813/813 822/822/822 821/821/821
f 822/822/822 813/813/813 814/814/814
f 820/820/820 821/821/821 823/823/823
f 822/822/822 824/824/824 821/821/821
f 823/823/823 821/821/821 824/824/824
f 822/822/822 814/814/814 825/825/825
f 825/825/825 814/814/814 826/826/826
f 825/825/825 827/827/827 822/822/822
f 822/822/822 827/827/827 824/824/824
f 814/814/814 806/806/806 826/826/826
f 825/825/825 828/828/828 827/827/827
f 825/825/825 826/826/826 828/828/828
f 829/829/829 824/824/824 827/827/827
f 828/828/828 829/829/829 827/827/827
f 826/826/826 830/830/830 828/828/828
f 828/828/828 830/830/830 829/829/829
f 831/831/831 826/826/826 806/806/806
f 806/806/806 781/781/781 831/831/831
f 826/826/826 832/832/832 830/830/830
f 831/831/831 832/832/832 826/826/826
f 833/833/833 831/831/831 781/781/781
f 832/832/832 831/831/831 833/833/833
f 833/833/833 781/781/781 712/712/712
f 834/834/834 833/833/833 712/712/712
f 834/834/834 832/832/832 833/833/833
f 710/710/710 834/834/834 712/712/712
f 711/711/711 834/834/834 710/710/710
f 834/834/834 835/835/835 832/832/832
f 711/711/711 835/835/835 834/834/834
f 832/832/832 835/835/835 836/836/836
f 711/711/711 836/836/836 835/835/835
f 832/832/832 836/836/836 830/830/830
f 829/829/829 830/830/830 836/836/836
f 711/711/711 837/837/837 836/836/836
f 829/829/829 836/836/836 837/837/837
f 708/708/708 837/837/837 711/711/711
f 838/838/838 829/829/829 837/837/837
f 829/829/829 838/838/838 824/824/824
f 708/708/708 839/839/839 837/837/837
f 838/838/838 837/837/837 839/839/839
f 823/823/823 824/824/824 838/838/838
f 840/840/840 838/838/838 839/839/839
f 840/840/840 823/823/823 838/838/838
f 841/841/841 839/839/839 708/708/708
f 840/840/840 839/839/839 841/841/841
f 841/841/841 708/708/708 842/842/842
f 708/708/708 665/665/665 842/842/842
f 658/658/658 842/842/842 665/665/665
f 841/841/841 843/843/843 840/840/840
f 840/840/840 843/843/843 823/823/823
f 842/842/842 844/844/844 841/841/841
f 841/841/841 844/844/844 843/843/843
f 658/658/658 845/845/845 842/842/842
f 842/842/842 845/845/845 844/844/844
f 658/658/658 846/846/846 845/845/845
f 846/846/846 658/658/658 656/656/656
f 844/844/844 845/845/845 847/847/847
f 846/846/846 847/847/847 845/845/845
f 844/844/844 847/847/847 848/848/848
f 848/848/848 843/843/843 844/844/844
f 846/846/846 849/849/849 847/847/847
f 849/849/849 848/848/848 847/847/847
f 846/846/846 656/656/656 849/849/849
f 848/848/848 850/850/850 843/843/843
f 850/850/850 823/823/823 843/843/843
f 850/850/850 820/820/820 823/823/823
f 818/818/818 820/820/820 850/850/850
f 849/849/849 851/851/851 848/848/848
f 850/850/850 848/848/848 851/851/851
f 850/850/850 851/851/851 818/818/818
f 656/656/656 851/851/851 849/849/849
f 818/818/818 851/851/851 852/852/852
f 656/656/656 852/852/852 851/851/851
f 818/818/818 852/852/852 819/819/819
f 852/852/852 853/853/853 819/819/819
f 854/854/854 852/852/852 656/656/656
f 854/854/854 853/853/853 852/852/852
f 656/656/656 655/655/655 854/854/854
f 853/853/853 854/854/854 855/855/855
f 855/855/855 854/854/854 655/655/655
f 856/856/856 857/857/857 858/858/858
f 511/511/511 502/502/502 859/859/859
f 587/587/587 859/859/859 502/502/502
f 518/518/518 511/511/511 859/859/859
f 587/587/587 860/860/860 859/859/859
f 587/587/587 579/579/579 860/860/860
f 518/518/518 859/859/859 861/861/861
f 860/860/860 861/861/861 859/859/859
f 518/518/518 861/861/861 862/862/862
f 518/518/518 862/862/862 533/533/533
f 862/862/862 535/535/535 533/533/533
f 863/863/863 862/862/862 861/861/861
f 860/860/860 863/863/863 861/861/861
f 862/862/862 864/864/864 535/535/535
f 863/863/863 864/864/864 862/862/862
f 563/563/563 535/535/535 864/864/864
f 865/865/865 864/864/864 863/863/863
f 563/563/563 864/864/864 865/865/865
f 860/860/860 866/866/866 863/863/863
f 865/865/865 863/863/863 866/866/866
f 866/866/866 563/563/563 865/865/865
f 860/860/860 579/579/579 866/866/866
f 866/866/866 569/569/569 563/563/563
f 579/579/579 569/569/569 866/866/866
f 867/867/867 868/868/868 869/869/869
f 867/867/867 869/869/869 870/870/870
f 871/871/871 869/869/869 868/868/868
f 869/869/869 872/872/872 870/870/870
f 871/871/871 873/873/873 869/869/869
f 869/869/869 873/873/873 872/872/872
f 874/874/874 871/871/871 868/868/868
f 868/868/868 875/875/875 874/874/874
f 875/875/875 876/876/876 874/874/874
f 874/874/874 877/877/877 871/871/871
f 878/878/878 873/873/873 871/871/871
f 871/871/871 877/877/877 878/878/878
f 878/878/878 872/872/872 873/873/873
f 874/874/874 879/879/879 877/877/877
f 874/874/874 876/876/876 879/879/879
f 878/878/878 877/877/877 879/879/879
f 880/880/880 879/879/879 876/876/876
f 876/876/876 881/881/881 880/880/880
f 880/880/880 881/881/881 882/882/882
f 880/880/880 883/883/883 879/879/879
f 882/882/882 883/883/883 880/880/880
f 878/878/878 879/879/879 883/883/883
f 883/883/883 882/882/882 884/884/884
f 884/884/884 882/882/882 885/885/885
f 886/886/886 884/884/884 885/885/885
f 884/884/884 886/886/886 887/887/887
f 883/883/883 884/884/884 888/888/888
f 884/884/884 887/887/887 888/888/888
f 878/878/878 883/883/883 889/889/889
f 889/889/889 883/883/883 888/888/888
f 887/887/887 890/890/890 888/888/888
f 889/889/889 888/888/888 890/890/890
f 890/890/890 887/887/887 891/891/891
f 887/887/887 892/892/892 891/891/891
f 892/892/892 893/893/893 891/891/891
f 891/891/891 893/893/893 894/894/894
f 890/890/890 891/891/891 895/895/895
f 891/891/891 894/894/894 895/895/895
f 896/896/896 889/889/889 890/890/890
f 896/896/896 890/890/890 895/895/895
f 889/889/889 897/897/897 878/878/878
f 889/889/889 896/896/896 897/897/897
f 878/878/878 897/897/897 898/898/898
f 878/878/878 898/898/898 872/872/872
f 899/899/899 897/897/897 896/896/896
f 899/899/899 898/898/898 897/897/897
f 896/896/896 895/895/895 900/900/900
f 900/900/900 895/895/895 894/894/894
f 896/896/896 900/900/900 901/901/901
f 899/899/899 896/896/896 901/901/901
f 900/900/900 894/894/894 902/902/902
f 894/894/894 903/903/903 902/902/902
f 901/901/901 900/900/900 904/904/904
f 900/900/900 902/902/902 904/904/904
f 901/901/901 904/904/904 905/905/905
f 903/903/903 906/906/906 902/902/902
f 903/903/903 907/907/907 906/906/906
f 906/906/906 907/907/907 908/908/908
f 906/906/906 908/908/908 909/909/909
f 906/906/906 909/909/909 902/902/902
f 908/908/908 910/910/910 909/909/909
f 911/911/911 909/909/909 910/910/910
f 911/911/911 902/902/902 909/909/909
f 911/911/911 912/912/912 902/902/902
f 912/912/912 911/911/911 913/913/913
f 911/911/911 914/914/914 913/913/913
f 915/915/915 913/913/913 914/914/914
f 913/913/913 915/915/915 916/916/916
f 913/913/913 916/916/916 912/912/912
f 916/916/916 902/902/902 912/912/912
f 916/916/916 917/917/917 902/902/902
f 917/917/917 916/916/916 918/918/918
f 917/917/917 918/918/918 919/919/919
f 902/902/902 917/917/917 919/919/919
f 919/919/919 920/920/920 902/902/902
f 921/921/921 920/920/920 919/919/919
f 921/921/921 919/919/919 922/922/922
f 921/921/921 922/922/922 923/923/923
f 920/920/920 921/921/921 924/924/924
f 921/921/921 923/923/923 925/925/925
f 925/925/925 924/924/924 921/921/921
f 923/923/923 926/926/926 925/925/925
f 923/923/923 927/927/927 926/926/926
f 927/927/927 928/928/928 926/926/926
f 928/928/928 929/929/929 926/926/926
f 930/930/930 926/926/926 929/929/929
f 930/930/930 925/925/925 926/926/926
f 925/925/925 930/930/930 924/924/924
f 931/931/931 924/924/924 930/930/930
f 930/930/930 932/932/932 931/931/931
f 933/933/933 931/931/931 932/932/932
f 934/934/934 924/924/924 931/931/931
f 934/934/934 931/931/931 933/933/933
f 920/920/920 924/924/924 935/935/935
f 935/935/935 924/924/924 934/934/934
f 920/920/920 935/935/935 936/936/936
f 902/902/902 920/920/920 936/936/936
f 902/902/902 936/936/936 904/904/904
f 936/936/936 905/905/905 904/904/904
f 935/935/935 937/937/937 936/936/936
f 936/936/936 937/937/937 905/905/905
f 935/935/935 938/938/938 937/937/937
f 939/939/939 905/905/905 937/937/937
f 938/938/938 939/939/939 937/937/937
f 905/905/905 939/939/939 940/940/940
f 905/905/905 940/940/940 901/901/901
f 939/939/939 941/941/941 940/940/940
f 901/901/901 940/940/940 942/942/942
f 939/939/939 943/943/943 941/941/941
f 938/938/938 943/943/943 939/939/939
f 940/940/940 941/941/941 944/944/944
f 940/940/940 944/944/944 942/942/942
f 901/901/901 942/942/942 899/899/899
f 945/945/945 944/944/944 941/941/941
f 943/943/943 945/945/945 941/941/941
f 942/942/942 944/944/944 946/946/946
f 947/947/947 899/899/899 942/942/942
f 942/942/942 946/946/946 947/947/947
f 945/945/945 948/948/948 944/944/944
f 948/948/948 946/946/946 944/944/944
f 943/943/943 949/949/949 945/945/945
f 948/948/948 945/945/945 950/950/950
f 949/949/949 950/950/950 945/945/945
f 951/951/951 949/949/949 943/943/943
f 938/938/938 951/951/951 943/943/943
f 949/949/949 952/952/952 950/950/950
f 951/951/951 938/938/938 953/953/953
f 951/951/951 954/954/954 949/949/949
f 952/952/952 949/949/949 954/954/954
f 955/955/955 954/954/954 951/951/951
f 951/951/951 953/953/953 955/955/955
f 952/952/952 954/954/954 956/956/956
f 955/955/955 957/957/957 954/954/954
f 957/957/957 956/956/956 954/954/954
f 955/955/955 958/958/958 957/957/957
f 953/953/953 959/959/959 955/955/955
f 955/955/955 959/959/959 958/958/958
f 960/960/960 953/953/953 938/938/938
f 960/960/960 938/938/938 935/935/935
f 935/935/935 934/934/934 960/960/960
f 961/961/961 953/953/953 960/960/960
f 953/953/953 962/962/962 959/959/959
f 961/961/961 962/962/962 953/953/953
f 960/960/960 934/934/934 963/963/963
f 963/963/963 961/961/961 960/960/960
f 934/934/934 964/964/964 963/963/963
f 962/962/962 961/961/961 965/965/965
f 934/934/934 966/966/966 964/964/964
f 933/933/933 966/966/966 934/934/934
f 933/933/933 967/967/967 966/966/966
f 964/964/964 966/966/966 967/967/967
f 933/933/933 968/968/968 967/967/967
f 967/967/967 968/968/968 969/969/969
f 967/967/967 969/969/969 970/970/970
f 964/964/964 967/967/967 970/970/970
f 963/963/963 971/971/971 961/961/961
f 972/972/972 963/963/963 964/964/964
f 963/963/963 972/972/972 971/971/971
f 964/964/964 970/970/970 973/973/973
f 964/964/964 973/973/973 972/972/972
f 974/974/974 973/973/973 970/970/970
f 974/974/974 970/970/970 975/975/975
f 976/976/976 974/974/974 975/975/975
f 977/977/977 974/974/974 976/976/976
f 974/974/974 977/977/977 978/978/978
f 974/974/974 978/978/978 973/973/973
f 979/979/979 973/973/973 978/978/978
f 979/979/979 972/972/972 973/973/973
f 979/979/979 971/971/971 972/972/972
f 971/971/971 979/979/979 980/980/980
f 979/979/979 981/981/981 980/980/980
f 979/979/979 982/982/982 981/981/981
f 971/971/971 980/980/980 983/983/983
f 983/983/983 980/980/980 981/981/981
f 982/982/982 984/984/984 981/981/981
f 982/982/982 985/985/985 984/984/984
f 985/985/985 986/986/986 984/984/984
f 986/986/986 987/987/987 984/984/984
f 988/988/988 984/984/984 987/987/987
f 988/988/988 981/981/981 984/984/984
f 983/983/983 981/981/981 988/988/988
f 983/983/983 988/988/988 989/989/989
f 988/988/988 990/990/990 989/989/989
f 988/988/988 991/991/991 990/990/990
f 990/990/990 991/991/991 992/992/992
f 990/990/990 992/992/992 993/993/993
f 990/990/990 994/994/994 989/989/989
f 983/983/983 989/989/989 994/994/994
f 990/990/990 993/993/993 994/994/994
f 993/993/993 995/995/995 994/994/994
f 993/993/993 996/996/996 995/995/995
f 993/993/993 997/997/997 996/996/996
f 997/997/997 998/998/998 996/996/996
f 996/996/996 998/998/998 999/999/999
f 996/996/996 999/999/999 995/995/995
f 994/994/994 995/995/995 999/999/999
f 1000/1000/1000 994/994/994 999/999/999
f 994/994/994 1000/1000/1000 1001/1001/1001
f 983/983/983 994/994/994 1002/1002/1002
f 1002/1002/1002 994/994/994 1001/1001/1001
f 1003/1003/1003 983/983/983 1002/1002/1002
f 971/971/971 983/983/983 1003/1003/1003
f 1003/1003/1003 961/961/961 971/971/971
f 1003/1003/1003 965/965/965 961/961/961
f 1003/1003/1003 1002/1002/1002 1004/1004/1004
f 1003/1003/1003 1004/1004/1004 965/965/965
f 1004/1004/1004 1002/1002/1002 1005/1005/1005
f 1001/1001/1001 1005/1005/1005 1002/1002/1002
f 1006/1006/1006 965/965/965 1004/1004/1004
f 1004/1004/1004 1005/1005/1005 1006/1006/1006
f 1006/1006/1006 1007/1007/1007 965/965/965
f 1008/1008/1008 1006/1006/1006 1005/1005/1005
f 1007/1007/1007 1006/1006/1006 1008/1008/1008
f 1009/1009/1009 965/965/965 1007/1007/1007
f 962/962/962 965/965/965 1009/1009/1009
f 1007/1007/1007 1008/1008/1008 1010/1010/1010
f 1010/1010/1010 1009/1009/1009 1007/1007/1007
f 1008/1008/1008 1005/1005/1005 1011/1011/1011
f 1012/1012/1012 1005/1005/1005 1001/1001/1001
f 1012/1012/1012 1011/1011/1011 1005/1005/1005
f 1001/1001/1001 1013/1013/1013 1012/1012/1012
f 1001/1001/1001 1014/1014/1014 1013/1013/1013
f 1012/1012/1012 1013/1013/1013 1015/1015/1015
f 1012/1012/1012 1015/1015/1015 1011/1011/1011
f 1016/1016/1016 1013/1013/1013 1014/1014/1014
f 1015/1015/1015 1013/1013/1013 1016/1016/1016
f 1016/1016/1016 1014/1014/1014 1017/1017/1017
f 1016/1016/1016 1017/1017/1017 1018/1018/1018
f 1018/1018/1018 1019/1019/1019 1016/1016/1016
f 1015/1015/1015 1016/1016/1016 1019/1019/1019
f 1020/1020/1020 1019/1019/1019 1018/1018/1018
f 1021/1021/1021 1015/1015/1015 1019/1019/1019
f 1020/1020/1020 1021/1021/1021 1019/1019/1019
f 1011/1011/1011 1015/1015/1015 1021/1021/1021
f 1021/1021/1021 1020/1020/1020 1022/1022/1022
f 1011/1011/1011 1021/1021/1021 1023/1023/1023
f 1021/1021/1021 1022/1022/1022 1023/1023/1023
f 1011/1011/1011 1023/1023/1023 1024/1024/1024
f 1008/1008/1008 1011/1011/1011 1024/1024/1024
f 1025/1025/1025 1023/1023/1023 1022/1022/1022
f 1024/1024/1024 1023/1023/1023 1025/1025/1025
f 1020/1020/1020 1026/1026/1026 1022/1022/1022
f 1020/1020/1020 1027/1027/1027 1026/1026/1026
f 1028/1028/1028 1022/1022/1022 1026/1026/1026
f 1025/1025/1025 1022/1022/1022 1028/1028/1028
f 1027/1027/1027 1029/1029/1029 1026/1026/1026
f 1027/1027/1027 1030/1030/1030 1029/1029/1029
f 1028/1028/1028 1026/1026/1026 1031/1031/1031
f 1029/1029/1029 1031/1031/1031 1026/1026/1026
f 1031/1031/1031 1032/1032/1032 1028/1028/1028
f 1025/1025/1025 1028/1028/1028 1032/1032/1032
f 1029/1029/1029 1033/1033/1033 1031/1031/1031
f 1030/1030/1030 1034/1034/1034 1029/1029/1029
f 1034/1034/1034 1033/1033/1033 1029/1029/1029
f 1031/1031/1031 1035/1035/1035 1032/1032/1032
f 1033/1033/1033 1035/1035/1035 1031/1031/1031
f 1025/1025/1025 1032/1032/1032 1036/1036/1036
f 1036/1036/1036 1032/1032/1032 1035/1035/1035
f 1030/1030/1030 1037/1037/1037 1034/1034/1034
f 1025/1025/1025 1036/1036/1036 1038/1038/1038
f 1036/1036/1036 1035/1035/1035 1039/1039/1039
f 1039/1039/1039 1038/1038/1038 1036/1036/1036
f 1025/1025/1025 1038/1038/1038 1040/1040/1040
f 1024/1024/1024 1025/1025/1025 1040/1040/1040
f 1041/1041/1041 1038/1038/1038 1039/1039/1039
f 1042/1042/1042 1024/1024/1024 1040/1040/1040
f 1042/1042/1042 1008/1008/1008 1024/1024/1024
f 1010/1010/1010 1008/1008/1008 1042/1042/1042
f 1043/1043/1043 1040/1040/1040 1038/1038/1038
f 1043/1043/1043 1042/1042/1042 1040/1040/1040
f 1041/1041/1041 1043/1043/1043 1038/1038/1038
f 1010/1010/1010 1042/1042/1042 1044/1044/1044
f 1044/1044/1044 1042/1042/1042 1043/1043/1043
f 1041/1041/1041 1044/1044/1044 1043/1043/1043
f 1009/1009/1009 1010/1010/1010 1044/1044/1044
f 1041/1041/1041 1039/1039/1039 1045/1045/1045
f 1035/1035/1035 1045/1045/1045 1039/1039/1039
f 1041/1041/1041 1046/1046/1046 1044/1044/1044
f 1046/1046/1046 1041/1041/1041 1047/1047/1047
f 1041/1041/1041 1045/1045/1045 1047/1047/1047
f 1044/1044/1044 1046/1046/1046 1048/1048/1048
f 1009/1009/1009 1044/1044/1044 1049/1049/1049
f 1044/1044/1044 1048/1048/1048 1049/1049/1049
f 1046/1046/1046 1047/1047/1047 1050/1050/1050
f 1048/1048/1048 1046/1046/1046 1050/1050/1050
f 1051/1051/1051 1050/1050/1050 1047/1047/1047
f 1045/1045/1045 1051/1051/1051 1047/1047/1047
f 1052/1052/1052 1009/1009/1009 1049/1049/1049
f 1052/1052/1052 962/962/962 1009/1009/1009
f 962/962/962 1052/1052/1052 959/959/959
f 1052/1052/1052 1049/1049/1049 1053/1053/1053
f 959/959/959 1052/1052/1052 1054/1054/1054
f 1052/1052/1052 1053/1053/1053 1054/1054/1054
f 959/959/959 1054/1054/1054 958/958/958
f 1055/1055/1055 1053/1053/1053 1049/1049/1049
f 1055/1055/1055 1049/1049/1049 1048/1048/1048
f 1054/1054/1054 1053/1053/1053 1056/1056/1056
f 1055/1055/1055 1056/1056/1056 1053/1053/1053
f 1057/1057/1057 958/958/958 1054/1054/1054
f 1054/1054/1054 1056/1056/1056 1057/1057/1057
f 1055/1055/1055 1048/1048/1048 1058/1058/1058
f 1048/1048/1048 1050/1050/1050 1058/1058/1058
f 1055/1055/1055 1059/1059/1059 1056/1056/1056
f 1055/1055/1055 1058/1058/1058 1059/1059/1059
f 1057/1057/1057 1056/1056/1056 1060/1060/1060
f 1058/1058/1058 1050/1050/1050 1061/1061/1061
f 1051/1051/1051 1061/1061/1061 1050/1050/1050
f 1061/1061/1061 1062/1062/1062 1058/1058/1058
f 1059/1059/1059 1058/1058/1058 1062/1062/1062
f 1051/1051/1051 1063/1063/1063 1061/1061/1061
f 1064/1064/1064 1056/1056/1056 1059/1059/1059
f 1064/1064/1064 1060/1060/1060 1056/1056/1056
f 1065/1065/1065 1064/1064/1064 1059/1059/1059
f 1066/1066/1066 1061/1061/1061 1063/1063/1063
f 1061/1061/1061 1066/1066/1066 1062/1062/1062
f 1051/1051/1051 1067/1067/1067 1063/1063/1063
f 1045/1045/1045 1067/1067/1067 1051/1051/1051
f 1066/1066/1066 1063/1063/1063 1068/1068/1068
f 1045/1045/1045 1069/1069/1069 1067/1067/1067
f 1045/1045/1045 1070/1070/1070 1069/1069/1069
f 1035/1035/1035 1070/1070/1070 1045/1045/1045
f 1033/1033/1033 1070/1070/1070 1035/1035/1035
f 1070/1070/1070 1033/1033/1033 1071/1071/1071
f 1070/1070/1070 1071/1071/1071 1069/1069/1069
f 1034/1034/1034 1071/1071/1071 1033/1033/1033
f 1069/1069/1069 1072/1072/1072 1067/1067/1067
f 1069/1069/1069 1071/1071/1071 1072/1072/1072
f 1072/1072/1072 1071/1071/1071 1034/1034/1034
f 1067/1067/1067 1072/1072/1072 1063/1063/1063
f 1063/1063/1063 1072/1072/1072 1073/1073/1073
f 1072/1072/1072 1034/1034/1034 1073/1073/1073
f 1063/1063/1063 1073/1073/1073 1068/1068/1068
f 1034/1034/1034 1074/1074/1074 1073/1073/1073
f 1073/1073/1073 1075/1075/1075 1068/1068/1068
f 1066/1066/1066 1068/1068/1068 1075/1075/1075
f 1073/1073/1073 1074/1074/1074 1075/1075/1075
f 1034/1034/1034 1037/1037/1037 1074/1074/1074
f 1066/1066/1066 1075/1075/1075 1076/1076/1076
f 1062/1062/1062 1066/1066/1066 1076/1076/1076
f 1074/1074/1074 1077/1077/1077 1075/1075/1075
f 1077/1077/1077 1076/1076/1076 1075/1075/1075
f 1074/1074/1074 1037/1037/1037 1078/1078/1078
f 1074/1074/1074 1079/1079/1079 1077/1077/1077
f 1074/1074/1074 1078/1078/1078 1079/1079/1079
f 1037/1037/1037 1080/1080/1080 1078/1078/1078
f 1037/1037/1037 1081/1081/1081 1080/1080/1080
f 1081/1081/1081 1082/1082/1082 1080/1080/1080
f 1082/1082/1082 1083/1083/1083 1080/1080/1080
f 1078/1078/1078 1080/1080/1080 1083/1083/1083
f 1078/1078/1078 1083/1083/1083 1084/1084/1084
f 1084/1084/1084 1083/1083/1083 1085/1085/1085
f 1086/1086/1086 1084/1084/1084 1085/1085/1085
f 1084/1084/1084 1087/1087/1087 1078/1078/1078
f 1084/1084/1084 1086/1086/1086 1087/1087/1087
f 1087/1087/1087 1079/1079/1079 1078/1078/1078
f 1088/1088/1088 1087/1087/1087 1086/1086/1086
f 1079/1079/1079 1087/1087/1087 1089/1089/1089
f 1087/1087/1087 1088/1088/1088 1090/1090/1090
f 1087/1087/1087 1090/1090/1090 1089/1089/1089
f 1091/1091/1091 1090/1090/1090 1088/1088/1088
f 1092/1092/1092 1090/1090/1090 1091/1091/1091
f 1093/1093/1093 1089/1089/1089 1090/1090/1090
f 1093/1093/1093 1090/1090/1090 1092/1092/1092
f 1079/1079/1079 1089/1089/1089 1093/1093/1093
f 1094/1094/1094 1093/1093/1093 1092/1092/1092
f 1095/1095/1095 1094/1094/1094 1092/1092/1092
f 1079/1079/1079 1093/1093/1093 1096/1096/1096
f 1097/1097/1097 1094/1094/1094 1095/1095/1095
f 1077/1077/1077 1079/1079/1079 1096/1096/1096
f 1094/1094/1094 1098/1098/1098 1093/1093/1093
f 1096/1096/1096 1093/1093/1093 1098/1098/1098
f 1099/1099/1099 1098/1098/1098 1094/1094/1094
f 1099/1099/1099 1094/1094/1094 1097/1097/1097
f 1098/1098/1098 1100/1100/1100 1096/1096/1096
f 1099/1099/1099 1100/1100/1100 1098/1098/1098
f 1077/1077/1077 1096/1096/1096 1101/1101/1101
f 1101/1101/1101 1096/1096/1096 1100/1100/1100
f 1101/1101/1101 1076/1076/1076 1077/1077/1077
f 1101/1101/1101 1102/1102/1102 1076/1076/1076
f 1102/1102/1102 1062/1062/1062 1076/1076/1076
f 1101/1101/1101 1100/1100/1100 1103/1103/1103
f 1102/1102/1102 1101/1101/1101 1103/1103/1103
f 1099/1099/1099 1104/1104/1104 1100/1100/1100
f 1099/1099/1099 1097/1097/1097 1104/1104/1104
f 1103/1103/1103 1100/1100/1100 1105/1105/1105
f 1104/1104/1104 1105/1105/1105 1100/1100/1100
f 1102/1102/1102 1103/1103/1103 1106/1106/1106
f 1103/1103/1103 1105/1105/1105 1106/1106/1106
f 1097/1097/1097 1107/1107/1107 1104/1104/1104
f 1097/1097/1097 1108/1108/1108 1107/1107/1107
f 1107/1107/1107 1108/1108/1108 1109/1109/1109
f 1110/1110/1110 1107/1107/1107 1109/1109/1109
f 1110/1110/1110 1104/1104/1104 1107/1107/1107
f 1104/1104/1104 1110/1110/1110 1105/1105/1105
f 1105/1105/1105 1110/1110/1110 1111/1111/1111
f 1111/1111/1111 1110/1110/1110 1112/1112/1112
f 1112/1112/1112 1113/1113/1113 1111/1111/1111
f 1105/1105/1105 1111/1111/1111 1114/1114/1114
f 1106/1106/1106 1105/1105/1105 1114/1114/1114
f 1115/1115/1115 1111/1111/1111 1113/1113/1113
f 1115/1115/1115 1113/1113/1113 1116/1116/1116
f 1115/1115/1115 1116/1116/1116 1117/1117/1117
f 1115/1115/1115 1117/1117/1117 1118/1118/1118
f 1119/1119/1119 1111/1111/1111 1115/1115/1115
f 1119/1119/1119 1115/1115/1115 1118/1118/1118
f 1119/1119/1119 1114/1114/1114 1111/1111/1111
f 1120/1120/1120 1119/1119/1119 1118/1118/1118
f 1121/1121/1121 1114/1114/1114 1119/1119/1119
f 1120/1120/1120 1121/1121/1121 1119/1119/1119
f 1122/1122/1122 1120/1120/1120 1118/1118/1118
f 1122/1122/1122 1118/1118/1118 1123/1123/1123
f 1124/1124/1124 1122/1122/1122 1123/1123/1123
f 1122/1122/1122 1124/1124/1124 1125/1125/1125
f 1122/1122/1122 1125/1125/1125 1120/1120/1120
f 1126/1126/1126 1125/1125/1125 1124/1124/1124
f 1127/1127/1127 1125/1125/1125 1126/1126/1126
f 1128/1128/1128 1120/1120/1120 1125/1125/1125
f 1128/1128/1128 1125/1125/1125 1127/1127/1127
f 1120/1120/1120 1128/1128/1128 1121/1121/1121
f 1128/1128/1128 1127/1127/1127 1129/1129/1129
f 1121/1121/1121 1128/1128/1128 1129/1129/1129
f 1130/1130/1130 1121/1121/1121 1131/1131/1131
f 1130/1130/1130 1114/1114/1114 1121/1121/1121
f 1130/1130/1130 1131/1131/1131 1132/1132/1132
f 1130/1130/1130 1133/1133/1133 1114/1114/1114
f 1134/1134/1134 1130/1130/1130 1132/1132/1132
f 1134/1134/1134 1133/1133/1133 1130/1130/1130
f 1133/1133/1133 1135/1135/1135 1114/1114/1114
f 1133/1133/1133 1134/1134/1134 1135/1135/1135
f 1106/1106/1106 1114/1114/1114 1135/1135/1135
f 1106/1106/1106 1135/1135/1135 1136/1136/1136
f 1102/1102/1102 1106/1106/1106 1136/1136/1136
f 1136/1136/1136 1135/1135/1135 1137/1137/1137
f 1138/1138/1138 1102/1102/1102 1136/1136/1136
f 1138/1138/1138 1136/1136/1136 1137/1137/1137
f 1102/1102/1102 1138/1138/1138 1062/1062/1062
f 1062/1062/1062 1138/1138/1138 1139/1139/1139
f 1059/1059/1059 1062/1062/1062 1139/1139/1139
f 1065/1065/1065 1059/1059/1059 1139/1139/1139
f 1139/1139/1139 1138/1138/1138 1140/1140/1140
f 1140/1140/1140 1138/1138/1138 1137/1137/1137
f 1141/1141/1141 1065/1065/1065 1139/1139/1139
f 1141/1141/1141 1139/1139/1139 1140/1140/1140
f 1142/1142/1142 1141/1141/1141 1140/1140/1140
f 1137/1137/1137 1143/1143/1143 1140/1140/1140
f 1142/1142/1142 1140/1140/1140 1143/1143/1143
f 1137/1137/1137 1144/1144/1144 1143/1143/1143
f 1135/1135/1135 1145/1145/1145 1137/1137/1137
f 1144/1144/1144 1137/1137/1137 1145/1145/1145
f 1135/1135/1135 1134/1134/1134 1145/1145/1145
f 1144/1144/1144 1146/1146/1146 1143/1143/1143
f 1146/1146/1146 1142/1142/1142 1143/1143/1143
f 1144/1144/1144 1145/1145/1145 1147/1147/1147
f 1148/1148/1148 1145/1145/1145 1134/1134/1134
f 1147/1147/1147 1145/1145/1145 1148/1148/1148
f 1134/1134/1134 1149/1149/1149 1148/1148/1148
f 1134/1134/1134 1132/1132/1132 1149/1149/1149
f 1132/1132/1132 1150/1150/1150 1149/1149/1149
f 1151/1151/1151 1149/1149/1149 1150/1150/1150
f 1152/1152/1152 1148/1148/1148 1149/1149/1149
f 1152/1152/1152 1149/1149/1149 1151/1151/1151
f 1147/1147/1147 1148/1148/1148 1152/1152/1152
f 1153/1153/1153 1144/1144/1144 1147/1147/1147
f 1153/1153/1153 1154/1154/1154 1144/1144/1144
f 1144/1144/1144 1154/1154/1154 1146/1146/1146
f 1147/1147/1147 1155/1155/1155 1153/1153/1153
f 1147/1147/1147 1152/1152/1152 1155/1155/1155
f 1155/1155/1155 1156/1156/1156 1153/1153/1153
f 1154/1154/1154 1153/1153/1153 1156/1156/1156
f 1152/1152/1152 1157/1157/1157 1155/1155/1155
f 1152/1152/1152 1151/1151/1151 1157/1157/1157
f 1155/1155/1155 1158/1158/1158 1156/1156/1156
f 1157/1157/1157 1158/1158/1158 1155/1155/1155
f 1154/1154/1154 1156/1156/1156 1159/1159/1159
f 1159/1159/1159 1156/1156/1156 1158/1158/1158
f 1160/1160/1160 1157/1157/1157 1151/1151/1151
f 1160/1160/1160 1151/1151/1151 1161/1161/1161
f 1157/1157/1157 1162/1162/1162 1158/1158/1158
f 1162/1162/1162 1157/1157/1157 1160/1160/1160
f 1159/1159/1159 1158/1158/1158 1163/1163/1163
f 1164/1164/1164 1160/1160/1160 1161/1161/1161
f 1164/1164/1164 1161/1161/1161 1165/1165/1165
f 1165/1165/1165 1166/1166/1166 1164/1164/1164
f 1167/1167/1167 1164/1164/1164 1166/1166/1166
f 1160/1160/1160 1164/1164/1164 1167/1167/1167
f 1168/1168/1168 1160/1160/1160 1167/1167/1167
f 1168/1168/1168 1162/1162/1162 1160/1160/1160
f 1168/1168/1168 1167/1167/1167 1169/1169/1169
f 1170/1170/1170 1168/1168/1168 1169/1169/1169
f 1168/1168/1168 1170/1170/1170 1162/1162/1162
f 1162/1162/1162 1170/1170/1170 1171/1171/1171
f 1172/1172/1172 1171/1171/1171 1170/1170/1170
f 1173/1173/1173 1158/1158/1158 1162/1162/1162
f 1173/1173/1173 1163/1163/1163 1158/1158/1158
f 1162/1162/1162 1171/1171/1171 1173/1173/1173
f 1174/1174/1174 1163/1163/1163 1173/1173/1173
f 1174/1174/1174 1159/1159/1159 1163/1163/1163
f 1171/1171/1171 1175/1175/1175 1173/1173/1173
f 1174/1174/1174 1173/1173/1173 1175/1175/1175
f 1172/1172/1172 1176/1176/1176 1171/1171/1171
f 1176/1176/1176 1172/1172/1172 1177/1177/1177
f 1171/1171/1171 1178/1178/1178 1175/1175/1175
f 1178/1178/1178 1171/1171/1171 1176/1176/1176
f 1174/1174/1174 1175/1175/1175 1179/1179/1179
f 1178/1178/1178 1179/1179/1179 1175/1175/1175
f 1176/1176/1176 1177/1177/1177 1180/1180/1180
f 1181/1181/1181 1180/1180/1180 1177/1177/1177
f 1180/1180/1180 1181/1181/1181 1182/1182/1182
f 1180/1180/1180 1182/1182/1182 1176/1176/1176
f 1182/1182/1182 1183/1183/1183 1176/1176/1176
f 1178/1178/1178 1176/1176/1176 1183/1183/1183
f 1178/1178/1178 1183/1183/1183 1184/1184/1184
f 1184/1184/1184 1183/1183/1183 1185/1185/1185
f 1186/1186/1186 1184/1184/1184 1185/1185/1185
f 1178/1178/1178 1184/1184/1184 1186/1186/1186
f 1178/1178/1178 1186/1186/1186 1179/1179/1179
f 1187/1187/1187 1179/1179/1179 1186/1186/1186
f 1188/1188/1188 1187/1187/1187 1186/1186/1186
f 1174/1174/1174 1179/1179/1179 1189/1189/1189
f 1187/1187/1187 1188/1188/1188 1190/1190/1190
f 1187/1187/1187 1191/1191/1191 1179/1179/1179
f 1191/1191/1191 1189/1189/1189 1179/1179/1179
f 1188/1188/1188 1192/1192/1192 1190/1190/1190
f 1188/1188/1188 1193/1193/1193 1192/1192/1192
f 1192/1192/1192 1193/1193/1193 1194/1194/1194
f 1192/1192/1192 1194/1194/1194 1195/1195/1195
f 1196/1196/1196 1190/1190/1190 1192/1192/1192
f 1187/1187/1187 1190/1190/1190 1196/1196/1196
f 1196/1196/1196 1192/1192/1192 1195/1195/1195
f 1191/1191/1191 1187/1187/1187 1197/1197/1197
f 1187/1187/1187 1196/1196/1196 1197/1197/1197
f 1191/1191/1191 1197/1197/1197 1198/1198/1198
f 1191/1191/1191 1199/1199/1199 1189/1189/1189
f 1191/1191/1191 1198/1198/1198 1199/1199/1199
f 1200/1200/1200 1174/1174/1174 1189/1189/1189
f 1174/1174/1174 1200/1200/1200 1159/1159/1159
f 1201/1201/1201 1189/1189/1189 1199/1199/1199
f 1200/1200/1200 1189/1189/1189 1201/1201/1201
f 1200/1200/1200 1202/1202/1202 1159/1159/1159
f 1202/1202/1202 1200/1200/1200 1201/1201/1201
f 1154/1154/1154 1159/1159/1159 1202/1202/1202
f 1201/1201/1201 1199/1199/1199 1203/1203/1203
f 1203/1203/1203 1199/1199/1199 1198/1198/1198
f 1204/1204/1204 1201/1201/1201 1203/1203/1203
f 1204/1204/1204 1202/1202/1202 1201/1201/1201
f 1203/1203/1203 1198/1198/1198 1205/1205/1205
f 1204/1204/1204 1203/1203/1203 1205/1205/1205
f 1206/1206/1206 1154/1154/1154 1202/1202/1202
f 1207/1207/1207 1204/1204/1204 1205/1205/1205
f 1206/1206/1206 1146/1146/1146 1154/1154/1154
f 1208/1208/1208 1205/1205/1205 1198/1198/1198
f 1207/1207/1207 1205/1205/1205 1208/1208/1208
f 1208/1208/1208 1198/1198/1198 1209/1209/1209
f 1197/1197/1197 1209/1209/1209 1198/1198/1198
f 1210/1210/1210 1208/1208/1208 1209/1209/1209
f 1197/1197/1197 1211/1211/1211 1209/1209/1209
f 1211/1211/1211 1210/1210/1210 1209/1209/1209
f 1196/1196/1196 1211/1211/1211 1197/1197/1197
f 1210/1210/1210 1212/1212/1212 1208/1208/1208
f 1208/1208/1208 1212/1212/1212 1207/1207/1207
f 1213/1213/1213 1210/1210/1210 1211/1211/1211
f 1196/1196/1196 1214/1214/1214 1211/1211/1211
f 1213/1213/1213 1211/1211/1211 1214/1214/1214
f 1214/1214/1214 1196/1196/1196 1215/1215/1215
f 1195/1195/1195 1215/1215/1215 1196/1196/1196
f 1213/1213/1213 1214/1214/1214 1216/1216/1216
f 1214/1214/1214 1215/1215/1215 1216/1216/1216
f 1210/1210/1210 1213/1213/1213 1217/1217/1217
f 1217/1217/1217 1213/1213/1213 1216/1216/1216
f 1195/1195/1195 1218/1218/1218 1215/1215/1215
f 1218/1218/1218 1216/1216/1216 1215/1215/1215
f 1195/1195/1195 1219/1219/1219 1218/1218/1218
f 1219/1219/1219 1220/1220/1220 1218/1218/1218
f 1221/1221/1221 1218/1218/1218 1220/1220/1220
f 1218/1218/1218 1221/1221/1221 1216/1216/1216
f 1222/1222/1222 1216/1216/1216 1221/1221/1221
f 1217/1217/1217 1216/1216/1216 1222/1222/1222
f 1223/1223/1223 1222/1222/1222 1221/1221/1221
f 1223/1223/1223 1221/1221/1221 1224/1224/1224
f 1222/1222/1222 1225/1225/1225 1217/1217/1217
f 1223/1223/1223 1225/1225/1225 1222/1222/1222
f 1226/1226/1226 1223/1223/1223 1224/1224/1224
f 1223/1223/1223 1226/1226/1226 1225/1225/1225
f 1226/1226/1226 1227/1227/1227 1225/1225/1225
f 1227/1227/1227 1226/1226/1226 1228/1228/1228
f 1229/1229/1229 1228/1228/1228 1226/1226/1226
f 1225/1225/1225 1227/1227/1227 1230/1230/1230
f 1231/1231/1231 1228/1228/1228 1229/1229/1229
f 1232/1232/1232 1227/1227/1227 1228/1228/1228
f 1232/1232/1232 1228/1228/1228 1231/1231/1231
f 1232/1232/1232 1230/1230/1230 1227/1227/1227
f 1232/1232/1232 1231/1231/1231 1233/1233/1233
f 1225/1225/1225 1230/1230/1230 1234/1234/1234
f 1217/1217/1217 1225/1225/1225 1234/1234/1234
f 1232/1232/1232 1235/1235/1235 1230/1230/1230
f 1235/1235/1235 1232/1232/1232 1233/1233/1233
f 1217/1217/1217 1234/1234/1234 1236/1236/1236
f 1210/1210/1210 1217/1217/1217 1236/1236/1236
f 1212/1212/1212 1210/1210/1210 1236/1236/1236
f 1212/1212/1212 1236/1236/1236 1237/1237/1237
f 1238/1238/1238 1212/1212/1212 1237/1237/1237
f 1238/1238/1238 1207/1207/1207 1212/1212/1212
f 1239/1239/1239 1237/1237/1237 1236/1236/1236
f 1239/1239/1239 1238/1238/1238 1237/1237/1237
f 1239/1239/1239 1236/1236/1236 1234/1234/1234
f 1240/1240/1240 1207/1207/1207 1238/1238/1238
f 1239/1239/1239 1240/1240/1240 1238/1238/1238
f 1234/1234/1234 1241/1241/1241 1239/1239/1239
f 1234/1234/1234 1230/1230/1230 1241/1241/1241
f 1241/1241/1241 1240/1240/1240 1239/1239/1239
f 1242/1242/1242 1241/1241/1241 1230/1230/1230
f 1240/1240/1240 1241/1241/1241 1242/1242/1242
f 1242/1242/1242 1230/1230/1230 1235/1235/1235
f 1243/1243/1243 1207/1207/1207 1240/1240/1240
f 1243/1243/1243 1204/1204/1204 1207/1207/1207
f 1240/1240/1240 1242/1242/1242 1244/1244/1244
f 1244/1244/1244 1245/1245/1245 1240/1240/1240
f 1245/1245/1245 1243/1243/1243 1240/1240/1240
f 1244/1244/1244 1242/1242/1242 1246/1246/1246
f 1235/1235/1235 1246/1246/1246 1242/1242/1242
f 1247/1247/1247 1244/1244/1244 1246/1246/1246
f 1247/1247/1247 1245/1245/1245 1244/1244/1244
f 1235/1235/1235 1248/1248/1248 1246/1246/1246
f 1235/1235/1235 1233/1233/1233 1248/1248/1248
f 1247/1247/1247 1246/1246/1246 1249/1249/1249
f 1249/1249/1249 1246/1246/1246 1248/1248/1248
f 1233/1233/1233 1250/1250/1250 1248/1248/1248
f 1249/1249/1249 1248/1248/1248 1250/1250/1250
f 1249/1249/1249 1251/1251/1251 1247/1247/1247
f 1249/1249/1249 1252/1252/1252 1251/1251/1251
f 1252/1252/1252 1249/1249/1249 1250/1250/1250
f 1253/1253/1253 1247/1247/1247 1251/1251/1251
f 1253/1253/1253 1245/1245/1245 1247/1247/1247
f 1254/1254/1254 1251/1251/1251 1252/1252/1252
f 1254/1254/1254 1253/1253/1253 1251/1251/1251
f 1252/1252/1252 1250/1250/1250 1255/1255/1255
f 1254/1254/1254 1252/1252/1252 1256/1256/1256
f 1257/1257/1257 1252/1252/1252 1255/1255/1255
f 1257/1257/1257 1256/1256/1256 1252/1252/1252
f 1255/1255/1255 1258/1258/1258 1257/1257/1257
f 1256/1256/1256 1257/1257/1257 1259/1259/1259
f 1258/1258/1258 1259/1259/1259 1257/1257/1257
f 1250/1250/1250 1260/1260/1260 1255/1255/1255
f 1255/1255/1255 1260/1260/1260 1258/1258/1258
f 1250/1250/1250 1261/1261/1261 1260/1260/1260
f 1233/1233/1233 1261/1261/1261 1250/1250/1250
f 1233/1233/1233 1262/1262/1262 1261/1261/1261
f 1233/1233/1233 1231/1231/1231 1262/1262/1262
f 1263/1263/1263 1260/1260/1260 1261/1261/1261
f 1264/1264/1264 1260/1260/1260 1263/1263/1263
f 1258/1258/1258 1260/1260/1260 1264/1264/1264
f 1263/1263/1263 1261/1261/1261 1265/1265/1265
f 1261/1261/1261 1262/1262/1262 1265/1265/1265
f 1231/1231/1231 1266/1266/1266 1262/1262/1262
f 1266/1266/1266 1265/1265/1265 1262/1262/1262
f 1231/1231/1231 1267/1267/1267 1266/1266/1266
f 1267/1267/1267 1268/1268/1268 1266/1266/1266
f 1266/1266/1266 1268/1268/1268 1269/1269/1269
f 1266/1266/1266 1269/1269/1269 1265/1265/1265
f 1265/1265/1265 1270/1270/1270 1263/1263/1263
f 1264/1264/1264 1263/1263/1263 1270/1270/1270
f 1265/1265/1265 1271/1271/1271 1270/1270/1270
f 1271/1271/1271 1272/1272/1272 1270/1270/1270
f 1270/1270/1270 1272/1272/1272 1273/1273/1273
f 1264/1264/1264 1270/1270/1270 1273/1273/1273
f 1264/1264/1264 1273/1273/1273 1274/1274/1274
f 1264/1264/1264 1274/1274/1274 1275/1275/1275
f 1258/1258/1258 1264/1264/1264 1275/1275/1275
f 1258/1258/1258 1275/1275/1275 1276/1276/1276
f 1277/1277/1277 1276/1276/1276 1275/1275/1275
f 1277/1277/1277 1275/1275/1275 1278/1278/1278
f 1277/1277/1277 1278/1278/1278 1279/1279/1279
f 1280/1280/1280 1277/1277/1277 1279/1279/1279
f 1280/1280/1280 1276/1276/1276 1277/1277/1277
f 1280/1280/1280 1279/1279/1279 1281/1281/1281
f 1282/1282/1282 1280/1280/1280 1281/1281/1281
f 1282/1282/1282 1276/1276/1276 1280/1280/1280
f 1276/1276/1276 1282/1282/1282 1283/1283/1283
f 1284/1284/1284 1283/1283/1283 1282/1282/1282
f 1284/1284/1284 1285/1285/1285 1283/1283/1283
f 1285/1285/1285 1284/1284/1284 1286/1286/1286
f 1276/1276/1276 1283/1283/1283 1287/1287/1287
f 1287/1287/1287 1283/1283/1283 1285/1285/1285
f 1288/1288/1288 1285/1285/1285 1286/1286/1286
f 1289/1289/1289 1276/1276/1276 1287/1287/1287
f 1258/1258/1258 1276/1276/1276 1289/1289/1289
f 1287/1287/1287 1285/1285/1285 1290/1290/1290
f 1288/1288/1288 1290/1290/1290 1285/1285/1285
f 1290/1290/1290 1291/1291/1291 1287/1287/1287
f 1289/1289/1289 1287/1287/1287 1291/1291/1291
f 1290/1290/1290 1288/1288/1288 1292/1292/1292
f 1290/1290/1290 1292/1292/1292 1291/1291/1291
f 1289/1289/1289 1293/1293/1293 1258/1258/1258
f 1259/1259/1259 1258/1258/1258 1293/1293/1293
f 1294/1294/1294 1289/1289/1289 1291/1291/1291
f 1289/1289/1289 1294/1294/1294 1293/1293/1293
f 1259/1259/1259 1293/1293/1293 1295/1295/1295
f 1295/1295/1295 1293/1293/1293 1294/1294/1294
f 1259/1259/1259 1295/1295/1295 1296/1296/1296
f 1256/1256/1256 1259/1259/1259 1296/1296/1296
f 1295/1295/1295 1294/1294/1294 1297/1297/1297
f 1298/1298/1298 1256/1256/1256 1296/1296/1296
f 1298/1298/1298 1254/1254/1254 1256/1256/1256
f 1296/1296/1296 1295/1295/1295 1299/1299/1299
f 1298/1298/1298 1296/1296/1296 1299/1299/1299
f 1254/1254/1254 1298/1298/1298 1300/1300/1300
f 1301/1301/1301 1299/1299/1299 1295/1295/1295
f 1301/1301/1301 1295/1295/1295 1297/1297/1297
f 1298/1298/1298 1299/1299/1299 1302/1302/1302
f 1301/1301/1301 1302/1302/1302 1299/1299/1299
f 1300/1300/1300 1298/1298/1298 1302/1302/1302
f 1301/1301/1301 1303/1303/1303 1302/1302/1302
f 1300/1300/1300 1302/1302/1302 1303/1303/1303
f 1254/1254/1254 1300/1300/1300 1253/1253/1253
f 1304/1304/1304 1301/1301/1301 1297/1297/1297
f 1301/1301/1301 1304/1304/1304 1303/1303/1303
f 1305/1305/1305 1297/1297/1297 1294/1294/1294
f 1304/1304/1304 1297/1297/1297 1305/1305/1305
f 1305/1305/1305 1294/1294/1294 1291/1291/1291
f 1306/1306/1306 1304/1304/1304 1305/1305/1305
f 1307/1307/1307 1305/1305/1305 1291/1291/1291
f 1307/1307/1307 1306/1306/1306 1305/1305/1305
f 1307/1307/1307 1291/1291/1291 1292/1292/1292
f 1292/1292/1292 1308/1308/1308 1307/1307/1307
f 1306/1306/1306 1307/1307/1307 1308/1308/1308
f 1292/1292/1292 1288/1288/1288 1308/1308/1308
f 1288/1288/1288 1309/1309/1309 1308/1308/1308
f 1309/1309/1309 1288/1288/1288 1310/1310/1310
f 1311/1311/1311 1309/1309/1309 1310/1310/1310
f 1308/1308/1308 1309/1309/1309 1311/1311/1311
f 1306/1306/1306 1308/1308/1308 1312/1312/1312
f 1312/1312/1312 1308/1308/1308 1311/1311/1311
f 1306/1306/1306 1313/1313/1313 1304/1304/1304
f 1304/1304/1304 1313/1313/1313 1303/1303/1303
f 1306/1306/1306 1312/1312/1312 1314/1314/1314
f 1313/1313/1313 1306/1306/1306 1314/1314/1314
f 1312/1312/1312 1311/1311/1311 1315/1315/1315
f 1316/1316/1316 1303/1303/1303 1313/1313/1313
f 1317/1317/1317 1314/1314/1314 1312/1312/1312
f 1312/1312/1312 1315/1315/1315 1317/1317/1317
f 1313/1313/1313 1314/1314/1314 1318/1318/1318
f 1316/1316/1316 1313/1313/1313 1318/1318/1318
f 1317/1317/1317 1319/1319/1319 1314/1314/1314
f 1319/1319/1319 1318/1318/1318 1314/1314/1314
f 1320/1320/1320 1315/1315/1315 1311/1311/1311
f 1311/1311/1311 1321/1321/1321 1320/1320/1320
f 1320/1320/1320 1321/1321/1321 1322/1322/1322
f 1315/1315/1315 1320/1320/1320 1322/1322/1322
f 1323/1323/1323 1315/1315/1315 1322/1322/1322
f 1322/1322/1322 1324/1324/1324 1323/1323/1323
f 1325/1325/1325 1323/1323/1323 1324/1324/1324
f 1315/1315/1315 1323/1323/1323 1325/1325/1325
f 1315/1315/1315 1325/1325/1325 1326/1326/1326
f 1315/1315/1315 1326/1326/1326 1327/1327/1327
f 1317/1317/1317 1315/1315/1315 1327/1327/1327
f 1326/1326/1326 1328/1328/1328 1327/1327/1327
f 1326/1326/1326 1329/1329/1329 1328/1328/1328
f 1329/1329/1329 1330/1330/1330 1328/1328/1328
f 1328/1328/1328 1330/1330/1330 1327/1327/1327
f 1317/1317/1317 1327/1327/1327 1331/1331/1331
f 1331/1331/1331 1319/1319/1319 1317/1317/1317
f 1327/1327/1327 1330/1330/1330 1332/1332/1332
f 1332/1332/1332 1330/1330/1330 1333/1333/1333
f 1334/1334/1334 1332/1332/1332 1333/1333/1333
f 1327/1327/1327 1332/1332/1332 1335/1335/1335
f 1327/1327/1327 1335/1335/1335 1331/1331/1331
f 1336/1336/1336 1335/1335/1335 1332/1332/1332
f 1336/1336/1336 1332/1332/1332 1334/1334/1334
f 1331/1331/1331 1335/1335/1335 1336/1336/1336
f 1337/1337/1337 1336/1336/1336 1334/1334/1334
f 1337/1337/1337 1334/1334/1334 1338/1338/1338
f 1339/1339/1339 1337/1337/1337 1338/1338/1338
f 1337/1337/1337 1340/1340/1340 1336/1336/1336
f 1337/1337/1337 1339/1339/1339 1341/1341/1341
f 1337/1337/1337 1341/1341/1341 1340/1340/1340
f 1341/1341/1341 1339/1339/1339 1342/1342/1342
f 1341/1341/1341 1342/1342/1342 1343/1343/1343
f 1340/1340/1340 1344/1344/1344 1336/1336/1336
f 1341/1341/1341 1344/1344/1344 1340/1340/1340
f 1331/1331/1331 1336/1336/1336 1344/1344/1344
f 1345/1345/1345 1341/1341/1341 1343/1343/1343
f 1345/1345/1345 1344/1344/1344 1341/1341/1341
f 1343/1343/1343 1346/1346/1346 1345/1345/1345
f 1343/1343/1343 1347/1347/1347 1346/1346/1346
f 1347/1347/1347 1348/1348/1348 1346/1346/1346
f 1348/1348/1348 1349/1349/1349 1346/1346/1346
f 1345/1345/1345 1346/1346/1346 1349/1349/1349
f 1345/1345/1345 1349/1349/1349 1350/1350/1350
f 1345/1345/1345 1350/1350/1350 1344/1344/1344
f 1351/1351/1351 1331/1331/1331 1344/1344/1344
f 1331/1331/1331 1351/1351/1351 1319/1319/1319
f 1352/1352/1352 1344/1344/1344 1350/1350/1350
f 1353/1353/1353 1352/1352/1352 1350/1350/1350
f 1352/1352/1352 1354/1354/1354 1344/1344/1344
f 1351/1351/1351 1344/1344/1344 1354/1354/1354
f 1352/1352/1352 1353/1353/1353 1355/1355/1355
f 1352/1352/1352 1355/1355/1355 1354/1354/1354
f 1351/1351/1351 1354/1354/1354 1356/1356/1356
f 1355/1355/1355 1356/1356/1356 1354/1354/1354
f 1357/1357/1357 1319/1319/1319 1351/1351/1351
f 1319/1319/1319 1357/1357/1357 1318/1318/1318
f 1316/1316/1316 1318/1318/1318 1357/1357/1357
f 1357/1357/1357 1351/1351/1351 1358/1358/1358
f 1351/1351/1351 1356/1356/1356 1358/1358/1358
f 1316/1316/1316 1357/1357/1357 1359/1359/1359
f 1358/1358/1358 1359/1359/1359 1357/1357/1357
f 1316/1316/1316 1359/1359/1359 1360/1360/1360
f 1360/1360/1360 1303/1303/1303 1316/1316/1316
f 1360/1360/1360 1300/1300/1300 1303/1303/1303
f 1358/1358/1358 1361/1361/1361 1359/1359/1359
f 1362/1362/1362 1358/1358/1358 1356/1356/1356
f 1358/1358/1358 1362/1362/1362 1361/1361/1361
f 1363/1363/1363 1359/1359/1359 1361/1361/1361
f 1363/1363/1363 1360/1360/1360 1359/1359/1359
f 1361/1361/1361 1364/1364/1364 1363/1363/1363
f 1361/1361/1361 1362/1362/1362 1364/1364/1364
f 1360/1360/1360 1363/1363/1363 1365/1365/1365
f 1365/1365/1365 1363/1363/1363 1364/1364/1364
f 1366/1366/1366 1300/1300/1300 1360/1360/1360
f 1253/1253/1253 1300/1300/1300 1366/1366/1366
f 1360/1360/1360 1365/1365/1365 1367/1367/1367
f 1366/1366/1366 1360/1360/1360 1367/1367/1367
f 1365/1365/1365 1364/1364/1364 1368/1368/1368
f 1253/1253/1253 1366/1366/1366 1369/1369/1369
f 1253/1253/1253 1369/1369/1369 1370/1370/1370
f 1253/1253/1253 1370/1370/1370 1245/1245/1245
f 1366/1366/1366 1371/1371/1371 1369/1369/1369
f 1372/1372/1372 1245/1245/1245 1370/1370/1370
f 1372/1372/1372 1243/1243/1243 1245/1245/1245
f 1373/1373/1373 1370/1370/1370 1369/1369/1369
f 1373/1373/1373 1372/1372/1372 1370/1370/1370
f 1373/1373/1373 1369/1369/1369 1371/1371/1371
f 1367/1367/1367 1374/1374/1374 1366/1366/1366
f 1366/1366/1366 1374/1374/1374 1371/1371/1371
f 1367/1367/1367 1375/1375/1375 1374/1374/1374
f 1365/1365/1365 1375/1375/1375 1367/1367/1367
f 1376/1376/1376 1371/1371/1371 1374/1374/1374
f 1375/1375/1375 1376/1376/1376 1374/1374/1374
f 1365/1365/1365 1377/1377/1377 1375/1375/1375
f 1377/1377/1377 1365/1365/1365 1368/1368/1368
f 1375/1375/1375 1378/1378/1378 1376/1376/1376
f 1377/1377/1377 1378/1378/1378 1375/1375/1375
f 1376/1376/1376 1379/1379/1379 1371/1371/1371
f 1379/1379/1379 1376/1376/1376 1378/1378/1378
f 1380/1380/1380 1371/1371/1371 1379/1379/1379
f 1380/1380/1380 1373/1373/1373 1371/1371/1371
f 1381/1381/1381 1373/1373/1373 1380/1380/1380
f 1373/1373/1373 1381/1381/1381 1372/1372/1372
f 1382/1382/1382 1380/1380/1380 1379/1379/1379
f 1381/1381/1381 1380/1380/1380 1382/1382/1382
f 1379/1379/1379 1378/1378/1378 1383/1383/1383
f 1382/1382/1382 1379/1379/1379 1383/1383/1383
f 1384/1384/1384 1383/1383/1383 1378/1378/1378
f 1377/1377/1377 1384/1384/1384 1378/1378/1378
f 1385/1385/1385 1382/1382/1382 1383/1383/1383
f 1385/1385/1385 1383/1383/1383 1386/1386/1386
f 1384/1384/1384 1386/1386/1386 1383/1383/1383
f 1382/1382/1382 1387/1387/1387 1381/1381/1381
f 1382/1382/1382 1385/1385/1385 1387/1387/1387
f 1388/1388/1388 1381/1381/1381 1387/1387/1387
f 1388/1388/1388 1372/1372/1372 1381/1381/1381
f 1372/1372/1372 1388/1388/1388 1389/1389/1389
f 1372/1372/1372 1389/1389/1389 1243/1243/1243
f 1388/1388/1388 1390/1390/1390 1389/1389/1389
f 1243/1243/1243 1389/1389/1389 1391/1391/1391
f 1390/1390/1390 1391/1391/1391 1389/1389/1389
f 1243/1243/1243 1391/1391/1391 1204/1204/1204
f 1204/1204/1204 1391/1391/1391 1202/1202/1202
f 1390/1390/1390 1202/1202/1202 1391/1391/1391
f 1206/1206/1206 1202/1202/1202 1390/1390/1390
f 1387/1387/1387 1392/1392/1392 1388/1388/1388
f 1388/1388/1388 1392/1392/1392 1390/1390/1390
f 1387/1387/1387 1393/1393/1393 1392/1392/1392
f 1393/1393/1393 1387/1387/1387 1385/1385/1385
f 1390/1390/1390 1392/1392/1392 1394/1394/1394
f 1390/1390/1390 1394/1394/1394 1206/1206/1206
f 1393/1393/1393 1394/1394/1394 1392/1392/1392
f 1393/1393/1393 1385/1385/1385 1395/1395/1395
f 1393/1393/1393 1396/1396/1396 1394/1394/1394
f 1397/1397/1397 1393/1393/1393 1395/1395/1395
f 1397/1397/1397 1396/1396/1396 1393/1393/1393
f 1385/1385/1385 1398/1398/1398 1395/1395/1395
f 1398/1398/1398 1397/1397/1397 1395/1395/1395
f 1385/1385/1385 1399/1399/1399 1398/1398/1398
f 1399/1399/1399 1385/1385/1385 1386/1386/1386
f 1399/1399/1399 1386/1386/1386 1384/1384/1384
f 1400/1400/1400 1394/1394/1394 1396/1396/1396
f 1398/1398/1398 1399/1399/1399 1401/1401/1401
f 1398/1398/1398 1402/1402/1402 1397/1397/1397
f 1398/1398/1398 1401/1401/1401 1402/1402/1402
f 1403/1403/1403 1397/1397/1397 1402/1402/1402
f 1396/1396/1396 1397/1397/1397 1404/1404/1404
f 1403/1403/1403 1404/1404/1404 1397/1397/1397
f 1396/1396/1396 1404/1404/1404 1400/1400/1400
f 1402/1402/1402 1405/1405/1405 1403/1403/1403
f 1405/1405/1405 1404/1404/1404 1403/1403/1403
f 1402/1402/1402 1401/1401/1401 1405/1405/1405
f 1405/1405/1405 1406/1406/1406 1404/1404/1404
f 1406/1406/1406 1400/1400/1400 1404/1404/1404
f 1400/1400/1400 1407/1407/1407 1394/1394/1394
f 1206/1206/1206 1394/1394/1394 1407/1407/1407
f 1206/1206/1206 1407/1407/1407 1408/1408/1408
f 1206/1206/1206 1408/1408/1408 1146/1146/1146
f 1409/1409/1409 1408/1408/1408 1407/1407/1407
f 1409/1409/1409 1146/1146/1146 1408/1408/1408
f 1400/1400/1400 1410/1410/1410 1407/1407/1407
f 1409/1409/1409 1407/1407/1407 1410/1410/1410
f 1400/1400/1400 1411/1411/1411 1410/1410/1410
f 1406/1406/1406 1411/1411/1411 1400/1400/1400
f 1410/1410/1410 1412/1412/1412 1409/1409/1409
f 1409/1409/1409 1413/1413/1413 1146/1146/1146
f 1146/1146/1146 1413/1413/1413 1142/1142/1142
f 1414/1414/1414 1413/1413/1413 1409/1409/1409
f 1414/1414/1414 1409/1409/1409 1412/1412/1412
f 1415/1415/1415 1410/1410/1410 1411/1411/1411
f 1410/1410/1410 1415/1415/1415 1412/1412/1412
f 1406/1406/1406 1416/1416/1416 1411/1411/1411
f 1415/1415/1415 1411/1411/1411 1416/1416/1416
f 1406/1406/1406 1417/1417/1417 1416/1416/1416
f 1415/1415/1415 1418/1418/1418 1412/1412/1412
f 1419/1419/1419 1417/1417/1417 1406/1406/1406
f 1419/1419/1419 1406/1406/1406 1405/1405/1405
f 1416/1416/1416 1420/1420/1420 1415/1415/1415
f 1415/1415/1415 1420/1420/1420 1418/1418/1418
f 1416/1416/1416 1417/1417/1417 1421/1421/1421
f 1416/1416/1416 1421/1421/1421 1420/1420/1420
f 1422/1422/1422 1421/1421/1421 1417/1417/1417
f 1422/1422/1422 1417/1417/1417 1419/1419/1419
f 1423/1423/1423 1420/1420/1420 1421/1421/1421
f 1423/1423/1423 1421/1421/1421 1422/1422/1422
f 1424/1424/1424 1420/1420/1420 1423/1423/1423
f 1424/1424/1424 1418/1418/1418 1420/1420/1420
f 1425/1425/1425 1423/1423/1423 1422/1422/1422
f 1424/1424/1424 1423/1423/1423 1425/1425/1425
f 1419/1419/1419 1426/1426/1426 1422/1422/1422
f 1425/1425/1425 1422/1422/1422 1426/1426/1426
f 1427/1427/1427 1419/1419/1419 1405/1405/1405
f 1419/1419/1419 1427/1427/1427 1426/1426/1426
f 1427/1427/1427 1405/1405/1405 1401/1401/1401
f 1428/1428/1428 1418/1418/1418 1424/1424/1424
f 1427/1427/1427 1401/1401/1401 1429/1429/1429
f 1426/1426/1426 1427/1427/1427 1430/1430/1430
f 1427/1427/1427 1429/1429/1429 1430/1430/1430
f 1426/1426/1426 1430/1430/1430 1431/1431/1431
f 1431/1431/1431 1425/1425/1425 1426/1426/1426
f 1431/1431/1431 1430/1430/1430 1432/1432/1432
f 1424/1424/1424 1425/1425/1425 1433/1433/1433
f 1433/1433/1433 1428/1428/1428 1424/1424/1424
f 1431/1431/1431 1434/1434/1434 1425/1425/1425
f 1430/1430/1430 1435/1435/1435 1432/1432/1432
f 1430/1430/1430 1429/1429/1429 1435/1435/1435
f 1431/1431/1431 1432/1432/1432 1436/1436/1436
f 1434/1434/1434 1431/1431/1431 1436/1436/1436
f 1432/1432/1432 1437/1437/1437 1436/1436/1436
f 1435/1435/1435 1437/1437/1437 1432/1432/1432
f 1434/1434/1434 1436/1436/1436 1438/1438/1438
f 1437/1437/1437 1438/1438/1438 1436/1436/1436
f 1425/1425/1425 1434/1434/1434 1439/1439/1439
f 1439/1439/1439 1434/1434/1434 1438/1438/1438
f 1425/1425/1425 1439/1439/1439 1433/1433/1433
f 1440/1440/1440 1433/1433/1433 1439/1439/1439
f 1439/1439/1439 1438/1438/1438 1441/1441/1441
f 1441/1441/1441 1440/1440/1440 1439/1439/1439
f 1437/1437/1437 1442/1442/1442 1438/1438/1438
f 1442/1442/1442 1441/1441/1441 1438/1438/1438
f 1442/1442/1442 1437/1437/1437 1443/1443/1443
f 1435/1435/1435 1443/1443/1443 1437/1437/1437
f 1442/1442/1442 1444/1444/1444 1441/1441/1441
f 1445/1445/1445 1443/1443/1443 1435/1435/1435
f 1442/1442/1442 1443/1443/1443 1446/1446/1446
f 1445/1445/1445 1446/1446/1446 1443/1443/1443
f 1446/1446/1446 1444/1444/1444 1442/1442/1442
f 1444/1444/1444 1447/1447/1447 1441/1441/1441
f 1441/1441/1441 1447/1447/1447 1440/1440/1440
f 1446/1446/1446 1448/1448/1448 1444/1444/1444
f 1444/1444/1444 1449/1449/1449 1447/1447/1447
f 1448/1448/1448 1449/1449/1449 1444/1444/1444
f 1440/1440/1440 1447/1447/1447 1450/1450/1450
f 1450/1450/1450 1447/1447/1447 1449/1449/1449
f 1451/1451/1451 1448/1448/1448 1446/1446/1446
f 1445/1445/1445 1451/1451/1451 1446/1446/1446
f 1451/1451/1451 1452/1452/1452 1448/1448/1448
f 1453/1453/1453 1451/1451/1451 1445/1445/1445
f 1451/1451/1451 1454/1454/1454 1452/1452/1452
f 1451/1451/1451 1453/1453/1453 1454/1454/1454
f 1455/1455/1455 1448/1448/1448 1452/1452/1452
f 1455/1455/1455 1452/1452/1452 1454/1454/1454
f 1448/1448/1448 1456/1456/1456 1449/1449/1449
f 1455/1455/1455 1456/1456/1456 1448/1448/1448
f 1456/1456/1456 1457/1457/1457 1449/1449/1449
f 1364/1364/1364 1454/1454/1454 1453/1453/1453
f 1454/1454/1454 1364/1364/1364 1362/1362/1362
f 1364/1364/1364 1453/1453/1453 1368/1368/1368
f 1454/1454/1454 1362/1362/1362 1458/1458/1458
f 1455/1455/1455 1454/1454/1454 1458/1458/1458
f 1458/1458/1458 1362/1362/1362 1459/1459/1459
f 1362/1362/1362 1356/1356/1356 1459/1459/1459
f 1460/1460/1460 1455/1455/1455 1458/1458/1458
f 1460/1460/1460 1458/1458/1458 1459/1459/1459
f 1461/1461/1461 1459/1459/1459 1356/1356/1356
f 1460/1460/1460 1462/1462/1462 1455/1455/1455
f 1355/1355/1355 1461/1461/1461 1356/1356/1356
f 1460/1460/1460 1459/1459/1459 1463/1463/1463
f 1461/1461/1461 1463/1463/1463 1459/1459/1459
f 1455/1455/1455 1462/1462/1462 1464/1464/1464
f 1455/1455/1455 1464/1464/1464 1456/1456/1456
f 1465/1465/1465 1462/1462/1462 1460/1460/1460
f 1463/1463/1463 1465/1465/1465 1460/1460/1460
f 1463/1463/1463 1461/1461/1461 1466/1466/1466
f 1467/1467/1467 1463/1463/1463 1466/1466/1466
f 1463/1463/1463 1467/1467/1467 1465/1465/1465
f 1466/1466/1466 1461/1461/1461 1468/1468/1468
f 1355/1355/1355 1468/1468/1468 1461/1461/1461
f 1469/1469/1469 1467/1467/1467 1466/1466/1466
f 1466/1466/1466 1468/1468/1468 1469/1469/1469
f 1469/1469/1469 1470/1470/1470 1467/1467/1467
f 1470/1470/1470 1465/1465/1465 1467/1467/1467
f 1468/1468/1468 1471/1471/1471 1469/1469/1469
f 1470/1470/1470 1469/1469/1469 1472/1472/1472
f 1471/1471/1471 1472/1472/1472 1469/1469/1469
f 1473/1473/1473 1471/1471/1471 1468/1468/1468
f 1473/1473/1473 1468/1468/1468 1355/1355/1355
f 1471/1471/1471 1474/1474/1474 1472/1472/1472
f 1473/1473/1473 1474/1474/1474 1471/1471/1471
f 1470/1470/1470 1472/1472/1472 1475/1475/1475
f 1475/1475/1475 1465/1465/1465 1470/1470/1470
f 1474/1474/1474 1476/1476/1476 1472/1472/1472
f 1476/1476/1476 1475/1475/1475 1472/1472/1472
f 1355/1355/1355 1477/1477/1477 1473/1473/1473
f 1355/1355/1355 1353/1353/1353 1477/1477/1477
f 1473/1473/1473 1478/1478/1478 1474/1474/1474
f 1477/1477/1477 1478/1478/1478 1473/1473/1473
f 1474/1474/1474 1479/1479/1479 1476/1476/1476
f 1478/1478/1478 1479/1479/1479 1474/1474/1474
f 1353/1353/1353 1480/1480/1480 1477/1477/1477
f 1353/1353/1353 1481/1481/1481 1480/1480/1480
f 1482/1482/1482 1477/1477/1477 1480/1480/1480
f 1477/1477/1477 1482/1482/1482 1478/1478/1478
f 1482/1482/1482 1480/1480/1480 1483/1483/1483
f 1481/1481/1481 1484/1484/1484 1480/1480/1480
f 1484/1484/1484 1483/1483/1483 1480/1480/1480
f 1481/1481/1481 1485/1485/1485 1484/1484/1484
f 1484/1484/1484 1486/1486/1486 1483/1483/1483
f 1484/1484/1484 1485/1485/1485 1487/1487/1487
f 1486/1486/1486 1484/1484/1484 1487/1487/1487
f 1482/1482/1482 1488/1488/1488 1478/1478/1478
f 1482/1482/1482 1489/1489/1489 1488/1488/1488
f 1490/1490/1490 1488/1488/1488 1489/1489/1489
f 1491/1491/1491 1478/1478/1478 1488/1488/1488
f 1491/1491/1491 1488/1488/1488 1490/1490/1490
f 1492/1492/1492 1478/1478/1478 1491/1491/1491
f 1493/1493/1493 1491/1491/1491 1490/1490/1490
f 1493/1493/1493 1492/1492/1492 1491/1491/1491
f 1490/1490/1490 1494/1494/1494 1493/1493/1493
f 1494/1494/1494 1495/1495/1495 1493/1493/1493
f 1493/1493/1493 1495/1495/1495 1492/1492/1492
f 1478/1478/1478 1492/1492/1492 1479/1479/1479
f 1479/1479/1479 1492/1492/1492 1496/1496/1496
f 1492/1492/1492 1497/1497/1497 1496/1496/1496
f 1497/1497/1497 1498/1498/1498 1496/1496/1496
f 1499/1499/1499 1496/1496/1496 1498/1498/1498
f 1479/1479/1479 1496/1496/1496 1499/1499/1499
f 1500/1500/1500 1479/1479/1479 1499/1499/1499
f 1476/1476/1476 1479/1479/1479 1500/1500/1500
f 1500/1500/1500 1499/1499/1499 1501/1501/1501
f 1501/1501/1501 1499/1499/1499 1502/1502/1502
f 1502/1502/1502 1503/1503/1503 1501/1501/1501
f 1500/1500/1500 1501/1501/1501 1503/1503/1503
f 1500/1500/1500 1503/1503/1503 1504/1504/1504
f 1504/1504/1504 1503/1503/1503 1505/1505/1505
f 1505/1505/1505 1506/1506/1506 1504/1504/1504
f 1507/1507/1507 1504/1504/1504 1506/1506/1506
f 1500/1500/1500 1504/1504/1504 1508/1508/1508
f 1504/1504/1504 1507/1507/1507 1508/1508/1508
f 1500/1500/1500 1508/1508/1508 1509/1509/1509
f 1508/1508/1508 1507/1507/1507 1509/1509/1509
f 1500/1500/1500 1509/1509/1509 1476/1476/1476
f 1476/1476/1476 1509/1509/1509 1510/1510/1510
f 1476/1476/1476 1510/1510/1510 1475/1475/1475
f 1511/1511/1511 1509/1509/1509 1507/1507/1507
f 1507/1507/1507 1512/1512/1512 1511/1511/1511
f 1513/1513/1513 1511/1511/1511 1512/1512/1512
f 1514/1514/1514 1511/1511/1511 1513/1513/1513
f 1515/1515/1515 1509/1509/1509 1511/1511/1511
f 1511/1511/1511 1514/1514/1514 1515/1515/1515
f 1510/1510/1510 1509/1509/1509 1515/1515/1515
f 1515/1515/1515 1514/1514/1514 1516/1516/1516
f 1514/1514/1514 1517/1517/1517 1516/1516/1516
f 1518/1518/1518 1516/1516/1516 1517/1517/1517
f 1518/1518/1518 1515/1515/1515 1516/1516/1516
f 1518/1518/1518 1519/1519/1519 1515/1515/1515
f 1519/1519/1519 1518/1518/1518 1520/1520/1520
f 1520/1520/1520 1521/1521/1521 1519/1519/1519
f 1519/1519/1519 1522/1522/1522 1515/1515/1515
f 1519/1519/1519 1521/1521/1521 1522/1522/1522
f 1510/1510/1510 1515/1515/1515 1523/1523/1523
f 1524/1524/1524 1515/1515/1515 1522/1522/1522
f 1523/1523/1523 1515/1515/1515 1524/1524/1524
f 1510/1510/1510 1523/1523/1523 1525/1525/1525
f 1510/1510/1510 1525/1525/1525 1526/1526/1526
f 1510/1510/1510 1526/1526/1526 1475/1475/1475
f 1475/1475/1475 1526/1526/1526 1465/1465/1465
f 1526/1526/1526 1525/1525/1525 1527/1527/1527
f 1526/1526/1526 1528/1528/1528 1465/1465/1465
f 1526/1526/1526 1527/1527/1527 1528/1528/1528
f 1465/1465/1465 1528/1528/1528 1462/1462/1462
f 1464/1464/1464 1462/1462/1462 1528/1528/1528
f 1529/1529/1529 1525/1525/1525 1523/1523/1523
f 1527/1527/1527 1525/1525/1525 1529/1529/1529
f 1464/1464/1464 1528/1528/1528 1530/1530/1530
f 1527/1527/1527 1530/1530/1530 1528/1528/1528
f 1529/1529/1529 1523/1523/1523 1531/1531/1531
f 1524/1524/1524 1531/1531/1531 1523/1523/1523
f 1527/1527/1527 1529/1529/1529 1532/1532/1532
f 1527/1527/1527 1533/1533/1533 1530/1530/1530
f 1532/1532/1532 1533/1533/1533 1527/1527/1527
f 1530/1530/1530 1534/1534/1534 1464/1464/1464
f 1533/1533/1533 1535/1535/1535 1530/1530/1530
f 1530/1530/1530 1535/1535/1535 1534/1534/1534
f 1536/1536/1536 1464/1464/1464 1534/1534/1534
f 1536/1536/1536 1456/1456/1456 1464/1464/1464
f 1456/1456/1456 1536/1536/1536 1457/1457/1457
f 1535/1535/1535 1537/1537/1537 1534/1534/1534
f 1538/1538/1538 1536/1536/1536 1534/1534/1534
f 1538/1538/1538 1534/1534/1534 1537/1537/1537
f 1536/1536/1536 1539/1539/1539 1457/1457/1457
f 1536/1536/1536 1538/1538/1538 1539/1539/1539
f 1539/1539/1539 1538/1538/1538 1540/1540/1540
f 1541/1541/1541 1540/1540/1540 1538/1538/1538
f 1537/1537/1537 1541/1541/1541 1538/1538/1538
f 1540/1540/1540 1542/1542/1542 1539/1539/1539
f 1541/1541/1541 1542/1542/1542 1540/1540/1540
f 1543/1543/1543 1457/1457/1457 1539/1539/1539
f 1543/1543/1543 1539/1539/1539 1542/1542/1542
f 1457/1457/1457 1543/1543/1543 1544/1544/1544
f 1457/1457/1457 1544/1544/1544 1449/1449/1449
f 1450/1450/1450 1449/1449/1449 1544/1544/1544
f 1543/1543/1543 1545/1545/1545 1544/1544/1544
f 1450/1450/1450 1544/1544/1544 1545/1545/1545
f 1546/1546/1546 1543/1543/1543 1542/1542/1542
f 1541/1541/1541 1546/1546/1546 1542/1542/1542
f 1543/1543/1543 1546/1546/1546 1545/1545/1545
f 1450/1450/1450 1545/1545/1545 1547/1547/1547
f 1548/1548/1548 1545/1545/1545 1546/1546/1546
f 1548/1548/1548 1547/1547/1547 1545/1545/1545
f 1541/1541/1541 1549/1549/1549 1546/1546/1546
f 1549/1549/1549 1548/1548/1548 1546/1546/1546
f 1550/1550/1550 1549/1549/1549 1541/1541/1541
f 1537/1537/1537 1550/1550/1550 1541/1541/1541
f 1549/1549/1549 1551/1551/1551 1548/1548/1548
f 1550/1550/1550 1552/1552/1552 1549/1549/1549
f 1552/1552/1552 1551/1551/1551 1549/1549/1549
f 1553/1553/1553 1552/1552/1552 1550/1550/1550
f 1554/1554/1554 1548/1548/1548 1551/1551/1551
f 1547/1547/1547 1548/1548/1548 1554/1554/1554
f 1552/1552/1552 1555/1555/1555 1551/1551/1551
f 1553/1553/1553 1555/1555/1555 1552/1552/1552
f 1554/1554/1554 1551/1551/1551 1556/1556/1556
f 1556/1556/1556 1551/1551/1551 1555/1555/1555
f 1547/1547/1547 1554/1554/1554 1557/1557/1557
f 1556/1556/1556 1558/1558/1558 1554/1554/1554
f 1557/1557/1557 1554/1554/1554 1558/1558/1558
f 1556/1556/1556 1559/1559/1559 1558/1558/1558
f 1556/1556/1556 1555/1555/1555 1560/1560/1560
f 1560/1560/1560 1559/1559/1559 1556/1556/1556
f 1561/1561/1561 1560/1560/1560 1555/1555/1555
f 1553/1553/1553 1561/1561/1561 1555/1555/1555
f 1553/1553/1553 1550/1550/1550 1562/1562/1562
f 1550/1550/1550 1563/1563/1563 1562/1562/1562
f 1563/1563/1563 1550/1550/1550 1537/1537/1537
f 1553/1553/1553 1562/1562/1562 1564/1564/1564
f 1563/1563/1563 1564/1564/1564 1562/1562/1562
f 1565/1565/1565 1563/1563/1563 1537/1537/1537
f 1564/1564/1564 1563/1563/1563 1565/1565/1565
f 1535/1535/1535 1565/1565/1565 1537/1537/1537
f 1566/1566/1566 1565/1565/1565 1535/1535/1535
f 1566/1566/1566 1564/1564/1564 1565/1565/1565
f 1533/1533/1533 1566/1566/1566 1535/1535/1535
f 1553/1553/1553 1564/1564/1564 1567/1567/1567
f 1567/1567/1567 1564/1564/1564 1566/1566/1566
f 1567/1567/1567 1566/1566/1566 1533/1533/1533
f 1561/1561/1561 1553/1553/1553 1567/1567/1567
f 1532/1532/1532 1567/1567/1567 1533/1533/1533
f 1561/1561/1561 1567/1567/1567 1532/1532/1532
f 1561/1561/1561 1532/1532/1532 1568/1568/1568
f 1529/1529/1529 1568/1568/1568 1532/1532/1532
f 1561/1561/1561 1568/1568/1568 1569/1569/1569
f 1561/1561/1561 1569/1569/1569 1560/1560/1560
f 1529/1529/1529 1570/1570/1570 1568/1568/1568
f 1531/1531/1531 1570/1570/1570 1529/1529/1529
f 1571/1571/1571 1569/1569/1569 1568/1568/1568
f 1571/1571/1571 1568/1568/1568 1570/1570/1570
f 1569/1569/1569 1572/1572/1572 1560/1560/1560
f 1569/1569/1569 1571/1571/1571 1572/1572/1572
f 1560/1560/1560 1572/1572/1572 1559/1559/1559
f 1531/1531/1531 1573/1573/1573 1570/1570/1570
f 1573/1573/1573 1571/1571/1571 1570/1570/1570
f 1574/1574/1574 1573/1573/1573 1531/1531/1531
f 1575/1575/1575 1572/1572/1572 1571/1571/1571
f 1573/1573/1573 1576/1576/1576 1571/1571/1571
f 1575/1575/1575 1571/1571/1571 1576/1576/1576
f 1573/1573/1573 1577/1577/1577 1576/1576/1576
f 1573/1573/1573 1574/1574/1574 1577/1577/1577
f 1576/1576/1576 1578/1578/1578 1575/1575/1575
f 1572/1572/1572 1575/1575/1575 1579/1579/1579
f 1572/1572/1572 1579/1579/1579 1559/1559/1559
f 1575/1575/1575 1580/1580/1580 1579/1579/1579
f 1559/1559/1559 1579/1579/1579 1581/1581/1581
f 1559/1559/1559 1581/1581/1581 1582/1582/1582
f 1559/1559/1559 1582/1582/1582 1558/1558/1558
f 1583/1583/1583 1581/1581/1581 1579/1579/1579
f 1583/1583/1583 1579/1579/1579 1580/1580/1580
f 1584/1584/1584 1581/1581/1581 1583/1583/1583
f 1584/1584/1584 1582/1582/1582 1581/1581/1581
f 946/946/946 1558/1558/1558 1582/1582/1582
f 1557/1557/1557 1558/1558/1558 946/946/946
f 948/948/948 1557/1557/1557 946/946/946
f 946/946/946 1582/1582/1582 1585/1585/1585
f 1585/1585/1585 947/947/947 946/946/946
f 1586/1586/1586 1557/1557/1557 948/948/948
f 1586/1586/1586 1547/1547/1547 1557/1557/1557
f 948/948/948 950/950/950 1586/1586/1586
f 1547/1547/1547 1586/1586/1586 1587/1587/1587
f 1547/1547/1547 1587/1587/1587 1450/1450/1450
f 1440/1440/1440 1450/1450/1450 1587/1587/1587
f 1586/1586/1586 950/950/950 1588/1588/1588
f 1586/1586/1586 1588/1588/1588 1587/1587/1587
f 952/952/952 1588/1588/1588 950/950/950
f 1589/1589/1589 1440/1440/1440 1587/1587/1587
f 1589/1589/1589 1587/1587/1587 1588/1588/1588
f 1440/1440/1440 1589/1589/1589 1433/1433/1433
f 1433/1433/1433 1589/1589/1589 1428/1428/1428
f 1590/1590/1590 1589/1589/1589 1588/1588/1588
f 952/952/952 1590/1590/1590 1588/1588/1588
f 1590/1590/1590 1428/1428/1428 1589/1589/1589
f 956/956/956 1590/1590/1590 952/952/952
f 1428/1428/1428 1590/1590/1590 1591/1591/1591
f 956/956/956 1591/1591/1591 1590/1590/1590
f 1428/1428/1428 1591/1591/1591 1592/1592/1592
f 1428/1428/1428 1592/1592/1592 1418/1418/1418
f 1592/1592/1592 1412/1412/1412 1418/1418/1418
f 1592/1592/1592 1414/1414/1414 1412/1412/1412
f 1591/1591/1591 1414/1414/1414 1592/1592/1592
f 1591/1591/1591 1593/1593/1593 1414/1414/1414
f 1594/1594/1594 1591/1591/1591 956/956/956
f 1594/1594/1594 1593/1593/1593 1591/1591/1591
f 1595/1595/1595 1594/1594/1594 956/956/956
f 957/957/957 1595/1595/1595 956/956/956
f 1596/1596/1596 1593/1593/1593 1594/1594/1594
f 1597/1597/1597 1414/1414/1414 1593/1593/1593
f 1597/1597/1597 1593/1593/1593 1596/1596/1596
f 1597/1597/1597 1413/1413/1413 1414/1414/1414
f 1598/1598/1598 1595/1595/1595 957/957/957
f 1598/1598/1598 957/957/957 958/958/958
f 1057/1057/1057 1598/1598/1598 958/958/958
f 1599/1599/1599 1598/1598/1598 1057/1057/1057
f 1057/1057/1057 1060/1060/1060 1599/1599/1599
f 1600/1600/1600 1595/1595/1595 1598/1598/1598
f 1599/1599/1599 1600/1600/1600 1598/1598/1598
f 1595/1595/1595 1601/1601/1601 1594/1594/1594
f 1600/1600/1600 1601/1601/1601 1595/1595/1595
f 1596/1596/1596 1594/1594/1594 1601/1601/1601
f 1600/1600/1600 1599/1599/1599 1602/1602/1602
f 1602/1602/1602 1599/1599/1599 1060/1060/1060
f 1601/1601/1601 1600/1600/1600 1603/1603/1603
f 1600/1600/1600 1602/1602/1602 1603/1603/1603
f 1604/1604/1604 1596/1596/1596 1601/1601/1601
f 1601/1601/1601 1603/1603/1603 1604/1604/1604
f 1605/1605/1605 1596/1596/1596 1604/1604/1604
f 1605/1605/1605 1597/1597/1597 1596/1596/1596
f 1604/1604/1604 1603/1603/1603 1606/1606/1606
f 1604/1604/1604 1606/1606/1606 1605/1605/1605
f 1603/1603/1603 1607/1607/1607 1606/1606/1606
f 1605/1605/1605 1606/1606/1606 1607/1607/1607
f 1603/1603/1603 1602/1602/1602 1608/1608/1608
f 1603/1603/1603 1608/1608/1608 1607/1607/1607
f 1605/1605/1605 1609/1609/1609 1597/1597/1597
f 1605/1605/1605 1607/1607/1607 1609/1609/1609
f 1597/1597/1597 1609/1609/1609 1413/1413/1413
f 1142/1142/1142 1413/1413/1413 1609/1609/1609
f 1610/1610/1610 1609/1609/1609 1607/1607/1607
f 1142/1142/1142 1609/1609/1609 1610/1610/1610
f 1610/1610/1610 1607/1607/1607 1608/1608/1608
f 1141/1141/1141 1142/1142/1142 1610/1610/1610
f 1141/1141/1141 1610/1610/1610 1611/1611/1611
f 1608/1608/1608 1611/1611/1611 1610/1610/1610
f 1611/1611/1611 1065/1065/1065 1141/1141/1141
f 1611/1611/1611 1612/1612/1612 1065/1065/1065
f 1612/1612/1612 1064/1064/1064 1065/1065/1065
f 1608/1608/1608 1613/1613/1613 1611/1611/1611
f 1613/1613/1613 1612/1612/1612 1611/1611/1611
f 1614/1614/1614 1613/1613/1613 1608/1608/1608
f 1602/1602/1602 1614/1614/1614 1608/1608/1608
f 1613/1613/1613 1615/1615/1615 1612/1612/1612
f 1612/1612/1612 1615/1615/1615 1064/1064/1064
f 1613/1613/1613 1614/1614/1614 1615/1615/1615
f 1615/1615/1615 1060/1060/1060 1064/1064/1064
f 1616/1616/1616 1614/1614/1614 1602/1602/1602
f 1616/1616/1616 1615/1615/1615 1614/1614/1614
f 1602/1602/1602 1060/1060/1060 1616/1616/1616
f 1615/1615/1615 1616/1616/1616 1060/1060/1060
f 1617/1617/1617 872/872/872 1618/1618/1618
f 1617/1617/1617 870/870/870 872/872/872
f 1618/1618/1618 872/872/872 898/898/898
f 870/870/870 1617/1617/1617 1619/1619/1619
f 870/870/870 1619/1619/1619 1620/1620/1620
f 1619/1619/1619 1621/1621/1621 1620/1620/1620
f 1619/1619/1619 1622/1622/1622 1621/1621/1621
f 1623/1623/1623 1619/1619/1619 1617/1617/1617
f 1623/1623/1623 1622/1622/1622 1619/1619/1619
f 1617/1617/1617 1618/1618/1618 1623/1623/1623
f 1623/1623/1623 1624/1624/1624 1622/1622/1622
f 1624/1624/1624 1625/1625/1625 1622/1622/1622
f 1624/1624/1624 1626/1626/1626 1625/1625/1625
f 1626/1626/1626 1624/1624/1624 1623/1623/1623
f 1626/1626/1626 1623/1623/1623 1627/1627/1627
f 1626/1626/1626 1627/1627/1627 1628/1628/1628
f 1628/1628/1628 1627/1627/1627 1629/1629/1629
f 1627/1627/1627 1630/1630/1630 1629/1629/1629
f 1627/1627/1627 1623/1623/1623 1630/1630/1630
f 1631/1631/1631 1630/1630/1630 1623/1623/1623
f 1630/1630/1630 1631/1631/1631 1632/1632/1632
f 1630/1630/1630 1632/1632/1632 1633/1633/1633
f 1631/1631/1631 1623/1623/1623 1634/1634/1634
f 1634/1634/1634 1623/1623/1623 1618/1618/1618
f 1635/1635/1635 1633/1633/1633 1632/1632/1632
f 1634/1634/1634 1584/1584/1584 1631/1631/1631
f 1631/1631/1631 1584/1584/1584 1583/1583/1583
f 1634/1634/1634 1636/1636/1636 1584/1584/1584
f 1636/1636/1636 1582/1582/1582 1584/1584/1584
f 1636/1636/1636 1585/1585/1585 1582/1582/1582
f 1637/1637/1637 1636/1636/1636 1634/1634/1634
f 1634/1634/1634 1618/1618/1618 1637/1637/1637
f 1638/1638/1638 1585/1585/1585 1636/1636/1636
f 1637/1637/1637 1638/1638/1638 1636/1636/1636
f 1638/1638/1638 947/947/947 1585/1585/1585
f 947/947/947 1638/1638/1638 899/899/899
f 1639/1639/1639 1638/1638/1638 1637/1637/1637
f 1639/1639/1639 1637/1637/1637 1618/1618/1618
f 1638/1638/1638 1639/1639/1639 899/899/899
f 1618/1618/1618 898/898/898 1639/1639/1639
f 899/899/899 1639/1639/1639 898/898/898
f 1631/1631/1631 1583/1583/1583 1640/1640/1640
f 1640/1640/1640 1583/1583/1583 1580/1580/1580
f 1641/1641/1641 1631/1631/1631 1640/1640/1640
f 1632/1632/1632 1631/1631/1631 1641/1641/1641
f 1640/1640/1640 1580/1580/1580 1642/1642/1642
f 1641/1641/1641 1635/1635/1635 1632/1632/1632
f 1643/1643/1643 1640/1640/1640 1642/1642/1642
f 1643/1643/1643 1641/1641/1641 1640/1640/1640
f 1642/1642/1642 1580/1580/1580 1644/1644/1644
f 1642/1642/1642 1644/1644/1644 1643/1643/1643
f 1575/1575/1575 1644/1644/1644 1580/1580/1580
f 1575/1575/1575 1578/1578/1578 1644/1644/1644
f 1644/1644/1644 1645/1645/1645 1643/1643/1643
f 1644/1644/1644 1578/1578/1578 1645/1645/1645
f 1643/1643/1643 1645/1645/1645 1646/1646/1646
f 1645/1645/1645 1578/1578/1578 1647/1647/1647
f 1647/1647/1647 1646/1646/1646 1645/1645/1645
f 1643/1643/1643 1646/1646/1646 1648/1648/1648
f 1649/1649/1649 1641/1641/1641 1643/1643/1643
f 1649/1649/1649 1643/1643/1643 1648/1648/1648
f 1641/1641/1641 1650/1650/1650 1635/1635/1635
f 1650/1650/1650 1641/1641/1641 1651/1651/1651
f 1650/1650/1650 1652/1652/1652 1635/1635/1635
f 1650/1650/1650 1651/1651/1651 1652/1652/1652
f 1652/1652/1652 1651/1651/1651 1653/1653/1653
f 1654/1654/1654 1652/1652/1652 1653/1653/1653
f 1635/1635/1635 1652/1652/1652 1654/1654/1654
f 1651/1651/1651 1641/1641/1641 1655/1655/1655
f 1641/1641/1641 1649/1649/1649 1655/1655/1655
f 1655/1655/1655 1656/1656/1656 1651/1651/1651
f 1655/1655/1655 1657/1657/1657 1656/1656/1656
f 1655/1655/1655 1649/1649/1649 1657/1657/1657
f 1635/1635/1635 1654/1654/1654 1658/1658/1658
f 1635/1635/1635 1658/1658/1658 1633/1633/1633
f 1654/1654/1654 1659/1659/1659 1658/1658/1658
f 1633/1633/1633 1658/1658/1658 1660/1660/1660
f 1659/1659/1659 1660/1660/1660 1658/1658/1658
f 1657/1657/1657 1649/1649/1649 1661/1661/1661
f 1657/1657/1657 1661/1661/1661 1662/1662/1662
f 1663/1663/1663 1662/1662/1662 1661/1661/1661
f 1649/1649/1649 1663/1663/1663 1661/1661/1661
f 1648/1648/1648 1663/1663/1663 1649/1649/1649
f 1648/1648/1648 1664/1664/1664 1663/1663/1663
f 1663/1663/1663 1664/1664/1664 1665/1665/1665
f 1664/1664/1664 1666/1666/1666 1665/1665/1665
f 1648/1648/1648 1666/1666/1666 1664/1664/1664
f 1648/1648/1648 1667/1667/1667 1666/1666/1666
f 1667/1667/1667 1668/1668/1668 1666/1666/1666
f 1669/1669/1669 1668/1668/1668 1667/1667/1667
f 1648/1648/1648 1646/1646/1646 1667/1667/1667
f 1670/1670/1670 1669/1669/1669 1667/1667/1667
f 1670/1670/1670 1667/1667/1667 1646/1646/1646
f 1647/1647/1647 1670/1670/1670 1646/1646/1646
f 1670/1670/1670 1647/1647/1647 1671/1671/1671
f 1672/1672/1672 1671/1671/1671 1647/1647/1647
f 1673/1673/1673 1671/1671/1671 1672/1672/1672
f 1673/1673/1673 1674/1674/1674 1671/1671/1671
f 1673/1673/1673 1675/1675/1675 1674/1674/1674
f 1673/1673/1673 1676/1676/1676 1675/1675/1675
f 1677/1677/1677 1675/1675/1675 1676/1676/1676
f 1677/1677/1677 1678/1678/1678 1675/1675/1675
f 1679/1679/1679 1676/1676/1676 1673/1673/1673
f 1679/1679/1679 1677/1677/1677 1676/1676/1676
f 1680/1680/1680 1673/1673/1673 1672/1672/1672
f 1679/1679/1679 1673/1673/1673 1680/1680/1680
f 1681/1681/1681 1678/1678/1678 1677/1677/1677
f 1681/1681/1681 1682/1682/1682 1678/1678/1678
f 1679/1679/1679 1683/1683/1683 1677/1677/1677
f 1681/1681/1681 1677/1677/1677 1683/1683/1683
f 1682/1682/1682 1681/1681/1681 1684/1684/1684
f 1682/1682/1682 1684/1684/1684 1685/1685/1685
f 1681/1681/1681 1683/1683/1683 1686/1686/1686
f 1684/1684/1684 1681/1681/1681 1686/1686/1686
f 1679/1679/1679 1687/1687/1687 1683/1683/1683
f 1686/1686/1686 1683/1683/1683 1687/1687/1687
f 1679/1679/1679 1688/1688/1688 1687/1687/1687
f 1688/1688/1688 1679/1679/1679 1680/1680/1680
f 1686/1686/1686 1687/1687/1687 1689/1689/1689
f 1688/1688/1688 1690/1690/1690 1687/1687/1687
f 1689/1689/1689 1687/1687/1687 1690/1690/1690
f 1688/1688/1688 1680/1680/1680 1691/1691/1691
f 1691/1691/1691 1680/1680/1680 1692/1692/1692
f 1691/1691/1691 1693/1693/1693 1688/1688/1688
f 1688/1688/1688 1693/1693/1693 1690/1690/1690
f 1680/1680/1680 1672/1672/1672 1692/1692/1692
f 1691/1691/1691 1694/1694/1694 1693/1693/1693
f 1691/1691/1691 1692/1692/1692 1694/1694/1694
f 1695/1695/1695 1690/1690/1690 1693/1693/1693
f 1694/1694/1694 1695/1695/1695 1693/1693/1693
f 1692/1692/1692 1696/1696/1696 1694/1694/1694
f 1694/1694/1694 1696/1696/1696 1695/1695/1695
f 1697/1697/1697 1692/1692/1692 1672/1672/1672
f 1672/1672/1672 1647/1647/1647 1697/1697/1697
f 1692/1692/1692 1698/1698/1698 1696/1696/1696
f 1697/1697/1697 1698/1698/1698 1692/1692/1692
f 1699/1699/1699 1697/1697/1697 1647/1647/1647
f 1698/1698/1698 1697/1697/1697 1699/1699/1699
f 1699/1699/1699 1647/1647/1647 1578/1578/1578
f 1700/1700/1700 1699/1699/1699 1578/1578/1578
f 1700/1700/1700 1698/1698/1698 1699/1699/1699
f 1576/1576/1576 1700/1700/1700 1578/1578/1578
f 1577/1577/1577 1700/1700/1700 1576/1576/1576
f 1700/1700/1700 1701/1701/1701 1698/1698/1698
f 1577/1577/1577 1701/1701/1701 1700/1700/1700
f 1698/1698/1698 1701/1701/1701 1702/1702/1702
f 1577/1577/1577 1702/1702/1702 1701/1701/1701
f 1698/1698/1698 1702/1702/1702 1696/1696/1696
f 1695/1695/1695 1696/1696/1696 1702/1702/1702
f 1577/1577/1577 1703/1703/1703 1702/1702/1702
f 1695/1695/1695 1702/1702/1702 1703/1703/1703
f 1574/1574/1574 1703/1703/1703 1577/1577/1577
f 1704/1704/1704 1695/1695/1695 1703/1703/1703
f 1695/1695/1695 1704/1704/1704 1690/1690/1690
f 1574/1574/1574 1705/1705/1705 1703/1703/1703
f 1704/1704/1704 1703/1703/1703 1705/1705/1705
f 1689/1689/1689 1690/1690/1690 1704/1704/1704
f 1706/1706/1706 1704/1704/1704 1705/1705/1705
f 1706/1706/1706 1689/1689/1689 1704/1704/1704
f 1707/1707/1707 1705/1705/1705 1574/1574/1574
f 1706/1706/1706 1705/1705/1705 1707/1707/1707
f 1707/1707/1707 1574/1574/1574 1708/1708/1708
f 1574/1574/1574 1531/1531/1531 1708/1708/1708
f 1524/1524/1524 1708/1708/1708 1531/1531/1531
f 1707/1707/1707 1709/1709/1709 1706/1706/1706
f 1706/1706/1706 1709/1709/1709 1689/1689/1689
f 1708/1708/1708 1710/1710/1710 1707/1707/1707
f 1707/1707/1707 1710/1710/1710 1709/1709/1709
f 1524/1524/1524 1711/1711/1711 1708/1708/1708
f 1708/1708/1708 1711/1711/1711 1710/1710/1710
f 1524/1524/1524 1712/1712/1712 1711/1711/1711
f 1712/1712/1712 1524/1524/1524 1522/1522/1522
f 1710/1710/1710 1711/1711/1711 1713/1713/1713
f 1712/1712/1712 1713/1713/1713 1711/1711/1711
f 1710/1710/1710 1713/1713/1713 1714/1714/1714
f 1714/1714/1714 1709/1709/1709 1710/1710/1710
f 1712/1712/1712 1715/1715/1715 1713/1713/1713
f 1715/1715/1715 1714/1714/1714 1713/1713/1713
f 1712/1712/1712 1522/1522/1522 1715/1715/1715
f 1714/1714/1714 1716/1716/1716 1709/1709/1709
f 1716/1716/1716 1689/1689/1689 1709/1709/1709
f 1716/1716/1716 1686/1686/1686 1689/1689/1689
f 1684/1684/1684 1686/1686/1686 1716/1716/1716
f 1715/1715/1715 1717/1717/1717 1714/1714/1714
f 1716/1716/1716 1714/1714/1714 1717/1717/1717
f 1716/1716/1716 1717/1717/1717 1684/1684/1684
f 1522/1522/1522 1717/1717/1717 1715/1715/1715
f 1684/1684/1684 1717/1717/1717 1718/1718/1718
f 1522/1522/1522 1718/1718/1718 1717/1717/1717
f 1684/1684/1684 1718/1718/1718 1685/1685/1685
f 1718/1718/1718 1719/1719/1719 1685/1685/1685
f 1720/1720/1720 1718/1718/1718 1522/1522/1522
f 1720/1720/1720 1719/1719/1719 1718/1718/1718
f 1522/1522/1522 1521/1521/1521 1720/1720/1720
f 1719/1719/1719 1720/1720/1720 1721/1721/1721
f 1721/1721/1721 1720/1720/1720 1521/1521/1521
f 1722/1722/1722 1723/1723/1723 1724/1724/1724
f 1377/1377/1377 1368/1368/1368 1725/1725/1725
f 1453/1453/1453 1725/1725/1725 1368/1368/1368
f 1384/1384/1384 1377/1377/1377 1725/1725/1725
f 1453/1453/1453 1726/1726/1726 1725/1725/1725
f 1453/1453/1453 1445/1445/1445 1726/1726/1726
f 1384/1384/1384 1725/1725/1725 1727/1727/1727
f 1726/1726/1726 1727/1727/1727 1725/1725/1725
f 1384/1384/1384 1727/1727/1727 1728/1728/1728
f 1384/1384/1384 1728/1728/1728 1399/1399/1399
f 1728/1728/1728 1401/1401/1401 1399/1399/1399
f 1729/1729/1729 1728/1728/1728 1727/1727/1727
f 1726/1726/1726 1729/1729/1729 1727/1727/1727
f 1728/1728/1728 1730/1730/1730 1401/1401/1401
f 1729/1729/1729 1730/1730/1730 1728/1728/1728
f 1429/1429/1429 1401/1401/1401 1730/1730/1730
f 1731/1731/1731 1730/1730/1730 1729/1729/1729
f 1429/1429/1429 1730/1730/1730 1731/1731/1731
f 1726/1726/1726 1732/1732/1732 1729/1729/1729
f 1731/1731/1731 1729/1729/1729 1732/1732/1732
f 1732/1732/1732 1429/1429/1429 1731/1731/1731
f 1726/1726/1726 1445/1445/1445 1732/1732/1732
f 1732/1732/1732 1435/1435/1435 1429/1429/1429
f 1445/1445/1445 1435/1435/1435 1732/1732/1732
